date,open,high,low,close,volume,cpr_pp,cpr_bc,cpr_tc,cpr_width,supertrend,supertrend_dir,bb_middle,bb_upper,bb_lower
2003-01-27 00:00:00+05:30,22.0,22.0,22.0,22.0,2022,,,,,,1,,,
2003-01-28 00:00:00+05:30,22.0,22.0,21.0,22.0,4587,22.0,22.0,22.0,0.0,,1,,,
2003-01-29 00:00:00+05:30,21.0,22.0,21.0,22.0,5682,21.666666666666668,21.5,21.833333333333336,0.015384615384615493,,1,,,
2003-01-30 00:00:00+05:30,21.0,22.0,21.0,22.0,0,21.666666666666668,21.5,21.833333333333336,0.015384615384615493,,1,,,
2003-01-31 00:00:00+05:30,22.0,22.0,22.0,22.0,222,21.666666666666668,21.5,21.833333333333336,0.015384615384615493,,1,,,
2003-02-03 00:00:00+05:30,22.0,22.0,22.0,22.0,2352,22.0,22.0,22.0,0.0,,1,,,
2003-02-04 00:00:00+05:30,22.0,22.0,22.0,22.0,1242,22.0,22.0,22.0,0.0,,1,,,
2003-02-05 00:00:00+05:30,22.0,22.0,22.0,22.0,24597,22.0,22.0,22.0,0.0,,1,,,
2003-02-06 00:00:00+05:30,22.0,22.0,22.0,22.0,0,22.0,22.0,22.0,0.0,,1,,,
2003-02-07 00:00:00+05:30,22.0,22.0,22.0,22.0,6297,22.0,22.0,22.0,0.0,,1,,,
2003-02-10 00:00:00+05:30,22.0,22.0,22.0,22.0,3297,22.0,22.0,22.0,0.0,,1,,,
2003-02-11 00:00:00+05:30,21.0,21.0,21.0,21.0,297,22.0,22.0,22.0,0.0,,1,,,
2003-02-12 00:00:00+05:30,23.0,23.0,20.0,21.0,6672,21.0,21.0,21.0,0.0,,1,,,
2003-02-14 00:00:00+05:30,21.0,22.0,21.0,21.0,4677,21.333333333333332,21.5,21.166666666666664,0.01562500000000011,,1,,,
2003-02-17 00:00:00+05:30,21.0,21.0,21.0,21.0,3747,21.333333333333332,21.5,21.166666666666664,0.01562500000000011,,1,,,
2003-02-18 00:00:00+05:30,21.0,22.0,21.0,21.0,4002,21.0,21.0,21.0,0.0,,1,,,
2003-02-19 00:00:00+05:30,21.0,21.0,21.0,21.0,747,21.333333333333332,21.5,21.166666666666664,0.01562500000000011,,1,,,
2003-02-20 00:00:00+05:30,21.0,21.0,21.0,21.0,5652,21.0,21.0,21.0,0.0,,1,,,
2003-02-21 00:00:00+05:30,21.0,21.0,21.0,21.0,1497,21.0,21.0,21.0,0.0,,1,,,
2003-02-24 00:00:00+05:30,21.0,21.0,21.0,21.0,3987,21.0,21.0,21.0,0.0,,1,,,
2003-02-25 00:00:00+05:30,21.0,21.0,21.0,21.0,4032,21.0,21.0,21.0,0.0,,1,,,
2003-02-26 00:00:00+05:30,21.0,21.0,21.0,21.0,3597,21.0,21.0,21.0,0.0,,1,,,
2003-02-27 00:00:00+05:30,21.0,21.0,21.0,21.0,7737,21.0,21.0,21.0,0.0,,1,,,
2003-02-28 00:00:00+05:30,21.0,22.0,21.0,22.0,14397,21.0,21.0,21.0,0.0,,1,,,
2003-03-03 00:00:00+05:30,22.0,22.0,22.0,22.0,9147,21.666666666666668,21.5,21.833333333333336,0.015384615384615493,,1,21.52,22.519199679743743,20.520800320256257
2003-03-04 00:00:00+05:30,22.0,22.0,21.0,21.0,1722,22.0,22.0,22.0,0.0,19.2,1,21.48,22.479199679743743,20.480800320256257
2003-03-05 00:00:00+05:30,21.0,21.0,21.0,21.0,22212,21.333333333333332,21.5,21.166666666666664,0.01562500000000011,19.2,1,21.44,22.43277389167927,20.447226108320734
2003-03-06 00:00:00+05:30,21.0,22.0,21.0,21.0,2997,21.0,21.0,21.0,0.0,19.2,1,21.4,22.37979589711327,20.42020410288673
2003-03-07 00:00:00+05:30,21.0,21.0,21.0,21.0,2157,21.333333333333332,21.5,21.166666666666664,0.01562500000000011,19.2,1,21.36,22.319999999999997,20.400000000000002
2003-03-10 00:00:00+05:30,21.0,21.0,21.0,21.0,1347,21.0,21.0,21.0,0.0,19.2,1,21.32,22.252952303175245,20.387047696824755
2003-03-11 00:00:00+05:30,20.0,21.0,20.0,21.0,1797,21.0,21.0,21.0,0.0,19.2,1,21.28,22.177997772825744,20.382002227174258
2003-03-12 00:00:00+05:30,21.0,21.0,21.0,21.0,297,20.666666666666668,20.5,20.833333333333336,0.01612903225806463,19.2,1,21.24,22.0941662601625,20.385833739837498
2003-03-13 00:00:00+05:30,21.0,21.0,21.0,21.0,432,21.0,21.0,21.0,0.0,19.2,1,21.2,21.999999999999996,20.400000000000002
2003-03-17 00:00:00+05:30,20.0,21.0,20.0,20.0,4197,21.0,21.0,21.0,0.0,19.2,1,21.12,21.98162636914152,20.258373630858483
2003-03-19 00:00:00+05:30,20.0,21.0,20.0,20.0,0,20.333333333333332,20.5,20.166666666666664,0.01639344262295094,19.2,1,21.04,21.9308422980528,20.1491577019472
2003-03-20 00:00:00+05:30,20.0,21.0,20.0,21.0,807,20.333333333333332,20.5,20.166666666666664,0.01639344262295094,19.2,1,21.0,21.799999999999994,20.200000000000006
2003-03-21 00:00:00+05:30,21.0,21.0,21.0,21.0,1197,20.666666666666668,20.5,20.833333333333336,0.01612903225806463,19.2,1,21.0,21.799999999999994,20.200000000000006
2003-03-24 00:00:00+05:30,21.0,21.0,20.0,21.0,302127,21.0,21.0,21.0,0.0,19.2,1,21.0,21.799999999999994,20.200000000000006
2003-03-25 00:00:00+05:30,21.0,21.0,20.0,20.0,882,20.666666666666668,20.5,20.833333333333336,0.01612903225806463,19.2,1,20.96,21.8508422980528,20.0691577019472
2003-03-26 00:00:00+05:30,20.0,21.0,20.0,20.0,6252,20.333333333333332,20.5,20.166666666666664,0.01639344262295094,19.2,1,20.92,21.886643677887562,19.95335632211244
2003-03-27 00:00:00+05:30,20.0,21.0,20.0,20.0,4512,20.333333333333332,20.5,20.166666666666664,0.01639344262295094,19.2,1,20.88,21.910727898138006,19.84927210186199
2003-03-28 00:00:00+05:30,21.0,21.0,21.0,21.0,177,20.333333333333332,20.5,20.166666666666664,0.01639344262295094,19.2,1,20.88,21.910727898138006,19.84927210186199
2003-03-31 00:00:00+05:30,20.0,20.0,19.0,19.0,14352,21.0,21.0,21.0,0.0,23.713115930551687,-1,20.8,22.06491106406735,19.535088935932652
2003-04-01 00:00:00+05:30,19.0,19.0,19.0,19.0,207,19.333333333333332,19.5,19.166666666666664,0.017241379310344952,23.04459129332962,-1,20.72,22.164437606821423,19.275562393178575
2003-04-02 00:00:00+05:30,20.0,20.0,20.0,20.0,2172,19.0,19.0,19.0,0.0,23.04459129332962,-1,20.68,22.146424222385868,19.213575777614132
2003-04-03 00:00:00+05:30,20.0,20.0,20.0,20.0,13902,20.0,20.0,20.0,0.0,23.04459129332962,-1,20.64,22.123778959279313,19.156221040720688
2003-04-04 00:00:00+05:30,20.0,20.0,20.0,20.0,0,20.0,20.0,20.0,0.0,23.04459129332962,-1,20.6,22.09666295470958,19.103337045290424
2003-04-07 00:00:00+05:30,20.0,21.0,20.0,21.0,7572,20.0,20.0,20.0,0.0,23.04459129332962,-1,20.6,22.09666295470958,19.103337045290424
2003-04-08 00:00:00+05:30,21.0,21.0,20.0,21.0,1452,20.666666666666668,20.5,20.833333333333336,0.01612903225806463,23.04459129332962,-1,20.56,21.954847661933016,19.16515233806698
2003-04-09 00:00:00+05:30,20.0,20.0,19.0,19.0,4497,20.666666666666668,20.5,20.833333333333336,0.01612903225806463,23.04459129332962,-1,20.44,21.834847661933022,19.04515233806698
2003-04-10 00:00:00+05:30,20.0,20.0,19.0,20.0,1767,19.333333333333332,19.5,19.166666666666664,0.017241379310344952,23.04459129332962,-1,20.4,21.785640646055107,19.01435935394489
2003-04-11 00:00:00+05:30,20.0,20.0,19.0,20.0,0,19.666666666666668,19.5,19.833333333333336,0.016949152542373,23.04459129332962,-1,20.36,21.73171425595859,18.98828574404141
2003-04-15 00:00:00+05:30,20.0,20.0,20.0,20.0,747,19.666666666666668,19.5,19.833333333333336,0.016949152542373,23.04459129332962,-1,20.32,21.67292276202303,18.96707723797697
2003-04-16 00:00:00+05:30,20.0,20.0,20.0,20.0,447,20.0,20.0,20.0,0.0,23.04459129332962,-1,20.28,21.609059818066907,18.950940181933095
2003-04-17 00:00:00+05:30,20.0,21.0,20.0,21.0,116997,20.0,20.0,20.0,0.0,23.04459129332962,-1,20.28,21.609059818066907,18.950940181933095
2003-04-21 00:00:00+05:30,20.0,20.0,20.0,20.0,87,20.666666666666668,20.5,20.833333333333336,0.01612903225806463,23.04459129332962,-1,20.24,21.539846144741766,18.94015385525823
2003-04-22 00:00:00+05:30,20.0,20.0,20.0,20.0,4107,20.0,20.0,20.0,0.0,23.04459129332962,-1,20.2,21.464911064067365,18.935088935932633
2003-04-23 00:00:00+05:30,20.0,20.0,20.0,20.0,2742,20.0,20.0,20.0,0.0,23.04459129332962,-1,20.16,21.383764683262285,18.936235316737715
2003-04-24 00:00:00+05:30,20.0,20.0,20.0,20.0,747,20.0,20.0,20.0,0.0,23.04459129332962,-1,20.16,21.383764683262285,18.936235316737715
2003-04-25 00:00:00+05:30,20.0,20.0,20.0,20.0,156672,20.0,20.0,20.0,0.0,23.04459129332962,-1,20.16,21.383764683262285,18.936235316737715
2003-04-28 00:00:00+05:30,20.0,20.0,20.0,20.0,54327,20.0,20.0,20.0,0.0,23.04459129332962,-1,20.12,21.295755076535947,18.944244923464055
2003-04-29 00:00:00+05:30,20.0,20.0,20.0,20.0,747,20.0,20.0,20.0,0.0,23.04459129332962,-1,20.08,21.20000000000002,18.959999999999976
2003-04-30 00:00:00+05:30,20.0,20.0,20.0,20.0,79632,20.0,20.0,20.0,0.0,23.04459129332962,-1,20.04,21.095272476661858,18.98472752333814
2003-05-02 00:00:00+05:30,20.0,21.0,20.0,20.0,220527,20.0,20.0,20.0,0.0,23.04459129332962,-1,20.04,21.095272476661858,18.98472752333814
2003-05-05 00:00:00+05:30,21.0,21.0,20.0,21.0,7047,20.333333333333332,20.5,20.166666666666664,0.01639344262295094,23.04459129332962,-1,20.08,21.20000000000002,18.959999999999976
2003-05-06 00:00:00+05:30,21.0,21.0,20.0,20.0,83247,20.666666666666668,20.5,20.833333333333336,0.01612903225806463,23.04459129332962,-1,20.08,21.20000000000002,18.959999999999976
2003-05-07 00:00:00+05:30,20.0,21.0,20.0,20.0,16932,20.333333333333332,20.5,20.166666666666664,0.01639344262295094,23.04459129332962,-1,20.04,21.095272476661858,18.98472752333814
2003-05-08 00:00:00+05:30,20.0,20.0,20.0,20.0,75147,20.333333333333332,20.5,20.166666666666664,0.01639344262295094,23.04459129332962,-1,20.08,21.04664367788759,19.113356322112406
2003-05-09 00:00:00+05:30,20.0,21.0,20.0,20.0,4797,20.0,20.0,20.0,0.0,23.04459129332962,-1,20.12,20.98162636914155,19.25837363085845
2003-05-12 00:00:00+05:30,21.0,21.0,20.0,20.0,78627,20.333333333333332,20.5,20.166666666666664,0.01639344262295094,23.04459129332962,-1,20.12,20.98162636914155,19.25837363085845
2003-05-13 00:00:00+05:30,20.0,21.0,20.0,21.0,77727,20.333333333333332,20.5,20.166666666666664,0.01639344262295094,23.04459129332962,-1,20.16,21.08606695222324,19.23393304777676
2003-05-14 00:00:00+05:30,20.0,20.0,20.0,20.0,28767,20.666666666666668,20.5,20.833333333333336,0.01612903225806463,23.04459129332962,-1,20.16,21.08606695222324,19.23393304777676
2003-05-15 00:00:00+05:30,20.0,21.0,20.0,20.0,42237,20.0,20.0,20.0,0.0,23.04459129332962,-1,20.12,20.98162636914155,19.25837363085845
2003-05-16 00:00:00+05:30,20.0,21.0,20.0,21.0,57342,20.333333333333332,20.5,20.166666666666664,0.01639344262295094,23.04459129332962,-1,20.12,20.98162636914155,19.25837363085845
2003-05-19 00:00:00+05:30,21.0,21.0,21.0,21.0,13497,20.666666666666668,20.5,20.833333333333336,0.01612903225806463,23.04459129332962,-1,20.2,21.000000000000025,19.399999999999974
2003-05-20 00:00:00+05:30,21.0,21.0,21.0,21.0,10767,21.0,21.0,21.0,0.0,23.04459129332962,-1,20.24,21.094166260162527,19.38583373983747
2003-05-21 00:00:00+05:30,21.0,22.0,21.0,22.0,54732,21.0,21.0,21.0,0.0,23.04459129332962,-1,20.32,21.411054535758883,19.228945464241118
2003-05-22 00:00:00+05:30,22.0,23.0,22.0,23.0,53382,21.666666666666668,21.5,21.833333333333336,0.015384615384615493,23.04459129332962,-1,20.44,21.94519101777815,18.934808982221853
2003-05-23 00:00:00+05:30,23.0,23.0,22.0,22.0,6927,22.666666666666668,22.5,22.833333333333336,0.01470588235294128,23.04459129332962,-1,20.52,22.131955334368794,18.908044665631206
2003-05-26 00:00:00+05:30,23.0,23.0,22.0,22.0,20772,22.333333333333332,22.5,22.166666666666664,0.014925373134328465,23.04459129332962,-1,20.56,22.264582060213,18.855417939786996
2003-05-27 00:00:00+05:30,22.0,22.0,22.0,22.0,14757,22.333333333333332,22.5,22.166666666666664,0.014925373134328465,23.04459129332962,-1,20.64,22.41808886167143,18.861911138328573
2003-05-28 00:00:00+05:30,22.0,22.0,21.0,22.0,8622,22.0,22.0,22.0,0.0,23.04459129332962,-1,20.72,22.55477519058875,18.88522480941125
2003-05-29 00:00:00+05:30,22.0,22.0,21.0,22.0,5472,21.666666666666668,21.5,21.833333333333336,0.015384615384615493,23.04459129332962,-1,20.8,22.676166303929367,18.923833696070634
2003-05-30 00:00:00+05:30,21.0,21.0,21.0,21.0,147,21.666666666666668,21.5,21.833333333333336,0.015384615384615493,23.04459129332962,-1,20.84,22.68867520132661,18.99132479867339
2003-06-02 00:00:00+05:30,21.0,22.0,21.0,22.0,16347,21.0,21.0,21.0,0.0,23.04459129332962,-1,20.92,22.78933143128766,19.050668568712343
2003-06-03 00:00:00+05:30,21.0,22.0,21.0,21.0,8892,21.666666666666668,21.5,21.833333333333336,0.015384615384615493,23.04459129332962,-1,20.96,22.791283702761525,19.128716297238476
2003-06-04 00:00:00+05:30,22.0,22.0,21.0,21.0,11022,21.333333333333332,21.5,21.166666666666664,0.01562500000000011,23.04459129332962,-1,21.0,22.78885438199982,19.21114561800018
2003-06-05 00:00:00+05:30,21.0,21.0,21.0,21.0,18372,21.333333333333332,21.5,21.166666666666664,0.01562500000000011,23.04459129332962,-1,21.04,22.781723284566166,19.298276715433833
2003-06-06 00:00:00+05:30,21.0,22.0,21.0,22.0,1947,21.0,21.0,21.0,0.0,23.04459129332962,-1,21.12,22.846962651593817,19.393037348406185
2003-06-09 00:00:00+05:30,22.0,24.0,21.0,23.0,20562,21.666666666666668,21.5,21.833333333333336,0.015384615384615493,23.04459129332962,-1,21.2,23.076166303929355,19.323833696070643
2003-06-10 00:00:00+05:30,23.0,23.0,23.0,23.0,7227,22.666666666666668,22.5,22.833333333333336,0.01470588235294128,23.04459129332962,-1,21.32,23.256594949905615,19.383405050094385
2003-06-11 00:00:00+05:30,23.0,23.0,23.0,23.0,4872,23.0,23.0,23.0,0.0,23.04459129332962,-1,21.44,23.406112916391102,19.4738870836089
2003-06-12 00:00:00+05:30,22.0,22.0,22.0,22.0,8547,23.0,23.0,23.0,0.0,23.04459129332962,-1,21.52,23.40637217960823,19.63362782039177
2003-06-13 00:00:00+05:30,22.0,23.0,22.0,22.0,5772,22.0,22.0,22.0,0.0,23.04459129332962,-1,21.6,23.388854381999806,19.811145618000197
2003-09-12 00:00:00+05:30,27.0,27.0,26.0,26.0,89352,22.333333333333332,22.5,22.166666666666664,0.014925373134328465,20.09849700026874,1,21.84,24.218570999570936,19.461429000429064
2003-09-15 00:00:00+05:30,26.0,26.0,26.0,26.0,40572,26.333333333333332,26.5,26.166666666666664,0.012658227848101356,20.09849700026874,1,22.04,24.895450927611936,19.184549072388062
2003-09-16 00:00:00+05:30,25.0,26.0,25.0,26.0,21132,26.0,26.0,26.0,0.0,20.09849700026874,1,22.28,25.405123997539913,19.15487600246009
2003-09-17 00:00:00+05:30,26.0,26.0,26.0,26.0,81357,25.666666666666668,25.5,25.833333333333336,0.012987012987013078,20.09849700026874,1,22.52,25.824300228490113,19.215699771509886
2003-09-18 00:00:00+05:30,26.0,26.0,25.0,26.0,370977,26.0,26.0,26.0,0.0,20.09849700026874,1,22.72,26.230897321198643,19.209102678801354
2003-09-19 00:00:00+05:30,24.0,25.0,24.0,24.0,12777,25.666666666666668,25.5,25.833333333333336,0.012987012987013078,20.09849700026874,1,22.84,26.312405506273684,19.367594493726315
2003-09-22 00:00:00+05:30,25.0,25.0,24.0,24.0,8292,24.333333333333332,24.5,24.166666666666664,0.0136986301369864,20.09849700026874,1,22.96,26.37666504064999,19.543334959350013
2003-09-23 00:00:00+05:30,24.0,24.0,24.0,24.0,202452,24.333333333333332,24.5,24.166666666666664,0.0136986301369864,20.09849700026874,1,23.04,26.456665040649987,19.62333495935001
2003-09-24 00:00:00+05:30,24.0,24.0,24.0,24.0,11547,24.0,24.0,24.0,0.0,20.09849700026874,1,23.08,26.517208169430504,19.642791830569493
2003-09-25 00:00:00+05:30,24.0,24.0,23.0,23.0,6612,24.0,24.0,24.0,0.0,20.09849700026874,1,23.12,26.52916412042597,19.71083587957403
2003-09-26 00:00:00+05:30,23.0,24.0,23.0,24.0,5562,23.333333333333332,23.5,23.166666666666664,0.014285714285714388,20.09849700026874,1,23.2,26.594112549695396,19.805887450304603
2003-09-29 00:00:00+05:30,24.0,25.0,23.0,23.0,199152,23.666666666666668,23.5,23.833333333333336,0.01408450704225362,20.09849700026874,1,23.24,26.599999999999966,19.88000000000003
2003-09-30 00:00:00+05:30,24.0,24.0,23.0,24.0,2320842,23.666666666666668,24.0,23.333333333333336,0.028169014084506942,20.09849700026874,1,23.32,26.653226664959913,19.986773335040088
2003-10-01 00:00:00+05:30,25.0,25.0,24.0,24.0,61632,23.666666666666668,23.5,23.833333333333336,0.01408450704225362,20.09849700026874,1,23.4,26.698484500494093,20.101515499505904
2003-10-03 00:00:00+05:30,25.0,25.0,24.0,25.0,28167,24.333333333333332,24.5,24.166666666666664,0.0136986301369864,20.09849700026874,1,23.56,26.763997503120088,20.35600249687991
2003-10-06 00:00:00+05:30,25.0,25.0,24.0,24.0,22842,24.666666666666668,24.5,24.833333333333336,0.01351351351351361,20.09849700026874,1,23.64,26.783501232702125,20.496498767297876
2003-10-07 00:00:00+05:30,25.0,25.0,24.0,24.0,37377,24.333333333333332,24.5,24.166666666666664,0.0136986301369864,20.09849700026874,1,23.76,26.714589650019064,20.80541034998094
2003-10-08 00:00:00+05:30,23.0,24.0,23.0,24.0,36882,24.333333333333332,24.5,24.166666666666664,0.0136986301369864,20.09849700026874,1,23.88,26.611739372634176,21.148260627365822
2003-10-09 00:00:00+05:30,24.0,24.0,24.0,24.0,35937,23.666666666666668,23.5,23.833333333333336,0.01408450704225362,20.09849700026874,1,24.0,26.46576560118754,21.53423439881246
2003-10-10 00:00:00+05:30,25.0,25.0,24.0,24.0,10002,24.0,24.0,24.0,0.0,20.09849700026874,1,24.08,26.406886331559782,21.753113668440214
2003-10-13 00:00:00+05:30,23.0,26.0,23.0,26.0,104532,24.333333333333332,24.5,24.166666666666664,0.0136986301369864,20.09849700026874,1,24.2,26.599999999999948,21.80000000000005
2003-10-14 00:00:00+05:30,25.0,26.0,25.0,25.0,33747,25.0,24.5,25.5,0.04,20.09849700026874,1,24.28,26.647783773911748,21.912216226088255
2003-10-15 00:00:00+05:30,25.0,26.0,25.0,25.0,42357,25.333333333333332,25.5,25.166666666666664,0.0131578947368422,20.09849700026874,1,24.36,26.684134247413375,22.035865752586624
2003-10-16 00:00:00+05:30,25.0,25.0,25.0,25.0,23637,25.333333333333332,25.5,25.166666666666664,0.0131578947368422,20.09849700026874,1,24.48,26.605652840893764,22.354347159106236
2003-10-17 00:00:00+05:30,25.0,25.0,25.0,25.0,23982,25.0,25.0,25.0,0.0,20.09849700026874,1,24.6,26.4761663039293,22.723833696070702
2003-10-20 00:00:00+05:30,24.0,25.0,24.0,24.0,18957,25.0,25.0,25.0,0.0,20.09849700026874,1,24.52,26.31955550067224,22.72044449932776
2003-10-21 00:00:00+05:30,24.0,25.0,24.0,24.0,33147,24.333333333333332,24.5,24.166666666666664,0.0136986301369864,20.09849700026874,1,24.44,26.144582060212922,22.73541793978708
2003-10-22 00:00:00+05:30,24.0,24.0,24.0,24.0,10302,24.333333333333332,24.5,24.166666666666664,0.0136986301369864,20.09849700026874,1,24.36,25.94795465930225,22.772045340697748
2003-10-23 00:00:00+05:30,24.0,24.0,24.0,24.0,1872,24.0,24.0,24.0,0.0,20.09849700026874,1,24.28,25.724437606821333,22.83556239317867
2003-10-24 00:00:00+05:30,24.0,24.0,24.0,24.0,18567,24.0,24.0,24.0,0.0,20.09849700026874,1,24.2,25.46491106406725,22.93508893593275
2003-10-27 00:00:00+05:30,24.0,24.0,24.0,24.0,147,24.0,24.0,24.0,0.0,20.09849700026874,1,24.2,25.46491106406725,22.93508893593275
2003-10-28 00:00:00+05:30,24.0,25.0,24.0,24.0,29817,24.0,24.0,24.0,0.0,20.09849700026874,1,24.2,25.46491106406725,22.93508893593275
2003-10-29 00:00:00+05:30,25.0,25.0,24.0,24.0,8997,24.333333333333332,24.5,24.166666666666664,0.0136986301369864,20.09849700026874,1,24.2,25.46491106406725,22.93508893593275
2003-10-30 00:00:00+05:30,24.0,24.0,24.0,24.0,17787,24.333333333333332,24.5,24.166666666666664,0.0136986301369864,20.09849700026874,1,24.2,25.46491106406725,22.93508893593275
2003-10-31 00:00:00+05:30,25.0,25.0,24.0,24.0,20232,24.0,24.0,24.0,0.0,20.09849700026874,1,24.24,25.41029910706611,23.069700892933888
2003-11-03 00:00:00+05:30,24.0,25.0,24.0,24.0,21327,24.333333333333332,24.5,24.166666666666664,0.0136986301369864,20.09849700026874,1,24.24,25.41029910706611,23.069700892933888
2003-11-04 00:00:00+05:30,24.0,26.0,24.0,25.0,62667,24.333333333333332,24.5,24.166666666666664,0.0136986301369864,20.09849700026874,1,24.32,25.411054535758748,23.228945464241253
2003-11-05 00:00:00+05:30,25.0,25.0,25.0,25.0,32817,25.0,25.0,25.0,0.0,20.09849700026874,1,24.36,25.47427106217461,23.24572893782539
2003-11-06 00:00:00+05:30,25.0,25.0,25.0,25.0,11742,25.0,25.0,25.0,0.0,20.09849700026874,1,24.4,25.531370849898355,23.268629150101642
2003-11-07 00:00:00+05:30,25.0,25.0,25.0,25.0,29472,25.0,25.0,25.0,0.0,20.09849700026874,1,24.4,25.531370849898355,23.268629150101642
2003-11-10 00:00:00+05:30,24.0,25.0,24.0,25.0,12537,25.0,25.0,25.0,0.0,20.09849700026874,1,24.44,25.58262854856674,23.297371451433264
2003-11-11 00:00:00+05:30,25.0,25.0,25.0,25.0,35952,24.666666666666668,24.5,24.833333333333336,0.01351351351351361,20.09849700026874,1,24.48,25.628216007552467,23.331783992447534
2003-11-12 00:00:00+05:30,25.0,26.0,25.0,25.0,24072,25.0,25.0,25.0,0.0,20.45714943401532,1,24.52,25.668216007552466,23.371783992447533
2003-11-13 00:00:00+05:30,25.0,25.0,25.0,25.0,12972,25.333333333333332,25.5,25.166666666666664,0.0131578947368422,20.45714943401532,1,24.56,25.702628548566736,23.41737145143326
2003-11-14 00:00:00+05:30,25.0,25.0,25.0,25.0,23052,25.0,25.0,25.0,0.0,20.45714943401532,1,24.6,25.731370849898354,23.46862915010165
2003-11-17 00:00:00+05:30,25.0,25.0,25.0,25.0,2727,25.0,25.0,25.0,0.0,20.53840856165298,1,24.56,25.55277389167913,23.567226108320867
2003-11-18 00:00:00+05:30,25.0,25.0,25.0,25.0,14667,25.0,25.0,25.0,0.0,20.716872219186858,1,24.56,25.55277389167913,23.567226108320867
2003-11-19 00:00:00+05:30,25.0,25.0,25.0,25.0,8082,25.0,25.0,25.0,0.0,20.888197330419384,1,24.56,25.55277389167913,23.567226108320867
2003-11-20 00:00:00+05:30,25.0,25.0,25.0,25.0,23922,25.0,25.0,25.0,0.0,21.05266943720261,1,24.56,25.55277389167913,23.567226108320867
2003-11-21 00:00:00+05:30,25.0,25.0,25.0,25.0,24882,25.0,25.0,25.0,0.0,21.210562659714505,1,24.56,25.55277389167913,23.567226108320867
2003-11-24 00:00:00+05:30,25.0,25.0,25.0,25.0,13797,25.0,25.0,25.0,0.0,21.362140153325925,1,24.6,25.579795897113133,23.62020410288687
2003-11-25 00:00:00+05:30,25.0,25.0,25.0,25.0,15582,25.0,25.0,25.0,0.0,21.50765454719289,1,24.64,25.599999999999856,23.680000000000145
2003-11-27 00:00:00+05:30,25.0,26.0,25.0,25.0,14337,25.0,25.0,25.0,0.0,21.867348365305173,1,24.68,25.6129523031751,23.7470476968249
2003-11-28 00:00:00+05:30,25.0,26.0,25.0,25.0,173322,25.333333333333332,25.5,25.166666666666664,0.0131578947368422,21.867348365305173,1,24.72,25.61799777282559,23.82200222717441
2003-12-01 00:00:00+05:30,25.0,26.0,25.0,25.0,17277,25.333333333333332,25.5,25.166666666666664,0.0131578947368422,21.867348365305173,1,24.76,25.614166260162342,23.90583373983766
2003-12-02 00:00:00+05:30,25.0,25.0,25.0,25.0,17487,25.333333333333332,25.5,25.166666666666664,0.0131578947368422,21.867348365305173,1,24.8,25.599999999999824,24.000000000000178
2003-12-03 00:00:00+05:30,25.0,28.0,25.0,27.0,139827,25.0,25.0,25.0,0.0,22.06884575039357,1,24.92,26.039999999999875,23.80000000000013
2003-12-04 00:00:00+05:30,28.0,29.0,27.0,27.0,104127,26.666666666666668,26.5,26.833333333333336,0.012500000000000087,23.18609192037783,1,25.04,26.364235628579635,23.715764371420363
2003-12-05 00:00:00+05:30,28.0,28.0,27.0,27.0,36057,27.666666666666668,28.0,27.333333333333336,0.02409638554216859,23.18609192037783,1,25.16,26.622053350599664,23.697946649400336
2003-12-08 00:00:00+05:30,27.0,28.0,27.0,27.0,16242,27.333333333333332,27.5,27.166666666666664,0.0121951219512196,23.18609192037783,1,25.28,26.831257554373128,23.728742445626875
2003-12-09 00:00:00+05:30,28.0,28.0,27.0,28.0,42807,27.333333333333332,27.5,27.166666666666664,0.0121951219512196,23.18609192037783,1,25.44,27.235995545651406,23.644004454348597
2003-12-10 00:00:00+05:30,28.0,29.0,28.0,28.0,80337,27.666666666666668,27.5,27.833333333333336,0.012048192771084423,23.356749652416703,1,25.56,27.60587389640703,23.514126103592968
2003-12-11 00:00:00+05:30,28.0,28.0,27.0,28.0,41067,28.333333333333332,28.5,28.166666666666664,0.011764705882353026,23.356749652416703,1,25.68,27.92285532302012,23.43714467697988
2003-12-12 00:00:00+05:30,28.0,28.0,27.0,27.0,24312,27.666666666666668,27.5,27.833333333333336,0.012048192771084423,23.356749652416703,1,25.76,28.042454818829867,23.477545181170136
2003-12-15 00:00:00+05:30,28.0,28.0,27.0,28.0,38367,27.333333333333332,27.5,27.166666666666664,0.0121951219512196,23.356749652416703,1,25.88,28.30123935206738,23.458760647932618
2003-12-16 00:00:00+05:30,28.0,28.0,27.0,28.0,35877,27.666666666666668,27.5,27.833333333333336,0.012048192771084423,23.356749652416703,1,26.0,28.529822128134636,23.470177871865364
2003-12-17 00:00:00+05:30,29.0,30.0,27.0,28.0,812862,27.666666666666668,27.5,27.833333333333336,0.012048192771084423,23.356749652416703,1,26.12,28.731972434770256,23.508027565229746
2003-12-18 00:00:00+05:30,30.0,30.0,27.0,28.0,64452,28.333333333333332,28.5,28.166666666666664,0.011764705882353026,23.356749652416703,1,26.24,28.910131082924515,23.569868917075482
2003-12-19 00:00:00+05:30,28.0,30.0,28.0,29.0,166827,28.333333333333332,28.5,28.166666666666664,0.011764705882353026,23.356749652416703,1,26.4,29.228427124746126,23.57157287525387
2003-12-22 00:00:00+05:30,31.0,31.0,29.0,29.0,47682,29.0,29.0,29.0,0.0,23.356749652416703,1,26.56,29.503739118875792,23.616260881124205
2003-12-23 00:00:00+05:30,30.0,30.0,28.0,29.0,54012,29.666666666666668,30.0,29.333333333333336,0.02247191011235947,23.356749652416703,1,26.72,29.74099321415981,23.699006785840186
2003-12-24 00:00:00+05:30,29.0,29.0,28.0,29.0,51567,29.0,29.0,29.0,0.0,23.356749652416703,1,26.88,29.943070355052203,23.816929644947795
2003-12-26 00:00:00+05:30,29.0,29.0,28.0,29.0,44757,28.666666666666668,28.5,28.833333333333336,0.011627906976744267,23.356749652416703,1,27.04,30.111416611272332,23.968583388727666
2003-12-29 00:00:00+05:30,29.0,30.0,29.0,30.0,86727,28.666666666666668,28.5,28.833333333333336,0.011627906976744267,23.356749652416703,1,27.24,30.403795189325567,24.07620481067443
2003-12-30 00:00:00+05:30,30.0,31.0,29.0,29.0,47457,29.666666666666668,29.5,29.833333333333336,0.011235955056179855,23.356749652416703,1,27.4,30.49838667696587,24.30161332303413
2003-12-31 00:00:00+05:30,29.0,29.0,29.0,29.0,31947,29.666666666666668,30.0,29.333333333333336,0.02247191011235947,23.356749652416703,1,27.56,30.557599039231164,24.562400960768834
2004-01-01 00:00:00+05:30,29.0,29.0,29.0,29.0,32547,29.0,29.0,29.0,0.0,23.356749652416703,1,27.72,30.577691375918608,24.86230862408139
2004-01-02 00:00:00+05:30,30.0,31.0,29.0,30.0,49767,29.0,29.0,29.0,0.0,23.356749652416703,1,27.92,30.68665863452642,25.153341365473583
2004-01-05 00:00:00+05:30,29.0,30.0,29.0,29.0,62622,30.0,30.0,30.0,0.0,23.356749652416703,1,28.08,30.604757414089434,25.555242585910563
2004-01-06 00:00:00+05:30,30.0,30.0,29.0,29.0,70572,29.333333333333332,29.5,29.166666666666664,0.011363636363636445,23.356749652416703,1,28.24,30.45124399377354,26.028756006226455
2004-01-07 00:00:00+05:30,29.0,30.0,28.0,29.0,29547,29.333333333333332,29.5,29.166666666666664,0.011363636363636445,23.356749652416703,1,28.4,30.188854381999707,26.61114561800029
2004-01-08 00:00:00+05:30,29.0,30.0,29.0,29.0,93852,29.0,29.0,29.0,0.0,23.356749652416703,1,28.48,30.18833252032488,26.77166747967512
2004-01-09 00:00:00+05:30,28.0,30.0,28.0,29.0,15492,29.333333333333332,29.5,29.166666666666664,0.011363636363636445,23.356749652416703,1,28.56,30.167980099379204,26.952019900620794
2004-01-12 00:00:00+05:30,31.0,32.0,30.0,31.0,121947,29.0,29.0,29.0,0.0,23.356749652416703,1,28.72,30.46539393834158,26.974606061658417
2004-01-13 00:00:00+05:30,32.0,32.0,31.0,32.0,139632,31.0,31.0,31.0,0.0,23.356749652416703,1,28.92,30.953322404342103,26.8866775956579
2004-01-14 00:00:00+05:30,32.0,33.0,32.0,32.0,78837,31.666666666666668,31.5,31.833333333333336,0.010526315789473759,24.240494609960653,1,29.08,31.406886331559736,26.75311366844026
2004-01-15 00:00:00+05:30,33.0,33.0,32.0,32.0,73572,32.333333333333336,32.5,32.16666666666667,0.010309278350515316,24.290874825562227,1,29.24,31.78746933249441,26.692530667505586
2004-01-16 00:00:00+05:30,32.0,32.0,31.0,31.0,127377,32.333333333333336,32.5,32.16666666666667,0.010309278350515316,24.290874825562227,1,29.36,31.94487910742447,26.77512089257553
2004-01-19 00:00:00+05:30,31.0,31.0,31.0,31.0,32022,31.333333333333332,31.5,31.166666666666664,0.010638297872340502,24.290874825562227,1,29.52,31.99353997339835,27.04646002660165
2004-01-20 00:00:00+05:30,31.0,31.0,31.0,31.0,63102,31.0,31.0,31.0,0.0,24.290874825562227,1,29.64,32.09796663931785,27.182033360682144
2004-01-21 00:00:00+05:30,30.0,31.0,29.0,29.0,64932,31.0,31.0,31.0,0.0,24.290874825562227,1,29.68,32.06126017058185,27.298739829418146
2004-01-22 00:00:00+05:30,29.0,29.0,28.0,29.0,49692,29.666666666666668,30.0,29.333333333333336,0.02247191011235947,24.290874825562227,1,29.72,32.01921725811188,27.420782741888118
2004-01-23 00:00:00+05:30,29.0,29.0,28.0,29.0,49857,28.666666666666668,28.5,28.833333333333336,0.011627906976744267,24.290874825562227,1,29.76,31.97124399377353,27.548756006226473
2004-01-27 00:00:00+05:30,29.0,30.0,29.0,30.0,18087,28.666666666666668,28.5,28.833333333333336,0.011627906976744267,24.290874825562227,1,29.8,31.990890230020554,27.609109769979447
2004-01-28 00:00:00+05:30,28.0,29.0,28.0,29.0,13227,29.666666666666668,29.5,29.833333333333336,0.011235955056179855,24.290874825562227,1,29.8,31.990890230020554,27.609109769979447
2004-01-29 00:00:00+05:30,29.0,29.0,29.0,29.0,6147,28.666666666666668,28.5,28.833333333333336,0.011627906976744267,24.290874825562227,1,29.8,31.990890230020554,27.609109769979447
2004-01-30 00:00:00+05:30,29.0,29.0,28.0,28.0,9057,29.0,29.0,29.0,0.0,24.290874825562227,1,29.76,32.04245481882983,27.47754518117017
2004-02-03 00:00:00+05:30,28.0,28.0,26.0,26.0,28707,28.333333333333332,28.5,28.166666666666664,0.011764705882353026,24.290874825562227,1,29.64,32.345845524045956,26.93415447595405
2004-02-04 00:00:00+05:30,26.0,27.0,26.0,27.0,19542,26.666666666666668,27.0,26.333333333333336,0.02499999999999991,24.290874825562227,1,29.52,32.41108975993474,26.62891024006526
2004-02-05 00:00:00+05:30,27.0,27.0,26.0,26.0,12327,26.666666666666668,26.5,26.833333333333336,0.012500000000000087,24.290874825562227,1,29.4,32.59999999999992,26.200000000000074
2004-02-06 00:00:00+05:30,26.0,27.0,26.0,27.0,7812,26.333333333333332,26.5,26.166666666666664,0.012658227848101356,24.290874825562227,1,29.32,32.653226664959874,25.986773335040127
2004-02-09 00:00:00+05:30,26.0,26.0,26.0,26.0,53217,26.666666666666668,26.5,26.833333333333336,0.012500000000000087,24.290874825562227,1,29.2,32.7777087639996,25.622291236000404
2004-02-10 00:00:00+05:30,25.0,26.0,25.0,26.0,87357,26.0,26.0,26.0,0.0,24.290874825562227,1,29.04,32.812744359216445,25.267255640783553
2004-02-11 00:00:00+05:30,25.0,26.0,25.0,26.0,3372,25.666666666666668,25.5,25.833333333333336,0.012987012987013078,24.290874825562227,1,28.92,32.87656416604098,24.96343583395903
2004-02-12 00:00:00+05:30,26.0,26.0,26.0,26.0,10197,25.666666666666668,25.5,25.833333333333336,0.012987012987013078,24.290874825562227,1,28.8,32.91825205639474,24.68174794360526
2004-02-13 00:00:00+05:30,26.0,27.0,26.0,27.0,30717,26.0,26.0,26.0,0.0,24.290874825562227,1,28.72,32.89688879430606,24.54311120569394
2004-02-16 00:00:00+05:30,28.0,28.0,26.0,27.0,117042,26.666666666666668,26.5,26.833333333333336,0.012500000000000087,24.290874825562227,1,28.64,32.868664091648746,24.411335908351255
2004-02-17 00:00:00+05:30,27.0,27.0,27.0,27.0,2997,27.0,27.0,27.0,0.0,24.290874825562227,1,28.56,32.83382732454173,24.28617267545827
2004-02-18 00:00:00+05:30,27.0,27.0,27.0,27.0,11937,27.0,27.0,27.0,0.0,24.290874825562227,1,28.4,32.59523539268054,24.20476460731945
2004-02-19 00:00:00+05:30,26.0,26.0,26.0,26.0,4137,27.0,27.0,27.0,0.0,24.290874825562227,1,28.16,32.18710814356897,24.13289185643103
2004-02-20 00:00:00+05:30,25.0,26.0,25.0,26.0,79647,26.0,26.0,26.0,0.0,24.290874825562227,1,27.92,31.711358595543228,24.128641404456776
2004-02-23 00:00:00+05:30,25.0,26.0,25.0,26.0,4587,25.666666666666668,25.5,25.833333333333336,0.012987012987013078,24.290874825562227,1,27.68,31.154248120097282,24.205751879902717
2004-02-24 00:00:00+05:30,27.0,27.0,26.0,26.0,8382,25.666666666666668,25.5,25.833333333333336,0.012987012987013078,24.290874825562227,1,27.48,30.735518391900055,24.224481608099946
2004-02-25 00:00:00+05:30,26.0,26.0,26.0,26.0,8022,26.333333333333332,26.5,26.166666666666664,0.012658227848101356,24.290874825562227,1,27.28,30.24755791855854,24.31244208144146
2004-02-26 00:00:00+05:30,27.0,28.0,26.0,26.0,88287,26.0,26.0,26.0,0.0,24.290874825562227,1,27.08,29.6673538606073,24.492646139392697
2004-02-27 00:00:00+05:30,26.0,26.0,26.0,26.0,11607,26.666666666666668,27.0,26.333333333333336,0.02499999999999991,24.290874825562227,1,26.96,29.45671784549226,24.46328215450774
2004-03-01 00:00:00+05:30,26.0,26.0,25.0,26.0,17922,26.0,26.0,26.0,0.0,24.290874825562227,1,26.84,29.218570999570858,24.461429000429142
2004-03-03 00:00:00+05:30,25.0,26.0,25.0,26.0,22287,25.666666666666668,25.5,25.833333333333336,0.012987012987013078,24.290874825562227,1,26.72,28.948542124349345,24.491457875650653
2004-03-04 00:00:00+05:30,25.0,26.0,25.0,26.0,1362,25.666666666666668,25.5,25.833333333333336,0.012987012987013078,24.290874825562227,1,26.56,28.355995545651353,24.764004454348644
2004-03-05 00:00:00+05:30,26.0,26.0,26.0,26.0,13557,25.666666666666668,25.5,25.833333333333336,0.012987012987013078,24.290874825562227,1,26.44,27.945191017777976,24.934808982222027
2004-03-08 00:00:00+05:30,26.0,26.0,26.0,26.0,35112,26.0,26.0,26.0,0.0,24.290874825562227,1,26.32,27.411054535758637,25.228945464241363
2004-03-09 00:00:00+05:30,25.0,26.0,25.0,26.0,12147,26.0,26.0,26.0,0.0,24.290874825562227,1,26.24,27.09416626016221,25.385833739837786
2004-06-23 00:00:00+05:30,25.0,25.0,25.0,25.0,17832,25.666666666666668,25.5,25.833333333333336,0.012987012987013078,24.290874825562227,1,26.2,27.179795897113014,25.220204102886985
2004-06-24 00:00:00+05:30,25.0,25.0,25.0,25.0,6387,25.0,25.0,25.0,0.0,24.290874825562227,1,26.12,27.150727898137767,25.089272101862235
2004-06-25 00:00:00+05:30,25.0,25.0,25.0,25.0,5322,25.0,25.0,25.0,0.0,24.290874825562227,1,26.08,27.199999999999772,24.960000000000225
2004-06-28 00:00:00+05:30,25.0,25.0,25.0,25.0,4407,25.0,25.0,25.0,0.0,24.290874825562227,1,26.0,27.131370849898254,24.868629150101746
2004-06-29 00:00:00+05:30,25.0,25.0,25.0,25.0,687,25.0,25.0,25.0,0.0,24.290874825562227,1,25.96,27.15733036376745,24.762669636232552
2004-06-30 00:00:00+05:30,24.0,26.0,24.0,25.0,51372,25.0,25.0,25.0,0.0,24.290874825562227,1,25.92,27.17475097130845,24.665249028691555
2004-07-01 00:00:00+05:30,25.0,25.0,25.0,25.0,357,25.0,25.0,25.0,0.0,24.290874825562227,1,25.88,27.18476051442381,24.575239485576187
2004-07-02 00:00:00+05:30,25.0,25.0,25.0,25.0,3972,25.0,25.0,25.0,0.0,24.290874825562227,1,25.84,27.188183963708028,24.491816036291972
2004-07-05 00:00:00+05:30,25.0,25.0,25.0,25.0,942,25.0,25.0,25.0,0.0,24.290874825562227,1,25.76,27.05984614474156,24.460153855258444
2004-07-06 00:00:00+05:30,25.0,25.0,25.0,25.0,9477,25.0,25.0,25.0,0.0,24.290874825562227,1,25.68,26.90898331965877,24.45101668034123
2004-07-07 00:00:00+05:30,25.0,25.0,25.0,25.0,2412,25.0,25.0,25.0,0.0,24.290874825562227,1,25.6,26.731370849898255,24.468629150101748
2004-07-08 00:00:00+05:30,25.0,25.0,25.0,25.0,9057,25.0,25.0,25.0,0.0,24.290874825562227,1,25.52,26.519199679743494,24.520800320256505
2004-07-09 00:00:00+05:30,25.0,25.0,25.0,25.0,14847,25.0,25.0,25.0,0.0,24.290874825562227,1,25.48,26.479199679743495,24.480800320256506
2004-07-12 00:00:00+05:30,25.0,26.0,25.0,26.0,7437,25.0,25.0,25.0,0.0,24.290874825562227,1,25.48,26.479199679743495,24.480800320256506
2004-07-13 00:00:00+05:30,26.0,26.0,25.0,25.0,6282,25.666666666666668,25.5,25.833333333333336,0.012987012987013078,24.290874825562227,1,25.44,26.43277389167902,24.447226108320983
2004-07-14 00:00:00+05:30,25.0,25.0,25.0,25.0,1827,25.333333333333332,25.5,25.166666666666664,0.0131578947368422,24.290874825562227,1,25.4,26.379795897113016,24.42020410288698
2004-07-15 00:00:00+05:30,25.0,26.0,25.0,26.0,37437,25.0,25.0,25.0,0.0,24.290874825562227,1,25.4,26.379795897113016,24.42020410288698
2004-07-16 00:00:00+05:30,26.0,26.0,25.0,25.0,2277,25.666666666666668,25.5,25.833333333333336,0.012987012987013078,24.290874825562227,1,25.36,26.31999999999974,24.400000000000258
2004-07-19 00:00:00+05:30,26.0,27.0,26.0,27.0,18567,25.333333333333332,25.5,25.166666666666664,0.0131578947368422,24.290874825562227,1,25.4,26.531370849898256,24.26862915010174
2004-07-20 00:00:00+05:30,26.0,26.0,26.0,26.0,27132,26.666666666666668,26.5,26.833333333333336,0.012500000000000087,24.290874825562227,1,25.4,26.531370849898256,24.26862915010174
2004-07-21 00:00:00+05:30,25.0,26.0,25.0,26.0,15297,26.0,26.0,26.0,0.0,24.290874825562227,1,25.4,26.531370849898256,24.26862915010174
2004-07-22 00:00:00+05:30,25.0,26.0,25.0,26.0,3297,25.666666666666668,25.5,25.833333333333336,0.012987012987013078,24.290874825562227,1,25.4,26.531370849898256,24.26862915010174
2004-07-23 00:00:00+05:30,26.0,26.0,25.0,26.0,93072,25.666666666666668,25.5,25.833333333333336,0.012987012987013078,24.290874825562227,1,25.4,26.531370849898256,24.26862915010174
2004-07-26 00:00:00+05:30,26.0,26.0,25.0,26.0,9627,25.666666666666668,25.5,25.833333333333336,0.012987012987013078,24.290874825562227,1,25.4,26.531370849898256,24.26862915010174
2004-07-27 00:00:00+05:30,25.0,26.0,25.0,26.0,100752,25.666666666666668,25.5,25.833333333333336,0.012987012987013078,24.290874825562227,1,25.4,26.531370849898256,24.26862915010174
2004-07-28 00:00:00+05:30,26.0,26.0,25.0,26.0,9162,25.666666666666668,25.5,25.833333333333336,0.012987012987013078,24.290874825562227,1,25.44,26.58262854856664,24.297371451433364
2004-07-29 00:00:00+05:30,26.0,26.0,25.0,26.0,11967,25.666666666666668,25.5,25.833333333333336,0.012987012987013078,24.290874825562227,1,25.48,26.628216007552368,24.331783992447633
2004-07-30 00:00:00+05:30,26.0,26.0,25.0,26.0,7482,25.666666666666668,25.5,25.833333333333336,0.012987012987013078,24.290874825562227,1,25.52,26.668216007552367,24.371783992447632
2004-08-02 00:00:00+05:30,26.0,26.0,25.0,25.0,3207,25.666666666666668,25.5,25.833333333333336,0.012987012987013078,24.290874825562227,1,25.52,26.668216007552367,24.371783992447632
2004-08-03 00:00:00+05:30,25.0,26.0,25.0,26.0,4047,25.333333333333332,25.5,25.166666666666664,0.0131578947368422,24.290874825562227,1,25.56,26.702628548566636,24.41737145143336
2004-08-04 00:00:00+05:30,25.0,26.0,25.0,25.0,8772,25.666666666666668,25.5,25.833333333333336,0.012987012987013078,24.290874825562227,1,25.56,26.702628548566636,24.41737145143336
2004-08-05 00:00:00+05:30,26.0,26.0,26.0,26.0,26082,25.333333333333332,25.5,25.166666666666664,0.0131578947368422,24.290874825562227,1,25.6,26.731370849898255,24.468629150101748
2004-08-06 00:00:00+05:30,25.0,26.0,25.0,25.0,15612,26.0,26.0,26.0,0.0,24.290874825562227,1,25.6,26.731370849898255,24.468629150101748
2004-08-09 00:00:00+05:30,26.0,26.0,25.0,26.0,12972,25.333333333333332,25.5,25.166666666666664,0.0131578947368422,24.290874825562227,1,25.64,26.754271062174503,24.525728937825498
2004-08-10 00:00:00+05:30,26.0,26.0,26.0,26.0,106167,25.666666666666668,25.5,25.833333333333336,0.012987012987013078,24.290874825562227,1,25.68,26.771054535758637,24.588945464241363
2004-08-11 00:00:00+05:30,26.0,27.0,26.0,26.0,27792,26.0,26.0,26.0,0.0,24.290874825562227,1,25.72,26.781319932913487,24.65868006708651
2004-08-12 00:00:00+05:30,26.0,26.0,26.0,26.0,29397,26.333333333333332,26.5,26.166666666666664,0.012658227848101356,24.290874825562227,1,25.76,26.78449987798901,24.735500122010993
2004-08-13 00:00:00+05:30,25.0,26.0,25.0,26.0,6672,26.0,26.0,26.0,0.0,24.290874825562227,1,25.8,26.77979589711301,24.82020410288699
2004-08-16 00:00:00+05:30,25.0,26.0,25.0,26.0,6672,25.666666666666668,25.5,25.833333333333336,0.012987012987013078,24.290874825562227,1,25.8,26.77979589711301,24.82020410288699
2004-08-17 00:00:00+05:30,27.0,27.0,26.0,26.0,42702,25.666666666666668,25.5,25.833333333333336,0.012987012987013078,24.290874825562227,1,25.84,26.766066952222943,24.913933047777057
2004-08-18 00:00:00+05:30,26.0,26.0,26.0,26.0,43167,26.333333333333332,26.5,26.166666666666664,0.012658227848101356,24.290874825562227,1,25.88,26.741626369141223,25.018373630858775
2004-08-19 00:00:00+05:30,26.0,26.0,26.0,26.0,24087,26.0,26.0,26.0,0.0,24.290874825562227,1,25.88,26.741626369141223,25.018373630858775
2004-08-20 00:00:00+05:30,26.0,27.0,26.0,26.0,29217,26.0,26.0,26.0,0.0,24.290874825562227,1,25.92,26.70383671769029,25.136163282309713
2004-08-23 00:00:00+05:30,26.0,27.0,26.0,27.0,13992,26.333333333333332,26.5,26.166666666666664,0.012658227848101356,24.290874825562227,1,25.92,26.70383671769029,25.136163282309713
2004-08-24 00:00:00+05:30,27.0,28.0,27.0,27.0,57987,26.666666666666668,26.5,26.833333333333336,0.012500000000000087,24.290874825562227,1,25.96,26.850842298052516,25.069157701947486
2004-08-25 00:00:00+05:30,27.0,27.0,27.0,27.0,39252,27.333333333333332,27.5,27.166666666666664,0.0121951219512196,24.290874825562227,1,26.0,26.979795897113007,25.020204102886993
2004-08-26 00:00:00+05:30,27.0,27.0,27.0,27.0,30477,27.0,27.0,27.0,0.0,24.290874825562227,1,26.04,27.095272476661584,24.984727523338414
2004-08-27 00:00:00+05:30,27.0,27.0,27.0,27.0,33837,27.0,27.0,27.0,0.0,24.290874825562227,1,26.08,27.199999999999765,24.960000000000232
2004-08-30 00:00:00+05:30,27.0,28.0,27.0,27.0,65562,27.0,27.0,27.0,0.0,24.290874825562227,1,26.12,27.295755076535706,24.944244923464296
2004-08-31 00:00:00+05:30,27.0,29.0,27.0,27.0,39432,27.333333333333332,27.5,27.166666666666664,0.0121951219512196,24.290874825562227,1,26.16,27.383764683262054,24.936235316737946
2004-09-01 00:00:00+05:30,27.0,30.0,27.0,29.0,240552,27.666666666666668,28.0,27.333333333333336,0.02409638554216859,24.290874825562227,1,26.28,27.931181395243865,24.628818604756137
2004-09-02 00:00:00+05:30,29.0,30.0,29.0,30.0,140187,28.666666666666668,28.5,28.833333333333336,0.011627906976744267,24.290874825562227,1,26.44,28.636724834839235,24.243275165160767
2004-09-03 00:00:00+05:30,30.0,30.0,29.0,30.0,21162,29.666666666666668,29.5,29.833333333333336,0.011235955056179855,24.290874825562227,1,26.6,29.192296279363042,24.00770372063696
2004-09-06 00:00:00+05:30,30.0,30.0,29.0,29.0,38667,29.666666666666668,29.5,29.833333333333336,0.011235955056179855,24.290874825562227,1,26.76,29.430131082924483,24.08986891707552
2004-09-07 00:00:00+05:30,30.0,30.0,29.0,29.0,42672,29.333333333333332,29.5,29.166666666666664,0.011363636363636445,24.290874825562227,1,26.88,29.66969532386593,24.090304676134068
2004-09-08 00:00:00+05:30,29.0,30.0,29.0,29.0,40992,29.333333333333332,29.5,29.166666666666664,0.011363636363636445,24.290874825562227,1,27.04,29.838856909525642,24.241143090474356
2004-09-09 00:00:00+05:30,29.0,29.0,29.0,29.0,32097,29.333333333333332,29.5,29.166666666666664,0.011363636363636445,24.290874825562227,1,27.16,30.02663565874693,24.29336434125307
2004-09-10 00:00:00+05:30,29.0,30.0,29.0,29.0,29412,29.0,29.0,29.0,0.0,24.290874825562227,1,27.32,30.13254333299941,24.50745666700059
2004-09-13 00:00:00+05:30,29.0,30.0,29.0,29.0,64092,29.333333333333332,29.5,29.166666666666664,0.011363636363636445,24.290874825562227,1,27.44,30.272948993540023,24.60705100645998
2004-09-14 00:00:00+05:30,29.0,30.0,29.0,30.0,76932,29.333333333333332,29.5,29.166666666666664,0.011363636363636445,24.290874825562227,1,27.6,30.539387691339716,24.660612308660287
2004-09-15 00:00:00+05:30,30.0,30.0,30.0,30.0,40347,29.666666666666668,29.5,29.833333333333336,0.011235955056179855,24.290874825562227,1,27.76,30.768255308314007,24.751744691685996
2004-09-16 00:00:00+05:30,30.0,30.0,29.0,30.0,46107,30.0,30.0,30.0,0.0,24.290874825562227,1,27.92,30.962104534692948,24.877895465307056
2004-09-17 00:00:00+05:30,30.0,31.0,30.0,30.0,104892,29.666666666666668,29.5,29.833333333333336,0.011235955056179855,24.67347882505282,1,28.08,31.12210453469294,25.037895465307056
2004-09-20 00:00:00+05:30,31.0,31.0,30.0,30.0,122127,30.333333333333332,30.5,30.166666666666664,0.010989010989011068,24.67347882505282,1,28.24,31.248255308314,25.231744691685996
2004-09-21 00:00:00+05:30,29.0,29.0,28.0,29.0,39552,30.333333333333332,30.5,30.166666666666664,0.010989010989011068,24.67347882505282,1,28.36,31.237776919776678,25.48222308022332
2004-09-22 00:00:00+05:30,30.0,30.0,28.0,29.0,75732,28.666666666666668,28.5,28.833333333333336,0.011627906976744267,24.67347882505282,1,28.48,31.19999999999988,25.760000000000122
2004-09-23 00:00:00+05:30,29.0,29.0,28.0,29.0,69942,29.0,29.0,29.0,0.0,24.67347882505282,1,28.6,31.129822128134574,26.07017787186543
2004-09-24 00:00:00+05:30,29.0,29.0,29.0,29.0,13572,28.666666666666668,28.5,28.833333333333336,0.011627906976744267,24.67347882505282,1,28.72,31.01921725811184,26.420782741888157
2004-09-27 00:00:00+05:30,29.0,29.0,27.0,29.0,135462,29.0,29.0,29.0,0.0,24.67347882505282,1,28.8,30.99089023002051,26.60910976997949
2004-09-28 00:00:00+05:30,29.0,29.0,29.0,29.0,19122,28.333333333333332,28.0,28.666666666666664,0.0235294117647058,24.67347882505282,1,28.88,30.944558064090064,26.815441935909934
2004-09-29 00:00:00+05:30,29.0,29.0,28.0,29.0,29007,29.0,29.0,29.0,0.0,24.67347882505282,1,28.96,30.876663768113573,27.04333623188643
2004-09-30 00:00:00+05:30,29.0,29.0,29.0,29.0,41097,28.666666666666668,28.5,28.833333333333336,0.011627906976744267,24.67347882505282,1,29.04,30.78172328456598,27.298276715434017
2004-10-01 00:00:00+05:30,29.0,29.0,29.0,29.0,17322,29.0,29.0,29.0,0.0,24.67347882505282,1,29.12,30.650490117576496,27.589509882423506
2004-10-04 00:00:00+05:30,29.0,29.0,29.0,29.0,29802,29.0,29.0,29.0,0.0,24.67347882505282,1,29.2,30.464911064067074,27.935088935932924
2004-10-05 00:00:00+05:30,29.0,29.0,29.0,29.0,20772,29.0,29.0,29.0,0.0,24.67347882505282,1,29.28,30.177997772825353,28.38200222717465
2004-10-06 00:00:00+05:30,29.0,29.0,29.0,29.0,26517,29.0,29.0,29.0,0.0,24.67347882505282,1,29.28,30.177997772825353,28.38200222717465
2004-10-07 00:00:00+05:30,29.0,29.0,29.0,29.0,8352,29.0,29.0,29.0,0.0,24.67347882505282,1,29.24,30.094166260162094,28.385833739837903
2004-10-08 00:00:00+05:30,30.0,30.0,29.0,29.0,13797,29.0,29.0,29.0,0.0,24.67347882505282,1,29.2,29.999999999999563,28.400000000000436
2004-10-11 00:00:00+05:30,29.0,29.0,29.0,29.0,8082,29.333333333333332,29.5,29.166666666666664,0.011363636363636445,24.67347882505282,1,29.2,29.999999999999563,28.400000000000436
2004-10-12 00:00:00+05:30,29.0,29.0,29.0,29.0,31962,29.0,29.0,29.0,0.0,24.67347882505282,1,29.2,29.999999999999563,28.400000000000436
2004-10-14 00:00:00+05:30,29.0,29.0,29.0,29.0,14622,29.0,29.0,29.0,0.0,24.67347882505282,1,29.2,29.999999999999563,28.400000000000436
2004-10-15 00:00:00+05:30,29.0,29.0,29.0,29.0,15777,29.0,29.0,29.0,0.0,24.714173585166776,1,29.2,29.999999999999563,28.400000000000436
2004-10-18 00:00:00+05:30,29.0,29.0,29.0,29.0,4317,29.0,29.0,29.0,0.0,24.885606641760106,1,29.2,29.999999999999563,28.400000000000436
2004-10-19 00:00:00+05:30,29.0,29.0,29.0,29.0,21882,29.0,29.0,29.0,0.0,25.0501823760897,1,29.2,29.999999999999563,28.400000000000436
2004-10-20 00:00:00+05:30,29.0,29.0,29.0,29.0,6672,29.0,29.0,29.0,0.0,25.208175081046114,1,29.16,29.89321211119246,28.42678788880754
2004-10-21 00:00:00+05:30,29.0,29.0,29.0,29.0,6852,29.0,29.0,29.0,0.0,25.35984807780427,1,29.12,29.769923072370347,28.470076927629655
2004-10-25 00:00:00+05:30,29.0,29.0,29.0,29.0,27552,29.0,29.0,29.0,0.0,25.5054541546921,1,29.08,29.622586398649386,28.53741360135061
2004-10-26 00:00:00+05:30,29.0,29.0,29.0,29.0,12582,29.0,29.0,29.0,0.0,25.645235988504414,1,29.04,29.431918358844435,28.648081641155564
2004-10-27 00:00:00+05:30,30.0,30.0,29.0,29.0,30807,29.0,29.0,29.0,0.0,25.999426548964237,1,29.0,29.0,29.0
2004-10-28 00:00:00+05:30,29.0,29.0,29.0,29.0,52182,29.333333333333332,29.5,29.166666666666664,0.011363636363636445,25.999426548964237,1,29.0,29.0,29.0
2004-10-29 00:00:00+05:30,29.0,29.0,29.0,29.0,28572,29.0,29.0,29.0,0.0,25.999426548964237,1,29.0,29.0,29.0
2004-11-01 00:00:00+05:30,29.0,29.0,29.0,29.0,18312,29.0,29.0,29.0,0.0,25.999426548964237,1,29.0,29.0,29.0
2004-11-02 00:00:00+05:30,29.0,29.0,29.0,29.0,18402,29.0,29.0,29.0,0.0,26.026799981335447,1,29.0,29.0,29.0
2004-11-03 00:00:00+05:30,29.0,30.0,29.0,29.0,33507,29.0,29.0,29.0,0.0,26.365727982082028,1,29.0,29.0,29.0
2004-11-04 00:00:00+05:30,29.0,30.0,29.0,29.0,15012,29.333333333333332,29.5,29.166666666666664,0.011363636363636445,26.365727982082028,1,29.0,29.0,29.0
2004-11-05 00:00:00+05:30,29.0,30.0,29.0,29.0,13152,29.333333333333332,29.5,29.166666666666664,0.011363636363636445,26.365727982082028,1,29.0,29.0,29.0
2004-11-08 00:00:00+05:30,29.0,29.0,29.0,29.0,12807,29.333333333333332,29.5,29.166666666666664,0.011363636363636445,26.365727982082028,1,29.0,29.0,29.0
2004-11-09 00:00:00+05:30,29.0,29.0,29.0,29.0,36672,29.0,29.0,29.0,0.0,26.365727982082028,1,29.0,29.0,29.0
2004-11-10 00:00:00+05:30,29.0,29.0,29.0,29.0,5037,29.0,29.0,29.0,0.0,26.365727982082028,1,29.0,29.0,29.0
2004-11-11 00:00:00+05:30,29.0,29.0,29.0,29.0,5217,29.0,29.0,29.0,0.0,26.365727982082028,1,29.0,29.0,29.0
2004-11-12 00:00:00+05:30,30.0,30.0,29.0,29.0,4587,29.0,29.0,29.0,0.0,26.417282659987688,1,29.0,29.0,29.0
2004-11-16 00:00:00+05:30,29.0,29.0,29.0,29.0,8997,29.333333333333332,29.5,29.166666666666664,0.011363636363636445,26.417282659987688,1,29.0,29.0,29.0
2004-11-17 00:00:00+05:30,29.0,29.0,29.0,29.0,20832,29.0,29.0,29.0,0.0,26.417282659987688,1,29.0,29.0,29.0
2004-11-18 00:00:00+05:30,29.0,29.0,29.0,29.0,8622,29.0,29.0,29.0,0.0,26.417282659987688,1,29.0,29.0,29.0
2004-11-19 00:00:00+05:30,29.0,29.0,29.0,29.0,13437,29.0,29.0,29.0,0.0,26.417282659987688,1,29.0,29.0,29.0
2004-11-22 00:00:00+05:30,29.0,29.0,29.0,29.0,5022,29.0,29.0,29.0,0.0,26.486436446535862,1,29.0,29.0,29.0
2004-11-23 00:00:00+05:30,29.0,30.0,29.0,29.0,4092,29.0,29.0,29.0,0.0,26.80697898867443,1,29.0,29.0,29.0
2004-11-24 00:00:00+05:30,29.0,31.0,29.0,31.0,151092,29.333333333333332,29.5,29.166666666666664,0.011363636363636445,26.85469982912745,1,29.08,29.863836717690617,28.29616328230938
2004-11-25 00:00:00+05:30,30.0,32.0,30.0,32.0,69462,30.333333333333332,30.0,30.666666666666664,0.0219780219780219,27.42051183596235,1,29.2,30.5856406460551,27.814359353944898
2004-11-29 00:00:00+05:30,30.0,32.0,30.0,32.0,34842,31.333333333333332,31.0,31.666666666666664,0.021276595744680778,27.42051183596235,1,29.32,31.08363261480389,27.55636738519611
2004-11-30 00:00:00+05:30,32.0,32.0,31.0,31.0,31407,31.333333333333332,31.0,31.666666666666664,0.021276595744680778,27.42051183596235,1,29.4,31.276166303929372,27.523833696070625
2004-12-01 00:00:00+05:30,30.0,31.0,30.0,31.0,37947,31.333333333333332,31.5,31.166666666666664,0.010638297872340502,27.42051183596235,1,29.48,31.44936538001459,27.51063461998541
2004-12-02 00:00:00+05:30,31.0,31.0,30.0,30.0,5907,30.666666666666668,30.5,30.833333333333336,0.01086956521739138,27.42051183596235,1,29.52,31.48936538001459,27.55063461998541
2004-12-03 00:00:00+05:30,30.0,32.0,30.0,31.0,62592,30.333333333333332,30.5,30.166666666666664,0.010989010989011068,27.42051183596235,1,29.6,31.639607805437116,27.560392194562887
2005-03-07 00:00:00+05:30,40.0,40.0,37.0,39.0,17007,31.0,31.0,31.0,0.0,31.4403279290189,1,30.0,34.19523539268061,25.80476460731939
2005-03-08 00:00:00+05:30,39.0,42.0,39.0,42.0,605832,38.666666666666664,38.5,38.83333333333333,0.008620689655172292,32.88271481185814,1,30.52,36.79681447869857,24.243185521301427
2005-03-09 00:00:00+05:30,40.0,43.0,40.0,42.0,82227,41.0,40.5,41.5,0.024390243902439025,33.347406219383814,1,31.04,38.723332610267505,23.356667389732497
2005-03-10 00:00:00+05:30,43.0,50.0,43.0,50.0,252747,41.666666666666664,41.5,41.83333333333333,0.007999999999999887,36.43350997060846,1,31.88,42.51308045676323,21.24691954323677
2005-03-11 00:00:00+05:30,51.0,60.0,50.0,56.0,1442502,47.666666666666664,46.5,48.83333333333333,0.048951048951048855,42.53616957178412,1,32.96,47.107565161539284,18.812434838460717
2005-03-14 00:00:00+05:30,55.0,60.0,52.0,53.0,614832,55.333333333333336,55.0,55.66666666666667,0.012048192771084423,42.53616957178412,1,33.92,49.98905099873667,17.850949001263327
2005-03-15 00:00:00+05:30,53.0,56.0,52.0,55.0,318072,55.0,56.0,54.0,0.03636363636363636,42.53616957178412,1,34.96,52.87964285358389,17.04035714641611
2005-03-16 00:00:00+05:30,56.0,59.0,53.0,54.0,352977,54.333333333333336,54.0,54.66666666666667,0.012269938650306835,42.53616957178412,1,35.96,55.18065555593774,16.73934444406226
2005-03-17 00:00:00+05:30,56.0,60.0,54.0,58.0,938547,55.333333333333336,56.0,54.66666666666667,0.02409638554216859,42.53616957178412,1,37.12,57.95320426626687,16.286795733733122
2005-03-18 00:00:00+05:30,59.0,60.0,56.0,57.0,228237,57.333333333333336,57.0,57.66666666666667,0.011627906976744267,42.53616957178412,1,38.24,60.18742809533728,16.29257190466272
2005-03-21 00:00:00+05:30,58.0,62.0,58.0,60.0,545367,57.666666666666664,58.0,57.33333333333333,0.01156069364161858,42.53616957178412,1,39.48,62.66703085778773,16.292969142212264
2005-03-22 00:00:00+05:30,61.0,61.0,56.0,57.0,162747,60.0,60.0,60.0,0.0,42.53616957178412,1,40.6,64.35205254288564,16.847947457114355
2005-03-23 00:00:00+05:30,58.0,59.0,55.0,56.0,142497,58.0,58.5,57.5,0.017241379310344827,42.53616957178412,1,41.68,65.67813326073511,17.68186673926489
2005-03-24 00:00:00+05:30,57.0,58.0,51.0,51.0,214527,56.666666666666664,57.0,56.33333333333333,0.011764705882353026,42.53616957178412,1,42.56,66.24513457846504,18.874865421534956
2005-03-28 00:00:00+05:30,50.0,54.0,49.0,51.0,227202,53.333333333333336,54.5,52.16666666666667,0.04374999999999991,42.53616957178412,1,43.44,66.67500806972102,20.204991930278982
2005-03-29 00:00:00+05:30,51.0,51.0,48.0,48.0,70167,51.333333333333336,51.5,51.16666666666667,0.006493506493506401,42.53616957178412,1,44.2,66.72820454452598,21.671795455474026
2005-03-30 00:00:00+05:30,48.0,50.0,48.0,49.0,34257,49.0,49.5,48.5,0.02040816326530612,42.53616957178412,1,45.0,66.71819513679719,23.28180486320281
2005-03-31 00:00:00+05:30,49.0,51.0,49.0,51.0,113997,49.0,49.0,49.0,0.0,42.53616957178412,1,45.88,66.69783850451341,25.062161495486592
2005-04-01 00:00:00+05:30,51.0,52.0,50.0,52.0,58692,50.333333333333336,50.0,50.66666666666667,0.013245033112582875,42.53616957178412,1,46.72,66.7481402032241,26.691859796775905
2005-04-04 00:00:00+05:30,53.0,53.0,52.0,52.0,54762,51.333333333333336,51.0,51.66666666666667,0.012987012987013078,42.53616957178412,1,47.52,66.71266526566859,28.32733473433142
2005-04-05 00:00:00+05:30,52.0,53.0,51.0,52.0,27162,52.333333333333336,52.5,52.16666666666667,0.006369426751592266,42.53616957178412,1,48.32,66.49884484778946,30.141155152210537
2005-04-06 00:00:00+05:30,52.0,53.0,51.0,52.0,22587,52.0,52.0,52.0,0.0,42.53616957178412,1,49.16,65.9474238643099,32.372576135690096
2005-04-07 00:00:00+05:30,53.0,53.0,50.0,51.0,14712,52.0,52.0,52.0,0.0,42.53616957178412,1,49.96,65.02763418722401,34.892365812775985
2005-04-08 00:00:00+05:30,50.0,53.0,49.0,52.0,53412,51.333333333333336,51.5,51.16666666666667,0.006493506493506401,42.53616957178412,1,50.84,63.52296495303847,38.15703504696154
2005-04-11 00:00:00+05:30,53.0,55.0,53.0,54.0,142257,51.333333333333336,51.0,51.66666666666667,0.012987012987013078,42.53616957178412,1,51.76,61.56253028559475,41.95746971440525
2005-04-12 00:00:00+05:30,54.0,55.0,54.0,54.0,18867,54.0,54.0,54.0,0.0,42.53616957178412,1,52.36,60.690762270044814,44.029237729955184
2005-04-13 00:00:00+05:30,54.0,55.0,54.0,55.0,26247,54.333333333333336,54.5,54.16666666666667,0.006134969325153287,42.53616957178412,1,52.88,60.10927382245288,45.65072617754713
2005-04-15 00:00:00+05:30,55.0,55.0,54.0,55.0,98352,54.666666666666664,54.5,54.83333333333333,0.00609756097560967,42.53616957178412,1,53.4,59.141080037763146,47.65891996223685
2005-04-18 00:00:00+05:30,53.0,55.0,53.0,55.0,5862,54.666666666666664,54.5,54.83333333333333,0.00609756097560967,42.53616957178412,1,53.6,59.20000000000023,47.99999999999977
2005-04-19 00:00:00+05:30,55.0,57.0,55.0,55.0,23397,54.333333333333336,54.0,54.66666666666667,0.012269938650306835,42.53616957178412,1,53.56,59.10487150437254,48.015128495627465
2005-04-20 00:00:00+05:30,54.0,55.0,54.0,54.0,16047,55.666666666666664,56.0,55.33333333333333,0.011976047904191702,42.53616957178412,1,53.6,59.142562584220634,48.05743741577937
2005-04-21 00:00:00+05:30,54.0,55.0,54.0,55.0,3612,54.333333333333336,54.5,54.16666666666667,0.006134969325153287,42.53616957178412,1,53.6,59.142562584220634,48.05743741577937
2005-04-22 00:00:00+05:30,57.0,57.0,56.0,56.0,36972,54.666666666666664,54.5,54.83333333333333,0.00609756097560967,42.53616957178412,1,53.68,59.30053378248032,48.05946621751968
2005-04-25 00:00:00+05:30,57.0,57.0,56.0,56.0,24522,56.333333333333336,56.5,56.16666666666667,0.005917159763313525,42.53616957178412,1,53.6,59.02586398650045,48.174136013499556
2005-04-26 00:00:00+05:30,55.0,56.0,55.0,55.0,1872,56.333333333333336,56.5,56.16666666666667,0.005917159763313525,42.53616957178412,1,53.52,58.80000000000024,48.23999999999977
2005-04-27 00:00:00+05:30,55.0,56.0,54.0,55.0,38007,55.333333333333336,55.5,55.16666666666667,0.006024096385542083,42.53616957178412,1,53.32,57.94064930502224,48.69935069497776
2005-04-28 00:00:00+05:30,54.0,55.0,54.0,54.0,2607,55.0,55.0,55.0,0.0,42.53616957178412,1,53.2,57.581780460041614,48.81821953995839
2005-04-29 00:00:00+05:30,53.0,54.0,53.0,54.0,40452,54.333333333333336,54.5,54.16666666666667,0.006134969325153287,42.53616957178412,1,53.12,57.3652797316552,48.874720268344795
2005-05-02 00:00:00+05:30,53.0,54.0,53.0,53.0,7257,53.666666666666664,53.5,53.83333333333333,0.0062111801242235145,42.53616957178412,1,53.2,57.356921938165605,49.0430780618344
2005-05-03 00:00:00+05:30,53.0,53.0,52.0,52.0,6597,53.333333333333336,53.5,53.16666666666667,0.006249999999999911,42.53616957178412,1,53.24,57.33018336997286,49.149816630027146
2005-05-04 00:00:00+05:30,53.0,53.0,51.0,52.0,5757,52.333333333333336,52.5,52.16666666666667,0.006369426751592266,42.53616957178412,1,53.4,56.932704346531494,49.8672956534685
2005-05-05 00:00:00+05:30,52.0,53.0,52.0,52.0,6882,52.0,52.0,52.0,0.0,42.53616957178412,1,53.52,56.62457726590957,50.415422734090434
2005-05-06 00:00:00+05:30,52.0,53.0,52.0,52.0,8367,52.333333333333336,52.5,52.16666666666667,0.006369426751592266,42.53616957178412,1,53.56,56.557599039231654,50.56240096076835
2005-05-09 00:00:00+05:30,52.0,53.0,52.0,53.0,12057,52.333333333333336,52.5,52.16666666666667,0.006369426751592266,42.53616957178412,1,53.6,56.539387691340245,50.66061230865976
2005-05-10 00:00:00+05:30,52.0,52.0,51.0,51.0,972,52.666666666666664,52.5,52.83333333333333,0.0063291139240505435,42.53616957178412,1,53.56,56.61050815439044,50.50949184560957
2005-05-11 00:00:00+05:30,53.0,53.0,51.0,51.0,6267,51.333333333333336,51.5,51.16666666666667,0.006493506493506401,42.53616957178412,1,53.52,56.67569326773096,50.36430673226904
2005-05-12 00:00:00+05:30,51.0,53.0,51.0,52.0,22662,51.666666666666664,52.0,51.33333333333333,0.012903225806451705,42.53616957178412,1,53.52,56.67569326773096,50.36430673226904
2005-05-13 00:00:00+05:30,52.0,53.0,51.0,52.0,34602,52.0,52.0,52.0,0.0,42.53616957178412,1,53.56,56.61050815439044,50.50949184560957
2005-05-16 00:00:00+05:30,52.0,54.0,52.0,53.0,19737,52.0,52.0,52.0,0.0,42.53616957178412,1,53.6,56.593325909419576,50.60667409058043
2005-05-17 00:00:00+05:30,55.0,55.0,51.0,51.0,18567,53.0,53.0,53.0,0.0,42.53616957178412,1,53.48,56.63569326773096,50.32430673226904
2005-05-18 00:00:00+05:30,51.0,51.0,50.0,51.0,3162,52.333333333333336,53.0,51.66666666666667,0.025477707006369334,42.53616957178412,1,53.36,56.65265850036145,50.06734149963855
2005-05-19 00:00:00+05:30,51.0,52.0,51.0,52.0,3822,50.666666666666664,50.5,50.83333333333333,0.0065789473684209595,42.53616957178412,1,53.24,56.50337248869976,49.976627511300244
2005-05-20 00:00:00+05:30,52.0,53.0,51.0,52.0,23757,51.666666666666664,51.5,51.83333333333333,0.006451612903225715,42.53616957178412,1,53.12,56.33596019875906,49.904039801240934
2005-05-23 00:00:00+05:30,52.0,53.0,52.0,52.0,4347,52.0,52.0,52.0,0.0,42.53616957178412,1,53.0,56.149603149605106,49.850396850394894
2005-05-24 00:00:00+05:30,52.0,53.0,52.0,52.0,1122,52.333333333333336,52.5,52.16666666666667,0.006369426751592266,42.53616957178412,1,52.88,55.943070355052654,49.81692964494735
2005-05-25 00:00:00+05:30,53.0,53.0,51.0,52.0,8607,52.333333333333336,52.5,52.16666666666667,0.006369426751592266,42.53616957178412,1,52.8,55.84630924234595,49.75369075765404
2005-05-26 00:00:00+05:30,53.0,54.0,52.0,52.0,16512,52.0,52.0,52.0,0.0,42.53616957178412,1,52.68,55.60410670119993,49.75589329880007
2005-05-27 00:00:00+05:30,53.0,55.0,53.0,54.0,29052,52.666666666666664,53.0,52.33333333333333,0.012658227848101356,42.53616957178412,1,52.6,55.25329983228476,49.94670016771524
2005-05-30 00:00:00+05:30,53.0,56.0,51.0,54.0,12867,54.0,54.0,54.0,0.0,42.53616957178412,1,52.52,54.86059821413295,50.17940178586706
2005-05-31 00:00:00+05:30,54.0,55.0,54.0,55.0,21147,53.666666666666664,53.5,53.83333333333333,0.0062111801242235145,42.53616957178412,1,52.52,54.86059821413295,50.17940178586706
2005-06-01 00:00:00+05:30,55.0,56.0,55.0,55.0,3327,54.666666666666664,54.5,54.83333333333333,0.00609756097560967,42.53616957178412,1,52.52,54.86059821413295,50.17940178586706
2005-06-02 00:00:00+05:30,55.0,56.0,55.0,55.0,6147,55.333333333333336,55.5,55.16666666666667,0.006024096385542083,42.53616957178412,1,52.56,55.03095123383736,50.08904876616265
2005-06-03 00:00:00+05:30,56.0,56.0,54.0,54.0,62547,55.333333333333336,55.5,55.16666666666667,0.006024096385542083,42.53616957178412,1,52.56,55.03095123383736,50.08904876616265
2005-06-06 00:00:00+05:30,54.0,55.0,53.0,54.0,23712,54.666666666666664,55.0,54.33333333333333,0.0121951219512196,42.53616957178412,1,52.6,55.12982212813517,50.070177871864836
2005-06-07 00:00:00+05:30,55.0,55.0,54.0,54.0,1107,54.0,54.0,54.0,0.0,42.53616957178412,1,52.68,55.25495631030943,50.10504368969057
2005-06-08 00:00:00+05:30,55.0,55.0,52.0,53.0,19857,54.333333333333336,54.5,54.16666666666667,0.006134969325153287,42.53616957178412,1,52.72,55.28249878048797,50.15750121951203
2005-06-09 00:00:00+05:30,53.0,53.0,52.0,52.0,8562,53.333333333333336,53.5,53.16666666666667,0.006249999999999911,42.53616957178412,1,52.72,55.28249878048797,50.15750121951203
2005-06-10 00:00:00+05:30,57.0,57.0,52.0,52.0,24927,52.333333333333336,52.5,52.16666666666667,0.006369426751592266,42.53616957178412,1,52.72,55.28249878048797,50.15750121951203
2005-06-13 00:00:00+05:30,53.0,53.0,52.0,53.0,4152,53.666666666666664,54.5,52.83333333333333,0.031055900621118102,42.53616957178412,1,52.72,55.28249878048797,50.15750121951203
2005-06-14 00:00:00+05:30,52.0,52.0,52.0,52.0,102,52.666666666666664,52.5,52.83333333333333,0.0063291139240505435,42.53616957178412,1,52.76,55.24386795140207,50.27613204859792
2005-06-15 00:00:00+05:30,52.0,52.0,52.0,52.0,1497,52.0,52.0,52.0,0.0,42.53616957178412,1,52.8,55.200000000000486,50.39999999999951
2005-06-16 00:00:00+05:30,52.0,52.0,51.0,52.0,3282,52.0,52.0,52.0,0.0,42.53616957178412,1,52.8,55.200000000000486,50.39999999999951
2005-06-17 00:00:00+05:30,51.0,53.0,50.0,52.0,15927,51.666666666666664,51.5,51.83333333333333,0.006451612903225715,42.53616957178412,1,52.8,55.200000000000486,50.39999999999951
2005-06-20 00:00:00+05:30,53.0,53.0,52.0,52.0,7557,51.666666666666664,51.5,51.83333333333333,0.006451612903225715,42.53616957178412,1,52.76,55.17859463325344,50.34140536674656
2005-06-21 00:00:00+05:30,51.0,53.0,51.0,52.0,19377,52.333333333333336,52.5,52.16666666666667,0.006369426751592266,42.53616957178412,1,52.8,55.13238075793863,50.46761924206137
2005-06-22 00:00:00+05:30,51.0,53.0,51.0,52.0,5847,52.0,52.0,52.0,0.0,42.53616957178412,1,52.84,55.08000000000053,50.599999999999476
2005-06-23 00:00:00+05:30,51.0,53.0,51.0,53.0,5802,52.0,52.0,52.0,0.0,42.53616957178412,1,52.88,55.094136400496225,50.66586359950378
2005-06-24 00:00:00+05:30,53.0,54.0,53.0,53.0,11832,52.333333333333336,52.0,52.66666666666667,0.012738853503184802,42.53616957178412,1,52.92,55.10504004540017,50.73495995459983
2005-06-27 00:00:00+05:30,52.0,53.0,52.0,53.0,9687,53.333333333333336,53.5,53.16666666666667,0.006249999999999911,42.53616957178412,1,52.96,55.112579847532345,50.80742015246766
2005-06-28 00:00:00+05:30,53.0,53.0,49.0,50.0,13512,52.666666666666664,52.5,52.83333333333333,0.0063291139240505435,42.53616957178412,1,52.88,55.30123935206794,50.45876064793207
2005-06-29 00:00:00+05:30,50.0,52.0,50.0,51.0,1992,50.666666666666664,51.0,50.33333333333333,0.0131578947368422,42.53616957178412,1,52.84,55.34950194261778,50.33049805738223
2005-06-30 00:00:00+05:30,52.0,52.0,51.0,51.0,11277,51.0,51.0,51.0,0.0,42.53616957178412,1,52.8,55.3922962793636,50.207703720636395
2005-07-01 00:00:00+05:30,53.0,53.0,51.0,52.0,12057,51.333333333333336,51.5,51.16666666666667,0.006493506493506401,42.53616957178412,1,52.72,55.28249878048798,50.15750121951202
2005-07-04 00:00:00+05:30,53.0,53.0,52.0,52.0,2742,52.0,52.0,52.0,0.0,42.53616957178412,1,52.64,55.162221243269975,50.117778756730026
2005-07-05 00:00:00+05:30,52.0,52.0,51.0,52.0,1497,52.333333333333336,52.5,52.16666666666667,0.006369426751592266,42.53616957178412,1,52.52,54.86059821413295,50.17940178586706
2005-07-06 00:00:00+05:30,51.0,53.0,51.0,51.0,8412,51.666666666666664,51.5,51.83333333333333,0.006451612903225715,42.53616957178412,1,52.36,54.54210907151827,50.17789092848173
2005-07-07 00:00:00+05:30,51.0,51.0,51.0,51.0,1392,51.666666666666664,52.0,51.33333333333333,0.012903225806451705,42.53616957178412,1,52.2,54.15959179422714,50.240408205772866
2005-07-08 00:00:00+05:30,51.0,53.0,51.0,51.0,3702,51.0,51.0,51.0,0.0,42.53616957178412,1,52.08,53.949331431288286,50.21066856871171
2005-07-11 00:00:00+05:30,51.0,52.0,51.0,52.0,3417,51.666666666666664,52.0,51.33333333333333,0.012903225806451705,42.53616957178412,1,52.0,53.69705627484839,50.30294372515161
2005-07-12 00:00:00+05:30,51.0,52.0,50.0,51.0,9312,51.666666666666664,51.5,51.83333333333333,0.006451612903225715,42.53616957178412,1,51.88,53.410490117577474,50.34950988242253
2005-07-13 00:00:00+05:30,52.0,52.0,51.0,51.0,12192,51.0,51.0,51.0,0.0,42.53616957178412,1,51.8,53.29666295471034,50.30333704528965
2005-07-14 00:00:00+05:30,50.0,52.0,50.0,51.0,17382,51.333333333333336,51.5,51.16666666666667,0.006493506493506401,42.53616957178412,1,51.76,53.28630272226786,50.233697277732134
2005-07-15 00:00:00+05:30,51.0,51.0,50.0,51.0,3327,51.0,51.0,51.0,0.0,42.53616957178412,1,51.72,53.27125755437396,50.16874244562604
2005-07-18 00:00:00+05:30,51.0,51.0,51.0,51.0,8652,50.666666666666664,50.5,50.83333333333333,0.0065789473684209595,42.53616957178412,1,51.64,53.12377895928008,50.15622104071992
2005-07-19 00:00:00+05:30,50.0,51.0,49.0,51.0,9147,51.0,51.0,51.0,0.0,42.53616957178412,1,51.6,53.09666295471034,50.10333704528966
2005-07-20 00:00:00+05:30,51.0,51.0,50.0,50.0,2457,50.333333333333336,50.0,50.66666666666667,0.013245033112582875,42.53616957178412,1,51.52,53.1319553343695,49.908044665630506
2005-07-21 00:00:00+05:30,51.0,52.0,50.0,50.0,23337,50.333333333333336,50.5,50.16666666666667,0.006622516556291296,42.53616957178412,1,51.44,53.144582060213665,49.73541793978633
2005-07-22 00:00:00+05:30,51.0,51.0,50.0,51.0,20097,50.666666666666664,51.0,50.33333333333333,0.0131578947368422,42.53616957178412,1,51.4,53.097056274848384,49.70294372515161
2005-07-25 00:00:00+05:30,51.0,51.0,50.0,51.0,2262,50.666666666666664,50.5,50.83333333333333,0.0065789473684209595,42.53616957178412,1,51.36,53.045704600457114,49.674295399542885
2005-07-26 00:00:00+05:30,50.0,52.0,50.0,52.0,39522,50.666666666666664,50.5,50.83333333333333,0.0065789473684209595,42.53616957178412,1,51.36,53.045704600457114,49.674295399542885
2005-07-27 00:00:00+05:30,51.0,51.0,51.0,51.0,4047,51.333333333333336,51.0,51.66666666666667,0.012987012987013078,42.53616957178412,1,51.32,52.990449041426366,49.649550958573634
2005-07-29 00:00:00+05:30,51.0,52.0,51.0,51.0,2127,51.0,51.0,51.0,0.0,42.53616957178412,1,51.24,52.76630272226786,49.713697277732145
2005-08-01 00:00:00+05:30,51.0,51.0,50.0,51.0,2637,51.333333333333336,51.5,51.16666666666667,0.006493506493506401,42.53616957178412,1,51.16,52.50818396370905,49.81181603629094
2005-08-02 00:00:00+05:30,51.0,51.0,51.0,51.0,3627,50.666666666666664,50.5,50.83333333333333,0.0065789473684209595,42.53616957178412,1,51.08,52.200000000001005,49.95999999999899
2005-08-03 00:00:00+05:30,51.0,51.0,51.0,51.0,2427,51.0,51.0,51.0,0.0,42.53616957178412,1,51.12,52.1507278981391,50.08927210186089
2005-08-04 00:00:00+05:30,51.0,52.0,51.0,52.0,20472,51.0,51.0,51.0,0.0,42.53616957178412,1,51.16,52.24517279730108,50.07482720269891
2005-08-05 00:00:00+05:30,51.0,57.0,49.0,55.0,73197,51.666666666666664,51.5,51.83333333333333,0.006451612903225715,42.53616957178412,1,51.32,53.172133904447044,49.46786609555296
2005-08-08 00:00:00+05:30,58.0,60.0,51.0,55.0,57207,53.666666666666664,53.0,54.33333333333333,0.02484472049689432,42.53616957178412,1,51.44,53.77786227139288,49.10213772860712
2005-08-09 00:00:00+05:30,55.0,55.0,53.0,54.0,9267,55.333333333333336,55.5,55.16666666666667,0.006024096385542083,42.53616957178412,1,51.52,54.05740024434504,48.98259975565497
2005-08-10 00:00:00+05:30,55.0,55.0,55.0,55.0,6957,54.0,54.0,54.0,0.0,42.53616957178412,1,51.64,54.51777691977719,48.76222308022281
2005-08-11 00:00:00+05:30,52.0,56.0,52.0,55.0,21987,55.0,55.0,55.0,0.0,42.53616957178412,1,51.8,54.94960314960508,48.65039685039491
2005-08-12 00:00:00+05:30,53.0,54.0,53.0,54.0,1302,54.333333333333336,54.0,54.66666666666667,0.012269938650306835,42.53616957178412,1,51.92,55.165674044016484,48.67432595598352
2005-08-16 00:00:00+05:30,55.0,57.0,54.0,54.0,53457,53.666666666666664,53.5,53.83333333333333,0.0062111801242235145,42.53616957178412,1,52.04,55.361686318724615,48.71831368127538
2005-08-17 00:00:00+05:30,55.0,55.0,54.0,54.0,6987,55.0,55.5,54.5,0.01818181818181818,42.53616957178412,1,52.12,55.52916412042634,48.71083587957366
2005-08-18 00:00:00+05:30,54.0,59.0,54.0,56.0,32232,54.333333333333336,54.5,54.16666666666667,0.006134969325153287,42.53616957178412,1,52.32,56.01735040265355,48.62264959734645
2005-08-19 00:00:00+05:30,57.0,57.0,55.0,55.0,3702,56.333333333333336,56.5,56.16666666666667,0.005917159763313525,42.53616957178412,1,52.48,56.27978946785244,48.680210532147555
2005-08-22 00:00:00+05:30,55.0,56.0,55.0,55.0,13077,55.666666666666664,56.0,55.33333333333333,0.011976047904191702,42.53616957178412,1,52.64,56.51318989981157,48.76681010018843
2005-08-23 00:00:00+05:30,57.0,57.0,54.0,55.0,9957,55.333333333333336,55.5,55.16666666666667,0.006024096385542083,42.53616957178412,1,52.8,56.71918358845338,48.88081641154661
2005-08-24 00:00:00+05:30,54.0,55.0,52.0,55.0,41337,55.333333333333336,55.5,55.16666666666667,0.006024096385542083,42.53616957178412,1,52.96,56.89873076002947,49.02126923997053
2005-08-25 00:00:00+05:30,55.0,56.0,54.0,56.0,19887,54.0,53.5,54.5,0.018518518518518517,42.53616957178412,1,53.16,57.18710814356932,49.132891856430675
2005-08-26 00:00:00+05:30,53.0,57.0,52.0,56.0,20202,55.333333333333336,55.0,55.66666666666667,0.012048192771084423,42.53616957178412,1,53.4,57.35979797464496,49.440202025355035
2005-08-29 00:00:00+05:30,56.0,57.0,54.0,55.0,9927,55.0,54.5,55.5,0.01818181818181818,42.53616957178412,1,53.6,57.35233260785906,49.84766739214094
2005-08-30 00:00:00+05:30,56.0,56.0,56.0,56.0,12567,55.333333333333336,55.5,55.16666666666667,0.006024096385542083,42.53616957178412,1,53.8,57.509447398198596,50.0905526018014
2005-08-31 00:00:00+05:30,56.0,58.0,56.0,58.0,87927,56.0,56.0,56.0,0.0,42.53616957178412,1,54.08,57.95484193226025,50.205158067739745
2005-11-30 00:00:00+05:30,92.0,96.0,92.0,96.0,108582,57.333333333333336,57.0,57.66666666666667,0.011627906976744267,68.46995294733597,1,55.84,72.66550445009013,39.01449554990988
2005-12-01 00:00:00+05:30,98.0,101.0,98.0,101.0,209457,94.66666666666667,94.0,95.33333333333334,0.01408450704225362,73.59115482944253,1,57.84,82.12286638764054,33.557133612359465
2005-12-02 00:00:00+05:30,102.0,106.0,102.0,106.0,75222,100.0,99.5,100.5,0.01,77.72750863626483,1,60.04,90.60000000000004,29.479999999999958
2005-12-05 00:00:00+05:30,107.0,111.0,107.0,108.0,132957,104.66666666666667,104.0,105.33333333333334,0.012738853503184802,82.37840829081424,1,62.32,97.92997613029252,26.710023869707484
2005-12-06 00:00:00+05:30,107.0,109.0,106.0,107.0,62772,108.66666666666667,109.0,108.33333333333334,0.006134969325153287,82.37840829081424,1,64.56,103.89072081719331,25.2292791828067
2005-12-07 00:00:00+05:30,108.0,108.0,107.0,107.0,35472,107.33333333333333,107.5,107.16666666666666,0.0031055900621118895,82.37840829081424,1,66.8,109.05636046798165,24.54363953201834
2005-12-08 00:00:00+05:30,106.0,108.0,106.0,107.0,30672,107.33333333333333,107.5,107.16666666666666,0.0031055900621118895,82.37840829081424,1,69.0,113.60672595024212,24.393274049757885
2005-12-09 00:00:00+05:30,107.0,107.0,102.0,105.0,31722,107.0,107.0,107.0,0.0,82.37840829081424,1,71.0,117.36550441869477,24.63449558130523
2005-12-12 00:00:00+05:30,103.0,105.0,101.0,103.0,77337,104.66666666666667,104.5,104.83333333333334,0.0031847133757962687,82.37840829081424,1,72.92,120.43730632096063,25.40269367903938
2005-12-13 00:00:00+05:30,103.0,103.0,98.0,99.0,53802,103.0,103.0,103.0,0.0,82.37840829081424,1,74.72,122.64166942000253,26.798330579997476
2005-12-14 00:00:00+05:30,99.0,101.0,96.0,97.0,44067,100.0,100.5,99.5,0.01,82.37840829081424,1,76.4,124.38333043880974,28.416669561190268
2005-12-15 00:00:00+05:30,99.0,100.0,94.0,96.0,18207,98.0,98.5,97.5,0.01020408163265306,82.37840829081424,1,78.04,125.78760308120195,30.292396918798055
2005-12-16 00:00:00+05:30,96.0,98.0,94.0,96.0,7647,96.66666666666667,97.0,96.33333333333334,0.006896551724137833,82.37840829081424,1,79.72,126.91837285330932,32.521627146690676
2005-12-19 00:00:00+05:30,95.0,97.0,93.0,94.0,15387,96.0,96.0,96.0,0.0,82.37840829081424,1,81.32,127.62583548539003,35.01416451460996
2005-12-20 00:00:00+05:30,90.0,94.0,90.0,93.0,158817,94.66666666666667,95.0,94.33333333333334,0.00704225352112666,82.37840829081424,1,82.88,128.0120551271489,37.74794487285109
2005-12-21 00:00:00+05:30,93.0,95.0,93.0,94.0,67887,92.33333333333333,92.0,92.66666666666666,0.007220216606498093,82.37840829081424,1,84.4,128.35270185096712,40.447298149032896
2005-12-22 00:00:00+05:30,95.0,95.0,94.0,95.0,6282,94.0,94.0,94.0,0.0,82.37840829081424,1,86.0,128.4414891350434,43.55851086495659
2005-12-23 00:00:00+05:30,97.0,97.0,91.0,93.0,18567,94.66666666666667,94.5,94.83333333333334,0.00352112676056348,82.37840829081424,1,87.52,128.09238469698334,46.94761530301665
2005-12-26 00:00:00+05:30,89.0,95.0,89.0,93.0,43602,93.66666666666667,94.0,93.33333333333334,0.007117437722419827,82.37840829081424,1,89.04,127.41282371679219,50.66717628320782
2005-12-27 00:00:00+05:30,91.0,95.0,91.0,93.0,42192,92.33333333333333,92.0,92.66666666666666,0.007220216606498093,82.37840829081424,1,90.56,126.34191722085345,54.77808277914655
2005-12-28 00:00:00+05:30,92.0,94.0,92.0,93.0,42897,93.0,93.0,93.0,0.0,82.37840829081424,1,92.04,124.92515774631481,59.1548422536852
2005-12-29 00:00:00+05:30,93.0,94.0,93.0,93.0,46272,93.0,93.0,93.0,0.0,82.37840829081424,1,93.52,122.930855138877,64.10914486112299
2005-12-30 00:00:00+05:30,90.0,95.0,90.0,93.0,30072,93.33333333333333,93.5,93.16666666666666,0.0035714285714286732,82.37840829081424,1,95.04,119.90752098621833,70.17247901378168
2006-01-02 00:00:00+05:30,95.0,95.0,93.0,94.0,13032,92.66666666666667,92.5,92.83333333333334,0.0035971223021583755,82.37840829081424,1,96.56,115.67715459999235,77.44284540000766
2006-01-03 00:00:00+05:30,93.0,98.0,93.0,98.0,177627,94.0,94.0,94.0,0.0,82.37840829081424,1,98.16,109.00700880427448,87.31299119572552
2006-01-04 00:00:00+05:30,100.0,102.0,97.0,97.0,39747,96.33333333333333,95.5,97.16666666666666,0.017301038062283638,82.37840829081424,1,98.2,109.02219940677531,87.37780059322469
2006-01-05 00:00:00+05:30,98.0,102.0,97.0,102.0,639822,98.66666666666667,99.5,97.83333333333334,0.016891891891891796,82.37840829081424,1,98.24,109.1105841609367,87.3694158390633
2006-01-06 00:00:00+05:30,106.0,107.0,104.0,107.0,203217,100.33333333333333,99.5,101.16666666666666,0.01661129568106303,82.37840829081424,1,98.28,109.27119647718155,87.28880352281845
2006-01-09 00:00:00+05:30,110.0,110.0,103.0,104.0,94947,106.0,105.5,106.5,0.009433962264150943,82.37840829081424,1,98.12,108.64722185574182,87.59277814425819
2006-01-10 00:00:00+05:30,103.0,105.0,103.0,104.0,19437,105.66666666666667,106.5,104.83333333333334,0.015772870662460477,82.37840829081424,1,98.0,108.18233764908668,87.81766235091332
2006-01-12 00:00:00+05:30,101.0,105.0,101.0,104.0,11307,104.0,104.0,104.0,0.0,82.37840829081424,1,97.88,107.69949082183022,88.06050917816977
2006-01-13 00:00:00+05:30,103.0,107.0,103.0,106.0,57102,103.33333333333333,103.0,103.66666666666666,0.006451612903225715,82.37840829081424,1,97.84,107.51768567375528,88.16231432624473
2006-01-16 00:00:00+05:30,105.0,109.0,105.0,108.0,78612,105.33333333333333,105.0,105.66666666666666,0.0063291139240505435,82.37840829081424,1,97.96,108.05522659478271,87.86477340521728
2006-01-17 00:00:00+05:30,108.0,108.0,105.0,106.0,11727,107.33333333333333,107.0,107.66666666666666,0.0062111801242235145,82.37840829081424,1,98.08,108.47876915793441,87.68123084206559
2006-01-18 00:00:00+05:30,105.0,105.0,103.0,103.0,34812,106.33333333333333,106.5,106.16666666666666,0.0031347962382446033,82.37840829081424,1,98.24,108.81211426347672,87.66788573652327
2006-01-19 00:00:00+05:30,104.0,105.0,103.0,104.0,6162,103.66666666666667,104.0,103.33333333333334,0.00643086816720248,82.37840829081424,1,98.52,109.3143689023494,87.72563109765059
2006-01-20 00:00:00+05:30,105.0,106.0,104.0,105.0,11202,104.0,104.0,104.0,0.0,82.37840829081424,1,98.88,109.91188107260079,87.8481189273992
2006-01-23 00:00:00+05:30,105.0,105.0,103.0,103.0,61332,105.0,105.0,105.0,0.0,82.37840829081424,1,99.16,110.24050540363605,88.07949459636394
2006-01-24 00:00:00+05:30,106.0,107.0,104.0,105.0,5952,103.66666666666667,104.0,103.33333333333334,0.00643086816720248,82.37840829081424,1,99.6,110.69954954040962,88.50045045959037
2006-01-25 00:00:00+05:30,105.0,109.0,103.0,105.0,38157,105.33333333333333,105.5,105.16666666666666,0.0031645569620254066,82.37840829081424,1,100.08,111.03328261298901,89.12671738701098
2006-01-27 00:00:00+05:30,107.0,107.0,105.0,105.0,2082,105.66666666666667,106.0,105.33333333333334,0.006309148264984138,82.37840829081424,1,100.52,111.34397339242882,89.69602660757117
2006-01-30 00:00:00+05:30,102.0,104.0,99.0,100.0,13752,105.66666666666667,106.0,105.33333333333334,0.006309148264984138,82.37840829081424,1,100.72,111.31086398741893,90.12913601258107
2006-01-31 00:00:00+05:30,102.0,103.0,101.0,102.0,15372,101.0,101.5,100.5,0.009900990099009901,82.37840829081424,1,101.08,111.19802352240826,90.96197647759173
2006-02-01 00:00:00+05:30,102.0,102.0,100.0,100.0,3852,102.0,102.0,102.0,0.0,82.37840829081424,1,101.36,110.94131514981149,91.77868485018851
2006-02-02 00:00:00+05:30,100.0,100.0,99.0,100.0,5727,100.66666666666667,101.0,100.33333333333334,0.006622516556291296,82.37840829081424,1,101.64,110.61783938372741,92.66216061627259
2006-02-03 00:00:00+05:30,99.0,99.0,96.0,96.0,7407,99.66666666666667,99.5,99.83333333333334,0.0033444816053512655,82.37840829081424,1,101.76,110.34426467439157,93.17573532560844
2006-02-06 00:00:00+05:30,100.0,100.0,97.0,99.0,3612,97.0,97.5,96.5,0.010309278350515464,82.37840829081424,1,102.0,109.89936706325302,94.10063293674698
2006-02-07 00:00:00+05:30,99.0,99.0,98.0,98.0,5067,98.66666666666667,98.5,98.83333333333334,0.0033783783783784744,82.37840829081424,1,102.2,109.40000000000046,94.99999999999955
2006-02-08 00:00:00+05:30,97.0,99.0,97.0,97.0,12297,98.33333333333333,98.5,98.16666666666666,0.003389830508474673,82.37840829081424,1,102.32,109.05427056183566,95.58572943816432
2006-02-10 00:00:00+05:30,101.0,101.0,97.0,98.0,19707,97.66666666666667,98.0,97.33333333333334,0.006825938566552804,82.37840829081424,1,102.32,109.05427056183566,95.58572943816432
2006-02-13 00:00:00+05:30,97.0,100.0,97.0,97.0,25347,98.66666666666667,99.0,98.33333333333334,0.00675675675675666,82.37840829081424,1,102.32,109.05427056183566,95.58572943816432
2006-02-14 00:00:00+05:30,97.0,99.0,97.0,97.0,4437,98.0,98.5,97.5,0.01020408163265306,82.37840829081424,1,102.12,109.16999290779833,95.07000709220168
2006-02-15 00:00:00+05:30,97.0,98.0,96.0,97.0,31602,97.66666666666667,98.0,97.33333333333334,0.006825938566552804,82.37840829081424,1,101.72,108.75181342187112,94.68818657812888
2006-02-16 00:00:00+05:30,97.0,99.0,96.0,98.0,13287,97.0,97.0,97.0,0.0,82.37840829081424,1,101.48,108.5932552323115,94.3667447676885
2006-02-17 00:00:00+05:30,98.0,100.0,98.0,99.0,63327,97.66666666666667,97.5,97.83333333333334,0.0034129692832765473,82.37840829081424,1,101.28,108.37974647434731,94.18025352565269
2006-02-20 00:00:00+05:30,98.0,99.0,97.0,97.0,9957,99.0,99.0,99.0,0.0,82.37840829081424,1,101.0,108.2000000000005,93.7999999999995
2006-02-21 00:00:00+05:30,98.0,99.0,93.0,97.0,15372,97.66666666666667,98.0,97.33333333333334,0.006825938566552804,82.37840829081424,1,100.64,107.70269070539037,93.57730929460963
2006-02-22 00:00:00+05:30,98.0,98.0,95.0,96.0,4272,96.33333333333333,96.0,96.66666666666666,0.006920415224913397,82.37840829081424,1,100.16,106.77344085934149,93.5465591406585
2006-02-23 00:00:00+05:30,95.0,97.0,94.0,95.0,4482,96.33333333333333,96.5,96.16666666666666,0.003460207612456846,82.37840829081424,1,99.72,106.18269293715923,93.25730706284077
2006-02-24 00:00:00+05:30,94.0,94.0,92.0,94.0,9762,95.33333333333333,95.5,95.16666666666666,0.0034965034965035962,82.37840829081424,1,99.36,106.05041104865823,92.66958895134177
2006-02-27 00:00:00+05:30,94.0,96.0,92.0,93.0,151422,93.33333333333333,93.0,93.66666666666666,0.007142857142857042,82.37840829081424,1,98.92,105.77670474790978,92.06329525209023
2006-02-28 00:00:00+05:30,94.0,97.0,90.0,95.0,135822,93.66666666666667,94.0,93.33333333333334,0.007117437722419827,82.37840829081424,1,98.52,105.07121362802408,91.96878637197591
2006-03-01 00:00:00+05:30,95.0,97.0,94.0,95.0,29967,94.0,93.5,94.5,0.010638297872340425,82.37840829081424,1,98.2,104.62495136168428,91.77504863831572
2006-03-02 00:00:00+05:30,95.0,95.0,93.0,94.0,10137,95.33333333333333,95.5,95.16666666666666,0.0034965034965035962,82.37840829081424,1,97.76,103.7541304623781,91.76586953762191
2006-03-03 00:00:00+05:30,94.0,95.0,92.0,94.0,22497,94.0,94.0,94.0,0.0,82.37840829081424,1,97.32,102.70798663695533,91.93201336304466
2006-03-06 00:00:00+05:30,100.0,100.0,92.0,93.0,20802,93.66666666666667,93.5,93.83333333333334,0.0035587188612100653,82.37840829081424,1,96.84,101.4937726631207,92.18622733687931
2006-03-07 00:00:00+05:30,93.0,93.0,92.0,93.0,56802,95.0,96.0,94.0,0.021052631578947368,82.37840829081424,1,96.56,101.26165928157386,91.85834071842615
2006-03-08 00:00:00+05:30,93.0,93.0,91.0,93.0,6507,92.66666666666667,92.5,92.83333333333334,0.0035971223021583755,82.37840829081424,1,96.2,100.54511219648123,91.85488780351878
2006-03-09 00:00:00+05:30,94.0,94.0,91.0,92.0,13182,92.33333333333333,92.0,92.66666666666666,0.007220216606498093,82.37840829081424,1,95.88,100.23687961734197,91.52312038265802
2006-03-10 00:00:00+05:30,92.0,92.0,91.0,92.0,13737,92.33333333333333,92.5,92.16666666666666,0.0036101083032492004,82.37840829081424,1,95.56,99.83382732454298,91.28617267545702
2006-03-13 00:00:00+05:30,91.0,92.0,89.0,90.0,10842,91.66666666666667,91.5,91.83333333333334,0.0036363636363637396,82.37840829081424,1,95.32,100.11065757490663,90.52934242509336
2006-03-14 00:00:00+05:30,89.0,91.0,89.0,90.0,1467,90.33333333333333,90.5,90.16666666666666,0.003690036900369109,82.37840829081424,1,94.96,99.93931722227158,89.9806827777284
2006-03-16 00:00:00+05:30,91.0,91.0,89.0,89.0,9312,90.0,90.0,90.0,0.0,82.37840829081424,1,94.6,99.93666562565153,89.26333437434846
2006-03-17 00:00:00+05:30,90.0,90.0,87.0,88.0,10842,89.66666666666667,90.0,89.33333333333334,0.0074349442379181094,82.37840829081424,1,94.24,100.07177502995536,88.40822497004463
2006-03-20 00:00:00+05:30,87.0,89.0,87.0,87.0,9732,88.33333333333333,88.5,88.16666666666666,0.003773584905660485,82.37840829081424,1,93.8,100.07375485654413,87.52624514345587
2006-03-21 00:00:00+05:30,87.0,89.0,86.0,87.0,9237,87.66666666666667,88.0,87.33333333333334,0.007604562737642477,82.37840829081424,1,93.4,100.06933280021408,86.73066719978593
2006-03-22 00:00:00+05:30,87.0,88.0,84.0,86.0,11667,87.33333333333333,87.5,87.16666666666666,0.0038167938931298797,82.37840829081424,1,92.96,100.05884497647409,85.8611550235259
2006-03-23 00:00:00+05:30,86.0,87.0,85.0,85.0,26937,86.0,86.0,86.0,0.0,82.37840829081424,1,92.48,100.02972847193936,84.93027152806064
2006-03-24 00:00:00+05:30,86.0,88.0,85.0,87.0,21597,85.66666666666667,86.0,85.33333333333334,0.007782101167315064,82.37840829081424,1,92.04,99.53357057750257,84.54642942249744
2006-03-27 00:00:00+05:30,87.0,89.0,87.0,88.0,9732,86.66666666666667,86.5,86.83333333333334,0.0038461538461539552,82.37840829081424,1,91.6,98.68801805866862,84.51198194133137
2006-03-28 00:00:00+05:30,88.0,91.0,88.0,90.0,31047,88.0,88.0,88.0,0.0,82.37840829081424,1,91.32,98.07798786622264,84.56201213377734
2006-03-29 00:00:00+05:30,92.0,94.0,90.0,93.0,32127,89.66666666666667,89.5,89.83333333333334,0.0037174721189592135,82.37840829081424,1,91.16,97.5519949937412,84.76800500625879
2006-03-30 00:00:00+05:30,95.0,95.0,93.0,95.0,9327,92.33333333333333,92.0,92.66666666666666,0.007220216606498093,82.37840829081424,1,91.12,97.40191053740921,84.8380894625908
2006-03-31 00:00:00+05:30,94.0,98.0,94.0,98.0,14097,94.33333333333333,94.0,94.66666666666666,0.007067137809187179,82.37840829081424,1,91.24,97.91604673440897,84.56395326559102
2006-04-03 00:00:00+05:30,97.0,98.0,97.0,97.0,18432,96.66666666666667,96.0,97.33333333333334,0.013793103448275959,82.37840829081424,1,91.36,98.33148477729189,84.38851522270811
2006-04-04 00:00:00+05:30,97.0,98.0,95.0,97.0,27897,97.33333333333333,97.5,97.16666666666666,0.0034246575342466727,82.37840829081424,1,91.52,98.8109807296421,84.2290192703579
2006-04-05 00:00:00+05:30,101.0,107.0,94.0,104.0,58797,96.66666666666667,96.5,96.83333333333334,0.0034482758620690635,82.37840829081424,1,91.88,100.57611407468946,83.18388592531053
2006-04-07 00:00:00+05:30,104.0,107.0,101.0,104.0,49692,101.66666666666667,100.5,102.83333333333334,0.02295081967213124,82.37840829081424,1,92.24,102.09137553847238,82.38862446152761
2006-04-10 00:00:00+05:30,98.0,106.0,98.0,104.0,6192,104.0,104.0,104.0,0.0,82.37840829081424,1,92.64,103.50469511767412,81.77530488232588
2006-04-12 00:00:00+05:30,101.0,106.0,101.0,105.0,20757,102.66666666666667,102.0,103.33333333333334,0.012987012987013078,82.37840829081424,1,93.08,104.97177867268019,81.18822132731981
2006-04-13 00:00:00+05:30,100.0,105.0,95.0,104.0,19932,104.0,103.5,104.5,0.009615384615384616,82.37840829081424,1,93.52,106.15797452125976,80.88202547874023
2006-04-17 00:00:00+05:30,104.0,106.0,100.0,103.0,14472,101.33333333333333,100.0,102.66666666666666,0.02631578947368412,82.37840829081424,1,93.92,107.08869013987385,80.75130986012616
2006-04-18 00:00:00+05:30,103.0,103.0,100.0,102.0,1377,103.0,103.0,103.0,0.0,82.37840829081424,1,94.28,107.81537587213634,80.74462412786366
2006-04-19 00:00:00+05:30,102.0,103.0,100.0,101.0,552,101.66666666666667,101.5,101.83333333333334,0.003278688524590257,82.37840829081424,1,94.64,108.39069452791422,80.88930547208578
2006-04-20 00:00:00+05:30,100.0,101.0,99.0,100.0,9087,101.33333333333333,101.5,101.16666666666666,0.00328947368421062,82.37840829081424,1,94.96,108.82194791506626,81.09805208493373
2006-04-21 00:00:00+05:30,99.0,102.0,98.0,101.0,7212,100.0,100.0,100.0,0.0,82.37840829081424,1,95.4,109.30251775758657,81.49748224241344
2006-04-24 00:00:00+05:30,100.0,103.0,99.0,102.0,6282,100.33333333333333,100.0,100.66666666666666,0.006644518272425155,82.37840829081424,1,95.88,109.83214678821898,81.92785321178101
2006-04-25 00:00:00+05:30,100.0,103.0,99.0,102.0,7122,101.33333333333333,101.0,101.66666666666666,0.0065789473684209595,82.37840829081424,1,96.4,110.25640646055133,82.54359353944868
2006-04-26 00:00:00+05:30,101.0,102.0,100.0,100.0,6972,101.33333333333333,101.0,101.66666666666666,0.0065789473684209595,82.37840829081424,1,96.88,110.36563680365181,83.39436319634818
2006-04-27 00:00:00+05:30,105.0,105.0,100.0,103.0,2712,100.66666666666667,101.0,100.33333333333334,0.006622516556291296,82.37840829081424,1,97.52,110.58133224445376,84.45866775554623
2006-04-28 00:00:00+05:30,106.0,106.0,96.0,101.0,25137,102.66666666666667,102.5,102.83333333333334,0.003246753246753339,82.37840829081424,1,98.08,110.4725138692683,85.6874861307317
2006-05-02 00:00:00+05:30,99.0,105.0,99.0,105.0,23232,101.0,101.0,101.0,0.0,82.37840829081424,1,98.84,110.48377945514284,87.19622054485717
2006-05-03 00:00:00+05:30,110.0,110.0,103.0,104.0,20892,103.0,102.0,104.0,0.019417475728155338,82.37840829081424,1,99.6,109.93827838665634,89.26172161334365
2006-05-04 00:00:00+05:30,102.0,103.0,102.0,103.0,387,105.66666666666667,106.5,104.83333333333334,0.015772870662460477,82.37840829081424,1,100.24,109.27822991519938,91.20177008480061
2006-05-05 00:00:00+05:30,101.0,106.0,100.0,104.0,22392,102.66666666666667,102.5,102.83333333333334,0.003246753246753339,82.37840829081424,1,100.88,108.5182196878595,93.24178031214049
2006-05-08 00:00:00+05:30,113.0,113.0,101.0,104.0,21072,103.33333333333333,103.0,103.66666666666666,0.006451612903225715,82.37840829081424,1,101.44,107.74123797360518,95.13876202639482
2006-05-09 00:00:00+05:30,104.0,106.0,101.0,102.0,10782,106.0,107.0,105.0,0.018867924528301886,82.37840829081424,1,101.8,107.07636238330952,96.52363761669048
2006-05-10 00:00:00+05:30,101.0,104.0,100.0,102.0,8832,103.0,103.5,102.5,0.009708737864077669,82.37840829081424,1,102.08,106.56713717196203,97.59286282803797
2006-05-11 00:00:00+05:30,102.0,103.0,101.0,101.0,3177,102.0,102.0,102.0,0.0,82.37840829081424,1,102.2,106.39523539268102,98.00476460731899
2006-05-12 00:00:00+05:30,101.0,105.0,101.0,103.0,16602,101.66666666666667,102.0,101.33333333333334,0.006557377049180234,82.37840829081424,1,102.44,106.06568614196033,98.81431385803967
2006-05-15 00:00:00+05:30,99.0,102.0,99.0,100.0,18912,103.0,103.0,103.0,0.0,82.37840829081424,1,102.56,105.61050815439053,99.50949184560947
2006-05-16 00:00:00+05:30,105.0,105.0,97.0,99.0,619617,100.33333333333333,100.5,100.16666666666666,0.003322259136212719,82.37840829081424,1,102.36,105.65265850036155,99.06734149963845
2006-05-17 00:00:00+05:30,102.0,102.0,99.0,101.0,7422,100.33333333333333,101.0,99.66666666666666,0.013289036544850594,82.37840829081424,1,102.24,105.5033724886999,98.9766275113001
2006-05-18 00:00:00+05:30,98.0,99.0,94.0,94.0,11472,100.66666666666667,100.5,100.83333333333334,0.0033112582781457895,82.37840829081424,1,101.84,106.3541555134935,97.32584448650651
2006-05-19 00:00:00+05:30,96.0,98.0,90.0,91.0,5367,95.66666666666667,96.5,94.83333333333334,0.017421602787456344,82.37840829081424,1,101.28,107.3071386245883,95.2528613754117
2006-05-22 00:00:00+05:30,87.0,87.0,82.0,84.0,18177,93.0,94.0,92.0,0.021505376344086023,82.37840829081424,1,100.48,109.44428468981239,91.51571531018762
2006-05-23 00:00:00+05:30,87.0,87.0,82.0,83.0,5667,84.33333333333333,84.5,84.16666666666666,0.003952569169960587,82.37840829081424,1,99.68,110.8902809955864,88.46971900441362
2006-05-24 00:00:00+05:30,85.0,91.0,83.0,91.0,24762,84.0,84.5,83.5,0.011904761904761904,82.37840829081424,1,99.24,110.90574472547749,87.5742552745225
2006-05-25 00:00:00+05:30,93.0,93.0,84.0,85.0,7662,88.33333333333333,87.0,89.66666666666666,0.03018867924528291,82.37840829081424,1,98.6,111.49961239727793,85.70038760272206
2006-05-26 00:00:00+05:30,86.0,91.0,86.0,86.0,1407,87.33333333333333,88.5,86.16666666666666,0.026717557251908507,82.37840829081424,1,98.04,111.83251971178606,84.24748028821395
2006-08-28 00:00:00+05:30,78.0,79.0,76.0,76.0,21462,87.66666666666667,88.5,86.83333333333334,0.019011406844106356,115.56625726729942,-1,97.04,113.24350579350062,80.8364942064994
2006-08-29 00:00:00+05:30,76.0,78.0,76.0,77.0,6312,77.0,77.5,76.5,0.012987012987012988,114.10360697660744,-1,96.04,113.897032228229,78.18296777177102
2006-08-30 00:00:00+05:30,77.0,77.0,76.0,77.0,13752,77.0,77.0,77.0,0.0,112.39946269754316,-1,95.04,114.2022963133339,75.87770368666611
2006-08-31 00:00:00+05:30,76.0,76.0,75.0,76.0,22407,76.66666666666667,76.5,76.83333333333334,0.004347826086956645,110.52348418964141,-1,94.08,114.51463726127798,73.64536273872201
2006-09-01 00:00:00+05:30,73.0,76.0,73.0,75.0,7212,75.66666666666667,75.5,75.83333333333334,0.00440528634361246,108.96254482205576,-1,92.96,114.36265404102986,71.55734595897013
2006-09-04 00:00:00+05:30,74.0,76.0,74.0,75.0,9477,74.66666666666667,74.5,74.83333333333334,0.004464285714285841,108.64404302917353,-1,91.92,114.16891907486772,69.67108092513229
2006-09-05 00:00:00+05:30,74.0,74.0,74.0,74.0,3297,75.0,75.0,75.0,0.0,106.57828130800658,-1,90.68,113.32664213520438,68.03335786479563
2006-09-06 00:00:00+05:30,76.0,76.0,74.0,74.0,3672,74.0,74.0,74.0,0.0,106.57828130800658,-1,89.48,112.35440491029254,66.60559508970746
2006-09-07 00:00:00+05:30,75.0,75.0,69.0,73.0,10272,74.66666666666667,75.0,74.33333333333334,0.008928571428571301,104.24174405345886,-1,88.28,111.33832604505402,65.22167395494598
2006-09-08 00:00:00+05:30,73.0,75.0,73.0,74.0,7857,72.33333333333333,72.0,72.66666666666666,0.009216589861751022,104.24174405345886,-1,87.08,109.86188754251978,64.29811245748022
2006-09-11 00:00:00+05:30,75.0,75.0,73.0,73.0,8067,74.0,74.0,74.0,0.0,104.24174405345886,-1,85.84,108.1733293532339,63.5066706467661
2006-09-12 00:00:00+05:30,75.0,75.0,72.0,73.0,6192,73.66666666666667,74.0,73.33333333333334,0.00904977375565598,103.91912766688098,-1,84.68,106.54299156108377,62.81700843891625
2006-09-13 00:00:00+05:30,75.0,75.0,73.0,74.0,4737,73.33333333333333,73.5,73.16666666666666,0.004545454545454675,103.76236256020576,-1,83.56,104.61292378744628,62.50707621255373
2006-09-14 00:00:00+05:30,73.0,75.0,72.0,73.0,6537,74.0,74.0,74.0,0.0,102.91186805779752,-1,82.44,102.62379548053393,62.25620451946607
2006-09-15 00:00:00+05:30,72.0,73.0,72.0,72.0,5382,73.33333333333333,73.5,73.16666666666666,0.004545454545454675,101.01539333548561,-1,81.2,99.9360614858092,62.463938514190794
2006-09-18 00:00:00+05:30,73.0,73.0,72.0,72.0,2652,72.33333333333333,72.5,72.16666666666666,0.004608294930875707,100.15477760206619,-1,80.08,97.48730880980814,62.672691190191856
2006-09-19 00:00:00+05:30,72.0,72.0,70.0,71.0,3882,72.33333333333333,72.5,72.16666666666666,0.004608294930875707,98.10858649798354,-1,78.96,94.89466661088412,63.02533338911587
2006-09-20 00:00:00+05:30,71.0,71.0,70.0,70.0,7452,71.0,71.0,71.0,0.0,96.8042430380642,-1,77.72,91.24354982983485,64.19645017016515
2006-09-21 00:00:00+05:30,72.0,73.0,71.0,71.0,6432,70.33333333333333,70.5,70.16666666666666,0.00473933649289113,96.8042430380642,-1,76.8,88.81332593414609,64.7866740658539
2006-09-22 00:00:00+05:30,68.0,71.0,68.0,70.0,6072,71.66666666666667,72.0,71.33333333333334,0.009302325581395217,95.38839038387997,-1,75.96,86.75970369964045,65.16029630035953
2006-09-25 00:00:00+05:30,72.0,72.0,70.0,70.0,3072,69.66666666666667,69.5,69.83333333333334,0.004784688995215447,95.38839038387997,-1,75.4,85.92235715037408,64.87764284962593
2006-09-26 00:00:00+05:30,68.0,71.0,68.0,69.0,10707,70.66666666666667,71.0,70.33333333333334,0.00943396226415081,94.73634057778378,-1,74.84,85.17332473118061,64.5066752688194
2006-09-27 00:00:00+05:30,69.0,70.0,68.0,68.0,13842,69.33333333333333,69.5,69.16666666666666,0.004807692307692445,93.78688695467243,-1,73.92,82.23230413303253,65.60769586696748
2006-09-28 00:00:00+05:30,71.0,71.0,68.0,69.0,6447,68.66666666666667,69.0,68.33333333333334,0.009708737864077532,93.78688695467243,-1,73.28,80.46932542037361,66.0906745796264
2006-09-29 00:00:00+05:30,69.0,71.0,69.0,70.0,39717,69.33333333333333,69.5,69.16666666666666,0.004807692307692445,93.78688695467243,-1,72.64,77.7273961905901,67.5526038094099
2006-10-03 00:00:00+05:30,71.0,71.0,70.0,70.0,6582,70.0,70.0,70.0,0.0,93.78688695467243,-1,72.4,77.39599839872182,67.4040016012782
2006-10-04 00:00:00+05:30,71.0,71.0,69.0,69.0,2652,70.33333333333333,70.5,70.16666666666666,0.00473933649289113,93.1407314080599,-1,72.08,76.87733259218402,67.28266740781598
2006-10-05 00:00:00+05:30,70.0,71.0,69.0,70.0,11307,69.66666666666667,70.0,69.33333333333334,0.009569377990430485,92.77510215173751,-1,71.8,76.21814440687844,67.38185559312156
2006-10-06 00:00:00+05:30,72.0,72.0,71.0,71.0,17517,70.0,70.0,70.0,0.0,92.77510215173751,-1,71.6,75.67921561087807,67.52078438912191
2006-10-09 00:00:00+05:30,72.0,78.0,72.0,74.0,719187,71.33333333333333,71.5,71.16666666666666,0.0046728971962618155,92.77510215173751,-1,71.56,75.52302914448424,67.59697085551576
2006-10-10 00:00:00+05:30,77.0,77.0,73.0,74.0,42717,74.66666666666667,75.0,74.33333333333334,0.008928571428571301,92.77510215173751,-1,71.52,75.36166630513785,67.67833369486215
2006-10-11 00:00:00+05:30,76.0,76.0,74.0,74.0,112737,74.66666666666667,75.0,74.33333333333334,0.008928571428571301,92.77510215173751,-1,71.52,75.36166630513785,67.67833369486215
2006-10-12 00:00:00+05:30,74.0,75.0,73.0,74.0,83802,74.66666666666667,75.0,74.33333333333334,0.008928571428571301,92.77510215173751,-1,71.52,75.36166630513785,67.67833369486215
2006-10-13 00:00:00+05:30,74.0,75.0,72.0,74.0,70992,74.0,74.0,74.0,0.0,92.77510215173751,-1,71.56,75.48244821508602,67.63755178491398
2006-10-16 00:00:00+05:30,74.0,75.0,73.0,73.0,49362,73.66666666666667,73.5,73.83333333333334,0.004524886877828182,92.77510215173751,-1,71.52,75.36166630513785,67.67833369486215
2006-10-17 00:00:00+05:30,73.0,74.0,73.0,74.0,10032,73.66666666666667,74.0,73.33333333333334,0.00904977375565598,92.77510215173751,-1,71.56,75.48244821508602,67.63755178491398
2006-10-18 00:00:00+05:30,73.0,74.0,73.0,73.0,7692,73.66666666666667,73.5,73.83333333333334,0.004524886877828182,92.77510215173751,-1,71.56,75.48244821508602,67.63755178491398
2006-10-19 00:00:00+05:30,73.0,74.0,73.0,74.0,2622,73.33333333333333,73.5,73.16666666666666,0.004545454545454675,92.77510215173751,-1,71.56,75.48244821508602,67.63755178491398
2006-10-20 00:00:00+05:30,74.0,75.0,73.0,73.0,5847,73.66666666666667,73.5,73.83333333333334,0.004524886877828182,92.77510215173751,-1,71.56,75.48244821508602,67.63755178491398
2006-10-23 00:00:00+05:30,73.0,73.0,71.0,71.0,10797,73.66666666666667,74.0,73.33333333333334,0.00904977375565598,92.1707565022997,-1,71.52,75.44407950990184,67.59592049009815
2006-10-26 00:00:00+05:30,76.0,76.0,71.0,72.0,25272,71.66666666666667,72.0,71.33333333333334,0.009302325581395217,92.1707565022997,-1,71.52,75.44407950990184,67.59592049009815
2006-10-27 00:00:00+05:30,71.0,72.0,70.0,71.0,15792,73.0,73.5,72.5,0.0136986301369863,91.4933691925194,-1,71.52,75.44407950990184,67.59592049009815
2006-10-30 00:00:00+05:30,69.0,71.0,69.0,69.0,25482,71.0,71.0,71.0,0.0,90.23363442481862,-1,71.48,75.48479712345477,67.47520287654524
2006-10-31 00:00:00+05:30,70.0,70.0,68.0,69.0,261492,69.66666666666667,70.0,69.33333333333334,0.009569377990430485,88.98428904782587,-1,71.4,75.51825205639864,67.28174794360137
2006-11-01 00:00:00+05:30,73.0,73.0,69.0,70.0,12897,69.0,69.0,69.0,0.0,88.98428904782587,-1,71.4,75.51825205639864,67.28174794360137
2006-11-02 00:00:00+05:30,72.0,75.0,69.0,71.0,7617,70.66666666666667,71.0,70.33333333333334,0.00943396226415081,88.98428904782587,-1,71.44,75.52235226309924,67.35764773690076
2006-11-03 00:00:00+05:30,71.0,72.0,70.0,70.0,15372,71.66666666666667,72.0,71.33333333333334,0.009302325581395217,88.98428904782587,-1,71.48,75.48479712345477,67.47520287654524
2006-11-06 00:00:00+05:30,72.0,72.0,66.0,70.0,53337,70.66666666666667,71.0,70.33333333333334,0.00943396226415081,88.98428904782587,-1,71.56,75.3581047905543,67.76189520944571
2006-11-07 00:00:00+05:30,70.0,77.0,70.0,76.0,77862,69.33333333333333,69.0,69.66666666666666,0.009615384615384479,88.98428904782587,-1,71.84,75.86710814357292,67.81289185642709
2006-11-08 00:00:00+05:30,77.0,78.0,72.0,73.0,36087,74.33333333333333,73.5,75.16666666666666,0.022421524663677004,88.98428904782587,-1,71.96,75.9391456369466,67.98085436305338
2006-11-09 00:00:00+05:30,73.0,75.0,72.0,73.0,18282,74.33333333333333,75.0,73.66666666666666,0.017937219730941832,88.98428904782587,-1,72.08,75.99591624017052,68.16408375982948
2006-11-10 00:00:00+05:30,73.0,73.0,71.0,72.0,9267,73.33333333333333,73.5,73.16666666666666,0.004545454545454675,88.98428904782587,-1,72.2,75.90944739820249,68.49055260179752
2006-11-13 00:00:00+05:30,73.0,73.0,72.0,73.0,10677,72.0,72.0,72.0,0.0,88.98428904782587,-1,72.32,75.92976453526141,68.71023546473857
2006-11-14 00:00:00+05:30,73.0,73.0,71.0,71.0,19992,72.66666666666667,72.5,72.83333333333334,0.004587155963302883,88.98428904782587,-1,72.32,75.92976453526141,68.71023546473857
2006-11-15 00:00:00+05:30,71.0,72.0,71.0,71.0,7197,71.66666666666667,72.0,71.33333333333334,0.009302325581395217,88.98428904782587,-1,72.2,75.77770876400402,68.62229123599599
2006-11-16 00:00:00+05:30,72.0,72.0,70.0,70.0,10662,71.33333333333333,71.5,71.16666666666666,0.0046728971962618155,88.98428904782587,-1,72.04,75.63911100134898,68.44088899865103
2006-11-17 00:00:00+05:30,70.0,71.0,70.0,70.0,15402,70.66666666666667,71.0,70.33333333333334,0.00943396226415081,88.98428904782587,-1,71.88,75.47199109130734,68.28800890869265
2006-11-20 00:00:00+05:30,70.0,71.0,69.0,69.0,7572,70.33333333333333,70.5,70.16666666666666,0.00473933649289113,88.98428904782587,-1,71.68,75.33381991893846,68.02618008106155
2006-11-21 00:00:00+05:30,71.0,71.0,69.0,70.0,3267,69.66666666666667,70.0,69.33333333333334,0.009569377990430485,88.98428904782587,-1,71.52,75.10307130825377,67.93692869174622
2006-11-22 00:00:00+05:30,72.0,72.0,69.0,70.0,3207,70.0,70.0,70.0,0.0,88.98428904782587,-1,71.4,74.97770876400408,67.82229123599593
2006-11-23 00:00:00+05:30,72.0,73.0,69.0,69.0,10407,70.33333333333333,70.5,70.16666666666666,0.00473933649289113,88.98428904782587,-1,71.2,74.73270434653561,67.6672956534644
2006-11-24 00:00:00+05:30,72.0,72.0,69.0,70.0,5037,70.33333333333333,71.0,69.66666666666666,0.018957345971564118,88.98428904782587,-1,71.08,74.5634465691369,67.5965534308631
2006-11-27 00:00:00+05:30,71.0,71.0,69.0,70.0,3492,70.33333333333333,70.5,70.16666666666666,0.00473933649289113,88.98428904782587,-1,70.92,74.21460164512065,67.62539835487935
2006-11-28 00:00:00+05:30,73.0,77.0,72.0,77.0,248682,70.0,70.0,70.0,0.0,88.98428904782587,-1,71.08,75.07679871897892,67.08320128102108
2006-11-29 00:00:00+05:30,80.0,84.0,79.0,84.0,153762,75.33333333333333,74.5,76.16666666666666,0.02212389380530961,88.98428904782587,-1,71.6,78.04980619864128,65.15019380135871
2006-11-30 00:00:00+05:30,93.0,93.0,88.0,93.0,61857,82.33333333333333,81.5,83.16666666666666,0.02024291497975697,66.38790221206821,1,72.44,83.02421466146785,61.85578533853214
2006-12-01 00:00:00+05:30,95.0,97.0,95.0,97.0,32652,91.33333333333333,90.5,92.16666666666666,0.01824817518248165,71.73238612358548,1,73.48,87.75859937108787,59.20140062891214
2006-12-04 00:00:00+05:30,101.0,102.0,101.0,102.0,46017,96.33333333333333,96.0,96.66666666666666,0.006920415224913397,76.80309067864206,1,74.8,92.79555500672403,56.804444993275965
2006-12-05 00:00:00+05:30,107.0,107.0,97.0,97.0,615717,101.66666666666667,101.5,101.83333333333334,0.003278688524590257,76.80309067864206,1,75.92,95.7264232005688,56.1135767994312
2006-12-06 00:00:00+05:30,92.0,99.0,92.0,92.0,308967,100.33333333333333,102.0,98.66666666666666,0.03322259136212634,76.80309067864206,1,76.8,97.41455796276092,56.18544203723907
2006-12-07 00:00:00+05:30,91.0,97.0,89.0,97.0,369057,94.33333333333333,95.5,93.16666666666666,0.02473498233215558,76.80309067864206,1,77.84,99.76116785210198,55.91883214789802
2006-12-08 00:00:00+05:30,99.0,99.0,92.0,94.0,150672,94.33333333333333,93.0,95.66666666666666,0.02826855123674902,76.80309067864206,1,78.8,101.35659548779533,56.24340451220466
2006-12-11 00:00:00+05:30,96.0,97.0,91.0,93.0,119457,95.0,95.5,94.5,0.010526315789473684,76.80309067864206,1,79.72,102.63912738304032,56.80087261695968
2006-12-12 00:00:00+05:30,90.0,95.0,88.0,89.0,79077,93.66666666666667,94.0,93.33333333333334,0.007117437722419827,76.80309067864206,1,80.24,103.3866973886131,57.093302611386896
2006-12-13 00:00:00+05:30,89.0,92.0,84.0,87.0,56697,90.66666666666667,91.5,89.83333333333334,0.018382352941176364,76.80309067864206,1,80.8,103.8963200532039,57.7036799467961
2006-12-14 00:00:00+05:30,90.0,92.0,88.0,90.0,39837,87.66666666666667,88.0,87.33333333333334,0.007604562737642477,76.80309067864206,1,81.48,104.61867757673348,58.34132242326653
2006-12-15 00:00:00+05:30,91.0,93.0,89.0,90.0,43947,90.0,90.0,90.0,0.0,76.80309067864206,1,82.2,105.23388807822136,59.16611192177864
2006-12-18 00:00:00+05:30,91.0,92.0,89.0,89.0,23937,90.66666666666667,91.0,90.33333333333334,0.007352941176470483,76.80309067864206,1,82.84,105.70433029852455,59.975669701475454
2006-12-19 00:00:00+05:30,88.0,90.0,88.0,89.0,19212,90.0,90.5,89.5,0.011111111111111112,76.80309067864206,1,83.56,106.01764012535662,61.10235987464338
2006-12-20 00:00:00+05:30,92.0,92.0,88.0,88.0,22842,89.0,89.0,89.0,0.0,76.80309067864206,1,84.24,106.15824810517545,62.321751894824544
2006-12-21 00:00:00+05:30,88.0,90.0,86.0,88.0,16752,89.33333333333333,90.0,88.66666666666666,0.014925373134328465,76.80309067864206,1,84.96,106.12963863650079,63.7903613634992
2006-12-22 00:00:00+05:30,88.0,89.0,86.0,87.0,14202,88.0,88.0,88.0,0.0,76.80309067864206,1,85.64,105.91712011110126,65.36287988889875
2006-12-26 00:00:00+05:30,90.0,90.0,87.0,87.0,22047,87.33333333333333,87.5,87.16666666666666,0.0038167938931298797,76.80309067864206,1,86.36,105.46710862480315,67.25289137519685
2006-12-27 00:00:00+05:30,87.0,89.0,87.0,87.0,16842,88.0,88.5,87.5,0.011363636363636364,76.80309067864206,1,87.04,104.94177644816365,69.13822355183636
2006-12-28 00:00:00+05:30,89.0,89.0,87.0,88.0,26697,87.66666666666667,88.0,87.33333333333334,0.007604562737642477,76.80309067864206,1,87.76,104.25513867780523,71.26486132219478
2006-12-29 00:00:00+05:30,88.0,90.0,88.0,89.0,27717,88.0,88.0,88.0,0.0,76.80309067864206,1,88.56,103.17046200501633,73.94953799498367
2007-01-02 00:00:00+05:30,89.0,91.0,89.0,91.0,11457,89.0,89.0,89.0,0.0,76.80309067864206,1,89.4,101.90919661689054,76.89080338310947
2007-01-03 00:00:00+05:30,92.0,92.0,89.0,90.0,10227,90.33333333333333,90.0,90.66666666666666,0.007380073800737903,76.80309067864206,1,90.2,99.88297474952948,80.51702525047052
2007-01-04 00:00:00+05:30,91.0,91.0,88.0,89.0,18252,90.33333333333333,90.5,90.16666666666666,0.003690036900369109,76.80309067864206,1,90.68,98.75405722050725,82.60594277949276
2007-01-05 00:00:00+05:30,89.0,91.0,89.0,90.0,12312,89.33333333333333,89.5,89.16666666666666,0.0037313432835821957,76.80309067864206,1,90.92,98.52883696763344,83.31116303236657
2007-01-08 00:00:00+05:30,89.0,90.0,89.0,90.0,8967,90.0,90.0,90.0,0.0,76.80309067864206,1,90.8,98.36835517137146,83.23164482862853
2007-01-09 00:00:00+05:30,89.0,90.0,87.0,88.0,5757,89.66666666666667,89.5,89.83333333333334,0.0037174721189592135,76.80309067864206,1,90.44,97.64177755835496,83.23822244164504
2007-01-10 00:00:00+05:30,88.0,90.0,87.0,89.0,26937,88.33333333333333,88.5,88.16666666666666,0.003773584905660485,76.80309067864206,1,89.92,95.37292582014696,84.46707417985304
2007-01-11 00:00:00+05:30,89.0,90.0,89.0,90.0,15102,88.66666666666667,88.5,88.83333333333334,0.003759398496240708,76.80309067864206,1,89.64,94.26618633433907,85.01381366566093
2007-01-12 00:00:00+05:30,91.0,91.0,89.0,89.0,4602,89.66666666666667,89.5,89.83333333333334,0.0037174721189592135,76.80309067864206,1,89.52,94.04972405340827,84.99027594659172
2007-01-15 00:00:00+05:30,90.0,93.0,90.0,92.0,53082,89.66666666666667,90.0,89.33333333333334,0.0074349442379181094,76.80309067864206,1,89.32,92.84000000000363,85.79999999999636
2007-01-16 00:00:00+05:30,91.0,92.0,91.0,92.0,9777,91.66666666666667,91.5,91.83333333333334,0.0036363636363637396,76.80309067864206,1,89.24,92.40379518932967,86.07620481067032
2007-01-17 00:00:00+05:30,91.0,93.0,91.0,92.0,14427,91.66666666666667,91.5,91.83333333333334,0.0036363636363637396,76.80309067864206,1,89.2,92.19332590942344,86.20667409057657
2007-01-18 00:00:00+05:30,90.0,92.0,90.0,92.0,9537,92.0,92.0,92.0,0.0,76.80309067864206,1,89.32,92.50596924028238,86.1340307597176
2007-01-19 00:00:00+05:30,91.0,92.0,91.0,92.0,10302,91.33333333333333,91.0,91.66666666666666,0.007299270072992597,76.80309067864206,1,89.52,92.72599438552619,86.3140056144738
2007-01-22 00:00:00+05:30,90.0,92.0,90.0,92.0,9882,91.66666666666667,91.5,91.83333333333334,0.0036363636363637396,76.80309067864206,1,89.6,92.94664010614011,86.25335989385988
2007-01-23 00:00:00+05:30,91.0,92.0,90.0,90.0,4767,91.33333333333333,91.0,91.66666666666666,0.007299270072992597,76.80309067864206,1,89.6,92.94664010614011,86.25335989385988
2007-01-24 00:00:00+05:30,91.0,91.0,91.0,91.0,10587,90.66666666666667,91.0,90.33333333333334,0.007352941176470483,76.80309067864206,1,89.68,93.06088745746224,86.29911254253777
2007-01-25 00:00:00+05:30,89.0,92.0,89.0,91.0,5097,91.0,91.0,91.0,0.0,76.80309067864206,1,89.76,93.16728631025124,86.35271368974877
2007-01-29 00:00:00+05:30,90.0,96.0,90.0,96.0,95952,90.66666666666667,90.5,90.83333333333334,0.0036764705882353986,76.80309067864206,1,90.08,94.19514276787882,85.96485723212118
2007-01-31 00:00:00+05:30,99.0,100.0,94.0,95.0,60897,94.0,93.0,95.0,0.02127659574468085,76.80309067864206,1,90.36,94.80989887525833,85.91010112474167
2007-02-01 00:00:00+05:30,97.0,97.0,93.0,94.0,6402,96.33333333333333,97.0,95.66666666666666,0.013840830449827089,76.80309067864206,1,90.64,95.08989887525831,86.19010112474169
2007-02-02 00:00:00+05:30,95.0,96.0,93.0,95.0,17157,94.66666666666667,95.0,94.33333333333334,0.00704225352112666,76.80309067864206,1,90.96,95.46706112672382,86.45293887327617
2007-02-05 00:00:00+05:30,94.0,95.0,92.0,92.0,134802,94.66666666666667,94.5,94.83333333333334,0.00352112676056348,76.80309067864206,1,91.16,95.38108990665029,86.9389100933497
2007-02-06 00:00:00+05:30,93.0,94.0,92.0,92.0,12627,93.0,93.5,92.5,0.010752688172043012,76.80309067864206,1,91.32,95.34869705984762,87.29130294015236
2007-02-07 00:00:00+05:30,92.0,93.0,91.0,91.0,22542,92.66666666666667,93.0,92.33333333333334,0.007194244604316444,76.80309067864206,1,91.4,95.31918358845626,87.48081641154376
2007-02-08 00:00:00+05:30,90.0,91.0,89.0,90.0,17922,91.66666666666667,92.0,91.33333333333334,0.007272727272727169,76.80309067864206,1,91.36,95.31494627018179,87.4050537298182
2007-02-09 00:00:00+05:30,90.0,90.0,89.0,89.0,6777,90.0,90.0,90.0,0.0,76.80309067864206,1,91.32,95.34869705984762,87.29130294015236
2007-02-12 00:00:00+05:30,88.0,89.0,88.0,88.0,17172,89.33333333333333,89.5,89.16666666666666,0.0037313432835821957,76.80309067864206,1,91.28,95.41840549004382,87.14159450995618
2007-02-13 00:00:00+05:30,88.0,89.0,85.0,86.0,44412,88.33333333333333,88.5,88.16666666666666,0.003773584905660485,76.80309067864206,1,91.12,95.72677761564687,86.51322238435314
2007-02-14 00:00:00+05:30,84.0,93.0,82.0,87.0,10887,86.66666666666667,87.0,86.33333333333334,0.007692307692307583,76.80309067864206,1,91.0,95.86621002424116,86.13378997575884
2007-02-15 00:00:00+05:30,90.0,90.0,87.0,88.0,2532,87.33333333333333,87.5,87.16666666666666,0.0038167938931298797,76.80309067864206,1,91.0,95.86621002424116,86.13378997575884
2007-02-19 00:00:00+05:30,87.0,88.0,85.0,87.0,21627,88.33333333333333,88.5,88.16666666666666,0.003773584905660485,76.80309067864206,1,90.92,95.9771138013718,85.8628861986282
2007-02-20 00:00:00+05:30,86.0,87.0,85.0,85.0,5817,86.66666666666667,86.5,86.83333333333334,0.0038461538461539552,76.80309067864206,1,90.72,96.27755341854896,85.16244658145104
2007-02-21 00:00:00+05:30,84.0,88.0,84.0,85.0,4407,85.66666666666667,86.0,85.33333333333334,0.007782101167315064,76.80309067864206,1,90.56,96.52201308284587,84.59798691715413
2007-02-22 00:00:00+05:30,85.0,85.0,81.0,83.0,12597,85.66666666666667,86.0,85.33333333333334,0.007782101167315064,76.80309067864206,1,90.2,96.82117814290066,83.57882185709934
2007-02-23 00:00:00+05:30,86.0,86.0,82.0,83.0,22797,83.0,83.0,83.0,0.0,76.80309067864206,1,89.84,96.98825852918218,82.69174147081783
2007-02-26 00:00:00+05:30,83.0,85.0,82.0,83.0,1227,83.66666666666667,84.0,83.33333333333334,0.007968127490039728,76.80309067864206,1,89.48,97.05089162516714,81.90910837483287
2007-02-27 00:00:00+05:30,83.0,84.0,83.0,83.0,5412,83.33333333333333,83.5,83.16666666666666,0.004000000000000114,76.80309067864206,1,89.12,97.02584593829314,81.21415406170686
2007-02-28 00:00:00+05:30,82.0,91.0,75.0,82.0,101457,83.33333333333333,83.5,83.16666666666666,0.004000000000000114,76.80309067864206,1,88.72,97.00531230552153,80.43468769447847
2007-03-01 00:00:00+05:30,81.0,83.0,81.0,82.0,16917,82.66666666666667,83.0,82.33333333333334,0.008064516129032143,76.80309067864206,1,88.32,96.8938206186056,79.74617938139438
2007-03-02 00:00:00+05:30,82.0,83.0,80.0,80.0,38757,82.0,82.0,82.0,0.0,76.80309067864206,1,87.92,97.0575270177454,78.7824729822546
2007-03-05 00:00:00+05:30,79.0,79.0,77.0,77.0,12237,81.0,81.5,80.5,0.012345679012345678,76.80309067864206,1,87.36,97.35007507479435,77.36992492520565
2007-03-06 00:00:00+05:30,81.0,81.0,77.0,78.0,6672,77.66666666666667,78.0,77.33333333333334,0.00858369098712434,76.80309067864206,1,86.84,97.35749019491,76.32250980509001
2007-03-07 00:00:00+05:30,81.0,81.0,72.0,74.0,40242,78.66666666666667,79.0,78.33333333333334,0.00847457627118632,103.28877779698175,-1,85.96,96.9360466471325,74.98395335286749
2007-03-08 00:00:00+05:30,74.0,75.0,71.0,74.0,41187,75.66666666666667,76.5,74.83333333333334,0.022026431718061547,99.83722668510248,-1,85.12,96.4099247118849,73.83007528811511
2007-03-09 00:00:00+05:30,72.0,74.0,72.0,73.0,20127,73.33333333333333,73.0,73.66666666666666,0.009090909090908962,99.32373761769838,-1,84.28,95.9215806486933,72.63841935130671
2007-03-12 00:00:00+05:30,75.0,75.0,73.0,74.0,38757,73.0,73.0,73.0,0.0,99.32373761769838,-1,83.44,94.89537428458934,71.98462571541066
2007-03-13 00:00:00+05:30,76.0,78.0,74.0,77.0,9867,74.0,74.0,74.0,0.0,99.32373761769838,-1,82.84,94.00680795930651,71.6731920406935
2007-03-14 00:00:00+05:30,75.0,75.0,74.0,74.0,7287,76.33333333333333,76.0,76.66666666666666,0.008733624454148348,99.32373761769838,-1,82.12,93.15188107260191,71.0881189273981
2007-03-15 00:00:00+05:30,74.0,77.0,74.0,74.0,3147,74.33333333333333,74.5,74.16666666666666,0.0044843049327355534,99.32373761769838,-1,81.44,92.29290744455294,70.58709255544706
2007-03-16 00:00:00+05:30,74.0,76.0,74.0,76.0,8982,75.0,75.5,74.5,0.013333333333333334,99.32373761769838,-1,80.88,91.34625052251441,70.41374947748558
2007-03-19 00:00:00+05:30,75.0,76.0,74.0,76.0,4752,75.33333333333333,75.0,75.66666666666666,0.008849557522123769,99.32373761769838,-1,80.36,90.44571266693801,70.27428733306199
2007-03-20 00:00:00+05:30,76.0,76.0,76.0,76.0,5547,75.33333333333333,75.0,75.66666666666666,0.008849557522123769,99.32373761769838,-1,79.88,89.60123448950978,70.15876551049021
2007-03-21 00:00:00+05:30,74.0,78.0,74.0,77.0,1872,76.0,76.0,76.0,0.0,99.32373761769838,-1,79.52,88.97084123240015,70.06915876759984
2007-03-22 00:00:00+05:30,76.0,77.0,75.0,77.0,17847,76.33333333333333,76.0,76.66666666666666,0.008733624454148348,99.32373761769838,-1,79.12,88.10567749254531,70.1343225074547
2007-03-23 00:00:00+05:30,77.0,77.0,76.0,76.0,39897,76.33333333333333,76.0,76.66666666666666,0.008733624454148348,99.26742244485814,-1,78.64,86.93226145270611,70.34773854729389
2007-03-26 00:00:00+05:30,76.0,76.0,76.0,76.0,58452,76.33333333333333,76.5,76.16666666666666,0.0043668122270743605,97.85672554706382,-1,78.2,85.81051903617856,70.58948096382144
2007-03-28 00:00:00+05:30,76.0,77.0,74.0,76.0,30552,76.0,76.0,76.0,0.0,97.32245652518127,-1,77.84,84.96584030132846,70.71415969867155
2007-03-29 00:00:00+05:30,75.0,76.0,75.0,76.0,35037,75.66666666666667,75.5,75.83333333333334,0.00440528634361246,96.72955826417402,-1,77.48,84.00674497740161,70.9532550225984
2007-03-30 00:00:00+05:30,77.0,78.0,76.0,77.0,4977,75.66666666666667,75.5,75.83333333333334,0.00440528634361246,96.72955826417402,-1,77.24,83.36614071010757,71.11385928989242
2007-04-02 00:00:00+05:30,74.0,77.0,74.0,77.0,4422,77.0,77.0,77.0,0.0,96.44276089626277,-1,77.0,82.65685424949571,71.34314575050429
2007-04-03 00:00:00+05:30,76.0,77.0,76.0,76.0,128307,76.0,75.5,76.5,0.013157894736842105,96.44276089626277,-1,76.72,81.82748470384767,71.61251529615232
2007-04-04 00:00:00+05:30,78.0,78.0,77.0,77.0,26337,76.33333333333333,76.5,76.16666666666666,0.0043668122270743605,96.44276089626277,-1,76.48,80.90248798755161,72.0575120124484
2007-04-05 00:00:00+05:30,79.0,79.0,77.0,78.0,8097,77.33333333333333,77.5,77.16666666666666,0.00431034482758633,96.44276089626277,-1,76.32,80.18657471155524,72.45342528844475
2007-04-09 00:00:00+05:30,78.0,78.0,77.0,78.0,5547,78.0,78.0,78.0,0.0,96.44276089626277,-1,76.16,79.34395979874726,72.97604020125273
2007-04-10 00:00:00+05:30,78.0,78.0,78.0,78.0,942,77.66666666666667,77.5,77.83333333333334,0.004291845493562353,96.44276089626277,-1,76.08,78.96000000000673,73.19999999999327
2007-04-11 00:00:00+05:30,77.0,80.0,77.0,79.0,132792,78.0,78.0,78.0,0.0,96.44276089626277,-1,76.16,79.24181764548759,73.0781823545124
2007-04-12 00:00:00+05:30,78.0,80.0,78.0,79.0,12252,78.66666666666667,78.5,78.83333333333334,0.004237288135593341,96.44276089626277,-1,76.2,79.40000000000605,72.99999999999396
2007-04-13 00:00:00+05:30,75.0,82.0,75.0,81.0,6342,79.0,79.0,79.0,0.0,96.44276089626277,-1,76.48,80.06307130825473,72.89692869174527
2007-04-16 00:00:00+05:30,81.0,85.0,81.0,85.0,12162,79.33333333333333,78.5,80.16666666666666,0.021008403361344418,96.44276089626277,-1,76.92,81.68386397791097,72.15613602208903
2007-04-17 00:00:00+05:30,85.0,85.0,83.0,84.0,4602,83.66666666666667,83.0,84.33333333333334,0.015936254980079792,96.44276089626277,-1,77.36,82.60228957613343,72.11771042386657
2007-04-18 00:00:00+05:30,81.0,84.0,81.0,83.0,4137,84.0,84.0,84.0,0.0,96.44276089626277,-1,77.72,83.21967271753844,72.22032728246155
2007-04-19 00:00:00+05:30,84.0,89.0,83.0,87.0,8847,82.66666666666667,82.5,82.83333333333334,0.004032258064516243,96.44276089626277,-1,78.12,84.70045591125998,71.53954408874003
2007-04-20 00:00:00+05:30,85.0,87.0,85.0,87.0,18927,86.33333333333333,86.0,86.66666666666666,0.007722007722007613,96.44276089626277,-1,78.64,85.8595290705167,71.4204709294833
2007-04-23 00:00:00+05:30,87.0,88.0,87.0,88.0,6207,86.33333333333333,86.0,86.66666666666666,0.007722007722007613,96.44276089626277,-1,79.2,87.03836717690841,71.3616328230916
2007-04-24 00:00:00+05:30,86.0,88.0,86.0,87.0,8127,87.66666666666667,87.5,87.83333333333334,0.0038022813688214007,96.44276089626277,-1,79.64,87.93226145270604,71.34773854729396
2007-04-25 00:00:00+05:30,84.0,89.0,84.0,88.0,364647,87.0,87.0,87.0,0.0,96.44276089626277,-1,80.12,88.88940134787056,71.35059865212945
2007-04-26 00:00:00+05:30,87.0,96.0,87.0,96.0,358602,87.0,86.5,87.5,0.011494252873563218,96.44276089626277,-1,80.92,91.5017956888249,70.3382043111751
2007-04-27 00:00:00+05:30,100.0,102.0,94.0,98.0,204177,93.0,91.5,94.5,0.03225806451612903,74.62244987497607,1,81.76,94.1442480595324,69.37575194046761
2007-04-30 00:00:00+05:30,96.0,103.0,96.0,101.0,133527,98.0,98.0,98.0,0.0,75.09755187997703,1,82.72,97.0478190943364,68.3921809056636
2007-05-03 00:00:00+05:30,101.0,103.0,101.0,102.0,199422,100.0,99.5,100.5,0.01,78.01364980477794,1,83.76,99.67256107608169,67.84743892391832
2007-05-04 00:00:00+05:30,103.0,103.0,101.0,102.0,67497,102.0,102.0,102.0,0.0,78.41310381258683,1,84.8,101.9020466611464,67.6979533388536
2007-05-07 00:00:00+05:30,101.0,104.0,101.0,103.0,196602,102.0,102.0,102.0,0.0,79.01657966008335,1,85.88,104.00242809338825,67.75757190661174
2007-05-08 00:00:00+05:30,102.0,107.0,102.0,104.0,127662,102.66666666666667,102.5,102.83333333333334,0.003246753246753339,80.55591647368001,1,87.0,105.98209682832817,68.01790317167183
2007-05-09 00:00:00+05:30,104.0,104.0,100.0,100.0,107022,104.33333333333333,104.5,104.16666666666666,0.003194888178913829,80.55591647368001,1,87.92,107.10265883552188,68.73734116447812
2007-05-10 00:00:00+05:30,102.0,103.0,100.0,101.0,49317,101.33333333333333,102.0,100.66666666666666,0.0131578947368422,80.55591647368001,1,88.88,108.18239363395183,69.57760636604816
2007-05-11 00:00:00+05:30,100.0,103.0,100.0,103.0,89607,101.33333333333333,101.5,101.16666666666666,0.00328947368421062,80.55591647368001,1,89.96,109.28028985289876,70.63971014710123
2007-05-14 00:00:00+05:30,103.0,105.0,99.0,101.0,57252,102.0,101.5,102.5,0.00980392156862745,80.55591647368001,1,90.92,109.95193106334779,71.88806893665222
2007-05-15 00:00:00+05:30,102.0,102.0,100.0,101.0,39462,101.66666666666667,102.0,101.33333333333334,0.006557377049180234,80.55591647368001,1,91.84,110.50487610459875,73.17512389540126
2007-05-16 00:00:00+05:30,101.0,101.0,99.0,99.0,22212,101.0,101.0,101.0,0.0,80.55591647368001,1,92.68,110.65527190336827,74.70472809663174
2007-05-17 00:00:00+05:30,99.0,100.0,98.0,98.0,15252,99.66666666666667,100.0,99.33333333333334,0.006688963210702246,80.55591647368001,1,93.48,110.5269469407287,76.4330530592713
2007-05-18 00:00:00+05:30,98.0,105.0,98.0,101.0,27192,98.66666666666667,99.0,98.33333333333334,0.00675675675675666,80.55591647368001,1,94.36,110.57732407026569,78.14267592973431
2007-05-21 00:00:00+05:30,101.0,103.0,100.0,101.0,31107,101.33333333333333,101.5,101.16666666666666,0.00328947368421062,80.55591647368001,1,95.24,110.37966974540785,80.10033025459214
2007-05-22 00:00:00+05:30,103.0,103.0,99.0,100.0,72327,101.33333333333333,101.5,101.16666666666666,0.00328947368421062,80.55591647368001,1,96.0,110.07408966860795,81.92591033139205
2007-05-23 00:00:00+05:30,100.0,100.0,99.0,100.0,82692,100.66666666666667,101.0,100.33333333333334,0.006622516556291296,80.55591647368001,1,96.6,110.01044369139278,83.18955630860721
2007-08-22 00:00:00+05:30,83.0,88.0,78.0,83.0,10512,99.66666666666667,99.5,99.83333333333334,0.0033444816053512655,80.55591647368001,1,96.56,110.12560356195097,82.99439643804904
2007-08-23 00:00:00+05:30,84.0,85.0,82.0,83.0,4797,83.0,83.0,83.0,0.0,80.55591647368001,1,96.56,110.12560356195097,82.99439643804904
2007-08-24 00:00:00+05:30,82.0,85.0,82.0,83.0,2382,83.33333333333333,83.5,83.16666666666666,0.004000000000000114,80.55591647368001,1,96.4,110.49680814936548,82.30319185063453
2007-08-27 00:00:00+05:30,84.0,85.0,83.0,85.0,6207,83.33333333333333,83.5,83.16666666666666,0.004000000000000114,80.55591647368001,1,96.32,110.65005233765797,81.98994766234202
2007-08-28 00:00:00+05:30,84.0,85.0,82.0,83.0,59757,84.33333333333333,84.0,84.66666666666666,0.007905138339920837,80.55591647368001,1,96.12,111.03651433814271,81.2034856618573
2007-08-29 00:00:00+05:30,84.0,85.0,83.0,84.0,35427,83.33333333333333,83.5,83.16666666666666,0.004000000000000114,80.55591647368001,1,96.0,111.25254077195066,80.74745922804934
2007-08-30 00:00:00+05:30,89.0,89.0,85.0,85.0,3132,84.0,84.0,84.0,0.0,80.55591647368001,1,95.88,111.42678101730442,80.33321898269557
2007-08-31 00:00:00+05:30,85.0,85.0,84.0,85.0,47022,86.33333333333333,87.0,85.66666666666666,0.015444015444015555,80.55591647368001,1,95.44,111.5603473907983,79.3196526092017
2007-09-03 00:00:00+05:30,86.0,87.0,86.0,87.0,41772,84.66666666666667,84.5,84.83333333333334,0.00393700787401586,80.55591647368001,1,95.0,111.41462762294711,78.58537237705289
2007-09-04 00:00:00+05:30,87.0,87.0,87.0,87.0,2127,86.66666666666667,86.5,86.83333333333334,0.0038461538461539552,80.55591647368001,1,94.44,110.95258913677739,77.9274108632226
2007-09-05 00:00:00+05:30,88.0,89.0,87.0,89.0,14112,87.0,87.0,87.0,0.0,80.55591647368001,1,93.92,110.26547032055117,77.57452967944883
2007-09-06 00:00:00+05:30,89.0,89.0,86.0,89.0,66912,88.33333333333333,88.0,88.66666666666666,0.007547169811320648,80.55591647368001,1,93.4,109.50962445248243,77.29037554751758
2007-09-07 00:00:00+05:30,91.0,107.0,91.0,95.0,47142,88.0,87.5,88.5,0.011363636363636364,80.55591647368001,1,93.08,108.72526765510965,77.43473234489035
2007-09-10 00:00:00+05:30,93.0,96.0,93.0,94.0,15402,97.66666666666667,99.0,96.33333333333334,0.027303754266211507,80.55591647368001,1,92.68,107.68634532456257,77.67365467543745
2007-09-11 00:00:00+05:30,97.0,97.0,94.0,94.0,8007,94.33333333333333,94.5,94.16666666666666,0.00353356890459374,80.55591647368001,1,92.44,107.15956521097077,77.72043478902923
2007-09-12 00:00:00+05:30,95.0,95.0,93.0,93.0,3162,95.0,95.5,94.5,0.010526315789473684,80.55591647368001,1,92.12,106.42323040435346,77.81676959564655
2007-09-13 00:00:00+05:30,94.0,94.0,91.0,93.0,11307,93.66666666666667,94.0,93.33333333333334,0.007117437722419827,80.55591647368001,1,91.72,105.32611627173682,78.11388372826318
2007-09-14 00:00:00+05:30,98.0,105.0,98.0,99.0,128097,92.66666666666667,92.5,92.83333333333334,0.0035971223021583755,80.55591647368001,1,91.64,105.04901189499144,78.23098810500856
2007-09-17 00:00:00+05:30,102.0,104.0,98.0,99.0,58707,100.66666666666667,101.5,99.83333333333334,0.01655629139072838,80.55591647368001,1,91.56,104.7670284318624,78.3529715681376
2007-09-18 00:00:00+05:30,100.0,100.0,97.0,98.0,10587,100.33333333333333,101.0,99.66666666666666,0.013289036544850594,80.55591647368001,1,91.52,104.64243879772437,78.39756120227563
2007-09-19 00:00:00+05:30,96.0,99.0,96.0,97.0,15552,98.33333333333333,98.5,98.16666666666666,0.003389830508474673,80.55591647368001,1,91.48,104.52907659568378,78.43092340431623
2007-09-20 00:00:00+05:30,98.0,101.0,98.0,100.0,123372,97.33333333333333,97.5,97.16666666666666,0.0034246575342466727,80.55591647368001,1,91.44,104.37775869306665,78.50224130693334
2007-09-21 00:00:00+05:30,100.0,102.0,99.0,100.0,102582,99.66666666666667,99.5,99.83333333333334,0.0033444816053512655,80.55591647368001,1,91.4,104.22497563350598,78.57502436649403
2007-09-24 00:00:00+05:30,103.0,103.0,98.0,100.0,24837,100.33333333333333,100.5,100.16666666666666,0.003322259136212719,80.55591647368001,1,91.4,104.22497563350598,78.57502436649403
2007-09-25 00:00:00+05:30,99.0,99.0,98.0,99.0,9192,100.33333333333333,100.5,100.16666666666666,0.003322259136212719,80.55591647368001,1,91.36,104.08327001992892,78.63672998007108
2007-09-26 00:00:00+05:30,100.0,100.0,98.0,98.0,13227,98.66666666666667,98.5,98.83333333333334,0.0033783783783784744,80.55591647368001,1,91.96,104.46254374117608,79.45745625882391
2007-09-27 00:00:00+05:30,99.0,100.0,99.0,99.0,17457,98.66666666666667,99.0,98.33333333333334,0.00675675675675666,80.55591647368001,1,92.6,104.83764683262352,80.36235316737647
2007-09-28 00:00:00+05:30,103.0,103.0,98.0,100.0,15942,99.33333333333333,99.5,99.16666666666666,0.0033557046979866725,80.55591647368001,1,93.28,105.19328670015206,81.36671329984794
2007-10-01 00:00:00+05:30,102.0,103.0,98.0,102.0,53562,100.33333333333333,100.5,100.16666666666666,0.003322259136212719,80.55591647368001,1,93.96,105.84585714199943,82.07414285800056
2007-10-03 00:00:00+05:30,102.0,103.0,100.0,102.0,36237,101.0,100.5,101.5,0.009900990099009901,80.55591647368001,1,94.72,106.12554251230596,83.31445748769404
2007-10-04 00:00:00+05:30,101.0,102.0,100.0,100.0,37287,101.66666666666667,101.5,101.83333333333334,0.003278688524590257,80.55591647368001,1,95.36,106.0614765336386,84.6585234663614
2007-10-05 00:00:00+05:30,98.0,100.0,98.0,98.0,11337,100.66666666666667,101.0,100.33333333333334,0.006622516556291296,80.55591647368001,1,95.88,105.74825212487079,86.0117478751292
2007-10-08 00:00:00+05:30,88.0,100.0,88.0,96.0,22512,98.66666666666667,99.0,98.33333333333334,0.00675675675675666,80.55591647368001,1,96.32,105.13308118651,87.50691881348999
2007-10-09 00:00:00+05:30,98.0,98.0,94.0,95.0,14007,94.66666666666667,94.0,95.33333333333334,0.01408450704225362,80.55591647368001,1,96.64,104.61756855188447,88.66243144811553
2007-10-10 00:00:00+05:30,95.0,100.0,94.0,96.0,7287,95.66666666666667,96.0,95.33333333333334,0.006968641114982479,80.55591647368001,1,97.0,103.95125887879425,90.04874112120575
2007-10-11 00:00:00+05:30,95.0,95.0,92.0,94.0,11172,96.66666666666667,97.0,96.33333333333334,0.006896551724137833,80.55591647368001,1,97.2,103.4737548565445,90.9262451434555
2007-10-12 00:00:00+05:30,95.0,95.0,93.0,93.0,23967,93.66666666666667,93.5,93.83333333333334,0.0035587188612100653,80.55591647368001,1,97.36,102.95657037836705,91.76342962163295
2007-10-15 00:00:00+05:30,97.0,97.0,92.0,92.0,7002,93.66666666666667,94.0,93.33333333333334,0.007117437722419827,80.55591647368001,1,97.24,103.15350995602574,91.32649004397425
2007-10-16 00:00:00+05:30,93.0,93.0,91.0,91.0,15537,93.66666666666667,94.5,92.83333333333334,0.01779359430604972,80.55591647368001,1,97.12,103.40191053740945,90.83808946259056
2007-10-17 00:00:00+05:30,87.0,93.0,87.0,91.0,4017,91.66666666666667,92.0,91.33333333333334,0.007272727272727169,80.55591647368001,1,97.0,103.62117814289994,90.37882185710006
2007-10-18 00:00:00+05:30,91.0,95.0,89.0,91.0,7122,90.33333333333333,90.0,90.66666666666666,0.007380073800737903,80.55591647368001,1,96.92,103.77670474791033,90.06329525208967
2007-10-19 00:00:00+05:30,88.0,93.0,86.0,86.0,22347,91.66666666666667,92.0,91.33333333333334,0.007272727272727169,80.55591647368001,1,96.64,104.59748704051827,88.68251295948173
2007-10-22 00:00:00+05:30,87.0,87.0,84.0,85.0,11652,88.33333333333333,89.5,87.16666666666666,0.02641509433962275,80.55591647368001,1,96.08,105.18243923352509,86.97756076647491
2007-10-23 00:00:00+05:30,87.0,90.0,83.0,85.0,61947,85.33333333333333,85.5,85.16666666666666,0.003906250000000111,80.55591647368001,1,95.52,105.51391815055624,85.52608184944376
2007-10-24 00:00:00+05:30,88.0,88.0,86.0,87.0,2862,86.0,86.5,85.5,0.011627906976744186,80.55591647368001,1,95.08,105.5554188460423,84.6045811539577
2007-10-25 00:00:00+05:30,88.0,95.0,88.0,93.0,16422,87.0,87.0,87.0,0.0,80.55591647368001,1,94.92,105.3954188460423,84.4445811539577
2007-10-26 00:00:00+05:30,94.0,96.0,91.0,93.0,15777,92.0,91.5,92.5,0.010869565217391304,80.55591647368001,1,94.64,104.92987852212157,84.35012147787843
2007-10-29 00:00:00+05:30,94.0,94.0,89.0,91.0,17517,93.33333333333333,93.5,93.16666666666666,0.0035714285714286732,80.55591647368001,1,94.28,104.42329335078203,84.13670664921797
2007-10-30 00:00:00+05:30,90.0,93.0,90.0,91.0,6087,91.33333333333333,91.5,91.16666666666666,0.0036496350364964543,80.55591647368001,1,93.92,103.86255500362053,83.97744499637948
2007-10-31 00:00:00+05:30,95.0,106.0,89.0,101.0,671022,91.33333333333333,91.5,91.16666666666666,0.0036496350364964543,80.55591647368001,1,94.0,104.13508756745689,83.86491243254311
2007-11-01 00:00:00+05:30,106.0,108.0,93.0,95.0,42102,98.66666666666667,97.5,99.83333333333334,0.023648648648648744,80.55591647368001,1,93.88,103.8931114045545,83.86688859544549
2007-11-02 00:00:00+05:30,100.0,100.0,92.0,94.0,18072,98.66666666666667,100.5,96.83333333333334,0.03716216216216207,80.55591647368001,1,93.68,103.4733855228935,83.88661447710652
2007-11-05 00:00:00+05:30,92.0,96.0,92.0,93.0,11682,95.33333333333333,96.0,94.66666666666666,0.013986013986014087,80.55591647368001,1,93.4,102.84880944881525,83.95119055118477
2007-11-06 00:00:00+05:30,93.0,94.0,92.0,92.0,5247,93.66666666666667,94.0,93.33333333333334,0.007117437722419827,80.55591647368001,1,93.0,101.78179936004123,84.21820063995877
2007-11-07 00:00:00+05:30,93.0,93.0,91.0,92.0,12897,92.66666666666667,93.0,92.33333333333334,0.007194244604316444,80.55591647368001,1,92.6,100.57997493730531,84.62002506269468
2007-11-08 00:00:00+05:30,96.0,96.0,91.0,91.0,2847,92.0,92.0,92.0,0.0,80.55591647368001,1,92.24,99.64335059280738,84.83664940719261
2007-11-09 00:00:00+05:30,93.0,98.0,90.0,93.0,1227,92.66666666666667,93.5,91.83333333333334,0.017985611510791262,80.55591647368001,1,92.04,99.0709032136719,85.00909678632812
2007-11-12 00:00:00+05:30,89.0,93.0,89.0,90.0,8607,93.66666666666667,94.0,93.33333333333334,0.007117437722419827,80.55591647368001,1,91.8,98.6818602136357,84.91813978636429
2007-11-13 00:00:00+05:30,88.0,93.0,88.0,90.0,6147,90.66666666666667,91.0,90.33333333333334,0.007352941176470483,80.55591647368001,1,91.6,98.38822509939249,84.8117749006075
2007-11-14 00:00:00+05:30,93.0,93.0,89.0,91.0,22512,90.33333333333333,90.5,90.16666666666666,0.003690036900369109,80.55591647368001,1,91.4,97.94828221749968,84.85171778250033
2007-11-15 00:00:00+05:30,92.0,93.0,90.0,91.0,5727,91.0,91.0,91.0,0.0,80.55591647368001,1,91.28,97.74269293716038,84.81730706283962
2007-11-16 00:00:00+05:30,95.0,96.0,92.0,93.0,18672,91.33333333333333,91.5,91.16666666666666,0.0036496350364964543,80.55591647368001,1,91.28,97.74269293716038,84.81730706283962
2007-11-19 00:00:00+05:30,93.0,95.0,92.0,92.0,11097,93.66666666666667,94.0,93.33333333333334,0.007117437722419827,80.55591647368001,1,91.28,97.74269293716038,84.81730706283962
2007-11-20 00:00:00+05:30,93.0,93.0,90.0,90.0,7902,93.0,93.5,92.5,0.010752688172043012,80.55591647368001,1,91.24,97.72148131217106,84.75851868782892
2007-11-21 00:00:00+05:30,93.0,96.0,92.0,93.0,82737,91.0,91.5,90.5,0.01098901098901099,80.55591647368001,1,91.32,97.83693179341495,84.80306820658504
2007-11-22 00:00:00+05:30,93.0,94.0,91.0,92.0,30702,93.66666666666667,94.0,93.33333333333334,0.007117437722419827,80.55591647368001,1,91.36,97.88085883914248,84.83914116085752
2007-11-23 00:00:00+05:30,95.0,95.0,92.0,93.0,4512,92.33333333333333,92.5,92.16666666666666,0.0036101083032492004,80.55591647368001,1,91.64,97.80778728556865,85.47221271443135
2007-11-26 00:00:00+05:30,92.0,95.0,92.0,94.0,13362,93.33333333333333,93.5,93.16666666666666,0.0035714285714286732,80.55591647368001,1,92.0,97.60000000000196,86.39999999999804
2007-11-27 00:00:00+05:30,93.0,103.0,93.0,102.0,640092,93.66666666666667,93.5,93.83333333333334,0.0035587188612100653,80.55591647368001,1,92.68,98.81762168922305,86.54237831077697
2007-11-28 00:00:00+05:30,103.0,105.0,101.0,103.0,92382,99.33333333333333,98.0,100.66666666666666,0.026845637583892523,80.55591647368001,1,93.32,100.24173388682492,86.39826611317507
2007-11-29 00:00:00+05:30,104.0,105.0,99.0,100.0,54237,103.0,103.0,103.0,0.0,80.55591647368001,1,93.6,100.99729680356413,86.20270319643586
2007-11-30 00:00:00+05:30,99.0,103.0,98.0,100.0,12942,101.33333333333333,102.0,100.66666666666666,0.0131578947368422,80.55591647368001,1,93.88,101.68399897488587,86.07600102511412
2007-12-03 00:00:00+05:30,102.0,102.0,97.0,98.0,13722,100.33333333333333,100.5,100.16666666666666,0.003322259136212719,80.55591647368001,1,94.16,102.03258534409247,86.28741465590753
2007-12-04 00:00:00+05:30,103.0,103.0,97.0,98.0,10542,99.0,99.5,98.5,0.010101010101010102,80.55591647368001,1,94.44,102.3409872800821,86.53901271991789
2007-12-05 00:00:00+05:30,99.0,101.0,97.0,100.0,180057,99.33333333333333,100.0,98.66666666666666,0.013422818791946406,80.55591647368001,1,94.4,102.17688883809068,86.62311116190934
2007-12-06 00:00:00+05:30,101.0,101.0,98.0,99.0,4272,99.33333333333333,99.0,99.66666666666666,0.00671140939597306,80.55591647368001,1,94.56,102.54157879119282,86.57842120880719
2007-12-07 00:00:00+05:30,105.0,105.0,97.0,101.0,30447,99.33333333333333,99.5,99.16666666666666,0.0033557046979866725,80.55591647368001,1,94.84,103.2052615021898,86.47473849781021
2007-12-10 00:00:00+05:30,103.0,103.0,100.0,101.0,246357,101.0,101.0,101.0,0.0,80.55591647368001,1,95.16,103.82588714443122,86.49411285556877
2007-12-11 00:00:00+05:30,102.0,102.0,99.0,99.0,34962,101.33333333333333,101.5,101.16666666666666,0.00328947368421062,80.55591647368001,1,95.44,104.13169718754732,86.74830281245268
2007-12-12 00:00:00+05:30,100.0,100.0,98.0,98.0,8427,100.0,100.5,99.5,0.01,80.55591647368001,1,95.68,104.30962339850458,87.05037660149543
2007-12-13 00:00:00+05:30,97.0,101.0,97.0,99.0,7212,98.66666666666667,99.0,98.33333333333334,0.00675675675675666,80.55591647368001,1,96.0,104.50411665018873,87.49588334981127
2007-12-14 00:00:00+05:30,98.0,100.0,98.0,98.0,8172,99.0,99.0,99.0,0.0,80.55591647368001,1,96.2,104.64748483277816,87.75251516722184
2007-12-17 00:00:00+05:30,98.0,100.0,97.0,97.0,18747,98.66666666666667,99.0,98.33333333333334,0.00675675675675666,80.55591647368001,1,96.48,104.54215851990128,88.41784148009873
2007-12-18 00:00:00+05:30,97.0,97.0,95.0,96.0,15042,98.0,98.5,97.5,0.01020408163265306,80.55591647368001,1,96.72,104.3414434328424,89.0985565671576
2007-12-19 00:00:00+05:30,98.0,99.0,96.0,96.0,13062,96.0,96.0,96.0,0.0,80.55591647368001,1,96.92,104.18459909423888,89.65540090576113
2007-12-20 00:00:00+05:30,96.0,99.0,95.0,96.0,20127,97.0,97.5,96.5,0.010309278350515464,80.55591647368001,1,97.12,103.98603233316128,90.25396766683873
2007-12-24 00:00:00+05:30,98.0,98.0,95.0,96.0,4587,96.66666666666667,97.0,96.33333333333334,0.006896551724137833,80.55591647368001,1,97.24,103.9160467344092,90.56395326559078
2007-12-26 00:00:00+05:30,97.0,98.0,96.0,96.0,8352,96.33333333333333,96.5,96.16666666666666,0.003460207612456846,80.55591647368001,1,97.4,103.74980314655626,91.05019685344375
2007-12-27 00:00:00+05:30,98.0,98.0,95.0,96.0,8337,96.66666666666667,97.0,96.33333333333334,0.006896551724137833,80.55591647368001,1,97.64,103.26508666600039,92.01491333399962
2007-12-28 00:00:00+05:30,96.0,98.0,96.0,97.0,7662,96.33333333333333,96.5,96.16666666666666,0.003460207612456846,80.55591647368001,1,97.8,103.10659966457007,92.49340033542993
2007-12-31 00:00:00+05:30,97.0,105.0,97.0,103.0,68907,97.0,97.0,97.0,0.0,80.55591647368001,1,98.24,103.3712376674653,93.1087623325347
2008-01-01 00:00:00+05:30,105.0,111.0,96.0,108.0,266472,101.66666666666667,101.0,102.33333333333334,0.013114754098360748,80.55591647368001,1,98.84,104.81809334152739,92.86190665847262
2008-01-02 00:00:00+05:30,111.0,114.0,108.0,112.0,79392,105.0,103.5,106.5,0.02857142857142857,80.55591647368001,1,99.56,107.15115274513781,91.9688472548622
2008-01-03 00:00:00+05:30,113.0,115.0,113.0,113.0,89667,111.33333333333333,111.0,111.66666666666666,0.005988023952095724,81.52116910983779,1,100.0,109.20869154657777,90.79130845342223
2008-01-04 00:00:00+05:30,116.0,117.0,112.0,114.0,33147,113.66666666666667,114.0,113.33333333333334,0.005865102639296104,81.92032234544428,1,100.44,111.11453043463797,89.76546956536203
2008-01-07 00:00:00+05:30,117.0,136.0,112.0,136.0,245397,114.33333333333333,114.5,114.16666666666666,0.0029154518950438146,86.0035094516265,1,101.88,119.42828766575276,84.33171233424723
2008-01-08 00:00:00+05:30,144.0,149.0,120.0,125.0,226407,128.0,124.0,132.0,0.0625,89.90336907356144,1,102.88,122.60060850988147,83.15939149011852
2008-01-09 00:00:00+05:30,128.0,143.0,123.0,129.0,58182,131.33333333333334,134.5,128.16666666666669,0.04822335025380696,89.90336907356144,1,104.12,126.21303962790111,82.0269603720989
2008-01-10 00:00:00+05:30,128.0,128.0,113.0,118.0,18822,131.66666666666666,133.0,130.33333333333331,0.02025316455696217,89.90336907356144,1,104.92,127.51146741581891,82.32853258418109
2008-01-11 00:00:00+05:30,118.0,121.0,113.0,118.0,38607,119.66666666666667,120.5,118.83333333333334,0.013927576601671229,89.90336907356144,1,105.64,128.70082392283518,82.57917607716483
2008-01-14 00:00:00+05:30,118.0,118.0,113.0,114.0,21672,117.33333333333333,117.0,117.66666666666666,0.005681818181818101,89.90336907356144,1,106.24,129.35903112156748,83.1209688784325
2008-01-15 00:00:00+05:30,113.0,117.0,110.0,110.0,13017,115.0,115.5,114.5,0.008695652173913044,89.90336907356144,1,106.6,129.66165648863944,83.53834351136055
2008-01-16 00:00:00+05:30,109.0,112.0,107.0,108.0,12897,112.33333333333333,113.5,111.16666666666666,0.020771513353115813,89.90336907356144,1,106.88,129.83261205179065,83.92738794820934
2008-01-17 00:00:00+05:30,108.0,113.0,108.0,110.0,12597,109.0,109.5,108.5,0.009174311926605505,89.90336907356144,1,107.32,130.0723713049872,84.56762869501279
2008-01-18 00:00:00+05:30,111.0,112.0,102.0,104.0,8022,110.33333333333333,110.5,110.16666666666666,0.0030211480362538623,89.90336907356144,1,107.56,130.03900353663403,85.08099646336598
2008-01-21 00:00:00+05:30,99.0,107.0,84.0,91.0,31452,106.0,107.0,105.0,0.018867924528301886,89.90336907356144,1,107.24,130.4143306267949,84.06566937320508
2008-01-22 00:00:00+05:30,83.0,92.0,73.0,87.0,34752,94.0,95.5,92.5,0.031914893617021274,140.14714071346157,-1,106.8,131.0520102259587,82.5479897740413
2008-01-23 00:00:00+05:30,99.0,99.0,75.0,88.0,15552,84.0,82.5,85.5,0.03571428571428571,140.14714071346157,-1,106.44,131.51639527523855,81.36360472476146
2008-01-24 00:00:00+05:30,90.0,96.0,87.0,88.0,35592,87.33333333333333,87.0,87.66666666666666,0.007633587786259434,140.14714071346157,-1,106.12,131.91500726884965,80.32499273115036
2008-01-25 00:00:00+05:30,86.0,92.0,86.0,91.0,3897,90.33333333333333,91.5,89.16666666666666,0.02583025830258313,140.14714071346157,-1,105.92,132.10042016469572,79.73957983530428
2008-01-28 00:00:00+05:30,92.0,95.0,87.0,92.0,18957,89.66666666666667,89.0,90.33333333333334,0.014869888475836536,140.14714071346157,-1,105.76,132.22827534993556,79.29172465006445
2008-01-29 00:00:00+05:30,93.0,96.0,92.0,95.0,6837,91.33333333333333,91.0,91.66666666666666,0.007299270072992597,140.14714071346157,-1,105.72,132.25010365603583,79.18989634396416
2008-01-30 00:00:00+05:30,93.0,97.0,89.0,91.0,9417,94.33333333333333,94.0,94.66666666666666,0.007067137809187179,140.14714071346157,-1,105.52,132.4130920498184,78.62690795018159
2008-01-31 00:00:00+05:30,92.0,94.0,88.0,90.0,9612,92.33333333333333,93.0,91.66666666666666,0.014440433212996493,140.14714071346157,-1,105.28,132.6121495678625,77.9478504321375
2008-02-01 00:00:00+05:30,90.0,93.0,90.0,91.0,3627,90.66666666666667,91.0,90.33333333333334,0.007352941176470483,140.14714071346157,-1,105.04,132.76135638817132,77.31864361182869
2008-02-04 00:00:00+05:30,97.0,97.0,92.0,92.0,8427,91.33333333333333,91.5,91.16666666666666,0.0036496350364964543,140.14714071346157,-1,104.6,132.78226392609378,76.41773607390621
2008-02-05 00:00:00+05:30,96.0,96.0,91.0,92.0,8022,93.66666666666667,94.5,92.83333333333334,0.01779359430604972,140.14714071346157,-1,103.96,132.52840212542534,75.39159787457464
2008-02-06 00:00:00+05:30,92.0,92.0,88.0,89.0,13602,93.0,93.5,92.5,0.010752688172043012,140.14714071346157,-1,103.04,131.99226416016558,74.08773583983442
2008-02-07 00:00:00+05:30,92.0,92.0,87.0,89.0,3252,89.66666666666667,90.0,89.33333333333334,0.0074349442379181094,140.14714071346157,-1,102.08,131.2384361720585,72.92156382794151
2008-02-08 00:00:00+05:30,86.0,88.0,84.0,87.0,38532,89.33333333333333,89.5,89.16666666666666,0.0037313432835821957,139.23496408766468,-1,101.0,130.31211353689818,71.68788646310182
2008-02-11 00:00:00+05:30,87.0,90.0,84.0,87.0,29412,86.33333333333333,86.0,86.66666666666666,0.007722007722007613,139.23496408766468,-1,99.04,125.10134301988313,72.97865698011688
2008-02-12 00:00:00+05:30,87.0,89.0,86.0,87.0,29052,87.0,87.0,87.0,0.0,139.01414290319175,-1,97.52,121.71335445943807,73.32664554056193
2008-02-13 00:00:00+05:30,90.0,90.0,84.0,84.0,4242,87.33333333333333,87.5,87.16666666666666,0.0038167938931298797,138.1335771870641,-1,95.72,116.76866741625258,74.67133258374741
2008-02-14 00:00:00+05:30,85.0,88.0,85.0,87.0,10752,86.0,87.0,85.0,0.023255813953488372,136.70823409958155,-1,94.48,113.7059824196324,75.2540175803676
2008-02-15 00:00:00+05:30,84.0,89.0,84.0,88.0,16272,86.66666666666667,86.5,86.83333333333334,0.0038461538461539552,136.09990473559827,-1,93.28,110.07542794929665,76.48457205070335
2008-05-20 00:00:00+05:30,93.0,95.0,93.0,95.0,3702,87.0,86.5,87.5,0.011494252873563218,136.09990473559827,-1,92.52,107.06504726702583,77.97495273297416
2008-05-21 00:00:00+05:30,93.0,94.0,92.0,94.0,22227,94.33333333333333,94.0,94.66666666666666,0.007067137809187179,136.09990473559827,-1,91.88,104.58363727441933,79.17636272558066
2008-05-22 00:00:00+05:30,92.0,95.0,92.0,94.0,2652,93.33333333333333,93.0,93.66666666666666,0.007142857142857042,136.09990473559827,-1,91.32,102.24109884581293,80.39890115418706
2008-05-23 00:00:00+05:30,93.0,97.0,92.0,94.0,19152,93.66666666666667,93.5,93.83333333333334,0.0035587188612100653,136.09990473559827,-1,90.68,98.61412881166025,82.74587118833976
2008-05-26 00:00:00+05:30,93.0,94.0,92.0,92.0,3507,94.33333333333333,94.5,94.16666666666666,0.00353356890459374,136.09990473559827,-1,90.2,96.02408791142592,84.37591208857408
2008-05-27 00:00:00+05:30,91.0,93.0,91.0,92.0,11367,92.66666666666667,93.0,92.33333333333334,0.007194244604316444,136.09990473559827,-1,90.24,96.09914669555367,84.38085330444632
2008-05-28 00:00:00+05:30,91.0,94.0,89.0,93.0,16617,92.0,92.0,92.0,0.0,135.39661917215847,-1,90.48,96.2798620673269,84.6801379326731
2008-05-29 00:00:00+05:30,95.0,95.0,93.0,94.0,5307,92.0,91.5,92.5,0.010869565217391304,135.39661917215847,-1,90.72,96.58569688954495,84.85430311045505
2008-05-30 00:00:00+05:30,93.0,96.0,93.0,95.0,15042,94.0,94.0,94.0,0.0,135.39661917215847,-1,91.0,96.98665181883973,85.01334818116027
2008-06-02 00:00:00+05:30,95.0,97.0,94.0,95.0,22392,94.66666666666667,94.5,94.83333333333334,0.00352112676056348,135.39661917215847,-1,91.16,97.34850547386175,84.97149452613824
2008-06-03 00:00:00+05:30,93.0,96.0,93.0,95.0,14982,95.33333333333333,95.5,95.16666666666666,0.0034965034965035962,134.69943864950284,-1,91.28,97.64289242404874,84.91710757595126
2008-06-04 00:00:00+05:30,94.0,99.0,94.0,95.0,5787,94.66666666666667,94.5,94.83333333333334,0.00352112676056348,134.69943864950284,-1,91.28,97.64289242404874,84.91710757595126
2008-06-05 00:00:00+05:30,95.0,95.0,95.0,95.0,14472,96.0,96.5,95.5,0.010416666666666666,133.3918026593818,-1,91.44,97.96576432305187,84.91423567694812
2008-06-06 00:00:00+05:30,94.0,95.0,94.0,95.0,1857,95.0,95.0,95.0,0.0,131.63613055300652,-1,91.64,98.28240920148832,84.99759079851168
2008-06-09 00:00:00+05:30,93.0,96.0,93.0,95.0,8877,94.66666666666667,94.5,94.83333333333334,0.00352112676056348,130.99068533088627,-1,91.8,98.56461381011633,85.03538618988367
2008-06-10 00:00:00+05:30,93.0,97.0,93.0,96.0,3912,94.66666666666667,94.5,94.83333333333334,0.00352112676056348,130.99068533088627,-1,91.96,98.92229847105223,84.99770152894776
2008-06-11 00:00:00+05:30,97.0,97.0,94.0,95.0,11052,95.33333333333333,95.0,95.66666666666666,0.006993006993006894,130.99068533088627,-1,92.08,99.14359681748726,85.01640318251273
2008-06-12 00:00:00+05:30,94.0,97.0,94.0,97.0,2472,95.33333333333333,95.5,95.16666666666666,0.0034965034965035962,130.46321497690698,-1,92.4,99.60000000000112,85.1999999999989
2008-06-13 00:00:00+05:30,95.0,95.0,95.0,95.0,1497,96.0,95.5,96.5,0.010416666666666666,129.1246863778307,-1,92.64,99.77032958565141,85.50967041434859
2008-06-16 00:00:00+05:30,95.0,95.0,94.0,95.0,1167,95.0,95.0,95.0,0.0,127.53969892271749,-1,92.96,99.7595293954814,86.1604706045186
2008-06-17 00:00:00+05:30,95.0,95.0,94.0,95.0,2142,94.66666666666667,94.5,94.83333333333334,0.00352112676056348,126.49811096580879,-1,93.28,99.66798872885789,86.89201127114211
2008-06-18 00:00:00+05:30,95.0,95.0,94.0,95.0,4407,94.66666666666667,94.5,94.83333333333334,0.00352112676056348,125.49818652717643,-1,93.6,99.47877538268092,87.72122461731907
2008-06-19 00:00:00+05:30,95.0,97.0,95.0,95.0,14037,94.66666666666667,94.5,94.83333333333334,0.00352112676056348,125.49818652717643,-1,94.04,98.43927266715932,89.6407273328407
2008-06-20 00:00:00+05:30,95.0,97.0,94.0,94.0,16212,95.66666666666667,96.0,95.33333333333334,0.006968641114982479,125.4455287034458,-1,94.32,97.65322666496216,90.98677333503782
2008-06-23 00:00:00+05:30,93.0,95.0,88.0,93.0,18672,95.0,95.5,94.5,0.010526315789473684,122.20770755530796,-1,94.52,96.71963633358214,92.32036366641785
2008-06-24 00:00:00+05:30,93.0,94.0,93.0,94.0,9852,92.0,91.5,92.5,0.010869565217391304,122.20770755530796,-1,94.48,96.67963633358215,92.28036366641786
2008-06-25 00:00:00+05:30,92.0,93.0,91.0,93.0,7542,93.66666666666667,93.5,93.83333333333334,0.0035587188612100653,121.40902328297182,-1,94.44,96.7083915006045,92.17160849939549
2008-06-26 00:00:00+05:30,92.0,93.0,92.0,92.0,2187,92.33333333333333,92.0,92.66666666666666,0.007220216606498093,121.01266235165295,-1,94.36,96.81796663932097,91.90203336067903
2008-06-27 00:00:00+05:30,91.0,91.0,87.0,87.0,5727,92.33333333333333,92.5,92.16666666666666,0.0036101083032492004,117.77215585758684,-1,94.08,97.87135859554526,90.28864140445474
2008-06-30 00:00:00+05:30,87.0,87.0,79.0,85.0,16497,88.33333333333333,89.0,87.66666666666666,0.015094339622641617,112.86126962328336,-1,93.8,98.95363949069151,88.64636050930848
2008-07-01 00:00:00+05:30,83.0,86.0,80.0,83.0,7302,83.66666666666667,83.0,84.33333333333334,0.015936254980079792,112.86126962328336,-1,93.44,100.08722498491026,86.79277501508973
2008-07-02 00:00:00+05:30,79.0,84.0,79.0,81.0,1242,83.0,83.0,83.0,0.0,112.03294608481795,-1,92.96,101.20582318510502,84.71417681489497
2008-07-03 00:00:00+05:30,80.0,82.0,80.0,82.0,3972,81.33333333333333,81.5,81.16666666666666,0.004098360655737821,110.87162824142523,-1,92.48,101.76000000000086,83.19999999999915
2008-07-04 00:00:00+05:30,77.0,84.0,77.0,81.0,162,81.33333333333333,81.0,81.66666666666666,0.008196721311475294,110.87162824142523,-1,91.92,102.16374931360662,81.67625068639339
2008-07-07 00:00:00+05:30,85.0,85.0,82.0,85.0,1047,80.66666666666667,80.5,80.83333333333334,0.004132231404958795,110.87162824142523,-1,91.52,102.0289675991515,81.01103240084849
2008-07-08 00:00:00+05:30,85.0,86.0,83.0,86.0,2892,84.0,83.5,84.5,0.011904761904761904,110.87162824142523,-1,91.16,101.78344576867677,80.53655423132322
2008-07-09 00:00:00+05:30,82.0,88.0,82.0,84.0,3447,85.0,84.5,85.5,0.011764705882352941,110.87162824142523,-1,90.72,101.5793922481885,79.8606077518115
2008-07-10 00:00:00+05:30,87.0,87.0,85.0,86.0,402,84.66666666666667,85.0,84.33333333333334,0.007874015748031383,110.87162824142523,-1,90.36,101.22469511767434,79.49530488232566
2008-07-11 00:00:00+05:30,85.0,90.0,85.0,89.0,6687,86.0,86.0,86.0,0.0,110.87162824142523,-1,90.12,100.82805304432216,79.41194695567785
2008-07-14 00:00:00+05:30,93.0,93.0,86.0,88.0,252,88.0,87.5,88.5,0.011363636363636364,110.87162824142523,-1,89.84,100.38787182326449,79.29212817673552
2008-07-15 00:00:00+05:30,88.0,90.0,87.0,87.0,1812,89.0,89.5,88.5,0.011235955056179775,110.87162824142523,-1,89.48,99.77360966813961,79.1863903318604
2008-07-16 00:00:00+05:30,86.0,89.0,86.0,88.0,4212,88.0,88.5,87.5,0.011363636363636364,110.87162824142523,-1,89.2,99.2558440719821,79.14415592801791
2008-07-17 00:00:00+05:30,88.0,89.0,87.0,89.0,6312,87.66666666666667,87.5,87.83333333333334,0.0038022813688214007,110.87162824142523,-1,88.88,98.41846947890579,79.3415305210942
2008-07-18 00:00:00+05:30,87.0,90.0,87.0,90.0,4797,88.33333333333333,88.0,88.66666666666666,0.007547169811320648,110.87162824142523,-1,88.68,97.90119298138899,79.45880701861103
2008-07-21 00:00:00+05:30,87.0,90.0,86.0,86.0,4497,89.0,88.5,89.5,0.011235955056179775,110.87162824142523,-1,88.32,97.22339261180913,79.41660738819085
2008-07-22 00:00:00+05:30,89.0,91.0,87.0,91.0,327,87.33333333333333,88.0,86.66666666666666,0.015267175572519193,110.87162824142523,-1,88.16,96.71439068549114,79.60560931450885
2008-07-23 00:00:00+05:30,89.0,92.0,89.0,90.0,2427,89.66666666666667,89.0,90.33333333333334,0.014869888475836536,110.87162824142523,-1,87.96,96.08856690936463,79.83143309063536
2008-07-24 00:00:00+05:30,89.0,90.0,87.0,90.0,822,90.33333333333333,90.5,90.16666666666666,0.003690036900369109,110.87162824142523,-1,87.76,95.41830268401674,80.10169731598327
2008-07-25 00:00:00+05:30,93.0,93.0,90.0,92.0,3882,89.0,88.5,89.5,0.011235955056179775,110.87162824142523,-1,87.68,95.11440649951413,80.24559350048588
2008-07-28 00:00:00+05:30,89.0,91.0,86.0,86.0,31092,91.66666666666667,91.5,91.83333333333334,0.0036363636363637396,110.87162824142523,-1,87.4,94.53302180005207,80.26697819994794
2008-07-29 00:00:00+05:30,86.0,87.0,83.0,86.0,2307,87.66666666666667,88.5,86.83333333333334,0.019011406844106356,110.87162824142523,-1,87.08,93.69924466990139,80.4607553300986
2008-07-30 00:00:00+05:30,89.0,93.0,87.0,92.0,1101672,85.33333333333333,85.0,85.66666666666666,0.007812499999999889,110.87162824142523,-1,87.04,93.52641657620123,80.55358342379878
2008-07-31 00:00:00+05:30,93.0,97.0,92.0,94.0,13947,90.66666666666667,90.0,91.33333333333334,0.01470588235294128,110.87162824142523,-1,87.12,93.8921783792232,80.34782162077681
2008-08-01 00:00:00+05:30,96.0,97.0,94.0,95.0,4122,94.33333333333333,94.5,94.16666666666666,0.00353356890459374,110.87162824142523,-1,87.44,94.88215022691816,79.99784977308184
2008-08-04 00:00:00+05:30,97.0,97.0,94.0,95.0,3507,95.33333333333333,95.5,95.16666666666666,0.0034965034965035962,110.87162824142523,-1,87.84,95.77332212884477,79.90667787115524
2008-08-05 00:00:00+05:30,96.0,96.0,95.0,95.0,7497,95.33333333333333,95.5,95.16666666666666,0.0034965034965035962,110.87162824142523,-1,88.32,96.47293812070336,80.16706187929663
2008-08-06 00:00:00+05:30,97.0,101.0,96.0,100.0,73167,95.33333333333333,95.5,95.16666666666666,0.0034965034965035962,110.87162824142523,-1,89.08,97.87854533431624,80.28145466568375
2008-08-07 00:00:00+05:30,98.0,101.0,98.0,100.0,3087,99.0,98.5,99.5,0.010101010101010102,110.87162824142523,-1,89.8,99.09516003089877,80.50483996910123
2008-08-08 00:00:00+05:30,103.0,103.0,100.0,100.0,5232,99.66666666666667,99.5,99.83333333333334,0.0033444816053512655,110.87162824142523,-1,90.56,99.95923401134465,81.16076598865536
2008-08-11 00:00:00+05:30,100.0,100.0,98.0,99.0,14232,101.0,101.5,100.5,0.009900990099009901,110.87162824142523,-1,91.12,100.79173200621369,81.44826799378632
2008-08-12 00:00:00+05:30,100.0,100.0,99.0,99.0,3147,99.0,99.0,99.0,0.0,110.87162824142523,-1,91.64,101.54967204301022,81.73032795698978
2008-08-13 00:00:00+05:30,100.0,100.0,98.0,100.0,2502,99.33333333333333,99.5,99.16666666666666,0.0033557046979866725,110.87162824142523,-1,92.28,102.20000000000091,82.35999999999909
2008-08-14 00:00:00+05:30,101.0,101.0,98.0,99.0,9597,99.33333333333333,99.0,99.66666666666666,0.00671140939597306,110.87162824142523,-1,92.8,102.711609354692,82.888390645308
2008-08-18 00:00:00+05:30,99.0,100.0,99.0,100.0,7917,99.33333333333333,99.5,99.16666666666666,0.0033557046979866725,110.87162824142523,-1,93.24,103.4110176482011,83.0689823517989
2008-08-19 00:00:00+05:30,100.0,100.0,100.0,100.0,8187,99.66666666666667,99.5,99.83333333333334,0.0033444816053512655,110.87162824142523,-1,93.72,103.9887097534217,83.4512902465783
2008-08-20 00:00:00+05:30,100.0,101.0,100.0,100.0,7287,100.0,100.0,100.0,0.0,110.87162824142523,-1,94.24,104.41101764820108,84.06898235179891
2008-08-21 00:00:00+05:30,100.0,100.0,98.0,98.0,822,100.33333333333333,100.5,100.16666666666666,0.003322259136212719,110.87162824142523,-1,94.64,104.58191128506073,84.69808871493927
2008-08-22 00:00:00+05:30,99.0,99.0,98.0,98.0,13632,98.66666666666667,99.0,98.33333333333334,0.00675675675675666,110.87162824142523,-1,95.0,104.74884608556407,85.25115391443593
2008-08-25 00:00:00+05:30,96.0,100.0,96.0,98.0,6762,98.33333333333333,98.5,98.16666666666666,0.003389830508474673,110.87162824142523,-1,95.32,104.91533219852329,85.7246678014767
2008-08-26 00:00:00+05:30,93.0,99.0,93.0,98.0,2757,98.0,98.0,98.0,0.0,110.87162824142523,-1,95.8,104.65437744847247,86.94562255152752
2008-08-27 00:00:00+05:30,98.0,98.0,98.0,98.0,492,96.66666666666667,96.0,97.33333333333334,0.013793103448275959,110.87162824142523,-1,96.08,104.75031717989704,87.40968282010296
2008-08-28 00:00:00+05:30,98.0,100.0,98.0,99.0,11817,98.0,98.0,98.0,0.0,110.87162824142523,-1,96.44,104.81290869411686,88.06709130588314
2008-08-29 00:00:00+05:30,98.0,98.0,98.0,98.0,2637,99.0,99.0,99.0,0.0,110.87162824142523,-1,96.76,104.72552572025336,88.79447427974665
2008-09-01 00:00:00+05:30,97.0,98.0,97.0,98.0,327,98.0,98.0,98.0,0.0,110.87162824142523,-1,97.0,104.73563184232664,89.26436815767336
2008-09-02 00:00:00+05:30,100.0,100.0,97.0,100.0,13287,97.66666666666667,97.5,97.83333333333334,0.0034129692832765473,110.87162824142523,-1,97.56,103.93695852268287,91.18304147731713
2008-09-04 00:00:00+05:30,95.0,100.0,95.0,100.0,20982,99.0,98.5,99.5,0.010101010101010102,110.87162824142523,-1,98.12,102.47687961734286,93.76312038265715
2008-09-05 00:00:00+05:30,98.0,101.0,98.0,100.0,81132,98.33333333333333,97.5,99.16666666666666,0.016949152542372784,110.87162824142523,-1,98.44,102.06568614196233,94.81431385803766
2008-09-08 00:00:00+05:30,97.0,101.0,97.0,100.0,6792,99.66666666666667,99.5,99.83333333333334,0.0033444816053512655,110.87162824142523,-1,98.68,101.86596924028116,95.49403075971885
2008-09-09 00:00:00+05:30,98.0,101.0,98.0,100.0,7767,99.33333333333333,99.0,99.66666666666666,0.00671140939597306,110.87162824142523,-1,98.88,101.72647149994825,96.03352850005174
2008-09-10 00:00:00+05:30,98.0,100.0,98.0,98.0,732,99.66666666666667,99.5,99.83333333333334,0.0033444816053512655,110.87162824142523,-1,99.0,101.40000000000367,96.59999999999633
2008-09-11 00:00:00+05:30,99.0,99.0,98.0,98.0,5337,98.66666666666667,99.0,98.33333333333334,0.00675675675675666,110.87162824142523,-1,99.12,100.93725067066094,97.30274932933906
2008-09-12 00:00:00+05:30,98.0,101.0,98.0,100.0,8112,98.33333333333333,98.5,98.16666666666666,0.003389830508474673,110.87162824142523,-1,99.12,100.93725067066094,97.30274932933906
2008-09-15 00:00:00+05:30,95.0,98.0,95.0,98.0,17337,99.66666666666667,99.5,99.83333333333334,0.0033444816053512655,110.87162824142523,-1,99.04,100.87128370276636,97.20871629723365
2008-09-16 00:00:00+05:30,97.0,98.0,97.0,97.0,2412,97.0,96.5,97.5,0.010309278350515464,110.87162824142523,-1,98.92,100.87304889852192,96.96695110147809
2008-09-17 00:00:00+05:30,95.0,98.0,95.0,98.0,5337,97.33333333333333,97.5,97.16666666666666,0.0034246575342466727,110.87162824142523,-1,98.88,100.86554778336298,96.894452216637
2008-09-18 00:00:00+05:30,96.0,98.0,94.0,96.0,8052,97.0,96.5,97.5,0.010309278350515464,110.87162824142523,-1,98.76,101.04245481883382,96.47754518116619
2008-09-19 00:00:00+05:30,97.0,98.0,96.0,98.0,8967,96.0,96.0,96.0,0.0,110.87162824142523,-1,98.68,100.92285532302414,96.43714467697588
2008-09-22 00:00:00+05:30,98.0,98.0,97.0,97.0,2097,97.33333333333333,97.0,97.66666666666666,0.006849315068493054,110.87162824142523,-1,98.6,100.93238075794191,96.26761924205807
2008-09-23 00:00:00+05:30,93.0,99.0,93.0,97.0,1077,97.33333333333333,97.5,97.16666666666666,0.0034246575342466727,110.87162824142523,-1,98.48,100.82059821413624,96.13940178586377
2008-09-24 00:00:00+05:30,95.0,98.0,95.0,97.0,11937,96.33333333333333,96.0,96.66666666666666,0.006920415224913397,110.87162824142523,-1,98.36,100.68413424741725,96.03586575258275
2008-09-25 00:00:00+05:30,96.0,97.0,96.0,97.0,3597,96.66666666666667,96.5,96.83333333333334,0.0034482758620690635,110.87162824142523,-1,98.24,100.52245481883382,95.95754518116617
2008-09-26 00:00:00+05:30,96.0,97.0,92.0,95.0,4587,96.66666666666667,96.5,96.83333333333334,0.0034482758620690635,110.87162824142523,-1,98.12,100.73197243477372,95.50802756522629
2008-09-29 00:00:00+05:30,93.0,93.0,87.0,92.0,1362,94.66666666666667,94.5,94.83333333333334,0.00352112676056348,110.87162824142523,-1,97.88,101.42716788438577,94.33283211561422
2008-09-30 00:00:00+05:30,90.0,95.0,90.0,94.0,4647,90.66666666666667,90.0,91.33333333333334,0.01470588235294128,110.87162824142523,-1,97.72,101.57828977657431,93.86171022342569
2008-10-01 00:00:00+05:30,90.0,94.0,90.0,91.0,297,93.0,92.5,93.5,0.010752688172043012,110.87162824142523,-1,97.44,102.10750468666266,92.77249531333733
2008-10-03 00:00:00+05:30,89.0,89.0,87.0,88.0,477,91.66666666666667,92.0,91.33333333333334,0.007272727272727169,110.87162824142523,-1,97.04,102.98588933634137,91.09411066365864
2008-10-06 00:00:00+05:30,82.0,84.0,80.0,80.0,6087,88.0,88.0,88.0,0.0,106.82928900683729,-1,96.28,105.16180161904207,87.39819838095794
2008-10-07 00:00:00+05:30,78.0,80.0,76.0,77.0,217392,81.33333333333333,82.0,80.66666666666666,0.01639344262295094,102.9561174465638,-1,95.44,107.06177267029511,83.81822732970488
2008-10-08 00:00:00+05:30,73.0,73.0,68.0,72.0,225432,77.66666666666667,78.0,77.33333333333334,0.00858369098712434,96.97787274870124,-1,94.4,109.15127113166926,79.64872886833075
2008-10-10 00:00:00+05:30,69.0,69.0,64.0,67.0,4722,71.0,70.5,71.5,0.014084507042253521,94.15875783875319,-1,93.08,111.1281134748211,75.03188652517889
2008-10-13 00:00:00+05:30,67.0,73.0,65.0,69.0,7962,66.66666666666667,66.5,66.83333333333334,0.0050000000000001415,94.15875783875319,-1,91.84,111.95709720610853,71.72290279389148
2008-10-14 00:00:00+05:30,72.0,75.0,72.0,72.0,2157,69.0,69.0,69.0,0.0,94.15875783875319,-1,90.72,111.9804421402759,69.4595578597241
2008-10-15 00:00:00+05:30,73.0,74.0,64.0,72.0,64467,73.0,73.5,72.5,0.0136986301369863,94.15875783875319,-1,89.6,111.71967450031804,67.48032549968195
2008-10-16 00:00:00+05:30,67.0,73.0,66.0,70.0,238062,70.0,69.0,71.0,0.02857142857142857,94.15875783875319,-1,88.4,111.37128642457841,65.4287135754216
2008-10-17 00:00:00+05:30,70.0,72.0,70.0,70.0,942,69.66666666666667,69.5,69.83333333333334,0.004784688995215447,94.15875783875319,-1,87.28,110.98836139424276,63.571638605757244
2008-10-20 00:00:00+05:30,70.0,76.0,70.0,76.0,6867,70.66666666666667,71.0,70.33333333333334,0.00943396226415081,94.15875783875319,-1,86.4,110.08459414894037,62.71540585105964
2008-10-21 00:00:00+05:30,70.0,77.0,70.0,74.0,5817,74.0,73.0,75.0,0.02702702702702703,94.15875783875319,-1,85.36,108.84705175197645,61.87294824802355
2008-10-22 00:00:00+05:30,72.0,76.0,72.0,74.0,7662,73.66666666666667,73.5,73.83333333333334,0.004524886877828182,94.15875783875319,-1,84.4,107.70321866180765,61.09678133819236
2008-10-23 00:00:00+05:30,70.0,70.0,70.0,70.0,162,74.0,74.0,74.0,0.0,94.15875783875319,-1,83.32,106.6898609324065,59.950139067593476
2008-10-24 00:00:00+05:30,58.0,72.0,58.0,68.0,2652,70.0,70.0,70.0,0.0,94.15875783875319,-1,82.12,105.43228002577226,58.807719974227744
2008-10-27 00:00:00+05:30,67.0,69.0,65.0,67.0,11217,66.0,65.0,67.0,0.030303030303030304,94.15875783875319,-1,80.96,104.28024013598531,57.63975986401468
2008-10-28 00:00:00+05:30,69.0,73.0,67.0,69.0,1017,67.0,67.0,67.0,0.0,94.15875783875319,-1,79.8,102.49096736589297,57.10903263410702
2008-10-29 00:00:00+05:30,69.0,69.0,67.0,67.0,4362,69.66666666666667,70.0,69.33333333333334,0.009569377990430485,94.15875783875319,-1,78.6,100.69072203437497,56.50927796562502
2008-10-31 00:00:00+05:30,58.0,77.0,58.0,73.0,626607,67.66666666666667,68.0,67.33333333333334,0.009852216748768333,94.15875783875319,-1,77.64,98.50052731835943,56.77947268164057
2008-11-03 00:00:00+05:30,71.0,71.0,71.0,71.0,297,69.33333333333333,67.5,71.16666666666666,0.05288461538461525,94.15875783875319,-1,76.6,96.0401646083571,57.159835391642886
2008-11-04 00:00:00+05:30,72.0,73.0,72.0,73.0,3612,71.0,71.0,71.0,0.0,94.15875783875319,-1,75.64,93.2389090570984,58.041090942901604
2008-11-05 00:00:00+05:30,76.0,76.0,73.0,73.0,1797,72.66666666666667,72.5,72.83333333333334,0.004587155963302883,94.15875783875319,-1,74.76,90.50069884090348,59.01930115909653
2008-11-06 00:00:00+05:30,72.0,75.0,72.0,75.0,1332,74.0,74.5,73.5,0.013513513513513514,94.15875783875319,-1,74.08,88.16454472107706,59.995455278922925
2008-11-07 00:00:00+05:30,67.0,73.0,67.0,73.0,477,74.0,73.5,74.5,0.013513513513513514,94.15875783875319,-1,73.24,84.73998260868336,61.74001739131663
2008-11-10 00:00:00+05:30,71.0,71.0,67.0,68.0,20562,71.0,70.0,72.0,0.028169014084507043,94.15875783875319,-1,72.32,81.41892301319335,63.22107698680663
2008-11-11 00:00:00+05:30,67.0,70.0,66.0,67.0,4932,68.66666666666667,69.0,68.33333333333334,0.009708737864077532,94.15875783875319,-1,71.48,78.20000000000147,64.75999999999854
2008-11-12 00:00:00+05:30,67.0,67.0,65.0,65.0,2007,67.66666666666667,68.0,67.33333333333334,0.009852216748768333,94.15875783875319,-1,70.88,77.11076239316021,64.64923760683978
2008-11-14 00:00:00+05:30,65.0,68.0,63.0,63.0,3117,65.66666666666667,66.0,65.33333333333334,0.010152284263959246,94.15875783875319,-1,70.32,76.7628565093458,63.87714349065419
2008-11-17 00:00:00+05:30,64.0,66.0,59.0,59.0,5982,64.66666666666667,65.5,63.83333333333334,0.025773195876288513,94.15875783875319,-1,69.8,77.5768888380907,62.023111161909306
2008-11-18 00:00:00+05:30,59.0,60.0,54.0,58.0,5802,61.333333333333336,62.5,60.16666666666667,0.038043478260869484,92.44492529989867,-1,69.44,78.43919996444237,60.44080003555763
2008-11-19 00:00:00+05:30,58.0,60.0,55.0,56.0,2682,57.333333333333336,57.0,57.66666666666667,0.011627906976744267,92.44492529989867,-1,68.92,79.3494966321496,58.490503367850415
2008-11-20 00:00:00+05:30,54.0,56.0,54.0,54.0,1257,57.0,57.5,56.5,0.017543859649122806,89.5700431563866,-1,68.2,80.0659175793539,56.33408242064611
2008-11-21 00:00:00+05:30,54.0,56.0,51.0,52.0,3627,54.666666666666664,55.0,54.33333333333333,0.0121951219512196,88.08724143013114,-1,67.4,80.7386656004272,54.061334399572814
2008-11-24 00:00:00+05:30,49.0,54.0,49.0,51.0,10302,53.0,53.5,52.5,0.018867924528301886,86.1037517729259,-1,66.64,81.38996949149454,51.89003050850546
2008-11-25 00:00:00+05:30,54.0,54.0,53.0,54.0,6852,51.333333333333336,51.5,51.16666666666667,0.006493506493506401,86.1037517729259,-1,66.0,81.48160198429153,50.51839801570846
2008-11-26 00:00:00+05:30,53.0,58.0,53.0,57.0,2397,53.666666666666664,53.5,53.83333333333333,0.0062111801242235145,86.1037517729259,-1,65.24,80.54782806279256,49.93217193720743
2008-11-28 00:00:00+05:30,57.0,57.0,56.0,56.0,1302,56.0,55.5,56.5,0.017857142857142856,86.1037517729259,-1,64.52,79.80523470542796,49.23476529457203
2008-12-01 00:00:00+05:30,57.0,57.0,53.0,53.0,2067,56.333333333333336,56.5,56.16666666666667,0.005917159763313525,86.1037517729259,-1,63.68,79.0965625221714,48.2634374778286
2008-12-02 00:00:00+05:30,53.0,55.0,53.0,54.0,702,54.333333333333336,55.0,53.66666666666667,0.024539877300613407,86.06028394057137,-1,63.04,78.68076724460855,47.39923275539145
2008-12-03 00:00:00+05:30,55.0,55.0,54.0,54.0,102,54.0,54.0,54.0,0.0,85.5578725829485,-1,62.48,78.37082754295758,46.58917245704241
2008-12-04 00:00:00+05:30,55.0,55.0,53.0,53.0,792,54.333333333333336,54.5,54.16666666666667,0.006134969325153287,84.37555767963056,-1,61.92,78.11797518210284,45.72202481789716
2008-12-05 00:00:00+05:30,53.0,53.0,51.0,52.0,4752,53.666666666666664,54.0,53.33333333333333,0.012422360248447294,81.72053537244534,-1,61.24,77.61832714290503,44.86167285709497
2008-12-08 00:00:00+05:30,53.0,56.0,51.0,53.0,10047,52.0,52.0,52.0,0.0,81.72053537244534,-1,60.68,77.18910052062255,44.170899479377454
2008-12-10 00:00:00+05:30,54.0,55.0,54.0,55.0,2562,53.333333333333336,53.5,53.16666666666667,0.006249999999999911,81.72053537244534,-1,59.96,75.81413510728414,44.10586489271586
2008-12-11 00:00:00+05:30,52.0,55.0,52.0,53.0,777,54.666666666666664,54.5,54.83333333333333,0.00609756097560967,81.72053537244534,-1,59.24,74.65199532831554,43.828004671684475
2008-12-12 00:00:00+05:30,59.0,59.0,51.0,56.0,1542,53.333333333333336,53.5,53.16666666666667,0.006249999999999911,81.72053537244534,-1,58.56,72.94977414694267,44.17022585305733
2008-12-15 00:00:00+05:30,55.0,56.0,54.0,54.0,2697,55.333333333333336,55.0,55.66666666666667,0.012048192771084423,81.72053537244534,-1,57.8,71.01816931348739,44.58183068651261
2008-12-16 00:00:00+05:30,54.0,56.0,54.0,55.0,402,54.666666666666664,55.0,54.33333333333333,0.0121951219512196,81.72053537244534,-1,57.0,68.22853507809543,45.77146492190457
2008-12-17 00:00:00+05:30,56.0,56.0,55.0,55.0,1257,55.0,55.0,55.0,0.0,81.72053537244534,-1,56.28,65.42802710971168,47.13197289028833
2008-12-18 00:00:00+05:30,55.0,56.0,55.0,56.0,672,55.333333333333336,55.5,55.16666666666667,0.006024096385542083,81.72053537244534,-1,55.8,63.59743547584843,48.002564524151566
2008-12-19 00:00:00+05:30,57.0,57.0,53.0,53.0,7062,55.666666666666664,55.5,55.83333333333333,0.005988023952095724,81.72053537244534,-1,55.24,61.621974616058864,48.85802538394114
2008-12-22 00:00:00+05:30,57.0,57.0,53.0,53.0,0,54.333333333333336,55.0,53.66666666666667,0.024539877300613407,81.72053537244534,-1,54.76,59.796824396385055,49.72317560361494
2008-12-23 00:00:00+05:30,55.0,55.0,53.0,54.0,1587,54.333333333333336,55.0,53.66666666666667,0.024539877300613407,80.62449711479609,-1,54.4,58.15233260786137,50.64766739213863
2008-12-24 00:00:00+05:30,53.0,54.0,52.0,53.0,1482,54.0,54.0,54.0,0.0,79.11951723020425,-1,54.16,57.44292552459231,50.87707447540768
2008-12-26 00:00:00+05:30,54.0,54.0,53.0,53.0,1227,53.0,53.0,53.0,0.0,78.85473654099607,-1,53.96,56.870944863789035,51.04905513621097
2008-12-29 00:00:00+05:30,53.0,54.0,52.0,53.0,1242,53.333333333333336,53.5,53.16666666666667,0.006249999999999911,77.90054707935623,-1,53.84,56.65026689124357,51.02973310875644
2008-12-30 00:00:00+05:30,53.0,57.0,53.0,57.0,5847,53.0,53.0,53.0,0.0,77.90054707935623,-1,53.96,57.03141661127562,50.888583388724385
2008-12-31 00:00:00+05:30,58.0,61.0,55.0,60.0,6447,55.666666666666664,55.0,56.33333333333333,0.023952095808383148,77.90054707935623,-1,54.28,58.054440355869964,50.50555964413004
2009-01-01 00:00:00+05:30,59.0,59.0,58.0,58.0,3117,58.666666666666664,58.0,59.33333333333333,0.022727272727272648,77.90054707935623,-1,54.56,58.35810479055275,50.76189520944725
2009-01-02 00:00:00+05:30,59.0,59.0,58.0,58.0,897,58.333333333333336,58.5,58.16666666666667,0.005714285714285633,77.90054707935623,-1,54.72,58.74074619940375,50.699253800596246
2009-01-05 00:00:00+05:30,58.0,62.0,58.0,58.0,837,58.333333333333336,58.5,58.16666666666667,0.005714285714285633,77.90054707935623,-1,54.76,58.88911612818285,50.63088387181715
2009-01-06 00:00:00+05:30,60.0,60.0,57.0,58.0,1572,59.333333333333336,60.0,58.66666666666667,0.02247191011235947,77.90054707935623,-1,54.84,59.13623090627352,50.54376909372649
2009-01-07 00:00:00+05:30,57.0,57.0,52.0,53.0,4242,58.333333333333336,58.5,58.16666666666667,0.005714285714285633,77.90054707935623,-1,54.84,59.13623090627352,50.54376909372649
2009-01-09 00:00:00+05:30,50.0,57.0,50.0,53.0,1137,54.0,54.5,53.5,0.018518518518518517,77.90054707935623,-1,54.8,59.14511219648236,50.454887803517636
2009-01-12 00:00:00+05:30,53.0,53.0,51.0,52.0,4467,53.333333333333336,53.5,53.16666666666667,0.006249999999999911,77.66584656352353,-1,54.72,59.1928514395204,50.247148560479594
2009-01-13 00:00:00+05:30,53.0,53.0,52.0,52.0,6987,52.0,52.0,52.0,0.0,77.41921270098258,-1,54.68,59.23086804906709,50.12913195093291
2009-01-14 00:00:00+05:30,53.0,53.0,51.0,51.0,582,52.333333333333336,52.5,52.16666666666667,0.006369426751592266,76.48244419294329,-1,54.64,59.30064373236356,49.97935626763644
2009-01-15 00:00:00+05:30,53.0,55.0,52.0,53.0,1392,51.666666666666664,52.0,51.33333333333333,0.012903225806451705,76.48244419294329,-1,54.64,59.30064373236356,49.97935626763644
2009-01-16 00:00:00+05:30,55.0,55.0,52.0,53.0,492,53.333333333333336,53.5,53.16666666666667,0.006249999999999911,76.48244419294329,-1,54.56,59.261659281574936,49.85834071842507
2009-01-19 00:00:00+05:30,52.0,52.0,50.0,51.0,6597,53.333333333333336,53.5,53.16666666666667,0.006249999999999911,75.33909174548788,-1,54.48,59.350154001673836,49.60984599832616
2009-01-20 00:00:00+05:30,57.0,58.0,51.0,53.0,3297,51.0,51.0,51.0,0.0,75.33909174548788,-1,54.36,59.22226284768931,49.49773715231069
2009-01-21 00:00:00+05:30,53.0,53.0,51.0,52.0,2742,54.0,54.5,53.5,0.018518518518518517,75.33909174548788,-1,54.28,59.22837347014347,49.331626529856536
2009-01-22 00:00:00+05:30,52.0,53.0,52.0,52.0,3882,52.0,52.0,52.0,0.0,75.33909174548788,-1,54.16,59.17772856978331,49.14227143021668
2009-01-23 00:00:00+05:30,53.0,53.0,50.0,50.0,9672,52.333333333333336,52.5,52.16666666666667,0.006369426751592266,75.33909174548788,-1,53.96,59.22057031128943,48.69942968871057
2009-01-27 00:00:00+05:30,50.0,52.0,50.0,50.0,14487,51.0,51.5,50.5,0.0196078431372549,74.63005031125235,-1,53.72,59.131691048093906,48.30830895190609
2009-01-28 00:00:00+05:30,50.0,51.0,50.0,50.0,29502,50.666666666666664,51.0,50.33333333333333,0.0131578947368422,73.46484829880225,-1,53.6,59.200000000001765,47.99999999999824
2009-01-29 00:00:00+05:30,52.0,60.0,52.0,57.0,288237,50.333333333333336,50.5,50.16666666666667,0.006622516556291296,73.46484829880225,-1,53.76,59.508878151432654,48.01112184856734
2009-01-30 00:00:00+05:30,66.0,66.0,57.0,58.0,73872,56.333333333333336,56.0,56.66666666666667,0.011834319526627302,73.46484829880225,-1,53.92,59.90451334696646,47.93548665303354
2009-02-02 00:00:00+05:30,58.0,58.0,56.0,57.0,282,60.333333333333336,61.5,59.16666666666667,0.03867403314917119,73.46484829880225,-1,54.08,60.170517219417384,47.98948278058261
2009-02-03 00:00:00+05:30,54.0,55.0,54.0,54.0,28002,57.0,57.0,57.0,0.0,73.46484829880225,-1,54.12,60.1947345621039,48.04526543789609
2009-02-04 00:00:00+05:30,55.0,55.0,53.0,53.0,20337,54.333333333333336,54.5,54.16666666666667,0.006134969325153287,73.46484829880225,-1,54.12,60.1947345621039,48.04526543789609
2009-02-05 00:00:00+05:30,54.0,54.0,52.0,53.0,10032,53.666666666666664,54.0,53.33333333333333,0.012422360248447294,73.46484829880225,-1,53.96,59.93273806557928,47.98726193442072
2009-02-06 00:00:00+05:30,53.0,53.0,52.0,53.0,4062,53.0,53.0,53.0,0.0,73.46484829880225,-1,53.68,59.12705424977756,48.23294575022244
2009-02-09 00:00:00+05:30,52.0,52.0,52.0,52.0,3912,52.666666666666664,52.5,52.83333333333333,0.0063291139240505435,73.46484829880225,-1,53.44,58.62706082478505,48.25293917521495
2009-02-10 00:00:00+05:30,52.0,52.0,50.0,51.0,7782,52.0,52.0,52.0,0.0,73.46484829880225,-1,53.16,58.081138079755505,48.23886192024449
2009-02-11 00:00:00+05:30,52.0,55.0,49.0,49.0,23757,51.0,51.0,51.0,0.0,73.46484829880225,-1,52.8,57.566550115127264,48.03344988487273
2009-05-13 00:00:00+05:30,60.0,63.0,60.0,62.0,5802,51.0,52.0,50.0,0.0392156862745098,73.46484829880225,-1,52.96,58.6021272584035,47.3178727415965
2009-05-14 00:00:00+05:30,63.0,63.0,60.0,61.0,3702,61.666666666666664,61.5,61.83333333333333,0.0054054054054053285,73.46484829880225,-1,53.28,59.74269293716016,46.817307062839845
2009-05-15 00:00:00+05:30,60.0,63.0,60.0,61.0,6312,61.333333333333336,61.5,61.16666666666667,0.005434782608695575,73.46484829880225,-1,53.6,60.73302180005219,46.46697819994781
2009-05-18 00:00:00+05:30,60.0,63.0,60.0,61.0,0,61.333333333333336,61.5,61.16666666666667,0.005434782608695575,73.46484829880225,-1,53.96,61.62248001628844,46.29751998371156
2009-05-19 00:00:00+05:30,63.0,69.0,62.0,66.0,329982,61.333333333333336,61.5,61.16666666666667,0.005434782608695575,73.46484829880225,-1,54.52,63.46641827772544,45.57358172227457
2009-05-20 00:00:00+05:30,68.0,71.0,64.0,70.0,994782,65.66666666666667,65.5,65.83333333333334,0.005076142131979839,73.46484829880225,-1,55.28,65.96112353640851,44.598876463591495
2009-05-21 00:00:00+05:30,83.0,83.0,71.0,74.0,110292,68.33333333333333,67.5,69.16666666666666,0.024390243902438886,46.35063165443783,1,56.12,69.02358089834057,43.216419101659426
2009-05-22 00:00:00+05:30,77.0,77.0,71.0,75.0,130887,76.0,77.0,75.0,0.02631578947368421,46.35063165443783,1,57.0,71.79459360712622,42.20540639287379
2009-05-25 00:00:00+05:30,80.0,90.0,79.0,90.0,310272,74.33333333333333,74.0,74.66666666666666,0.008968609865470725,50.4407421327299,1,58.56,77.99259118079779,39.127408819202216
2009-05-26 00:00:00+05:30,96.0,96.0,81.0,81.0,155457,86.33333333333333,84.5,88.16666666666666,0.042471042471042365,51.603112447420706,1,59.68,80.85145247733418,38.50854752266582
2009-05-27 00:00:00+05:30,80.0,82.0,73.0,74.0,77532,86.0,88.5,83.5,0.05813953488372093,51.603112447420706,1,60.56,82.20499018248842,38.91500981751159
2009-05-28 00:00:00+05:30,74.0,77.0,68.0,69.0,159117,76.33333333333333,77.5,75.16666666666666,0.030567685589519777,51.603112447420706,1,61.24,82.83466600806828,39.64533399193172
2009-05-29 00:00:00+05:30,73.0,74.0,69.0,70.0,65757,71.33333333333333,72.5,70.16666666666666,0.03271028037383191,51.603112447420706,1,62.04,83.3902599515795,40.689740048420504
2009-06-01 00:00:00+05:30,73.0,73.0,68.0,69.0,33447,71.0,71.5,70.5,0.014084507042253521,51.603112447420706,1,62.8,83.73036072312226,41.86963927687773
2009-06-02 00:00:00+05:30,69.0,74.0,69.0,72.0,193317,70.0,70.5,69.5,0.014285714285714285,51.603112447420706,1,63.68,84.23019221321346,43.129807786786536
2009-06-03 00:00:00+05:30,73.0,74.0,70.0,71.0,27612,71.66666666666667,71.5,71.83333333333334,0.004651162790697806,51.603112447420706,1,64.24,84.79455180732529,43.685448192674706
2009-06-04 00:00:00+05:30,70.0,73.0,70.0,71.0,54627,71.66666666666667,72.0,71.33333333333334,0.009302325581395217,51.603112447420706,1,64.76,85.3145518073253,44.205448192674716
2009-06-05 00:00:00+05:30,71.0,77.0,70.0,75.0,155727,71.33333333333333,71.5,71.16666666666666,0.0046728971962618155,51.603112447420706,1,65.48,86.15748534034105,44.802514659658954
2009-06-08 00:00:00+05:30,73.0,75.0,72.0,72.0,39987,74.0,73.5,74.5,0.013513513513513514,51.603112447420706,1,66.2,86.478066969019,45.92193303098101
2009-06-09 00:00:00+05:30,67.0,75.0,67.0,71.0,78912,73.0,73.5,72.5,0.0136986301369863,51.603112447420706,1,66.92,86.53974515634745,47.30025484365255
2009-06-10 00:00:00+05:30,79.0,79.0,76.0,79.0,146997,71.0,71.0,71.0,0.0,51.603112447420706,1,67.96,87.27200662800266,48.64799337199733
2009-06-11 00:00:00+05:30,86.0,86.0,73.0,81.0,446757,78.0,77.5,78.5,0.01282051282051282,51.603112447420706,1,69.08,88.03611774599479,50.12388225400521
2009-06-12 00:00:00+05:30,81.0,82.0,78.0,81.0,131862,80.0,79.5,80.5,0.0125,51.603112447420706,1,70.24,88.40616635396744,52.073833646032554
2009-06-15 00:00:00+05:30,80.0,87.0,77.0,82.0,164757,80.33333333333333,80.0,80.66666666666666,0.008298755186721874,51.603112447420706,1,71.48,88.41394224627031,54.5460577537297
2009-06-16 00:00:00+05:30,80.0,82.0,80.0,81.0,13977,82.0,82.0,82.0,0.0,51.603112447420706,1,72.76,87.38359736863738,58.13640263136262
2009-06-17 00:00:00+05:30,81.0,83.0,76.0,77.0,19632,81.0,81.0,81.0,0.0,51.603112447420706,1,73.36,87.387173628355,59.332826371645
2009-06-18 00:00:00+05:30,74.0,77.0,74.0,77.0,19197,78.66666666666667,79.5,77.83333333333334,0.02118644067796598,51.603112447420706,1,74.0,87.14534138012466,60.85465861987533
2009-06-19 00:00:00+05:30,79.0,79.0,78.0,78.0,70302,76.0,75.5,76.5,0.013157894736842105,51.603112447420706,1,74.68,86.78249561041102,62.577504389588995
2009-06-22 00:00:00+05:30,79.0,79.0,77.0,77.0,1752,78.33333333333333,78.5,78.16666666666666,0.004255319148936292,51.603112447420706,1,75.32,86.07873598523625,64.56126401476374
2009-06-23 00:00:00+05:30,75.0,78.0,75.0,77.0,120237,77.66666666666667,78.0,77.33333333333334,0.00858369098712434,51.603112447420706,1,75.76,85.8361897560545,65.68381024394552
2009-06-24 00:00:00+05:30,75.0,78.0,75.0,77.0,3912,76.66666666666667,76.5,76.83333333333334,0.004347826086956645,51.603112447420706,1,76.04,85.84579420546942,66.2342057945306
2009-06-25 00:00:00+05:30,75.0,79.0,73.0,77.0,10557,76.66666666666667,76.5,76.83333333333334,0.004347826086956645,51.603112447420706,1,76.16,85.93637969802816,66.38362030197183
2009-06-26 00:00:00+05:30,78.0,79.0,76.0,79.0,6492,76.33333333333333,76.0,76.66666666666666,0.008733624454148348,51.603112447420706,1,76.32,86.1460063097892,66.49399369021079
2009-06-29 00:00:00+05:30,77.0,81.0,77.0,80.0,45822,78.0,77.5,78.5,0.01282051282051282,51.603112447420706,1,75.92,84.17435642554993,67.66564357445007
2009-06-30 00:00:00+05:30,80.0,82.0,80.0,82.0,247002,79.33333333333333,79.0,79.66666666666666,0.008403361344537697,51.603112447420706,1,75.96,84.32143528349154,67.59856471650845
2009-07-01 00:00:00+05:30,81.0,82.0,80.0,81.0,42927,81.33333333333333,81.0,81.66666666666666,0.008196721311475294,51.603112447420706,1,76.24,84.78690587288857,67.69309412711142
2009-07-02 00:00:00+05:30,81.0,83.0,81.0,81.0,23457,81.0,81.0,81.0,0.0,51.603112447420706,1,76.72,84.92770369835662,68.51229630164337
2009-07-03 00:00:00+05:30,81.0,83.0,81.0,82.0,12072,81.66666666666667,82.0,81.33333333333334,0.008163265306122332,51.603112447420706,1,77.2,85.17997493730508,69.22002506269493
2009-07-06 00:00:00+05:30,81.0,84.0,80.0,83.0,96192,82.0,82.0,82.0,0.0,51.603112447420706,1,77.76,85.3131185612313,70.2068814387687
2009-07-07 00:00:00+05:30,82.0,86.0,81.0,85.0,77742,82.33333333333333,82.0,82.66666666666666,0.00809716599190272,51.603112447420706,1,78.28,85.96416553699989,70.59583446300012
2009-07-08 00:00:00+05:30,85.0,86.0,84.0,85.0,59712,84.0,83.5,84.5,0.011904761904761904,53.29486360671938,1,78.84,86.35914888800698,71.32085111199302
2009-07-09 00:00:00+05:30,84.0,88.0,84.0,85.0,62667,85.0,85.0,85.0,0.0,54.443069062450604,1,79.4,86.5777433779717,72.22225662202831
2009-07-10 00:00:00+05:30,86.0,87.0,84.0,85.0,18852,85.66666666666667,86.0,85.33333333333334,0.007782101167315064,54.443069062450604,1,79.8,87.0663608498351,72.53363915016489
2009-07-13 00:00:00+05:30,84.0,86.0,84.0,85.0,68487,85.33333333333333,85.5,85.16666666666666,0.003906250000000111,54.55073244795448,1,80.32,87.12517450180493,73.51482549819505
2009-07-14 00:00:00+05:30,85.0,87.0,85.0,87.0,14172,85.0,85.0,85.0,0.0,56.20870315003631,1,80.96,87.11740204956733,74.80259795043266
2009-07-15 00:00:00+05:30,86.0,89.0,86.0,88.0,22557,86.33333333333333,86.0,86.66666666666666,0.007722007722007613,58.06035502403485,1,81.32,88.00658358207058,74.63341641792941
2009-07-16 00:00:00+05:30,86.0,90.0,86.0,89.0,18117,87.66666666666667,87.5,87.83333333333334,0.0038022813688214007,58.61794082307346,1,81.64,88.96950202947075,74.31049797052925
2009-07-17 00:00:00+05:30,87.0,93.0,87.0,92.0,72702,88.33333333333333,88.0,88.66666666666666,0.007547169811320648,60.11322319015053,1,82.08,90.4498506557773,73.7101493442227
2009-07-20 00:00:00+05:30,90.0,92.0,90.0,92.0,10677,90.66666666666667,90.0,91.33333333333334,0.01470588235294128,61.748694262544504,1,82.48,91.7081309050108,73.2518690949892
2009-07-21 00:00:00+05:30,92.0,94.0,90.0,90.0,7647,91.33333333333333,91.0,91.66666666666666,0.007299270072992597,62.798746492042724,1,82.84,92.50113864924914,73.17886135075086
2009-07-22 00:00:00+05:30,93.0,93.0,90.0,91.0,10752,91.33333333333333,92.0,90.66666666666666,0.014598540145985507,62.798746492042724,1,83.4,93.26306240475114,73.53693759524887
2009-07-23 00:00:00+05:30,90.0,94.0,90.0,93.0,29547,91.33333333333333,91.5,91.16666666666666,0.0036496350364964543,63.16172476706657,1,84.04,94.22987732997876,73.85012267002125
2009-07-24 00:00:00+05:30,93.0,96.0,93.0,95.0,22287,92.33333333333333,92.0,92.66666666666666,0.007220216606498093,65.9752557763839,1,84.72,95.46087519711568,73.97912480288431
2009-07-27 00:00:00+05:30,96.0,97.0,93.0,94.0,6537,94.66666666666667,94.5,94.83333333333334,0.00352112676056348,66.49624554532855,1,85.4,96.25172797300111,74.5482720269989
2009-07-28 00:00:00+05:30,97.0,112.0,92.0,111.0,179742,94.66666666666667,95.0,94.33333333333334,0.00704225352112666,69.03639572351541,1,86.76,101.0403921514787,72.47960784852131
2009-07-29 00:00:00+05:30,111.0,112.0,100.0,107.0,37362,105.0,102.0,108.0,0.05714285714285714,70.9949398945748,1,87.96,103.72304539104084,72.19695460895915
2009-07-30 00:00:00+05:30,107.0,107.0,103.0,105.0,8367,106.33333333333333,106.0,106.66666666666666,0.0062695924764889395,70.9949398945748,1,89.08,105.53279307594956,72.62720692405044
2009-07-31 00:00:00+05:30,110.0,122.0,110.0,118.0,202842,105.0,105.0,105.0,0.0,77.90413660684013,1,90.64,110.09563157545942,71.18436842454058
2009-08-03 00:00:00+05:30,126.0,126.0,111.0,118.0,68787,116.66666666666667,116.0,117.33333333333334,0.01142857142857151,77.90413660684013,1,92.16,113.86109674647834,70.45890325352165
2009-08-04 00:00:00+05:30,118.0,120.0,118.0,118.0,9852,118.33333333333333,118.5,118.16666666666666,0.0028169014084507846,79.29885229686386,1,93.6,117.11510153071877,70.08489846928121
2009-08-05 00:00:00+05:30,120.0,120.0,117.0,118.0,9957,118.66666666666667,119.0,118.33333333333334,0.005617977528089808,79.5468982049893,1,95.08,119.86012106507982,70.29987893492017
2009-08-06 00:00:00+05:30,117.0,120.0,115.0,116.0,12672,118.33333333333333,118.5,118.16666666666666,0.0028169014084507846,79.5468982049893,1,96.48,121.86736693712076,71.09263306287924
2009-08-07 00:00:00+05:30,117.0,117.0,113.0,113.0,16677,117.0,117.5,116.5,0.008547008547008548,79.5468982049893,1,97.72,123.185396128865,72.254603871135
2009-08-10 00:00:00+05:30,113.0,113.0,107.0,109.0,18282,114.33333333333333,115.0,113.66666666666666,0.01166180758017501,79.5468982049893,1,98.76,123.85680457747583,73.66319542252418
2009-08-11 00:00:00+05:30,106.0,109.0,106.0,108.0,13407,109.66666666666667,110.0,109.33333333333334,0.0060790273556230135,79.5468982049893,1,99.68,124.374744380131,74.98525561986901
2009-08-12 00:00:00+05:30,104.0,109.0,104.0,108.0,14592,107.66666666666667,107.5,107.83333333333334,0.00309597523219823,79.5468982049893,1,100.6,124.74622123645874,76.45377876354125
2009-08-13 00:00:00+05:30,115.0,115.0,108.0,112.0,28992,107.0,106.5,107.5,0.009345794392523364,79.5468982049893,1,101.68,125.34918672029124,78.01081327970877
2009-08-14 00:00:00+05:30,108.0,112.0,108.0,111.0,8487,111.66666666666667,111.5,111.83333333333334,0.0029850746268657562,79.5468982049893,1,102.72,125.63912738303992,79.80087261696008
2009-08-17 00:00:00+05:30,107.0,108.0,107.0,107.0,19812,110.33333333333333,110.0,110.66666666666666,0.006042296072507467,79.5468982049893,1,103.6,125.3917415550022,81.80825844499779
2009-08-18 00:00:00+05:30,103.0,110.0,103.0,108.0,11052,107.33333333333333,107.5,107.16666666666666,0.0031055900621118895,79.5468982049893,1,104.44,125.20211935232071,83.67788064767929
2009-08-19 00:00:00+05:30,110.0,110.0,105.0,106.0,3132,107.0,106.5,107.5,0.009345794392523364,79.5468982049893,1,105.16,124.81038422016246,85.50961577983753
2009-08-20 00:00:00+05:30,107.0,110.0,106.0,108.0,11037,107.0,107.5,106.5,0.009345794392523364,79.5468982049893,1,105.92,124.44928492953815,87.39071507046185
2009-08-21 00:00:00+05:30,108.0,108.0,106.0,108.0,5442,108.0,108.0,108.0,0.0,79.5468982049893,1,106.56,124.206121386866,88.913878613134
2009-08-24 00:00:00+05:30,108.0,110.0,107.0,109.0,17817,107.33333333333333,107.0,107.66666666666666,0.0062111801242235145,79.5468982049893,1,107.24,123.87038183566479,90.6096181643352
2009-08-25 00:00:00+05:30,109.0,109.0,107.0,107.0,7617,108.66666666666667,108.5,108.83333333333334,0.0030674846625767744,79.5468982049893,1,107.92,122.99230572938359,92.84769427061642
2009-08-26 00:00:00+05:30,108.0,108.0,103.0,107.0,35667,107.66666666666667,108.0,107.33333333333334,0.006191950464396197,79.5468982049893,1,108.56,121.97139813740571,95.14860186259429
2009-08-27 00:00:00+05:30,103.0,107.0,103.0,105.0,60357,106.0,105.5,106.5,0.009433962264150943,79.5468982049893,1,109.04,120.9661728982943,97.11382710170571
2009-08-28 00:00:00+05:30,101.0,107.0,96.0,107.0,66147,105.0,105.0,105.0,0.0,79.5468982049893,1,109.52,120.02896759915117,99.01103240084882
2009-08-31 00:00:00+05:30,106.0,107.0,105.0,105.0,4437,103.33333333333333,101.5,105.16666666666666,0.035483870967741846,79.5468982049893,1,109.96,118.5851724620444,101.33482753795559
2009-09-01 00:00:00+05:30,104.0,109.0,104.0,105.0,70092,105.66666666666667,106.0,105.33333333333334,0.006309148264984138,79.5468982049893,1,109.72,118.54759310344609,100.89240689655391
2009-09-02 00:00:00+05:30,107.0,109.0,105.0,105.0,126702,106.0,106.5,105.5,0.009433962264150943,79.5468982049893,1,109.64,118.6000000000005,100.6799999999995
2009-09-03 00:00:00+05:30,106.0,107.0,105.0,106.0,10482,106.33333333333333,107.0,105.66666666666666,0.012539184952978146,79.5468982049893,1,109.68,118.56540376122601,100.794596238774
2009-09-04 00:00:00+05:30,105.0,108.0,105.0,107.0,69762,106.0,106.0,106.0,0.0,79.5468982049893,1,109.24,117.50133161179292,100.97866838820707
2009-09-07 00:00:00+05:30,109.0,109.0,106.0,107.0,13392,106.66666666666667,106.5,106.83333333333334,0.0031250000000000886,79.5468982049893,1,108.8,116.2833147735485,101.3166852264515
2009-09-08 00:00:00+05:30,107.0,108.0,106.0,106.0,17697,107.33333333333333,107.5,107.16666666666666,0.0031055900621118895,79.5468982049893,1,108.32,114.86143715096378,101.7785628490362
2009-09-09 00:00:00+05:30,107.0,107.0,105.0,105.0,391542,106.66666666666667,107.0,106.33333333333334,0.006249999999999911,79.5468982049893,1,107.8,113.1366656256514,102.46333437434859
2009-09-10 00:00:00+05:30,107.0,108.0,105.0,107.0,8082,105.66666666666667,106.0,105.33333333333334,0.006309148264984138,79.5468982049893,1,107.44,111.60000000000112,103.27999999999888
2009-09-11 00:00:00+05:30,109.0,112.0,107.0,110.0,54717,106.66666666666667,106.5,106.83333333333334,0.0031250000000000886,79.5468982049893,1,107.32,110.97381991893543,103.66618008106455
2009-09-14 00:00:00+05:30,109.0,110.0,109.0,109.0,13632,109.66666666666667,109.5,109.83333333333334,0.0030395136778116364,79.5468982049893,1,107.32,110.97381991893543,103.66618008106455
2009-09-15 00:00:00+05:30,110.0,117.0,110.0,115.0,100107,109.33333333333333,109.5,109.16666666666666,0.003048780487804965,82.01448475359342,1,107.6,112.33286382648068,102.86713617351931
2009-09-16 00:00:00+05:30,112.0,116.0,112.0,115.0,44307,114.0,113.5,114.5,0.008771929824561403,82.65390536344968,1,107.88,113.43179250332803,102.32820749667196
2009-09-17 00:00:00+05:30,116.0,121.0,116.0,116.0,57012,114.33333333333333,114.0,114.66666666666666,0.005830903790087381,86.7277491489117,1,108.04,114.24915453181907,101.83084546818094
2009-09-18 00:00:00+05:30,117.0,121.0,117.0,120.0,65322,117.66666666666667,118.5,116.83333333333334,0.014164305949008417,87.09863918295522,1,108.4,116.11492060879498,100.68507939120504
2009-09-22 00:00:00+05:30,125.0,125.0,114.0,119.0,29697,119.33333333333333,119.0,119.66666666666666,0.005586592178770871,87.09863918295522,1,108.88,117.61283459135744,100.14716540864255
2009-09-23 00:00:00+05:30,123.0,123.0,116.0,117.0,11757,119.33333333333333,119.5,119.16666666666666,0.0027932960893855543,87.09863918295522,1,109.24,118.52275821079107,99.95724178920892
2009-09-24 00:00:00+05:30,115.0,123.0,115.0,120.0,14712,118.66666666666667,119.5,117.83333333333334,0.014044943820224639,87.09863918295522,1,109.8,119.88761617033525,99.71238382966474
2009-09-25 00:00:00+05:30,119.0,122.0,117.0,120.0,8667,119.33333333333333,119.0,119.66666666666666,0.005586592178770871,87.09863918295522,1,110.28,121.09510055431798,99.46489944568202
2009-09-29 00:00:00+05:30,117.0,125.0,117.0,122.0,62487,119.66666666666667,119.5,119.83333333333334,0.0027855153203343408,87.09863918295522,1,110.84,122.53861530267618,99.14138469732383
2009-09-30 00:00:00+05:30,120.0,123.0,119.0,122.0,25257,121.33333333333333,121.0,121.66666666666666,0.005494505494505417,87.09863918295522,1,111.36,123.81638791945758,98.90361208054242
2009-10-01 00:00:00+05:30,121.0,121.0,117.0,117.0,8292,121.33333333333333,121.0,121.66666666666666,0.005494505494505417,87.09863918295522,1,111.76,124.27277746945134,99.24722253054867
2009-10-05 00:00:00+05:30,118.0,120.0,115.0,118.0,7452,118.33333333333333,119.0,117.66666666666666,0.011267605633802897,87.09863918295522,1,112.2,124.78570617804218,99.61429382195783
2009-10-06 00:00:00+05:30,117.0,121.0,117.0,120.0,10617,117.66666666666667,117.5,117.83333333333334,0.00283286118980178,87.09863918295522,1,112.8,125.38570617804217,100.21429382195782
2009-10-07 00:00:00+05:30,119.0,121.0,118.0,120.0,6222,119.33333333333333,119.0,119.66666666666666,0.005586592178770871,87.09863918295522,1,113.32,125.97821472404416,100.66178527595582
2009-10-08 00:00:00+05:30,123.0,123.0,118.0,121.0,10197,119.66666666666667,119.5,119.83333333333334,0.0027855153203343408,87.09863918295522,1,113.96,126.48811238774654,101.43188761225345
2009-10-09 00:00:00+05:30,120.0,121.0,120.0,120.0,5787,120.66666666666667,120.5,120.83333333333334,0.0027624309392265977,87.09863918295522,1,114.56,126.7462873755713,102.3737126244287
2009-10-12 00:00:00+05:30,120.0,121.0,118.0,120.0,16512,120.33333333333333,120.5,120.16666666666666,0.0027700831024931537,87.09863918295522,1,115.16,126.87228414955888,103.44771585044111
2009-10-14 00:00:00+05:30,122.0,122.0,119.0,120.0,34752,119.66666666666667,119.5,119.83333333333334,0.0027855153203343408,87.83629300739392,1,115.72,126.95594232808304,104.48405767191696
2009-10-15 00:00:00+05:30,121.0,121.0,119.0,121.0,5547,120.33333333333333,120.5,120.16666666666666,0.0027700831024931537,88.08284128709816,1,116.28,127.10988457925606,105.45011542074394
2009-10-16 00:00:00+05:30,120.0,125.0,120.0,122.0,31857,120.33333333333333,120.0,120.66666666666666,0.005540166204986071,90.45952763561424,1,116.88,127.23868717550675,106.52131282449324
2009-10-20 00:00:00+05:30,120.0,123.0,120.0,120.0,2727,122.33333333333333,122.5,122.16666666666666,0.002724795640327053,90.45952763561424,1,117.44,126.85624128832774,108.02375871167226
2009-10-21 00:00:00+05:30,120.0,123.0,120.0,121.0,7077,121.0,121.5,120.5,0.008264462809917356,90.45952763561424,1,118.08,126.09837888852903,110.06162111147097
2009-10-22 00:00:00+05:30,120.0,122.0,119.0,120.0,16722,121.33333333333333,121.5,121.16666666666666,0.0027472527472528255,90.45952763561424,1,118.6,125.24529909033504,111.95470090966495
2009-10-23 00:00:00+05:30,123.0,123.0,120.0,123.0,10857,120.33333333333333,120.5,120.16666666666666,0.0027700831024931537,91.12281277653389,1,119.12,124.98023890298063,113.25976109701938
2009-10-26 00:00:00+05:30,120.0,122.0,120.0,121.0,2262,122.0,121.5,122.5,0.00819672131147541,91.12281277653389,1,119.6,123.79523539268149,115.4047646073185
2009-10-27 00:00:00+05:30,118.0,120.0,116.0,117.0,8397,121.0,121.0,121.0,0.0,91.12281277653389,1,119.68,123.5877359173833,115.77226408261672
2009-10-28 00:00:00+05:30,117.0,118.0,114.0,118.0,17817,117.66666666666667,118.0,117.33333333333334,0.005665722379603319,91.12281277653389,1,119.8,123.2871191548336,116.31288084516639
2009-10-29 00:00:00+05:30,137.0,137.0,119.0,120.0,19722,116.66666666666667,116.0,117.33333333333334,0.01142857142857151,93.77062228927309,1,119.96,123.08307540735208,116.8369245926479
2009-10-30 00:00:00+05:30,120.0,122.0,117.0,117.0,7692,125.33333333333333,128.0,122.66666666666666,0.04255319148936178,93.77062228927309,1,119.84,123.17130605018625,116.50869394981376
2009-11-03 00:00:00+05:30,117.0,117.0,111.0,113.0,20142,118.66666666666667,119.5,117.83333333333334,0.014044943820224639,93.77062228927309,1,119.6,123.87083130081339,115.3291686991866
2009-11-04 00:00:00+05:30,115.0,118.0,115.0,117.0,11142,113.66666666666667,114.0,113.33333333333334,0.005865102639296104,93.77062228927309,1,119.6,123.87083130081339,115.3291686991866
2009-11-05 00:00:00+05:30,115.0,118.0,113.0,116.0,15582,116.66666666666667,116.5,116.83333333333334,0.0028571428571429382,93.77062228927309,1,119.44,123.93283874627251,114.94716125372749
2009-11-06 00:00:00+05:30,115.0,118.0,115.0,117.0,8232,115.66666666666667,115.5,115.83333333333334,0.00288184438040354,93.77062228927309,1,119.32,123.9058914073501,114.73410859264989
2010-02-08 00:00:00+05:30,113.0,130.0,113.0,123.0,9282,116.66666666666667,116.5,116.83333333333334,0.0028571428571429382,93.77062228927309,1,119.36,124.05484824035959,114.66515175964041
2010-02-09 00:00:00+05:30,123.0,127.0,123.0,125.0,17427,122.0,121.5,122.5,0.00819672131147541,93.77062228927309,1,119.48,124.57493866498974,114.38506133501026
2010-02-10 00:00:00+05:30,125.0,127.0,124.0,125.0,2322,125.0,125.0,125.0,0.0,93.77062228927309,1,119.8,125.22586398650088,114.37413601349911
2010-02-11 00:00:00+05:30,127.0,127.0,124.0,125.0,1962,125.33333333333333,125.5,125.16666666666666,0.002659574468085182,93.77062228927309,1,120.08,125.81885005902814,114.34114994097186
2010-02-15 00:00:00+05:30,124.0,126.0,123.0,123.0,19497,125.33333333333333,125.5,125.16666666666666,0.002659574468085182,93.77062228927309,1,120.2,126.05149553533174,114.34850446466827
2010-02-16 00:00:00+05:30,124.0,130.0,123.0,125.0,3432,124.0,124.5,123.5,0.008064516129032258,93.77062228927309,1,120.4,126.54491659829547,114.25508340170454
2010-02-17 00:00:00+05:30,126.0,126.0,121.0,122.0,11727,126.0,126.5,125.5,0.007936507936507936,93.77062228927309,1,120.44,126.61297335163592,114.26702664836408
2010-02-18 00:00:00+05:30,121.0,121.0,119.0,120.0,55512,123.0,123.5,122.5,0.008130081300813009,93.77062228927309,1,120.44,126.61297335163592,114.26702664836408
2010-02-19 00:00:00+05:30,120.0,121.0,119.0,120.0,3912,120.0,120.0,120.0,0.0,93.77062228927309,1,120.44,126.61297335163592,114.26702664836408
2010-02-22 00:00:00+05:30,118.0,118.0,115.0,116.0,7962,120.0,120.0,120.0,0.0,93.77062228927309,1,120.28,126.69298682362651,113.86701317637349
2010-02-23 00:00:00+05:30,113.0,120.0,113.0,120.0,10992,116.33333333333333,116.5,116.16666666666666,0.0028653295128940643,93.77062228927309,1,120.24,126.64699617605685,113.83300382394314
2010-02-24 00:00:00+05:30,117.0,121.0,117.0,121.0,22947,117.66666666666667,116.5,118.83333333333334,0.019830028328611977,93.77062228927309,1,120.2,126.57495098020425,113.82504901979576
2010-02-25 00:00:00+05:30,120.0,122.0,118.0,121.0,9477,119.66666666666667,119.0,120.33333333333334,0.011142061281337125,93.77062228927309,1,120.24,126.62197461605788,113.8580253839421
2010-02-26 00:00:00+05:30,118.0,121.0,118.0,120.0,71742,120.33333333333333,120.0,120.66666666666666,0.005540166204986071,93.77062228927309,1,120.2,126.57495098020425,113.82504901979576
2010-03-02 00:00:00+05:30,123.0,123.0,118.0,120.0,8442,119.66666666666667,119.5,119.83333333333334,0.0027855153203343408,93.77062228927309,1,120.2,126.57495098020425,113.82504901979576
2010-03-03 00:00:00+05:30,118.0,122.0,118.0,120.0,2652,120.33333333333333,120.5,120.16666666666666,0.0027700831024931537,93.77062228927309,1,120.08,126.35171427920686,113.80828572079314
2010-03-04 00:00:00+05:30,120.0,121.0,119.0,119.0,2232,120.0,120.0,120.0,0.0,93.77062228927309,1,120.0,126.27375485654383,113.72624514345617
2010-03-05 00:00:00+05:30,119.0,122.0,119.0,119.0,5172,119.66666666666667,120.0,119.33333333333334,0.005571030640668444,93.77062228927309,1,120.08,126.24882484757083,113.91117515242917
2010-03-08 00:00:00+05:30,119.0,119.0,117.0,117.0,1137,120.0,120.5,119.5,0.008333333333333333,93.77062228927309,1,120.04,126.27486968588818,113.80513031411184
2010-03-09 00:00:00+05:30,117.0,119.0,117.0,117.0,14907,117.66666666666667,118.0,117.33333333333334,0.005665722379603319,93.77062228927309,1,119.92,126.26778701596133,113.57221298403867
2010-03-10 00:00:00+05:30,119.0,119.0,116.0,117.0,6807,117.66666666666667,118.0,117.33333333333334,0.005665722379603319,93.77062228927309,1,119.92,126.26778701596133,113.57221298403867
2010-03-11 00:00:00+05:30,117.0,119.0,116.0,119.0,702,117.33333333333333,117.5,117.16666666666666,0.0028409090909091717,93.77062228927309,1,120.16,125.8641739103929,114.45582608960709
2010-03-12 00:00:00+05:30,116.0,119.0,116.0,118.0,8262,118.0,117.5,118.5,0.00847457627118644,93.77062228927309,1,120.2,125.82849891178876,114.57150108821125
2010-03-15 00:00:00+05:30,115.0,118.0,112.0,114.0,3507,117.66666666666667,117.5,117.83333333333334,0.00283286118980178,93.77062228927309,1,120.12,126.03459212456846,114.20540787543155
2010-03-16 00:00:00+05:30,112.0,118.0,111.0,113.0,11982,114.66666666666667,115.0,114.33333333333334,0.0058139534883720105,93.77062228927309,1,119.96,126.39689366076581,113.52310633923418
2010-03-17 00:00:00+05:30,116.0,116.0,112.0,115.0,13167,114.0,114.5,113.5,0.008771929824561403,93.77062228927309,1,119.64,126.23405793119892,113.04594206880108
2010-03-18 00:00:00+05:30,113.0,115.0,113.0,114.0,6717,114.33333333333333,114.0,114.66666666666666,0.005830903790087381,93.77062228927309,1,119.2,125.77267069006257,112.62732930993744
2010-03-19 00:00:00+05:30,115.0,115.0,112.0,114.0,8712,114.0,114.0,114.0,0.0,93.77062228927309,1,118.76,125.19192039751798,112.32807960248203
2010-03-22 00:00:00+05:30,112.0,117.0,112.0,117.0,11502,113.66666666666667,113.5,113.83333333333334,0.002932551319648177,93.77062228927309,1,118.44,124.3751158371179,112.50488416288209
2010-03-23 00:00:00+05:30,117.0,119.0,115.0,119.0,15582,115.33333333333333,114.5,116.16666666666666,0.01445086705202304,93.77062228927309,1,118.28,123.9232614683362,112.63673853166381
2010-03-25 00:00:00+05:30,118.0,123.0,116.0,122.0,41217,117.66666666666667,117.0,118.33333333333334,0.01133144475920688,93.77062228927309,1,118.16,123.33470772121557,112.98529227878443
2010-03-26 00:00:00+05:30,123.0,125.0,120.0,124.0,39912,120.33333333333333,119.5,121.16666666666666,0.013850415512465295,93.77062228927309,1,118.24,123.70347874526917,112.77652125473082
2010-03-29 00:00:00+05:30,123.0,125.0,123.0,124.0,38802,123.0,122.5,123.5,0.008130081300813009,93.77062228927309,1,118.4,124.27877538268031,112.5212246173197
2010-03-30 00:00:00+05:30,121.0,133.0,121.0,131.0,57867,124.0,124.0,124.0,0.0,94.6016296378842,1,118.84,126.5066550724555,111.1733449275445
2010-03-31 00:00:00+05:30,130.0,133.0,129.0,133.0,37077,128.33333333333334,127.0,129.66666666666669,0.020779220779220925,98.77756445236884,1,119.52,128.88581016250103,110.15418983749898
2010-04-01 00:00:00+05:30,131.0,131.0,129.0,129.0,3402,131.66666666666666,131.0,132.33333333333331,0.010126582278480869,98.77756445236884,1,119.88,129.95682489676224,109.80317510323776
2010-04-05 00:00:00+05:30,119.0,129.0,119.0,125.0,1782,129.66666666666666,130.0,129.33333333333331,0.005141388174807344,98.77756445236884,1,120.04,130.3080864819112,109.77191351808882
2010-04-06 00:00:00+05:30,130.0,130.0,124.0,127.0,2067,124.33333333333333,124.0,124.66666666666666,0.00536193029490609,98.77756445236884,1,120.28,130.901035731039,109.658964268961
2010-04-07 00:00:00+05:30,130.0,130.0,125.0,127.0,17187,127.0,127.0,127.0,0.0,98.77756445236884,1,120.56,131.50100543825872,109.61899456174127
2010-04-08 00:00:00+05:30,127.0,129.0,127.0,127.0,8367,127.33333333333333,127.5,127.16666666666666,0.002617801047120493,98.77756445236884,1,120.84,132.0639743406695,109.61602565933052
2010-04-09 00:00:00+05:30,126.0,129.0,126.0,127.0,8607,127.66666666666667,128.0,127.33333333333334,0.005221932114882432,98.77756445236884,1,121.12,132.59268059347974,109.64731940652027
2010-04-12 00:00:00+05:30,126.0,128.0,126.0,127.0,1917,127.33333333333333,127.5,127.16666666666666,0.002617801047120493,98.77756445236884,1,121.44,133.1030013289893,109.77699867101069
2010-04-13 00:00:00+05:30,127.0,127.0,127.0,127.0,10962,127.0,127.0,127.0,0.0,98.77756445236884,1,121.76,133.57565063803116,109.94434936196883
2010-04-15 00:00:00+05:30,127.0,127.0,127.0,127.0,37332,127.0,127.0,127.0,0.0,98.77756445236884,1,122.16,133.981065941784,110.33893405821598
2010-04-16 00:00:00+05:30,127.0,127.0,127.0,127.0,3282,127.0,127.0,127.0,0.0,98.77756445236884,1,122.56,134.33223852969374,110.78776147030626
2010-04-19 00:00:00+05:30,124.0,127.0,122.0,127.0,8127,127.0,127.0,127.0,0.0,98.77756445236884,1,122.96,134.62848747696142,111.29151252303858
2010-04-20 00:00:00+05:30,127.0,127.0,127.0,127.0,6162,125.33333333333333,124.5,126.16666666666666,0.013297872340425457,99.62830153873887,1,123.28,134.93531638352238,111.62468361647761
2010-04-21 00:00:00+05:30,127.0,127.0,127.0,127.0,14382,127.0,127.0,127.0,0.0,100.72316947718932,1,123.64,135.17609986087174,112.10390013912826
2010-04-22 00:00:00+05:30,125.0,127.0,125.0,127.0,7692,127.0,127.0,127.0,0.0,100.72316947718932,1,124.16,135.06585164028948,113.25414835971053
2010-04-23 00:00:00+05:30,127.0,127.0,125.0,127.0,19227,126.33333333333333,126.0,126.66666666666666,0.005277044854881192,100.72316947718932,1,124.72,134.67220578565397,114.76779421434604
2010-04-26 00:00:00+05:30,127.0,127.0,127.0,127.0,21042,126.33333333333333,126.0,126.66666666666666,0.005277044854881192,102.69824607057056,1,125.2,134.35641851380788,116.04358148619212
2010-04-27 00:00:00+05:30,127.0,127.0,127.0,127.0,28302,127.0,127.0,127.0,0.0,103.67031622774773,1,125.72,133.6702452792353,117.76975472076468
2010-04-28 00:00:00+05:30,123.0,127.0,123.0,127.0,4152,127.0,127.0,127.0,0.0,103.67031622774773,1,126.24,132.5968545681023,119.8831454318977
2010-04-29 00:00:00+05:30,127.0,127.0,127.0,127.0,21237,125.66666666666667,125.0,126.33333333333334,0.010610079575596893,104.42416343549232,1,126.64,131.7587498473751,121.5212501526249
2010-04-30 00:00:00+05:30,127.0,127.0,127.0,127.0,2382,127.0,127.0,127.0,0.0,105.32719689807263,1,126.96,131.01876828606933,122.90123171393064
2010-05-03 00:00:00+05:30,127.0,127.0,124.0,126.0,1377,127.0,127.0,127.0,0.0,105.32719689807263,1,127.12,130.66716788438356,123.57283211561645
2010-05-04 00:00:00+05:30,126.0,127.0,126.0,126.0,20652,125.66666666666667,125.5,125.83333333333334,0.0026525198938992796,105.43994466126372,1,127.2,130.5466401061366,123.8533598938634
2010-05-05 00:00:00+05:30,123.0,125.0,123.0,123.0,8937,126.33333333333333,126.5,126.16666666666666,0.002638522427440708,105.43994466126372,1,127.16,130.67818134836767,123.64181865163233
2010-05-06 00:00:00+05:30,123.0,125.0,123.0,125.0,8322,123.66666666666667,124.0,123.33333333333334,0.005390835579514748,105.43994466126372,1,126.92,130.1656740440165,123.6743259559835
2010-05-07 00:00:00+05:30,133.0,133.0,123.0,123.0,12447,124.33333333333333,124.0,124.66666666666666,0.00536193029490609,105.43994466126372,1,126.52,129.05740024434513,123.98259975565486
2010-05-10 00:00:00+05:30,123.0,126.0,121.0,123.0,147537,126.33333333333333,128.0,124.66666666666666,0.02638522427440641,105.43994466126372,1,126.28,128.96447387769058,123.59552612230944
2010-05-11 00:00:00+05:30,123.0,124.0,123.0,123.0,21147,123.33333333333333,123.5,123.16666666666666,0.0027027027027027796,105.43994466126372,1,126.2,129.13938769134035,123.26061230865966
2010-05-12 00:00:00+05:30,119.0,123.0,119.0,122.0,11667,123.33333333333333,123.5,123.16666666666666,0.0027027027027027796,105.43994466126372,1,126.0,129.3466401061368,122.6533598938632
2010-05-13 00:00:00+05:30,122.0,122.0,120.0,120.0,2877,121.33333333333333,121.0,121.66666666666666,0.005494505494505417,105.43994466126372,1,125.72,129.7803448129443,121.6596551870557
2010-05-14 00:00:00+05:30,118.0,125.0,110.0,123.0,8892,120.66666666666667,121.0,120.33333333333334,0.0055248618784529595,105.43994466126372,1,125.56,129.72000000000045,121.39999999999955
2010-05-17 00:00:00+05:30,121.0,124.0,121.0,123.0,7572,119.33333333333333,117.5,121.16666666666666,0.030726256983240146,105.43994466126372,1,125.4,129.63320209770382,121.1667979022962
2010-05-18 00:00:00+05:30,123.0,125.0,123.0,123.0,147,122.66666666666667,122.5,122.83333333333334,0.002717391304347903,105.43994466126372,1,125.24,129.52130821128355,120.95869178871642
2010-05-19 00:00:00+05:30,122.0,126.0,122.0,125.0,10677,123.66666666666667,124.0,123.33333333333334,0.005390835579514748,105.43994466126372,1,125.16,129.38108990664782,120.93891009335216
2010-05-20 00:00:00+05:30,120.0,124.0,120.0,123.0,2502,124.33333333333333,124.0,124.66666666666666,0.00536193029490609,105.43994466126372,1,125.0,129.23320209770387,120.76679790229613
2010-05-21 00:00:00+05:30,120.0,123.0,120.0,122.0,5682,122.33333333333333,122.0,122.66666666666666,0.0054495912806538736,105.43994466126372,1,124.8,129.10813184570813,120.49186815429186
2010-05-24 00:00:00+05:30,123.0,123.0,123.0,123.0,5592,121.66666666666667,121.5,121.83333333333334,0.002739726027397338,105.43994466126372,1,124.64,128.90633332031206,120.37366667968796
2010-05-25 00:00:00+05:30,123.0,124.0,123.0,123.0,2892,123.0,123.0,123.0,0.0,105.43994466126372,1,124.48,128.67980951949073,120.28019048050928
2010-05-26 00:00:00+05:30,123.0,126.0,123.0,123.0,942,123.33333333333333,123.5,123.16666666666666,0.0027027027027027796,105.43994466126372,1,124.32,128.4273592489585,120.21264075104146
2010-05-27 00:00:00+05:30,123.0,123.0,123.0,123.0,4647,124.0,124.5,123.5,0.008064516129032258,105.43994466126372,1,124.16,128.14717945420134,120.17282054579864
2010-05-28 00:00:00+05:30,124.0,125.0,123.0,124.0,1332,123.0,123.0,123.0,0.0,105.43994466126372,1,124.04,127.85491808562196,120.22508191437805
2010-05-31 00:00:00+05:30,123.0,124.0,121.0,122.0,19362,124.0,124.0,124.0,0.0,105.43994466126372,1,123.84,127.53561902798512,120.14438097201489
2010-06-01 00:00:00+05:30,123.0,123.0,123.0,123.0,36432,122.33333333333333,122.5,122.16666666666666,0.002724795640327053,105.43994466126372,1,123.68,127.1542481200982,120.20575187990181
2010-06-02 00:00:00+05:30,124.0,124.0,123.0,124.0,9147,123.0,123.0,123.0,0.0,105.43994466126372,1,123.56,126.76399750312106,120.35600249687894
2010-06-03 00:00:00+05:30,124.0,125.0,123.0,125.0,19362,123.66666666666667,123.5,123.83333333333334,0.002695417789757489,105.43994466126372,1,123.48,126.42591242232456,120.53408757767545
2010-06-04 00:00:00+05:30,123.0,125.0,121.0,122.0,5787,124.33333333333333,124.0,124.66666666666666,0.00536193029490609,105.43994466126372,1,123.28,125.90419511469828,120.65580488530172
2010-06-07 00:00:00+05:30,125.0,125.0,120.0,123.0,1587,122.66666666666667,123.0,122.33333333333334,0.005434782608695575,105.43994466126372,1,123.16,125.53857099957231,120.78142900042768
2010-06-08 00:00:00+05:30,123.0,123.0,121.0,122.0,327,122.66666666666667,122.5,122.83333333333334,0.002717391304347903,105.43994466126372,1,123.0,125.11660104885324,120.88339895114676
2010-06-09 00:00:00+05:30,121.0,123.0,121.0,123.0,2352,122.0,122.0,122.0,0.0,105.43994466126372,1,123.0,125.11660104885324,120.88339895114676
2010-06-10 00:00:00+05:30,121.0,123.0,120.0,122.0,3792,122.33333333333333,122.0,122.66666666666666,0.0054495912806538736,105.43994466126372,1,122.88,124.86554778336024,120.89445221663975
2010-06-11 00:00:00+05:30,121.0,124.0,120.0,123.0,3042,121.66666666666667,121.5,121.83333333333334,0.002739726027397338,105.43994466126372,1,122.88,124.86554778336024,120.89445221663975
2010-06-14 00:00:00+05:30,123.0,123.0,121.0,123.0,4242,122.33333333333333,122.0,122.66666666666666,0.0054495912806538736,105.43994466126372,1,122.88,124.86554778336024,120.89445221663975
2010-06-15 00:00:00+05:30,123.0,123.0,121.0,122.0,2667,122.33333333333333,122.0,122.66666666666666,0.0054495912806538736,105.43994466126372,1,122.84,124.85434852992397,120.82565147007604
2010-06-16 00:00:00+05:30,122.0,122.0,120.0,121.0,209592,122.0,122.0,122.0,0.0,105.43994466126372,1,122.8,124.9166010488533,120.6833989511467
2010-06-17 00:00:00+05:30,120.0,122.0,119.0,120.0,1107,121.0,121.0,121.0,0.0,105.43994466126372,1,122.8,124.9166010488533,120.6833989511467
2010-06-18 00:00:00+05:30,120.0,120.0,119.0,119.0,2187,120.33333333333333,120.5,120.16666666666666,0.0027700831024931537,105.43994466126372,1,122.64,125.22487910742592,120.05512089257408
2010-06-21 00:00:00+05:30,120.0,122.0,120.0,122.0,121167,119.33333333333333,119.5,119.16666666666666,0.0027932960893855543,105.43994466126372,1,122.6,125.19229627936451,120.00770372063548
2010-06-22 00:00:00+05:30,123.0,123.0,122.0,122.0,4617,121.33333333333333,121.0,121.66666666666666,0.005494505494505417,105.43994466126372,1,122.56,125.15722929292104,119.96277070707896
2010-06-23 00:00:00+05:30,122.0,123.0,122.0,123.0,572127,122.33333333333333,122.5,122.16666666666666,0.002724795640327053,105.43994466126372,1,122.48,124.88798671092829,120.07201328907172
2010-06-24 00:00:00+05:30,124.0,124.0,122.0,123.0,2877,122.66666666666667,122.5,122.83333333333334,0.002717391304347903,105.43994466126372,1,122.48,124.88798671092829,120.07201328907172
2010-06-25 00:00:00+05:30,122.0,123.0,122.0,123.0,657,123.0,123.0,123.0,0.0,105.43994466126372,1,122.52,124.92798671092827,120.11201328907173
2010-06-28 00:00:00+05:30,122.0,123.0,120.0,122.0,5247,122.66666666666667,122.5,122.83333333333334,0.002717391304347903,105.43994466126372,1,122.48,124.88798671092829,120.07201328907172
2010-06-29 00:00:00+05:30,122.0,122.0,120.0,122.0,1932,121.66666666666667,121.5,121.83333333333334,0.002739726027397338,105.43994466126372,1,122.44,124.84532742054117,120.03467257945883
2010-06-30 00:00:00+05:30,121.0,121.0,120.0,120.0,897,121.33333333333333,121.0,121.66666666666666,0.005494505494505417,105.43994466126372,1,122.32,124.89495631031039,119.7450436896896
2010-07-01 00:00:00+05:30,120.0,123.0,120.0,120.0,12972,120.33333333333333,120.5,120.16666666666666,0.0027700831024931537,105.43994466126372,1,122.2,124.91293199325149,119.48706800674852
2010-07-02 00:00:00+05:30,120.0,122.0,119.0,119.0,4137,121.0,121.5,120.5,0.008264462809917356,105.43994466126372,1,122.0,124.88444102037253,119.11555897962747
2010-07-05 00:00:00+05:30,119.0,120.0,119.0,120.0,702,120.0,120.5,119.5,0.008333333333333333,105.43994466126372,1,121.92,124.90904667076441,118.93095332923559
2010-07-06 00:00:00+05:30,122.0,122.0,120.0,120.0,1737,119.66666666666667,119.5,119.83333333333334,0.0027855153203343408,105.43994466126372,1,121.8,124.84630924234686,118.75369075765313
2010-07-07 00:00:00+05:30,120.0,122.0,120.0,120.0,10707,120.66666666666667,121.0,120.33333333333334,0.0055248618784529595,105.43994466126372,1,121.64,124.62690475241648,118.65309524758352
2010-07-08 00:00:00+05:30,121.0,122.0,120.0,122.0,11307,120.66666666666667,121.0,120.33333333333334,0.0055248618784529595,105.43994466126372,1,121.52,124.18052626373209,118.8594737362679
2010-07-09 00:00:00+05:30,122.0,124.0,121.0,123.0,14052,121.33333333333333,121.0,121.66666666666666,0.005494505494505417,105.43994466126372,1,121.56,124.2776460402356,118.84235395976441
2010-07-12 00:00:00+05:30,124.0,126.0,123.0,123.0,9642,122.66666666666667,122.5,122.83333333333334,0.002717391304347903,106.75235420037438,1,121.56,124.2776460402356,118.84235395976441
2010-07-13 00:00:00+05:30,125.0,130.0,125.0,127.0,151242,124.0,124.5,123.5,0.008064516129032258,108.5022600323594,1,121.76,125.21392530318883,118.30607469681118
2010-07-14 00:00:00+05:30,127.0,131.0,125.0,126.0,23772,127.33333333333333,127.5,127.16666666666666,0.002617801047120493,108.5022600323594,1,121.88,125.68820167533283,118.07179832466716
2010-07-15 00:00:00+05:30,127.0,129.0,125.0,127.0,6432,127.33333333333333,128.0,126.66666666666666,0.01047120418848175,108.5022600323594,1,122.08,126.38515969506447,117.77484030493552
2010-07-16 00:00:00+05:30,127.0,127.0,124.0,126.0,3387,127.0,127.0,127.0,0.0,108.5022600323594,1,122.2,126.76070170039738,117.63929829960263
2010-07-19 00:00:00+05:30,123.0,130.0,123.0,129.0,18837,125.66666666666667,125.5,125.83333333333334,0.0026525198938992796,108.5022600323594,1,122.44,127.71878773962425,117.16121226037575
2010-07-20 00:00:00+05:30,126.0,128.0,124.0,125.0,1722,127.33333333333333,126.5,128.16666666666666,0.01308900523560202,108.5022600323594,1,122.56,127.92894775538068,117.19105224461933
2010-07-21 00:00:00+05:30,125.0,127.0,124.0,125.0,7902,125.66666666666667,126.0,125.33333333333334,0.005305039787798333,108.5022600323594,1,122.72,128.13169104809273,117.30830895190728
2010-07-22 00:00:00+05:30,126.0,126.0,124.0,124.0,3942,125.33333333333333,125.5,125.16666666666666,0.002659574468085182,108.5022600323594,1,122.88,128.1962392722682,117.56376072773179
2010-07-23 00:00:00+05:30,125.0,126.0,124.0,126.0,2472,124.66666666666667,125.0,124.33333333333334,0.005347593582887625,108.5022600323594,1,123.16,128.36553551519978,117.95446448480021
2010-07-26 00:00:00+05:30,125.0,125.0,124.0,125.0,1662,125.33333333333333,125.0,125.66666666666666,0.005319148936170137,108.5022600323594,1,123.28,128.51129047176758,118.04870952823244
2010-07-27 00:00:00+05:30,125.0,125.0,123.0,125.0,3597,124.66666666666667,124.5,124.83333333333334,0.002673796791443926,108.5022600323594,1,123.4,128.6459508194422,118.15404918055783
2010-07-28 00:00:00+05:30,124.0,125.0,123.0,124.0,6252,124.33333333333333,124.0,124.66666666666666,0.00536193029490609,108.5022600323594,1,123.44,128.6883902293947,118.19160977060528
2010-07-29 00:00:00+05:30,122.0,125.0,122.0,124.0,4932,124.0,124.0,124.0,0.0,108.5022600323594,1,123.48,128.7296095092879,118.23039049071211
2010-07-30 00:00:00+05:30,123.0,123.0,123.0,123.0,132,123.66666666666667,123.5,123.83333333333334,0.002695417789757489,108.5022600323594,1,123.48,128.7296095092879,118.23039049071211
2010-08-02 00:00:00+05:30,123.0,123.0,122.0,123.0,4827,123.0,123.0,123.0,0.0,108.5022600323594,1,123.52,128.7390420576966,118.30095794230341
2010-08-03 00:00:00+05:30,124.0,124.0,121.0,124.0,2667,122.66666666666667,122.5,122.83333333333334,0.002717391304347903,108.5022600323594,1,123.6,128.78459255872684,118.41540744127316
2010-08-04 00:00:00+05:30,125.0,125.0,123.0,123.0,3942,123.0,122.5,123.5,0.008130081300813009,108.5022600323594,1,123.72,128.70060237320803,118.73939762679196
2010-08-05 00:00:00+05:30,125.0,125.0,119.0,121.0,13767,123.66666666666667,124.0,123.33333333333334,0.005390835579514748,108.5022600323594,1,123.76,128.6354076752622,118.88459232473781
2010-08-06 00:00:00+05:30,120.0,122.0,116.0,117.0,9897,121.66666666666667,122.0,121.33333333333334,0.0054794520547944425,108.5022600323594,1,123.68,128.91740393706706,118.44259606293295
2010-08-09 00:00:00+05:30,118.0,121.0,117.0,120.0,12432,118.33333333333333,119.0,117.66666666666666,0.011267605633802897,108.5022600323594,1,123.68,128.91740393706706,118.44259606293295
2010-08-10 00:00:00+05:30,120.0,121.0,118.0,118.0,2097,119.33333333333333,119.0,119.66666666666666,0.005586592178770871,108.5022600323594,1,123.6,129.1136195008366,118.08638049916338
2010-08-11 00:00:00+05:30,119.0,119.0,117.0,117.0,13257,119.0,119.5,118.5,0.008403361344537815,108.5022600323594,1,123.48,129.41619406690901,117.54380593309098
2010-08-12 00:00:00+05:30,118.0,119.0,116.0,118.0,5817,117.66666666666667,118.0,117.33333333333334,0.005665722379603319,108.5022600323594,1,123.32,129.6120902727159,117.02790972728408
2010-08-13 00:00:00+05:30,117.0,118.0,117.0,117.0,3447,117.66666666666667,117.5,117.83333333333334,0.00283286118980178,108.5022600323594,1,123.08,129.84272134573106,116.31727865426895
2010-08-16 00:00:00+05:30,120.0,120.0,118.0,119.0,25152,117.33333333333333,117.5,117.16666666666666,0.0028409090909091717,108.5022600323594,1,122.92,129.86941724175537,115.97058275824465
2010-08-17 00:00:00+05:30,119.0,119.0,118.0,118.0,3537,119.0,119.0,119.0,0.0,108.5022600323594,1,122.56,129.55897135299233,115.56102864700767
2010-08-18 00:00:00+05:30,118.0,119.0,118.0,118.0,1242,118.33333333333333,118.5,118.16666666666666,0.0028169014084507846,108.5022600323594,1,122.24,129.3117466017956,115.1682533982044
2010-08-19 00:00:00+05:30,124.0,124.0,117.0,118.0,10167,118.33333333333333,118.5,118.16666666666666,0.0028169014084507846,108.5022600323594,1,121.88,128.86157575336742,114.89842424663256
2010-08-20 00:00:00+05:30,118.0,119.0,117.0,118.0,5472,119.66666666666667,120.5,118.83333333333334,0.013927576601671229,108.5022600323594,1,121.56,128.4900505048671,114.62994949513292
2010-08-23 00:00:00+05:30,117.0,120.0,117.0,120.0,1587,118.0,118.0,118.0,0.0,108.5022600323594,1,121.2,127.44819974072605,114.95180025927395
2010-08-24 00:00:00+05:30,122.0,123.0,118.0,120.0,7062,119.0,118.5,119.5,0.008403361344537815,108.5022600323594,1,121.0,127.066300355242,114.933699644758
2010-08-25 00:00:00+05:30,120.0,122.0,118.0,119.0,10227,120.33333333333333,120.5,120.16666666666666,0.0027700831024931537,108.5022600323594,1,120.76,126.6463910845279,114.8736089154721
2010-08-26 00:00:00+05:30,117.0,120.0,117.0,118.0,1752,119.66666666666667,120.0,119.33333333333334,0.005571030640668444,108.5022600323594,1,120.52,126.34738363247263,114.69261636752736
2010-08-27 00:00:00+05:30,117.0,120.0,117.0,118.0,1767,118.33333333333333,118.5,118.16666666666666,0.0028169014084507846,108.5022600323594,1,120.2,125.6552726787953,114.7447273212047
2010-08-30 00:00:00+05:30,123.0,123.0,116.0,117.0,9177,118.33333333333333,118.5,118.16666666666666,0.0028169014084507846,108.5022600323594,1,119.88,125.10516985369958,114.65483014630041
2010-08-31 00:00:00+05:30,117.0,118.0,115.0,117.0,4017,118.66666666666667,119.5,117.83333333333334,0.014044943820224639,108.5022600323594,1,119.56,124.46159157825409,114.65840842174592
2010-09-01 00:00:00+05:30,116.0,120.0,115.0,119.0,397077,116.66666666666667,116.5,116.83333333333334,0.0028571428571429382,108.5022600323594,1,119.36,123.9164898770887,114.8035101229113
2010-09-02 00:00:00+05:30,117.0,120.0,117.0,118.0,1467,118.0,117.5,118.5,0.00847457627118644,108.5022600323594,1,119.12,123.28922055065598,114.95077944934403
2010-09-03 00:00:00+05:30,118.0,118.0,116.0,117.0,4077,118.33333333333333,118.5,118.16666666666666,0.0028169014084507846,108.5022600323594,1,118.88,122.81222583278382,114.94777416721617
2010-09-06 00:00:00+05:30,117.0,119.0,117.0,119.0,9027,117.0,117.0,117.0,0.0,108.5022600323594,1,118.72,122.27617772334465,115.16382227665535
2010-09-07 00:00:00+05:30,119.0,119.0,117.0,118.0,5877,118.33333333333333,118.0,118.66666666666666,0.005633802816901329,108.5022600323594,1,118.48,121.3152072234694,115.64479277653061
2010-09-08 00:00:00+05:30,116.0,119.0,116.0,118.0,1797,118.0,118.0,118.0,0.0,108.5022600323594,1,118.28,120.4355509736523,116.1244490263477
2010-09-09 00:00:00+05:30,118.0,120.0,118.0,118.0,3612,117.66666666666667,117.5,117.83333333333334,0.00283286118980178,108.5022600323594,1,118.16,120.00867520133026,116.31132479866973
2010-09-13 00:00:00+05:30,118.0,118.0,116.0,116.0,18627,118.66666666666667,119.0,118.33333333333334,0.005617977528089808,108.5022600323594,1,118.12,120.10554778336196,116.13445221663805
2010-09-14 00:00:00+05:30,119.0,119.0,115.0,116.0,8562,116.66666666666667,117.0,116.33333333333334,0.005714285714285633,108.5022600323594,1,117.96,119.95839935949093,115.96160064050906
2010-09-15 00:00:00+05:30,117.0,119.0,117.0,117.0,7902,116.66666666666667,117.0,116.33333333333334,0.005714285714285633,108.5022600323594,1,117.92,119.95332240434563,115.88667759565438
2010-09-16 00:00:00+05:30,118.0,118.0,115.0,117.0,6282,117.66666666666667,118.0,117.33333333333334,0.005665722379603319,108.5022600323594,1,117.92,119.95332240434563,115.88667759565438
2010-09-17 00:00:00+05:30,117.0,117.0,115.0,117.0,4617,116.66666666666667,116.5,116.83333333333334,0.0028571428571429382,108.5022600323594,1,117.88,119.9445580640936,115.81544193590639
2010-09-20 00:00:00+05:30,115.0,117.0,115.0,116.0,6567,116.33333333333333,116.0,116.66666666666666,0.005730659025787885,108.5022600323594,1,117.84,120.00739474946627,115.67260525053373
2010-09-21 00:00:00+05:30,116.0,118.0,115.0,118.0,23097,116.0,116.0,116.0,0.0,108.5022600323594,1,117.8,119.91660104885499,115.68339895114501
2010-09-22 00:00:00+05:30,118.0,119.0,115.0,117.0,99912,117.0,116.5,117.5,0.008547008547008548,108.5022600323594,1,117.76,119.89766227454528,115.62233772545473
2010-09-23 00:00:00+05:30,116.0,118.0,116.0,117.0,4527,117.0,117.0,117.0,0.0,108.5022600323594,1,117.72,119.87555097365247,115.56444902634753
2010-09-24 00:00:00+05:30,115.0,120.0,115.0,119.0,14682,117.0,117.0,117.0,0.0,108.5022600323594,1,117.76,119.97124399377682,115.54875600622319
2010-09-27 00:00:00+05:30,120.0,120.0,117.0,117.0,4542,118.0,117.5,118.5,0.00847457627118644,108.5022600323594,1,117.72,119.94854212435263,115.49145787564737
2010-09-28 00:00:00+05:30,119.0,119.0,116.0,118.0,13947,118.0,118.5,117.5,0.00847457627118644,108.5022600323594,1,117.64,119.67017240647543,115.60982759352457
2010-09-29 00:00:00+05:30,120.0,120.0,116.0,117.0,11862,117.66666666666667,117.5,117.83333333333334,0.00283286118980178,108.5022600323594,1,117.52,119.31955550067632,115.72044449932368
2010-09-30 00:00:00+05:30,116.0,117.0,116.0,117.0,3402,117.66666666666667,118.0,117.33333333333334,0.005665722379603319,108.5022600323594,1,117.44,119.14458206021726,115.73541793978274
2010-10-01 00:00:00+05:30,117.0,119.0,117.0,117.0,4242,116.66666666666667,116.5,116.83333333333334,0.0028571428571429382,108.5022600323594,1,117.4,119.09705627485201,115.702943725148
2010-10-04 00:00:00+05:30,117.0,117.0,115.0,116.0,4842,117.66666666666667,118.0,117.33333333333334,0.005665722379603319,108.5022600323594,1,117.32,119.08363261480804,115.55636738519195
2010-10-05 00:00:00+05:30,120.0,120.0,116.0,117.0,4077,116.0,116.0,116.0,0.0,108.5022600323594,1,117.32,119.08363261480804,115.55636738519195
2010-10-06 00:00:00+05:30,117.0,120.0,116.0,118.0,26052,117.66666666666667,118.0,117.33333333333334,0.005665722379603319,108.5022600323594,1,117.36,119.13808886167554,115.58191113832446
2010-10-07 00:00:00+05:30,117.0,120.0,116.0,119.0,134817,118.0,118.0,118.0,0.0,108.5022600323594,1,117.36,119.13808886167554,115.58191113832446
2010-10-08 00:00:00+05:30,117.0,119.0,116.0,118.0,5712,118.33333333333333,118.0,118.66666666666666,0.005633802816901329,108.5022600323594,1,117.36,119.13808886167554,115.58191113832446
2010-10-11 00:00:00+05:30,117.0,118.0,115.0,116.0,10227,117.66666666666667,117.5,117.83333333333334,0.00283286118980178,108.5022600323594,1,117.32,119.17213390445039,115.4678660955496
2010-10-12 00:00:00+05:30,116.0,116.0,115.0,115.0,5742,116.33333333333333,116.5,116.16666666666666,0.0028653295128940643,108.5022600323594,1,117.16,119.09328735577897,115.22671264422102
2010-10-13 00:00:00+05:30,115.0,117.0,114.0,116.0,23802,115.33333333333333,115.5,115.16666666666666,0.0028901734104047065,108.5022600323594,1,117.08,119.03304889852122,115.12695110147878
2010-10-14 00:00:00+05:30,116.0,116.0,114.0,115.0,1062,115.66666666666667,115.5,115.83333333333334,0.00288184438040354,108.5022600323594,1,116.96,119.03692079772318,114.8830792022768
2010-10-15 00:00:00+05:30,115.0,115.0,114.0,115.0,3642,115.0,115.0,115.0,0.0,108.5022600323594,1,116.84,119.00739474946657,114.67260525053344
2010-10-18 00:00:00+05:30,120.0,120.0,114.0,115.0,6627,114.66666666666667,114.5,114.83333333333334,0.002906976744186129,108.5022600323594,1,116.8,119.06274169980033,114.53725830019967
2010-10-19 00:00:00+05:30,115.0,115.0,113.0,114.0,746022,116.33333333333333,117.0,115.66666666666666,0.011461318051576012,108.5022600323594,1,116.72,119.21927989629322,114.22072010370678
2010-10-20 00:00:00+05:30,114.0,115.0,114.0,115.0,3642,114.0,114.0,114.0,0.0,108.5022600323594,1,116.64,119.22487910742757,114.05512089257243
2010-10-21 00:00:00+05:30,113.0,114.0,112.0,114.0,3777,114.66666666666667,114.5,114.83333333333334,0.002906976744186129,108.5022600323594,1,116.52,119.29820085667248,113.74179914332751
2010-10-22 00:00:00+05:30,112.0,114.0,112.0,113.0,9237,113.33333333333333,113.0,113.66666666666666,0.005882352941176387,108.5022600323594,1,116.36,119.4521836944166,113.2678163055834
2010-10-25 00:00:00+05:30,113.0,115.0,112.0,114.0,10062,113.0,113.0,113.0,0.0,108.5022600323594,1,116.28,119.50589522458745,113.05410477541255
2010-10-26 00:00:00+05:30,113.0,117.0,113.0,114.0,3357,113.66666666666667,113.5,113.83333333333334,0.002932551319648177,108.5022600323594,1,116.12,119.38533306111587,112.85466693888414
2010-10-27 00:00:00+05:30,113.0,114.0,113.0,114.0,3972,114.66666666666667,115.0,114.33333333333334,0.0058139534883720105,108.5022600323594,1,116.0,119.34664010613876,112.65335989386124
2010-10-28 00:00:00+05:30,112.0,115.0,112.0,115.0,10242,113.66666666666667,113.5,113.83333333333334,0.002932551319648177,108.5022600323594,1,115.92,119.26281318652667,112.57718681347333
2010-10-29 00:00:00+05:30,116.0,117.0,111.0,113.0,2952,114.0,113.5,114.5,0.008771929824561403,108.5022600323594,1,115.68,118.96487442682623,112.39512557317379
2010-11-01 00:00:00+05:30,117.0,121.0,115.0,117.0,182982,113.66666666666667,114.0,113.33333333333334,0.005865102639296104,108.5022600323594,1,115.68,118.96487442682623,112.39512557317379
2010-11-02 00:00:00+05:30,118.0,127.0,118.0,122.0,104397,117.66666666666667,118.0,117.33333333333334,0.005665722379603319,108.5022600323594,1,115.84,119.8671081435711,111.8128918564289
2010-11-03 00:00:00+05:30,123.0,125.0,121.0,124.0,68742,122.33333333333333,122.5,122.16666666666666,0.002724795640327053,108.5022600323594,1,116.12,121.25248477835214,110.98751522164787
2011-02-02 00:00:00+05:30,125.0,127.0,125.0,126.0,3357,123.33333333333333,123.0,123.66666666666666,0.0054054054054053285,108.5022600323594,1,116.48,122.90793901651345,110.05206098348656
2011-02-03 00:00:00+05:30,124.0,127.0,124.0,124.0,1437,126.0,126.0,126.0,0.0,108.5022600323594,1,116.76,123.83174660179616,109.68825339820386
2011-02-04 00:00:00+05:30,127.0,140.0,124.0,124.0,3507,125.0,125.5,124.5,0.008,108.5022600323594,1,117.08,124.68883696763277,109.47116303236723
2011-02-07 00:00:00+05:30,125.0,125.0,122.0,123.0,2787,129.33333333333334,132.0,126.66666666666669,0.04123711340206171,108.5022600323594,1,117.32,125.27426929390843,109.36573070609155
2011-02-08 00:00:00+05:30,119.0,127.0,119.0,123.0,2622,123.33333333333333,123.5,123.16666666666666,0.0027027027027027796,108.5022600323594,1,117.52,125.77823225636178,109.26176774363822
2011-02-09 00:00:00+05:30,118.0,125.0,117.0,118.0,5802,123.0,123.0,123.0,0.0,108.5022600323594,1,117.48,125.71883486908278,109.24116513091722
2011-02-10 00:00:00+05:30,114.0,119.0,114.0,115.0,1317,120.0,121.0,119.0,0.016666666666666666,108.5022600323594,1,117.36,125.65226145270483,109.06773854729516
2011-02-11 00:00:00+05:30,114.0,124.0,113.0,122.0,8562,116.0,116.5,115.5,0.008620689655172414,108.5022600323594,1,117.6,126.06640419540751,109.13359580459247
2011-02-14 00:00:00+05:30,130.0,130.0,121.0,122.0,1632,119.66666666666667,118.5,120.83333333333334,0.01949860724233991,108.5022600323594,1,117.88,126.44635278283667,109.31364721716332
2011-02-15 00:00:00+05:30,121.0,124.0,117.0,119.0,6837,124.33333333333333,125.5,123.16666666666666,0.01876675603217166,108.5022600323594,1,118.0,126.54166260162584,109.45833739837416
2011-02-16 00:00:00+05:30,119.0,123.0,112.0,114.0,19467,120.0,120.5,119.5,0.008333333333333333,108.5022600323594,1,117.96,126.56660211698052,109.35339788301947
2011-02-17 00:00:00+05:30,119.0,123.0,114.0,121.0,7032,116.33333333333333,117.5,115.16666666666666,0.02005730659025796,108.5022600323594,1,118.2,126.79767410408265,109.60232589591736
2011-02-18 00:00:00+05:30,119.0,121.0,118.0,120.0,5412,119.33333333333333,118.5,120.16666666666666,0.013966480446927295,108.5022600323594,1,118.4,126.92291030106577,109.87708969893424
2011-02-21 00:00:00+05:30,122.0,122.0,120.0,122.0,1827,119.66666666666667,119.5,119.83333333333334,0.0027855153203343408,108.5022600323594,1,118.72,127.15838847174106,110.28161152825894
2011-02-22 00:00:00+05:30,120.0,122.0,120.0,121.0,462,121.33333333333333,121.0,121.66666666666666,0.005494505494505417,108.5022600323594,1,118.96,127.30227786638709,110.6177221336129
2011-02-23 00:00:00+05:30,121.0,121.0,120.0,121.0,3042,121.0,121.0,121.0,0.0,108.5022600323594,1,119.24,127.36462922230987,111.11537077769012
2011-02-24 00:00:00+05:30,128.0,128.0,119.0,120.0,17967,120.66666666666667,120.5,120.83333333333334,0.0027624309392265977,108.5022600323594,1,119.52,127.23740889159122,111.80259110840878
2011-02-25 00:00:00+05:30,122.0,122.0,120.0,120.0,15597,122.33333333333333,123.5,121.16666666666666,0.019073569482288905,108.5022600323594,1,119.76,127.141707119631,112.37829288036902
2011-02-28 00:00:00+05:30,120.0,133.0,120.0,130.0,20157,120.66666666666667,121.0,120.33333333333334,0.0055248618784529595,108.5022600323594,1,120.4,128.41997506230598,112.38002493769403
2011-03-01 00:00:00+05:30,133.0,134.0,125.0,133.0,46542,127.66666666666667,126.5,128.83333333333334,0.018276762402088847,108.5022600323594,1,121.16,130.1520854088475,112.16791459115247
2011-03-03 00:00:00+05:30,130.0,132.0,128.0,129.0,2307,130.66666666666666,129.5,131.83333333333331,0.017857142857142714,108.5022600323594,1,121.72,130.85052024804762,112.58947975195237
2011-03-04 00:00:00+05:30,132.0,133.0,129.0,130.0,2202,129.66666666666666,130.0,129.33333333333331,0.005141388174807344,108.5022600323594,1,122.4,131.3621426009636,113.4378573990364
2011-03-07 00:00:00+05:30,123.0,130.0,123.0,130.0,5112,130.66666666666666,131.0,130.33333333333331,0.005102040816326676,108.5022600323594,1,122.92,132.0750204805891,113.7649795194109
2011-03-08 00:00:00+05:30,127.0,131.0,127.0,130.0,9087,127.66666666666667,126.5,128.83333333333334,0.018276762402088847,108.5022600323594,1,123.24,132.7945591211738,113.6854408788262
2011-03-09 00:00:00+05:30,130.0,132.0,130.0,130.0,1572,129.33333333333334,129.0,129.66666666666669,0.0051546391752578784,108.5022600323594,1,123.48,133.39354628778244,113.56645371221757
2011-03-10 00:00:00+05:30,129.0,130.0,122.0,124.0,55182,130.66666666666666,131.0,130.33333333333331,0.005102040816326676,108.5022600323594,1,123.4,133.26306240475063,113.53693759524938
2011-03-11 00:00:00+05:30,127.0,128.0,124.0,126.0,6672,125.33333333333333,126.0,124.66666666666666,0.010638297872340502,108.5022600323594,1,123.48,133.39354628778244,113.56645371221757
2011-03-14 00:00:00+05:30,129.0,129.0,123.0,126.0,402,126.0,126.0,126.0,0.0,108.5022600323594,1,123.56,133.5212047464152,113.5987952535848
2011-03-15 00:00:00+05:30,124.0,127.0,119.0,126.0,717,126.0,126.0,126.0,0.0,108.5022600323594,1,123.68,133.68351938069821,113.6764806193018
2011-03-16 00:00:00+05:30,124.0,125.0,124.0,124.0,3642,124.0,123.0,125.0,0.016129032258064516,108.5022600323594,1,123.72,133.72031999488038,113.71968000511961
2011-03-17 00:00:00+05:30,125.0,126.0,123.0,125.0,2937,124.33333333333333,124.5,124.16666666666666,0.0026809651474531595,108.5022600323594,1,124.0,133.73242004847737,114.26757995152263
2011-03-18 00:00:00+05:30,123.0,127.0,123.0,126.0,3852,124.66666666666667,124.5,124.83333333333334,0.002673796791443926,108.5022600323594,1,124.44,133.47468870520746,115.40531129479254
2011-03-21 00:00:00+05:30,128.0,128.0,124.0,126.0,1197,125.33333333333333,125.0,125.66666666666666,0.005319148936170137,108.5022600323594,1,124.6,133.59777750336175,115.60222249663823
2011-03-22 00:00:00+05:30,127.0,127.0,124.0,126.0,2127,126.0,126.0,126.0,0.0,108.5022600323594,1,124.76,133.7092793005919,115.8107206994081
2011-03-23 00:00:00+05:30,127.0,127.0,125.0,125.0,1812,125.66666666666667,125.5,125.83333333333334,0.0026525198938992796,108.5022600323594,1,125.0,133.6348132579693,116.3651867420307
2011-03-24 00:00:00+05:30,124.0,126.0,123.0,125.0,762,125.66666666666667,126.0,125.33333333333334,0.005305039787798333,108.5022600323594,1,125.44,132.81737080537516,118.06262919462485
2011-03-25 00:00:00+05:30,122.0,126.0,122.0,125.0,2577,124.66666666666667,124.5,124.83333333333334,0.002673796791443926,108.5022600323594,1,125.6,132.7554175279994,118.44458247200058
2011-03-28 00:00:00+05:30,127.0,127.0,123.0,124.0,15852,124.33333333333333,124.0,124.66666666666666,0.00536193029490609,108.5022600323594,1,125.76,132.5783282408521,118.94167175914792
2011-03-29 00:00:00+05:30,125.0,127.0,123.0,126.0,6237,124.66666666666667,125.0,124.33333333333334,0.005347593582887625,108.5022600323594,1,125.92,132.5633726374486,119.2766273625514
2011-03-30 00:00:00+05:30,128.0,128.0,125.0,127.0,1587,125.33333333333333,125.0,125.66666666666666,0.005319148936170137,108.5022600323594,1,126.16,132.50173477843407,119.81826522156591
2011-03-31 00:00:00+05:30,129.0,129.0,124.0,128.0,3417,126.66666666666667,126.5,126.83333333333334,0.0026315789473684956,108.5022600323594,1,126.44,132.45544678307436,120.42455321692562
2011-04-01 00:00:00+05:30,126.0,129.0,126.0,127.0,117,127.0,126.5,127.5,0.007874015748031496,108.5022600323594,1,126.72,132.13169104809202,121.30830895190797
2011-04-04 00:00:00+05:30,126.0,128.0,126.0,128.0,2307,127.33333333333333,127.5,127.16666666666666,0.002617801047120493,108.5022600323594,1,127.04,131.72119642826476,122.35880357173525
2011-04-05 00:00:00+05:30,129.0,133.0,126.0,130.0,227547,127.33333333333333,127.0,127.66666666666666,0.005235602094240763,108.5022600323594,1,127.04,131.72119642826476,122.35880357173525
2011-04-06 00:00:00+05:30,125.0,131.0,125.0,129.0,11727,129.66666666666666,129.5,129.83333333333331,0.002570694087403453,108.5022600323594,1,126.88,130.97174779281409,122.78825220718589
2011-04-07 00:00:00+05:30,130.0,130.0,127.0,127.0,92382,128.33333333333334,128.0,128.66666666666669,0.005194805194805342,108.5022600323594,1,126.8,130.7999999999999,122.8000000000001
2011-04-08 00:00:00+05:30,127.0,129.0,127.0,128.0,1902,128.0,128.5,127.5,0.0078125,108.5022600323594,1,126.72,130.5365953414004,122.90340465859958
2011-04-11 00:00:00+05:30,128.0,128.0,126.0,126.0,6492,128.0,128.0,128.0,0.0,108.5022600323594,1,126.56,130.14128468569587,122.97871531430414
2011-04-13 00:00:00+05:30,127.0,128.0,126.0,128.0,44307,126.66666666666667,127.0,126.33333333333334,0.005263157894736767,108.5022600323594,1,126.48,129.8323722943611,123.12762770563891
2011-04-15 00:00:00+05:30,128.0,128.0,125.0,126.0,33207,127.33333333333333,127.0,127.66666666666666,0.005235602094240763,108.5022600323594,1,126.32,129.35156725143943,123.28843274856054
2011-04-18 00:00:00+05:30,132.0,132.0,126.0,127.0,22812,126.33333333333333,126.5,126.16666666666666,0.002638522427440708,108.5022600323594,1,126.44,129.32887521364282,123.55112478635716
2011-04-19 00:00:00+05:30,126.0,127.0,126.0,127.0,822,128.33333333333334,129.0,127.66666666666669,0.01038961038961024,108.5022600323594,1,126.48,129.3710897599348,123.5889102400652
2011-04-20 00:00:00+05:30,124.0,128.0,124.0,127.0,222,126.66666666666667,126.5,126.83333333333334,0.0026315789473684956,108.5022600323594,1,126.52,129.41108975993478,123.62891024006521
2011-04-21 00:00:00+05:30,126.0,137.0,126.0,128.0,20142,126.33333333333333,126.0,126.66666666666666,0.005277044854881192,108.5022600323594,1,126.6,129.53938769133975,123.66061230866025
2011-04-25 00:00:00+05:30,127.0,135.0,127.0,133.0,20157,130.33333333333334,131.5,129.16666666666669,0.01790281329923259,108.5022600323594,1,126.96,130.64694995897676,123.27305004102321
2011-04-26 00:00:00+05:30,133.0,133.0,129.0,129.0,10182,131.66666666666666,131.0,132.33333333333331,0.010126582278480869,108.5022600323594,1,127.12,130.7999999999998,123.4400000000002
2011-04-27 00:00:00+05:30,136.0,136.0,132.0,135.0,23307,130.33333333333334,131.0,129.66666666666669,0.010230179028132846,108.5022600323594,1,127.48,132.25057648507996,122.70942351492005
2011-04-28 00:00:00+05:30,136.0,139.0,136.0,137.0,13212,134.33333333333334,134.0,134.66666666666669,0.004962779156327684,108.5022600323594,1,127.92,133.9311895661339,121.90881043386611
2011-04-29 00:00:00+05:30,137.0,138.0,135.0,137.0,3987,137.33333333333334,137.5,137.16666666666669,0.0024271844660192794,108.5022600323594,1,128.36,135.28543139450505,121.43456860549497
2011-05-02 00:00:00+05:30,137.0,139.0,134.0,134.0,897,136.66666666666666,136.5,136.83333333333331,0.002439024390243764,108.5022600323594,1,128.72,135.84224683649728,121.59775316350273
2011-05-03 00:00:00+05:30,132.0,134.0,132.0,133.0,1887,135.66666666666666,136.5,134.83333333333331,0.012285012285012425,108.5022600323594,1,129.04,136.18378051174548,121.89621948825449
2011-05-04 00:00:00+05:30,128.0,138.0,128.0,136.0,10932,133.0,133.0,133.0,0.0,108.5022600323594,1,129.48,136.9230101437519,122.03698985624807
2011-05-05 00:00:00+05:30,138.0,138.0,133.0,135.0,597,134.0,133.0,135.0,0.014925373134328358,108.5022600323594,1,129.92,137.31556623930803,122.52443376069193
2011-05-06 00:00:00+05:30,137.0,137.0,134.0,136.0,567,135.33333333333334,135.5,135.16666666666669,0.002463054187191978,108.5022600323594,1,130.32,137.9035611687381,122.7364388312619
2011-05-09 00:00:00+05:30,133.0,137.0,133.0,135.0,792,135.66666666666666,135.5,135.83333333333331,0.0024570024570023173,108.5022600323594,1,130.64,138.31082785623502,122.96917214376494
2011-05-10 00:00:00+05:30,133.0,133.0,130.0,131.0,1047,135.0,135.0,135.0,0.0,108.5022600323594,1,130.76,138.35536700890688,123.16463299109309
2011-05-11 00:00:00+05:30,131.0,133.0,131.0,131.0,192,131.33333333333334,131.5,131.16666666666669,0.002538071065989703,108.5022600323594,1,130.92,138.35870956550872,123.48129043449126
2011-05-12 00:00:00+05:30,131.0,131.0,130.0,130.0,462,131.66666666666666,132.0,131.33333333333331,0.00506329113924065,108.5022600323594,1,131.0,138.35391052433948,123.64608947566053
2011-05-13 00:00:00+05:30,133.0,133.0,131.0,131.0,492,130.33333333333334,130.5,130.16666666666669,0.0025575447570331026,108.5022600323594,1,131.04,138.38258809957298,123.69741190042701
2011-05-16 00:00:00+05:30,133.0,133.0,129.0,129.0,372,131.66666666666666,132.0,131.33333333333331,0.00506329113924065,108.5022600323594,1,131.04,138.38258809957298,123.69741190042701
2011-05-17 00:00:00+05:30,132.0,132.0,129.0,129.0,222,130.33333333333334,131.0,129.66666666666669,0.010230179028132846,108.5022600323594,1,131.12,138.32710760291468,123.91289239708532
2011-05-18 00:00:00+05:30,130.0,130.0,128.0,128.0,462,130.0,130.5,129.5,0.007692307692307693,108.5022600323594,1,131.12,138.32710760291468,123.91289239708532
2011-05-19 00:00:00+05:30,129.0,130.0,128.0,128.0,402,128.66666666666666,129.0,128.33333333333331,0.005181347150259215,108.5022600323594,1,131.2,138.219971509913,124.18002849008697
2011-05-20 00:00:00+05:30,127.0,130.0,127.0,128.0,2097,128.66666666666666,129.0,128.33333333333331,0.005181347150259215,108.5022600323594,1,131.2,138.219971509913,124.18002849008697
2011-05-23 00:00:00+05:30,128.0,128.0,128.0,128.0,312,128.33333333333334,128.5,128.16666666666669,0.0025974025974024495,108.5022600323594,1,131.28,138.10395779588285,124.45604220411715
2011-05-24 00:00:00+05:30,128.0,128.0,128.0,128.0,0,128.0,128.0,128.0,0.0,108.5022600323594,1,131.32,138.05427056183444,124.58572943816553
2011-05-25 00:00:00+05:30,127.0,131.0,126.0,126.0,552,128.0,128.0,128.0,0.0,108.5022600323594,1,131.28,138.1273644564891,124.4326355435109
2011-05-26 00:00:00+05:30,127.0,130.0,127.0,129.0,177,127.66666666666667,128.5,126.83333333333334,0.013054830287206191,108.5022600323594,1,131.36,138.0504110486569,124.66958895134313
2011-05-27 00:00:00+05:30,132.0,132.0,128.0,129.0,777,128.66666666666666,128.5,128.83333333333331,0.0025906735751293868,108.5022600323594,1,131.4,138.021178142898,124.77882185710202
2011-05-30 00:00:00+05:30,133.0,141.0,133.0,140.0,29247,129.66666666666666,130.0,129.33333333333331,0.005141388174807344,108.5022600323594,1,131.68,139.09285370150994,124.26714629849008
2011-05-31 00:00:00+05:30,141.0,143.0,138.0,141.0,9267,138.0,137.0,139.0,0.014492753623188406,111.49037137970691,1,132.16,140.33175623718603,123.98824376281397
2011-06-01 00:00:00+05:30,140.0,142.0,140.0,142.0,3507,140.66666666666666,140.5,140.83333333333331,0.002369668246445363,112.59075652451862,1,132.44,141.4214030084385,123.45859699156149
2011-06-02 00:00:00+05:30,140.0,141.0,140.0,140.0,1887,141.33333333333334,141.0,141.66666666666669,0.004716981132075605,112.66712626353788,1,132.56,141.85653698965308,123.26346301034692
2011-06-03 00:00:00+05:30,140.0,140.0,135.0,138.0,5757,140.33333333333334,140.5,140.16666666666669,0.002375296912113879,112.66712626353788,1,132.6,141.98083151964622,123.21916848035379
2011-06-06 00:00:00+05:30,138.0,138.0,135.0,135.0,2937,137.66666666666666,137.5,137.83333333333331,0.0024213075060531314,112.66712626353788,1,132.64,142.0528422912523,123.22715770874768
2011-06-07 00:00:00+05:30,135.0,142.0,135.0,140.0,6567,136.0,136.5,135.5,0.007352941176470588,112.66712626353788,1,132.92,142.76552690311632,123.07447309688366
2011-06-08 00:00:00+05:30,137.0,140.0,137.0,139.0,18837,139.0,138.5,139.5,0.007194244604316547,112.66712626353788,1,133.04,143.10347852384984,122.97652147615014
2011-06-09 00:00:00+05:30,140.0,140.0,138.0,139.0,1047,138.66666666666666,138.5,138.83333333333331,0.0024038461538460174,112.66712626353788,1,133.2,143.50727898137944,122.89272101862053
2011-06-10 00:00:00+05:30,139.0,139.0,138.0,138.0,1362,139.0,139.0,139.0,0.0,112.66712626353788,1,133.28,143.70335838393686,122.85664161606314
2011-06-13 00:00:00+05:30,137.0,139.0,137.0,137.0,7152,138.33333333333334,138.5,138.16666666666669,0.00240963855421673,112.66712626353788,1,133.36,143.86531294155424,122.85468705844579
2011-06-14 00:00:00+05:30,138.0,152.0,138.0,145.0,48687,137.66666666666666,138.0,137.33333333333331,0.004842615012106676,115.40943016295134,1,133.92,145.31712244384454,122.52287755615542
2011-06-15 00:00:00+05:30,145.0,155.0,143.0,151.0,21867,145.0,145.0,145.0,0.0,117.23305295643328,1,134.72,147.859497707294,121.58050229270602
2011-06-16 00:00:00+05:30,150.0,153.0,147.0,152.0,5787,149.66666666666666,149.0,150.33333333333331,0.008908685968819474,117.82373083817595,1,135.6,150.22053350599703,120.97946649400295
2011-06-17 00:00:00+05:30,159.0,159.0,150.0,153.0,6597,150.66666666666666,150.0,151.33333333333331,0.008849557522123769,121.09078160464891,1,136.48,152.47119757866747,120.48880242133251
2011-06-20 00:00:00+05:30,153.0,161.0,153.0,160.0,51597,154.0,154.5,153.5,0.006493506493506494,122.68715034046295,1,137.72,155.86184114140508,119.57815885859492
2011-06-21 00:00:00+05:30,160.0,161.0,157.0,160.0,17532,158.0,157.0,159.0,0.012658227848101266,124.93966432684445,1,138.96,158.71433117065664,119.20566882934338
2011-06-22 00:00:00+05:30,160.0,160.0,157.0,158.0,5952,159.33333333333334,159.0,159.66666666666669,0.00418410041841016,124.96207775377067,1,140.16,160.73322531835913,119.58677468164086
2011-06-23 00:00:00+05:30,159.0,160.0,158.0,160.0,19182,158.33333333333334,158.5,158.16666666666669,0.002105263157894617,126.24359464361984,1,141.44,162.79475591056877,120.08524408943124
2011-06-24 00:00:00+05:30,160.0,190.0,160.0,181.0,237297,159.33333333333334,159.0,159.66666666666669,0.00418410041841016,135.15385085787506,1,143.56,169.2416198866031,117.8783801133969
2011-06-27 00:00:00+05:30,181.0,183.0,173.0,178.0,37827,177.0,175.0,179.0,0.022598870056497175,136.94769682356005,1,145.56,173.74839477515462,117.37160522484538
2011-06-28 00:00:00+05:30,183.0,183.0,174.0,177.0,10497,178.0,178.0,178.0,0.0,136.94769682356005,1,147.52,177.31997315434967,117.72002684565035
2011-06-29 00:00:00+05:30,175.0,181.0,175.0,180.0,16152,178.0,178.5,177.5,0.0056179775280898875,136.94769682356005,1,149.68,180.72948308748403,118.63051691251599
2011-06-30 00:00:00+05:30,185.0,196.0,180.0,189.0,88122,178.66666666666666,178.0,179.33333333333331,0.007462686567164073,143.26431749688922,1,152.08,185.54601858602175,118.61398141397828
2011-07-01 00:00:00+05:30,192.0,200.0,192.0,196.0,161247,188.33333333333334,188.0,188.66666666666669,0.003539823008849658,149.97374479701367,1,154.76,191.01809702673245,118.50190297326752
2011-07-04 00:00:00+05:30,200.0,200.0,188.0,190.0,38712,196.0,196.0,196.0,0.0,149.97374479701367,1,156.76,195.0025103778497,118.5174896221503
2011-07-05 00:00:00+05:30,192.0,195.0,189.0,192.0,19572,192.66666666666666,194.0,191.33333333333331,0.013840830449827089,149.97374479701367,1,158.8,198.85995506737294,118.74004493262709
2011-07-06 00:00:00+05:30,191.0,195.0,191.0,194.0,17832,192.0,192.0,192.0,0.0,149.97374479701367,1,160.88,202.60028763083895,119.15971236916104
2011-07-07 00:00:00+05:30,193.0,205.0,192.0,203.0,109032,193.33333333333334,193.0,193.66666666666669,0.0034482758620690635,150.17155751366144,1,163.4,207.32356998241298,119.47643001758703
2011-07-08 00:00:00+05:30,201.0,206.0,200.0,202.0,30282,200.0,198.5,201.5,0.015,154.924695213115,1,165.96,211.10680055109026,120.81319944890974
2011-07-11 00:00:00+05:30,200.0,213.0,200.0,210.0,48612,202.66666666666666,203.0,202.33333333333331,0.00328947368421062,156.7077074045904,1,168.96,215.42712386192972,122.49287613807029
2011-07-12 00:00:00+05:30,210.0,217.0,200.0,201.0,54072,207.66666666666666,206.5,208.83333333333331,0.011235955056179685,156.7077074045904,1,171.4,217.9342884333683,124.86571156663172
2011-07-13 00:00:00+05:30,208.0,208.0,196.0,200.0,38397,206.0,208.5,203.5,0.024271844660194174,156.7077074045904,1,173.84,219.71523950891057,127.96476049108944
2011-07-14 00:00:00+05:30,201.0,204.0,192.0,194.0,25932,201.33333333333334,202.0,200.66666666666669,0.006622516556291296,156.7077074045904,1,176.04,220.26661642043064,131.81338357956935
2011-07-15 00:00:00+05:30,193.0,199.0,193.0,197.0,34677,196.66666666666666,198.0,195.33333333333331,0.013559322033898402,156.7077074045904,1,178.4,220.5008313457098,136.2991686542902
2011-07-18 00:00:00+05:30,200.0,219.0,197.0,217.0,170322,196.33333333333334,196.0,196.66666666666669,0.0033955857385399944,156.7077074045904,1,181.6,222.77863523721848,140.4213647627815
2011-07-19 00:00:00+05:30,219.0,221.0,213.0,216.0,72912,211.0,208.0,214.0,0.02843601895734597,158.61511566194466,1,184.44,224.9174702766846,143.96252972331538
2011-07-20 00:00:00+05:30,215.0,219.0,208.0,211.0,11772,216.66666666666666,217.0,216.33333333333331,0.0030769230769231645,158.61511566194466,1,186.84,226.20162598267353,147.47837401732647
2011-07-21 00:00:00+05:30,213.0,215.0,207.0,208.0,9717,212.66666666666666,213.5,211.83333333333331,0.007836990595611375,158.61511566194466,1,189.08,226.58592486527797,151.57407513472205
2011-07-22 00:00:00+05:30,208.0,218.0,208.0,213.0,41172,210.0,211.0,209.0,0.009523809523809525,158.61511566194466,1,191.48,227.07379721243393,155.88620278756605
2011-07-25 00:00:00+05:30,214.0,218.0,210.0,210.0,24297,213.0,213.0,213.0,0.0,158.61511566194466,1,193.48,227.3509078709128,159.60909212908717
2011-07-26 00:00:00+05:30,210.0,212.0,207.0,207.0,18627,212.66666666666666,214.0,211.33333333333331,0.012539184952978146,158.61511566194466,1,195.36,226.71285632920646,164.00714367079357
2011-07-27 00:00:00+05:30,207.0,208.0,203.0,204.0,22152,208.66666666666666,209.5,207.83333333333331,0.007987220447284437,158.61511566194466,1,197.2,224.7332526229622,169.66674737703778
2011-07-28 00:00:00+05:30,207.0,207.0,200.0,201.0,15207,205.0,205.5,204.5,0.004878048780487805,158.61511566194466,1,198.84,221.82298501065196,175.85701498934804
2011-07-29 00:00:00+05:30,202.0,204.0,197.0,200.0,34542,202.66666666666666,203.5,201.83333333333331,0.008223684210526409,158.61511566194466,1,199.6,221.3990825494985,177.8009174505015
2011-10-31 00:00:00+05:30,240.0,240.0,229.0,232.0,17082,200.33333333333334,200.5,200.16666666666669,0.001663893510815213,168.82755226161112,1,201.76,225.20887204109923,178.31112795890076
2011-11-01 00:00:00+05:30,230.0,231.0,225.0,228.0,13287,233.66666666666666,234.5,232.83333333333331,0.0071326676176890974,168.82755226161112,1,203.8,227.15123123091888,180.44876876908114
2011-11-02 00:00:00+05:30,225.0,228.0,224.0,227.0,8547,228.0,228.0,228.0,0.0,168.82755226161112,1,205.68,228.6284291401359,182.73157085986412
2011-11-03 00:00:00+05:30,229.0,232.0,228.0,230.0,3807,226.33333333333334,226.0,226.66666666666669,0.002945508100147359,168.82755226161112,1,207.32,231.11055274683278,183.5294472531672
2011-11-04 00:00:00+05:30,232.0,240.0,218.0,224.0,128502,230.0,230.0,230.0,0.0,168.82755226161112,1,208.44,232.6264755596972,184.25352444030278
2011-11-08 00:00:00+05:30,225.0,228.0,220.0,221.0,17967,227.33333333333334,229.0,225.66666666666669,0.014662756598240385,168.82755226161112,1,209.68,233.12505065040014,186.23494934959987
2011-11-09 00:00:00+05:30,223.0,227.0,220.0,221.0,10167,223.0,224.0,222.0,0.008968609865470852,168.82755226161112,1,210.84,233.52871084922688,188.15128915077312
2011-11-11 00:00:00+05:30,221.0,226.0,218.0,220.0,17037,222.66666666666666,223.5,221.83333333333331,0.0074850299401198455,168.82755226161112,1,211.88,233.75469771219304,190.00530228780696
2011-11-14 00:00:00+05:30,217.0,220.0,210.0,211.0,14157,221.33333333333334,222.0,220.66666666666669,0.006024096385542083,168.82755226161112,1,212.2,233.77776633481375,190.62223366518623
2011-11-15 00:00:00+05:30,208.0,216.0,203.0,205.0,9717,213.66666666666666,215.0,212.33333333333331,0.012480499219968888,168.82755226161112,1,212.32,233.70201113085068,190.9379888691493
2011-11-16 00:00:00+05:30,203.0,211.0,196.0,200.0,32052,208.0,209.5,206.5,0.014423076923076924,168.82755226161112,1,211.92,233.8283180550179,190.0116819449821
2011-11-17 00:00:00+05:30,198.0,208.0,198.0,200.0,14607,202.33333333333334,203.5,201.16666666666669,0.011532125205930712,168.82755226161112,1,211.88,233.87141650735174,189.88858349264825
2011-11-18 00:00:00+05:30,198.0,205.0,197.0,203.0,13692,202.0,203.0,201.0,0.009900990099009901,168.82755226161112,1,212.0,233.76235281397265,190.23764718602735
2011-11-21 00:00:00+05:30,200.0,202.0,200.0,200.0,14727,201.66666666666666,201.0,202.33333333333331,0.0066115702479337905,168.82755226161112,1,212.24,233.3248191834747,191.15518081652533
2011-11-22 00:00:00+05:30,200.0,201.0,199.0,200.0,48282,200.66666666666666,201.0,200.33333333333331,0.003322259136212719,168.82755226161112,1,212.36,233.12828351115763,191.5917164888424
2011-11-23 00:00:00+05:30,200.0,200.0,193.0,195.0,5112,200.0,200.0,200.0,0.0,168.82755226161112,1,211.48,233.2285263868572,189.73147361314278
2011-11-24 00:00:00+05:30,187.0,195.0,177.0,193.0,13062,196.0,196.5,195.5,0.00510204081632653,168.82755226161112,1,210.56,233.3851089811161,187.7348910188839
2011-11-25 00:00:00+05:30,187.0,200.0,187.0,195.0,22272,188.33333333333334,186.0,190.66666666666669,0.024778761061947003,168.82755226161112,1,209.92,233.54317506178683,186.29682493821315
2011-11-28 00:00:00+05:30,197.0,198.0,194.0,195.0,12267,194.0,193.5,194.5,0.005154639175257732,168.82755226161112,1,209.4,233.73105012118936,185.06894987881066
2011-11-29 00:00:00+05:30,195.0,197.0,193.0,193.0,3222,195.66666666666666,196.0,195.33333333333331,0.00340715502555376,168.82755226161112,1,208.6,233.70776772235698,183.492232277643
2011-11-30 00:00:00+05:30,189.0,192.0,188.0,190.0,5682,194.33333333333334,195.0,193.66666666666669,0.006861063464836952,168.82755226161112,1,207.8,233.93197275369454,181.66802724630548
2011-12-01 00:00:00+05:30,190.0,198.0,188.0,194.0,4167,190.0,190.0,190.0,0.0,168.82755226161112,1,207.28,233.96644599791875,180.59355400208125
2011-12-02 00:00:00+05:30,195.0,196.0,192.0,195.0,4842,193.33333333333334,193.0,193.66666666666669,0.0034482758620690635,168.82755226161112,1,206.92,234.0134383200035,179.82656167999647
2011-12-05 00:00:00+05:30,197.0,197.0,195.0,197.0,14652,194.33333333333334,194.0,194.66666666666669,0.0034305317324186224,168.82755226161112,1,206.76,234.03800579220987,179.4819942077901
2011-12-07 00:00:00+05:30,195.0,198.0,190.0,193.0,3987,196.33333333333334,196.0,196.66666666666669,0.0033955857385399944,168.82755226161112,1,206.48,234.17040266951415,178.78959733048583
2011-12-08 00:00:00+05:30,193.0,195.0,186.0,187.0,19107,193.66666666666666,194.0,193.33333333333331,0.0034423407917384802,168.82755226161112,1,204.68,231.331649104696,178.02835089530402
2011-12-09 00:00:00+05:30,187.0,193.0,187.0,191.0,1752,189.33333333333334,190.5,188.16666666666669,0.01232394366197173,168.82755226161112,1,203.2,228.58661064419283,177.81338935580715
2011-12-12 00:00:00+05:30,189.0,189.0,182.0,184.0,12582,190.33333333333334,190.0,190.66666666666669,0.00350262697022777,168.82755226161112,1,201.48,225.9952687115571,176.9647312884429
2011-12-13 00:00:00+05:30,180.0,189.0,180.0,189.0,7377,185.0,185.5,184.5,0.005405405405405406,168.82755226161112,1,199.84,221.86311512933298,177.81688487066702
2011-12-14 00:00:00+05:30,185.0,189.0,185.0,186.0,46677,186.0,184.5,187.5,0.016129032258064516,168.82755226161112,1,198.32,218.64314936223857,177.9968506377614
2011-12-15 00:00:00+05:30,183.0,183.0,176.0,181.0,6432,186.66666666666666,187.0,186.33333333333331,0.0035714285714286732,168.82755226161112,1,196.72,215.91599958324292,177.52400041675708
2011-12-16 00:00:00+05:30,182.0,185.0,178.0,178.0,3762,180.0,179.5,180.5,0.005555555555555556,168.82755226161112,1,195.0,212.84376641855263,177.15623358144737
2011-12-19 00:00:00+05:30,178.0,180.0,167.0,174.0,4482,180.33333333333334,181.5,179.16666666666669,0.01293900184842873,168.82755226161112,1,193.16,209.75571028910397,176.56428971089602
2011-12-20 00:00:00+05:30,174.0,180.0,154.0,160.0,27522,173.66666666666666,173.5,173.83333333333331,0.0019193857965449966,230.98229602369642,-1,191.12,210.71036497873067,171.52963502126934
2011-12-21 00:00:00+05:30,161.0,168.0,160.0,161.0,18147,164.66666666666666,167.0,162.33333333333331,0.028340080971660037,227.66300418274858,-1,189.36,211.39909254029942,167.3209074597006
2011-12-22 00:00:00+05:30,161.0,163.0,159.0,160.0,6432,163.0,164.0,162.0,0.012269938650306749,223.23648401543863,-1,187.76,212.15855733439756,163.36144266560242
2011-12-23 00:00:00+05:30,159.0,163.0,157.0,162.0,1857,160.66666666666666,161.0,160.33333333333331,0.004149377593361114,221.42702465482108,-1,186.24,212.09052417263314,160.38947582736688
2011-12-26 00:00:00+05:30,163.0,166.0,160.0,163.0,3327,160.66666666666666,160.0,161.33333333333331,0.008298755186721874,221.42702465482108,-1,184.64,211.08771445701674,158.19228554298323
2011-12-27 00:00:00+05:30,166.0,177.0,163.0,174.0,10122,163.0,163.0,163.0,0.0,221.42702465482108,-1,183.6,209.59076759158714,157.60923240841285
2011-12-28 00:00:00+05:30,175.0,175.0,172.0,172.0,1947,171.33333333333334,170.0,172.66666666666669,0.01556420233463046,221.42702465482108,-1,182.48,207.95544700294576,157.00455299705422
2011-12-29 00:00:00+05:30,170.0,173.0,169.0,169.0,2832,173.0,173.5,172.5,0.005780346820809248,221.42702465482108,-1,181.44,206.90891438597063,155.97108561402936
2011-12-30 00:00:00+05:30,167.0,173.0,163.0,168.0,5262,170.33333333333334,171.0,169.66666666666669,0.007827788649706346,221.42702465482108,-1,180.44,205.97792473949096,154.90207526050904
2012-01-02 00:00:00+05:30,165.0,166.0,165.0,165.0,702,168.0,168.0,168.0,0.0,221.42702465482108,-1,179.24,204.74783409072415,153.73216590927586
2012-01-03 00:00:00+05:30,165.0,170.0,165.0,166.0,1902,165.33333333333334,165.5,165.16666666666669,0.00201612903225795,221.42702465482108,-1,178.08,203.25090383756435,152.90909616243567
2012-01-04 00:00:00+05:30,169.0,169.0,163.0,165.0,1257,167.0,167.5,166.5,0.005988023952095809,221.42702465482108,-1,176.96,201.8660956394196,152.05390436058042
2012-01-05 00:00:00+05:30,164.0,169.0,164.0,167.0,3702,165.66666666666666,166.0,165.33333333333331,0.004024144869215407,221.42702465482108,-1,176.04,200.6488114300532,151.43118856994678
2012-01-06 00:00:00+05:30,167.0,167.0,163.0,165.0,987,166.66666666666666,166.5,166.83333333333331,0.0019999999999998864,219.58531265473175,-1,174.88,198.7148987830853,151.0451012169147
2012-01-09 00:00:00+05:30,169.0,171.0,168.0,169.0,4782,165.0,165.0,165.0,0.0,219.58531265473175,-1,173.84,196.30191443310042,151.37808556689959
2012-01-10 00:00:00+05:30,168.0,173.0,168.0,173.0,11052,169.33333333333334,169.5,169.16666666666669,0.001968503937007762,219.58531265473175,-1,172.88,193.25504355823387,152.50495644176613
2012-01-11 00:00:00+05:30,170.0,173.0,170.0,173.0,2367,171.33333333333334,170.5,172.16666666666669,0.009727626459144078,219.58531265473175,-1,172.08,190.72978284055688,153.43021715944315
2012-01-12 00:00:00+05:30,173.0,173.0,169.0,171.0,9402,172.0,171.5,172.5,0.005813953488372093,219.58531265473175,-1,171.44,189.06797776263437,153.81202223736562
2012-01-13 00:00:00+05:30,168.0,177.0,168.0,175.0,65622,171.0,171.0,171.0,0.0,219.58531265473175,-1,170.8,186.60885827629352,154.9911417237065
2012-01-16 00:00:00+05:30,175.0,181.0,173.0,179.0,8217,173.33333333333334,172.5,174.16666666666669,0.009615384615384723,219.58531265473175,-1,170.6,185.85254077194796,155.34745922805203
2012-01-17 00:00:00+05:30,179.0,191.0,179.0,187.0,15942,177.66666666666666,177.0,178.33333333333331,0.007504690431519594,219.58531265473175,-1,170.52,185.40215038225105,155.63784961774897
2012-01-18 00:00:00+05:30,185.0,193.0,185.0,193.0,22827,185.66666666666666,185.0,186.33333333333331,0.007181328545780867,219.58531265473175,-1,170.8,187.03822650414554,154.56177349585448
2012-01-19 00:00:00+05:30,195.0,198.0,190.0,197.0,10212,190.33333333333334,189.0,191.66666666666669,0.014010507880910782,219.58531265473175,-1,171.44,190.28742953296103,152.59257046703897
2012-01-20 00:00:00+05:30,191.0,200.0,191.0,198.0,8547,195.0,194.0,196.0,0.010256410256410256,219.58531265473175,-1,172.24,193.65610608864108,150.82389391135894
2012-01-23 00:00:00+05:30,200.0,201.0,195.0,198.0,73122,196.33333333333334,195.5,197.16666666666669,0.008488964346349841,219.58531265473175,-1,173.2,196.87783773911642,149.52216226088356
2012-01-24 00:00:00+05:30,198.0,198.0,191.0,193.0,1962,198.0,198.0,198.0,0.0,219.58531265473175,-1,174.52,198.77939817884857,150.26060182115145
2012-01-25 00:00:00+05:30,197.0,201.0,191.0,193.0,3492,194.0,194.5,193.5,0.005154639175257732,219.58531265473175,-1,175.8,200.4446748811973,151.15532511880272
2012-01-27 00:00:00+05:30,193.0,199.0,191.0,192.0,7767,195.0,196.0,194.0,0.010256410256410256,219.58531265473175,-1,177.08,201.6330934914506,152.52690650854942
2012-01-30 00:00:00+05:30,192.0,195.0,192.0,192.0,2337,194.0,195.0,193.0,0.010309278350515464,219.58531265473175,-1,178.28,202.699795248935,153.860204751065
2012-01-31 00:00:00+05:30,187.0,194.0,184.0,193.0,2397,193.0,193.5,192.5,0.0051813471502590676,219.58531265473175,-1,179.48,203.72620382657675,155.23379617342323
2012-02-01 00:00:00+05:30,192.0,220.0,192.0,211.0,45732,190.33333333333334,189.0,191.66666666666669,0.014010507880910782,219.58531265473175,-1,180.96,208.03902509323223,153.8809749067678
2012-02-02 00:00:00+05:30,212.0,213.0,203.0,206.0,29997,207.66666666666666,206.0,209.33333333333331,0.016051364365971016,219.58531265473175,-1,182.32,210.83929872910437,153.80070127089562
2012-02-03 00:00:00+05:30,206.0,206.0,197.0,200.0,5262,207.33333333333334,208.0,206.66666666666669,0.00643086816720248,219.58531265473175,-1,183.56,212.34933135729088,154.77066864270913
2012-02-06 00:00:00+05:30,203.0,203.0,194.0,196.0,9117,201.0,201.5,200.5,0.004975124378109453,219.58531265473175,-1,184.68,213.13751921724534,156.22248078275467
2012-02-07 00:00:00+05:30,192.0,200.0,182.0,192.0,7152,197.66666666666666,198.5,196.83333333333331,0.008431703204047314,219.58531265473175,-1,185.76,213.17841716802565,158.34158283197434
2012-02-08 00:00:00+05:30,187.0,198.0,187.0,193.0,2622,191.33333333333334,191.0,191.66666666666669,0.003484320557491388,219.58531265473175,-1,186.84,213.1652274444093,160.5147725555907
2012-02-09 00:00:00+05:30,192.0,195.0,192.0,194.0,2157,192.66666666666666,192.5,192.83333333333331,0.0017301038062282755,219.58531265473175,-1,188.0,212.890158697764,163.109841302236
2012-02-10 00:00:00+05:30,193.0,198.0,193.0,195.0,417,193.66666666666666,193.5,193.83333333333331,0.0017211703958690933,219.58531265473175,-1,189.12,212.61004895694927,165.62995104305074
2012-02-13 00:00:00+05:30,198.0,199.0,194.0,195.0,2067,195.33333333333334,195.5,195.16666666666669,0.0017064846416381281,219.58531265473175,-1,190.32,211.73192191280054,168.90807808719944
2012-02-14 00:00:00+05:30,195.0,196.0,192.0,192.0,2262,196.0,196.5,195.5,0.00510204081632653,219.58531265473175,-1,191.24,210.80552069329784,171.67447930670218
2012-02-15 00:00:00+05:30,197.0,200.0,187.0,191.0,6807,193.33333333333334,194.0,192.66666666666669,0.006896551724137833,219.58531265473175,-1,191.96,210.0573368206447,173.8626631793553
2012-02-16 00:00:00+05:30,200.0,200.0,190.0,193.0,15312,192.66666666666666,193.5,191.83333333333331,0.008650519031141968,219.58531265473175,-1,192.76,209.1187774604296,176.40122253957037
2012-02-17 00:00:00+05:30,201.0,201.0,189.0,192.0,8442,194.33333333333334,195.0,193.66666666666669,0.006861063464836952,219.58531265473175,-1,193.6,207.35209075013165,179.84790924986834
2012-02-21 00:00:00+05:30,190.0,193.0,190.0,191.0,8907,194.0,195.0,193.0,0.010309278350515464,219.58531265473175,-1,194.24,205.78164632969902,182.698353670301
2012-02-22 00:00:00+05:30,198.0,198.0,188.0,192.0,59127,191.33333333333334,191.5,191.16666666666669,0.0017421602787455455,219.58531265473175,-1,194.76,204.54619435735123,184.97380564264876
2012-02-23 00:00:00+05:30,193.0,194.0,181.0,188.0,100872,192.66666666666666,193.0,192.33333333333331,0.003460207612456846,219.58531265473175,-1,194.8,204.46643677886806,185.13356322113196
2012-02-24 00:00:00+05:30,190.0,192.0,187.0,188.0,3087,187.66666666666666,187.5,187.83333333333331,0.0017761989342805385,219.58531265473175,-1,194.6,204.60799680255013,184.59200319744986
2012-02-27 00:00:00+05:30,187.0,192.0,187.0,187.0,6912,189.0,189.5,188.5,0.005291005291005291,219.58531265473175,-1,194.2,204.58460398859074,183.81539601140923
2012-02-28 00:00:00+05:30,191.0,191.0,187.0,187.0,1677,188.66666666666666,189.5,187.83333333333331,0.0088339222614842,219.58531265473175,-1,193.76,204.3924785445284,183.1275214554716
2012-02-29 00:00:00+05:30,190.0,190.0,183.0,185.0,19707,188.33333333333334,189.0,187.66666666666669,0.007079646017699014,219.58531265473175,-1,193.24,204.25678719045888,182.22321280954114
2012-03-01 00:00:00+05:30,187.0,187.0,178.0,180.0,15072,186.0,186.5,185.5,0.005376344086021506,219.58531265473175,-1,192.72,204.8989326297447,180.5410673702553
2012-03-02 00:00:00+05:30,181.0,185.0,179.0,183.0,16482,181.66666666666666,182.5,180.83333333333331,0.00917431192660561,219.58531265473175,-1,192.32,205.07893412475593,179.56106587524405
2012-03-05 00:00:00+05:30,183.0,192.0,183.0,185.0,11532,182.33333333333334,182.0,182.66666666666669,0.0036563071297990067,219.58531265473175,-1,192.04,205.11798149562318,178.9620185043768
2012-03-06 00:00:00+05:30,213.0,213.0,180.0,181.0,39267,186.66666666666666,187.5,185.83333333333331,0.00892857142857153,219.58531265473175,-1,191.6,205.3753402861731,177.8246597138269
2012-03-07 00:00:00+05:30,210.0,210.0,181.0,183.0,8322,191.33333333333334,196.5,186.16666666666669,0.05400696864111488,219.58531265473175,-1,191.2,205.36474496769586,177.03525503230412
2012-03-09 00:00:00+05:30,193.0,193.0,185.0,187.0,5937,191.33333333333334,195.5,187.16666666666669,0.043554006968641014,219.58531265473175,-1,190.24,201.94681852596463,178.5331814740354
2012-03-12 00:00:00+05:30,192.0,192.0,187.0,187.0,5472,188.33333333333334,189.0,187.66666666666669,0.007079646017699014,219.58531265473175,-1,189.48,199.31251748027282,179.64748251972716
2012-03-13 00:00:00+05:30,189.0,195.0,187.0,193.0,67557,188.66666666666666,189.5,187.83333333333331,0.0088339222614842,219.58531265473175,-1,189.2,198.17997772825032,180.22002227174966
2012-03-14 00:00:00+05:30,195.0,199.0,194.0,197.0,34527,191.66666666666666,191.0,192.33333333333331,0.006956521739130336,219.58531265473175,-1,189.24,198.34876500958674,180.13123499041328
2012-03-15 00:00:00+05:30,197.0,201.0,194.0,200.0,153072,196.66666666666666,196.5,196.83333333333331,0.0016949152542371918,219.58531265473175,-1,189.56,199.55327774055493,179.56672225944507
2012-03-16 00:00:00+05:30,197.0,215.0,190.0,206.0,75552,198.33333333333334,197.5,199.16666666666669,0.00840336134453791,219.58531265473175,-1,190.08,201.9178376403746,178.24216235962544
2012-03-19 00:00:00+05:30,234.0,234.0,204.0,214.0,40257,203.66666666666666,202.5,204.83333333333331,0.011456628477904981,219.58531265473175,-1,190.88,205.93531135512865,175.82468864487134
2012-03-20 00:00:00+05:30,219.0,219.0,209.0,212.0,18582,217.33333333333334,219.0,215.66666666666669,0.015337423312883347,219.58531265473175,-1,191.56,208.6908376911307,174.4291623088693
2012-03-21 00:00:00+05:30,213.0,217.0,207.0,208.0,13737,213.33333333333334,214.0,212.66666666666669,0.006249999999999911,219.58531265473175,-1,192.08,210.3483989446219,173.81160105537813
2012-03-22 00:00:00+05:30,208.0,210.0,204.0,206.0,17502,210.66666666666666,212.0,209.33333333333331,0.012658227848101356,219.58531265473175,-1,192.64,211.70519341627195,173.57480658372802
2012-03-23 00:00:00+05:30,208.0,210.0,207.0,207.0,8982,206.66666666666666,207.0,206.33333333333331,0.003225806451612995,219.58531265473175,-1,193.28,213.1396676709319,173.4203323290681
2012-03-26 00:00:00+05:30,207.0,210.0,204.0,207.0,16212,208.0,208.5,207.5,0.004807692307692308,219.58531265473175,-1,193.84,214.4132253183563,173.2667746816437
2012-03-27 00:00:00+05:30,207.0,212.0,205.0,206.0,158937,207.0,207.0,207.0,0.0,219.58531265473175,-1,194.4,215.49786719078148,173.30213280921853
2012-03-28 00:00:00+05:30,207.0,210.0,207.0,208.0,2712,207.66666666666666,208.5,206.83333333333331,0.008025682182985645,219.58531265473175,-1,195.08,216.78286617015945,173.37713382984057
2012-03-29 00:00:00+05:30,207.0,218.0,207.0,215.0,45717,208.33333333333334,208.5,208.16666666666669,0.001599999999999909,219.58531265473175,-1,196.0,219.01303978182472,172.98696021817528
2012-03-30 00:00:00+05:30,210.0,219.0,207.0,213.0,263832,213.33333333333334,212.5,214.16666666666669,0.007812500000000088,219.58531265473175,-1,197.0,220.6981011897545,173.3018988102455
2012-04-02 00:00:00+05:30,219.0,219.0,209.0,211.0,4887,213.0,213.0,213.0,0.0,219.58531265473175,-1,197.92,221.93279658848257,173.9072034115174
2012-04-03 00:00:00+05:30,211.0,220.0,211.0,218.0,22347,213.0,214.0,212.0,0.009389671361502348,219.58531265473175,-1,199.16,223.97728429945218,174.3427157005478
2012-04-04 00:00:00+05:30,213.0,221.0,213.0,221.0,6822,216.33333333333334,215.5,217.16666666666669,0.0077041602465332155,148.33695142538392,1,200.52,226.23300060280462,174.8069993971954
2012-04-09 00:00:00+05:30,217.0,222.0,217.0,220.0,2802,218.33333333333334,217.0,219.66666666666669,0.012213740458015354,152.1834733683686,1,201.92,227.91027510435055,175.92972489564943
2012-04-10 00:00:00+05:30,222.0,226.0,220.0,224.0,22167,219.66666666666666,219.5,219.83333333333331,0.001517450682852721,156.69613443363386,1,203.68,229.45266769272865,177.90733230727136
2012-04-11 00:00:00+05:30,223.0,239.0,220.0,236.0,46857,223.33333333333334,223.0,223.66666666666669,0.0029850746268657562,160.5282890562885,1,205.8,233.09395537476772,178.5060446252323
2012-04-12 00:00:00+05:30,233.0,252.0,233.0,250.0,79212,231.66666666666666,229.5,233.83333333333331,0.01870503597122294,170.96715749403694,1,208.4,239.40451580011856,177.39548419988145
2012-04-13 00:00:00+05:30,243.0,252.0,243.0,247.0,236397,245.0,242.5,247.5,0.02040816326530612,176.30847119427546,1,211.04,243.4695174185462,178.6104825814538
2012-04-16 00:00:00+05:30,252.0,252.0,243.0,249.0,6282,247.33333333333334,247.5,247.16666666666669,0.0013477088948786295,176.63613234650444,1,213.68,247.27390420894514,180.08609579105487
2012-04-17 00:00:00+05:30,252.0,253.0,243.0,252.0,19347,248.0,247.5,248.5,0.004032258064516129,177.17068705264427,1,216.28,251.24521700204036,181.31478299795964
2012-04-18 00:00:00+05:30,248.0,263.0,248.0,257.0,617157,249.33333333333334,248.0,250.66666666666669,0.010695187165775477,183.30385957053852,1,219.08,255.4026430756321,182.7573569243679
2012-04-19 00:00:00+05:30,257.0,260.0,252.0,256.0,14727,256.0,255.5,256.5,0.00390625,184.45170518771695,1,221.6,259.0593112590148,184.14068874098518
2012-04-20 00:00:00+05:30,251.0,255.0,247.0,249.0,9102,256.0,256.0,256.0,0.0,184.45170518771695,1,223.68,261.2191848606193,186.14081513938072
2012-04-23 00:00:00+05:30,267.0,267.0,227.0,236.0,19062,250.33333333333334,251.0,249.66666666666669,0.005326231691078486,184.45170518771695,1,225.12,261.6639789842286,188.57602101577137
2012-04-24 00:00:00+05:30,233.0,243.0,229.0,235.0,10197,243.33333333333334,247.0,239.66666666666669,0.030136986301369784,184.45170518771695,1,226.28,262.15765878648915,190.40234121351088
2012-04-25 00:00:00+05:30,235.0,238.0,233.0,233.0,4992,235.66666666666666,236.0,235.33333333333331,0.002828854314002909,184.45170518771695,1,227.04,262.6488977644596,191.43110223554038
2012-04-26 00:00:00+05:30,232.0,234.0,230.0,231.0,3402,234.66666666666666,235.5,233.83333333333331,0.007102272727272809,184.45170518771695,1,227.8,262.89985754956473,192.7001424504353
2012-07-26 00:00:00+05:30,223.0,223.0,212.0,214.0,7092,231.66666666666666,232.0,231.33333333333331,0.0028776978417267007,184.45170518771695,1,228.04,262.67399486053745,193.40600513946254
2012-07-27 00:00:00+05:30,221.0,221.0,215.0,218.0,1527,216.33333333333334,217.5,215.16666666666669,0.010785824345146291,184.45170518771695,1,228.52,262.2394068749694,194.80059312503062
2012-07-30 00:00:00+05:30,215.0,219.0,209.0,215.0,5742,218.0,218.0,218.0,0.0,184.45170518771695,1,228.84,261.88145275256113,195.79854724743885
2012-07-31 00:00:00+05:30,215.0,218.0,212.0,215.0,2982,214.33333333333334,214.0,214.66666666666669,0.0031104199066874913,184.45170518771695,1,229.16,261.4966293852611,196.8233706147389
2012-08-01 00:00:00+05:30,214.0,214.0,208.0,210.0,11547,215.0,215.0,215.0,0.0,184.45170518771695,1,229.32,261.2334830440009,197.40651695599914
2012-08-02 00:00:00+05:30,210.0,211.0,206.0,210.0,5277,210.66666666666666,211.0,210.33333333333331,0.0031645569620254066,184.45170518771695,1,229.4,261.108673892166,197.69132610783402
2012-08-03 00:00:00+05:30,208.0,213.0,208.0,209.0,6087,209.0,208.5,209.5,0.004784688995215311,184.45170518771695,1,229.16,261.38759066389747,196.93240933610255
2012-08-06 00:00:00+05:30,212.0,215.0,211.0,212.0,8097,210.0,210.5,209.5,0.004761904761904762,184.45170518771695,1,229.12,261.43009749288495,196.80990250711505
2012-08-07 00:00:00+05:30,215.0,215.0,210.0,213.0,4002,212.66666666666666,213.0,212.33333333333331,0.0031347962382446033,184.45170518771695,1,229.2,261.3396950825569,197.06030491744312
2012-08-08 00:00:00+05:30,215.0,215.0,211.0,212.0,717,212.66666666666666,212.5,212.83333333333331,0.001567398119122168,184.45170518771695,1,228.96,261.51754290482825,196.40245709517177
2012-08-09 00:00:00+05:30,215.0,215.0,212.0,213.0,5022,212.66666666666666,213.0,212.33333333333331,0.0031347962382446033,184.45170518771695,1,228.64,261.65820104123986,195.62179895876014
2012-08-10 00:00:00+05:30,212.0,213.0,211.0,211.0,3252,213.33333333333334,213.5,213.16666666666669,0.0015624999999999112,184.45170518771695,1,228.28,261.8586598898725,194.7013401101275
2012-08-13 00:00:00+05:30,215.0,215.0,211.0,213.0,4962,211.66666666666666,212.0,211.33333333333331,0.003149606299212688,184.45170518771695,1,227.84,261.91605610982197,193.76394389017804
2012-08-14 00:00:00+05:30,214.0,217.0,213.0,214.0,4617,213.0,213.0,213.0,0.0,184.45170518771695,1,226.96,261.28307678515637,192.63692321484368
2012-08-16 00:00:00+05:30,214.0,214.0,209.0,211.0,15747,214.66666666666666,215.0,214.33333333333331,0.0031055900621118895,184.45170518771695,1,225.4,258.92849534350955,191.87150465649043
2012-08-17 00:00:00+05:30,207.0,219.0,207.0,217.0,16587,211.33333333333334,211.5,211.16666666666669,0.001577287066245967,184.45170518771695,1,224.2,256.68137928105494,191.718620718945
2012-08-21 00:00:00+05:30,215.0,223.0,210.0,217.0,12537,214.33333333333334,213.0,215.66666666666669,0.0124416796267497,184.45170518771695,1,222.92,253.87762264773818,191.9623773522618
2012-08-22 00:00:00+05:30,217.0,222.0,216.0,218.0,8712,216.66666666666666,216.5,216.83333333333331,0.001538461538461451,184.45170518771695,1,221.56,250.1877068589113,192.9322931410887
2012-08-23 00:00:00+05:30,220.0,225.0,219.0,223.0,15117,218.66666666666666,219.0,218.33333333333331,0.003048780487804965,184.45170518771695,1,220.2,244.92893042571313,195.47106957428684
2012-08-24 00:00:00+05:30,221.0,227.0,221.0,224.0,5712,222.33333333333334,222.0,222.66666666666669,0.0029985007496252723,184.45170518771695,1,218.92,238.9752835931025,198.8647164068975
2012-08-27 00:00:00+05:30,226.0,230.0,226.0,228.0,9357,224.0,224.0,224.0,0.0,184.45170518771695,1,218.08,234.44503589973974,201.7149641002603
2012-08-28 00:00:00+05:30,233.0,233.0,228.0,229.0,9162,228.0,228.0,228.0,0.0,184.45170518771695,1,217.8,233.13623161013717,202.46376838986285
2012-08-29 00:00:00+05:30,230.0,230.0,221.0,223.0,3762,230.0,230.5,229.5,0.004347826086956522,184.45170518771695,1,217.32,231.15005422982037,203.48994577017962
2012-08-30 00:00:00+05:30,220.0,226.0,217.0,217.0,5022,224.66666666666666,225.5,223.83333333333331,0.007418397626112844,184.45170518771695,1,216.68,228.94011419195493,204.41988580804508
2012-08-31 00:00:00+05:30,214.0,227.0,210.0,213.0,5742,220.0,221.5,218.5,0.013636363636363636,184.45170518771695,1,215.96,226.80405828091023,205.1159417190898
2012-09-03 00:00:00+05:30,215.0,219.0,211.0,212.0,2862,216.66666666666666,218.5,214.83333333333331,0.016923076923077013,184.45170518771695,1,215.88,226.8098856352561,204.95011436474388
2012-09-04 00:00:00+05:30,213.0,213.0,209.0,209.0,4602,214.0,215.0,213.0,0.009345794392523364,184.45170518771695,1,215.52,226.73598858771618,204.30401141228384
2012-09-05 00:00:00+05:30,208.0,211.0,208.0,210.0,5517,210.33333333333334,211.0,209.66666666666669,0.006339144215530813,184.45170518771695,1,215.32,226.74236402850917,203.8976359714908
2012-09-06 00:00:00+05:30,211.0,213.0,211.0,211.0,1077,209.66666666666666,209.5,209.83333333333331,0.0015898251192367936,184.45170518771695,1,215.16,226.70719013439117,203.61280986560882
2012-09-07 00:00:00+05:30,210.0,213.0,210.0,211.0,2232,211.66666666666666,212.0,211.33333333333331,0.003149606299212688,184.45170518771695,1,215.2,226.6821600755163,203.71783992448368
2012-09-10 00:00:00+05:30,211.0,212.0,211.0,211.0,327,211.33333333333334,211.5,211.16666666666669,0.001577287066245967,184.45170518771695,1,215.24,226.65619901717645,203.82380098282357
2012-09-11 00:00:00+05:30,211.0,219.0,209.0,211.0,7197,211.33333333333334,211.5,211.16666666666669,0.001577287066245967,184.45170518771695,1,215.32,226.58722681052353,204.05277318947645
2012-09-12 00:00:00+05:30,213.0,216.0,211.0,211.0,7362,213.0,214.0,212.0,0.009389671361502348,184.45170518771695,1,215.28,226.60106002103072,203.95893997896928
2012-09-13 00:00:00+05:30,212.0,220.0,212.0,216.0,9267,212.66666666666666,213.5,211.83333333333331,0.007836990595611375,184.45170518771695,1,215.4,226.68538878372294,204.11461121627707
2012-09-14 00:00:00+05:30,223.0,223.0,213.0,213.0,8487,216.0,216.0,216.0,0.0,184.45170518771695,1,215.44,226.6839139093013,204.19608609069869
2012-09-17 00:00:00+05:30,212.0,213.0,209.0,210.0,8067,216.33333333333334,218.0,214.66666666666669,0.015408320493066167,184.45170518771695,1,215.32,226.72834782077493,203.91165217922506
2012-09-18 00:00:00+05:30,210.0,211.0,209.0,209.0,4437,210.66666666666666,211.0,210.33333333333331,0.0031645569620254066,184.45170518771695,1,215.24,226.7955008545619,203.6844991454381
2012-09-20 00:00:00+05:30,209.0,213.0,209.0,210.0,7092,209.66666666666666,210.0,209.33333333333331,0.0031796502384738583,184.45170518771695,1,215.12,226.82736520314376,203.41263479685625
2012-09-21 00:00:00+05:30,213.0,213.0,210.0,213.0,7707,210.66666666666666,211.0,210.33333333333331,0.0031645569620254066,184.45170518771695,1,215.08,226.80921139718188,203.35078860281814
2012-09-24 00:00:00+05:30,212.0,216.0,212.0,212.0,37377,212.0,211.5,212.5,0.0047169811320754715,184.45170518771695,1,215.12,226.79999999999063,203.44000000000938
2012-09-25 00:00:00+05:30,212.0,215.0,212.0,213.0,2937,213.33333333333334,214.0,212.66666666666669,0.006249999999999911,184.45170518771695,1,214.96,226.6421915752046,203.2778084247954
2012-09-26 00:00:00+05:30,213.0,237.0,213.0,233.0,423807,213.33333333333334,213.5,213.16666666666669,0.0015624999999999112,184.45170518771695,1,215.6,229.2469776873775,201.9530223126225
2012-09-27 00:00:00+05:30,235.0,239.0,219.0,233.0,31452,227.66666666666666,225.0,230.33333333333331,0.023426061493411338,184.45170518771695,1,216.2,231.44204710659878,200.9579528934012
2012-09-28 00:00:00+05:30,233.0,235.0,231.0,233.0,25827,230.33333333333334,229.0,231.66666666666669,0.01157742402315493,184.45170518771695,1,216.6,233.01462762293968,200.1853723770603
2012-10-01 00:00:00+05:30,232.0,235.0,232.0,233.0,4782,233.0,233.0,233.0,0.0,184.45170518771695,1,216.96,234.37245531221183,199.5475446877882
2012-10-03 00:00:00+05:30,233.0,234.0,227.0,233.0,43542,233.33333333333334,233.5,233.16666666666669,0.0014285714285713473,184.45170518771695,1,217.16,235.17936735847772,199.14063264152227
2012-10-04 00:00:00+05:30,233.0,233.0,227.0,230.0,6657,231.33333333333334,230.5,232.16666666666669,0.007204610951008727,184.45170518771695,1,217.2,235.32843070979317,199.0715692902068
2012-10-05 00:00:00+05:30,234.0,234.0,225.0,226.0,3777,230.0,230.0,230.0,0.0,184.45170518771695,1,217.32,235.63912661672964,199.00087338327035
2012-10-08 00:00:00+05:30,220.0,227.0,220.0,225.0,3972,228.33333333333334,229.5,227.16666666666669,0.010218978102189698,184.45170518771695,1,217.64,236.20344795558654,199.07655204441343
2012-10-09 00:00:00+05:30,225.0,226.0,217.0,223.0,3897,224.0,223.5,224.5,0.004464285714285714,184.45170518771695,1,218.04,236.61723337851384,199.46276662148614
2012-10-10 00:00:00+05:30,226.0,227.0,222.0,225.0,2262,222.0,221.5,222.5,0.0045045045045045045,184.45170518771695,1,218.56,237.15961289919142,199.9603871008086
2012-10-11 00:00:00+05:30,226.0,227.0,223.0,226.0,2142,224.66666666666666,224.5,224.83333333333331,0.0014836795252224676,184.45170518771695,1,219.24,237.63373806488949,200.84626193511053
2012-10-12 00:00:00+05:30,227.0,231.0,224.0,230.0,4362,225.33333333333334,225.0,225.66666666666669,0.002958579881656889,184.45170518771695,1,220.04,238.49626181001344,201.58373818998655
2012-10-15 00:00:00+05:30,228.0,232.0,227.0,227.0,1107,228.33333333333334,227.5,229.16666666666669,0.007299270072992784,184.45170518771695,1,220.68,238.9466472019295,202.41335279807052
2012-10-16 00:00:00+05:30,227.0,229.0,227.0,228.0,2787,228.66666666666666,229.5,227.83333333333331,0.007288629737609412,184.45170518771695,1,221.36,239.39889131847508,203.32110868152495
2012-10-17 00:00:00+05:30,225.0,229.0,225.0,228.0,927,228.0,228.0,228.0,0.0,184.45170518771695,1,222.04,239.74405603243935,204.33594396756064
2012-10-18 00:00:00+05:30,231.0,231.0,227.0,227.0,4227,227.33333333333334,227.0,227.66666666666669,0.002932551319648177,184.45170518771695,1,222.68,239.89134509559756,205.46865490440246
2012-10-19 00:00:00+05:30,224.0,229.0,224.0,228.0,2007,228.33333333333334,229.0,227.66666666666669,0.005839416058394077,184.45170518771695,1,223.36,240.00576823098731,206.7142317690127
2012-10-22 00:00:00+05:30,231.0,253.0,227.0,233.0,10932,227.0,226.5,227.5,0.004405286343612335,187.4240767359406,1,224.04,240.81598283260158,207.2640171673984
2012-10-23 00:00:00+05:30,231.0,234.0,227.0,228.0,5322,237.66666666666666,240.0,235.33333333333331,0.019635343618513403,187.4240767359406,1,224.64,240.8573240702571,208.42267592974287
2012-10-25 00:00:00+05:30,232.0,233.0,224.0,227.0,3342,229.66666666666666,230.5,228.83333333333331,0.007256894049346962,187.4240767359406,1,225.32,240.4114015253633,210.2285984746367
2012-10-26 00:00:00+05:30,228.0,228.0,224.0,228.0,942,228.0,228.5,227.5,0.0043859649122807015,187.4240767359406,1,226.08,239.6437163048972,212.51628369510283
2012-10-29 00:00:00+05:30,227.0,228.0,224.0,224.0,1917,226.66666666666666,226.0,227.33333333333331,0.005882352941176387,187.4240767359406,1,226.64,238.55812065720644,214.72187934279353
2012-10-30 00:00:00+05:30,225.0,227.0,221.0,223.0,5682,225.33333333333334,226.0,224.66666666666669,0.005917159763313525,187.4240767359406,1,227.04,237.7055332731059,216.37446672689407
2012-10-31 00:00:00+05:30,223.0,225.0,220.0,221.0,4512,223.66666666666666,224.0,223.33333333333331,0.0029806259314456886,187.4240767359406,1,227.4,236.50384534137788,218.29615465862213
2012-11-01 00:00:00+05:30,219.0,225.0,219.0,221.0,1362,222.0,222.5,221.5,0.0045045045045045045,187.4240767359406,1,227.72,235.193044894802,220.246955105198
2012-11-02 00:00:00+05:30,221.0,225.0,220.0,223.0,3057,221.66666666666666,222.0,221.33333333333331,0.003007518796992567,187.4240767359406,1,227.32,234.68955900985452,219.95044099014547
2012-11-05 00:00:00+05:30,226.0,226.0,221.0,222.0,792,222.66666666666666,222.5,222.83333333333331,0.001497005988023867,187.4240767359406,1,226.88,234.1534036048971,219.60659639510288
2012-11-06 00:00:00+05:30,223.0,225.0,212.0,215.0,20817,223.0,223.5,222.5,0.004484304932735426,187.4240767359406,1,226.16,234.3708221269087,217.9491778730913
2012-11-07 00:00:00+05:30,220.0,222.0,213.0,216.0,43992,217.33333333333334,218.5,216.16666666666669,0.010736196319018317,187.4240767359406,1,225.48,234.11703652879484,216.84296347120514
2012-11-08 00:00:00+05:30,221.0,223.0,216.0,216.0,2742,217.0,217.5,216.5,0.004608294930875576,187.4240767359406,1,224.8,233.63628881373512,215.9637111862649
2012-11-09 00:00:00+05:30,215.0,223.0,210.0,218.0,17457,218.33333333333334,219.5,217.16666666666669,0.010687022900763272,187.4240767359406,1,224.32,233.2771424014438,215.3628575985562
2012-11-12 00:00:00+05:30,215.0,217.0,211.0,214.0,2922,217.0,216.5,217.5,0.004608294930875576,187.4240767359406,1,223.84,233.63273199877054,214.04726800122947
2012-11-13 00:00:00+05:30,211.0,219.0,210.0,217.0,552,214.0,214.0,214.0,0.0,187.4240767359406,1,223.52,233.65698179932008,213.38301820067994
2012-11-15 00:00:00+05:30,211.0,219.0,211.0,214.0,2517,215.33333333333334,214.5,216.16666666666669,0.007739938080495444,187.4240767359406,1,223.16,233.96266633751816,212.35733366248184
2012-11-16 00:00:00+05:30,214.0,217.0,212.0,213.0,2127,214.66666666666666,215.0,214.33333333333331,0.0031055900621118895,187.4240767359406,1,222.68,234.15825770749856,211.20174229250145
2012-11-19 00:00:00+05:30,213.0,213.0,210.0,211.0,5487,214.0,214.5,213.5,0.004672897196261682,187.4240767359406,1,222.08,234.34272400406016,209.81727599593987
2012-11-20 00:00:00+05:30,211.0,212.0,207.0,208.0,4482,211.33333333333334,211.5,211.16666666666669,0.001577287066245967,187.4240767359406,1,221.2,234.19846144740816,208.2015385525918
2012-11-21 00:00:00+05:30,206.0,213.0,206.0,209.0,717,209.0,209.5,208.5,0.004784688995215311,187.4240767359406,1,220.48,234.09317009369087,206.8668299063091
2012-11-22 00:00:00+05:30,211.0,215.0,211.0,214.0,89547,209.33333333333334,209.5,209.16666666666669,0.0015923566878979986,187.4240767359406,1,219.92,233.40089017831397,206.439109821686
2012-11-23 00:00:00+05:30,213.0,216.0,211.0,216.0,3147,213.33333333333334,213.0,213.66666666666669,0.0031250000000000886,187.4240767359406,1,219.44,232.58631507304477,206.29368492695522
2012-11-26 00:00:00+05:30,214.0,216.0,210.0,213.0,62262,214.33333333333334,213.5,215.16666666666669,0.007776049766718595,187.4240767359406,1,218.88,231.88239977849346,205.87760022150653
2012-11-27 00:00:00+05:30,220.0,220.0,213.0,213.0,1902,213.0,213.0,213.0,0.0,187.4240767359406,1,218.28,230.92303760967948,205.63696239032052
2012-11-29 00:00:00+05:30,209.0,213.0,174.0,211.0,8502,215.33333333333334,216.5,214.16666666666669,0.01083591331269341,187.4240767359406,1,217.4,228.82628548565867,205.97371451434134
2012-11-30 00:00:00+05:30,208.0,213.0,208.0,213.0,1527,199.33333333333334,193.5,205.16666666666669,0.05852842809364558,187.4240767359406,1,216.8,227.48831137269946,206.11168862730057
2012-12-03 00:00:00+05:30,209.0,215.0,209.0,213.0,7977,211.33333333333334,210.5,212.16666666666669,0.007886435331230374,187.4240767359406,1,216.24,226.17225050025317,206.30774949974685
2012-12-04 00:00:00+05:30,221.0,221.0,210.0,212.0,1902,212.33333333333334,212.0,212.66666666666669,0.0031397174254318002,187.4240767359406,1,215.6,224.41816307400708,206.7818369259929
2012-12-05 00:00:00+05:30,209.0,213.0,209.0,210.0,4257,214.33333333333334,215.5,213.16666666666669,0.010886469673405822,187.4240767359406,1,215.04,223.42054890802413,206.65945109197585
2012-12-06 00:00:00+05:30,217.0,217.0,209.0,211.0,2307,210.66666666666666,211.0,210.33333333333331,0.0031645569620254066,187.4240767359406,1,214.56,222.42038167010907,206.69961832989094
2012-12-07 00:00:00+05:30,209.0,235.0,209.0,233.0,670902,212.33333333333334,213.0,211.66666666666669,0.0062794348508633325,187.4240767359406,1,215.04,225.46274436028173,204.61725563971825
2012-12-10 00:00:00+05:30,240.0,244.0,227.0,227.0,7317,225.66666666666666,222.0,229.33333333333331,0.032496307237813805,187.4240767359406,1,215.28,226.48742610949472,204.07257389050528
2012-12-11 00:00:00+05:30,240.0,240.0,227.0,230.0,8097,232.66666666666666,235.5,229.83333333333331,0.024355300859598937,187.4240767359406,1,215.56,227.8248114539027,203.2951885460973
2012-12-12 00:00:00+05:30,233.0,233.0,227.0,227.0,2757,232.33333333333334,233.5,231.16666666666669,0.010043041606886575,187.4240767359406,1,215.76,228.58846834192536,202.93153165807462
2012-12-13 00:00:00+05:30,227.0,228.0,227.0,227.0,3417,229.0,230.0,228.0,0.008733624454148471,187.4240767359406,1,216.24,229.7961646493313,202.68383535066872
2012-12-14 00:00:00+05:30,230.0,233.0,220.0,227.0,2937,227.33333333333334,227.5,227.16666666666669,0.0014662756598239634,187.4240767359406,1,216.68,230.87543588621983,202.48456411378018
2012-12-17 00:00:00+05:30,227.0,229.0,227.0,228.0,1902,226.66666666666666,226.5,226.83333333333331,0.0014705882352940341,187.4240767359406,1,217.16,232.02666068758467,202.29333931241533
2012-12-18 00:00:00+05:30,227.0,229.0,227.0,227.0,6132,228.0,228.0,228.0,0.0,187.4240767359406,1,217.52,232.87833324289372,202.1616667571063
2012-12-19 00:00:00+05:30,227.0,228.0,227.0,227.0,11337,227.66666666666666,228.0,227.33333333333331,0.002928257686676511,187.4240767359406,1,218.04,233.7623916755617,202.31760832443828
2012-12-20 00:00:00+05:30,227.0,228.0,226.0,226.0,8607,227.33333333333334,227.5,227.16666666666669,0.0014662756598239634,187.4240767359406,1,218.4,234.41998751559348,202.38001248440654
2012-12-21 00:00:00+05:30,227.0,232.0,226.0,230.0,261987,226.66666666666666,227.0,226.33333333333331,0.002941176470588319,187.4240767359406,1,219.04,235.5758277688106,202.5041722311894
2012-12-24 00:00:00+05:30,230.0,230.0,227.0,229.0,4992,229.33333333333334,229.0,229.66666666666669,0.002906976744186129,187.4240767359406,1,219.68,236.46780509774177,202.89219490225824
2012-12-26 00:00:00+05:30,225.0,229.0,224.0,226.0,522,228.66666666666666,228.5,228.83333333333331,0.001457725947521783,187.4240767359406,1,220.28,236.85487254852242,203.70512745147758
2012-12-27 00:00:00+05:30,227.0,233.0,224.0,229.0,130347,226.33333333333334,226.5,226.16666666666669,0.001472754050073554,187.4240767359406,1,221.12,237.2427292974781,204.99727070252192
2012-12-28 00:00:00+05:30,230.0,233.0,230.0,232.0,23397,228.66666666666666,228.5,228.83333333333331,0.001457725947521783,187.4240767359406,1,222.04,237.91430628404763,206.16569371595236
2012-12-31 00:00:00+05:30,232.0,233.0,228.0,233.0,1902,231.66666666666666,231.5,231.83333333333331,0.0014388489208632276,187.4240767359406,1,222.8,238.87980099378566,206.72019900621436
2013-01-01 00:00:00+05:30,233.0,233.0,228.0,230.0,987,231.33333333333334,230.5,232.16666666666669,0.007204610951008727,187.4240767359406,1,223.36,239.4286527126498,207.29134728735022
2013-01-02 00:00:00+05:30,229.0,229.0,227.0,227.0,1782,230.33333333333334,230.5,230.16666666666669,0.0014471780028942737,187.4240767359406,1,223.92,239.47295470319852,208.36704529680145
2013-01-03 00:00:00+05:30,231.0,231.0,226.0,226.0,9417,227.66666666666666,228.0,227.33333333333331,0.002928257686676511,187.4240767359406,1,224.44,239.35393978798837,209.52606021201163
2013-01-04 00:00:00+05:30,227.0,229.0,226.0,227.0,2772,227.66666666666666,228.5,226.83333333333331,0.007320644216691152,187.4240767359406,1,225.08,238.9700827931204,211.1899172068796
2013-01-07 00:00:00+05:30,231.0,231.0,226.0,228.0,2802,227.33333333333334,227.5,227.16666666666669,0.0014662756598239634,187.4240767359406,1,225.68,238.69961596974878,212.66038403025124
2013-01-08 00:00:00+05:30,227.0,229.0,226.0,227.0,5292,228.33333333333334,228.5,228.16666666666669,0.001459854014598457,187.4240767359406,1,226.24,238.19029706742617,214.28970293257385
2013-01-09 00:00:00+05:30,229.0,230.0,220.0,227.0,10062,227.33333333333334,227.5,227.16666666666669,0.0014662756598239634,187.4240767359406,1,226.84,237.28114936200663,216.39885063799338
2013-01-10 00:00:00+05:30,230.0,230.0,227.0,229.0,13737,225.66666666666666,225.0,226.33333333333331,0.005908419497784259,187.4240767359406,1,227.6,235.47908624141962,219.72091375858037
2013-01-11 00:00:00+05:30,227.0,227.0,227.0,227.0,552,228.66666666666666,228.5,228.83333333333331,0.001457725947521783,187.4240767359406,1,228.24,232.29087644834118,224.18912355165884
2013-01-14 00:00:00+05:30,227.0,227.0,227.0,227.0,852,227.0,227.0,227.0,0.0,187.4240767359406,1,228.0,231.57770876396143,224.42229123603857
2013-01-15 00:00:00+05:30,227.0,227.0,224.0,227.0,16392,227.0,227.0,227.0,0.0,187.4240767359406,1,228.0,231.57770876396143,224.42229123603857
2013-01-16 00:00:00+05:30,227.0,227.0,222.0,223.0,1947,226.0,225.5,226.5,0.004424778761061947,187.4240767359406,1,227.72,231.7007536974457,223.7392463025543
2013-01-17 00:00:00+05:30,223.0,227.0,220.0,222.0,3747,224.0,224.5,223.5,0.004464285714285714,187.4240767359406,1,227.52,232.08490963763015,222.95509036236987
2013-01-18 00:00:00+05:30,225.0,228.0,220.0,227.0,22362,223.0,223.5,222.5,0.004484304932735426,187.4240767359406,1,227.52,232.08490963763015,222.95509036236987
2013-01-21 00:00:00+05:30,228.0,228.0,219.0,223.0,13422,225.0,224.0,226.0,0.008888888888888889,187.4240767359406,1,227.36,232.25505873302143,222.4649412669786
2013-04-22 00:00:00+05:30,167.0,167.0,162.0,163.0,3762,223.33333333333334,223.5,223.16666666666669,0.0014925373134327508,223.25165713197188,-1,224.76,250.4428658836926,199.07713411630738
2013-04-23 00:00:00+05:30,163.0,167.0,163.0,163.0,5082,164.0,164.5,163.5,0.006097560975609756,222.52159084669302,-1,222.2,257.45450325844564,186.94549674155436
2013-04-25 00:00:00+05:30,167.0,167.0,158.0,160.0,10392,164.33333333333334,165.0,163.66666666666669,0.008113590263691567,220.24072721282528,-1,219.52,262.29240231737947,176.74759768262058
2013-04-26 00:00:00+05:30,160.0,163.0,158.0,159.0,3327,161.66666666666666,162.5,160.83333333333331,0.010309278350515582,217.3310981243123,-1,216.84,265.6258340094722,168.05416599052776
2013-04-29 00:00:00+05:30,163.0,163.0,159.0,160.0,2277,160.0,160.5,159.5,0.00625,216.6778541993398,-1,214.04,267.3120714821546,160.76792851784538
2013-04-30 00:00:00+05:30,160.0,173.0,155.0,162.0,20442,160.66666666666666,161.0,160.33333333333331,0.004149377593361114,216.6778541993398,-1,211.36,267.9875692573838,154.73243074261617
2013-05-02 00:00:00+05:30,162.0,163.0,159.0,161.0,6027,163.33333333333334,164.0,162.66666666666669,0.008163265306122332,216.6778541993398,-1,208.76,268.35135507772765,149.16864492227236
2013-05-03 00:00:00+05:30,159.0,163.0,159.0,160.0,8982,161.0,161.0,161.0,0.0,216.6778541993398,-1,206.0,267.9315751454767,144.0684248545233
2013-05-06 00:00:00+05:30,155.0,166.0,155.0,160.0,7317,160.66666666666666,161.0,160.33333333333331,0.004149377593361114,216.6778541993398,-1,203.12,266.62387704699483,139.61612295300515
2013-05-07 00:00:00+05:30,157.0,166.0,157.0,162.0,166137,160.33333333333334,160.5,160.16666666666669,0.0020790020790019607,216.6778541993398,-1,200.28,264.5308085552225,136.0291914447775
2013-05-08 00:00:00+05:30,163.0,194.0,163.0,194.0,135672,161.66666666666666,161.5,161.83333333333331,0.0020618556701029757,216.6778541993398,-1,198.84,261.9657285106466,135.71427148935342
2013-05-09 00:00:00+05:30,200.0,217.0,200.0,206.0,504462,183.66666666666666,178.5,188.83333333333331,0.05626134301270407,216.6778541993398,-1,198.0,260.15593294288055,135.84406705711945
2013-05-10 00:00:00+05:30,208.0,221.0,204.0,220.0,217272,207.66666666666666,208.5,206.83333333333331,0.008025682182985645,142.71191664017834,1,197.76,259.5267353840226,135.9932646159774
2013-05-13 00:00:00+05:30,221.0,223.0,215.0,220.0,65547,215.0,212.5,217.5,0.023255813953488372,149.7634399745712,1,197.48,258.77566379443056,136.18433620556942
2013-05-14 00:00:00+05:30,220.0,231.0,214.0,226.0,99552,219.33333333333334,219.0,219.66666666666669,0.0030395136778116364,151.2729023755884,1,197.4,258.5411481737125,136.2588518262875
2013-05-15 00:00:00+05:30,228.0,237.0,225.0,229.0,165537,223.66666666666666,222.5,224.83333333333331,0.010432190760059528,159.26198628056483,1,197.48,258.7808841698051,136.17911583019486
2013-05-16 00:00:00+05:30,230.0,231.0,227.0,228.0,13557,230.33333333333334,231.0,229.66666666666669,0.005788712011577341,159.26198628056483,1,197.52,258.8991365204812,136.14086347951883
2013-05-17 00:00:00+05:30,229.0,231.0,225.0,227.0,13557,228.66666666666666,229.0,228.33333333333331,0.0029154518950438146,159.26198628056483,1,197.44,258.65981378606006,136.22018621393994
2013-05-20 00:00:00+05:30,228.0,230.0,225.0,227.0,15672,227.66666666666666,228.0,227.33333333333331,0.002928257686676511,159.9858046939218,1,197.44,258.65981378606006,136.22018621393994
2013-05-21 00:00:00+05:30,227.0,228.0,225.0,227.0,7812,227.33333333333334,227.5,227.16666666666669,0.0014662756598239634,160.84637250616493,1,197.44,258.65981378606006,136.22018621393994
2013-05-22 00:00:00+05:30,224.0,227.0,222.0,226.0,4947,226.66666666666666,226.5,226.83333333333331,0.0014705882352940341,160.84637250616493,1,197.4,258.54376501328545,136.25623498671456
2013-05-23 00:00:00+05:30,224.0,225.0,214.0,216.0,25677,225.0,224.5,225.5,0.0044444444444444444,160.84637250616493,1,197.12,257.855017905652,136.384982094348
2013-05-24 00:00:00+05:30,210.0,217.0,210.0,214.0,2007,218.33333333333334,219.5,217.16666666666669,0.010687022900763272,160.84637250616493,1,196.8,257.08996599766726,136.5100340023328
2013-05-27 00:00:00+05:30,210.0,220.0,210.0,216.0,3297,213.66666666666666,213.5,213.83333333333331,0.0015600624024960112,160.84637250616493,1,196.36,255.91805235230476,136.80194764769527
2013-05-28 00:00:00+05:30,217.0,223.0,215.0,218.0,4602,215.33333333333334,215.0,215.66666666666669,0.00309597523219823,160.84637250616493,1,196.16,255.39155915557072,136.92844084442928
2013-05-29 00:00:00+05:30,218.0,231.0,212.0,222.0,172902,218.66666666666666,219.0,218.33333333333331,0.003048780487804965,160.84637250616493,1,198.52,256.97509729698396,140.06490270301603
2013-05-30 00:00:00+05:30,221.0,223.0,214.0,215.0,10632,221.66666666666666,221.5,221.83333333333331,0.0015037593984961553,160.84637250616493,1,200.6,257.53224042666733,143.66775957333266
2013-05-31 00:00:00+05:30,217.0,227.0,209.0,210.0,9327,217.33333333333334,218.5,216.16666666666669,0.010736196319018317,160.84637250616493,1,202.6,257.1497937667948,148.0502062332052
2013-06-03 00:00:00+05:30,225.0,230.0,197.0,199.0,29217,215.33333333333334,218.0,212.66666666666669,0.02476780185758505,160.84637250616493,1,204.2,255.8077513557783,152.59224864422168
2013-06-04 00:00:00+05:30,197.0,197.0,184.0,186.0,107007,208.66666666666666,213.5,203.83333333333331,0.046325878594249296,160.84637250616493,1,205.24,254.22417703707836,156.25582296292166
2013-06-05 00:00:00+05:30,186.0,196.0,185.0,193.0,19917,189.0,190.5,187.5,0.015873015873015872,160.84637250616493,1,206.48,252.50302032678678,160.4569796732132
2013-06-06 00:00:00+05:30,187.0,195.0,185.0,190.0,4137,191.33333333333334,190.5,192.16666666666669,0.008710801393728321,160.84637250616493,1,207.64,250.36284634712231,164.91715365287766
2013-06-07 00:00:00+05:30,189.0,192.0,187.0,187.0,4677,190.0,190.0,190.0,0.0,160.84637250616493,1,208.72,247.77901176425,169.66098823575
2013-06-10 00:00:00+05:30,193.0,193.0,180.0,181.0,16842,188.66666666666666,189.5,187.83333333333331,0.0088339222614842,160.84637250616493,1,209.56,245.14012928587832,173.9798707141217
2013-06-11 00:00:00+05:30,180.0,183.0,177.0,179.0,7887,184.66666666666666,186.5,182.83333333333331,0.01985559566787014,160.84637250616493,1,210.24,242.66853064817792,177.8114693518221
2013-06-12 00:00:00+05:30,177.0,182.0,177.0,179.0,7542,179.66666666666666,180.0,179.33333333333331,0.003710575139146673,160.84637250616493,1,209.64,243.75922625148195,175.52077374851802
2013-06-13 00:00:00+05:30,177.0,184.0,177.0,178.0,23937,179.33333333333334,179.5,179.16666666666669,0.0018587360594794482,160.84637250616493,1,208.52,244.81267694728263,172.2273230527174
2013-06-14 00:00:00+05:30,179.0,183.0,178.0,180.0,6387,179.66666666666666,180.5,178.83333333333331,0.009276437847866525,160.84637250616493,1,206.92,244.5494352867516,169.2905647132484
2013-06-17 00:00:00+05:30,183.0,183.0,178.0,182.0,4062,180.33333333333334,180.5,180.16666666666669,0.0018484288354897284,160.84637250616493,1,205.4,243.85412851697242,166.9458714830276
2013-06-18 00:00:00+05:30,179.0,182.0,179.0,181.0,3942,181.0,180.5,181.5,0.0055248618784530384,160.84637250616493,1,203.6,242.24091096234454,164.95908903765545
2013-06-19 00:00:00+05:30,187.0,198.0,177.0,194.0,29607,180.66666666666666,180.5,180.83333333333331,0.001845018450184397,160.84637250616493,1,202.2,239.57378760575176,164.82621239424822
2013-06-20 00:00:00+05:30,187.0,194.0,184.0,187.0,9087,189.66666666666666,187.5,191.83333333333331,0.022847100175746825,160.84637250616493,1,200.56,236.8436822828093,164.2763177171907
2013-06-21 00:00:00+05:30,191.0,191.0,186.0,186.0,15087,188.33333333333334,189.0,187.66666666666669,0.007079646017699014,160.84637250616493,1,198.92,233.96018264792374,163.87981735207623
2013-06-24 00:00:00+05:30,181.0,198.0,181.0,196.0,26082,187.66666666666666,188.5,186.83333333333331,0.008880994671403299,160.84637250616493,1,197.68,230.79903380232977,164.56096619767024
2013-06-25 00:00:00+05:30,203.0,203.0,194.0,198.0,25437,191.66666666666666,189.5,193.83333333333331,0.022608695652173817,160.84637250616493,1,196.52,227.4062169907528,165.63378300924722
2013-06-26 00:00:00+05:30,201.0,201.0,191.0,194.0,1647,198.33333333333334,198.5,198.16666666666669,0.0016806722689074675,160.84637250616493,1,195.24,223.68942178674058,166.79057821325944
2013-06-27 00:00:00+05:30,193.0,198.0,190.0,192.0,23727,195.33333333333334,196.0,194.66666666666669,0.006825938566552804,160.84637250616493,1,194.28,221.45363428030694,167.10636571969306
2013-06-28 00:00:00+05:30,186.0,200.0,186.0,193.0,18897,193.33333333333334,194.0,192.66666666666669,0.006896551724137833,160.84637250616493,1,193.44,219.3942982952704,167.4857017047296
2013-07-01 00:00:00+05:30,186.0,197.0,186.0,194.0,11247,193.0,193.0,193.0,0.0,160.84637250616493,1,192.56,216.832321685407,168.287678314593
2013-07-02 00:00:00+05:30,199.0,199.0,190.0,191.0,2322,192.33333333333334,191.5,193.16666666666669,0.008665511265164743,160.84637250616493,1,191.48,213.4189698937731,169.54103010622688
2013-07-03 00:00:00+05:30,193.0,193.0,185.0,186.0,3657,193.33333333333334,194.5,192.16666666666669,0.01206896551724128,160.84637250616493,1,190.04,208.1726666544082,171.90733334559178
2013-07-04 00:00:00+05:30,185.0,190.0,185.0,188.0,4812,188.0,189.0,187.0,0.010638297872340425,160.84637250616493,1,188.96,203.96378618882218,173.95621381117783
2013-07-05 00:00:00+05:30,187.0,193.0,184.0,185.0,2172,187.66666666666666,187.5,187.83333333333331,0.0017761989342805385,160.84637250616493,1,187.96,200.32097083565424,175.59902916434578
2013-07-08 00:00:00+05:30,186.0,191.0,184.0,191.0,6267,187.33333333333334,188.5,186.16666666666669,0.012455516014234773,160.84637250616493,1,187.64,199.23144512129076,176.0485548787092
2013-07-09 00:00:00+05:30,195.0,195.0,186.0,187.0,10617,188.66666666666666,187.5,189.83333333333331,0.012367491166077639,160.84637250616493,1,187.68,199.25542223851448,176.10457776148553
2013-07-10 00:00:00+05:30,186.0,187.0,185.0,185.0,717,189.33333333333334,190.5,188.16666666666669,0.01232394366197173,160.84637250616493,1,187.36,198.77059157098776,175.94940842901227
2013-07-11 00:00:00+05:30,187.0,187.0,181.0,182.0,5232,185.66666666666666,186.0,185.33333333333331,0.003590664272890587,160.84637250616493,1,187.04,198.58441856482594,175.49558143517405
2013-07-12 00:00:00+05:30,187.0,187.0,182.0,183.0,3357,183.33333333333334,184.0,182.66666666666669,0.007272727272727169,160.84637250616493,1,186.88,198.53257053185683,175.22742946814316
2013-07-15 00:00:00+05:30,184.0,184.0,181.0,182.0,3372,184.0,184.5,183.5,0.005434782608695652,160.84637250616493,1,186.92,198.49818638647253,175.34181361352745
2013-07-16 00:00:00+05:30,187.0,187.0,181.0,183.0,2112,182.33333333333334,182.5,182.16666666666669,0.0018281535648993475,160.84637250616493,1,187.08,198.3216368914806,175.83836310851942
2013-07-17 00:00:00+05:30,183.0,183.0,181.0,182.0,17742,183.66666666666666,184.0,183.33333333333331,0.0036297640653358567,160.84637250616493,1,187.2,198.15445115009862,176.24554884990135
2013-07-18 00:00:00+05:30,183.0,183.0,181.0,182.0,9867,182.0,182.0,182.0,0.0,160.84637250616493,1,187.36,197.88053230591956,176.83946769408047
2013-07-19 00:00:00+05:30,183.0,185.0,167.0,173.0,42252,182.0,182.0,182.0,0.0,160.84637250616493,1,187.08,198.68579165761207,175.47420834238795
2013-07-22 00:00:00+05:30,187.0,187.0,174.0,175.0,4932,175.0,176.0,174.0,0.011428571428571429,160.84637250616493,1,186.8,199.19354670785967,174.40645329214036
2013-07-23 00:00:00+05:30,178.0,178.0,176.0,177.0,1527,178.66666666666666,180.5,176.83333333333331,0.0205223880597016,160.84637250616493,1,186.64,199.42599233536055,173.85400766463943
2013-07-24 00:00:00+05:30,177.0,178.0,175.0,176.0,1137,177.0,177.0,177.0,0.0,160.84637250616493,1,185.92,198.9911284899163,172.84887151008368
2013-07-25 00:00:00+05:30,175.0,177.0,173.0,173.0,7662,176.33333333333334,176.5,176.16666666666669,0.0018903591682418585,160.84637250616493,1,185.36,199.3643421837623,171.35565781623774
2013-07-26 00:00:00+05:30,170.0,178.0,170.0,175.0,10032,174.33333333333334,175.0,173.66666666666669,0.007648183556405245,160.84637250616493,1,184.92,199.49581558609688,170.3441844139031
2013-07-29 00:00:00+05:30,174.0,192.0,173.0,186.0,76332,174.33333333333334,174.0,174.66666666666669,0.003824091778202785,160.84637250616493,1,184.52,198.389333076969,170.65066692303103
2013-07-30 00:00:00+05:30,188.0,193.0,184.0,190.0,12132,183.66666666666666,182.5,184.83333333333331,0.012704174228675034,160.84637250616493,1,184.2,197.14913124498733,171.25086875501265
2013-07-31 00:00:00+05:30,189.0,201.0,187.0,199.0,28167,189.0,188.5,189.5,0.005291005291005291,160.84637250616493,1,184.4,198.08210510118624,170.71789489881377
2013-08-01 00:00:00+05:30,192.0,205.0,188.0,191.0,16902,195.66666666666666,194.0,197.33333333333331,0.01703577512776822,160.84637250616493,1,184.36,197.9585881620081,170.76141183799191
2013-08-02 00:00:00+05:30,187.0,197.0,184.0,189.0,242592,194.66666666666666,196.5,192.83333333333331,0.018835616438356264,160.84637250616493,1,184.2,197.47855413815475,170.92144586184523
2013-08-05 00:00:00+05:30,189.0,197.0,189.0,193.0,124377,190.0,190.5,189.5,0.005263157894736842,160.84637250616493,1,184.16,197.32577380938574,170.99422619061426
2013-08-06 00:00:00+05:30,189.0,194.0,175.0,185.0,131457,193.0,193.0,193.0,0.0,160.84637250616493,1,183.92,196.79378732152693,171.04621267847304
2013-08-07 00:00:00+05:30,192.0,192.0,175.0,177.0,8352,184.66666666666666,184.5,184.83333333333331,0.0018050541516244462,160.84637250616493,1,183.56,196.68195107443665,170.43804892556335
2013-08-08 00:00:00+05:30,177.0,180.0,177.0,179.0,2862,181.33333333333334,183.5,179.16666666666669,0.023897058823529306,160.84637250616493,1,183.2,196.30877568653574,170.09122431346424
2013-08-12 00:00:00+05:30,183.0,183.0,178.0,179.0,1422,178.66666666666666,178.5,178.83333333333331,0.001865671641790939,160.84637250616493,1,182.96,196.14763056807067,169.77236943192935
2013-08-13 00:00:00+05:30,180.0,181.0,178.0,180.0,2292,180.0,180.5,179.5,0.005555555555555556,160.84637250616493,1,182.52,195.33399235210922,169.7060076478908
2013-08-14 00:00:00+05:30,181.0,181.0,178.0,179.0,1767,179.66666666666666,179.5,179.83333333333331,0.0018552875695731785,160.84637250616493,1,182.2,194.94990196040402,169.45009803959596
2013-08-16 00:00:00+05:30,177.0,177.0,173.0,174.0,3177,179.33333333333334,179.5,179.16666666666669,0.0018587360594794482,160.84637250616493,1,181.76,194.84776527906564,168.67223472093434
2013-08-19 00:00:00+05:30,173.0,178.0,173.0,178.0,1707,174.66666666666666,175.0,174.33333333333331,0.0038167938931298797,160.84637250616493,1,181.6,194.7696621065203,168.4303378934797
2013-08-20 00:00:00+05:30,174.0,181.0,174.0,180.0,5382,176.33333333333334,175.5,177.16666666666669,0.009451795841209937,160.84637250616493,1,181.48,194.65111992200804,168.30888007799194
2013-08-21 00:00:00+05:30,181.0,184.0,175.0,179.0,8772,178.33333333333334,177.5,179.16666666666669,0.00934579439252347,160.84637250616493,1,181.36,194.5646052572547,168.15539474274533
2013-08-22 00:00:00+05:30,177.0,183.0,177.0,182.0,2202,179.33333333333334,179.5,179.16666666666669,0.0018587360594794482,160.84637250616493,1,181.32,194.5105420661896,168.1294579338104
2013-08-23 00:00:00+05:30,183.0,183.0,180.0,182.0,3672,180.66666666666666,180.0,181.33333333333331,0.007380073800737903,160.84637250616493,1,181.32,194.5105420661896,168.1294579338104
2013-08-26 00:00:00+05:30,182.0,185.0,179.0,180.0,867,181.66666666666666,181.5,181.83333333333331,0.0018348623853209967,160.84637250616493,1,181.24,194.43733306391553,168.0426669360845
2013-08-27 00:00:00+05:30,181.0,181.0,178.0,179.0,447,181.33333333333334,182.0,180.66666666666669,0.007352941176470483,160.84637250616493,1,181.48,194.28149991211643,168.67850008788355
2013-08-28 00:00:00+05:30,177.0,178.0,173.0,175.0,3687,179.33333333333334,179.5,179.16666666666669,0.0018587360594794482,160.84637250616493,1,181.48,194.28149991211643,168.67850008788355
2013-08-29 00:00:00+05:30,175.0,177.0,173.0,176.0,882,175.33333333333334,175.5,175.16666666666669,0.0019011406844105382,160.84637250616493,1,181.44,194.3033432668151,168.5766567331849
2013-08-30 00:00:00+05:30,177.0,181.0,177.0,180.0,1497,175.33333333333334,175.0,175.66666666666669,0.0038022813688214007,160.84637250616493,1,181.6,194.28700122171966,168.91299877828033
2013-09-02 00:00:00+05:30,181.0,186.0,181.0,184.0,3267,179.33333333333334,179.0,179.66666666666669,0.0037174721189592135,160.84637250616493,1,182.04,194.2577575683885,169.82224243161147
2013-09-03 00:00:00+05:30,186.0,188.0,183.0,184.0,1662,183.66666666666666,183.5,183.83333333333331,0.0018148820326677735,160.84637250616493,1,182.4,194.29285499785118,170.50714500214883
2013-09-04 00:00:00+05:30,181.0,187.0,181.0,185.0,3417,185.0,185.5,184.5,0.005405405405405406,160.84637250616493,1,182.36,194.21080587976675,170.50919412023327
2013-09-05 00:00:00+05:30,181.0,186.0,181.0,182.0,4272,184.33333333333334,184.0,184.66666666666669,0.0036166365280290358,160.84637250616493,1,182.04,193.47300485436418,170.6069951456358
2013-09-06 00:00:00+05:30,186.0,188.0,179.0,183.0,2097,183.0,183.5,182.5,0.00546448087431694,160.84637250616493,1,181.4,190.52140340078859,172.27859659921143
2013-09-10 00:00:00+05:30,180.0,182.0,178.0,179.0,5277,183.33333333333334,183.5,183.16666666666669,0.0018181818181817147,160.84637250616493,1,180.92,189.19371742325774,172.64628257674224
2013-09-11 00:00:00+05:30,180.0,180.0,178.0,180.0,8397,179.66666666666666,180.0,179.33333333333331,0.003710575139146673,160.84637250616493,1,180.56,188.1511527451317,172.9688472548683
2013-09-12 00:00:00+05:30,185.0,185.0,179.0,179.0,1917,179.33333333333334,179.0,179.66666666666669,0.0037174721189592135,160.84637250616493,1,180.0,185.65685424948552,174.34314575051448
2013-09-13 00:00:00+05:30,178.0,180.0,176.0,177.0,2772,181.0,182.0,180.0,0.011049723756906077,160.84637250616493,1,179.68,185.06798663694738,174.29201336305263
2013-09-16 00:00:00+05:30,180.0,180.0,174.0,176.0,1647,177.66666666666666,178.0,177.33333333333331,0.0037523452157599566,160.84637250616493,1,179.64,185.1210218025404,174.15897819745956
2013-09-17 00:00:00+05:30,175.0,180.0,175.0,179.0,4572,176.66666666666666,177.0,176.33333333333331,0.003773584905660485,160.84637250616493,1,179.64,185.1210218025404,174.15897819745956
2013-09-18 00:00:00+05:30,178.0,180.0,177.0,179.0,372,178.0,177.5,178.5,0.0056179775280898875,160.84637250616493,1,179.64,185.1210218025404,174.15897819745956
2013-09-19 00:00:00+05:30,180.0,180.0,174.0,175.0,8247,178.66666666666666,178.5,178.83333333333331,0.001865671641790939,160.84637250616493,1,179.44,185.2111004149923,173.6688995850077
2013-09-20 00:00:00+05:30,180.0,180.0,173.0,174.0,7107,176.33333333333334,177.0,175.66666666666669,0.007561436672967756,160.84637250616493,1,179.24,185.39220285750764,173.08779714249238
2013-09-23 00:00:00+05:30,174.0,177.0,172.0,174.0,1767,175.66666666666666,176.5,174.83333333333331,0.009487666034155707,160.84637250616493,1,179.24,185.39220285750764,173.08779714249238
2013-09-24 00:00:00+05:30,171.0,177.0,171.0,176.0,1347,174.33333333333334,174.5,174.16666666666669,0.0019120458891012297,160.84637250616493,1,179.16,185.42558855973843,172.89441144026156
2013-09-25 00:00:00+05:30,174.0,177.0,173.0,175.0,462,174.66666666666666,174.0,175.33333333333331,0.007633587786259434,160.84637250616493,1,178.96,185.42170256201305,172.49829743798696
2013-09-26 00:00:00+05:30,175.0,177.0,173.0,174.0,3042,175.0,175.0,175.0,0.0,160.84637250616493,1,178.76,185.50756252286158,172.0124374771384
2013-09-27 00:00:00+05:30,178.0,178.0,172.0,172.0,2082,174.66666666666666,175.0,174.33333333333331,0.0038167938931298797,160.84637250616493,1,178.36,185.4678548099921,171.25214519000792
2013-09-30 00:00:00+05:30,173.0,177.0,170.0,170.0,3162,174.0,175.0,173.0,0.011494252873563218,160.84637250616493,1,177.88,185.53913833273228,170.2208616672677
2013-10-01 00:00:00+05:30,169.0,173.0,168.0,169.0,3102,172.33333333333334,173.5,171.16666666666669,0.013539651837524067,160.84637250616493,1,177.44,185.79377758860807,169.08622241139193
2013-10-03 00:00:00+05:30,173.0,175.0,170.0,175.0,2022,170.0,170.5,169.5,0.0058823529411764705,160.84637250616493,1,177.28,185.6613125463695,168.89868745363052
2013-10-04 00:00:00+05:30,172.0,176.0,172.0,173.0,1152,173.33333333333334,172.5,174.16666666666669,0.009615384615384723,160.84637250616493,1,177.2,185.70411665018364,168.69588334981634
2013-10-07 00:00:00+05:30,175.0,175.0,172.0,172.0,1692,173.66666666666666,174.0,173.33333333333331,0.0038387715930903203,160.84637250616493,1,177.04,185.77576556461602,168.30423443538396
2013-10-08 00:00:00+05:30,174.0,176.0,172.0,173.0,6147,173.0,173.5,172.5,0.005780346820809248,160.84637250616493,1,176.76,185.54689933935356,167.97310066064642
2013-10-09 00:00:00+05:30,173.0,180.0,173.0,177.0,9852,173.66666666666666,174.0,173.33333333333331,0.0038387715930903203,160.84637250616493,1,176.48,184.75758418863455,168.20241581136543
2013-10-10 00:00:00+05:30,179.0,179.0,175.0,177.0,2592,176.66666666666666,176.5,176.83333333333331,0.0018867924528300816,160.84637250616493,1,176.2,183.89415362466423,168.50584637533575
2013-10-11 00:00:00+05:30,180.0,181.0,177.0,180.0,2697,177.0,177.0,177.0,0.0,160.84637250616493,1,176.0,182.99714227380966,169.00285772619034
2013-10-14 00:00:00+05:30,179.0,183.0,179.0,179.0,1962,179.33333333333334,179.0,179.66666666666669,0.0037174721189592135,160.84637250616493,1,175.88,182.55700531675203,169.20299468324797
2013-10-15 00:00:00+05:30,179.0,181.0,178.0,178.0,2832,180.33333333333334,181.0,179.66666666666669,0.0073937153419592295,160.84637250616493,1,175.68,181.76526088183041,169.5947391181696
2013-10-17 00:00:00+05:30,180.0,180.0,178.0,178.0,1287,179.0,179.5,178.5,0.00558659217877095,160.84637250616493,1,175.64,181.65012479071237,169.6298752092876
2013-10-18 00:00:00+05:30,178.0,179.0,177.0,178.0,1332,178.66666666666666,179.0,178.33333333333331,0.0037313432835821957,160.84637250616493,1,175.56,181.3862852659251,169.7337147340749
2013-10-21 00:00:00+05:30,175.0,180.0,175.0,177.0,1092,178.0,178.0,178.0,0.0,160.84637250616493,1,175.48,181.16844442707634,169.79155557292364
2013-10-22 00:00:00+05:30,177.0,179.0,175.0,176.0,7347,177.33333333333334,177.5,177.16666666666669,0.0018796992481201937,160.84637250616493,1,175.44,181.09911653881912,169.78088346118088
2013-10-23 00:00:00+05:30,179.0,181.0,177.0,179.0,5997,176.66666666666666,177.0,176.33333333333331,0.003773584905660485,160.84637250616493,1,175.56,181.3862852659251,169.7337147340749
2013-10-24 00:00:00+05:30,182.0,182.0,176.0,180.0,3342,179.0,179.0,179.0,0.0,160.84637250616493,1,175.6,181.53295878967108,169.6670412103289
2013-10-25 00:00:00+05:30,180.0,181.0,180.0,180.0,3567,179.33333333333334,179.0,179.66666666666669,0.0037174721189592135,160.84637250616493,1,175.64,181.67668783356694,169.60331216643303
2013-10-28 00:00:00+05:30,182.0,182.0,177.0,177.0,1812,180.33333333333334,180.5,180.16666666666669,0.0018484288354897284,160.84637250616493,1,175.72,181.7736270119603,169.6663729880397
2013-10-29 00:00:00+05:30,177.0,178.0,176.0,177.0,1992,178.66666666666666,179.5,177.83333333333331,0.00932835820895533,160.84637250616493,1,175.84,181.87138458398525,169.80861541601476
2013-10-30 00:00:00+05:30,179.0,180.0,173.0,174.0,5817,177.0,177.0,177.0,0.0,160.84637250616493,1,175.84,181.87138458398525,169.80861541601476
2013-10-31 00:00:00+05:30,174.0,178.0,174.0,175.0,2127,175.66666666666666,176.5,174.83333333333331,0.009487666034155707,160.84637250616493,1,175.8,181.83986754821123,169.7601324517888
2013-11-01 00:00:00+05:30,178.0,188.0,176.0,184.0,23787,175.66666666666666,176.0,175.33333333333331,0.003795066413662347,160.84637250616493,1,176.16,182.98770825386774,169.33229174613226
2013-11-05 00:00:00+05:30,187.0,187.0,179.0,180.0,32172,182.66666666666666,182.0,183.33333333333331,0.007299270072992597,160.84637250616493,1,176.4,183.32820323027067,169.47179676972934
2013-11-06 00:00:00+05:30,183.0,183.0,180.0,180.0,1062,182.0,183.0,181.0,0.01098901098901099,160.84637250616493,1,176.72,183.54395779587858,169.89604220412141
2013-11-07 00:00:00+05:30,182.0,186.0,173.0,183.0,8157,181.0,181.5,180.5,0.0055248618784530384,160.84637250616493,1,177.24,183.91604673440284,170.56395326559718
2013-11-08 00:00:00+05:30,183.0,184.0,179.0,180.0,3072,180.66666666666666,179.5,181.83333333333331,0.012915129151291409,160.84637250616493,1,177.68,183.52383435767385,171.83616564232616
2013-11-11 00:00:00+05:30,183.0,185.0,172.0,173.0,31932,181.0,181.5,180.5,0.0055248618784530384,160.84637250616493,1,177.6,183.63986754821076,171.56013245178923
2013-11-12 00:00:00+05:30,175.0,180.0,173.0,174.0,6687,176.66666666666666,178.5,174.83333333333331,0.020754716981132185,160.84637250616493,1,177.64,183.56972174726008,171.7102782527399
2013-11-13 00:00:00+05:30,175.0,175.0,174.0,174.0,972,175.66666666666666,176.5,174.83333333333331,0.009487666034155707,160.84637250616493,1,177.72,183.3915429999189,172.0484570000811
2013-11-14 00:00:00+05:30,174.0,175.0,173.0,173.0,3327,174.33333333333334,174.5,174.16666666666669,0.0019120458891012297,160.84637250616493,1,177.72,183.3915429999189,172.0484570000811
2013-11-18 00:00:00+05:30,175.0,175.0,167.0,168.0,8427,173.66666666666666,174.0,173.33333333333331,0.0038387715930903203,160.84637250616493,1,177.36,184.19239343128967,170.52760656871035
2013-11-19 00:00:00+05:30,172.0,172.0,169.0,171.0,10377,170.0,171.0,169.0,0.011764705882352941,160.84637250616493,1,177.12,184.39340360491093,169.84659639508908
2013-11-20 00:00:00+05:30,172.0,174.0,171.0,172.0,5502,170.66666666666666,170.5,170.83333333333331,0.001953124999999889,160.84637250616493,1,176.8,184.24043009509074,169.35956990490928
2013-11-21 00:00:00+05:30,170.0,172.0,169.0,169.0,4527,172.33333333333334,172.5,172.16666666666669,0.0019342359767890581,160.84637250616493,1,176.4,184.37997493729983,168.42002506270018
2013-11-22 00:00:00+05:30,173.0,173.0,168.0,169.0,8127,170.0,170.5,169.5,0.0058823529411764705,160.84637250616493,1,176.04,184.49657140926124,167.58342859073875
2013-11-25 00:00:00+05:30,173.0,173.0,168.0,169.0,4527,170.0,170.5,169.5,0.0058823529411764705,160.84637250616493,1,175.68,184.52931635777227,166.83068364222774
2013-11-26 00:00:00+05:30,169.0,175.0,168.0,173.0,13482,170.0,170.5,169.5,0.0058823529411764705,160.84637250616493,1,175.48,184.33654560197914,166.62345439802084
2013-11-27 00:00:00+05:30,173.0,186.0,171.0,179.0,32742,172.0,171.5,172.5,0.005813953488372093,160.84637250616493,1,175.56,184.50570287903284,166.61429712096717
2013-11-28 00:00:00+05:30,179.0,183.0,176.0,178.0,6222,178.66666666666666,178.5,178.83333333333331,0.001865671641790939,160.84637250616493,1,175.64,184.63564338999362,166.64435661000635
2013-11-29 00:00:00+05:30,177.0,179.0,172.0,175.0,3552,179.0,179.5,178.5,0.00558659217877095,160.84637250616493,1,175.48,184.37260366821417,166.5873963317858
2013-12-02 00:00:00+05:30,177.0,185.0,176.0,179.0,17127,175.33333333333334,175.5,175.16666666666669,0.0019011406844105382,160.84637250616493,1,175.44,184.2596145040436,166.62038549595638
2013-12-03 00:00:00+05:30,179.0,186.0,177.0,184.0,23217,180.0,180.5,179.5,0.005555555555555556,160.84637250616493,1,175.6,184.87793080379112,166.32206919620887
2013-12-04 00:00:00+05:30,184.0,185.0,179.0,183.0,9522,182.33333333333334,181.5,183.16666666666669,0.009140767824497362,160.84637250616493,1,175.84,185.5506951347437,166.1293048652563
2013-12-05 00:00:00+05:30,183.0,195.0,183.0,188.0,25842,182.33333333333334,182.0,182.66666666666669,0.0036563071297990067,160.84637250616493,1,176.28,187.09510055431448,165.46489944568552
2013-12-06 00:00:00+05:30,188.0,191.0,186.0,190.0,7542,188.66666666666666,189.0,188.33333333333331,0.00353356890459374,160.84637250616493,1,176.92,188.94557275142978,164.8944272485702
2013-12-09 00:00:00+05:30,196.0,196.0,188.0,189.0,9012,189.0,188.5,189.5,0.005291005291005291,160.84637250616493,1,177.48,190.36869271881088,164.5913072811891
2013-12-10 00:00:00+05:30,183.0,192.0,183.0,188.0,5727,191.0,192.0,190.0,0.010471204188481676,160.84637250616493,1,177.64,190.94118791687146,164.33881208312852
2013-12-11 00:00:00+05:30,188.0,191.0,181.0,182.0,10467,187.66666666666666,187.5,187.83333333333331,0.0017761989342805385,160.84637250616493,1,177.72,191.10082209731254,164.33917790268745
2013-12-12 00:00:00+05:30,190.0,190.0,178.0,181.0,11742,184.66666666666666,186.0,183.33333333333331,0.014440433212996493,160.84637250616493,1,177.76,191.17378395531728,164.3462160446827
2013-12-13 00:00:00+05:30,181.0,184.0,177.0,178.0,5862,183.0,184.0,182.0,0.01092896174863388,160.84637250616493,1,177.56,190.80332284586947,164.31667715413053
2013-12-16 00:00:00+05:30,182.0,182.0,176.0,176.0,6372,179.66666666666666,180.5,178.83333333333331,0.009276437847866525,160.84637250616493,1,177.4,190.61816931348397,164.18183068651604
2013-12-17 00:00:00+05:30,177.0,180.0,167.0,168.0,84777,178.0,179.0,177.0,0.011235955056179775,160.84637250616493,1,177.2,190.82350909273853,163.57649090726144
2013-12-18 00:00:00+05:30,167.0,172.0,167.0,169.0,30552,171.66666666666666,173.5,169.83333333333331,0.021359223300970984,160.84637250616493,1,177.0,190.94847661932766,163.05152338067234
2013-12-19 00:00:00+05:30,169.0,172.0,167.0,169.0,25377,169.33333333333334,169.5,169.16666666666669,0.001968503937007762,160.84637250616493,1,176.8,191.054823744962,162.54517625503803
2013-12-20 00:00:00+05:30,171.0,172.0,168.0,170.0,23682,169.33333333333334,169.5,169.16666666666669,0.001968503937007762,160.84637250616493,1,176.68,191.1101905739298,162.24980942607021
2013-12-23 00:00:00+05:30,172.0,181.0,167.0,169.0,170127,170.0,170.0,170.0,0.0,160.84637250616493,1,176.72,191.0589818327499,162.3810181672501
2013-12-24 00:00:00+05:30,171.0,173.0,168.0,169.0,237597,172.33333333333334,174.0,170.66666666666669,0.019342359767891573,160.84637250616493,1,176.64,191.1272909820964,162.15270901790356
2013-12-26 00:00:00+05:30,170.0,173.0,169.0,172.0,21402,170.0,170.5,169.5,0.0058823529411764705,160.84637250616493,1,176.64,191.1272909820964,162.15270901790356
2013-12-27 00:00:00+05:30,175.0,175.0,168.0,169.0,94767,171.33333333333334,171.0,171.66666666666669,0.0038910505836576978,160.84637250616493,1,176.64,191.1272909820964,162.15270901790356
2013-12-30 00:00:00+05:30,169.0,176.0,169.0,174.0,26892,170.66666666666666,171.5,169.83333333333331,0.009765625000000111,160.84637250616493,1,176.84,191.03498502992983,162.64501497007018
2013-12-31 00:00:00+05:30,174.0,176.0,173.0,174.0,17847,173.0,172.5,173.5,0.005780346820809248,160.84637250616493,1,177.04,190.925013503772,163.154986496228
2014-01-01 00:00:00+05:30,175.0,182.0,174.0,180.0,17292,174.33333333333334,174.5,174.16666666666669,0.0019120458891012297,160.84637250616493,1,177.32,191.15005422982605,163.48994577017393
2014-01-02 00:00:00+05:30,181.0,183.0,177.0,180.0,23427,178.66666666666666,178.0,179.33333333333331,0.007462686567164073,160.84637250616493,1,177.36,191.21502075061346,163.50497924938657
2014-01-03 00:00:00+05:30,180.0,180.0,177.0,178.0,1782,180.0,180.0,180.0,0.0,160.84637250616493,1,177.36,191.21502075061346,163.50497924938657
2014-01-06 00:00:00+05:30,178.0,179.0,172.0,173.0,399537,178.33333333333334,178.5,178.16666666666669,0.0018691588785045665,160.84637250616493,1,177.28,191.21148951117323,163.34851048882678
2014-01-07 00:00:00+05:30,175.0,175.0,173.0,173.0,324972,174.66666666666666,175.5,173.83333333333331,0.009541984732824537,160.84637250616493,1,177.04,191.05119552357795,163.02880447642204
2014-01-08 00:00:00+05:30,173.0,176.0,172.0,173.0,240117,173.66666666666666,174.0,173.33333333333331,0.0038387715930903203,160.84637250616493,1,176.6,190.39855064852583,162.80144935147416
2014-01-09 00:00:00+05:30,173.0,176.0,172.0,174.0,18012,173.66666666666666,174.0,173.33333333333331,0.0038387715930903203,160.84637250616493,1,176.24,189.81974962950108,162.66025037049894
2014-01-10 00:00:00+05:30,175.0,177.0,172.0,173.0,14412,174.0,174.0,174.0,0.0,160.84637250616493,1,175.64,188.3883959775313,162.89160402246867
2014-01-13 00:00:00+05:30,174.0,176.0,170.0,172.0,21312,174.0,174.5,173.5,0.005747126436781609,160.84637250616493,1,174.92,186.30307515568353,163.53692484431645
2014-01-14 00:00:00+05:30,174.0,174.0,171.0,172.0,9192,172.66666666666666,173.0,172.33333333333331,0.003861003861003971,160.84637250616493,1,174.24,184.10760355911924,164.37239644088078
2014-01-15 00:00:00+05:30,174.0,174.0,171.0,173.0,7017,172.33333333333334,172.5,172.16666666666669,0.0019342359767890581,160.84637250616493,1,173.64,181.7567481173155,165.52325188268446
2014-01-16 00:00:00+05:30,174.0,177.0,169.0,170.0,35922,172.66666666666666,172.5,172.83333333333331,0.0019305019305018208,160.84637250616493,1,173.16,180.63646975516835,165.68353024483164
2014-04-17 00:00:00+05:30,217.0,219.0,214.0,218.0,18567,172.0,173.0,171.0,0.011627906976744186,162.1845706541282,1,174.64,193.58733754383292,155.69266245616706
2014-04-21 00:00:00+05:30,217.0,220.0,217.0,220.0,7452,217.0,216.5,217.5,0.004608294930875576,165.51718782796308,1,176.32,202.3028866756551,150.3371133243449
2014-04-22 00:00:00+05:30,216.0,237.0,215.0,227.0,54042,219.0,218.5,219.5,0.0045662100456621,168.97650031484454,1,178.36,211.06170637749545,145.65829362250457
2014-04-23 00:00:00+05:30,227.0,236.0,227.0,233.0,21087,226.33333333333334,226.0,226.66666666666669,0.002945508100147359,174.23744030225077,1,180.96,219.72691372807378,142.19308627192623
2014-04-25 00:00:00+05:30,234.0,234.0,227.0,228.0,12582,232.0,231.5,232.5,0.004310344827586207,174.23744030225077,1,183.32,225.88466139886356,140.75533860113643
2014-04-28 00:00:00+05:30,227.0,228.0,225.0,225.0,9537,229.66666666666666,230.5,228.83333333333331,0.007256894049346962,174.23744030225077,1,185.56,230.69120428262352,140.4287957173765
2014-04-29 00:00:00+05:30,225.0,226.0,219.0,220.0,16347,226.0,226.5,225.5,0.004424778761061947,174.23744030225077,1,187.56,234.163278854603,140.956721145397
2014-04-30 00:00:00+05:30,220.0,223.0,217.0,219.0,19257,221.66666666666666,222.5,220.83333333333331,0.0075187969924812885,174.23744030225077,1,189.56,237.0879454636941,142.0320545363059
2014-05-02 00:00:00+05:30,211.0,221.0,211.0,221.0,4047,219.66666666666666,220.0,219.33333333333331,0.003034901365705701,174.23744030225077,1,191.64,239.93204489354193,143.34795510645804
2014-05-05 00:00:00+05:30,220.0,222.0,218.0,219.0,6237,217.66666666666666,216.0,219.33333333333331,0.015313935681470051,174.23744030225077,1,193.52,242.264624318994,144.775375681006
2014-05-06 00:00:00+05:30,220.0,225.0,218.0,223.0,25062,219.66666666666666,220.0,219.33333333333331,0.003034901365705701,174.23744030225077,1,195.68,244.67214630938162,146.6878536906184
2014-05-07 00:00:00+05:30,223.0,225.0,218.0,220.0,35817,222.0,221.5,222.5,0.0045045045045045045,174.23744030225077,1,197.52,246.57220076612106,148.46779923387896
2014-05-08 00:00:00+05:30,219.0,223.0,207.0,216.0,15582,221.0,221.5,220.5,0.004524886877828055,174.23744030225077,1,199.2,247.78971084499102,150.61028915500896
2014-05-09 00:00:00+05:30,217.0,219.0,213.0,217.0,10962,215.33333333333334,215.0,215.66666666666669,0.00309597523219823,174.23744030225077,1,200.68,249.0939484033252,152.26605159667483
2014-05-12 00:00:00+05:30,219.0,221.0,217.0,219.0,7497,216.33333333333334,216.0,216.66666666666669,0.0030816640986133384,174.23744030225077,1,202.24,250.40066444724187,154.07933555275815
2014-05-13 00:00:00+05:30,217.0,222.0,214.0,214.0,11832,219.0,219.0,219.0,0.0,174.23744030225077,1,203.68,251.00092983025397,156.35907016974605
2014-05-14 00:00:00+05:30,218.0,218.0,213.0,214.0,8307,216.66666666666666,218.0,215.33333333333331,0.012307692307692396,174.23744030225077,1,205.32,251.09062813639127,159.5493718636087
2014-05-15 00:00:00+05:30,214.0,223.0,213.0,218.0,20592,215.0,215.5,214.5,0.004651162790697674,174.23744030225077,1,207.12,251.17204195040006,163.06795804959995
2014-05-16 00:00:00+05:30,211.0,225.0,211.0,215.0,18612,218.0,218.0,218.0,0.0,174.23744030225077,1,208.8,250.6683651460121,166.93163485398793
2014-05-19 00:00:00+05:30,215.0,222.0,203.0,206.0,69072,217.0,218.0,216.0,0.009216589861751152,174.23744030225077,1,210.08,249.49946727189237,170.66053272810765
2014-05-20 00:00:00+05:30,208.0,215.0,206.0,209.0,41367,210.33333333333334,212.5,208.16666666666669,0.020602218700475346,174.23744030225077,1,211.52,247.93151466225743,175.1084853377426
2014-05-21 00:00:00+05:30,211.0,218.0,210.0,217.0,25722,210.0,210.5,209.5,0.004761904761904762,174.23744030225077,1,213.32,245.99645023560208,180.6435497643979
2014-05-22 00:00:00+05:30,218.0,237.0,218.0,229.0,280527,215.0,214.0,216.0,0.009302325581395349,174.23744030225077,1,215.6,244.11525907299054,187.08474092700945
2014-05-23 00:00:00+05:30,234.0,237.0,224.0,230.0,93582,228.0,227.5,228.5,0.0043859649122807015,174.23744030225077,1,217.88,241.01314505206244,194.74685494793755
2014-05-26 00:00:00+05:30,237.0,239.0,224.0,225.0,43272,230.33333333333334,230.5,230.16666666666669,0.0014471780028942737,174.23744030225077,1,220.08,232.61373049015145,207.54626950984857
2014-05-27 00:00:00+05:30,225.0,230.0,223.0,226.0,3762,229.33333333333334,231.5,227.16666666666669,0.018895348837209218,174.23744030225077,1,220.4,233.11219886564675,207.68780113435326
2014-05-28 00:00:00+05:30,225.0,232.0,203.0,206.0,640152,226.33333333333334,226.5,226.16666666666669,0.001472754050073554,174.23744030225077,1,219.84,233.75034147674862,205.9296585232514
2014-05-29 00:00:00+05:30,206.0,212.0,204.0,205.0,56577,213.66666666666666,217.5,209.83333333333331,0.03588143525741039,174.23744030225077,1,218.96,233.70562986107262,204.2143701389274
2014-05-30 00:00:00+05:30,208.0,208.0,201.0,206.0,79707,207.0,208.0,206.0,0.00966183574879227,174.23744030225077,1,217.88,232.30575474627796,203.45424525372204
2014-06-02 00:00:00+05:30,207.0,211.0,206.0,207.0,45657,205.0,204.5,205.5,0.004878048780487805,174.23744030225077,1,217.04,231.45643506556888,202.6235649344311
2014-06-03 00:00:00+05:30,207.0,211.0,207.0,208.0,28242,208.0,208.5,207.5,0.004807692307692308,174.23744030225077,1,216.36,230.81412051976073,201.9058794802393
2014-06-04 00:00:00+05:30,207.0,209.0,207.0,207.0,94437,208.66666666666666,209.0,208.33333333333331,0.003194888178913829,174.23744030225077,1,215.84,230.663548832846,201.016451167154
2014-06-05 00:00:00+05:30,209.0,210.0,203.0,205.0,182952,207.66666666666666,208.0,207.33333333333331,0.003210272873194313,174.23744030225077,1,215.28,230.6320812921171,199.9279187078829
2014-06-06 00:00:00+05:30,207.0,208.0,199.0,201.0,168117,206.0,206.5,205.5,0.0048543689320388345,174.23744030225077,1,214.48,230.62058239345083,198.33941760654915
2014-06-09 00:00:00+05:30,203.0,207.0,201.0,205.0,34662,202.66666666666666,203.5,201.83333333333331,0.008223684210526409,174.23744030225077,1,213.92,230.36306540763545,197.47693459236453
2014-06-10 00:00:00+05:30,204.0,205.0,201.0,202.0,34662,204.33333333333334,204.0,204.66666666666669,0.0032626427406199946,174.23744030225077,1,213.08,229.7261527086526,196.43384729134743
2014-06-11 00:00:00+05:30,207.0,207.0,198.0,200.0,46797,202.66666666666666,203.0,202.33333333333331,0.00328947368421062,174.23744030225077,1,212.28,229.4336118645545,195.1263881354455
2014-06-12 00:00:00+05:30,200.0,200.0,198.0,198.0,26157,201.66666666666666,202.5,200.83333333333331,0.00826446280991745,174.23744030225077,1,211.56,229.52066813901388,193.59933186098613
2014-06-13 00:00:00+05:30,198.0,200.0,195.0,196.0,41052,198.66666666666666,199.0,198.33333333333331,0.0033557046979866725,174.23744030225077,1,210.72,229.528678847803,191.911321152197
2014-06-16 00:00:00+05:30,195.0,195.0,192.0,193.0,33882,197.0,197.5,196.5,0.005076142131979695,174.23744030225077,1,209.68,229.39573990495404,189.96426009504597
2014-06-17 00:00:00+05:30,192.0,196.0,192.0,192.0,30342,193.33333333333334,193.5,193.16666666666669,0.0017241379310343847,174.23744030225077,1,208.8,229.59999999999522,188.0000000000048
2014-06-18 00:00:00+05:30,195.0,195.0,192.0,192.0,44817,193.33333333333334,194.0,192.66666666666669,0.006896551724137833,174.23744030225077,1,207.92,229.60811656183645,186.23188343816352
2014-06-19 00:00:00+05:30,193.0,195.0,192.0,193.0,22677,193.0,193.5,192.5,0.0051813471502590676,174.23744030225077,1,206.92,228.9593829314663,184.88061706853367
2014-06-20 00:00:00+05:30,195.0,196.0,193.0,194.0,51837,193.33333333333334,193.5,193.16666666666669,0.0017241379310343847,174.23744030225077,1,206.08,228.42221117078196,183.73778882921806
2014-06-23 00:00:00+05:30,194.0,196.0,189.0,190.0,17967,194.33333333333334,194.5,194.16666666666669,0.0017152658662091648,174.23744030225077,1,205.44,228.65434039553602,182.22565960446397
2014-06-24 00:00:00+05:30,190.0,194.0,190.0,192.0,24657,191.66666666666666,192.5,190.83333333333331,0.008695652173913142,174.23744030225077,1,204.76,228.5072019404354,181.01279805956457
2014-06-25 00:00:00+05:30,193.0,194.0,189.0,190.0,32007,192.0,192.0,192.0,0.0,174.23744030225077,1,203.68,227.55782234626568,179.80217765373433
2014-06-26 00:00:00+05:30,189.0,193.0,187.0,188.0,24657,191.0,191.5,190.5,0.005235602094240838,174.23744030225077,1,202.04,224.31450560618197,179.76549439381802
2014-06-27 00:00:00+05:30,191.0,191.0,187.0,187.0,39612,189.33333333333334,190.0,188.66666666666669,0.00704225352112666,174.23744030225077,1,200.32,220.20543185349115,180.43456814650884
2014-06-30 00:00:00+05:30,189.0,190.0,187.0,189.0,25332,188.33333333333334,189.0,187.66666666666669,0.007079646017699014,174.23744030225077,1,198.88,216.49199591187346,181.26800408812653
2014-07-01 00:00:00+05:30,190.0,192.0,189.0,190.0,14157,188.66666666666666,188.5,188.83333333333331,0.0017667844522967194,174.23744030225077,1,197.44,211.46945472924213,183.41054527075786
2014-07-02 00:00:00+05:30,192.0,199.0,191.0,197.0,77472,190.33333333333334,190.5,190.16666666666669,0.0017513134851137356,174.23744030225077,1,197.08,210.66728817681647,183.49271182318355
2014-07-03 00:00:00+05:30,198.0,202.0,196.0,197.0,51417,195.66666666666666,195.0,196.33333333333331,0.006814310051107229,174.23744030225077,1,196.76,209.95733306391324,183.56266693608674
2014-07-04 00:00:00+05:30,198.0,198.0,194.0,197.0,29532,198.33333333333334,199.0,197.66666666666669,0.006722689075630156,174.23744030225077,1,196.4,209.04911064066795,183.75088935933206
2014-07-07 00:00:00+05:30,197.0,197.0,194.0,195.0,12642,196.33333333333334,196.0,196.66666666666669,0.0033955857385399944,174.23744030225077,1,195.92,207.81177867267385,184.02822132732612
2014-07-08 00:00:00+05:30,195.0,195.0,182.0,182.0,388227,195.33333333333334,195.5,195.16666666666669,0.0017064846416381281,174.23744030225077,1,194.88,206.91089356614322,182.84910643385678
2014-07-09 00:00:00+05:30,185.0,187.0,181.0,182.0,27522,186.33333333333334,188.5,184.16666666666669,0.023255813953488268,174.23744030225077,1,193.88,205.87092990555237,181.88907009444762
2014-07-10 00:00:00+05:30,185.0,185.0,171.0,174.0,124782,183.33333333333334,184.0,182.66666666666669,0.007272727272727169,227.10138270377303,-1,192.64,206.0966563454625,179.18334365453748
2014-07-11 00:00:00+05:30,177.0,185.0,177.0,180.0,103092,176.66666666666666,178.0,175.33333333333331,0.015094339622641617,227.10138270377303,-1,191.8,205.67948125831367,177.92051874168635
2014-07-14 00:00:00+05:30,182.0,192.0,176.0,177.0,59082,180.66666666666666,181.0,180.33333333333331,0.003690036900369109,227.10138270377303,-1,190.68,204.6367331421033,176.7232668578967
2014-07-15 00:00:00+05:30,184.0,184.0,174.0,175.0,56037,181.66666666666666,184.0,179.33333333333331,0.02568807339449552,227.10138270377303,-1,189.6,204.0554487996703,175.1445512003297
2014-07-16 00:00:00+05:30,176.0,178.0,173.0,174.0,59892,177.66666666666666,179.0,176.33333333333331,0.015009380863039507,227.10138270377303,-1,188.56,203.60212750909574,173.51787249090427
2014-07-17 00:00:00+05:30,174.0,184.0,174.0,182.0,94782,175.0,175.5,174.5,0.005714285714285714,227.10138270377303,-1,187.92,202.65955223200137,173.1804477679986
2014-07-18 00:00:00+05:30,181.0,183.0,179.0,180.0,94482,180.0,179.0,181.0,0.011111111111111112,227.10138270377303,-1,187.28,201.94991479184185,172.61008520815815
2014-07-21 00:00:00+05:30,181.0,182.0,179.0,180.0,65052,180.66666666666666,181.0,180.33333333333331,0.003690036900369109,227.10138270377303,-1,186.76,201.50345956686903,172.01654043313096
2014-07-22 00:00:00+05:30,181.0,181.0,179.0,180.0,46212,180.33333333333334,180.5,180.16666666666669,0.0018484288354897284,227.10138270377303,-1,186.28,201.0910229221315,171.46897707786852
2014-07-23 00:00:00+05:30,180.0,181.0,179.0,179.0,22182,180.0,180.0,180.0,0.0,227.10138270377303,-1,185.76,200.64387046436195,170.87612953563803
2014-07-24 00:00:00+05:30,180.0,181.0,178.0,179.0,41562,179.66666666666666,180.0,179.33333333333331,0.003710575139146673,226.58013149952114,-1,185.2,200.0054044186543,170.39459558134567
2014-07-25 00:00:00+05:30,179.0,180.0,177.0,179.0,21102,179.33333333333334,179.5,179.16666666666669,0.0018587360594794482,224.5369262395403,-1,184.6,199.14372717015522,170.05627282984477
2014-07-28 00:00:00+05:30,179.0,179.0,177.0,178.0,16302,178.66666666666666,178.5,178.83333333333331,0.001865671641790939,222.75544918995868,-1,184.12,198.71117541529514,169.52882458470486
2014-07-30 00:00:00+05:30,179.0,180.0,177.0,179.0,212832,178.0,178.0,178.0,0.0,222.30523122236033,-1,183.6,197.95548675593815,169.24451324406184
2014-07-31 00:00:00+05:30,179.0,180.0,176.0,177.0,32277,178.66666666666666,178.5,178.83333333333331,0.001865671641790939,221.17302197346592,-1,183.08,197.41228523299472,168.7477147670053
2014-08-01 00:00:00+05:30,177.0,180.0,175.0,176.0,32997,177.66666666666666,178.0,177.33333333333331,0.0037523452157599566,220.34610109452728,-1,182.6,197.04437606821145,168.15562393178854
2014-08-04 00:00:00+05:30,195.0,206.0,191.0,193.0,485922,177.0,177.5,176.5,0.005649717514124294,220.34610109452728,-1,182.84,197.76037533039698,167.91962466960302
2014-08-05 00:00:00+05:30,194.0,196.0,192.0,193.0,97242,196.66666666666666,198.5,194.83333333333331,0.018644067796610268,220.34610109452728,-1,183.0,198.26302722266846,167.73697277733154
2014-08-06 00:00:00+05:30,195.0,195.0,192.0,192.0,38277,193.66666666666666,194.0,193.33333333333331,0.0034423407917384802,220.34610109452728,-1,183.08,198.50901163392905,167.65098836607098
2014-08-07 00:00:00+05:30,191.0,193.0,190.0,190.0,39672,193.0,193.5,192.5,0.0051813471502590676,220.34610109452728,-1,182.8,197.44240417417575,168.15759582582427
2014-08-08 00:00:00+05:30,189.0,190.0,187.0,188.0,40767,191.0,191.5,190.5,0.005235602094240838,220.34610109452728,-1,182.44,196.07618715037017,168.80381284962982
2014-08-11 00:00:00+05:30,193.0,193.0,189.0,191.0,24987,188.33333333333334,188.5,188.16666666666669,0.0017699115044246781,220.34610109452728,-1,182.2,194.98749389051355,169.41250610948643
2014-08-12 00:00:00+05:30,191.0,192.0,189.0,189.0,19932,191.0,191.0,191.0,0.0,220.34610109452728,-1,181.96,193.97971713477162,169.9402828652284
2014-08-13 00:00:00+05:30,190.0,190.0,186.0,187.0,27177,190.0,190.5,189.5,0.005263157894736842,220.34610109452728,-1,182.16,194.34103443882833,169.97896556117166
2014-08-14 00:00:00+05:30,187.0,187.0,184.0,187.0,35352,187.66666666666666,188.0,187.33333333333331,0.00355239786856138,220.34610109452728,-1,182.36,194.68727058192206,170.03272941807796
2014-08-18 00:00:00+05:30,185.0,193.0,185.0,187.0,54222,186.0,185.5,186.5,0.005376344086021506,220.34610109452728,-1,182.88,194.84421330468152,170.91578669531847
2014-08-19 00:00:00+05:30,187.0,189.0,187.0,188.0,21297,188.33333333333334,189.0,187.66666666666669,0.007079646017699014,220.34610109452728,-1,183.2,195.26648250319522,171.13351749680476
2014-08-20 00:00:00+05:30,187.0,188.0,184.0,185.0,83832,188.0,188.0,188.0,0.0,220.34610109452728,-1,183.52,195.3334838214608,171.70651617853923
2014-08-21 00:00:00+05:30,184.0,187.0,184.0,185.0,31422,185.66666666666666,186.0,185.33333333333331,0.003590664272890587,220.34610109452728,-1,183.92,195.2184246689489,172.62157533105108
2014-08-22 00:00:00+05:30,186.0,188.0,185.0,185.0,45987,185.33333333333334,185.5,185.16666666666669,0.0017985611510790344,220.34610109452728,-1,184.36,194.91090517443465,173.80909482556538
2014-08-25 00:00:00+05:30,185.0,187.0,183.0,183.0,84387,186.0,186.5,185.5,0.005376344086021506,220.34610109452728,-1,184.4,194.92235715036853,173.87764284963148
2014-08-26 00:00:00+05:30,183.0,184.0,179.0,180.0,95532,184.33333333333334,185.0,183.66666666666669,0.007233273056057763,220.34610109452728,-1,184.4,194.92235715036853,173.87764284963148
2014-08-27 00:00:00+05:30,181.0,183.0,179.0,179.0,99447,181.0,181.5,180.5,0.0055248618784530384,219.68818439040936,-1,184.36,194.95630124146686,173.76369875853317
2014-08-28 00:00:00+05:30,182.0,182.0,178.0,180.0,39822,180.33333333333334,181.0,179.66666666666669,0.0073937153419592295,218.260657014793,-1,184.36,194.95630124146686,173.76369875853317
2014-09-01 00:00:00+05:30,180.0,184.0,180.0,180.0,78597,180.0,180.0,180.0,0.0,218.260657014793,-1,184.4,194.92235715036853,173.87764284963148
2014-09-02 00:00:00+05:30,180.0,188.0,180.0,187.0,107562,181.33333333333334,182.0,180.66666666666669,0.007352941176470483,218.260657014793,-1,184.72,195.0508470127047,174.3891529872953
2014-09-03 00:00:00+05:30,187.0,189.0,187.0,187.0,71172,185.0,184.0,186.0,0.010810810810810811,218.260657014793,-1,185.04,195.13522659477778,174.9447734052222
2014-09-04 00:00:00+05:30,187.0,210.0,187.0,206.0,623742,187.66666666666666,188.0,187.33333333333331,0.00355239786856138,218.260657014793,-1,186.16,198.77973058349122,173.54026941650878
2014-09-05 00:00:00+05:30,209.0,212.0,205.0,209.0,170712,201.0,198.5,203.5,0.024875621890547265,218.260657014793,-1,187.36,202.48486694156014,172.23513305843989
2014-09-08 00:00:00+05:30,210.0,215.0,210.0,213.0,164982,208.66666666666666,208.5,208.83333333333331,0.0015974440894567783,218.260657014793,-1,188.8,206.36359872007705,171.23640127992297
2014-09-09 00:00:00+05:30,213.0,215.0,210.0,212.0,58782,212.66666666666666,212.5,212.83333333333331,0.001567398119122168,218.260657014793,-1,190.24,209.21602698142806,171.26397301857196
2014-09-10 00:00:00+05:30,208.0,211.0,198.0,200.0,209142,212.33333333333334,212.5,212.16666666666669,0.0015698587127157663,218.260657014793,-1,190.52,209.85386665930756,171.18613334069246
2014-09-11 00:00:00+05:30,198.0,201.0,189.0,190.0,237957,203.0,204.5,201.5,0.014778325123152709,218.260657014793,-1,190.4,209.7080294178325,171.0919705821675
2014-09-12 00:00:00+05:30,188.0,197.0,188.0,195.0,213582,193.33333333333334,195.0,191.66666666666669,0.01724137931034473,218.260657014793,-1,190.52,209.90345686403447,171.13654313596555
2014-09-15 00:00:00+05:30,192.0,195.0,190.0,190.0,85722,193.33333333333334,192.5,194.16666666666669,0.00862068965517251,218.260657014793,-1,190.52,209.90345686403447,171.13654313596555
2014-09-16 00:00:00+05:30,190.0,193.0,184.0,186.0,65742,191.66666666666666,192.5,190.83333333333331,0.008695652173913142,218.260657014793,-1,190.44,209.88082302784233,170.99917697215767
2014-09-17 00:00:00+05:30,188.0,189.0,183.0,184.0,68982,187.66666666666666,188.5,186.83333333333331,0.008880994671403299,218.260657014793,-1,190.16,209.76146933267722,170.55853066732277
2014-09-18 00:00:00+05:30,185.0,187.0,183.0,186.0,49887,185.33333333333334,186.0,184.66666666666669,0.007194244604316444,218.260657014793,-1,190.04,209.7050349605559,170.37496503944408
2014-09-19 00:00:00+05:30,187.0,193.0,186.0,192.0,56862,185.33333333333334,185.0,185.66666666666669,0.0035971223021583755,218.260657014793,-1,190.24,209.87898164365672,170.6010183563433
2014-09-22 00:00:00+05:30,190.0,195.0,189.0,191.0,43572,190.33333333333334,189.5,191.16666666666669,0.008756567425569276,218.260657014793,-1,190.4,209.99591794226248,170.80408205773753
2014-09-23 00:00:00+05:30,191.0,195.0,190.0,191.0,54912,191.66666666666666,192.0,191.33333333333331,0.0034782608695653164,218.260657014793,-1,190.56,210.10752158202885,171.01247841797115
2014-09-24 00:00:00+05:30,190.0,192.0,188.0,190.0,34437,192.0,192.5,191.5,0.005208333333333333,218.260657014793,-1,190.64,210.16131143135325,171.11868856864672
2014-09-25 00:00:00+05:30,189.0,190.0,183.0,185.0,39192,190.0,190.0,190.0,0.0,218.260657014793,-1,190.64,210.16131143135325,171.11868856864672
2014-09-26 00:00:00+05:30,184.0,186.0,183.0,185.0,31317,186.0,186.5,185.5,0.005376344086021506,218.260657014793,-1,190.64,210.16131143135325,171.11868856864672
2014-09-29 00:00:00+05:30,183.0,191.0,183.0,190.0,30507,184.66666666666666,184.5,184.83333333333331,0.0018050541516244462,218.260657014793,-1,190.84,210.22807881147287,171.45192118852714
2014-09-30 00:00:00+05:30,189.0,191.0,187.0,189.0,25647,188.0,187.0,189.0,0.010638297872340425,218.260657014793,-1,191.08,210.22090906931754,171.93909093068248
2014-10-01 00:00:00+05:30,188.0,191.0,188.0,190.0,40302,189.0,189.0,189.0,0.0,218.260657014793,-1,191.48,210.08855717136285,172.87144282863713
2014-10-07 00:00:00+05:30,190.0,193.0,190.0,191.0,60567,189.66666666666666,189.5,189.83333333333331,0.001757469244288125,218.260657014793,-1,191.96,209.8617764481595,174.0582235518405
2014-10-08 00:00:00+05:30,191.0,192.0,188.0,189.0,34782,191.33333333333334,191.5,191.16666666666669,0.0017421602787455455,218.260657014793,-1,192.32,209.5962958992915,175.04370410070848
2014-10-09 00:00:00+05:30,190.0,193.0,189.0,192.0,23787,189.66666666666666,190.0,189.33333333333331,0.00351493848857655,218.260657014793,-1,192.8,209.33118265581368,176.26881734418635
2014-10-10 00:00:00+05:30,192.0,193.0,187.0,189.0,38637,191.33333333333334,191.0,191.66666666666669,0.003484320557491388,218.260657014793,-1,192.88,209.31722604334058,176.4427739566594
2014-10-13 00:00:00+05:30,189.0,192.0,187.0,188.0,20112,189.66666666666666,190.0,189.33333333333331,0.00351493848857655,218.260657014793,-1,192.92,209.30457811479664,176.53542188520333
2015-01-12 00:00:00+05:30,191.0,191.0,187.0,190.0,31710,189.0,189.5,188.5,0.005291005291005291,218.260657014793,-1,192.28,207.7979380073474,176.7620619926526
2015-01-13 00:00:00+05:30,189.0,191.0,189.0,191.0,19836,189.33333333333334,189.0,189.66666666666669,0.00352112676056348,218.260657014793,-1,191.56,205.49791950040893,177.62208049959108
2015-01-14 00:00:00+05:30,188.0,192.0,185.0,187.0,72741,190.33333333333334,190.0,190.66666666666669,0.00350262697022777,218.260657014793,-1,190.52,201.46159037799734,179.57840962200268
2015-01-15 00:00:00+05:30,185.0,191.0,177.0,187.0,53715,188.0,188.5,187.5,0.005319148936170213,218.260657014793,-1,189.52,196.14407729422658,182.89592270577344
2015-01-16 00:00:00+05:30,186.0,188.0,184.0,186.0,23745,185.0,184.0,186.0,0.010810810810810811,218.260657014793,-1,188.96,194.15938457895646,183.76061542104355
2015-01-19 00:00:00+05:30,187.0,190.0,185.0,186.0,28488,186.0,186.0,186.0,0.0,218.260657014793,-1,188.8,194.1065996645584,183.49340033544163
2015-01-20 00:00:00+05:30,186.0,190.0,186.0,187.0,40083,187.0,187.5,186.5,0.0053475935828877,218.260657014793,-1,188.48,193.18302030613225,183.77697969386773
2015-01-21 00:00:00+05:30,187.0,190.0,186.0,187.0,30627,187.66666666666666,188.0,187.33333333333331,0.00355239786856138,218.260657014793,-1,188.36,193.05484824034738,183.66515175965264
2015-01-22 00:00:00+05:30,187.0,189.0,187.0,188.0,14664,187.66666666666666,188.0,187.33333333333331,0.00355239786856138,218.260657014793,-1,188.44,193.03843451621228,183.84156548378772
2015-01-23 00:00:00+05:30,188.0,188.0,183.0,185.0,27666,188.0,188.0,188.0,0.0,218.260657014793,-1,188.48,192.9385199337776,184.02148006622238
2015-01-27 00:00:00+05:30,185.0,188.0,185.0,187.0,10893,185.33333333333334,185.5,185.16666666666669,0.0017985611510790344,218.260657014793,-1,188.52,192.90616005178703,184.133839948213
2015-01-28 00:00:00+05:30,186.0,189.0,185.0,187.0,16062,186.66666666666666,186.5,186.83333333333331,0.0017857142857141844,218.260657014793,-1,188.32,192.50454298578626,184.13545701421373
2015-01-29 00:00:00+05:30,187.0,201.0,187.0,200.0,104676,187.0,187.0,187.0,0.0,218.260657014793,-1,188.68,194.8176216892125,182.5423783107875
2015-01-30 00:00:00+05:30,201.0,202.0,197.0,197.0,43608,196.0,194.0,198.0,0.02040816326530612,218.260657014793,-1,188.92,195.82321664152954,182.01678335847043
2015-02-02 00:00:00+05:30,196.0,199.0,195.0,196.0,32790,198.66666666666666,199.5,197.83333333333331,0.008389261744966538,218.260657014793,-1,189.16,196.59354558739568,181.7264544126043
2015-02-03 00:00:00+05:30,196.0,198.0,193.0,197.0,41082,196.66666666666666,197.0,196.33333333333331,0.003389830508474673,218.260657014793,-1,189.64,197.4759173043038,181.80408269569617
2015-02-04 00:00:00+05:30,196.0,200.0,193.0,196.0,28977,196.0,195.5,196.5,0.00510204081632653,218.260657014793,-1,190.08,198.05837076099417,182.10162923900586
2015-02-05 00:00:00+05:30,195.0,198.0,192.0,194.0,24513,196.33333333333334,196.5,196.16666666666669,0.0016977928692698525,218.260657014793,-1,190.24,198.36462922230214,182.11537077769788
2015-02-06 00:00:00+05:30,187.0,187.0,171.0,174.0,249024,194.66666666666666,195.0,194.33333333333331,0.0034246575342466727,218.260657014793,-1,189.64,199.96093019063144,179.31906980936853
2015-02-09 00:00:00+05:30,175.0,175.0,163.0,166.0,66126,177.33333333333334,179.0,175.66666666666669,0.0187969924812029,215.2400436224797,-1,188.68,202.54471781176562,174.8152821882344
2015-02-10 00:00:00+05:30,167.0,173.0,164.0,166.0,44835,168.0,169.0,167.0,0.011904761904761904,215.2400436224797,-1,187.68,204.10164425384664,171.25835574615337
2015-02-11 00:00:00+05:30,167.0,170.0,165.0,166.0,31875,167.66666666666666,168.5,166.83333333333331,0.009940357852882817,213.9340242024773,-1,186.76,205.2318596789792,168.2881403210208
2015-02-12 00:00:00+05:30,166.0,169.0,160.0,167.0,45009,167.0,167.5,166.5,0.005988023952095809,211.5966632343782,-1,185.76,205.64189125812484,165.87810874187514
2015-02-13 00:00:00+05:30,168.0,168.0,165.0,167.0,31683,165.33333333333334,164.5,166.16666666666669,0.010080645161290437,211.5966632343782,-1,184.88,206.0181739987139,163.74182600128609
2015-02-16 00:00:00+05:30,168.0,168.0,165.0,167.0,36036,166.66666666666666,166.5,166.83333333333331,0.0019999999999998864,211.55068483680296,-1,184.04,206.2569664895977,161.8230335104023
2015-02-18 00:00:00+05:30,166.0,168.0,165.0,168.0,31152,166.66666666666666,166.5,166.83333333333331,0.0019999999999998864,210.58865744333085,-1,183.16,206.09420153395166,160.22579846604833
2015-02-19 00:00:00+05:30,168.0,168.0,164.0,166.0,29790,167.0,166.5,167.5,0.005988023952095809,209.4451111455976,-1,182.16,205.80862786717051,158.51137213282948
2015-02-20 00:00:00+05:30,165.0,168.0,165.0,167.0,30942,166.0,166.0,166.0,0.0,209.0473066997737,-1,181.36,205.64418415347563,157.0758158465244
2015-02-23 00:00:00+05:30,166.0,168.0,165.0,165.0,17091,166.66666666666666,166.5,166.83333333333331,0.0019999999999998864,208.18541443178276,-1,180.48,205.4671647051025,155.49283529489747
2015-02-24 00:00:00+05:30,166.0,166.0,161.0,162.0,39354,166.0,166.5,165.5,0.006024096385542169,204.91799785451144,-1,179.52,205.41282526106266,153.62717473893736
2015-02-25 00:00:00+05:30,163.0,163.0,158.0,159.0,30588,163.0,163.5,162.5,0.006134969325153374,201.661277940331,-1,178.44,205.39228376223298,151.48771623776702
2015-02-26 00:00:00+05:30,160.0,160.0,154.0,157.0,33639,160.0,160.5,159.5,0.00625,198.19482682271774,-1,177.24,205.21301556857844,149.26698443142158
2015-02-27 00:00:00+05:30,157.0,161.0,156.0,160.0,62313,157.0,157.0,157.0,0.0,198.19482682271774,-1,176.16,204.6229162244478,147.6970837755522
2015-03-02 00:00:00+05:30,153.0,157.0,151.0,155.0,117327,159.0,158.5,159.5,0.006289308176100629,195.82915239981668,-1,174.84,204.035506503569,145.644493496431
2015-03-03 00:00:00+05:30,155.0,162.0,155.0,161.0,36009,154.33333333333334,154.0,154.66666666666669,0.004319654427645911,195.82915239981668,-1,173.88,203.2538387004481,144.50616129955188
2015-03-04 00:00:00+05:30,162.0,164.0,158.0,159.0,27126,159.33333333333334,158.5,160.16666666666669,0.010460251046025222,195.82915239981668,-1,172.76,202.1826035557689,143.33739644423108
2015-03-05 00:00:00+05:30,160.0,160.0,154.0,155.0,265023,160.33333333333334,161.0,159.66666666666669,0.008316008316008197,195.82915239981668,-1,171.48,201.0968600631456,141.86313993685437
2015-03-09 00:00:00+05:30,156.0,159.0,155.0,158.0,26058,156.33333333333334,157.0,155.66666666666669,0.008528784648187512,195.82915239981668,-1,169.8,197.455017627909,142.14498237209102
2015-03-10 00:00:00+05:30,157.0,159.0,156.0,158.0,40047,157.33333333333334,157.0,157.66666666666669,0.004237288135593341,195.82915239981668,-1,168.24,193.9104031912232,142.56959680877682
2015-03-11 00:00:00+05:30,159.0,160.0,156.0,158.0,24792,157.66666666666666,157.5,157.83333333333331,0.0021141649048624592,195.82915239981668,-1,166.72,190.02678871058745,143.41321128941254
2015-03-12 00:00:00+05:30,159.0,162.0,157.0,158.0,25446,158.0,158.0,158.0,0.0,195.82915239981668,-1,165.16,185.13342234069998,145.1865776593
2015-03-13 00:00:00+05:30,158.0,160.0,156.0,157.0,45792,159.0,159.5,158.5,0.006289308176100629,195.82915239981668,-1,163.6,179.3378524583241,147.86214754167588
2015-03-16 00:00:00+05:30,157.0,160.0,156.0,157.0,18180,157.66666666666666,158.0,157.33333333333331,0.004228329809725279,195.82915239981668,-1,162.12,172.0206262428184,152.21937375718161
2015-03-17 00:00:00+05:30,157.0,159.0,156.0,157.0,17226,157.66666666666666,158.0,157.33333333333331,0.004228329809725279,195.82915239981668,-1,161.44,170.25961450404645,152.62038549595354
2015-03-18 00:00:00+05:30,157.0,160.0,156.0,157.0,336543,157.33333333333334,157.5,157.16666666666669,0.0021186440677964896,195.82915239981668,-1,161.08,169.86034167900021,152.2996583209998
2015-03-19 00:00:00+05:30,158.0,160.0,155.0,156.0,652272,157.66666666666666,158.0,157.33333333333331,0.004228329809725279,195.30935402390625,-1,160.68,169.43844735098577,151.92155264901425
2015-03-20 00:00:00+05:30,157.0,157.0,152.0,152.0,15099,157.0,157.5,156.5,0.006369426751592357,192.19697986295,-1,160.12,169.22946760244483,151.01053239755518
2015-03-23 00:00:00+05:30,153.0,155.0,151.0,152.0,38022,153.66666666666666,154.5,152.83333333333331,0.010845986984815743,190.309100668432,-1,159.52,168.7133889290073,150.32661107099273
2015-03-24 00:00:00+05:30,152.0,152.0,148.0,148.0,25920,152.66666666666666,153.0,152.33333333333331,0.0043668122270743605,186.93673664169472,-1,158.76,168.4805761146136,149.03942388538638
2015-03-25 00:00:00+05:30,149.0,150.0,145.0,145.0,25959,149.33333333333334,150.0,148.66666666666669,0.008928571428571301,184.35926717602692,-1,157.88,168.40722185574143,147.35277814425856
2015-03-26 00:00:00+05:30,145.0,148.0,143.0,146.0,20610,146.66666666666666,147.5,145.83333333333331,0.011363636363636494,182.28489648898585,-1,157.0,167.67333125130122,146.32666874869878
2015-03-27 00:00:00+05:30,146.0,149.0,140.0,142.0,38061,145.66666666666666,145.5,145.83333333333331,0.002288329519450671,182.28489648898585,-1,156.04,167.58441856483068,144.4955814351693
2015-03-30 00:00:00+05:30,142.0,144.0,141.0,142.0,85248,143.66666666666666,144.5,142.83333333333331,0.011600928074246073,179.66016060424937,-1,155.04,166.93931090441842,143.14068909558156
2015-03-31 00:00:00+05:30,143.0,144.0,139.0,140.0,44454,142.33333333333334,142.5,142.16666666666669,0.002341920374707127,178.5737541800794,-1,154.04,166.60636781253896,141.47363218746102
2015-04-01 00:00:00+05:30,143.0,149.0,141.0,147.0,42294,141.0,141.5,140.5,0.0070921985815602835,178.5737541800794,-1,153.44,165.86037036484893,141.01962963515106
2015-04-06 00:00:00+05:30,148.0,153.0,148.0,152.0,26154,145.66666666666666,145.0,146.33333333333331,0.009153318077803074,178.5737541800794,-1,153.16,165.3803764262816,140.9396235737184
2015-04-07 00:00:00+05:30,152.0,153.0,147.0,152.0,11457,151.0,150.5,151.5,0.006622516556291391,178.5737541800794,-1,152.96,165.0857412144586,140.8342587855414
2015-04-08 00:00:00+05:30,152.0,155.0,152.0,153.0,11430,150.66666666666666,150.0,151.33333333333331,0.008849557522123769,178.5737541800794,-1,152.68,164.4609337490719,140.89906625092812
2015-04-09 00:00:00+05:30,153.0,159.0,152.0,154.0,11304,153.33333333333334,153.5,153.16666666666669,0.0021739130434781373,178.5737541800794,-1,152.64,164.39591765878023,140.88408234121974
2015-04-10 00:00:00+05:30,151.0,160.0,151.0,159.0,17283,155.0,155.5,154.5,0.0064516129032258064,178.5737541800794,-1,152.56,164.11273127879383,141.00726872120617
2015-04-13 00:00:00+05:30,158.0,160.0,157.0,160.0,19638,156.66666666666666,155.5,157.83333333333331,0.014893617021276475,178.5737541800794,-1,152.6,164.24817582284973,140.95182417715026
2015-04-15 00:00:00+05:30,160.0,183.0,159.0,176.0,131907,159.0,158.5,159.5,0.006289308176100629,178.5737541800794,-1,153.44,168.25707123557208,138.6229287644279
2015-04-16 00:00:00+05:30,172.0,182.0,171.0,177.0,76860,172.66666666666666,171.0,174.33333333333331,0.019305019305019197,178.5737541800794,-1,154.2,171.59885053674563,136.80114946325435
2015-04-17 00:00:00+05:30,177.0,182.0,177.0,179.0,49884,176.66666666666666,176.5,176.83333333333331,0.0018867924528300816,134.943475755124,1,155.04,174.93958793543248,135.1404120645675
2015-04-20 00:00:00+05:30,179.0,179.0,168.0,172.0,23016,179.33333333333334,179.5,179.16666666666669,0.0018587360594794482,134.943475755124,1,155.6,176.56091601051844,134.63908398948155
2015-04-21 00:00:00+05:30,170.0,173.0,168.0,170.0,14154,173.0,173.5,172.5,0.005780346820809248,134.943475755124,1,156.08,177.7754926194361,134.38450738056392
2015-04-22 00:00:00+05:30,165.0,172.0,165.0,169.0,13425,170.33333333333334,170.5,170.16666666666669,0.001956947162426503,134.943475755124,1,156.56,178.8388150492795,134.2811849507205
2015-04-23 00:00:00+05:30,170.0,172.0,167.0,169.0,5013,168.66666666666666,168.5,168.83333333333331,0.001976284584980125,134.943475755124,1,157.04,179.846876156107,134.233123843893
2015-04-24 00:00:00+05:30,167.0,170.0,167.0,168.0,5187,169.33333333333334,169.5,169.16666666666669,0.001968503937007762,134.943475755124,1,157.48,180.68772285253334,134.27227714746664
2015-04-27 00:00:00+05:30,167.0,171.0,157.0,160.0,32091,168.33333333333334,168.5,168.16666666666669,0.0019801980198018675,134.943475755124,1,157.6,180.82756982553272,134.37243017446727
2015-04-28 00:00:00+05:30,158.0,166.0,158.0,163.0,6135,162.66666666666666,164.0,161.33333333333331,0.01639344262295094,134.943475755124,1,157.88,181.19228002577177,134.56771997422823
2015-04-29 00:00:00+05:30,161.0,168.0,158.0,165.0,20133,162.33333333333334,162.0,162.66666666666669,0.004106776180698268,134.943475755124,1,158.4,181.7443783382637,135.05562166173632
2015-04-30 00:00:00+05:30,166.0,166.0,162.0,163.0,3735,163.66666666666666,163.0,164.33333333333331,0.008146639511201514,134.943475755124,1,158.84,182.09978503769958,135.58021496230043
2015-05-04 00:00:00+05:30,158.0,168.0,158.0,162.0,4017,163.66666666666666,164.0,163.33333333333331,0.0040733197556009305,134.943475755124,1,159.4,182.25957129956706,136.54042870043295
2015-05-05 00:00:00+05:30,161.0,167.0,154.0,165.0,15816,162.66666666666666,163.0,162.33333333333331,0.004098360655737821,134.943475755124,1,160.2,182.37746604100624,138.02253395899373
2015-05-06 00:00:00+05:30,167.0,167.0,160.0,162.0,11262,162.0,160.5,163.5,0.018518518518518517,134.943475755124,1,160.84,182.2516230118126,139.4283769881874
2015-05-07 00:00:00+05:30,158.0,166.0,158.0,161.0,7701,163.0,163.5,162.5,0.006134969325153374,134.943475755124,1,161.6,181.58399359487436,141.61600640512563
2015-05-08 00:00:00+05:30,165.0,167.0,158.0,166.0,15564,161.66666666666666,162.0,161.33333333333331,0.004123711340206303,134.943475755124,1,162.56,180.92588141091994,144.19411858908006
2015-05-11 00:00:00+05:30,168.0,172.0,164.0,170.0,16860,163.66666666666666,162.5,164.83333333333331,0.014256619144602736,134.943475755124,1,163.76,179.85253242966962,147.66746757033036
2015-05-12 00:00:00+05:30,168.0,170.0,164.0,168.0,6768,168.66666666666666,168.0,169.33333333333331,0.007905138339920837,134.943475755124,1,164.6,179.23147292653627,149.96852707346372
2015-05-13 00:00:00+05:30,169.0,169.0,163.0,165.0,7695,167.33333333333334,167.0,167.66666666666669,0.003984063745020033,134.943475755124,1,165.12,178.81753262452628,151.42246737547373
2015-05-14 00:00:00+05:30,167.0,168.0,164.0,166.0,5055,165.66666666666666,166.0,165.33333333333331,0.004024144869215407,134.943475755124,1,165.68,178.28755329157718,153.07244670842283
2015-05-15 00:00:00+05:30,167.0,167.0,164.0,166.0,1386,166.0,166.0,166.0,0.0,134.943475755124,1,166.2,177.69608629055801,154.70391370944196
2015-05-18 00:00:00+05:30,166.0,171.0,166.0,169.0,17799,165.66666666666666,165.5,165.83333333333331,0.0020120724346075316,134.943475755124,1,166.8,177.19999999999774,156.40000000000228
2015-05-19 00:00:00+05:30,168.0,171.0,167.0,170.0,5937,168.66666666666666,168.5,168.83333333333331,0.001976284584980125,134.943475755124,1,167.24,177.20441669140502,157.275583308595
2015-05-20 00:00:00+05:30,169.0,173.0,169.0,170.0,6477,169.33333333333334,169.0,169.66666666666669,0.00393700787401586,134.943475755124,1,167.64,177.20460140308776,158.0753985969122
2015-05-21 00:00:00+05:30,170.0,171.0,166.0,167.0,4374,170.66666666666666,171.0,170.33333333333331,0.003906250000000111,134.943475755124,1,167.28,176.2156812834809,158.3443187165191
2015-05-22 00:00:00+05:30,166.0,171.0,165.0,167.0,3453,168.0,168.5,167.5,0.005952380952380952,134.943475755124,1,166.88,174.886397442043,158.87360255795699
2015-05-25 00:00:00+05:30,165.0,166.0,162.0,163.0,26505,167.66666666666666,168.0,167.33333333333331,0.003976143141153195,134.943475755124,1,166.24,172.67192039751396,159.80807960248606
2015-05-26 00:00:00+05:30,162.0,166.0,162.0,163.0,6456,163.66666666666666,164.0,163.33333333333331,0.0040733197556009305,134.943475755124,1,165.88,171.9810163087766,159.7789836912234
2015-05-27 00:00:00+05:30,165.0,166.0,162.0,165.0,7932,163.66666666666666,164.0,163.33333333333331,0.0040733197556009305,134.943475755124,1,165.68,171.55114980220733,159.80885019779268
2015-05-28 00:00:00+05:30,164.0,165.0,162.0,164.0,3354,164.33333333333334,164.0,164.66666666666669,0.004056795131845957,134.943475755124,1,165.48,171.2244233827217,159.73557661727827
2015-05-29 00:00:00+05:30,165.0,168.0,162.0,166.0,10725,163.66666666666666,163.5,163.83333333333331,0.0020366598778002918,134.943475755124,1,165.36,170.92790804521417,159.79209195478586
2015-06-01 00:00:00+05:30,179.0,179.0,169.0,176.0,86784,165.33333333333334,165.0,165.66666666666669,0.004032258064516243,134.943475755124,1,165.68,172.57857956393627,158.78142043606374
2015-06-02 00:00:00+05:30,175.0,175.0,170.0,170.0,33396,174.66666666666666,174.0,175.33333333333331,0.007633587786259434,134.943475755124,1,166.08,172.77136757322128,159.38863242677874
2015-06-03 00:00:00+05:30,172.0,172.0,161.0,163.0,31176,171.66666666666666,172.5,170.83333333333331,0.00970873786407778,134.943475755124,1,166.08,172.77136757322128,159.38863242677874
2015-06-04 00:00:00+05:30,165.0,165.0,160.0,161.0,13122,165.33333333333334,166.5,164.16666666666669,0.014112903225806337,134.943475755124,1,165.92,172.89240274223727,158.9475972577627
2015-06-05 00:00:00+05:30,160.0,163.0,156.0,158.0,21267,162.0,162.5,161.5,0.006172839506172839,134.943475755124,1,165.72,173.27820084411357,158.16179915588643
2015-06-08 00:00:00+05:30,158.0,162.0,156.0,157.0,9363,159.0,159.5,158.5,0.006289308176100629,134.943475755124,1,165.52,173.70036673994267,157.33963326005735
2015-06-09 00:00:00+05:30,158.0,160.0,156.0,157.0,6363,158.33333333333334,159.0,157.66666666666669,0.008421052631578827,134.943475755124,1,165.2,174.0362888137476,156.36371118625237
2015-06-10 00:00:00+05:30,157.0,161.0,156.0,159.0,2673,157.66666666666666,158.0,157.33333333333331,0.004228329809725279,134.943475755124,1,165.08,174.1648445226081,155.99515547739193
2015-06-11 00:00:00+05:30,158.0,160.0,155.0,157.0,8274,158.66666666666666,158.5,158.83333333333331,0.0021008403361343344,134.943475755124,1,164.92,174.41812613097775,155.42187386902222
2015-06-12 00:00:00+05:30,156.0,158.0,154.0,155.0,5454,157.33333333333334,157.5,157.16666666666669,0.0021186440677964896,134.943475755124,1,164.48,174.72687269365463,154.23312730634535
2015-06-15 00:00:00+05:30,157.0,157.0,153.0,154.0,5979,155.66666666666666,156.0,155.33333333333331,0.004282655246252798,134.943475755124,1,163.84,174.61300329527324,153.06699670472676
2015-06-16 00:00:00+05:30,157.0,157.0,153.0,154.0,9540,154.66666666666666,155.0,154.33333333333331,0.00431034482758633,134.943475755124,1,163.28,174.57275874177654,151.98724125822346
2015-06-17 00:00:00+05:30,154.0,156.0,152.0,155.0,9402,154.66666666666666,155.0,154.33333333333331,0.00431034482758633,134.943475755124,1,162.88,174.6010238460628,151.1589761539372
2015-06-18 00:00:00+05:30,155.0,166.0,155.0,159.0,131973,154.33333333333334,154.0,154.66666666666669,0.004319654427645911,134.943475755124,1,162.6,174.34393460472145,150.85606539527853
2015-06-19 00:00:00+05:30,159.0,166.0,158.0,162.0,11100,160.0,160.5,159.5,0.00625,134.943475755124,1,162.44,174.10300132898794,150.77699867101205
2015-06-22 00:00:00+05:30,163.0,163.0,160.0,161.0,3399,162.0,162.0,162.0,0.0,134.943475755124,1,162.12,173.4805633663114,150.7594366336886
2015-06-23 00:00:00+05:30,160.0,162.0,157.0,158.0,10623,161.33333333333334,161.5,161.16666666666669,0.0020661157024792214,134.943475755124,1,161.64,172.63643578619812,150.64356421380185
2015-06-24 00:00:00+05:30,159.0,161.0,154.0,156.0,276312,159.0,159.5,158.5,0.006289308176100629,134.943475755124,1,161.08,171.73712906931232,150.4228709306877
2015-06-25 00:00:00+05:30,155.0,157.0,154.0,155.0,171177,157.0,157.5,156.5,0.006369426751592357,134.943475755124,1,160.6,171.22826420446836,149.97173579553163
2015-06-26 00:00:00+05:30,156.0,157.0,154.0,155.0,27468,155.33333333333334,155.5,155.16666666666669,0.0021459227467809936,134.943475755124,1,160.12,170.63201217655242,149.6079878234476
2015-06-29 00:00:00+05:30,155.0,155.0,153.0,153.0,22905,155.33333333333334,155.5,155.16666666666669,0.0021459227467809936,134.943475755124,1,159.72,170.52029629223142,148.91970370776858
2015-06-30 00:00:00+05:30,153.0,154.0,150.0,153.0,16884,153.66666666666666,154.0,153.33333333333331,0.004338394793926371,134.943475755124,1,159.32,170.34317558600924,148.29682441399075
2015-07-01 00:00:00+05:30,154.0,156.0,153.0,154.0,654780,152.33333333333334,152.0,152.66666666666669,0.004376367614879774,134.943475755124,1,158.88,169.83912405258704,147.92087594741295
2015-07-02 00:00:00+05:30,153.0,157.0,153.0,155.0,16182,154.33333333333334,154.5,154.16666666666669,0.002159827213822771,134.943475755124,1,158.52,169.37349713226084,147.66650286773918
2015-07-03 00:00:00+05:30,155.0,175.0,155.0,158.0,446385,155.0,155.0,155.0,0.0,134.943475755124,1,158.2,168.615373253033,147.78462674696698
2015-07-06 00:00:00+05:30,157.0,173.0,157.0,172.0,151266,162.66666666666666,165.0,160.33333333333331,0.028688524590164053,134.943475755124,1,158.04,167.42901485780035,148.65098514219963
2015-07-07 00:00:00+05:30,171.0,175.0,168.0,172.0,109335,167.33333333333334,165.0,169.66666666666669,0.027888446215139553,134.943475755124,1,158.12,167.9394908218296,148.30050917817042
2015-07-08 00:00:00+05:30,171.0,174.0,168.0,173.0,60738,171.66666666666666,171.5,171.83333333333331,0.0019417475728154237,134.943475755124,1,158.52,169.80708997040398,147.23291002959604
2015-07-09 00:00:00+05:30,169.0,176.0,169.0,173.0,41187,171.66666666666666,171.0,172.33333333333331,0.007766990291262026,134.943475755124,1,159.0,171.61110621634722,146.38889378365278
2015-07-10 00:00:00+05:30,173.0,175.0,171.0,174.0,33360,172.66666666666666,172.5,172.83333333333331,0.0019305019305018208,134.943475755124,1,159.64,173.54113664417366,145.7388633558263
2015-07-13 00:00:00+05:30,174.0,182.0,174.0,179.0,55902,173.33333333333334,173.0,173.66666666666669,0.0038461538461539552,134.943475755124,1,160.52,176.29968314003753,144.7403168599625
2015-07-14 00:00:00+05:30,178.0,183.0,176.0,181.0,65991,178.33333333333334,178.0,178.66666666666669,0.0037383177570094518,134.943475755124,1,161.48,179.0992621865951,143.86073781340488
2015-07-15 00:00:00+05:30,182.0,185.0,180.0,182.0,68058,180.0,179.5,180.5,0.005555555555555556,137.79134830212152,1,162.4,181.72459572668924,143.07540427331077
2015-07-16 00:00:00+05:30,181.0,186.0,180.0,184.0,38808,182.33333333333334,182.5,182.16666666666669,0.0018281535648993475,138.39969437003666,1,163.48,184.42656057685772,142.53343942314226
2015-07-17 00:00:00+05:30,183.0,195.0,182.0,190.0,126576,183.33333333333334,183.0,183.66666666666669,0.0036363636363637396,142.0437065952352,1,164.88,187.94387651718512,141.81612348281487
2015-07-20 00:00:00+05:30,188.0,195.0,185.0,193.0,100809,189.0,188.5,189.5,0.005291005291005291,142.60195833142578,1,166.44,191.53552948235912,141.34447051764087
2015-07-21 00:00:00+05:30,192.0,193.0,185.0,185.0,28227,191.0,190.0,192.0,0.010471204188481676,142.60195833142578,1,167.68,193.2532360095462,142.1067639904538
2015-07-22 00:00:00+05:30,185.0,192.0,185.0,188.0,16107,187.66666666666666,189.0,186.33333333333331,0.014209591474245217,142.60195833142578,1,169.0,195.21755137307724,142.78244862692276
2015-07-23 00:00:00+05:30,187.0,195.0,187.0,192.0,73308,188.33333333333334,188.5,188.16666666666669,0.0017699115044246781,142.87926220631232,1,170.32,197.68841975708386,142.95158024291612
2015-07-24 00:00:00+05:30,193.0,194.0,185.0,188.0,34929,191.33333333333334,191.0,191.66666666666669,0.003484320557491388,142.87926220631232,1,171.36,199.35359926840303,143.366400731597
2015-07-27 00:00:00+05:30,189.0,190.0,180.0,181.0,43371,189.0,189.5,188.5,0.005291005291005291,142.87926220631232,1,172.16,200.0665870360374,144.2534129639626
2015-07-28 00:00:00+05:30,183.0,195.0,179.0,191.0,128667,183.66666666666666,185.0,182.33333333333331,0.014519056261343116,142.87926220631232,1,173.48,201.702657564445,145.257342435555
2015-07-29 00:00:00+05:30,192.0,193.0,183.0,185.0,20904,188.33333333333334,187.0,189.66666666666669,0.01415929203539833,142.87926220631232,1,174.64,202.27117080400174,147.00882919599823
2015-07-30 00:00:00+05:30,185.0,192.0,185.0,188.0,26373,187.0,188.0,186.0,0.0106951871657754,142.87926220631232,1,175.96,202.8552337784953,149.06476622150473
2015-07-31 00:00:00+05:30,188.0,199.0,182.0,187.0,97266,188.33333333333334,188.5,188.16666666666669,0.0017699115044246781,142.87926220631232,1,177.24,203.0471617966778,151.4328382033222
2015-08-03 00:00:00+05:30,185.0,197.0,181.0,193.0,180936,189.33333333333334,190.5,188.16666666666669,0.01232394366197173,142.87926220631232,1,178.84,203.3654480081384,154.3145519918616
2015-08-04 00:00:00+05:30,194.0,197.0,189.0,192.0,42207,190.33333333333334,189.0,191.66666666666669,0.014010507880910782,142.87926220631232,1,180.4,203.0415547169335,157.75844528306652
2015-08-05 00:00:00+05:30,191.0,196.0,190.0,194.0,51252,192.66666666666666,193.0,192.33333333333331,0.003460207612456846,142.87926220631232,1,182.0,202.50560898875926,161.49439101124074
2015-08-06 00:00:00+05:30,194.0,198.0,190.0,194.0,76653,193.33333333333334,193.0,193.66666666666669,0.0034482758620690635,142.87926220631232,1,183.56,201.36858220072216,165.75141779927785
2015-08-07 00:00:00+05:30,194.0,204.0,193.0,196.0,83838,194.0,194.0,194.0,0.0,142.87926220631232,1,185.08,200.18411864359757,169.97588135640245
2015-08-10 00:00:00+05:30,197.0,205.0,197.0,201.0,72048,197.66666666666666,198.5,196.83333333333331,0.008431703204047314,143.14190621199205,1,186.24,201.59999999999565,170.88000000000437
2015-08-11 00:00:00+05:30,203.0,205.0,198.0,204.0,111699,201.0,201.0,201.0,0.0,143.99622996351238,1,187.52,203.24890333112452,171.7910966688755
2015-08-12 00:00:00+05:30,204.0,204.0,194.0,196.0,35529,202.33333333333334,201.5,203.16666666666669,0.00823723228995067,143.99622996351238,1,188.44,203.3324678948741,173.5475321051259
2015-08-13 00:00:00+05:30,197.0,201.0,192.0,195.0,31908,198.0,199.0,197.0,0.010101010101010102,143.99622996351238,1,189.32,203.01052226906816,175.62947773093182
2015-08-14 00:00:00+05:30,197.0,202.0,192.0,198.0,36711,196.0,196.5,195.5,0.00510204081632653,143.99622996351238,1,190.28,202.85960253743525,177.70039746256475
2015-08-17 00:00:00+05:30,197.0,207.0,196.0,200.0,90477,197.33333333333334,197.0,197.66666666666669,0.0033783783783784744,143.99622996351238,1,191.12,203.37489290038243,178.86510709961757
2015-08-18 00:00:00+05:30,200.0,203.0,199.0,200.0,17283,201.0,201.5,200.5,0.004975124378109453,143.99622996351238,1,191.88,203.88426590841107,179.87573409158892
2015-08-19 00:00:00+05:30,200.0,203.0,198.0,200.0,24720,200.66666666666666,201.0,200.33333333333331,0.003322259136212719,143.99622996351238,1,192.6,204.30299107065528,180.8970089293447
2015-08-20 00:00:00+05:30,200.0,202.0,194.0,198.0,14031,200.33333333333334,200.5,200.16666666666669,0.001663893510815213,143.99622996351238,1,193.16,204.49744239234911,181.82255760765088
2015-08-21 00:00:00+05:30,196.0,201.0,191.0,198.0,34122,198.0,198.0,198.0,0.0,143.99622996351238,1,193.48,204.89395636928026,182.06604363071972
2015-08-24 00:00:00+05:30,192.0,195.0,185.0,187.0,38676,196.66666666666666,196.0,197.33333333333331,0.006779661016949057,143.99622996351238,1,193.24,204.93314328997275,181.54685671002727
2015-08-25 00:00:00+05:30,189.0,193.0,174.0,188.0,51591,189.0,190.0,188.0,0.010582010582010581,143.99622996351238,1,193.36,204.770591570985,181.94940842901502
2015-08-26 00:00:00+05:30,185.0,193.0,180.0,189.0,21522,185.0,183.5,186.5,0.016216216216216217,143.99622996351238,1,193.4,204.74195750299893,182.05804249700108
2015-08-27 00:00:00+05:30,197.0,197.0,188.0,190.0,9051,187.33333333333334,186.5,188.16666666666669,0.008896797153025012,143.99622996351238,1,193.32,204.7283478207773,181.9116521792227
2015-08-28 00:00:00+05:30,189.0,194.0,183.0,187.0,20190,191.66666666666666,192.5,190.83333333333331,0.008695652173913142,143.99622996351238,1,193.28,204.7694038139424,181.7905961860576
2015-08-31 00:00:00+05:30,188.0,188.0,183.0,183.0,74289,188.0,188.5,187.5,0.005319148936170213,143.99622996351238,1,193.36,204.5296732270839,182.19032677291614
2015-09-01 00:00:00+05:30,186.0,187.0,182.0,184.0,20409,184.66666666666666,185.5,183.83333333333331,0.009025270758122846,143.99622996351238,1,193.08,204.80921139718419,181.35078860281584
2015-09-02 00:00:00+05:30,184.0,188.0,181.0,185.0,18378,184.33333333333334,184.5,184.16666666666669,0.0018083182640143637,143.99622996351238,1,193.08,204.80921139718419,181.35078860281584
2015-09-03 00:00:00+05:30,185.0,197.0,185.0,192.0,28671,184.66666666666666,184.5,184.83333333333331,0.0018050541516244462,143.99622996351238,1,193.24,204.79550085456424,181.68449914543578
2015-09-04 00:00:00+05:30,190.0,193.0,185.0,190.0,23772,191.33333333333334,191.0,191.66666666666669,0.003484320557491388,143.99622996351238,1,193.36,204.7143647994872,182.0056352005128
2015-09-07 00:00:00+05:30,188.0,190.0,185.0,186.0,10404,189.33333333333334,189.0,189.66666666666669,0.00352112676056348,143.99622996351238,1,193.08,204.79556229977186,181.36443770022817
2015-09-08 00:00:00+05:30,190.0,190.0,183.0,186.0,27123,187.0,187.5,186.5,0.0053475935828877,143.99622996351238,1,192.84,204.87568028820291,180.8043197117971
2015-09-09 00:00:00+05:30,187.0,193.0,186.0,187.0,10752,186.33333333333334,186.5,186.16666666666669,0.00178890876565285,143.99622996351238,1,192.56,204.79869274064177,180.32130725935824
2015-09-10 00:00:00+05:30,183.0,188.0,183.0,186.0,12315,188.66666666666666,189.5,187.83333333333331,0.0088339222614842,143.99622996351238,1,192.24,204.7271774232546,179.75282257674542
2015-09-11 00:00:00+05:30,187.0,190.0,184.0,186.0,27507,185.66666666666666,185.5,185.83333333333331,0.0017953321364451403,143.99622996351238,1,191.84,204.45973058348872,179.2202694165113
2015-09-14 00:00:00+05:30,188.0,190.0,186.0,188.0,14841,186.66666666666666,187.0,186.33333333333331,0.0035714285714286732,143.99622996351238,1,191.32,203.44890761774707,179.19109238225292
2015-09-15 00:00:00+05:30,187.0,188.0,186.0,187.0,10128,188.0,188.0,188.0,0.0,143.99622996351238,1,190.64,201.70894755610692,179.57105244389305
2015-09-16 00:00:00+05:30,187.0,194.0,187.0,192.0,31317,187.0,187.0,187.0,0.0,143.99622996351238,1,190.48,201.34822892654762,179.61177107345236
2015-09-18 00:00:00+05:30,193.0,229.0,193.0,221.0,435891,191.0,190.5,191.5,0.005235602094240838,147.98408249884847,1,191.52,207.63081624250748,175.40918375749254
2015-09-21 00:00:00+05:30,217.0,230.0,212.0,221.0,243543,214.33333333333334,211.0,217.66666666666669,0.031104199066874116,155.46471919889456,1,192.44,212.15054540087203,172.72945459912796
2015-09-22 00:00:00+05:30,208.0,226.0,208.0,214.0,90843,221.0,221.0,221.0,0.0,155.46471919889456,1,193.0,214.27157728048945,171.72842271951055
2015-09-23 00:00:00+05:30,213.0,216.0,211.0,213.0,18609,216.0,217.0,215.0,0.009259259259259259,155.46471919889456,1,193.52,216.04905679339095,170.99094320660907
2015-09-24 00:00:00+05:30,210.0,217.0,210.0,214.0,22755,213.33333333333334,213.5,213.16666666666669,0.0015624999999999112,155.46471919889456,1,194.08,217.8853439378605,170.2746560621395
2015-09-28 00:00:00+05:30,213.0,231.0,212.0,221.0,97161,213.66666666666666,213.5,213.83333333333331,0.0015600624024960112,155.46471919889456,1,195.0,221.01538006641124,168.98461993358876
2015-09-29 00:00:00+05:30,216.0,220.0,210.0,214.0,23469,221.33333333333334,221.5,221.16666666666669,0.0015060240963854566,155.46471919889456,1,195.64,222.68591651247604,168.59408348752393
2015-09-30 00:00:00+05:30,216.0,218.0,211.0,213.0,26724,214.66666666666666,215.0,214.33333333333331,0.0031055900621118895,155.46471919889456,1,196.68,224.310244298591,169.04975570140903
2015-10-01 00:00:00+05:30,213.0,215.0,210.0,211.0,13689,214.0,214.5,213.5,0.004672897196261682,155.46471919889456,1,197.6,225.54279871451348,169.6572012854865
2015-10-05 00:00:00+05:30,212.0,228.0,212.0,225.0,64290,212.0,212.5,211.5,0.0047169811320754715,155.46471919889456,1,199.04,228.71816705930152,169.36183294069846
2015-10-06 00:00:00+05:30,223.0,227.0,217.0,218.0,73860,221.66666666666666,220.0,223.33333333333331,0.015037593984962322,155.46471919889456,1,200.16,230.4950885939007,169.8249114060993
2015-10-07 00:00:00+05:30,221.0,223.0,215.0,217.0,21600,220.66666666666666,222.0,219.33333333333331,0.012084592145015192,155.46471919889456,1,201.36,231.8906665502049,170.82933344979512
2015-10-08 00:00:00+05:30,217.0,218.0,212.0,214.0,9618,218.33333333333334,219.0,217.66666666666669,0.006106870229007547,155.46471919889456,1,202.6,232.55997329771498,172.640026702285
2016-01-07 00:00:00+05:30,448.0,450.0,428.0,434.0,396687,214.66666666666666,215.0,214.33333333333331,0.0031055900621118895,308.2357231928198,1,212.6,307.51891276241923,117.68108723758075
2016-01-08 00:00:00+05:30,441.0,480.0,436.0,468.0,1547787,437.3333333333333,439.0,435.66666666666663,0.007621951219512282,319.5862942651071,1,223.92,361.0761679254699,86.76383207453006
2016-01-11 00:00:00+05:30,463.0,479.0,450.0,464.0,900336,461.3333333333333,458.0,464.66666666666663,0.01445086705202304,323.5028424945028,1,234.8,400.3217206290451,69.27827937095489
2016-01-12 00:00:00+05:30,469.0,469.0,442.0,444.0,565458,464.3333333333333,464.5,464.16666666666663,0.0007178750897344679,323.5028424945028,1,244.96,428.44229778373614,61.47770221626388
2016-01-13 00:00:00+05:30,453.0,460.0,411.0,432.0,982230,451.6666666666667,455.5,447.83333333333337,0.016974169741697333,323.5028424945028,1,254.8,450.55413150173763,59.04586849826242
2016-01-14 00:00:00+05:30,425.0,438.0,414.0,423.0,435909,434.3333333333333,435.5,433.16666666666663,0.005372217958557263,323.5028424945028,1,264.28,468.5578656634133,60.002134336586664
2016-01-15 00:00:00+05:30,427.0,429.0,400.0,403.0,437835,425.0,426.0,424.0,0.004705882352941176,323.5028424945028,1,272.92,481.6164647520401,64.22353524795994
2016-01-18 00:00:00+05:30,400.0,400.0,348.0,360.0,429201,410.6666666666667,414.5,406.83333333333337,0.018668831168831074,323.5028424945028,1,279.88,488.1224125868682,71.63758741313174
2016-01-19 00:00:00+05:30,360.0,375.0,350.0,352.0,692301,369.3333333333333,374.0,364.66666666666663,0.025270758122743785,323.5028424945028,1,286.52,492.94334751669794,80.09665248330202
2016-01-20 00:00:00+05:30,342.0,417.0,335.0,390.0,1971765,359.0,362.5,355.5,0.019498607242339833,323.5028424945028,1,294.6,500.77895139901995,88.4210486009801
2016-01-21 00:00:00+05:30,400.0,417.0,397.0,403.0,1045278,380.6666666666667,376.0,385.33333333333337,0.024518388791593793,323.5028424945028,1,303.24,508.76082522216427,97.71917477783572
2016-01-22 00:00:00+05:30,411.0,418.0,402.0,404.0,616785,405.6666666666667,407.0,404.33333333333337,0.006573541495480596,323.5028424945028,1,311.72,515.6702056875633,107.76979431243674
2016-01-25 00:00:00+05:30,409.0,415.0,390.0,410.0,646197,408.0,410.0,406.0,0.00980392156862745,323.5028424945028,1,319.28,523.2302056875632,115.32979431243675
2016-01-27 00:00:00+05:30,410.0,416.0,401.0,408.0,271416,405.0,402.5,407.5,0.012345679012345678,323.5028424945028,1,326.76,529.4564469348176,124.06355306518239
2016-01-28 00:00:00+05:30,408.0,415.0,401.0,404.0,223680,408.3333333333333,408.5,408.16666666666663,0.0008163265306123377,323.5028424945028,1,334.36,533.7967107630873,134.9232892369128
2016-01-29 00:00:00+05:30,405.0,417.0,402.0,408.0,366309,406.6666666666667,408.0,405.33333333333337,0.006557377049180234,323.5028424945028,1,342.16,537.2055782631313,147.1144217368687
2016-02-01 00:00:00+05:30,418.0,455.0,418.0,425.0,1292352,409.0,409.5,408.5,0.0024449877750611247,323.5028424945028,1,350.6,540.9361237390298,160.26387626097025
2016-02-02 00:00:00+05:30,428.0,430.0,409.0,413.0,242523,432.6666666666667,436.5,428.83333333333337,0.017719568567026105,323.5028424945028,1,358.28,542.4742626685186,174.08573733148137
2016-02-03 00:00:00+05:30,401.0,408.0,396.0,399.0,180201,417.3333333333333,419.5,415.16666666666663,0.01038338658146974,323.5028424945028,1,365.68,540.7317363524259,190.62826364757416
2016-02-04 00:00:00+05:30,408.0,409.0,375.0,380.0,370584,401.0,402.0,400.0,0.004987531172069825,323.5028424945028,1,372.36,535.9681953937492,208.7518046062509
2016-02-05 00:00:00+05:30,382.0,392.0,377.0,388.0,241107,388.0,392.0,384.0,0.020618556701030927,323.5028424945028,1,379.44,529.2410200232267,229.63897997677327
2016-02-08 00:00:00+05:30,387.0,408.0,377.0,389.0,381960,385.6666666666667,384.5,386.83333333333337,0.006050129645635362,323.5028424945028,1,386.0,521.8917216021607,250.10827839783929
2016-02-09 00:00:00+05:30,383.0,399.0,372.0,375.0,504831,391.3333333333333,392.5,390.16666666666663,0.005962521294719007,323.5028424945028,1,392.28,509.8058541768539,274.754145823146
2016-02-10 00:00:00+05:30,371.0,383.0,349.0,353.0,423867,382.0,385.5,378.5,0.01832460732984293,323.5028424945028,1,397.72,492.720665260824,302.7193347391761
2016-02-11 00:00:00+05:30,350.0,359.0,317.0,323.0,352656,361.6666666666667,366.0,357.33333333333337,0.02396313364055289,519.3803863469508,-1,402.08,468.7275385892016,335.4324614107984
2016-02-12 00:00:00+05:30,332.0,332.0,292.0,318.0,565467,333.0,338.0,328.0,0.03003003003003003,497.32517089307277,-1,397.44,470.4048244018933,324.4751755981067
2016-02-15 00:00:00+05:30,323.0,352.0,323.0,344.0,358794,314.0,312.0,316.0,0.012738853503184714,497.32517089307277,-1,392.48,462.37848639276206,322.581513607238
2016-02-16 00:00:00+05:30,347.0,355.0,325.0,331.0,357885,339.6666666666667,337.5,341.83333333333337,0.012757605495584017,497.32517089307277,-1,387.16,454.67990521319734,319.6400947868027
2016-02-17 00:00:00+05:30,334.0,341.0,317.0,338.0,361719,337.0,340.0,334.0,0.017804154302670624,497.32517089307277,-1,382.92,448.92586640594277,316.91413359405726
2016-02-18 00:00:00+05:30,342.0,348.0,328.0,333.0,334404,332.0,329.0,335.0,0.018072289156626505,497.32517089307277,-1,378.96,444.59043196566034,313.3295680343396
2016-02-19 00:00:00+05:30,333.0,366.0,331.0,353.0,710874,336.3333333333333,338.0,334.66666666666663,0.00991080277502489,497.32517089307277,-1,376.16,439.9839578841612,312.33604211583884
2016-02-22 00:00:00+05:30,356.0,382.0,355.0,375.0,1081341,350.0,348.5,351.5,0.008571428571428572,497.32517089307277,-1,375.04,437.91633577109263,312.1636642289074
2016-02-23 00:00:00+05:30,374.0,383.0,364.0,379.0,632265,370.6666666666667,368.5,372.83333333333337,0.01169064748201449,497.32517089307277,-1,375.8,438.38945598101316,313.21054401898687
2016-02-24 00:00:00+05:30,379.0,381.0,362.0,364.0,289662,375.3333333333333,373.5,377.16666666666663,0.009769094138543417,497.32517089307277,-1,376.28,438.3135909004079,314.24640909959203
2016-02-25 00:00:00+05:30,365.0,372.0,352.0,354.0,310791,369.0,371.5,366.5,0.013550135501355014,497.32517089307277,-1,374.84,437.20327124196723,312.4767287580327
2016-02-26 00:00:00+05:30,359.0,364.0,334.0,341.0,429681,359.3333333333333,362.0,356.66666666666663,0.014842300556586377,497.32517089307277,-1,372.36,434.9772627954879,309.74273720451214
2016-02-29 00:00:00+05:30,337.0,373.0,320.0,358.0,1030089,346.3333333333333,349.0,343.66666666666663,0.015399422521655548,497.32517089307277,-1,370.52,432.0033180627005,309.0366819372995
2016-03-01 00:00:00+05:30,360.0,396.0,359.0,393.0,1247388,350.3333333333333,346.5,354.16666666666663,0.021883920076117877,497.32517089307277,-1,369.84,429.9217576307417,309.75824236925826
2016-03-02 00:00:00+05:30,398.0,406.0,380.0,386.0,801093,382.6666666666667,377.5,387.83333333333337,0.02700348432055759,497.32517089307277,-1,368.96,427.40239557033226,310.5176044296677
2016-03-03 00:00:00+05:30,388.0,390.0,378.0,384.0,450483,390.6666666666667,393.0,388.33333333333337,0.011945392491467479,497.32517089307277,-1,368.16,425.19242586458336,311.1275741354167
2016-03-04 00:00:00+05:30,382.0,400.0,377.0,389.0,623613,384.0,384.0,384.0,0.0,497.32517089307277,-1,367.4,422.77075040126505,312.0292495987349
2016-03-08 00:00:00+05:30,387.0,396.0,381.0,388.0,270489,388.6666666666667,388.5,388.83333333333337,0.0008576329331047287,497.32517089307277,-1,365.92,416.85343106447084,314.9865689355292
2016-03-09 00:00:00+05:30,383.0,387.0,375.0,378.0,311244,388.3333333333333,388.5,388.16666666666663,0.000858369098712544,497.32517089307277,-1,364.52,412.0076657670095,317.0323342329905
2016-03-10 00:00:00+05:30,382.0,410.0,382.0,399.0,1111641,380.0,381.0,379.0,0.005263157894736842,497.32517089307277,-1,364.52,412.0076657670095,317.0323342329905
2016-03-11 00:00:00+05:30,403.0,407.0,397.0,403.0,585294,397.0,396.0,398.0,0.005037783375314861,497.32517089307277,-1,365.44,414.9401575754987,315.9398424245013
2016-03-14 00:00:00+05:30,406.0,413.0,398.0,401.0,352044,402.3333333333333,402.0,402.66666666666663,0.00165700082850032,497.32517089307277,-1,365.96,416.65589332479703,315.2641066752029
2016-03-15 00:00:00+05:30,401.0,405.0,391.0,395.0,291597,404.0,405.5,402.5,0.007425742574257425,497.32517089307277,-1,366.2,417.3843726150785,315.01562738492146
2016-03-16 00:00:00+05:30,395.0,399.0,386.0,389.0,383061,397.0,398.0,396.0,0.005037783375314861,497.32517089307277,-1,366.76,418.61913227194606,314.9008677280539
2016-03-17 00:00:00+05:30,393.0,407.0,389.0,391.0,561471,391.3333333333333,392.5,390.16666666666663,0.005962521294719007,497.32517089307277,-1,368.28,420.661737275497,315.89826272450296
2016-03-18 00:00:00+05:30,395.0,399.0,392.0,396.0,251439,395.6666666666667,398.0,393.33333333333337,0.011794439764111108,497.32517089307277,-1,371.2,421.2463784903482,321.15362150965177
2016-03-21 00:00:00+05:30,400.0,403.0,393.0,395.0,286965,395.6666666666667,395.5,395.83333333333337,0.000842459983150896,497.32517089307277,-1,374.28,420.15468147027485,328.4053185297251
2016-03-22 00:00:00+05:30,398.0,398.0,389.0,392.0,265899,397.0,398.0,396.0,0.005037783375314861,497.32517089307277,-1,376.2,420.84616444891066,331.5538355510893
2016-03-23 00:00:00+05:30,392.0,409.0,387.0,404.0,473316,393.0,393.5,392.5,0.002544529262086514,497.32517089307277,-1,379.12,421.0239663993657,337.2160336006343
2016-03-28 00:00:00+05:30,400.0,402.0,387.0,389.0,354789,400.0,398.0,402.0,0.01,497.32517089307277,-1,381.16,419.6876212605861,342.6323787394139
2016-03-29 00:00:00+05:30,392.0,395.0,382.0,388.0,232377,392.6666666666667,394.5,390.83333333333337,0.009337860780984622,497.32517089307277,-1,383.36,416.54737109201574,350.1726289079843
2016-03-30 00:00:00+05:30,392.0,406.0,391.0,400.0,480444,388.3333333333333,388.5,388.16666666666663,0.000858369098712544,497.32517089307277,-1,385.24,416.61020242203034,353.8697975779697
2016-03-31 00:00:00+05:30,400.0,405.0,394.0,396.0,276402,399.0,398.5,399.5,0.002506265664160401,497.32517089307277,-1,386.08,417.4330604566629,354.7269395433371
2016-04-01 00:00:00+05:30,396.0,404.0,394.0,397.0,186450,398.3333333333333,399.5,397.16666666666663,0.005857740585774154,497.32517089307277,-1,386.8,418.29603149603383,355.3039685039662
2016-04-04 00:00:00+05:30,391.0,391.0,376.0,381.0,612243,398.3333333333333,399.0,397.66666666666663,0.0033472803347281287,497.32517089307277,-1,387.48,417.68527106316304,357.274728936837
2016-04-05 00:00:00+05:30,380.0,390.0,375.0,383.0,392868,382.6666666666667,383.5,381.83333333333337,0.004355400696864012,497.32517089307277,-1,388.64,415.6740821926536,361.6059178073464
2016-04-06 00:00:00+05:30,386.0,393.0,378.0,388.0,159753,382.6666666666667,382.5,382.83333333333337,0.0008710801393729213,497.32517089307277,-1,390.52,409.32527585543875,371.7147241445612
2016-04-07 00:00:00+05:30,392.0,392.0,382.0,385.0,124815,386.3333333333333,385.5,387.16666666666663,0.004314063848144855,497.32517089307277,-1,391.6,405.18823020113905,378.011769798861
2016-04-08 00:00:00+05:30,385.0,388.0,381.0,382.0,156357,386.3333333333333,387.0,385.66666666666663,0.00345125107851606,497.32517089307277,-1,391.16,405.24181806441015,377.0781819355899
2016-04-11 00:00:00+05:30,382.0,398.0,382.0,396.0,486123,383.6666666666667,384.5,382.83333333333337,0.004344048653344819,497.32517089307277,-1,391.56,405.6008546748105,377.5191453251895
2016-04-12 00:00:00+05:30,392.0,408.0,392.0,403.0,530241,392.0,390.0,394.0,0.01020408163265306,497.32517089307277,-1,392.32,406.69464434339665,377.94535565660334
2016-04-13 00:00:00+05:30,406.0,417.0,402.0,408.0,659952,401.0,400.0,402.0,0.004987531172069825,497.32517089307277,-1,393.08,408.63295470317917,377.5270452968208
2016-04-18 00:00:00+05:30,410.0,410.0,393.0,401.0,184191,409.0,409.5,408.5,0.0024449877750611247,497.32517089307277,-1,393.6,409.3073231328302,377.8926768671698
2016-04-20 00:00:00+05:30,404.0,404.0,389.0,391.0,141642,401.3333333333333,401.5,401.16666666666663,0.0008305647840532506,497.32517089307277,-1,394.12,408.5346592050989,379.70534079490113
2016-04-21 00:00:00+05:30,395.0,402.0,382.0,385.0,357978,394.6666666666667,396.5,392.83333333333337,0.009290540540540444,497.32517089307277,-1,393.56,408.25780936055247,378.86219063944753
2016-04-22 00:00:00+05:30,385.0,394.0,380.0,388.0,207069,389.6666666666667,392.0,387.33333333333337,0.011976047904191519,497.32517089307277,-1,392.96,407.2873724038689,378.63262759613104
2016-04-25 00:00:00+05:30,391.0,392.0,374.0,376.0,226026,387.3333333333333,387.0,387.66666666666663,0.0017211703958690933,497.32517089307277,-1,391.96,407.35329724260356,376.5667027573964
2016-04-26 00:00:00+05:30,346.0,346.0,306.0,310.0,5398416,380.6666666666667,383.0,378.33333333333337,0.012259194395796747,469.69077863211726,-1,388.56,424.11313769555585,353.00686230444416
2016-04-27 00:00:00+05:30,313.0,324.0,312.0,314.0,1763886,320.6666666666667,326.0,315.33333333333337,0.03326403326403314,459.86314748683253,-1,385.56,431.5759276772637,339.5440723227363
2016-04-28 00:00:00+05:30,317.0,319.0,293.0,303.0,2110092,316.6666666666667,318.0,315.33333333333337,0.008421052631578827,449.4686215873593,-1,382.04,438.19829057226696,325.8817094277331
2016-04-29 00:00:00+05:30,305.0,309.0,297.0,302.0,731598,305.0,306.0,304.0,0.006557377049180328,444.0898767238649,-1,378.28,442.2412882922098,314.31871170779016
2016-05-02 00:00:00+05:30,299.0,305.0,296.0,299.0,390816,302.6666666666667,303.0,302.33333333333337,0.0022026431718060423,438.4662816549103,-1,374.44,445.101061412911,303.778938587089
2016-05-03 00:00:00+05:30,301.0,302.0,292.0,294.0,285180,300.0,300.5,299.5,0.0033333333333333335,432.2476303887139,-1,370.52,447.44514803365144,293.59485196634853
2016-05-04 00:00:00+05:30,290.0,304.0,290.0,293.0,747390,296.0,297.0,295.0,0.006756756756756757,430.75772517316534,-1,366.08,447.4481411855967,284.7118588144033
2016-05-05 00:00:00+05:30,294.0,297.0,273.0,281.0,423363,295.6666666666667,297.0,294.33333333333337,0.009019165727170108,420.12741616623873,-1,361.76,449.0540410337338,274.46595896626616
2016-05-06 00:00:00+05:30,273.0,280.0,267.0,269.0,1187028,283.6666666666667,285.0,282.33333333333337,0.009400705052878832,407.14231951958914,-1,357.0,450.78784569441405,263.21215430558595
2016-05-09 00:00:00+05:30,275.0,293.0,273.0,288.0,1370514,272.0,273.5,270.5,0.011029411764705883,407.14231951958914,-1,352.52,448.3417010911371,256.69829890886285
2016-05-10 00:00:00+05:30,289.0,291.0,280.0,284.0,529767,284.6666666666667,283.0,286.33333333333337,0.011709601873536432,407.14231951958914,-1,348.04,445.76529662272327,250.31470337727677
2016-05-11 00:00:00+05:30,280.0,286.0,273.0,282.0,237210,285.0,285.5,284.5,0.0035087719298245615,407.14231951958914,-1,343.44,442.33320300202263,244.5467969979774
2016-05-12 00:00:00+05:30,285.0,286.0,278.0,280.0,170919,280.3333333333333,279.5,281.16666666666663,0.005945303210463599,407.14231951958914,-1,339.4,440.0618100373685,238.73818996263145
2016-05-13 00:00:00+05:30,280.0,283.0,274.0,277.0,227073,281.3333333333333,282.0,280.66666666666663,0.00473933649289113,403.9259183434085,-1,335.16,437.04099724678434,233.2790027532157
2016-05-16 00:00:00+05:30,276.0,282.0,276.0,277.0,143241,278.0,278.5,277.5,0.0035971223021582736,401.08888160967217,-1,330.72,432.67766964774785,228.76233035225218
2016-05-17 00:00:00+05:30,278.0,306.0,277.0,299.0,1377294,278.3333333333333,279.0,277.66666666666663,0.004790419161676783,401.08888160967217,-1,327.28,427.4678555514554,227.09214444854456
2016-05-18 00:00:00+05:30,295.0,306.0,292.0,297.0,625407,294.0,291.5,296.5,0.017006802721088437,401.08888160967217,-1,323.88,422.1601221000427,225.59987789995728
2016-05-19 00:00:00+05:30,295.0,308.0,292.0,294.0,530541,298.3333333333333,299.0,297.66666666666663,0.004469273743016887,401.08888160967217,-1,319.8,414.15592191272003,225.44407808728002
2016-05-20 00:00:00+05:30,296.0,298.0,289.0,291.0,186846,298.0,300.0,296.0,0.013422818791946308,401.08888160967217,-1,315.32,403.9084326534753,226.73156734652468
2016-05-23 00:00:00+05:30,293.0,297.0,289.0,290.0,116682,292.6666666666667,293.5,291.83333333333337,0.005694760820045428,401.08888160967217,-1,310.6,391.1421628713765,230.05783712862353
2016-05-24 00:00:00+05:30,289.0,291.0,285.0,287.0,123126,292.0,293.0,291.0,0.00684931506849315,401.08888160967217,-1,306.04,378.0499548673609,234.03004513263915
2016-05-25 00:00:00+05:30,290.0,301.0,285.0,295.0,362268,287.6666666666667,288.0,287.33333333333337,0.002317497103128489,401.08888160967217,-1,302.2,365.3746784716738,239.02532152832617
2016-05-26 00:00:00+05:30,295.0,298.0,289.0,291.0,206073,293.6666666666667,293.0,294.33333333333337,0.004540295119182876,401.08888160967217,-1,298.44,351.8967638376976,244.98323616230238
2016-05-27 00:00:00+05:30,291.0,300.0,291.0,296.0,339618,292.6666666666667,293.5,291.83333333333337,0.005694760820045428,401.08888160967217,-1,294.76,333.76063589224395,255.75936410775603
2016-05-30 00:00:00+05:30,299.0,306.0,289.0,299.0,693618,295.6666666666667,295.5,295.83333333333337,0.0011273957158964077,401.08888160967217,-1,291.68,312.4162098754666,270.9437901245334
2016-05-31 00:00:00+05:30,299.0,300.0,277.0,295.0,196905,298.0,297.5,298.5,0.003355704697986577,401.08888160967217,-1,291.08,310.48655559339164,271.6734444066083
2016-06-01 00:00:00+05:30,297.0,305.0,295.0,301.0,276939,290.6666666666667,288.5,292.83333333333337,0.014908256880734074,401.08888160967217,-1,290.56,308.08785212167777,273.03214787832223
2016-06-02 00:00:00+05:30,297.0,300.0,293.0,294.0,131283,300.3333333333333,300.0,300.66666666666663,0.0022197558268589193,401.08888160967217,-1,290.2,307.04755175090446,273.3524482490955
2016-06-03 00:00:00+05:30,294.0,299.0,287.0,287.0,180789,295.6666666666667,296.5,294.83333333333337,0.005636978579481269,401.08888160967217,-1,289.6,305.77899873290704,273.421001267093
2016-06-06 00:00:00+05:30,288.0,294.0,288.0,290.0,88953,291.0,293.0,289.0,0.013745704467353952,397.25583482728536,-1,289.24,304.9603562300416,273.5196437699584
2016-06-07 00:00:00+05:30,292.0,296.0,289.0,293.0,121914,290.6666666666667,291.0,290.33333333333337,0.0022935779816512457,396.46560143419396,-1,289.2,304.87673435379344,273.52326564620654
2016-06-08 00:00:00+05:30,293.0,298.0,291.0,292.0,122427,292.6666666666667,292.5,292.83333333333337,0.001138952164009241,396.2669773768262,-1,289.16,304.8028130462334,273.51718695376667
2016-06-09 00:00:00+05:30,293.0,295.0,289.0,290.0,80811,293.6666666666667,294.5,292.83333333333337,0.005675368898978304,391.3762982817532,-1,289.52,304.8052347054079,274.2347652945921
2016-06-10 00:00:00+05:30,291.0,298.0,287.0,289.0,232164,291.3333333333333,292.0,290.66666666666663,0.004576659038901732,390.98124635048305,-1,290.32,303.1164995213302,277.5235004786698
2016-06-13 00:00:00+05:30,288.0,294.0,287.0,293.0,154497,291.3333333333333,292.5,290.16666666666663,0.008009153318077934,387.00199649646373,-1,290.52,303.32149991209633,277.71850008790364
2016-06-14 00:00:00+05:30,293.0,298.0,289.0,290.0,148272,291.3333333333333,290.5,292.16666666666663,0.005720823798626873,387.00199649646373,-1,290.76,303.2855578717837,278.2344421282163
2016-06-15 00:00:00+05:30,292.0,296.0,291.0,292.0,92205,292.3333333333333,293.5,291.16666666666663,0.00798175598631712,386.53543997114093,-1,291.16,303.16906324404204,279.150936755958
2016-06-16 00:00:00+05:30,292.0,293.0,287.0,289.0,66357,293.0,293.5,292.5,0.0034129692832764505,380.9940223722953,-1,291.52,302.6787812954372,280.36121870456276
2016-06-17 00:00:00+05:30,291.0,292.0,287.0,288.0,66504,289.6666666666667,290.0,289.33333333333337,0.0023014959723819174,378.25426147740353,-1,291.96,301.5513294177292,282.36867058227074
2016-06-20 00:00:00+05:30,287.0,292.0,276.0,288.0,59124,289.0,289.5,288.5,0.0034602076124567475,373.68409101830736,-1,292.4,300.01051903613654,284.7894809638634
2016-06-21 00:00:00+05:30,289.0,290.0,286.0,287.0,85269,285.3333333333333,284.0,286.66666666666663,0.009345794392523232,373.68409101830736,-1,291.92,299.31556623926787,284.52443376073217
2016-06-22 00:00:00+05:30,287.0,289.0,283.0,284.0,49260,287.6666666666667,288.0,287.33333333333337,0.002317497103128489,371.4080582824721,-1,291.4,299.1149206087555,283.68507939124447
2016-06-23 00:00:00+05:30,286.0,286.0,281.0,283.0,52116,285.3333333333333,286.0,284.66666666666663,0.0046728971962618155,366.8917359511732,-1,290.96,299.26383044139277,282.6561695586072
2016-06-24 00:00:00+05:30,275.0,279.0,268.0,272.0,118362,283.3333333333333,283.5,283.16666666666663,0.001176470588235428,357.75606651312626,-1,290.2,301.3427106217206,279.0572893782794
2016-06-27 00:00:00+05:30,274.0,281.0,272.0,277.0,95349,273.0,273.5,272.5,0.003663003663003663,357.75606651312626,-1,289.68,301.9661873662828,277.39381263371723
2016-06-28 00:00:00+05:30,279.0,303.0,277.0,300.0,1043832,276.6666666666667,276.5,276.83333333333337,0.0012048192771085707,357.75606651312626,-1,290.2,303.0747815515217,277.32521844847827
2016-06-29 00:00:00+05:30,302.0,303.0,289.0,290.0,410886,293.3333333333333,290.0,296.66666666666663,0.0227272727272726,357.75606651312626,-1,290.0,302.72477897644615,277.27522102355385
2016-06-30 00:00:00+05:30,293.0,295.0,289.0,290.0,114885,294.0,296.0,292.0,0.013605442176870748,357.75606651312626,-1,289.96,302.67823887177013,277.2417611282298
2016-07-01 00:00:00+05:30,293.0,294.0,287.0,288.0,72849,291.3333333333333,292.0,290.66666666666663,0.004576659038901732,357.75606651312626,-1,289.64,302.13486294440264,277.14513705559733
2016-07-04 00:00:00+05:30,288.0,295.0,287.0,291.0,112152,289.6666666666667,290.5,288.83333333333337,0.005753739930954989,357.75606651312626,-1,289.32,301.2359724739279,277.40402752607207
2016-10-03 00:00:00+05:30,432.0,449.0,426.0,440.0,634458,291.0,291.0,291.0,0.0,313.264997439636,1,295.12,355.41081522088905,234.82918477911096
2016-10-04 00:00:00+05:30,440.0,446.0,435.0,440.0,284277,438.3333333333333,437.5,439.16666666666663,0.0038022813688212065,318.15439754205056,1,300.68,383.53065117426274,217.82934882573727
2016-10-05 00:00:00+05:30,440.0,450.0,434.0,437.0,340140,440.3333333333333,440.5,440.16666666666663,0.0007570022710068991,320.0682216403685,1,306.4,404.88614115701426,207.9138588429857
2016-10-06 00:00:00+05:30,441.0,442.0,427.0,430.0,283368,440.3333333333333,442.0,438.66666666666663,0.007570022710068217,320.0682216403685,1,312.12,421.44859827144643,202.79140172855358
2016-10-07 00:00:00+05:30,430.0,449.0,428.0,446.0,467292,433.0,434.5,431.5,0.006928406466512702,320.0682216403685,1,318.36,439.1346728416157,197.58532715838433
2016-10-10 00:00:00+05:30,448.0,450.0,435.0,438.0,169047,441.0,438.5,443.5,0.011337868480725623,320.9070461412131,1,324.16,453.1532463348344,195.1667536651656
2016-10-13 00:00:00+05:30,440.0,461.0,431.0,448.0,921693,441.0,442.5,439.5,0.006802721088435374,320.9070461412131,1,330.4,467.4103645714413,193.38963542855868
2016-10-14 00:00:00+05:30,450.0,481.0,450.0,469.0,707922,446.6666666666667,446.0,447.33333333333337,0.0029850746268657562,336.1359337237419,1,337.56,483.77636570507156,191.34363429492845
2016-10-17 00:00:00+05:30,477.0,506.0,477.0,497.0,1810500,466.6666666666667,465.5,467.83333333333337,0.005000000000000081,356.95049637479224,1,345.88,503.33609673810406,188.4239032618959
2016-10-18 00:00:00+05:30,498.0,514.0,491.0,505.0,1107993,493.3333333333333,491.5,495.16666666666663,0.007432432432432356,366.89247651980054,1,354.36,522.015723433467,186.70427656653305
2016-10-19 00:00:00+05:30,500.0,504.0,484.0,486.0,383457,503.3333333333333,502.5,504.16666666666663,0.0033112582781456203,366.89247651980054,1,362.2,535.3256191324645,189.07438086753555
2016-10-20 00:00:00+05:30,489.0,496.0,482.0,486.0,340422,491.3333333333333,494.0,488.66666666666663,0.010854816824966156,366.89247651980054,1,369.96,547.1473404055694,192.77265959443062
2016-10-21 00:00:00+05:30,488.0,503.0,480.0,496.0,349236,488.0,489.0,487.0,0.004098360655737705,366.89247651980054,1,378.24,558.8339356678376,197.64606433216235
2016-10-24 00:00:00+05:30,491.0,505.0,487.0,500.0,588258,493.0,491.5,494.5,0.006085192697768763,366.89247651980054,1,386.72,569.4648669593734,203.9751330406267
2016-10-25 00:00:00+05:30,502.0,502.0,485.0,490.0,228081,497.3333333333333,496.0,498.66666666666663,0.00536193029490609,366.89247651980054,1,394.8,577.2333302880782,212.36666971192182
2016-10-26 00:00:00+05:30,488.0,505.0,477.0,482.0,370056,492.3333333333333,493.5,491.16666666666663,0.004739336492891073,366.89247651980054,1,402.6,582.5884440734989,222.6115559265012
2016-10-27 00:00:00+05:30,482.0,490.0,462.0,471.0,285882,488.0,491.0,485.0,0.012295081967213115,366.89247651980054,1,410.08,585.2086795473516,234.95132045264833
2016-10-28 00:00:00+05:30,473.0,490.0,468.0,486.0,362274,474.3333333333333,476.0,472.66666666666663,0.007027406886858829,366.89247651980054,1,418.2,587.7424430636735,248.6575569363265
2016-11-01 00:00:00+05:30,483.0,487.0,464.0,472.0,152850,481.3333333333333,479.0,483.66666666666663,0.009695290858725683,366.89247651980054,1,426.2,585.9868580328149,266.4131419671851
2016-11-02 00:00:00+05:30,469.0,482.0,466.0,475.0,231213,474.3333333333333,475.5,473.16666666666663,0.004919184820801205,366.89247651980054,1,434.12,582.7815700172675,285.4584299827325
2016-11-03 00:00:00+05:30,477.0,487.0,462.0,466.0,490881,474.3333333333333,474.0,474.66666666666663,0.00140548137737167,366.89247651980054,1,440.76,579.3544068135468,302.1655931864532
2016-11-04 00:00:00+05:30,488.0,497.0,459.0,463.0,689682,471.6666666666667,474.5,468.83333333333337,0.012014134275618293,366.89247651980054,1,447.68,572.0159577917783,323.3440422082217
2016-11-07 00:00:00+05:30,470.0,473.0,457.0,459.0,163941,473.0,478.0,468.0,0.021141649048625793,366.89247651980054,1,454.44,560.8310973719082,348.04890262809175
2016-11-08 00:00:00+05:30,462.0,466.0,444.0,448.0,214416,463.0,465.0,461.0,0.008639308855291577,366.89247651980054,1,460.84,542.8735151020535,378.80648489794646
2016-11-09 00:00:00+05:30,413.0,433.0,358.0,426.0,507300,452.6666666666667,455.0,450.33333333333337,0.01030927835051538,366.89247651980054,1,466.24,513.0563390281516,419.4236609718485
2016-11-10 00:00:00+05:30,440.0,443.0,427.0,430.0,161673,405.6666666666667,395.5,415.83333333333337,0.05012325390304036,366.89247651980054,1,465.84,513.7054113112885,417.9745886887115
2016-11-11 00:00:00+05:30,427.0,427.0,395.0,407.0,260664,433.3333333333333,435.0,431.66666666666663,0.00769230769230778,366.89247651980054,1,464.52,516.7812514201376,412.2587485798624
2016-11-15 00:00:00+05:30,410.0,410.0,382.0,384.0,201279,409.6666666666667,411.0,408.33333333333337,0.006509357200976311,366.89247651980054,1,462.4,522.6448338033962,402.1551661966037
2016-11-16 00:00:00+05:30,389.0,397.0,307.0,317.0,1260807,392.0,396.0,388.0,0.02040816326530612,537.6644183697953,-1,457.88,540.1134627751918,375.6465372248082
2016-11-17 00:00:00+05:30,306.0,324.0,290.0,310.0,2707539,340.3333333333333,352.0,328.66666666666663,0.0685602350636632,494.7578416350034,-1,452.44,553.0399284293924,351.8400715706076
2016-11-18 00:00:00+05:30,315.0,326.0,311.0,314.0,1010085,308.0,307.0,309.0,0.006493506493506494,494.7578416350034,-1,447.48,561.738821978869,333.221178021131
2016-11-21 00:00:00+05:30,323.0,325.0,310.0,315.0,331848,317.0,318.5,315.5,0.00946372239747634,494.7578416350034,-1,442.16,567.6589147363392,316.66108526366094
2016-11-22 00:00:00+05:30,320.0,321.0,311.0,314.0,166449,316.6666666666667,317.5,315.83333333333337,0.005263157894736722,493.0768897767864,-1,435.96,570.5295121489222,301.39048785107775
2016-11-23 00:00:00+05:30,315.0,319.0,314.0,317.0,148965,315.3333333333333,316.0,314.66666666666663,0.004228329809725279,487.893814185715,-1,428.76,568.6517066877052,288.8682933122948
2016-11-24 00:00:00+05:30,319.0,325.0,302.0,314.0,774957,316.6666666666667,316.5,316.83333333333337,0.001052631578947488,484.47806161828635,-1,421.12,564.3449363763133,277.8950636236867
2016-11-25 00:00:00+05:30,317.0,322.0,313.0,316.0,279222,313.6666666666667,313.5,313.83333333333337,0.0010626992561106414,484.1589391535549,-1,414.32,560.6858102153608,267.9541897846392
2016-11-28 00:00:00+05:30,317.0,319.0,311.0,313.0,157722,317.0,317.5,316.5,0.0031545741324921135,477.2325815874127,-1,407.4,555.8986195221997,258.9013804778002
2016-11-29 00:00:00+05:30,315.0,317.0,307.0,308.0,196401,314.3333333333333,315.0,313.66666666666663,0.004241781548250386,470.5432783239162,-1,399.88,548.7104484976078,251.04955150239226
2016-11-30 00:00:00+05:30,308.0,315.0,307.0,310.0,560343,310.6666666666667,312.0,309.33333333333337,0.00858369098712434,465.44154719095957,-1,392.28,539.2771645985019,245.28283540149798
2016-12-01 00:00:00+05:30,310.0,314.0,307.0,308.0,124545,310.6666666666667,311.0,310.33333333333337,0.0021459227467809936,460.72388530332114,-1,385.0,529.9303280890481,240.0696719109519
2016-12-02 00:00:00+05:30,308.0,309.0,300.0,302.0,113289,309.6666666666667,310.5,308.83333333333337,0.005382131324004183,451.23492989118836,-1,377.8,520.6084031140995,234.9915968859005
2016-12-05 00:00:00+05:30,305.0,311.0,302.0,307.0,220812,303.6666666666667,304.5,302.83333333333337,0.005488474204171115,449.88553269554075,-1,371.24,511.3625520749575,231.11744792504254
2016-12-06 00:00:00+05:30,309.0,311.0,304.0,304.0,140478,306.6666666666667,306.5,306.83333333333337,0.001086956521739254,447.11011138771914,-1,363.96,498.2676825799596,229.65231742004033
2016-12-07 00:00:00+05:30,308.0,308.0,304.0,306.0,124965,306.3333333333333,307.5,305.16666666666663,0.007616974972796642,441.1457069322104,-1,357.32,485.89709904955555,228.74290095044444
2016-12-08 00:00:00+05:30,306.0,313.0,305.0,306.0,233382,306.0,306.0,306.0,0.0,440.979878654922,-1,350.56,471.2037134706954,229.9162865293046
2016-12-09 00:00:00+05:30,307.0,309.0,305.0,305.0,91230,308.0,309.0,307.0,0.006493506493506494,434.8206835087251,-1,344.12,456.32027807451846,231.91972192548153
2016-12-12 00:00:00+05:30,308.0,310.0,303.0,305.0,128313,306.3333333333333,307.0,305.66666666666663,0.00435255712731242,431.1678561683761,-1,337.8,439.84312813707396,235.75687186292606
2016-12-13 00:00:00+05:30,306.0,308.0,303.0,304.0,65499,306.0,306.5,305.5,0.0032679738562091504,426.58114192164106,-1,331.6,421.552876552111,241.64712344788904
2016-12-14 00:00:00+05:30,306.0,310.0,299.0,302.0,278124,305.0,305.5,304.5,0.003278688524590164,423.8178962447754,-1,325.76,402.7499318092914,248.77006819070857
2016-12-15 00:00:00+05:30,299.0,306.0,298.0,299.0,128913,303.6666666666667,304.5,302.83333333333337,0.005488474204171115,418.7851803949844,-1,320.68,386.4911723037917,254.86882769620829
2016-12-16 00:00:00+05:30,302.0,303.0,292.0,294.0,127548,301.0,302.0,300.0,0.006644518272425249,412.69377317918503,-1,315.24,364.3774561816074,266.10254381839263
2016-12-19 00:00:00+05:30,294.0,300.0,292.0,296.0,116304,296.3333333333333,297.5,295.16666666666663,0.007874015748031624,408.82602225201765,-1,310.8,343.1678853186211,278.43211468137895
2016-12-20 00:00:00+05:30,298.0,298.0,289.0,291.0,132420,296.0,296.0,296.0,0.0,404.3329813619369,-1,307.08,321.1418064273201,293.0181935726799
2016-12-21 00:00:00+05:30,292.0,293.0,289.0,291.0,50943,292.6666666666667,293.5,291.83333333333337,0.005694760820045428,398.51966210745945,-1,306.04,320.839783782185,291.24021621781503
2016-12-22 00:00:00+05:30,291.0,291.0,280.0,281.0,112158,291.0,291.0,291.0,0.0,391.79887562316105,-1,304.88,322.52829736828545,287.23170263171454
2016-12-23 00:00:00+05:30,281.0,292.0,280.0,284.0,177381,284.0,285.5,282.5,0.01056338028169014,391.40692059823465,-1,303.68,322.7102496042337,284.6497503957663
2016-12-26 00:00:00+05:30,284.0,285.0,274.0,278.0,105621,285.3333333333333,286.0,284.66666666666663,0.0046728971962618155,383.77064377430526,-1,302.2,323.13800372527055,281.2619962747294
2016-12-27 00:00:00+05:30,280.0,333.0,277.0,333.0,2842524,279.0,279.5,278.5,0.0035842293906810036,383.77064377430526,-1,302.96,326.7422118399328,279.17778816006717
2016-12-28 00:00:00+05:30,347.0,368.0,338.0,342.0,3150657,314.3333333333333,305.0,323.66666666666663,0.059384941675503594,383.77064377430526,-1,303.96,331.77930265120665,276.1406973487933
2016-12-29 00:00:00+05:30,343.0,344.0,324.0,338.0,1398573,349.3333333333333,353.0,345.66666666666663,0.020992366412213852,383.77064377430526,-1,304.92,335.5711728976141,274.26882710238596
2016-12-30 00:00:00+05:30,338.0,353.0,335.0,341.0,954981,335.3333333333333,334.0,336.66666666666663,0.007952286282306051,383.77064377430526,-1,305.92,339.44811357651105,272.391886423489
2017-01-02 00:00:00+05:30,338.0,348.0,336.0,338.0,402240,343.0,344.0,342.0,0.0058309037900874635,383.77064377430526,-1,306.92,342.6519800738697,271.1880199261303
2017-01-03 00:00:00+05:30,341.0,348.0,335.0,343.0,339186,340.6666666666667,342.0,339.33333333333337,0.007827788649706346,383.77064377430526,-1,308.32,346.7521532053489,269.88784679465107
2017-01-04 00:00:00+05:30,343.0,360.0,342.0,354.0,1181793,342.0,341.5,342.5,0.0029239766081871343,383.77064377430526,-1,310.08,352.483471555987,267.67652844401294
2017-01-05 00:00:00+05:30,359.0,365.0,349.0,351.0,567204,352.0,351.0,353.0,0.005681818181818182,383.77064377430526,-1,311.8,357.11489821239144,266.4851017876086
2017-01-06 00:00:00+05:30,352.0,355.0,340.0,345.0,215961,355.0,357.0,353.0,0.011267605633802818,383.77064377430526,-1,313.52,360.4518484613528,266.58815153864714
2017-01-09 00:00:00+05:30,347.0,351.0,338.0,345.0,159615,346.6666666666667,347.5,345.83333333333337,0.004807692307692198,383.77064377430526,-1,315.04,363.4663729800135,266.61362701998655
2017-01-10 00:00:00+05:30,346.0,366.0,341.0,356.0,1100859,344.6666666666667,344.5,344.83333333333337,0.0009671179883946941,383.77064377430526,-1,317.12,367.8816232994904,266.3583767005096
2017-01-11 00:00:00+05:30,357.0,359.0,348.0,351.0,216339,354.3333333333333,353.5,355.16666666666663,0.004703668861712028,383.77064377430526,-1,318.92,371.1469508970164,266.69304910298365
2017-01-12 00:00:00+05:30,351.0,364.0,351.0,356.0,530517,352.6666666666667,353.5,351.83333333333337,0.004725897920604807,383.77064377430526,-1,320.92,374.81744335308815,267.0225566469119
2017-01-13 00:00:00+05:30,358.0,363.0,354.0,356.0,294330,357.0,357.5,356.5,0.0028011204481792717,383.77064377430526,-1,322.96,378.13819859327896,267.781801406721
2017-01-16 00:00:00+05:30,352.0,358.0,350.0,351.0,155892,357.6666666666667,358.5,356.83333333333337,0.004659832246039036,383.77064377430526,-1,324.8,380.52503925525156,269.07496074474847
2017-01-17 00:00:00+05:30,352.0,356.0,348.0,349.0,188088,353.0,354.0,352.0,0.0056657223796034,383.77064377430526,-1,326.6,382.4283082315712,270.77169176842887
2017-01-18 00:00:00+05:30,351.0,362.0,345.0,353.0,569268,351.0,352.0,350.0,0.005698005698005698,383.77064377430526,-1,328.64,384.450765986495,272.82923401350496
2017-01-19 00:00:00+05:30,345.0,357.0,345.0,350.0,141903,353.3333333333333,353.5,353.16666666666663,0.0009433962264152017,383.77064377430526,-1,330.68,385.73116165894504,275.628838341055
2017-01-20 00:00:00+05:30,350.0,353.0,341.0,343.0,151848,350.6666666666667,351.0,350.33333333333337,0.0019011406844105382,383.77064377430526,-1,332.64,385.7839704952433,279.4960295047567
2017-01-23 00:00:00+05:30,345.0,355.0,343.0,348.0,226698,345.6666666666667,347.0,344.33333333333337,0.007714561234329688,383.77064377430526,-1,334.72,386.00280803543507,283.437191964565
2017-01-24 00:00:00+05:30,350.0,357.0,348.0,351.0,334731,348.6666666666667,349.0,348.33333333333337,0.0019120458891012297,383.77064377430526,-1,337.12,385.52932141643043,288.7106785835696
2017-01-25 00:00:00+05:30,351.0,356.0,347.0,350.0,161121,352.0,352.5,351.5,0.002840909090909091,383.77064377430526,-1,339.48,384.2839998214363,294.67600017856375
2017-01-27 00:00:00+05:30,350.0,356.0,348.0,350.0,145905,351.0,351.5,350.5,0.002849002849002849,383.77064377430526,-1,342.24,380.2853623980538,304.1946376019462
2017-01-30 00:00:00+05:30,350.0,353.0,342.0,344.0,118197,351.3333333333333,352.0,350.66666666666663,0.003795066413662347,383.77064377430526,-1,344.64,374.34187872844467,314.9381212715553
2017-01-31 00:00:00+05:30,345.0,346.0,335.0,337.0,152589,346.3333333333333,347.5,345.16666666666663,0.006737247353224364,383.77064377430526,-1,347.0,359.5984125983881,334.4015874016119
2017-02-01 00:00:00+05:30,337.0,351.0,325.0,342.0,859932,339.3333333333333,340.5,338.16666666666663,0.006876227897839012,383.77064377430526,-1,347.36,358.7986013130637,335.9213986869363
2017-02-02 00:00:00+05:30,343.0,354.0,343.0,347.0,489183,339.3333333333333,338.0,340.66666666666663,0.007858546168958631,383.77064377430526,-1,347.56,358.789674973,336.330325027
2017-02-03 00:00:00+05:30,363.0,373.0,355.0,357.0,840864,348.0,348.5,347.5,0.0028735632183908046,383.77064377430526,-1,348.32,359.42992349205065,337.21007650794934
2017-02-06 00:00:00+05:30,358.0,364.0,350.0,353.0,198516,361.6666666666667,364.0,359.33333333333337,0.012903225806451507,383.77064377430526,-1,348.8,359.6369737472791,337.9630262527209
2017-02-07 00:00:00+05:30,355.0,364.0,351.0,355.0,250656,355.6666666666667,357.0,354.33333333333337,0.007497656982192957,383.77064377430526,-1,349.48,359.63275332110527,339.32724667889477
2017-02-08 00:00:00+05:30,355.0,361.0,353.0,358.0,226404,356.6666666666667,357.5,355.83333333333337,0.004672897196261576,383.77064377430526,-1,350.08,360.40155027111774,339.7584497288822
2017-02-09 00:00:00+05:30,358.0,361.0,350.0,354.0,164655,357.3333333333333,357.0,357.66666666666663,0.001865671641790939,383.77064377430526,-1,350.08,360.40155027111774,339.7584497288822
2017-02-10 00:00:00+05:30,355.0,358.0,349.0,350.0,102669,355.0,355.5,354.5,0.0028169014084507044,383.77064377430526,-1,350.04,360.354727335185,339.72527266481507
2017-02-13 00:00:00+05:30,350.0,357.0,349.0,352.0,183399,352.3333333333333,353.5,351.16666666666663,0.006622516556291498,383.77064377430526,-1,350.32,360.4506663156581,340.1893336843419
2017-02-14 00:00:00+05:30,353.0,355.0,345.0,348.0,79569,352.6666666666667,353.0,352.33333333333337,0.0018903591682418585,383.77064377430526,-1,350.44,360.38512946115884,340.49487053884116
2017-02-15 00:00:00+05:30,352.0,352.0,340.0,341.0,120018,349.3333333333333,350.0,348.66666666666663,0.0038167938931298797,383.77064377430526,-1,349.84,360.17332473114107,339.5066752688589
2017-02-16 00:00:00+05:30,341.0,346.0,338.0,341.0,102924,344.3333333333333,346.0,342.66666666666663,0.00968054211035829,383.77064377430526,-1,349.44,360.32235268676834,338.55764731323166
2017-02-17 00:00:00+05:30,345.0,353.0,342.0,348.0,257640,341.6666666666667,342.0,341.33333333333337,0.001951219512195011,383.77064377430526,-1,349.12,359.67757547921,338.56242452079
2017-02-20 00:00:00+05:30,348.0,351.0,346.0,347.0,87342,347.6666666666667,347.5,347.83333333333337,0.0009587727708534167,383.77064377430526,-1,348.76,358.9624310827968,338.5575689172032
2017-02-21 00:00:00+05:30,341.0,350.0,341.0,346.0,161898,348.0,348.5,347.5,0.0028735632183908046,383.77064377430526,-1,348.56,358.77496940764973,338.34503059235027
2017-02-22 00:00:00+05:30,349.0,350.0,342.0,344.0,78045,345.6666666666667,345.5,345.83333333333337,0.0009643201542913342,383.77064377430526,-1,348.36,358.7273333118609,337.99266668813914
2017-02-23 00:00:00+05:30,344.0,348.0,342.0,345.0,139149,345.3333333333333,346.0,344.66666666666663,0.003861003861003971,383.77064377430526,-1,348.04,358.308086481873,337.77191351812706
2017-02-27 00:00:00+05:30,345.0,348.0,342.0,346.0,125826,345.0,345.0,345.0,0.0,383.77064377430526,-1,347.88,358.14559301741616,337.61440698258383
2017-02-28 00:00:00+05:30,346.0,355.0,343.0,346.0,216330,345.3333333333333,345.0,345.66666666666663,0.0019305019305018208,383.77064377430526,-1,348.0,358.1034647522136,337.8965352477864
2017-03-01 00:00:00+05:30,347.0,353.0,347.0,350.0,187188,348.0,349.0,347.0,0.005747126436781609,383.77064377430526,-1,348.08,358.2138245494592,337.94617545054075
2017-03-02 00:00:00+05:30,351.0,353.0,342.0,343.0,110655,350.0,350.0,350.0,0.0,383.77064377430526,-1,347.76,358.0093707123522,337.51062928764776
2017-03-03 00:00:00+05:30,343.0,343.0,337.0,339.0,89040,346.0,347.5,344.5,0.008670520231213872,383.77064377430526,-1,347.32,358.07873598519944,336.56126401480054
2017-03-06 00:00:00+05:30,342.0,342.0,335.0,337.0,123114,339.6666666666667,340.0,339.33333333333337,0.0019627085377820278,383.77064377430526,-1,346.8,358.2262854856348,335.37371451436525
2017-03-07 00:00:00+05:30,336.0,340.0,331.0,333.0,94542,338.0,338.5,337.5,0.0029585798816568047,383.77064377430526,-1,346.36,358.9695836568552,333.7504163431448
2017-03-08 00:00:00+05:30,335.0,340.0,331.0,333.0,123822,334.6666666666667,335.5,333.83333333333337,0.004980079681274787,383.77064377430526,-1,346.2,359.3696621064943,333.0303378935057
2017-03-09 00:00:00+05:30,333.0,340.0,331.0,335.0,100392,334.6666666666667,335.5,333.83333333333337,0.004980079681274787,383.77064377430526,-1,345.92,359.71762298366036,332.12237701633967
2017-03-10 00:00:00+05:30,337.0,342.0,335.0,340.0,144441,335.3333333333333,335.5,335.16666666666663,0.0009940357852883835,383.77064377430526,-1,345.64,359.6214734559428,331.65852654405717
2017-03-14 00:00:00+05:30,343.0,363.0,343.0,359.0,671553,339.0,338.5,339.5,0.0029498525073746312,383.77064377430526,-1,345.72,359.98065917127377,331.4593408287263
2017-03-15 00:00:00+05:30,360.0,426.0,360.0,420.0,4736235,355.0,353.0,357.0,0.011267605633802818,296.27065226697323,1,348.4,380.7876519679834,316.0123480320166
2017-03-16 00:00:00+05:30,423.0,437.0,423.0,428.0,1956366,402.0,393.0,411.0,0.04477611940298507,332.37982617629433,1,351.32,396.28298922446334,306.35701077553665
2017-03-17 00:00:00+05:30,428.0,448.0,427.0,434.0,1905744,429.3333333333333,430.0,428.66666666666663,0.0031055900621118895,337.90463312924254,1,354.36,409.77950559143585,298.9404944085642
2017-03-20 00:00:00+05:30,434.0,436.0,412.0,416.0,461910,436.3333333333333,437.5,435.16666666666663,0.005347593582887788,337.90463312924254,1,356.84,417.2934333185401,296.38656668145984
2017-03-21 00:00:00+05:30,419.0,425.0,407.0,410.0,396372,421.3333333333333,424.0,418.66666666666663,0.012658227848101356,337.90463312924254,1,359.24,423.0855135463657,295.39448645363433
2017-03-22 00:00:00+05:30,408.0,408.0,391.0,393.0,374406,414.0,416.0,412.0,0.00966183574879227,337.90463312924254,1,360.88,425.9911541903471,295.7688458096529
2017-03-23 00:00:00+05:30,395.0,403.0,392.0,394.0,229788,397.3333333333333,399.5,395.16666666666663,0.010906040268456471,337.90463312924254,1,362.72,428.8629240357512,296.5770759642489
2017-03-24 00:00:00+05:30,394.0,403.0,389.0,392.0,312087,396.3333333333333,397.5,395.16666666666663,0.005887300252312964,337.90463312924254,1,364.76,431.2425510942468,298.2774489057532
2017-03-27 00:00:00+05:30,393.0,395.0,369.0,373.0,323931,394.6666666666667,396.0,393.33333333333337,0.00675675675675666,337.90463312924254,1,366.04,431.8724661546196,300.20753384538045
2017-03-28 00:00:00+05:30,375.0,408.0,373.0,395.0,2165334,379.0,382.0,376.0,0.0158311345646438,337.90463312924254,1,367.92,434.2667738477096,301.57322615229043
2017-03-29 00:00:00+05:30,394.0,396.0,379.0,380.0,518646,392.0,390.5,393.5,0.007653061224489796,337.90463312924254,1,369.24,435.1812587080283,303.29874129197174
2017-03-30 00:00:00+05:30,383.0,389.0,379.0,381.0,245652,385.0,387.5,382.5,0.012987012987012988,337.90463312924254,1,370.64,436.03206068017056,305.2479393198294
2017-03-31 00:00:00+05:30,385.0,386.0,377.0,378.0,154647,383.0,384.0,382.0,0.005221932114882507,337.90463312924254,1,372.0,436.5278234562356,307.4721765437644
2017-04-03 00:00:00+05:30,390.0,403.0,384.0,386.0,895596,380.3333333333333,381.5,379.16666666666663,0.006134969325153474,337.90463312924254,1,373.64,437.41931953226765,309.8606804677323
2017-04-05 00:00:00+05:30,386.0,395.0,379.0,383.0,334179,391.0,393.5,388.5,0.01278772378516624,337.90463312924254,1,375.12,437.9755677724662,312.2644322275338
2017-04-06 00:00:00+05:30,378.0,386.0,378.0,380.0,135921,385.6666666666667,387.0,384.33333333333337,0.006914433880725917,337.90463312924254,1,376.48,438.21781985136084,314.7421801486392
2017-04-07 00:00:00+05:30,381.0,395.0,379.0,381.0,442785,381.3333333333333,382.0,380.66666666666663,0.0034965034965035962,337.90463312924254,1,377.72,438.518736828976,316.92126317102407
2017-04-10 00:00:00+05:30,384.0,387.0,377.0,380.0,150516,385.0,387.0,383.0,0.01038961038961039,337.90463312924254,1,379.2,438.32427589407814,320.07572410592184
2017-04-11 00:00:00+05:30,380.0,390.0,379.0,379.0,391257,381.3333333333333,382.0,380.66666666666663,0.0034965034965035962,337.90463312924254,1,380.8,437.6056335234373,323.99436647656273
2017-04-12 00:00:00+05:30,382.0,382.0,372.0,374.0,216174,382.6666666666667,384.5,380.83333333333337,0.009581881533100946,337.90463312924254,1,382.28,436.30375773675,328.25624226324993
2017-04-13 00:00:00+05:30,374.0,377.0,369.0,371.0,124818,376.0,377.0,375.0,0.005319148936170213,337.90463312924254,1,383.8,434.20952290985355,333.3904770901465
2017-04-17 00:00:00+05:30,373.0,382.0,369.0,374.0,289485,372.3333333333333,373.0,371.66666666666663,0.0035810205908684994,337.90463312924254,1,385.44,431.6225248335238,339.2574751664762
2017-04-18 00:00:00+05:30,375.0,380.0,360.0,363.0,235971,375.0,375.5,374.5,0.0026666666666666666,337.90463312924254,1,386.56,429.0017907256402,344.1182092743598
2017-04-19 00:00:00+05:30,363.0,365.0,357.0,360.0,141501,367.6666666666667,370.0,365.33333333333337,0.012692656391659007,337.90463312924254,1,387.36,426.91706763650507,347.80293236349496
2017-04-20 00:00:00+05:30,367.0,387.0,367.0,383.0,1147104,360.6666666666667,361.0,360.33333333333337,0.0018484288354897284,337.90463312924254,1,388.32,426.20707431300326,350.4329256869967
2017-04-21 00:00:00+05:30,386.0,393.0,374.0,379.0,527055,379.0,377.0,381.0,0.010554089709762533,337.90463312924254,1,386.68,422.428991594156,350.931008405844
2017-04-24 00:00:00+05:30,382.0,393.0,377.0,386.0,276351,382.0,383.5,380.5,0.007853403141361256,337.90463312924254,1,385.0,416.5214212877377,353.4785787122623
2017-04-25 00:00:00+05:30,387.0,408.0,385.0,403.0,1191519,385.3333333333333,385.0,385.66666666666663,0.0017301038062282755,337.90463312924254,1,383.76,409.3554996044041,358.1645003955959
2017-04-26 00:00:00+05:30,407.0,416.0,384.0,396.0,628689,398.6666666666667,396.5,400.83333333333337,0.0108695652173914,337.90463312924254,1,382.96,405.54835098007493,360.37164901992503
2017-04-27 00:00:00+05:30,395.0,412.0,395.0,410.0,496563,398.6666666666667,400.0,397.33333333333337,0.006688963210702246,337.90463312924254,1,382.96,405.54835098007493,360.37164901992503
2017-04-28 00:00:00+05:30,410.0,413.0,390.0,398.0,557403,405.6666666666667,403.5,407.83333333333337,0.010682004930156214,337.90463312924254,1,383.16,406.18471715350813,360.1352828464919
2017-05-02 00:00:00+05:30,399.0,411.0,398.0,407.0,582390,400.3333333333333,401.5,399.16666666666663,0.005828476269775282,337.90463312924254,1,383.68,408.1991843257285,359.16081567427153
2017-05-03 00:00:00+05:30,407.0,425.0,407.0,414.0,720798,405.3333333333333,404.5,406.16666666666663,0.004111842105263065,337.90463312924254,1,384.56,411.65438318174165,357.46561681825835
2017-05-04 00:00:00+05:30,416.0,418.0,403.0,409.0,247662,415.3333333333333,416.0,414.66666666666663,0.003210272873194313,337.90463312924254,1,386.0,414.2842712474449,357.7157287525551
2017-05-05 00:00:00+05:30,406.0,410.0,394.0,399.0,352782,410.0,410.5,409.5,0.0024390243902439024,337.90463312924254,1,386.16,414.69029267285987,357.6297073271402
2017-05-08 00:00:00+05:30,400.0,403.0,389.0,393.0,148887,401.0,402.0,400.0,0.004987531172069825,337.90463312924254,1,386.68,415.2161244740598,358.1438755259402
2017-05-09 00:00:00+05:30,395.0,406.0,393.0,399.0,240972,395.0,396.0,394.0,0.005063291139240506,337.90463312924254,1,387.4,416.2333140654874,358.5666859345126
2017-05-10 00:00:00+05:30,403.0,408.0,398.0,401.0,224715,399.3333333333333,399.5,399.16666666666663,0.0008347245409015974,337.90463312924254,1,388.32,417.3618732178045,359.2781267821955
2017-05-11 00:00:00+05:30,401.0,438.0,401.0,430.0,2317353,402.3333333333333,403.0,401.66666666666663,0.003314001657000923,337.90463312924254,1,390.08,423.36865272129563,356.79134727870434
2017-05-12 00:00:00+05:30,432.0,434.0,412.0,419.0,467808,423.0,419.5,426.5,0.016548463356973995,337.90463312924254,1,391.52,426.5291188120898,356.5108811879102
2017-05-15 00:00:00+05:30,419.0,430.0,418.0,422.0,290262,421.6666666666667,423.0,420.33333333333337,0.006324110671936669,337.90463312924254,1,393.2,429.8300423150044,356.5699576849956
2017-05-16 00:00:00+05:30,425.0,425.0,412.0,416.0,245844,423.3333333333333,424.0,422.66666666666663,0.003149606299212688,337.90463312924254,1,394.6,431.926666071309,357.27333392869105
2017-05-17 00:00:00+05:30,419.0,439.0,416.0,429.0,1073250,417.6666666666667,418.5,416.83333333333337,0.0039904229848363015,337.90463312924254,1,396.56,435.7154032031213,357.4045967968787
2017-05-18 00:00:00+05:30,419.0,425.0,410.0,414.0,432168,428.0,427.5,428.5,0.002336448598130841,337.90463312924254,1,397.96,437.00655682642196,358.913443173578
2017-05-19 00:00:00+05:30,420.0,435.0,414.0,418.0,672465,416.3333333333333,417.5,415.16666666666663,0.005604483586869587,337.90463312924254,1,399.72,438.2511095090577,361.18889049094236
2017-05-22 00:00:00+05:30,418.0,430.0,410.0,412.0,522573,422.3333333333333,424.5,420.16666666666663,0.010260457774270018,337.90463312924254,1,401.36,438.31999999998635,364.4000000000137
2017-05-23 00:00:00+05:30,415.0,416.0,392.0,394.0,392568,417.3333333333333,420.0,414.66666666666663,0.012779552715655043,337.90463312924254,1,402.16,437.54894742711326,366.7710525728868
2017-05-24 00:00:00+05:30,394.0,402.0,385.0,390.0,282891,400.6666666666667,404.0,397.33333333333337,0.016638935108152984,337.90463312924254,1,403.24,435.2713846094574,371.2086153905426
2017-05-25 00:00:00+05:30,395.0,409.0,386.0,404.0,431967,392.3333333333333,393.5,391.16666666666663,0.005947323704333147,337.90463312924254,1,405.0,431.7312551145467,378.2687448854533
2017-05-26 00:00:00+05:30,408.0,416.0,404.0,411.0,377388,399.6666666666667,397.5,401.83333333333337,0.010842368640533872,337.90463312924254,1,406.12,431.3759379156462,380.8640620843538
2017-05-29 00:00:00+05:30,404.0,412.0,394.0,399.0,258000,410.3333333333333,410.0,410.66666666666663,0.0016246953696181044,337.90463312924254,1,406.92,429.8488987960385,383.99110120396153
2017-05-30 00:00:00+05:30,400.0,414.0,392.0,404.0,406767,401.6666666666667,403.0,400.33333333333337,0.006639004149377499,337.90463312924254,1,407.64,428.97076651222295,386.309233487777
2017-05-31 00:00:00+05:30,408.0,415.0,406.0,410.0,400308,403.3333333333333,403.0,403.66666666666663,0.0016528925619833771,337.90463312924254,1,407.92,429.1834522126341,386.6565477873659
2017-06-01 00:00:00+05:30,409.0,424.0,409.0,419.0,759642,410.3333333333333,410.5,410.16666666666663,0.0008123476848091907,337.90463312924254,1,408.84,429.9506039704924,387.72939602950754
2017-06-02 00:00:00+05:30,421.0,428.0,416.0,420.0,273219,417.3333333333333,416.5,418.16666666666663,0.003993610223642082,337.90463312924254,1,409.24,430.79758799121487,387.68241200878515
2017-06-05 00:00:00+05:30,422.0,426.0,417.0,420.0,195441,421.3333333333333,422.0,420.66666666666663,0.0031645569620254066,337.90463312924254,1,410.12,431.566267740541,388.67373225945903
2017-06-06 00:00:00+05:30,423.0,423.0,412.0,414.0,142497,421.0,421.5,420.5,0.0023752969121140144,337.90463312924254,1,410.4,431.8587977295786,388.94120227042134
2017-06-07 00:00:00+05:30,415.0,420.0,409.0,412.0,173559,416.3333333333333,417.5,415.16666666666663,0.005604483586869587,337.90463312924254,1,410.32,431.7393930819472,388.9006069180528
2017-06-08 00:00:00+05:30,412.0,417.0,407.0,410.0,99201,413.6666666666667,414.5,412.83333333333337,0.004029008863819409,337.90463312924254,1,410.36,431.7731174750191,388.94688252498094
2017-06-09 00:00:00+05:30,410.0,415.0,407.0,410.0,143613,411.3333333333333,412.0,410.66666666666663,0.003241491085899606,337.90463312924254,1,410.8,431.7074149525705,389.8925850474295
2017-06-12 00:00:00+05:30,408.0,426.0,405.0,415.0,438141,410.6666666666667,411.0,410.33333333333337,0.0016233766233765311,337.90463312924254,1,411.68,431.33070991081405,392.02929008918596
2017-06-13 00:00:00+05:30,417.0,426.0,416.0,418.0,476655,415.3333333333333,415.5,415.16666666666663,0.0008025682182986467,337.90463312924254,1,412.44,431.5320297506306,393.3479702493694
2017-06-14 00:00:00+05:30,419.0,421.0,412.0,415.0,157572,420.0,421.0,419.0,0.004761904761904762,337.90463312924254,1,413.0,431.52997571501277,394.47002428498723
2017-06-15 00:00:00+05:30,417.0,419.0,413.0,415.0,116394,416.0,416.5,415.5,0.002403846153846154,337.90463312924254,1,412.4,429.6139478330499,395.18605216695005
2017-06-16 00:00:00+05:30,417.0,419.0,410.0,411.0,111480,415.6666666666667,416.0,415.33333333333337,0.0016038492381715206,337.90463312924254,1,412.08,429.0874807069996,395.07251929300037
2017-06-19 00:00:00+05:30,413.0,421.0,412.0,413.0,210786,413.3333333333333,414.5,412.16666666666663,0.005645161290322672,337.90463312924254,1,411.72,428.24653623718433,395.1934637628157
2017-06-20 00:00:00+05:30,414.0,416.0,411.0,412.0,104658,415.3333333333333,416.5,414.16666666666663,0.005617977528089979,337.90463312924254,1,411.56,427.9948897166658,395.1251102833342
2017-06-21 00:00:00+05:30,412.0,419.0,409.0,412.0,129507,413.0,413.5,412.5,0.002421307506053269,337.90463312924254,1,410.88,425.6996626142085,396.0603373857915
2017-06-22 00:00:00+05:30,415.0,441.0,414.0,426.0,2037228,413.3333333333333,414.0,412.66666666666663,0.003225806451612995,337.90463312924254,1,411.36,427.2886408710526,395.4313591289474
2017-06-23 00:00:00+05:30,431.0,440.0,418.0,421.0,1284168,427.0,427.5,426.5,0.00234192037470726,337.90463312924254,1,411.48,427.65029375116507,395.30970624883497
2017-06-27 00:00:00+05:30,425.0,425.0,401.0,406.0,485514,426.3333333333333,429.0,423.66666666666663,0.012509773260359746,337.90463312924254,1,411.24,427.54980073449605,394.930199265504
2017-06-28 00:00:00+05:30,407.0,419.0,397.0,408.0,608925,410.6666666666667,413.0,408.33333333333337,0.01136363636363627,337.90463312924254,1,411.8,426.5945936070906,397.00540639290944
2017-06-29 00:00:00+05:30,410.0,416.0,402.0,406.0,369210,408.0,408.0,408.0,0.0,337.90463312924254,1,412.44,424.5472540238885,400.3327459761115
2017-09-28 00:00:00+05:30,331.0,339.0,327.0,335.0,544197,408.0,409.0,407.0,0.004901960784313725,459.6806012011639,-1,409.68,442.30254435201175,377.05745564798826
2017-09-29 00:00:00+05:30,338.0,343.0,335.0,336.0,369027,333.6666666666667,333.0,334.33333333333337,0.00399600399600411,459.6806012011639,-1,406.68,450.22940183284936,363.13059816715065
2017-10-03 00:00:00+05:30,338.0,345.0,338.0,342.0,369876,338.0,339.0,337.0,0.005917159763313609,459.6806012011639,-1,404.4,454.7555359419298,354.04446405807016
2017-10-04 00:00:00+05:30,342.0,348.0,337.0,339.0,341457,341.6666666666667,341.5,341.83333333333337,0.0009756097560976719,459.6806012011639,-1,401.8,458.30628283650407,345.29371716349596
2017-10-05 00:00:00+05:30,337.0,344.0,337.0,342.0,291942,341.3333333333333,342.5,340.16666666666663,0.006835937500000111,457.3167734889404,-1,399.08,460.11092986346347,338.0490701365365
2017-10-06 00:00:00+05:30,339.0,347.0,339.0,343.0,272649,341.0,340.5,341.5,0.002932551319648094,457.3167734889404,-1,396.04,460.28572826265577,331.7942717373443
2017-10-09 00:00:00+05:30,342.0,347.0,340.0,342.0,150855,343.0,343.0,343.0,0.0,455.26873844740743,-1,392.92,459.7329807746894,326.10701922531064
2017-10-10 00:00:00+05:30,343.0,354.0,342.0,348.0,736860,343.0,343.5,342.5,0.0029154518950437317,455.26873844740743,-1,390.04,458.13048097934853,321.9495190206515
2017-10-11 00:00:00+05:30,346.0,351.0,339.0,342.0,291300,348.0,348.0,348.0,0.0,454.5916693531307,-1,387.16,457.02084454112355,317.2991554588765
2017-10-12 00:00:00+05:30,342.0,345.0,339.0,342.0,258402,344.0,345.0,343.0,0.005813953488372093,448.8880025790055,-1,384.36,455.61139717927665,313.1086028207234
2017-10-13 00:00:00+05:30,342.0,343.0,338.0,339.0,109512,342.0,342.0,342.0,0.0,444.5124824758453,-1,381.52,454.10456034170795,308.935439658292
2017-10-16 00:00:00+05:30,340.0,342.0,337.0,339.0,176001,340.0,340.5,339.5,0.0029411764705882353,440.75198317681145,-1,378.68,452.13577172693135,305.22422827306866
2017-10-17 00:00:00+05:30,340.0,346.0,335.0,342.0,731244,339.3333333333333,339.5,339.16666666666663,0.0009823182711199546,440.75198317681145,-1,375.76,449.0119597007415,302.5080402992585
2017-10-18 00:00:00+05:30,342.0,343.0,337.0,338.0,108237,341.0,340.5,341.5,0.002932551319648094,437.9506276957494,-1,372.56,445.13785888271343,299.9821411172866
2017-10-23 00:00:00+05:30,336.0,341.0,334.0,336.0,204960,339.3333333333333,340.0,338.66666666666663,0.003929273084479483,433.49260258791946,-1,369.4,441.18634967735204,297.6136503226479
2017-10-24 00:00:00+05:30,337.0,339.0,335.0,336.0,160809,337.0,337.5,336.5,0.002967359050445104,430.2728984844027,-1,366.24,436.6610877507518,295.8189122492482
2017-10-25 00:00:00+05:30,341.0,341.0,334.0,335.0,139443,336.6666666666667,337.0,336.33333333333337,0.0019801980198018675,429.0019825450266,-1,363.2,432.176517743353,294.223482256647
2017-10-26 00:00:00+05:30,335.0,338.0,333.0,335.0,212421,336.6666666666667,337.5,335.83333333333337,0.004950495049504838,424.7419032432255,-1,360.08,426.78273157824265,293.3772684217573
2017-10-27 00:00:00+05:30,336.0,345.0,334.0,336.0,433998,335.3333333333333,335.5,335.16666666666663,0.0009940357852883835,424.7419032432255,-1,357.04,420.8659633691424,293.21403663085766
2017-10-30 00:00:00+05:30,336.0,339.0,336.0,337.0,98349,338.3333333333333,339.5,337.16666666666663,0.006896551724138044,423.54213802895663,-1,354.04,414.1957445303365,293.8842554696635
2017-10-31 00:00:00+05:30,338.0,338.0,334.0,336.0,91194,337.3333333333333,337.5,337.16666666666663,0.000988142292490231,419.72045250779837,-1,350.44,403.2644791739504,297.6155208260496
2017-11-01 00:00:00+05:30,337.0,352.0,336.0,343.0,812178,336.0,336.0,336.0,0.0,419.72045250779837,-1,347.32,391.634223450255,303.005776549745
2017-11-02 00:00:00+05:30,345.0,348.0,339.0,340.0,242880,343.6666666666667,344.0,343.33333333333337,0.0019398642095052243,419.72045250779837,-1,344.68,382.0097522091848,307.3502477908152
2017-11-03 00:00:00+05:30,340.0,344.0,339.0,342.0,113976,342.3333333333333,343.5,341.16666666666663,0.006815968841285408,419.72045250779837,-1,342.04,368.97090418086896,315.1090958191311
2017-11-06 00:00:00+05:30,342.0,344.0,337.0,340.0,94140,341.6666666666667,341.5,341.83333333333337,0.0009756097560976719,419.72045250779837,-1,339.4,345.99696900092397,332.803030999076
2017-11-07 00:00:00+05:30,341.0,342.0,327.0,332.0,263403,340.3333333333333,340.5,340.16666666666663,0.0009794319294810126,416.16981851437623,-1,339.28,346.2890227563585,332.2709772436414
2017-11-08 00:00:00+05:30,332.0,336.0,328.0,330.0,191985,333.6666666666667,334.5,332.83333333333337,0.004995004995004881,412.6430257738012,-1,339.04,346.8472786551495,331.2327213448505
2017-11-09 00:00:00+05:30,331.0,334.0,327.0,329.0,109560,331.3333333333333,332.0,330.66666666666663,0.004024144869215407,409.8773047428491,-1,338.52,347.1570365287611,329.88296347123884
2017-11-10 00:00:00+05:30,328.0,351.0,327.0,348.0,1228365,330.0,330.5,329.5,0.0030303030303030303,409.8773047428491,-1,338.88,348.28331856310064,329.47668143689936
2017-11-13 00:00:00+05:30,357.0,359.0,347.0,349.0,929919,342.0,339.0,345.0,0.017543859649122806,409.8773047428491,-1,339.16,349.30581687195036,329.0141831280497
2017-11-14 00:00:00+05:30,350.0,352.0,338.0,345.0,312135,351.6666666666667,353.0,350.33333333333337,0.007582938388625484,409.8773047428491,-1,339.24,349.53609634760437,328.94390365239565
2017-11-15 00:00:00+05:30,342.0,351.0,340.0,342.0,339549,345.0,345.0,345.0,0.0,409.8773047428491,-1,339.24,349.53609634760437,328.94390365239565
2017-11-16 00:00:00+05:30,344.0,346.0,339.0,343.0,203682,344.3333333333333,345.5,343.16666666666663,0.006776379477250837,409.8773047428491,-1,339.04,348.8294637237774,329.25053627622265
2017-11-17 00:00:00+05:30,344.0,351.0,341.0,347.0,608661,342.6666666666667,342.5,342.83333333333337,0.0009727626459145074,409.8773047428491,-1,339.24,349.45810158489104,329.021898415109
2017-11-20 00:00:00+05:30,350.0,350.0,342.0,343.0,182412,346.3333333333333,346.0,346.66666666666663,0.0019249278152068203,409.8773047428491,-1,339.28,349.5487097533795,329.01129024662043
2017-11-21 00:00:00+05:30,344.0,349.0,342.0,344.0,344436,345.0,346.0,344.0,0.005797101449275362,409.8773047428491,-1,339.48,349.91256440186936,329.0474355981307
2017-11-22 00:00:00+05:30,345.0,349.0,342.0,344.0,444747,345.0,345.5,344.5,0.002898550724637681,409.8773047428491,-1,339.68,350.2587711951413,329.1012288048587
2017-11-23 00:00:00+05:30,344.0,348.0,336.0,340.0,189297,345.0,345.5,344.5,0.002898550724637681,409.8773047428491,-1,339.6,350.13755189781534,329.0624481021847
2017-11-24 00:00:00+05:30,342.0,345.0,337.0,338.0,271515,341.3333333333333,342.0,340.66666666666663,0.003906250000000111,409.8773047428491,-1,339.6,350.13755189781534,329.0624481021847
2017-11-27 00:00:00+05:30,340.0,340.0,335.0,336.0,260790,340.0,341.0,339.0,0.0058823529411764705,409.8773047428491,-1,339.6,350.13755189781534,329.0624481021847
2017-11-28 00:00:00+05:30,340.0,343.0,337.0,338.0,298404,337.0,337.5,336.5,0.002967359050445104,409.8773047428491,-1,339.68,350.13707416054564,329.2229258394544
2017-11-29 00:00:00+05:30,340.0,340.0,335.0,336.0,111228,339.3333333333333,340.0,338.66666666666663,0.003929273084479483,409.8773047428491,-1,339.72,350.1126127609544,329.32738723904566
2017-11-30 00:00:00+05:30,337.0,338.0,332.0,335.0,197787,337.0,337.5,336.5,0.002967359050445104,406.7441935052767,-1,339.72,350.1126127609544,329.32738723904566
2017-12-01 00:00:00+05:30,337.0,339.0,330.0,332.0,154260,335.0,335.0,335.0,0.0,405.89442576506565,-1,339.56,350.29431879530097,328.82568120469904
2017-12-04 00:00:00+05:30,333.0,337.0,329.0,330.0,181857,333.6666666666667,334.5,332.83333333333337,0.004995004995004881,403.778648734463,-1,339.28,350.61518416256,327.94481583743993
2017-12-05 00:00:00+05:30,330.0,335.0,327.0,329.0,192471,332.0,333.0,331.0,0.006024096385542169,401.1875027850845,-1,339.0,350.97330363764127,327.02669636235873
2017-12-06 00:00:00+05:30,330.0,330.0,322.0,324.0,130092,330.3333333333333,331.0,329.66666666666663,0.004036326942482456,395.62000267368114,-1,338.24,351.4494511619202,325.0305488380798
2017-12-07 00:00:00+05:30,325.0,328.0,321.0,326.0,181794,325.3333333333333,326.0,324.66666666666663,0.004098360655737821,393.2952025667339,-1,337.68,351.7053484804891,323.65465151951094
2017-12-08 00:00:00+05:30,327.0,333.0,327.0,330.0,173352,325.0,324.5,325.5,0.003076923076923077,393.2952025667339,-1,337.2,351.4211110676753,322.97888893232465
2017-12-11 00:00:00+05:30,331.0,338.0,331.0,333.0,203064,330.0,330.0,330.0,0.0,393.2952025667339,-1,336.92,351.1851463364088,322.6548536635912
2017-12-12 00:00:00+05:30,333.0,333.0,328.0,329.0,124692,334.0,334.5,333.5,0.0029940119760479044,393.2952025667339,-1,336.8,351.277568856654,322.322431143346
2017-12-13 00:00:00+05:30,330.0,331.0,322.0,325.0,193110,330.0,330.5,329.5,0.0030303030303030303,392.5934352045586,-1,336.6,351.5773161814512,321.62268381854886
2017-12-14 00:00:00+05:30,327.0,335.0,322.0,333.0,738090,326.0,326.5,325.5,0.003067484662576687,392.5934352045586,-1,336.76,351.49260330013533,322.02739669986465
2017-12-15 00:00:00+05:30,334.0,342.0,330.0,333.0,684879,330.0,328.5,331.5,0.00909090909090909,392.5934352045586,-1,336.16,350.2190753607469,322.10092463925315
2017-12-18 00:00:00+05:30,333.0,335.0,324.0,331.0,203349,335.0,336.0,334.0,0.005970149253731343,392.5934352045586,-1,335.44,348.6106340014124,322.2693659985876
2017-12-19 00:00:00+05:30,333.0,334.0,325.0,327.0,267330,330.0,329.5,330.5,0.0030303030303030303,392.5934352045586,-1,334.72,347.6878988274571,321.75210117254295
2017-12-20 00:00:00+05:30,331.0,331.0,327.0,328.0,134532,328.6666666666667,329.5,327.83333333333337,0.005070993914807187,392.5934352045586,-1,334.16,347.0308041706478,321.28919582935225
2017-12-21 00:00:00+05:30,330.0,332.0,328.0,329.0,170094,328.6666666666667,329.0,328.33333333333337,0.0020283975659228055,392.5934352045586,-1,333.6,346.0963994814173,321.10360051858277
2017-12-22 00:00:00+05:30,329.0,337.0,329.0,332.0,390195,329.6666666666667,330.0,329.33333333333337,0.0020222446916075693,392.5934352045586,-1,333.0,344.2427754580071,321.7572245419929
2017-12-26 00:00:00+05:30,332.0,338.0,320.0,330.0,174765,332.6666666666667,333.0,332.33333333333337,0.00200400801603195,392.5934352045586,-1,332.48,343.0041816783619,321.95581832163816
2017-12-27 00:00:00+05:30,332.0,335.0,328.0,331.0,195030,329.3333333333333,329.0,329.66666666666663,0.0020242914979755936,392.5934352045586,-1,331.96,341.3830356042609,322.53696439573906
2017-12-28 00:00:00+05:30,330.0,333.0,328.0,329.0,110583,331.3333333333333,331.5,331.16666666666663,0.0010060362173039373,392.5934352045586,-1,331.36,339.457011794432,323.26298820556804
2017-12-29 00:00:00+05:30,329.0,333.0,328.0,329.0,96498,330.0,330.5,329.5,0.0030303030303030303,392.5934352045586,-1,330.92,338.2503751608749,323.5896248391251
2018-01-01 00:00:00+05:30,331.0,332.0,328.0,330.0,116100,330.0,330.5,329.5,0.0030303030303030303,392.31780187655926,-1,330.6,337.34091981847973,323.8590801815203
2018-01-02 00:00:00+05:30,331.0,332.0,326.0,329.0,122487,330.0,330.0,330.0,0.0,390.50508980149687,-1,330.32,336.7129961676176,323.9270038323824
2018-01-03 00:00:00+05:30,330.0,331.0,327.0,329.0,122799,329.0,329.0,329.0,0.0,389.164886209437,-1,329.96,335.54512309615234,324.3748769038476
2018-01-04 00:00:00+05:30,329.0,331.0,327.0,330.0,275838,329.0,329.0,329.0,0.0,387.87829076105953,-1,329.72,334.73262406322027,324.7073759367798
2018-01-05 00:00:00+05:30,330.0,344.0,328.0,340.0,736686,329.3333333333333,329.0,329.66666666666663,0.0020242914979755936,387.87829076105953,-1,329.92,336.0367311530894,323.8032688469106
2018-01-08 00:00:00+05:30,338.0,346.0,337.0,340.0,563073,337.3333333333333,336.0,338.66666666666663,0.007905138339920837,387.87829076105953,-1,330.24,337.4904896385812,322.9895103614188
2018-01-09 00:00:00+05:30,339.0,350.0,334.0,347.0,976353,341.0,341.5,340.5,0.002932551319648094,387.87829076105953,-1,330.92,340.7003067436135,321.1396932563865
2018-01-10 00:00:00+05:30,348.0,352.0,343.0,345.0,396426,343.6666666666667,342.0,345.33333333333337,0.009699321047526783,387.87829076105953,-1,331.56,342.74684942238747,320.37315057761253
2018-01-11 00:00:00+05:30,348.0,358.0,339.0,356.0,1003920,346.6666666666667,347.5,345.83333333333337,0.004807692307692198,387.87829076105953,-1,332.84,347.15843566871627,318.5215643312837
2018-01-12 00:00:00+05:30,358.0,360.0,343.0,349.0,365238,351.0,348.5,353.5,0.014245014245014245,387.87829076105953,-1,333.76,349.1199999999728,318.4000000000272
2018-01-15 00:00:00+05:30,350.0,352.0,344.0,346.0,147369,350.6666666666667,351.5,349.83333333333337,0.004752851711026507,387.87829076105953,-1,334.4,350.39999999997383,318.4000000000261
2018-01-16 00:00:00+05:30,345.0,349.0,336.0,338.0,181470,347.3333333333333,348.0,346.66666666666663,0.0038387715930903203,387.87829076105953,-1,334.6,350.649922118165,318.550077881835
2018-01-17 00:00:00+05:30,337.0,340.0,328.0,333.0,450573,341.0,342.5,339.5,0.008797653958944282,387.87829076105953,-1,334.76,350.6625029476231,318.85749705237686
2018-01-18 00:00:00+05:30,339.0,339.0,326.0,328.0,407757,333.6666666666667,334.0,333.33333333333337,0.0019980019980018844,387.87829076105953,-1,334.88,350.52935781427345,319.23064218572654
2018-01-19 00:00:00+05:30,330.0,332.0,325.0,330.0,150201,331.0,332.5,329.5,0.00906344410876133,387.87829076105953,-1,334.76,350.51086029393826,319.0091397060617
2018-01-22 00:00:00+05:30,330.0,334.0,326.0,328.0,192159,329.0,328.5,329.5,0.00303951367781155,387.87829076105953,-1,334.56,350.5207518619632,318.5992481380368
2018-01-23 00:00:00+05:30,329.0,332.0,327.0,328.0,130557,329.3333333333333,330.0,328.66666666666663,0.004048582995951532,387.87829076105953,-1,334.44,350.5504189889389,318.3295810110611
2018-01-24 00:00:00+05:30,329.0,333.0,324.0,326.0,325302,329.0,329.5,328.5,0.00303951367781155,387.87829076105953,-1,334.4,350.58888507585255,318.2111149241474
2018-01-25 00:00:00+05:30,330.0,330.0,319.0,321.0,214188,327.6666666666667,328.5,326.83333333333337,0.005086469989826944,387.87829076105953,-1,334.12,350.97059049407954,317.26940950592046
2018-01-29 00:00:00+05:30,323.0,326.0,319.0,320.0,227076,323.3333333333333,324.5,322.16666666666663,0.007216494845360942,387.87829076105953,-1,333.76,351.3988661766896,316.1211338233104
2018-01-30 00:00:00+05:30,322.0,324.0,318.0,320.0,99315,321.6666666666667,322.5,320.83333333333337,0.00518134715025895,386.7704937789707,-1,333.28,351.7192624581127,314.8407375418872
2018-01-31 00:00:00+05:30,317.0,318.0,306.0,308.0,298284,320.6666666666667,321.0,320.33333333333337,0.0020790020790019607,379.05967402781187,-1,332.4,353.3150663398223,311.48493366017766
2018-02-01 00:00:00+05:30,306.0,328.0,300.0,309.0,976605,310.6666666666667,312.0,309.33333333333337,0.00858369098712434,379.05967402781187,-1,331.52,354.3594045456349,308.68059545436506
2018-02-02 00:00:00+05:30,305.0,319.0,293.0,297.0,701778,312.3333333333333,314.0,310.66666666666663,0.010672358591248788,379.05967402781187,-1,330.24,356.7867436797656,303.6932563202344
2018-02-05 00:00:00+05:30,295.0,298.0,288.0,296.0,307749,303.0,306.0,300.0,0.019801980198019802,369.34425176067015,-1,328.92,358.6705361296091,299.1694638703909
2018-02-06 00:00:00+05:30,290.0,290.0,275.0,283.0,544620,294.0,293.0,295.0,0.006802721088435374,361.6704816902434,-1,327.04,361.7985039954136,292.2814960045864
2018-02-07 00:00:00+05:30,287.0,293.0,281.0,283.0,237168,282.6666666666667,282.5,282.83333333333337,0.0011792452830190019,361.6704816902434,-1,325.2,363.9855643248772,286.4144356751228
2018-02-08 00:00:00+05:30,284.0,290.0,283.0,286.0,144717,285.6666666666667,287.0,284.33333333333337,0.009334889148191233,361.6704816902434,-1,323.48,365.1457941241877,281.8142058758123
2018-02-09 00:00:00+05:30,283.0,291.0,282.0,287.0,427644,286.3333333333333,286.5,286.16666666666663,0.001164144353900016,361.6704816902434,-1,321.76,365.6955163848019,277.82448361519806
2018-02-12 00:00:00+05:30,290.0,302.0,289.0,298.0,457620,286.6666666666667,286.5,286.83333333333337,0.0011627906976745506,361.6704816902434,-1,320.08,364.30820819340533,275.85179180659463
2018-02-14 00:00:00+05:30,307.0,308.0,300.0,302.0,719400,296.3333333333333,295.5,297.16666666666663,0.005624296962879512,361.6704816902434,-1,318.56,362.55665441825334,274.56334558174666
2018-02-15 00:00:00+05:30,303.0,304.0,295.0,297.0,555999,303.3333333333333,304.0,302.66666666666663,0.0043956043956045205,361.6704816902434,-1,316.56,359.74177393298265,273.37822606701735
2018-02-16 00:00:00+05:30,298.0,301.0,292.0,293.0,396195,298.6666666666667,299.5,297.83333333333337,0.0055803571428570155,361.6704816902434,-1,314.48,356.98598075564456,271.9740192443555
2018-02-19 00:00:00+05:30,294.0,296.0,285.0,291.0,416772,295.3333333333333,296.5,294.16666666666663,0.007900677200903063,361.6704816902434,-1,311.88,351.7811578779267,271.9788421220733
2018-02-20 00:00:00+05:30,290.0,295.0,288.0,289.0,257283,290.6666666666667,290.5,290.83333333333337,0.0011467889908258185,361.6704816902434,-1,309.48,347.32651106772255,271.6334889322775
2018-02-21 00:00:00+05:30,290.0,292.0,285.0,287.0,202839,290.6666666666667,291.5,289.83333333333337,0.00573394495412831,361.6704816902434,-1,307.12,342.86272513392413,271.3772748660759
2018-02-22 00:00:00+05:30,285.0,291.0,285.0,289.0,525927,288.0,288.5,287.5,0.003472222222222222,361.57463788958944,-1,305.16,339.2501393367534,271.06986066324663
2018-02-23 00:00:00+05:30,287.0,294.0,287.0,292.0,317256,288.3333333333333,288.0,288.66666666666663,0.002312138728323568,361.57463788958944,-1,303.52,336.00197038357226,271.0380296164277
2018-02-26 00:00:00+05:30,292.0,304.0,292.0,302.0,674787,291.0,290.5,291.5,0.003436426116838488,361.57463788958944,-1,302.48,333.3869312614383,271.57306873856174
2018-02-27 00:00:00+05:30,302.0,305.0,293.0,295.0,186096,299.3333333333333,298.0,300.66666666666663,0.008908685968819474,361.57463788958944,-1,301.08,329.9793840764691,272.18061592353087
2018-02-28 00:00:00+05:30,295.0,295.0,290.0,291.0,182601,297.6666666666667,299.0,296.33333333333337,0.008958566629339177,361.57463788958944,-1,299.6,326.5577447127775,272.64225528722255
2018-03-01 00:00:00+05:30,291.0,296.0,290.0,290.0,86109,292.0,292.5,291.5,0.003424657534246575,361.57463788958944,-1,298.08,322.6396091173961,273.52039088260386
2018-03-05 00:00:00+05:30,293.0,293.0,283.0,285.0,412725,292.0,293.0,291.0,0.00684931506849315,358.7188088210346,-1,296.44,318.6900696627964,274.1899303372036
2018-03-06 00:00:00+05:30,288.0,288.0,278.0,280.0,311532,287.0,288.0,286.0,0.006968641114982578,353.69005646819323,-1,294.8,315.5615028357607,274.03849716423935
2018-03-07 00:00:00+05:30,277.0,281.0,268.0,270.0,395628,282.0,283.0,281.0,0.0070921985815602835,346.0024542094655,-1,292.8,313.0938414303282,272.5061585696718
2018-03-08 00:00:00+05:30,273.0,276.0,264.0,270.0,514257,273.0,274.5,271.5,0.01098901098901099,342.0023560410869,-1,290.8,309.7905239527327,271.8094760472673
2018-03-09 00:00:00+05:30,270.0,272.0,268.0,268.0,136392,270.0,270.0,270.0,0.0,340.2422617994434,-1,289.2,308.8529895944439,269.5470104055561
2018-03-12 00:00:00+05:30,272.0,280.0,272.0,278.0,481065,269.3333333333333,270.0,268.66666666666663,0.004950495049505092,340.2422617994434,-1,287.96,306.32936580286116,269.5906341971388
2018-03-13 00:00:00+05:30,278.0,293.0,278.0,291.0,465366,276.6666666666667,276.0,277.33333333333337,0.0048192771084338715,340.2422617994434,-1,287.72,305.7645670493732,269.6754329506268
2018-03-14 00:00:00+05:30,290.0,290.0,285.0,289.0,120645,287.3333333333333,285.5,289.16666666666663,0.012761020881670403,340.2422617994434,-1,287.44,305.17656110973394,269.70343889026606
2018-03-15 00:00:00+05:30,289.0,304.0,289.0,302.0,391194,288.0,287.5,288.5,0.003472222222222222,340.2422617994434,-1,288.2,306.7213390444461,269.6786609555539
2018-03-16 00:00:00+05:30,300.0,301.0,290.0,292.0,511197,298.3333333333333,296.5,300.16666666666663,0.012290502793295964,340.2422617994434,-1,288.56,307.01279382639177,270.10720617360823
2018-03-19 00:00:00+05:30,293.0,294.0,275.0,278.0,403029,294.3333333333333,295.5,293.16666666666663,0.007927519818799677,340.2422617994434,-1,288.24,307.13152190797035,269.34847809202967
2018-03-20 00:00:00+05:30,276.0,283.0,276.0,278.0,113577,282.3333333333333,284.5,280.16666666666663,0.015348288075560938,340.2422617994434,-1,287.88,307.1906809822783,268.5693190177217
2018-03-21 00:00:00+05:30,281.0,283.0,277.0,278.0,121902,279.0,279.5,278.5,0.0035842293906810036,340.2422617994434,-1,287.08,306.30431793326693,267.85568206673304
2018-03-22 00:00:00+05:30,279.0,280.0,270.0,271.0,164631,279.3333333333333,280.0,278.66666666666663,0.0047732696897376066,340.2422617994434,-1,285.84,305.05399489953436,266.6260051004656
2018-03-23 00:00:00+05:30,268.0,270.0,263.0,266.0,170628,273.6666666666667,275.0,272.33333333333337,0.00974421437271606,338.57465953091236,-1,284.6,304.7514267484796,264.44857325152043
2018-03-26 00:00:00+05:30,267.0,273.0,262.0,270.0,188220,266.3333333333333,266.5,266.16666666666663,0.001251564455569604,338.57465953091236,-1,283.68,304.3079034319861,263.0520965680139
2018-06-25 00:00:00+05:30,257.0,262.0,253.0,254.0,517140,268.3333333333333,267.5,269.16666666666663,0.0062111801242234616,331.6408062236888,-1,282.2,305.633309625389,258.76669037461096
2018-06-26 00:00:00+05:30,253.0,254.0,251.0,252.0,224274,256.3333333333333,257.5,255.16666666666663,0.009102730819245923,324.5151739747413,-1,280.72,306.77544856645835,254.66455143354167
2018-06-27 00:00:00+05:30,255.0,255.0,236.0,242.0,351462,252.33333333333334,252.5,252.16666666666669,0.0013210039630118138,319.9545670157516,-1,278.92,308.9115721495117,248.92842785048836
2018-06-28 00:00:00+05:30,244.0,246.0,237.0,239.0,308424,244.33333333333334,245.5,243.16666666666669,0.009549795361527889,315.49638433512155,-1,276.92,310.41946865249315,243.42053134750685
2018-06-29 00:00:00+05:30,240.0,246.0,239.0,242.0,249645,240.66666666666666,241.5,239.83333333333331,0.006925207756232766,315.49638433512155,-1,274.92,310.4859162682389,239.3540837317611
2018-07-02 00:00:00+05:30,245.0,245.0,236.0,239.0,162195,242.33333333333334,242.5,242.16666666666669,0.0013755158184318337,313.096667803248,-1,272.4,308.85051439965406,235.94948560034587
2018-07-03 00:00:00+05:30,239.0,243.0,237.0,240.0,107061,240.0,240.5,239.5,0.004166666666666667,311.3728010911181,-1,270.2,307.5566593795457,232.84334062045428
2018-07-04 00:00:00+05:30,240.0,242.0,237.0,237.0,254304,240.0,240.0,240.0,0.0,309.41788904747335,-1,268.04,306.56263750055814,229.5173624994419
2018-07-05 00:00:00+05:30,237.0,242.0,236.0,240.0,210702,238.66666666666666,239.5,237.83333333333331,0.0069832402234637665,307.80117348557445,-1,266.04,304.98398027936304,227.096019720637
2018-07-06 00:00:00+05:30,241.0,242.0,238.0,239.0,125754,239.33333333333334,239.0,239.66666666666669,0.0027855153203343408,307.16912654615146,-1,264.2,303.72922969145014,224.67077030854986
2018-07-09 00:00:00+05:30,242.0,246.0,240.0,243.0,192099,239.66666666666666,240.0,239.33333333333331,0.00278164116828937,307.16912654615146,-1,262.72,302.54168253601836,222.8983174639817
2018-07-10 00:00:00+05:30,244.0,248.0,242.0,247.0,235869,243.0,243.0,243.0,0.0,307.16912654615146,-1,261.8,301.9676486740192,221.63235132598086
2018-07-11 00:00:00+05:30,247.0,249.0,241.0,243.0,193362,245.66666666666666,245.0,246.33333333333331,0.005427408412482963,307.16912654615146,-1,260.72,301.3963616858666,220.04363831413343
2018-07-12 00:00:00+05:30,243.0,251.0,243.0,245.0,364512,244.33333333333334,245.0,243.66666666666669,0.005457025920873046,307.16912654615146,-1,259.8,300.81511916354066,218.78488083645934
2018-07-13 00:00:00+05:30,246.0,246.0,242.0,243.0,98568,246.33333333333334,247.0,245.66666666666669,0.005412719891745525,307.16912654615146,-1,258.4,299.22352263094706,217.5764773690529
2018-07-16 00:00:00+05:30,242.0,245.0,234.0,234.0,325110,243.66666666666666,244.0,243.33333333333331,0.0027359781121751806,303.30358237917244,-1,256.12,295.7556203433157,216.48437965668435
2018-07-17 00:00:00+05:30,234.0,242.0,226.0,235.0,765003,237.66666666666666,239.5,235.83333333333331,0.015427769985974836,299.7314390840055,-1,253.96,292.0482344038086,215.87176559619144
2018-07-18 00:00:00+05:30,237.0,239.0,225.0,227.0,879792,234.33333333333334,234.0,234.66666666666669,0.002844950213371347,299.0221815206453,-1,250.96,285.04450674425965,216.87549325574037
2018-07-19 00:00:00+05:30,229.0,234.0,224.0,226.0,340728,230.33333333333334,232.0,228.66666666666669,0.014471780028943478,296.1412942598195,-1,248.32,279.36948308747657,217.27051691252342
2018-07-20 00:00:00+05:30,226.0,234.0,224.0,233.0,377001,228.0,229.0,227.0,0.008771929824561403,296.1412942598195,-1,246.52,275.635604063792,217.404395936208
2018-07-23 00:00:00+05:30,234.0,253.0,231.0,252.0,1577535,230.33333333333334,229.0,231.66666666666669,0.01157742402315493,296.1412942598195,-1,245.48,271.7409672327488,219.21903276725118
2018-07-24 00:00:00+05:30,250.0,255.0,243.0,251.0,530103,245.33333333333334,242.0,248.66666666666669,0.027173913043478336,296.1412942598195,-1,244.4,267.21753711511195,221.58246288488806
2018-07-25 00:00:00+05:30,251.0,254.0,247.0,249.0,229980,249.66666666666666,249.0,250.33333333333331,0.005340453938584704,296.1412942598195,-1,243.52,263.71203803481745,223.32796196518257
2018-07-26 00:00:00+05:30,248.0,265.0,248.0,259.0,357522,250.0,250.5,249.5,0.004,296.1412942598195,-1,243.24,262.34208365596584,224.1379163440342
2018-07-27 00:00:00+05:30,263.0,275.0,263.0,271.0,1067388,257.3333333333333,256.5,258.16666666666663,0.006476683937823687,296.1412942598195,-1,243.28,262.6089006412552,223.95109935874478
2018-07-30 00:00:00+05:30,270.0,272.0,259.0,265.0,526278,269.6666666666667,269.0,270.33333333333337,0.0049443757725588545,296.1412942598195,-1,243.72,264.4546666237853,222.98533337621475
2018-07-31 00:00:00+05:30,264.0,267.0,259.0,266.0,498279,265.3333333333333,265.5,265.16666666666663,0.0012562814070353188,296.1412942598195,-1,244.28,266.57633153681365,221.98366846318635
2018-08-01 00:00:00+05:30,265.0,276.0,265.0,272.0,544761,264.0,263.0,265.0,0.007575757575757576,296.1412942598195,-1,245.48,270.2484961190522,220.71150388094776
2018-08-02 00:00:00+05:30,272.0,277.0,267.0,275.0,385821,271.0,270.5,271.5,0.0036900369003690036,296.1412942598195,-1,246.92,274.0842117500122,219.7557882499878
2018-08-03 00:00:00+05:30,275.0,280.0,272.0,278.0,234315,273.0,272.0,274.0,0.007326007326007326,296.1412942598195,-1,248.36,278.02953993575727,218.69046006424279
2018-08-06 00:00:00+05:30,277.0,280.0,269.0,272.0,256431,276.6666666666667,276.0,277.33333333333337,0.0048192771084338715,296.1412942598195,-1,249.68,280.481142835932,218.87885716406797
2018-08-07 00:00:00+05:30,272.0,276.0,267.0,271.0,281454,273.6666666666667,274.5,272.83333333333337,0.006090133982947486,296.1412942598195,-1,250.92,282.54743113184315,219.29256886815682
2018-08-08 00:00:00+05:30,271.0,280.0,267.0,278.0,367821,271.3333333333333,271.5,271.16666666666663,0.0012285012285013683,296.1412942598195,-1,252.56,285.360390241573,219.75960975842705
2018-08-09 00:00:00+05:30,277.0,283.0,275.0,280.0,461247,275.0,273.5,276.5,0.01090909090909091,296.1412942598195,-1,254.16,288.2313604072316,220.0886395927684
2018-08-10 00:00:00+05:30,280.0,282.0,278.0,279.0,252543,279.3333333333333,279.0,279.66666666666663,0.0023866348448685995,296.1412942598195,-1,255.76,290.5819700763679,220.93802992363212
2018-08-13 00:00:00+05:30,287.0,294.0,282.0,284.0,1426293,279.6666666666667,280.0,279.33333333333337,0.0023837902264599357,296.1412942598195,-1,257.4,293.50207750254066,221.2979224974593
2018-08-14 00:00:00+05:30,284.0,285.0,278.0,282.0,409383,286.6666666666667,288.0,285.33333333333337,0.009302325581395217,296.1412942598195,-1,258.8,295.8815317914383,221.71846820856175
2018-08-16 00:00:00+05:30,282.0,285.0,278.0,279.0,138024,281.6666666666667,281.5,281.83333333333337,0.0011834319526628564,296.1412942598195,-1,260.24,297.55071695906474,222.92928304093527
2018-08-17 00:00:00+05:30,280.0,285.0,279.0,280.0,94056,280.6666666666667,281.5,279.83333333333337,0.0059382422802849,296.1412942598195,-1,261.64,299.1841287020945,224.0958712979055
2018-08-20 00:00:00+05:30,279.0,287.0,278.0,284.0,249708,281.3333333333333,282.0,280.66666666666663,0.00473933649289113,296.1412942598195,-1,263.28,301.0054078838046,225.55459211619535
2018-08-21 00:00:00+05:30,286.0,292.0,285.0,288.0,648573,283.0,282.5,283.5,0.0035335689045936395,296.1412942598195,-1,265.44,302.38787679961354,228.4921232003865
2018-08-23 00:00:00+05:30,288.0,291.0,278.0,282.0,498663,288.3333333333333,288.5,288.16666666666663,0.0011560693641619812,296.1412942598195,-1,267.32,302.62765356122395,232.01234643877606
2018-08-24 00:00:00+05:30,282.0,285.0,278.0,281.0,246051,283.6666666666667,284.5,282.83333333333337,0.005875440658049219,296.1412942598195,-1,269.48,301.0679470684532,237.89205293154683
2018-08-27 00:00:00+05:30,281.0,288.0,281.0,285.0,188871,281.3333333333333,281.5,281.16666666666663,0.0011848341232228836,296.1412942598195,-1,271.84,298.51541189933886,245.1645881006611
2018-08-28 00:00:00+05:30,285.0,292.0,285.0,289.0,302010,284.6666666666667,284.5,284.83333333333337,0.0011709601873537631,296.1412942598195,-1,274.08,296.3792017794221,251.78079822057788
2018-08-29 00:00:00+05:30,289.0,292.0,288.0,289.0,178650,288.6666666666667,288.5,288.83333333333337,0.0011547344110855815,296.1412942598195,-1,275.56,296.6812120864162,254.43878791358375
2018-08-30 00:00:00+05:30,285.0,299.0,283.0,298.0,567432,289.6666666666667,290.0,289.33333333333337,0.0023014959723819174,223.52618082906338,1,277.44,297.83670561633346,257.04329438366653
2018-08-31 00:00:00+05:30,297.0,303.0,293.0,295.0,299934,293.3333333333333,291.0,295.66666666666663,0.015909090909090783,230.42513359590083,1,279.28,297.2356787674362,261.32432123256376
2018-09-03 00:00:00+05:30,295.0,299.0,289.0,291.0,158460,297.0,298.0,296.0,0.006734006734006734,230.42513359590083,1,280.56,297.0531985981906,264.0668014018094
2018-09-04 00:00:00+05:30,291.0,291.0,278.0,279.0,218748,293.0,294.0,292.0,0.006825938566552901,230.42513359590083,1,280.88,296.92314183691445,264.83685816308554
2018-09-05 00:00:00+05:30,279.0,285.0,276.0,283.0,141804,282.6666666666667,284.5,280.83333333333337,0.012971698113207412,230.42513359590083,1,281.6,296.2860478005266,266.91395219947344
2018-09-06 00:00:00+05:30,286.0,310.0,282.0,304.0,2022777,281.3333333333333,280.5,282.16666666666663,0.00592417061611361,230.42513359590083,1,283.12,298.86110542494856,267.37889457505145
2018-09-07 00:00:00+05:30,306.0,323.0,302.0,317.0,3135378,298.6666666666667,296.0,301.33333333333337,0.017857142857142985,236.07385748213005,1,284.92,304.88733332218743,264.9526666778126
2018-09-10 00:00:00+05:30,315.0,323.0,310.0,316.0,933072,314.0,312.5,315.5,0.009554140127388535,239.49090318284485,1,286.56,309.510938978598,263.609061021402
2018-09-11 00:00:00+05:30,314.0,318.0,303.0,307.0,385629,316.3333333333333,316.5,316.16666666666663,0.0010537407797682969,239.49090318284485,1,287.72,311.7301311949628,263.7098688050373
2018-09-12 00:00:00+05:30,307.0,318.0,304.0,317.0,501873,309.3333333333333,310.5,308.16666666666663,0.007543103448275985,239.49090318284485,1,289.52,315.23300060279456,263.8069993972054
2018-09-14 00:00:00+05:30,317.0,333.0,317.0,330.0,1444104,313.0,311.0,315.0,0.012779552715654952,244.7533597183774,1,291.88,320.96921449608607,262.7907855039139
2018-09-17 00:00:00+05:30,327.0,329.0,320.0,322.0,556602,326.6666666666667,325.0,328.33333333333337,0.010204081632653177,244.7533597183774,1,293.64,324.43158326554993,262.84841673445004
2018-09-18 00:00:00+05:30,324.0,326.0,305.0,308.0,476964,323.6666666666667,324.5,322.83333333333337,0.005149330587023569,244.7533597183774,1,294.76,325.5224706419899,263.99752935801007
2018-09-19 00:00:00+05:30,310.0,315.0,298.0,300.0,687180,313.0,315.5,310.5,0.01597444089456869,244.7533597183774,1,295.6,325.735693122928,265.46430687707203
2018-09-21 00:00:00+05:30,304.0,308.0,255.0,275.0,1305498,304.3333333333333,306.5,302.16666666666663,0.014238773274917979,244.7533597183774,1,295.24,326.12704582829656,264.35295417170346
2018-09-24 00:00:00+05:30,277.0,277.0,255.0,257.0,808491,279.3333333333333,281.5,277.16666666666663,0.015513126491646914,244.7533597183774,1,294.24,328.23896469010924,260.2410353098908
2018-09-25 00:00:00+05:30,254.0,259.0,242.0,252.0,1253811,263.0,266.0,260.0,0.022813688212927757,244.7533597183774,1,293.16,330.57092888447573,255.74907111552432
2018-09-26 00:00:00+05:30,255.0,260.0,252.0,253.0,445218,251.0,250.5,251.5,0.00398406374501992,244.7533597183774,1,292.08,332.3944440616425,251.76555593835747
2018-09-27 00:00:00+05:30,253.0,254.0,237.0,249.0,1424307,255.0,256.0,254.0,0.00784313725490196,244.7533597183774,1,290.68,334.31382174413915,247.04617825586084
2018-09-28 00:00:00+05:30,252.0,258.0,245.0,250.0,982188,246.66666666666666,245.5,247.83333333333331,0.009459459459459384,244.7533597183774,1,289.16,335.61748163643097,242.70251836356908
2018-10-01 00:00:00+05:30,250.0,255.0,240.0,254.0,595062,251.0,251.5,250.5,0.00398406374501992,244.7533597183774,1,288.04,336.44323956099765,239.63676043900242
2018-10-03 00:00:00+05:30,250.0,257.0,240.0,248.0,498381,249.66666666666666,247.5,251.83333333333331,0.017356475300400458,244.7533597183774,1,286.72,337.55784417143724,235.88215582856284
2018-10-04 00:00:00+05:30,239.0,244.0,233.0,238.0,785589,248.33333333333334,248.5,248.16666666666669,0.0013422818791945545,337.4509957432251,-1,284.84,339.1507503170352,230.52924968296477
2018-10-05 00:00:00+05:30,237.0,237.0,224.0,227.0,1136169,238.33333333333334,238.5,238.16666666666669,0.001398601398601319,329.4129559134961,-1,282.36,341.1610340045084,223.55896599549163
2018-10-08 00:00:00+05:30,228.0,234.0,213.0,224.0,853896,229.33333333333334,230.5,228.16666666666669,0.01017441860465108,324.3364376769563,-1,279.76,342.75531411144294,216.76468588855704
2018-10-09 00:00:00+05:30,222.0,231.0,220.0,227.0,467997,223.66666666666666,223.5,223.83333333333331,0.0014903129657227172,324.3364376769563,-1,276.92,342.70977428141384,211.1302257185862
2018-10-10 00:00:00+05:30,228.0,243.0,227.0,241.0,577092,226.0,225.5,226.5,0.004424778761061947,324.3364376769563,-1,274.76,341.57144812080776,207.94855187919222
2018-10-11 00:00:00+05:30,233.0,238.0,224.0,232.0,444483,237.0,235.0,239.0,0.016877637130801686,324.3364376769563,-1,272.4,340.89700723388864,203.9029927661113
2018-10-12 00:00:00+05:30,237.0,252.0,236.0,243.0,963729,231.33333333333334,231.0,231.66666666666669,0.00288184438040354,324.3364376769563,-1,270.96,340.34929023991674,201.57070976008322
2018-10-15 00:00:00+05:30,245.0,249.0,242.0,245.0,446412,243.66666666666666,244.0,243.33333333333331,0.0027359781121751806,324.3364376769563,-1,269.44,339.37043400408305,199.50956599591694
2018-10-16 00:00:00+05:30,246.0,252.0,244.0,247.0,359088,245.33333333333334,245.5,245.16666666666669,0.0013586956521738358,324.3364376769563,-1,267.16,336.1450534536245,198.17494654637557
2018-10-17 00:00:00+05:30,249.0,254.0,243.0,246.0,912906,247.66666666666666,248.0,247.33333333333331,0.0026917900403769274,324.3364376769563,-1,264.32,330.6590563695282,197.9809436304718
2018-10-19 00:00:00+05:30,242.0,248.0,241.0,245.0,356616,247.66666666666666,248.5,246.83333333333331,0.006729475100942203,324.3364376769563,-1,261.48,324.7334457559385,198.2265542440616
2018-10-22 00:00:00+05:30,248.0,248.0,238.0,240.0,231582,244.66666666666666,244.5,244.83333333333331,0.0013623978201634103,324.3364376769563,-1,258.8,319.74719025516646,197.85280974483356
2018-10-23 00:00:00+05:30,235.0,246.0,234.0,235.0,389775,242.0,243.0,241.0,0.008264462809917356,324.3364376769563,-1,255.52,312.26679197980684,198.77320802019315
2018-10-24 00:00:00+05:30,237.0,243.0,235.0,238.0,271773,238.33333333333334,240.0,236.66666666666669,0.013986013986013906,324.3364376769563,-1,251.84,300.0849748678501,203.59502513214989
2018-10-25 00:00:00+05:30,237.0,243.0,233.0,240.0,442572,238.66666666666666,239.0,238.33333333333331,0.0027932960893855543,324.3364376769563,-1,248.56,287.5392970690789,209.5807029309211
2018-10-26 00:00:00+05:30,238.0,247.0,236.0,242.0,541347,238.66666666666666,238.0,239.33333333333331,0.005586592178770871,324.3364376769563,-1,245.92,276.4665939181362,215.37340608186378
2018-10-29 00:00:00+05:30,243.0,257.0,240.0,254.0,503037,241.66666666666666,241.5,241.83333333333331,0.0013793103448275078,324.3364376769563,-1,244.08,265.5754506814704,222.58454931852967
2018-10-30 00:00:00+05:30,253.0,265.0,250.0,258.0,909153,250.33333333333334,248.5,252.16666666666669,0.01464713715046612,324.3364376769563,-1,243.4,261.7913022921034,225.00869770789663
2018-10-31 00:00:00+05:30,261.0,264.0,255.0,257.0,540273,257.6666666666667,257.5,257.83333333333337,0.0012936610608022168,324.3364376769563,-1,243.4,261.7913022921034,225.00869770789663
2018-11-01 00:00:00+05:30,259.0,261.0,255.0,258.0,494778,258.6666666666667,259.5,257.83333333333337,0.006443298969072018,324.3364376769563,-1,243.64,262.62108532196,224.65891467803996
2018-11-02 00:00:00+05:30,262.0,271.0,259.0,264.0,964362,258.0,258.0,258.0,0.0,324.3364376769563,-1,244.08,264.3732106873093,223.78678931269073
2018-11-05 00:00:00+05:30,272.0,273.0,259.0,261.0,689691,264.6666666666667,265.0,264.33333333333337,0.0025188916876572875,324.3364376769563,-1,244.56,265.83969924598375,223.28030075401625
2018-11-06 00:00:00+05:30,263.0,266.0,257.0,259.0,271344,264.3333333333333,266.0,262.66666666666663,0.012610340479193082,324.3364376769563,-1,244.92,266.8502165971866,222.98978340281334
2018-11-09 00:00:00+05:30,262.0,287.0,260.0,284.0,995277,260.6666666666667,261.5,259.83333333333337,0.006393861892582974,324.3364376769563,-1,246.12,272.6971029271348,219.54289707286526
2018-11-12 00:00:00+05:30,286.0,287.0,277.0,278.0,567921,277.0,273.5,280.5,0.02527075812274368,324.3364376769563,-1,247.32,276.6905703042945,217.94942969570545
2018-11-13 00:00:00+05:30,277.0,284.0,270.0,279.0,868182,280.6666666666667,282.0,279.33333333333337,0.009501187648455922,324.3364376769563,-1,248.96,280.55989873400705,217.36010126599294
2018-11-14 00:00:00+05:30,281.0,284.0,272.0,276.0,669858,277.6666666666667,277.0,278.33333333333337,0.004801920768307459,324.3364376769563,-1,250.92,282.90459629258265,218.93540370741732
2018-11-15 00:00:00+05:30,277.0,292.0,275.0,289.0,751530,277.3333333333333,278.0,276.66666666666663,0.004807692307692445,324.3364376769563,-1,253.52,286.8672397658259,220.17276023417412
2018-11-16 00:00:00+05:30,289.0,292.0,280.0,281.0,570120,285.3333333333333,283.5,287.16666666666663,0.012850467289719494,324.3364376769563,-1,255.68,288.87142057820773,222.4885794217923
2018-11-19 00:00:00+05:30,281.0,290.0,281.0,288.0,501846,284.3333333333333,286.0,282.66666666666663,0.011723329425556992,324.3364376769563,-1,257.56,292.4911551483695,222.6288448516305
2018-11-20 00:00:00+05:30,288.0,294.0,282.0,284.0,806739,286.3333333333333,285.5,287.16666666666663,0.005820721769499286,324.3364376769563,-1,259.64,294.4279519374086,224.85204806259136
2018-11-21 00:00:00+05:30,285.0,286.0,281.0,283.0,206265,286.6666666666667,288.0,285.33333333333337,0.009302325581395217,324.3364376769563,-1,261.24,296.49577399518336,225.9842260048167
2018-11-22 00:00:00+05:30,286.0,286.0,279.0,282.0,208431,283.3333333333333,283.5,283.16666666666663,0.001176470588235428,324.3364376769563,-1,262.72,298.2300887072877,227.20991129271238
2018-11-26 00:00:00+05:30,280.0,291.0,279.0,285.0,891696,282.3333333333333,282.5,282.16666666666663,0.0011806375442740423,324.3364376769563,-1,264.24,300.1789704916464,228.3010295083536
2018-11-27 00:00:00+05:30,285.0,301.0,280.0,296.0,1140705,285.0,285.0,285.0,0.0,324.3364376769563,-1,266.24,303.4390537513983,229.04094624860167
2018-11-28 00:00:00+05:30,297.0,315.0,295.0,313.0,1629240,292.3333333333333,290.5,294.16666666666663,0.012542759407069427,324.3364376769563,-1,268.96,309.3559601940517,228.56403980594825
2018-11-29 00:00:00+05:30,313.0,318.0,308.0,311.0,945060,307.6666666666667,305.0,310.33333333333337,0.0173347778981583,324.3364376769563,-1,271.8,313.61100333643526,229.98899666356476
2018-11-30 00:00:00+05:30,313.0,315.0,307.0,309.0,407835,312.3333333333333,313.0,311.66666666666663,0.004268943436499588,324.3364376769563,-1,274.76,316.206949224272,233.31305077572796
2018-12-03 00:00:00+05:30,309.0,312.0,306.0,308.0,698262,310.3333333333333,311.0,309.66666666666663,0.004296455424275095,324.3364376769563,-1,277.56,318.1440559826069,236.9759440173931
2018-12-04 00:00:00+05:30,310.0,310.0,301.0,303.0,731964,308.6666666666667,309.0,308.33333333333337,0.002159827213822771,324.3364376769563,-1,280.08,318.80330564400924,241.3566943559907
2018-12-05 00:00:00+05:30,303.0,307.0,296.0,298.0,845847,304.6666666666667,305.5,303.83333333333337,0.005470459518599437,324.3364376769563,-1,282.32,318.3587347169591,246.2812652830409
2018-12-06 00:00:00+05:30,298.0,301.0,290.0,299.0,505248,300.3333333333333,301.5,299.16666666666663,0.007769145394006786,324.3364376769563,-1,284.12,318.7901946922619,249.44980530773813
2018-12-07 00:00:00+05:30,300.0,306.0,294.0,296.0,1188183,296.6666666666667,295.5,297.83333333333337,0.00786516853932597,324.3364376769563,-1,285.64,318.8996091378016,252.3803908621984
2018-12-10 00:00:00+05:30,292.0,294.0,288.0,289.0,442683,298.6666666666667,300.0,297.33333333333337,0.008928571428571301,324.3364376769563,-1,286.92,318.0682647991719,255.77173520082812
2018-12-11 00:00:00+05:30,285.0,300.0,285.0,297.0,523059,290.3333333333333,291.0,289.66666666666663,0.004592422502870395,324.3364376769563,-1,288.48,317.5130570212529,259.44694297874713
2018-12-12 00:00:00+05:30,296.0,307.0,296.0,303.0,661746,294.0,292.5,295.5,0.01020408163265306,324.3364376769563,-1,290.04,317.8074917844467,262.27250821555333
2018-12-13 00:00:00+05:30,305.0,313.0,304.0,306.0,985692,302.0,301.5,302.5,0.0033112582781456954,324.3364376769563,-1,291.84,317.60621043147995,266.07378956852
2018-12-14 00:00:00+05:30,305.0,311.0,303.0,309.0,476049,307.6666666666667,308.5,306.83333333333337,0.005417118093174308,324.3364376769563,-1,293.84,316.6973314277782,270.98266857222177
2018-12-17 00:00:00+05:30,309.0,310.0,302.0,303.0,228081,307.6666666666667,307.0,308.33333333333337,0.004333694474539668,324.3364376769563,-1,294.6,317.3613707847154,271.83862921528464
2018-12-18 00:00:00+05:30,302.0,304.0,298.0,302.0,313665,305.0,306.0,304.0,0.006557377049180328,324.3364376769563,-1,295.56,317.44756724716774,273.67243275283226
2018-12-19 00:00:00+05:30,302.0,307.0,300.0,302.0,484071,301.3333333333333,301.0,301.66666666666663,0.0022123893805308477,324.3364376769563,-1,296.48,317.4189206980514,275.5410793019486
2018-12-20 00:00:00+05:30,301.0,310.0,297.0,298.0,1226193,303.0,303.5,302.5,0.0033003300330033004,324.3364376769563,-1,297.36,316.5589999739382,278.1610000260618
2018-12-21 00:00:00+05:30,300.0,303.0,280.0,283.0,992100,301.6666666666667,303.5,299.83333333333337,0.012154696132596558,324.3364376769563,-1,297.12,316.87303520979196,277.36696479020804
2019-03-22 00:00:00+05:30,378.0,384.0,373.0,375.0,746847,288.6666666666667,291.5,285.83333333333337,0.019630484988452525,270.41938693008854,1,300.88,336.4117097815355,265.3482902184645
2019-03-25 00:00:00+05:30,374.0,376.0,370.0,372.0,468858,377.3333333333333,378.5,376.16666666666663,0.00618374558303897,270.41938693008854,1,304.24,348.96236129722183,259.5176387027782
2019-03-26 00:00:00+05:30,372.0,376.0,367.0,373.0,689283,372.6666666666667,373.0,372.33333333333337,0.00178890876565285,270.41938693008854,1,307.8,359.18404421607187,256.41595578392815
2019-03-27 00:00:00+05:30,374.0,383.0,372.0,374.0,889899,372.0,371.5,372.5,0.002688172043010753,274.8297027149788,1,311.44,367.9210198208142,254.95898017918577
2019-03-28 00:00:00+05:30,377.0,381.0,373.0,379.0,747357,376.3333333333333,377.5,375.16666666666663,0.0062001771479186125,276.19651460637965,1,315.32,376.3241834630969,254.31581653690307
2019-03-29 00:00:00+05:30,383.0,392.0,376.0,386.0,1294329,377.6666666666667,377.0,378.33333333333337,0.0035304501323919803,282.74865402212447,1,319.36,384.9987202800235,253.7212797199765
2019-04-01 00:00:00+05:30,387.0,395.0,382.0,387.0,1112247,384.6666666666667,384.0,385.33333333333337,0.003466204506065956,287.6587078612395,1,323.0,393.0011428478075,252.9988571521925
2019-04-02 00:00:00+05:30,384.0,391.0,375.0,377.0,972522,388.0,388.5,387.5,0.002577319587628866,287.6587078612395,1,325.56,398.5292099450113,252.5907900549887
2019-04-03 00:00:00+05:30,377.0,383.0,373.0,375.0,484050,381.0,383.0,379.0,0.010498687664041995,287.6587078612395,1,328.12,403.3228084581894,252.9171915418106
2019-04-04 00:00:00+05:30,379.0,379.0,371.0,376.0,506463,377.0,378.0,376.0,0.005305039787798408,287.6587078612395,1,330.8,407.83921079553653,253.7607892044635
2019-04-05 00:00:00+05:30,379.0,381.0,372.0,374.0,420507,375.3333333333333,375.0,375.66666666666663,0.0017761989342805385,287.6587078612395,1,333.44,411.6869526563118,255.1930473436882
2019-04-08 00:00:00+05:30,375.0,380.0,369.0,372.0,482523,375.6666666666667,376.5,374.83333333333337,0.004436557231588187,287.6587078612395,1,336.2,414.82416931198117,257.5758306880188
2019-04-09 00:00:00+05:30,375.0,375.0,367.0,368.0,416112,373.6666666666667,374.5,372.83333333333337,0.004460303300624341,287.6587078612395,1,339.0,416.9661464996127,261.0338535003873
2019-04-10 00:00:00+05:30,370.0,388.0,367.0,387.0,1914612,370.0,371.0,369.0,0.005405405405405406,287.6587078612395,1,342.52,420.88962676955305,264.1503732304469
2019-04-11 00:00:00+05:30,386.0,389.0,378.0,380.0,821307,380.6666666666667,377.5,383.83333333333337,0.016637478108581533,287.71497715293646,1,345.88,423.17904527223493,268.58095472776506
2019-04-12 00:00:00+05:30,381.0,387.0,376.0,384.0,527640,382.3333333333333,383.5,381.16666666666663,0.006102877070619106,287.71497715293646,1,349.68,424.72818718662705,274.63181281337296
2019-04-15 00:00:00+05:30,384.0,403.0,383.0,401.0,1778244,382.3333333333333,381.5,383.16666666666663,0.004359197907584905,296.16772294414625,1,353.84,428.27371279198013,279.4062872080198
2019-04-16 00:00:00+05:30,401.0,403.0,394.0,396.0,812319,395.6666666666667,393.0,398.33333333333337,0.0134793597304129,303.0210140263804,1,357.56,430.7437796236227,284.3762203763773
2019-04-18 00:00:00+05:30,397.0,398.0,384.0,387.0,453576,397.6666666666667,398.5,396.83333333333337,0.004191114836546426,303.0210140263804,1,360.8,431.7027502992582,289.89724970074184
2019-04-22 00:00:00+05:30,385.0,394.0,381.0,383.0,407409,389.6666666666667,391.0,388.33333333333337,0.006843455945252255,303.0210140263804,1,363.76,431.8899464259215,295.6300535740785
2019-04-23 00:00:00+05:30,385.0,386.0,377.0,379.0,396543,386.0,387.5,384.5,0.007772020725388601,303.0210140263804,1,366.8,430.449037698923,303.150962301077
2019-04-24 00:00:00+05:30,381.0,382.0,371.0,376.0,448569,380.6666666666667,381.5,379.83333333333337,0.004378283712784489,303.0210140263804,1,369.76,427.70695505372913,311.81304494627085
2019-04-25 00:00:00+05:30,379.0,385.0,372.0,374.0,821094,376.3333333333333,376.5,376.16666666666663,0.0008857395925598882,303.0210140263804,1,372.64,423.56073840783233,321.71926159216764
2019-04-26 00:00:00+05:30,377.0,380.0,372.0,375.0,278679,377.0,378.5,375.5,0.007957559681697613,303.0210140263804,1,375.72,416.51811760362085,334.9218823963792
2019-04-30 00:00:00+05:30,375.0,376.0,362.0,368.0,376755,375.6666666666667,376.0,375.33333333333337,0.001774622892635214,303.0210140263804,1,379.12,395.00277053913635,363.23722946086366
2019-05-02 00:00:00+05:30,364.0,368.0,356.0,359.0,404859,368.6666666666667,369.0,368.33333333333337,0.0018083182640143637,303.0210140263804,1,378.48,396.16271472367464,360.7972852763254
2019-05-03 00:00:00+05:30,357.0,370.0,353.0,355.0,1299294,361.0,362.0,360.0,0.00554016620498615,303.0210140263804,1,377.8,397.60706944499526,357.99293055500476
2019-05-06 00:00:00+05:30,352.0,358.0,350.0,353.0,287052,359.3333333333333,361.5,357.16666666666663,0.012059369202226451,303.0210140263804,1,377.0,399.0109063874904,354.9890936125096
2019-05-07 00:00:00+05:30,355.0,358.0,341.0,342.0,428931,353.6666666666667,354.0,353.33333333333337,0.0018850141376059249,303.0210140263804,1,375.72,401.6523427402708,349.78765725972926
2019-05-08 00:00:00+05:30,342.0,345.0,337.0,342.0,438213,347.0,349.5,344.5,0.01440922190201729,303.0210140263804,1,374.24,403.2904664334135,345.18953356658653
2019-05-09 00:00:00+05:30,342.0,344.0,338.0,340.0,239964,341.3333333333333,341.0,341.66666666666663,0.001953124999999889,303.0210140263804,1,372.4,403.956932677288,340.84306732271193
2019-05-10 00:00:00+05:30,341.0,347.0,337.0,344.0,267291,340.6666666666667,341.0,340.33333333333337,0.001956947162426503,303.0210140263804,1,370.68,403.52738041303905,337.83261958696096
2019-05-13 00:00:00+05:30,346.0,346.0,333.0,336.0,240357,342.6666666666667,342.0,343.33333333333337,0.0038910505836576978,303.0210140263804,1,369.04,404.45516059541325,333.6248394045868
2019-05-14 00:00:00+05:30,335.0,346.0,330.0,342.0,615264,338.3333333333333,339.5,337.16666666666663,0.006896551724138044,303.0210140263804,1,367.72,404.5787357352218,330.86126426477824
2019-05-15 00:00:00+05:30,344.0,346.0,336.0,339.0,293700,339.3333333333333,338.0,340.66666666666663,0.007858546168958631,303.0210140263804,1,366.24,404.59113557639364,327.8888644236064
2019-05-16 00:00:00+05:30,342.0,343.0,332.0,339.0,352716,340.3333333333333,341.0,339.66666666666663,0.0039177277179237155,303.0210140263804,1,364.84,404.48918158044285,325.1908184195571
2019-05-17 00:00:00+05:30,338.0,347.0,334.0,340.0,402939,338.0,337.5,338.5,0.0029585798816568047,303.0210140263804,1,363.56,404.25429444036274,322.86570555963726
2019-05-20 00:00:00+05:30,355.0,359.0,343.0,354.0,640731,340.3333333333333,340.5,340.16666666666663,0.0009794319294810126,303.0210140263804,1,363.0,403.81960313377556,322.18039686622444
2019-05-21 00:00:00+05:30,356.0,356.0,342.0,344.0,337575,352.0,351.0,353.0,0.005681818181818182,303.0210140263804,1,361.28,401.52930309954377,321.0306969004562
2019-05-22 00:00:00+05:30,344.0,345.0,335.0,338.0,256347,347.3333333333333,349.0,345.66666666666663,0.009596928982725638,303.0210140263804,1,359.6,400.0890108547857,319.1109891452143
2019-05-23 00:00:00+05:30,342.0,345.0,329.0,331.0,230352,339.3333333333333,340.0,338.66666666666663,0.003929273084479483,303.0210140263804,1,357.48,398.18624522108325,316.7737547789168
2019-05-24 00:00:00+05:30,332.0,345.0,327.0,343.0,464910,335.0,337.0,333.0,0.011940298507462687,303.0210140263804,1,355.16,392.1191341889792,318.20086581102083
2019-05-27 00:00:00+05:30,346.0,349.0,341.0,343.0,493071,338.3333333333333,336.0,340.66666666666663,0.01379310344827575,303.0210140263804,1,353.04,386.27843558290584,319.8015644170942
2019-05-28 00:00:00+05:30,344.0,353.0,341.0,343.0,639039,344.3333333333333,345.0,343.66666666666663,0.0038722168441433823,303.0210140263804,1,351.28,381.67747357921354,320.8825264207864
2019-05-29 00:00:00+05:30,344.0,344.0,328.0,330.0,378768,345.6666666666667,347.0,344.33333333333337,0.007714561234329688,303.0210140263804,1,349.16,377.7519149410983,320.5680850589018
2019-05-30 00:00:00+05:30,330.0,338.0,313.0,316.0,1782546,334.0,336.0,332.0,0.011976047904191617,303.0210140263804,1,346.64,375.3725877706657,317.9074122293343
2019-05-31 00:00:00+05:30,312.0,323.0,310.0,312.0,1252176,322.3333333333333,325.5,319.16666666666663,0.019648397104446862,303.0210140263804,1,344.08,373.2932572644513,314.86674273554866
2019-06-03 00:00:00+05:30,311.0,311.0,302.0,304.0,593739,315.0,316.5,313.5,0.009523809523809525,303.0210140263804,1,341.28,371.8716066920165,310.68839330798346
2019-06-04 00:00:00+05:30,305.0,311.0,303.0,308.0,482784,305.6666666666667,306.5,304.83333333333337,0.005452562704470977,303.0210140263804,1,338.6,368.63997336881374,308.5600266311863
2019-06-06 00:00:00+05:30,310.0,314.0,299.0,300.0,1075677,307.3333333333333,307.0,307.66666666666663,0.0021691973969630005,398.81707301622237,-1,335.88,367.07138342554,304.68861657446
2019-06-07 00:00:00+05:30,302.0,303.0,295.0,297.0,465339,304.3333333333333,306.5,302.16666666666663,0.014238773274917979,389.86439009557347,-1,333.4,366.63612492453143,300.1638750754685
2019-06-10 00:00:00+05:30,300.0,303.0,295.0,297.0,313506,298.3333333333333,299.0,297.66666666666663,0.004469273743016887,388.4698144917505,-1,331.08,366.01500250463806,296.1449974953619
2019-06-11 00:00:00+05:30,300.0,300.0,296.0,298.0,214860,298.3333333333333,299.0,297.66666666666663,0.004469273743016887,385.01102191208054,-1,328.88,364.92583748505615,292.83416251494384
2019-06-12 00:00:00+05:30,301.0,308.0,297.0,302.0,1113276,298.0,298.0,298.0,0.0,385.01102191208054,-1,327.28,364.3896537305198,290.17034626948015
2019-06-13 00:00:00+05:30,300.0,302.0,294.0,298.0,358560,302.3333333333333,302.5,302.16666666666663,0.0011025358324146788,383.3861577941734,-1,325.52,363.8245480328262,287.21545196717375
2019-06-14 00:00:00+05:30,299.0,300.0,293.0,294.0,219483,298.0,298.0,298.0,0.0,380.4307114824065,-1,323.68,363.41802209470296,283.94197790529705
2019-06-17 00:00:00+05:30,295.0,296.0,284.0,289.0,470598,295.6666666666667,296.5,294.83333333333337,0.005636978579481269,373.9334830231102,-1,321.48,362.54237206980514,280.4176279301949
2019-06-18 00:00:00+05:30,289.0,292.0,279.0,285.0,438084,289.6666666666667,290.0,289.33333333333337,0.0023014959723819174,369.71614370218583,-1,319.44,362.4361114520734,276.4438885479266
2019-06-19 00:00:00+05:30,286.0,294.0,284.0,286.0,825351,285.3333333333333,285.5,285.16666666666663,0.0011682242990655534,369.71614370218583,-1,317.2,361.0871279534117,273.31287204658827
2019-06-20 00:00:00+05:30,284.0,295.0,281.0,294.0,485268,288.0,289.0,287.0,0.006944444444444444,369.71614370218583,-1,315.4,359.25430423572055,271.5456957642794
2019-06-21 00:00:00+05:30,294.0,301.0,290.0,298.0,887685,290.0,288.0,292.0,0.013793103448275862,369.71614370218583,-1,313.76,357.02395266268616,270.4960473373138
2019-06-24 00:00:00+05:30,300.0,300.0,287.0,289.0,468678,296.3333333333333,295.5,297.16666666666663,0.005624296962879512,369.71614370218583,-1,311.72,354.65071627633483,268.7892837236652
2019-06-25 00:00:00+05:30,286.0,293.0,284.0,291.0,303399,292.0,293.5,290.5,0.010273972602739725,369.71614370218583,-1,309.2,349.2039998000096,269.19600019999035
2019-06-26 00:00:00+05:30,289.0,299.0,287.0,290.0,493923,289.3333333333333,288.5,290.16666666666663,0.005760368663594339,369.71614370218583,-1,307.04,345.0777917340003,269.00220826599974
2019-06-27 00:00:00+05:30,290.0,294.0,276.0,280.0,1116459,292.0,293.0,291.0,0.00684931506849315,369.71614370218583,-1,304.72,341.9888395311578,267.45116046884226
2019-06-28 00:00:00+05:30,282.0,283.0,275.0,277.0,245616,283.3333333333333,285.0,281.66666666666663,0.011764705882353076,362.932592030281,-1,302.56,339.74528741315845,265.37471258684155
2019-07-01 00:00:00+05:30,277.0,278.0,272.0,274.0,138684,278.3333333333333,279.0,277.66666666666663,0.004790419161676783,357.25528834906976,-1,299.8,334.74452746853524,264.8554725314648
2019-07-02 00:00:00+05:30,273.0,279.0,272.0,275.0,196260,274.6666666666667,275.0,274.33333333333337,0.0024271844660192794,356.425076815107,-1,297.08,328.56546331244346,265.5945366875565
2019-07-03 00:00:00+05:30,275.0,276.0,273.0,274.0,101487,275.3333333333333,275.5,275.16666666666663,0.0012106537530267721,353.02807374250267,-1,294.32,320.94161527780074,267.69838472219925
2019-07-04 00:00:00+05:30,274.0,282.0,274.0,278.0,301428,274.3333333333333,274.5,274.16666666666663,0.0012150668286757154,353.02807374250267,-1,292.24,315.2688862083959,269.21111379160413
2019-07-05 00:00:00+05:30,278.0,281.0,271.0,273.0,313200,278.0,278.0,278.0,0.0,353.02807374250267,-1,290.52,312.5971012589799,268.4428987410201
2019-07-08 00:00:00+05:30,272.0,273.0,263.0,265.0,143859,275.0,276.0,274.0,0.007272727272727273,345.0289978506469,-1,288.64,311.0819606986391,266.1980393013609
2019-07-09 00:00:00+05:30,265.0,268.0,262.0,264.0,146904,267.0,268.0,266.0,0.00749063670411985,340.627837936621,-1,287.04,310.55156311263187,263.5284368873682
2019-07-10 00:00:00+05:30,266.0,266.0,254.0,257.0,111168,264.6666666666667,265.0,264.33333333333337,0.0025188916876572875,335.96272441915613,-1,285.0,309.7030362506166,260.2969637493834
2019-07-11 00:00:00+05:30,259.0,260.0,256.0,258.0,92199,259.0,260.0,258.0,0.007722007722007722,332.0442154423899,-1,283.32,309.3889547162767,257.2510452837233
2019-07-12 00:00:00+05:30,259.0,261.0,255.0,257.0,220641,258.0,258.0,258.0,0.0,330.76244682469434,-1,281.72,309.11062613375776,254.32937386624226
2019-07-15 00:00:00+05:30,260.0,260.0,255.0,257.0,67302,257.6666666666667,258.0,257.33333333333337,0.0025873221216039925,328.75194895170654,-1,280.12,308.4117373096687,251.82826269033131
2019-07-16 00:00:00+05:30,256.0,259.0,254.0,256.0,60369,257.3333333333333,257.5,257.16666666666663,0.0012953367875649141,326.30187099363826,-1,278.44,307.2682084077264,249.6117915922736
2019-07-17 00:00:00+05:30,257.0,263.0,255.0,258.0,88818,256.3333333333333,256.5,256.16666666666663,0.0013003901170352584,326.30187099363826,-1,276.68,304.9060588818084,248.4539411181916
2019-07-18 00:00:00+05:30,258.0,263.0,256.0,261.0,104115,258.6666666666667,259.0,258.33333333333337,0.0025773195876287193,326.30187099363826,-1,275.2,302.6692555414106,247.73074445858933
2019-07-19 00:00:00+05:30,262.0,266.0,253.0,255.0,123936,260.0,259.5,260.5,0.0038461538461538464,326.30187099363826,-1,273.64,301.0910764816123,246.18892351838772
2019-07-22 00:00:00+05:30,255.0,255.0,249.0,250.0,84516,258.0,259.5,256.5,0.011627906976744186,320.24852365001044,-1,272.08,300.28451027760156,243.8754897223984
2019-07-23 00:00:00+05:30,250.0,252.0,246.0,247.0,92772,251.33333333333334,252.0,250.66666666666669,0.005305039787798333,316.19858270401005,-1,270.56,299.8889208802393,241.23107911976066
2019-07-24 00:00:00+05:30,247.0,248.0,241.0,242.0,103773,248.33333333333334,249.0,247.66666666666669,0.005369127516778447,310.9706393958496,-1,268.8,299.4620286347682,238.1379713652318
2019-07-25 00:00:00+05:30,241.0,244.0,239.0,240.0,84423,243.66666666666666,244.5,242.83333333333331,0.0068399452804378345,306.71181382001566,-1,266.64,297.50424468538563,235.77575531461434
2019-07-26 00:00:00+05:30,239.0,241.0,235.0,237.0,66969,241.0,241.5,240.5,0.004149377593360996,302.283341267215,-1,264.2,294.3993377410725,234.0006622589275
2019-07-29 00:00:00+05:30,237.0,243.0,235.0,240.0,163926,237.66666666666666,238.0,237.33333333333331,0.002805049088359126,302.283341267215,-1,262.24,292.10519043969714,232.3748095603029
2019-07-30 00:00:00+05:30,239.0,243.0,231.0,233.0,154620,239.33333333333334,239.0,239.66666666666669,0.0027855153203343408,301.75392731186537,-1,259.92,289.49793772390814,230.34206227609192
2019-07-31 00:00:00+05:30,233.0,236.0,228.0,232.0,105798,235.66666666666666,237.0,234.33333333333331,0.011315417256011396,296.40377021939076,-1,257.6,286.46658968425953,228.73341031574054
2019-08-01 00:00:00+05:30,232.0,234.0,227.0,230.0,63144,232.0,232.0,232.0,0.0,294.2876194106151,-1,255.6,284.9066545344126,226.2933454655874
2019-08-02 00:00:00+05:30,231.0,232.0,226.0,231.0,74997,230.33333333333334,230.5,230.16666666666669,0.0014471780028942737,291.91611463419054,-1,253.76,283.23693335473376,224.28306664526625
2019-08-05 00:00:00+05:30,229.0,235.0,224.0,231.0,109152,229.66666666666666,229.0,230.33333333333331,0.005805515239477421,291.91611463419054,-1,252.04,281.6101471081803,222.4698528918197
2019-08-06 00:00:00+05:30,228.0,237.0,228.0,230.0,105915,230.0,229.5,230.5,0.004347826086956522,291.91611463419054,-1,250.24,279.4771270818361,221.00287291816394
2019-08-07 00:00:00+05:30,232.0,236.0,229.0,232.0,204372,231.66666666666666,232.5,230.83333333333331,0.007194244604316629,291.91611463419054,-1,248.56,276.95763370422685,220.16236629577315
2019-08-08 00:00:00+05:30,232.0,239.0,231.0,233.0,267600,232.33333333333334,232.5,232.16666666666669,0.001434720229555155,291.91611463419054,-1,246.76,273.09495016132456,220.42504983867542
2019-08-09 00:00:00+05:30,236.0,247.0,234.0,236.0,292638,234.33333333333334,235.0,233.66666666666669,0.005689900426742451,291.91611463419054,-1,245.28,269.6341864984125,220.92581350158753
2019-08-13 00:00:00+05:30,263.0,284.0,254.0,284.0,1310481,239.0,240.5,237.5,0.012552301255230125,291.91611463419054,-1,246.04,273.7613563881613,218.31864361183867
2019-08-14 00:00:00+05:30,299.0,303.0,280.0,285.0,1655601,274.0,269.0,279.0,0.0364963503649635,291.91611463419054,-1,246.88,277.8138390763165,215.94616092368346
2019-08-16 00:00:00+05:30,284.0,342.0,279.0,331.0,3013761,289.3333333333333,291.5,287.16666666666663,0.014976958525345753,217.64842678843962,1,249.84,294.98042091074734,204.6995790892527
2019-08-19 00:00:00+05:30,346.0,363.0,337.0,352.0,2924034,317.3333333333333,310.5,324.16666666666663,0.043067226890756184,251.90248971690204,1,253.6,313.9350644318825,193.2649355681175
2019-08-20 00:00:00+05:30,348.0,355.0,339.0,345.0,1114110,350.6666666666667,350.0,351.33333333333337,0.0038022813688214007,251.90248971690204,1,257.12,327.30220857168433,186.9377914283157
2019-08-21 00:00:00+05:30,343.0,345.0,323.0,326.0,768711,346.3333333333333,347.0,345.66666666666663,0.003849855630413969,251.90248971690204,1,259.88,335.0742976561347,184.6857023438653
2019-08-22 00:00:00+05:30,324.0,324.0,299.0,306.0,804435,331.3333333333333,334.0,328.66666666666663,0.016096579476861283,251.90248971690204,1,261.88,339.18525467262475,184.57474532737524
2019-08-23 00:00:00+05:30,300.0,333.0,296.0,324.0,1064742,309.6666666666667,311.5,307.83333333333337,0.01184068891280935,251.90248971690204,1,264.52,345.53381610564554,183.50618389435442
2019-08-26 00:00:00+05:30,327.0,343.0,325.0,333.0,762273,317.6666666666667,314.5,320.83333333333337,0.019937040923399908,251.90248971690204,1,267.4,352.7135393709541,182.08646062904583
2019-08-27 00:00:00+05:30,334.0,342.0,329.0,335.0,562431,333.6666666666667,334.0,333.33333333333337,0.0019980019980018844,251.90248971690204,1,270.6,359.729119820625,181.47088017937503
2019-08-28 00:00:00+05:30,342.0,366.0,341.0,346.0,1534929,335.3333333333333,335.5,335.16666666666663,0.0009940357852883835,251.90248971690204,1,274.44,367.8570519766028,181.0229480233972
2019-08-29 00:00:00+05:30,346.0,353.0,340.0,342.0,383658,351.0,353.5,348.5,0.014245014245014245,251.90248971690204,1,278.24,374.56657784848005,181.91342215151997
2019-08-30 00:00:00+05:30,345.0,349.0,340.0,342.0,256704,345.0,346.5,343.5,0.008695652173913044,251.90248971690204,1,282.24,380.50051902976736,183.9794809702327
2019-09-03 00:00:00+05:30,333.0,347.0,333.0,335.0,273345,343.6666666666667,344.5,342.83333333333337,0.004849660523763226,251.90248971690204,1,286.04,384.81891272938395,187.2610872706161
2019-09-04 00:00:00+05:30,335.0,341.0,325.0,330.0,223836,338.3333333333333,340.0,336.66666666666663,0.009852216748768586,251.90248971690204,1,289.76,387.8738603867936,191.6461396132064
2019-09-05 00:00:00+05:30,332.0,337.0,326.0,329.0,215958,332.0,333.0,331.0,0.006024096385542169,251.90248971690204,1,293.32,390.4067158781221,196.2332841218779
2019-09-06 00:00:00+05:30,331.0,331.0,324.0,327.0,168189,330.6666666666667,331.5,329.83333333333337,0.005040322580645047,251.90248971690204,1,297.08,391.7827687029222,202.37723129707774
2019-09-09 00:00:00+05:30,324.0,346.0,324.0,338.0,547866,327.3333333333333,327.5,327.16666666666663,0.0010183299389003196,251.90248971690204,1,301.32,393.44464599660165,209.19535400339834
2019-09-11 00:00:00+05:30,337.0,346.0,333.0,338.0,247446,336.0,335.0,337.0,0.005952380952380952,251.90248971690204,1,305.64,394.0352577913496,217.2447422086504
2019-09-12 00:00:00+05:30,339.0,344.0,333.0,335.0,228879,339.0,339.5,338.5,0.0029498525073746312,251.90248971690204,1,309.8,393.41243926593177,226.18756073406826
2019-09-13 00:00:00+05:30,335.0,348.0,333.0,340.0,453279,337.3333333333333,338.5,336.16666666666663,0.006916996047430943,251.90248971690204,1,314.16,392.0536300348052,236.26636996519483
2019-09-16 00:00:00+05:30,340.0,342.0,333.0,335.0,182781,340.3333333333333,340.5,340.16666666666663,0.0009794319294810126,251.90248971690204,1,318.36,388.59589965252167,248.1241003474784
2019-09-17 00:00:00+05:30,334.0,338.0,311.0,314.0,448845,336.6666666666667,337.5,335.83333333333337,0.004950495049504838,251.90248971690204,1,321.64,382.46599444315785,260.8140055568421
2019-09-18 00:00:00+05:30,318.0,341.0,314.0,331.0,2422929,321.0,324.5,317.5,0.021806853582554516,251.90248971690204,1,325.56,374.5010420812538,276.6189579187462
2019-09-19 00:00:00+05:30,333.0,333.0,319.0,321.0,469128,328.6666666666667,327.5,329.83333333333337,0.007099391480730338,251.90248971690204,1,328.96,361.65485586447863,296.2651441355213
2019-09-20 00:00:00+05:30,323.0,330.0,317.0,326.0,547890,324.3333333333333,326.0,322.66666666666663,0.010277492291880899,251.90248971690204,1,330.64,357.7627137285159,303.51728627148407
2019-09-23 00:00:00+05:30,331.0,351.0,331.0,336.0,609297,324.3333333333333,323.5,325.16666666666663,0.005138746145940274,251.90248971690204,1,332.68,352.43627495250604,312.923725047494
2019-09-24 00:00:00+05:30,338.0,338.0,328.0,329.0,216429,339.3333333333333,341.0,337.66666666666663,0.00982318271119854,251.90248971690204,1,332.6,352.3989898731985,312.80101012680154
2019-09-25 00:00:00+05:30,331.0,332.0,324.0,326.0,174888,331.6666666666667,333.0,330.33333333333337,0.00804020100502501,251.90248971690204,1,331.56,349.84730707346006,313.27269292653995
2019-09-26 00:00:00+05:30,326.0,336.0,325.0,327.0,310977,327.3333333333333,328.0,326.66666666666663,0.0040733197556009305,251.90248971690204,1,330.84,348.3550677988703,313.3249322011296
2019-09-27 00:00:00+05:30,327.0,335.0,326.0,328.0,254583,329.3333333333333,330.5,328.16666666666663,0.007085020242915095,251.90248971690204,1,330.92,348.3640362301569,313.47596376984313
2019-09-30 00:00:00+05:30,328.0,329.0,317.0,320.0,131520,329.6666666666667,330.5,328.83333333333337,0.005055611729019096,251.90248971690204,1,331.48,346.4050929645019,316.55490703549816
2019-10-01 00:00:00+05:30,320.0,325.0,311.0,318.0,138624,322.0,323.0,321.0,0.006211180124223602,251.90248971690204,1,331.24,346.8172141283037,315.6627858716963
2019-10-03 00:00:00+05:30,320.0,322.0,317.0,320.0,121926,318.0,318.0,318.0,0.0,251.90248971690204,1,330.72,346.8843558485647,314.55564415143533
2019-10-04 00:00:00+05:30,319.0,322.0,315.0,316.0,80859,319.6666666666667,319.5,319.83333333333337,0.0010427528675705042,251.90248971690204,1,329.96,347.0103255100608,312.90967448993916
2019-10-07 00:00:00+05:30,317.0,321.0,310.0,312.0,76722,317.6666666666667,318.5,316.83333333333337,0.005246589716684035,251.90248971690204,1,328.6,345.7394282284748,311.4605717715252
2019-10-09 00:00:00+05:30,313.0,329.0,309.0,324.0,296148,314.3333333333333,315.5,313.16666666666663,0.007423117709438085,251.90248971690204,1,327.88,344.19999999997066,311.56000000002933
2019-10-10 00:00:00+05:30,323.0,330.0,314.0,325.0,194037,320.6666666666667,319.0,322.33333333333337,0.010395010395010512,251.90248971690204,1,327.2,342.49444343541296,311.905556564587
2019-10-11 00:00:00+05:30,327.0,333.0,324.0,327.0,161577,323.0,322.0,324.0,0.006191950464396285,251.90248971690204,1,326.88,341.83935827497453,311.92064172502546
2019-10-14 00:00:00+05:30,328.0,339.0,325.0,334.0,254922,328.0,328.5,327.5,0.003048780487804878,251.90248971690204,1,327.04,342.21345049746594,311.8665495025341
2019-10-15 00:00:00+05:30,337.0,347.0,336.0,339.0,246582,332.6666666666667,332.0,333.33333333333337,0.0040080160320642415,251.90248971690204,1,327.44,343.31027409968226,311.56972590031774
2019-10-16 00:00:00+05:30,341.0,350.0,334.0,345.0,376569,340.6666666666667,341.5,339.83333333333337,0.004892367906066425,251.90248971690204,1,328.16,345.45443841236374,310.8655615876363
2019-10-17 00:00:00+05:30,345.0,357.0,339.0,354.0,271422,343.0,342.0,344.0,0.0058309037900874635,251.90248971690204,1,328.8,348.5180120701616,309.0819879298384
2019-10-18 00:00:00+05:30,355.0,365.0,352.0,363.0,340188,350.0,348.0,352.0,0.011428571428571429,258.01669467409096,1,329.8,353.43048878036666,306.16951121963336
2019-10-22 00:00:00+05:30,364.0,375.0,358.0,360.0,237516,360.0,358.5,361.5,0.008333333333333333,265.27602688712733,1,330.8,357.1818119165274,304.4181880834726
2019-10-23 00:00:00+05:30,363.0,369.0,359.0,361.0,204276,364.3333333333333,366.5,362.16666666666663,0.011893870082342281,265.27602688712733,1,331.64,360.3725877706659,302.90741222933406
2019-10-24 00:00:00+05:30,363.0,364.0,354.0,357.0,108837,363.0,364.0,362.0,0.005509641873278237,265.27602688712733,1,332.52,362.9101036523243,302.12989634767564
2019-10-25 00:00:00+05:30,360.0,366.0,354.0,357.0,87330,358.3333333333333,359.0,357.66666666666663,0.0037209302325582456,265.27602688712733,1,334.24,365.1063182125599,303.3736817874401
2019-10-27 00:00:00+05:30,359.0,363.0,355.0,361.0,32247,359.0,360.0,358.0,0.005571030640668524,265.27602688712733,1,335.44,367.9955770951615,302.8844229048385
2019-10-29 00:00:00+05:30,362.0,362.0,356.0,359.0,81435,359.6666666666667,359.0,360.33333333333337,0.003707136237256824,265.27602688712733,1,336.96,370.21768482620206,303.7023151737979
2019-10-30 00:00:00+05:30,361.0,377.0,358.0,366.0,276204,359.0,359.0,359.0,0.0,271.6350356606405,1,338.56,373.3672636097551,303.7527363902449
2019-10-31 00:00:00+05:30,369.0,375.0,358.0,364.0,240930,367.0,367.5,366.5,0.0027247956403269754,271.6350356606405,1,339.68,375.8605251481923,303.4994748518077
2019-11-01 00:00:00+05:30,367.0,378.0,362.0,372.0,291918,365.6666666666667,366.5,364.83333333333337,0.004557885141294336,272.60124886484624,1,341.4,379.4273585724668,303.37264142753315
2019-11-04 00:00:00+05:30,368.0,378.0,361.0,367.0,165789,370.6666666666667,370.0,371.33333333333337,0.0035971223021583755,272.60124886484624,1,343.04,381.79865838750044,304.2813416124996
2019-11-05 00:00:00+05:30,368.0,373.0,364.0,367.0,86247,368.6666666666667,369.5,367.83333333333337,0.004520795660036063,272.60124886484624,1,344.64,383.916985627705,305.36301437229497
2019-11-06 00:00:00+05:30,367.0,376.0,364.0,373.0,171828,368.0,368.5,367.5,0.002717391304347826,273.66180251568863,1,346.44,386.6159330943158,306.2640669056842
2019-11-07 00:00:00+05:30,372.0,382.0,372.0,378.0,169215,371.0,370.0,372.0,0.005390835579514825,281.7153304150611,1,348.76,389.25801970465864,308.26198029534135
2019-11-08 00:00:00+05:30,381.0,398.0,378.0,382.0,568965,377.3333333333333,377.0,377.66666666666663,0.0017667844522967194,290.9267171984586,1,351.32,391.8079043665995,310.8320956334005
2019-11-11 00:00:00+05:30,383.0,393.0,376.0,388.0,194064,386.0,388.0,384.0,0.010362694300518135,290.9267171984586,1,354.04,394.8810773608985,313.19892263910157
2019-11-13 00:00:00+05:30,388.0,424.0,388.0,417.0,1083831,385.6666666666667,384.5,386.83333333333337,0.006050129645635362,301.88766257009945,1,358.08,402.8618534676588,313.29814653234115
2019-11-14 00:00:00+05:30,428.0,433.0,373.0,421.0,2851182,409.6666666666667,406.0,413.33333333333337,0.017900732302685202,301.88766257009945,1,362.44,409.5893966027015,315.29060339729847
2019-11-15 00:00:00+05:30,420.0,423.0,398.0,406.0,338988,409.0,403.0,415.0,0.029339853300733496,301.88766257009945,1,365.72,413.12470862687405,318.315291373126
2019-11-18 00:00:00+05:30,405.0,414.0,388.0,390.0,322359,409.0,410.5,407.5,0.007334963325183374,301.88766257009945,1,368.32,413.58798427143415,323.05201572856583
2019-11-19 00:00:00+05:30,390.0,415.0,389.0,408.0,714213,397.3333333333333,401.0,393.66666666666663,0.01845637583892627,301.88766257009945,1,371.56,416.1239495556531,326.9960504443469
2019-11-20 00:00:00+05:30,408.0,408.0,375.0,382.0,546054,404.0,402.0,406.0,0.009900990099009901,301.88766257009945,1,373.48,415.4671218351387,331.49287816486134
2019-11-21 00:00:00+05:30,385.0,393.0,383.0,385.0,202914,388.3333333333333,391.5,385.16666666666663,0.01630901287553658,301.88766257009945,1,375.32,415.07412431432454,335.56587568567545
2019-11-22 00:00:00+05:30,385.0,391.0,377.0,384.0,272049,387.0,388.0,386.0,0.00516795865633075,301.88766257009945,1,376.88,414.7696080739661,338.9903919260339
2019-11-25 00:00:00+05:30,385.0,392.0,380.0,386.0,215910,384.0,384.0,384.0,0.0,301.88766257009945,1,378.16,415.01943027230277,341.3005697276973
2019-11-26 00:00:00+05:30,387.0,428.0,384.0,418.0,1897395,386.0,386.0,386.0,0.0,301.88766257009945,1,380.36,419.81176295172037,340.90823704827966
2019-11-27 00:00:00+05:30,421.0,451.0,412.0,445.0,2386563,410.0,406.0,414.0,0.01951219512195122,301.88766257009945,1,383.76,429.72095734423635,337.7990426557636
2019-11-28 00:00:00+05:30,442.0,458.0,431.0,454.0,1396671,436.0,431.5,440.5,0.020642201834862386,305.86873806489564,1,387.48,440.0495577306742,334.9104422693258
2019-11-29 00:00:00+05:30,451.0,451.0,435.0,441.0,392433,447.6666666666667,444.5,450.83333333333337,0.014147431124348558,305.86873806489564,1,390.84,445.86778934319153,335.8122106568084
2019-12-02 00:00:00+05:30,440.0,468.0,427.0,462.0,1413093,442.3333333333333,443.0,441.66666666666663,0.003014318010550199,305.86873806489564,1,395.04,454.910473524089,335.169526475911
2019-12-03 00:00:00+05:30,456.0,476.0,451.0,467.0,967074,452.3333333333333,447.5,457.16666666666663,0.021370670596904853,317.92421984058353,1,399.28,463.74461354881925,334.8153864511807
2019-12-04 00:00:00+05:30,464.0,471.0,454.0,458.0,542601,464.6666666666667,463.5,465.83333333333337,0.00502152080344341,317.9872510469602,1,403.24,469.45970703649016,337.02029296350986
2019-12-05 00:00:00+05:30,455.0,459.0,444.0,446.0,305091,461.0,462.5,459.5,0.006507592190889371,317.9872510469602,1,406.44,472.8835519821041,339.9964480178959
2019-12-06 00:00:00+05:30,447.0,456.0,429.0,436.0,311784,449.6666666666667,451.5,447.83333333333337,0.008154188287620375,317.9872510469602,1,409.32,474.38297257272023,344.25702742727975
2019-12-09 00:00:00+05:30,437.0,451.0,430.0,440.0,442587,440.3333333333333,442.5,438.16666666666663,0.009841029523088655,317.9872510469602,1,412.04,476.31560657044423,347.7643934295558
2019-12-10 00:00:00+05:30,442.0,447.0,427.0,430.0,238899,440.3333333333333,440.5,440.16666666666663,0.0007570022710068991,317.9872510469602,1,414.56,476.47111047298796,352.64888952701205
2019-12-11 00:00:00+05:30,431.0,437.0,410.0,413.0,497874,434.6666666666667,437.0,432.33333333333337,0.010736196319018317,317.9872510469602,1,416.4,475.2040814909858,357.59591850901415
2019-12-12 00:00:00+05:30,414.0,424.0,412.0,415.0,292671,420.0,423.5,416.5,0.016666666666666666,317.9872510469602,1,418.08,474.16542056540624,361.99457943459373
2019-12-13 00:00:00+05:30,417.0,423.0,412.0,414.0,180465,417.0,418.0,416.0,0.004796163069544364,317.9872510469602,1,419.52,473.2128151617931,365.82718483820685
2019-12-16 00:00:00+05:30,416.0,418.0,405.0,408.0,152067,416.3333333333333,417.5,415.16666666666663,0.005604483586869587,317.9872510469602,1,420.56,472.27639585275136,368.84360414724864
2020-03-16 00:00:00+05:30,351.0,363.0,346.0,347.0,138339,410.3333333333333,411.5,409.16666666666663,0.005686433793663781,317.9872510469602,1,418.92,476.88528616334514,360.9547138366549
2020-03-17 00:00:00+05:30,343.0,343.0,308.0,315.0,213090,352.0,354.5,349.5,0.014204545454545454,481.4243275294376,-1,414.84,485.6968811054968,343.98311889450315
2020-03-18 00:00:00+05:30,317.0,326.0,288.0,296.0,194520,322.0,325.5,318.5,0.021739130434782608,467.32735442826015,-1,409.84,494.54122549289673,325.1387745071032
2020-03-19 00:00:00+05:30,277.0,293.0,263.0,269.0,281490,303.3333333333333,307.0,299.66666666666663,0.0241758241758243,441.1542602511297,-1,404.36,505.48151897592606,303.23848102407396
2020-03-20 00:00:00+05:30,273.0,290.0,268.0,284.0,329301,275.0,278.0,272.0,0.02181818181818182,441.1542602511297,-1,400.12,511.64803414388064,288.5919658561194
2020-03-23 00:00:00+05:30,270.0,270.0,250.0,255.0,89352,280.6666666666667,279.0,282.33333333333337,0.011876484560570206,425.7965662474411,-1,394.0,519.0932452213094,268.90675477869064
2020-03-24 00:00:00+05:30,267.0,277.0,246.0,250.0,131571,258.3333333333333,260.0,256.66666666666663,0.01290322580645176,425.7965662474411,-1,388.72,525.9480088028631,251.49199119713694
2020-03-25 00:00:00+05:30,244.0,270.0,244.0,265.0,119142,257.6666666666667,261.5,253.83333333333337,0.02975420439844746,425.4109154536417,-1,383.92,529.4748501424763,238.36514985752382
2020-03-26 00:00:00+05:30,267.0,313.0,267.0,298.0,536319,259.6666666666667,257.0,262.33333333333337,0.020539152759948796,425.4109154536417,-1,380.48,529.8789236908979,231.08107630910214
2020-03-27 00:00:00+05:30,312.0,330.0,297.0,306.0,218583,292.6666666666667,290.0,295.33333333333337,0.018223234624145913,425.4109154536417,-1,377.28,529.4699024245654,225.09009757543458
2020-03-30 00:00:00+05:30,292.0,313.0,277.0,302.0,112419,311.0,313.5,308.5,0.01607717041800643,425.4109154536417,-1,372.64,526.6435116482697,218.6364883517302
2020-03-31 00:00:00+05:30,325.0,328.0,304.0,314.0,191307,297.3333333333333,295.0,299.66666666666663,0.015695067264573863,425.4109154536417,-1,367.4,520.1078256016986,214.69217439830138
2020-04-01 00:00:00+05:30,317.0,330.0,313.0,321.0,130116,315.3333333333333,316.0,314.66666666666663,0.004228329809725279,425.4109154536417,-1,362.08,511.58255649987666,212.5774435001233
2020-04-03 00:00:00+05:30,325.0,325.0,313.0,317.0,357732,321.3333333333333,321.5,321.16666666666663,0.001037344398340367,425.4109154536417,-1,357.12,504.0254879846184,210.21451201538164
2020-04-07 00:00:00+05:30,323.0,332.0,318.0,327.0,252219,318.3333333333333,319.0,317.66666666666663,0.004188481675392789,425.4109154536417,-1,351.72,492.6091990182316,210.83080098176842
2020-04-08 00:00:00+05:30,324.0,371.0,321.0,327.0,489612,325.6666666666667,325.0,326.33333333333337,0.004094165813715572,425.4109154536417,-1,346.12,479.14549530070883,213.09450469929118
2020-04-09 00:00:00+05:30,335.0,344.0,330.0,332.0,129990,339.6666666666667,346.0,333.33333333333337,0.03729146221786053,425.4109154536417,-1,341.08,466.073337422436,216.08666257756397
2020-04-13 00:00:00+05:30,332.0,343.0,323.0,331.0,220209,335.3333333333333,337.0,333.66666666666663,0.009940357852882817,425.4109154536417,-1,336.48,453.9263213557537,219.03367864424632
2020-04-15 00:00:00+05:30,334.0,347.0,329.0,332.0,334767,332.3333333333333,333.0,331.66666666666663,0.004012036108325089,425.4109154536417,-1,332.32,442.51505615044164,222.12494384955832
2020-04-16 00:00:00+05:30,324.0,337.0,324.0,334.0,98157,336.0,338.0,334.0,0.011904761904761904,425.4109154536417,-1,328.08,429.1556864928407,227.00431350715928
2020-04-17 00:00:00+05:30,338.0,348.0,333.0,335.0,362382,331.6666666666667,330.5,332.83333333333337,0.007035175879397099,425.4109154536417,-1,324.28,416.4980372812122,232.06196271878778
2020-04-20 00:00:00+05:30,340.0,340.0,328.0,331.0,126117,338.6666666666667,340.5,336.83333333333337,0.010826771653543194,425.4109154536417,-1,321.0,405.90559463309273,236.0944053669073
2020-04-21 00:00:00+05:30,328.0,328.0,308.0,314.0,103173,333.0,334.0,332.0,0.006006006006006006,425.4109154536417,-1,316.96,392.7079610286579,241.21203897134203
2020-04-22 00:00:00+05:30,312.0,356.0,311.0,347.0,1180587,316.6666666666667,318.0,315.33333333333337,0.008421052631578827,425.4109154536417,-1,314.28,380.2097080230081,248.35029197699185
2020-04-23 00:00:00+05:30,340.0,366.0,335.0,354.0,1633917,338.0,333.5,342.5,0.026627218934911243,425.4109154536417,-1,312.12,368.46840192941687,255.77159807058314
2020-04-24 00:00:00+05:30,347.0,358.0,343.0,345.0,461007,351.6666666666667,350.5,352.83333333333337,0.006635071090047501,425.4109154536417,-1,312.04,368.19544141042,255.88455858958002
2020-04-27 00:00:00+05:30,343.0,350.0,338.0,341.0,288531,348.6666666666667,350.5,346.83333333333337,0.010516252390057252,425.4109154536417,-1,313.08,370.3678206951452,255.79217930485476
2020-04-28 00:00:00+05:30,344.0,353.0,338.0,352.0,315027,343.0,344.0,342.0,0.0058309037900874635,425.4109154536417,-1,315.32,374.12059863640076,256.51940136359923
2020-04-29 00:00:00+05:30,353.0,358.0,344.0,345.0,216144,347.6666666666667,345.5,349.83333333333337,0.01246404602109311,425.4109154536417,-1,318.36,375.08919530540766,261.63080469459237
2020-04-30 00:00:00+05:30,348.0,353.0,334.0,335.0,321438,349.0,351.0,347.0,0.011461318051575931,425.4109154536417,-1,320.4,375.6897820578004,265.11021794219954
2020-05-04 00:00:00+05:30,343.0,353.0,340.0,343.0,415941,340.6666666666667,343.5,337.83333333333337,0.01663405088062611,425.4109154536417,-1,323.92,372.9584991613636,274.88150083863644
2020-05-05 00:00:00+05:30,346.0,349.0,324.0,328.0,183186,345.3333333333333,346.5,344.16666666666663,0.006756756756756867,425.4109154536417,-1,327.04,365.69531787476393,288.3846821252361
2020-05-06 00:00:00+05:30,328.0,330.0,317.0,321.0,330111,333.6666666666667,336.5,330.83333333333337,0.01698301698301687,425.4109154536417,-1,329.28,358.676707298591,299.88329270140895
2020-05-07 00:00:00+05:30,320.0,327.0,319.0,321.0,133551,322.6666666666667,323.5,321.83333333333337,0.005165289256198229,425.4109154536417,-1,330.2,356.94322344069667,303.4567765593033
2020-05-08 00:00:00+05:30,324.0,331.0,315.0,318.0,391263,322.3333333333333,323.0,321.66666666666663,0.004136504653567853,425.4109154536417,-1,330.68,356.06484587306034,305.2951541269397
2020-05-11 00:00:00+05:30,321.0,323.0,313.0,317.0,175686,321.3333333333333,323.0,319.66666666666663,0.010373443983402609,425.4109154536417,-1,331.28,354.54556253347477,308.0144374665252
2020-05-12 00:00:00+05:30,318.0,318.0,307.0,314.0,180597,317.6666666666667,318.0,317.33333333333337,0.0020986358866735425,425.4109154536417,-1,331.28,354.54556253347477,308.0144374665252
2020-05-13 00:00:00+05:30,322.0,322.0,313.0,314.0,133779,313.0,312.5,313.5,0.003194888178913738,425.4109154536417,-1,331.0,354.91317628419586,307.08682371580414
2020-05-14 00:00:00+05:30,310.0,318.0,307.0,314.0,160041,316.3333333333333,317.5,315.16666666666663,0.007376185458377359,425.4109154536417,-1,330.88,355.1011147554985,306.6588852445015
2020-05-15 00:00:00+05:30,314.0,326.0,311.0,323.0,312144,313.0,312.5,313.5,0.003194888178913738,425.4109154536417,-1,330.72,355.09388766690756,306.3461123330925
2020-05-18 00:00:00+05:30,326.0,328.0,308.0,310.0,151881,320.0,318.5,321.5,0.009375,425.4109154536417,-1,330.04,355.7054164197472,304.3745835802528
2020-05-19 00:00:00+05:30,311.0,315.0,308.0,310.0,157380,315.3333333333333,318.0,312.66666666666663,0.016913319238900756,425.4109154536417,-1,329.16,355.9789783548709,302.34102164512916
2020-05-20 00:00:00+05:30,309.0,313.0,307.0,309.0,155505,311.0,311.5,310.5,0.003215434083601286,425.4109154536417,-1,328.28,356.2200501073107,300.3399498926892
2020-05-21 00:00:00+05:30,310.0,320.0,309.0,314.0,352674,309.6666666666667,310.0,309.33333333333337,0.0021528525296016,425.4109154536417,-1,327.56,356.002672166993,299.117327833007
2020-05-22 00:00:00+05:30,314.0,325.0,313.0,322.0,288846,314.3333333333333,314.5,314.16666666666663,0.001060445387062687,425.4109154536417,-1,327.08,355.47673220634795,298.683267793652
2020-05-26 00:00:00+05:30,325.0,329.0,317.0,327.0,252051,320.0,319.0,321.0,0.00625,425.4109154536417,-1,326.76,354.97222430080694,298.54777569919304
2020-05-27 00:00:00+05:30,329.0,333.0,322.0,330.0,246696,324.3333333333333,323.0,325.66666666666663,0.008221993833504509,425.4109154536417,-1,326.72,354.91089214620644,298.5291078537936
2020-05-28 00:00:00+05:30,331.0,340.0,323.0,325.0,273546,328.3333333333333,327.5,329.16666666666663,0.0050761421319795805,425.4109154536417,-1,327.16,354.8825107087912,299.43748929120886
2020-05-29 00:00:00+05:30,325.0,331.0,323.0,329.0,165777,329.3333333333333,331.5,327.16666666666663,0.01315789473684222,425.4109154536417,-1,326.44,352.97348073659094,299.90651926340905
2020-06-01 00:00:00+05:30,330.0,340.0,330.0,333.0,177072,327.6666666666667,327.0,328.33333333333337,0.004069175991861763,425.4109154536417,-1,325.6,349.81900080513327,301.3809991948668
2020-06-02 00:00:00+05:30,334.0,346.0,333.0,339.0,313956,334.3333333333333,335.0,333.66666666666663,0.003988035892323144,425.4109154536417,-1,325.36,348.91507588608124,301.8049241139188
2020-06-03 00:00:00+05:30,343.0,347.0,327.0,333.0,199263,339.3333333333333,339.5,339.16666666666663,0.0009823182711199546,425.4109154536417,-1,325.04,347.9448815757482,302.13511842425186
2020-06-04 00:00:00+05:30,334.0,340.0,329.0,333.0,138582,335.6666666666667,337.0,334.33333333333337,0.007944389275074366,425.4109154536417,-1,324.28,344.6801568621187,303.87984313788127
2020-06-05 00:00:00+05:30,333.0,340.0,331.0,333.0,133833,334.0,334.5,333.5,0.0029940119760479044,425.4109154536417,-1,323.8,342.7399049627777,304.8600950372223
2020-06-08 00:00:00+05:30,340.0,341.0,332.0,337.0,161667,334.6666666666667,335.5,333.83333333333337,0.004980079681274787,425.4109154536417,-1,323.88,343.024252401153,304.735747598847
2020-06-09 00:00:00+05:30,339.0,355.0,334.0,343.0,1329795,336.6666666666667,336.5,336.83333333333337,0.0009900990099011027,425.4109154536417,-1,323.88,343.024252401153,304.735747598847
2020-06-10 00:00:00+05:30,344.0,346.0,335.0,337.0,286977,344.0,344.5,343.5,0.0029069767441860465,425.4109154536417,-1,324.24,344.00890487606864,304.4710951239314
2020-06-11 00:00:00+05:30,337.0,341.0,329.0,331.0,180444,339.3333333333333,340.5,338.16666666666663,0.006876227897839012,425.4109154536417,-1,324.64,344.53476313000607,304.7452368699939
2020-06-12 00:00:00+05:30,320.0,327.0,318.0,324.0,246447,333.6666666666667,335.0,332.33333333333337,0.007992007992007878,425.4109154536417,-1,324.76,344.60161283764626,304.9183871623537
2020-06-15 00:00:00+05:30,326.0,329.0,319.0,320.0,142953,323.0,322.5,323.5,0.0030959752321981426,425.4109154536417,-1,324.84,344.5878505159181,305.09214948408186
2020-06-16 00:00:00+05:30,325.0,327.0,317.0,319.0,162327,322.6666666666667,324.0,321.33333333333337,0.008264462809917238,425.4109154536417,-1,324.92,344.55604848229524,305.2839515177048
2020-06-17 00:00:00+05:30,319.0,322.0,316.0,319.0,60702,321.0,322.0,320.0,0.006230529595015576,423.3880280990692,-1,325.12,344.40580825371467,305.83419174628534
2020-06-18 00:00:00+05:30,319.0,322.0,318.0,319.0,138003,319.0,319.0,319.0,0.0,421.3325069751064,-1,325.32,344.24063423881574,306.39936576118424
2020-06-19 00:00:00+05:30,322.0,327.0,321.0,322.0,193449,319.6666666666667,320.0,319.33333333333337,0.002085505735140653,421.3325069751064,-1,325.64,344.0476505833592,307.2323494166408
2020-06-22 00:00:00+05:30,324.0,327.0,319.0,321.0,154422,323.3333333333333,324.0,322.66666666666663,0.004123711340206303,420.778438428258,-1,325.56,344.0301272328873,307.0898727671127
2020-06-23 00:00:00+05:30,324.0,340.0,322.0,334.0,459840,322.3333333333333,323.0,321.66666666666663,0.004136504653567853,420.778438428258,-1,326.52,344.1301788747032,308.9098211252968
2020-06-24 00:00:00+05:30,335.0,345.0,332.0,334.0,371835,332.0,331.0,333.0,0.006024096385542169,420.778438428258,-1,327.48,343.96388303765343,310.9961169623466
2020-06-25 00:00:00+05:30,330.0,335.0,327.0,332.0,190851,337.0,338.5,335.5,0.008902077151335312,420.778438428258,-1,328.4,343.1295621115848,313.67043788841517
2020-06-26 00:00:00+05:30,335.0,338.0,331.0,332.0,119820,331.3333333333333,331.0,331.66666666666663,0.0020120724346075316,420.778438428258,-1,329.12,342.67663675101727,315.56336324898274
2020-06-29 00:00:00+05:30,332.0,350.0,332.0,344.0,757968,333.6666666666667,334.5,332.83333333333337,0.004995004995004881,420.778438428258,-1,330.0,344.42220510182227,315.57779489817773
2020-06-30 00:00:00+05:30,350.0,351.0,337.0,339.0,462732,342.0,341.0,343.0,0.005847953216374269,420.778438428258,-1,330.48,345.2650735540621,315.69492644593794
2020-07-01 00:00:00+05:30,333.0,336.0,320.0,327.0,583692,342.3333333333333,344.0,340.66666666666663,0.009737098344693393,420.778438428258,-1,330.36,345.20727584437725,315.5127241556228
2020-07-02 00:00:00+05:30,329.0,331.0,327.0,328.0,161430,327.6666666666667,328.0,327.33333333333337,0.002034587995930708,420.778438428258,-1,330.48,345.19999999996696,315.7600000000331
2020-07-03 00:00:00+05:30,328.0,330.0,326.0,327.0,84789,328.6666666666667,329.0,328.33333333333337,0.0020283975659228055,420.4864457693222,-1,330.4,345.1729482500626,315.6270517499374
2020-07-06 00:00:00+05:30,328.0,332.0,325.0,326.0,133002,327.6666666666667,328.0,327.33333333333337,0.002034587995930708,419.2469879385493,-1,330.12,344.9504551514452,315.2895448485548
2020-07-07 00:00:00+05:30,328.0,329.0,325.0,326.0,104496,327.6666666666667,328.5,326.83333333333337,0.005086469989826944,415.23710842100735,-1,329.6,344.0554487996406,315.14455120035944
2020-07-08 00:00:00+05:30,326.0,328.0,324.0,325.0,110199,326.6666666666667,327.0,326.33333333333337,0.002040816326530496,411.82762408416704,-1,329.28,343.7743575228097,314.78564247719027
2020-07-09 00:00:00+05:30,325.0,328.0,322.0,323.0,72912,325.6666666666667,326.0,325.33333333333337,0.002047082906857611,409.07451912080035,-1,328.88,343.4930900222722,314.2669099777278
2020-07-10 00:00:00+05:30,323.0,324.0,320.0,322.0,101298,324.3333333333333,325.0,323.66666666666663,0.00411099691675243,403.83153835596835,-1,328.44,343.1921388279474,313.6878611720526
2020-07-13 00:00:00+05:30,324.0,326.0,321.0,322.0,86607,322.0,322.0,322.0,0.0,403.4582768217296,-1,327.84,342.36919818844234,313.3108018115576
2020-07-14 00:00:00+05:30,321.0,324.0,315.0,317.0,113757,323.0,323.5,322.5,0.0030959752321981426,398.7799457488604,-1,326.8,340.5404512298192,313.0595487701808
2020-07-15 00:00:00+05:30,318.0,323.0,308.0,310.0,152253,318.6666666666667,319.5,317.83333333333337,0.005230125523012433,395.808747918906,-1,325.72,340.30240035107545,311.1375996489246
2020-07-16 00:00:00+05:30,316.0,316.0,308.0,314.0,98427,313.6666666666667,315.5,311.83333333333337,0.011689691817215606,391.3363980021498,-1,325.04,340.1500496358896,309.9299503641104
2020-07-17 00:00:00+05:30,317.0,317.0,311.0,312.0,177783,312.6666666666667,312.0,313.33333333333337,0.004264392324093938,391.3363980021498,-1,324.56,340.51072412146385,308.60927587853615
2020-07-20 00:00:00+05:30,313.0,315.0,310.0,312.0,100920,313.3333333333333,314.0,312.66666666666663,0.004255319148936292,388.6292243987812,-1,324.24,340.8511287996647,307.6288712003353
2020-07-21 00:00:00+05:30,313.0,316.0,309.0,310.0,118776,312.3333333333333,312.5,312.16666666666663,0.001067235859124988,387.54405542282996,-1,323.88,341.30017221496536,306.45982778503463
2020-07-22 00:00:00+05:30,313.0,315.0,309.0,311.0,124509,311.6666666666667,312.5,310.83333333333337,0.005347593582887579,385.7222932059168,-1,323.56,341.6095318498584,305.5104681501416
2020-07-23 00:00:00+05:30,311.0,312.0,308.0,308.0,126183,311.6666666666667,312.0,311.33333333333337,0.0021390374331549584,381.8934014776801,-1,323.12,342.1047939151062,304.1352060848938
2020-07-24 00:00:00+05:30,309.0,309.0,301.0,303.0,130647,309.3333333333333,310.0,308.66666666666663,0.00431034482758633,376.25766541857286,-1,322.36,342.9192217751319,301.8007782248681
2020-07-27 00:00:00+05:30,305.0,310.0,301.0,308.0,230109,304.3333333333333,305.0,303.66666666666663,0.004381161007667157,376.25766541857286,-1,321.84,343.15425813860423,300.5257418613957
2020-07-28 00:00:00+05:30,308.0,311.0,304.0,306.0,120315,306.3333333333333,305.5,307.16666666666663,0.005440696409140247,376.25766541857286,-1,320.72,342.30162181113974,299.1383781888603
2020-07-29 00:00:00+05:30,307.0,310.0,304.0,305.0,101052,307.0,307.5,306.5,0.003257328990228013,375.9282538717665,-1,319.56,341.278784496354,297.841215503646
2020-07-30 00:00:00+05:30,308.0,313.0,304.0,305.0,190257,306.3333333333333,307.0,305.66666666666663,0.00435255712731242,375.9282538717665,-1,318.48,340.30197058010737,296.65802941989267
2020-07-31 00:00:00+05:30,307.0,311.0,304.0,306.0,116490,307.3333333333333,308.5,306.16666666666663,0.007592190889371056,375.40347876822,-1,317.44,339.06280277852693,295.81719722147307
2020-08-03 00:00:00+05:30,305.0,308.0,303.0,305.0,91161,307.0,307.5,306.5,0.003257328990228013,372.0873396174912,-1,315.88,335.1076467618655,296.6523532381345
2020-08-04 00:00:00+05:30,308.0,310.0,304.0,305.0,104532,305.3333333333333,305.5,305.16666666666663,0.0010917030567686831,372.0873396174912,-1,314.52,331.71646475293926,297.3235352470607
2020-08-05 00:00:00+05:30,309.0,309.0,304.0,305.0,71709,306.3333333333333,307.0,305.66666666666663,0.00435255712731242,370.8796921914799,-1,313.64,330.43885710395455,296.8411428960454
2020-08-06 00:00:00+05:30,305.0,308.0,305.0,306.0,59886,306.0,306.5,305.5,0.0032679738562091504,369.1445045038207,-1,312.76,328.7427907450197,296.7772092549803
2020-08-07 00:00:00+05:30,307.0,318.0,307.0,315.0,305988,306.3333333333333,306.5,306.16666666666663,0.0010881392818281978,369.1445045038207,-1,312.28,327.20938042917686,297.3506195708231
2020-08-10 00:00:00+05:30,317.0,330.0,310.0,320.0,401736,313.3333333333333,312.5,314.16666666666663,0.005319148936170092,369.1445045038207,-1,312.04,326.25525940667603,297.824740593324
2020-08-11 00:00:00+05:30,321.0,326.0,319.0,320.0,174774,320.0,320.0,320.0,0.0,369.1445045038207,-1,311.8,325.2461890511435,298.3538109488565
2020-08-12 00:00:00+05:30,319.0,326.0,315.0,319.0,140133,321.6666666666667,322.5,320.83333333333337,0.00518134715025895,369.1445045038207,-1,311.56,324.2480100882326,298.8719899117674
2020-08-13 00:00:00+05:30,319.0,323.0,311.0,318.0,169731,320.0,320.5,319.5,0.003125,369.1445045038207,-1,311.36,323.4646106917609,299.2553893082391
2020-08-14 00:00:00+05:30,322.0,322.0,311.0,313.0,134610,317.3333333333333,317.0,317.66666666666663,0.0021008403361343344,369.1445045038207,-1,311.0,322.32784180676504,299.67215819323496
2020-08-17 00:00:00+05:30,320.0,320.0,311.0,314.0,115890,315.3333333333333,316.5,314.16666666666663,0.007399577167019148,369.1445045038207,-1,310.68,321.16763080962977,300.19236919037024
2020-08-18 00:00:00+05:30,313.0,320.0,312.0,317.0,107388,315.0,315.5,314.5,0.0031746031746031746,369.1445045038207,-1,310.68,321.16763080962977,300.19236919037024
2020-08-19 00:00:00+05:30,318.0,320.0,315.0,316.0,109413,316.3333333333333,316.0,316.66666666666663,0.002107481559536234,369.1445045038207,-1,310.92,321.60711373566755,300.2328862643325
2020-08-20 00:00:00+05:30,316.0,318.0,311.0,312.0,154254,317.0,317.5,316.5,0.0031545741324921135,369.1445045038207,-1,310.84,321.46344576863333,300.2165542313666
2020-08-21 00:00:00+05:30,316.0,323.0,313.0,317.0,276090,313.6666666666667,314.5,312.83333333333337,0.005313496280552482,369.1445045038207,-1,311.04,321.9282321797018,300.15176782029823
2020-08-24 00:00:00+05:30,320.0,324.0,313.0,315.0,441855,317.6666666666667,318.0,317.33333333333337,0.0020986358866735425,369.1445045038207,-1,311.16,322.153525367192,300.16647463280805
2020-08-25 00:00:00+05:30,314.0,323.0,313.0,315.0,335661,317.3333333333333,318.5,316.16666666666663,0.007352941176470708,369.1445045038207,-1,311.36,322.4433929822547,300.27660701774533
2020-08-26 00:00:00+05:30,315.0,323.0,314.0,320.0,275754,317.0,318.0,316.0,0.006309148264984227,369.1445045038207,-1,311.72,323.3064748737091,300.133525126291
2020-08-27 00:00:00+05:30,355.0,364.0,337.0,345.0,4225560,319.0,318.5,319.5,0.003134796238244514,369.1445045038207,-1,313.2,330.53435894398996,295.86564105601
2020-08-28 00:00:00+05:30,341.0,342.0,333.0,334.0,467466,348.6666666666667,350.5,346.83333333333337,0.010516252390057252,369.1445045038207,-1,314.44,333.06540200905954,295.81459799094046
2020-08-31 00:00:00+05:30,357.0,357.0,319.0,321.0,392238,336.3333333333333,337.5,335.16666666666663,0.006937561942517457,369.1445045038207,-1,314.96,333.5630535127725,296.35694648722745
2020-09-01 00:00:00+05:30,322.0,332.0,318.0,319.0,287439,332.3333333333333,338.0,326.66666666666663,0.0341023069207624,369.1445045038207,-1,315.48,333.7764040182511,297.1835959817489
2020-09-02 00:00:00+05:30,320.0,324.0,316.0,317.0,182589,323.0,325.0,321.0,0.01238390092879257,369.1445045038207,-1,315.96,333.7542013026456,298.1657986973544
2020-09-03 00:00:00+05:30,319.0,322.0,315.0,316.0,159048,319.0,320.0,318.0,0.006269592476489028,369.1445045038207,-1,316.4,333.62324011326183,299.1767598867381
2020-09-04 00:00:00+05:30,313.0,315.0,311.0,313.0,125496,317.6666666666667,318.5,316.83333333333337,0.005246589716684035,369.1445045038207,-1,316.68,333.4391885244803,299.9208114755197
2020-09-07 00:00:00+05:30,314.0,317.0,306.0,308.0,256008,313.0,313.0,313.0,0.0,369.1445045038207,-1,316.8,333.26329250177713,300.3367074982229
2020-09-08 00:00:00+05:30,310.0,311.0,307.0,309.0,114555,310.3333333333333,311.5,309.16666666666663,0.007518796992481326,369.1445045038207,-1,316.96,333.0346259676258,300.88537403237416
2020-09-09 00:00:00+05:30,309.0,315.0,302.0,304.0,237231,309.0,309.0,309.0,0.0,369.1445045038207,-1,316.92,333.11797518207356,300.72202481792647
2020-09-10 00:00:00+05:30,306.0,308.0,303.0,304.0,118698,307.0,308.5,305.5,0.009771986970684038,369.1445045038207,-1,316.84,333.2709951006952,300.40900489930476
2020-09-11 00:00:00+05:30,306.0,306.0,302.0,303.0,116307,305.0,305.5,304.5,0.003278688524590164,369.1445045038207,-1,316.36,333.6562886192117,299.06371138078833
2020-12-11 00:00:00+05:30,343.0,352.0,334.0,339.0,594198,303.6666666666667,304.0,303.33333333333337,0.0021953896816683713,369.1445045038207,-1,317.12,336.5298531678905,297.7101468321095
2020-12-14 00:00:00+05:30,340.0,345.0,335.0,336.0,257082,341.6666666666667,343.0,340.33333333333337,0.007804878048780377,369.1445045038207,-1,317.76,338.51595336280815,297.00404663719183
2020-12-15 00:00:00+05:30,337.0,340.0,331.0,332.0,229536,338.6666666666667,340.0,337.33333333333337,0.007874015748031383,369.1445045038207,-1,318.28,339.77247310104315,296.7875268989568
2020-12-16 00:00:00+05:30,335.0,339.0,332.0,333.0,195906,334.3333333333333,335.5,333.16666666666663,0.006979062811565418,369.1445045038207,-1,318.88,341.1317954331569,296.62820456684307
2020-12-17 00:00:00+05:30,332.0,340.0,332.0,333.0,155751,334.6666666666667,335.5,333.83333333333337,0.004980079681274787,369.1445045038207,-1,319.68,342.4604828745806,296.89951712541944
2020-12-18 00:00:00+05:30,333.0,336.0,328.0,330.0,147429,335.0,336.0,334.0,0.005970149253731343,369.1445045038207,-1,320.32,343.3241387580378,297.3158612419622
2020-12-21 00:00:00+05:30,329.0,334.0,307.0,310.0,261174,331.3333333333333,332.0,330.66666666666663,0.004024144869215407,369.1445045038207,-1,320.04,343.36710011979756,296.7128998802025
2020-12-22 00:00:00+05:30,312.0,320.0,302.0,307.0,267819,317.0,320.5,313.5,0.022082018927444796,369.1445045038207,-1,319.68,343.51758377015295,295.84241622984706
2020-12-23 00:00:00+05:30,310.0,320.0,308.0,317.0,202068,309.6666666666667,311.0,308.33333333333337,0.008611410118406767,369.1445045038207,-1,319.88,343.53972104651825,296.22027895348174
2020-12-24 00:00:00+05:30,322.0,342.0,320.0,328.0,839280,315.0,314.0,316.0,0.006349206349206349,369.1445045038207,-1,320.32,344.1575837701529,296.4824162298471
2020-12-28 00:00:00+05:30,332.0,333.0,325.0,327.0,165339,330.0,331.0,329.0,0.006060606060606061,369.1445045038207,-1,320.8,344.672997298183,296.927002701817
2020-12-29 00:00:00+05:30,329.0,331.0,324.0,326.0,138771,328.3333333333333,329.0,327.66666666666663,0.004060913705583872,369.1445045038207,-1,321.24,345.0746302677229,297.4053697322771
2020-12-30 00:00:00+05:30,325.0,330.0,322.0,325.0,145356,327.0,327.5,326.5,0.0030581039755351682,369.1445045038207,-1,321.44,345.31353346279207,297.56646653720793
2020-12-31 00:00:00+05:30,327.0,327.0,323.0,324.0,102258,325.6666666666667,326.0,325.33333333333337,0.002047082906857611,369.1445045038207,-1,320.6,342.49429149342484,298.7057085065752
2021-01-01 00:00:00+05:30,326.0,336.0,325.0,330.0,164961,324.6666666666667,325.0,324.33333333333337,0.002053388090348959,369.1445045038207,-1,320.44,341.99610354398624,298.88389645601376
2021-01-04 00:00:00+05:30,330.0,332.0,326.0,329.0,175347,330.3333333333333,330.5,330.16666666666663,0.0010090817356207,369.1445045038207,-1,320.76,342.5758107802358,298.94418921976416
2021-01-05 00:00:00+05:30,327.0,332.0,326.0,327.0,167028,329.0,329.0,329.0,0.0,369.1445045038207,-1,321.08,343.0175112535368,299.1424887464632
2021-01-06 00:00:00+05:30,326.0,331.0,319.0,322.0,315600,328.3333333333333,329.0,327.66666666666663,0.004060913705583872,369.1445045038207,-1,321.28,343.1561605406216,299.40383945937833
2021-01-07 00:00:00+05:30,323.0,325.0,318.0,319.0,190299,324.0,325.0,323.0,0.006172839506172839,369.1445045038207,-1,321.4,343.1917415549802,299.60825844501977
2021-01-08 00:00:00+05:30,321.0,325.0,320.0,324.0,211389,320.6666666666667,321.5,319.83333333333337,0.005197505197505079,369.1445045038207,-1,321.84,343.37828219703346,300.3017178029665
2021-01-11 00:00:00+05:30,324.0,327.0,320.0,321.0,155247,323.0,322.5,323.5,0.0030959752321981426,369.1445045038207,-1,322.36,343.151382830371,301.568617169629
2021-01-12 00:00:00+05:30,322.0,326.0,321.0,322.0,140709,322.6666666666667,323.5,321.83333333333337,0.005165289256198229,369.1445045038207,-1,322.88,342.94644961120537,302.8135503887946
2021-01-13 00:00:00+05:30,324.0,339.0,323.0,327.0,722031,323.0,323.5,322.5,0.0030959752321981426,369.1445045038207,-1,323.8,342.3730988259644,305.2269011740356
2021-01-14 00:00:00+05:30,329.0,337.0,325.0,330.0,563337,329.6666666666667,331.0,328.33333333333337,0.008088978766430622,369.1445045038207,-1,324.84,341.69400842526886,307.9859915747311
2021-01-15 00:00:00+05:30,333.0,333.0,323.0,325.0,191319,330.6666666666667,331.0,330.33333333333337,0.00201612903225795,369.1445045038207,-1,325.72,340.02546748621063,311.4145325137894
2021-01-18 00:00:00+05:30,326.0,326.0,319.0,321.0,89157,327.0,328.0,326.0,0.0061162079510703364,369.1445045038207,-1,325.0,338.3386656003902,311.6613343996098
2021-01-19 00:00:00+05:30,322.0,324.0,320.0,322.0,176436,322.0,322.5,321.5,0.003105590062111801,369.1445045038207,-1,324.44,337.0394285584322,311.8405714415678
2021-01-20 00:00:00+05:30,323.0,325.0,317.0,318.0,212157,322.0,322.0,322.0,0.0,369.1445045038207,-1,323.88,336.3291927448746,311.4308072551254
2021-01-21 00:00:00+05:30,321.0,321.0,310.0,312.0,218064,320.0,321.0,319.0,0.00625,369.1445045038207,-1,323.04,335.7456522854612,310.33434771453886
2021-01-22 00:00:00+05:30,313.0,315.0,306.0,307.0,152430,314.3333333333333,315.5,313.16666666666663,0.007423117709438085,369.1445045038207,-1,322.0,335.50555441287213,308.49444558712787
2021-01-25 00:00:00+05:30,311.0,318.0,306.0,308.0,176649,309.3333333333333,310.5,308.16666666666663,0.007543103448275985,369.1445045038207,-1,321.12,335.2770618420297,306.9629381579703
2021-01-27 00:00:00+05:30,310.0,310.0,305.0,306.0,83379,310.6666666666667,312.0,309.33333333333337,0.00858369098712434,369.1445045038207,-1,320.96,335.6947751933667,306.22522480663326
2021-01-28 00:00:00+05:30,306.0,309.0,304.0,307.0,52488,307.0,307.5,306.5,0.003257328990228013,369.1445045038207,-1,320.96,335.6947751933667,306.22522480663326
2021-01-29 00:00:00+05:30,308.0,311.0,305.0,306.0,75876,306.6666666666667,306.5,306.83333333333337,0.001086956521739254,369.1445045038207,-1,320.52,336.31994936697765,304.7200506330223
2021-02-01 00:00:00+05:30,310.0,317.0,302.0,309.0,400887,307.3333333333333,308.0,306.66666666666663,0.004338394793926371,369.1445045038207,-1,319.76,335.87240515872975,303.64759484127023
2021-02-02 00:00:00+05:30,316.0,318.0,311.0,313.0,186585,309.3333333333333,309.5,309.16666666666663,0.0010775862068966742,369.1445045038207,-1,319.2,335.2399501245816,303.1600498754184
2021-02-03 00:00:00+05:30,314.0,315.0,311.0,313.0,141123,314.0,314.5,313.5,0.0031847133757961785,369.1445045038207,-1,318.68,334.6471663108727,302.7128336891273
2021-02-04 00:00:00+05:30,315.0,324.0,312.0,320.0,357390,313.0,313.0,313.0,0.0,369.1445045038207,-1,318.48,334.2495402595976,302.7104597404024
2021-02-05 00:00:00+05:30,326.0,326.0,308.0,312.0,257217,318.6666666666667,318.0,319.33333333333337,0.00418410041841016,369.1445045038207,-1,318.0,333.79873412647584,302.20126587352416
2021-02-08 00:00:00+05:30,313.0,319.0,311.0,312.0,243051,315.3333333333333,317.0,313.66666666666663,0.010570824524313018,369.1445045038207,-1,317.28,332.4538722809662,302.10612771903374
2021-02-09 00:00:00+05:30,313.0,313.0,304.0,305.0,333108,314.0,315.0,313.0,0.006369426751592357,369.1445045038207,-1,316.32,331.4431742699435,301.1968257300565
2021-02-10 00:00:00+05:30,308.0,308.0,304.0,306.0,121725,307.3333333333333,308.5,306.16666666666663,0.007592190889371056,369.1445045038207,-1,315.48,330.4692761666161,300.4907238333839
2021-02-11 00:00:00+05:30,307.0,312.0,304.0,309.0,144201,306.0,306.0,306.0,0.0,369.1445045038207,-1,314.96,329.91037123281853,300.0096287671814
2021-02-12 00:00:00+05:30,311.0,313.0,307.0,308.0,124542,308.3333333333333,308.0,308.66666666666663,0.0021621621621620395,369.1445045038207,-1,314.52,329.6156417551255,299.42435824487444
2021-02-15 00:00:00+05:30,313.0,313.0,307.0,308.0,228552,309.3333333333333,310.0,308.66666666666663,0.00431034482758633,369.1445045038207,-1,313.88,328.66723774067,299.09276225933
2021-02-16 00:00:00+05:30,309.0,310.0,307.0,308.0,80964,309.3333333333333,310.0,308.66666666666663,0.00431034482758633,369.1445045038207,-1,313.36,328.02293285803006,298.69706714196997
2021-02-17 00:00:00+05:30,307.0,312.0,307.0,308.0,115203,308.3333333333333,308.5,308.16666666666663,0.001081081081081204,369.1445045038207,-1,312.8,327.1666279968231,298.43337200317694
2021-02-18 00:00:00+05:30,308.0,309.0,307.0,308.0,84657,309.0,309.5,308.5,0.003236245954692557,369.1445045038207,-1,312.04,325.28815458843627,298.79184541156377
2021-02-19 00:00:00+05:30,308.0,309.0,303.0,305.0,98109,308.0,308.0,308.0,0.0,366.4639154282979,-1,311.04,322.3463521968454,299.73364780315467
2021-02-22 00:00:00+05:30,306.0,307.0,300.0,302.0,115674,305.6666666666667,306.0,305.33333333333337,0.0021810250817883166,363.505358811166,-1,310.12,320.4322451483232,299.8077548516768
2021-02-23 00:00:00+05:30,307.0,308.0,303.0,304.0,85578,303.0,303.5,302.5,0.0033003300330033004,363.505358811166,-1,309.44,319.0079464880986,299.8720535119014
2021-02-24 00:00:00+05:30,305.0,307.0,293.0,302.0,105702,305.0,305.5,304.5,0.003278688524590164,360.8337386803706,-1,308.64,317.1606572515929,300.11934274840706
2021-02-25 00:00:00+05:30,305.0,305.0,301.0,303.0,133044,300.6666666666667,300.0,301.33333333333337,0.004434589800443585,360.8337386803706,-1,308.04,315.9288275427421,300.1511724572579
2021-02-26 00:00:00+05:30,304.0,305.0,298.0,300.0,141681,303.0,303.0,303.0,0.0,360.5995735678295,-1,307.56,315.87538333446685,299.24461666553316
2021-03-01 00:00:00+05:30,301.0,303.0,299.0,301.0,129975,301.0,301.5,300.5,0.0033222591362126247,358.85559062511635,-1,307.32,316.02347057208385,298.61652942791613
2021-03-02 00:00:00+05:30,302.0,303.0,301.0,302.0,79161,301.0,301.0,301.0,0.0,358.1013670001117,-1,307.08,316.0228407119399,298.13715928806005
2021-03-03 00:00:00+05:30,304.0,305.0,300.0,302.0,182355,302.0,302.0,302.0,0.0,357.7573123201072,-1,306.92,316.07502048054135,297.7649795194587
2021-03-04 00:00:00+05:30,302.0,303.0,302.0,302.0,129795,302.3333333333333,302.5,302.16666666666663,0.0011025358324146788,355.82701982730293,-1,306.72,316.07555449982164,297.3644455001784
2021-03-05 00:00:00+05:30,302.0,302.0,300.0,301.0,83880,302.3333333333333,302.5,302.16666666666663,0.0011025358324146788,352.7539390342108,-1,306.52,316.138648553676,296.901351446324
2021-03-08 00:00:00+05:30,302.0,304.0,300.0,301.0,90009,301.0,301.0,301.0,0.0,352.7539390342108,-1,306.2,315.99795897108856,296.4020410289114
2021-03-09 00:00:00+05:30,301.0,303.0,298.0,300.0,112254,301.6666666666667,302.0,301.33333333333337,0.00220994475138109,350.67163021392867,-1,305.68,315.35834696625085,296.00165303374916
2021-03-10 00:00:00+05:30,302.0,302.0,299.0,301.0,92244,300.3333333333333,300.5,300.16666666666663,0.001109877913429649,349.50476500537155,-1,305.2,314.56375992852975,295.83624007147023
2021-03-12 00:00:00+05:30,303.0,304.0,298.0,299.0,140382,300.6666666666667,300.5,300.83333333333337,0.0011086474501109907,349.50476500537155,-1,304.36,311.8407486255818,296.87925137441823
2021-03-15 00:00:00+05:30,302.0,302.0,297.0,298.0,141012,300.3333333333333,301.0,299.66666666666663,0.004439511653718218,347.6755914289504,-1,303.8,310.99999999994077,296.60000000005925
2021-03-16 00:00:00+05:30,301.0,301.0,298.0,299.0,97431,299.0,299.5,298.5,0.0033444816053511705,346.5885677717924,-1,303.28,309.88956882097074,296.6704311790292
2021-03-17 00:00:00+05:30,299.0,300.0,292.0,293.0,158781,299.3333333333333,299.5,299.16666666666663,0.0011135857461025765,343.4450250609207,-1,302.8,310.49415362461343,295.1058463753866
2021-03-18 00:00:00+05:30,295.0,297.0,291.0,294.0,161727,295.0,296.0,294.0,0.006779661016949152,341.2272240584839,-1,302.32,310.6284535263281,294.0115464736719
2021-03-19 00:00:00+05:30,290.0,297.0,288.0,296.0,87711,294.0,294.0,294.0,0.0,340.3581350961445,-1,301.8,309.99756061271626,293.60243938728377
2021-03-22 00:00:00+05:30,292.0,298.0,292.0,296.0,80955,293.6666666666667,292.5,294.83333333333337,0.007945516458569935,340.3581350961445,-1,301.32,309.41384951671074,293.22615048328925
2021-03-23 00:00:00+05:30,297.0,310.0,294.0,299.0,549792,295.3333333333333,295.0,295.66666666666663,0.002257336343114996,340.3581350961445,-1,300.96,308.6224800162324,293.2975199837676
2021-03-24 00:00:00+05:30,299.0,303.0,298.0,299.0,95244,301.0,302.0,300.0,0.006644518272425249,340.3581350961445,-1,300.6,307.7330217999921,293.46697820000793
2021-03-25 00:00:00+05:30,298.0,298.0,291.0,293.0,140508,300.0,300.5,299.5,0.0033333333333333335,340.3581350961445,-1,300.0,307.06540869300323,292.93459130699677
2021-03-26 00:00:00+05:30,294.0,297.0,282.0,296.0,808998,294.0,294.5,293.5,0.003401360544217687,340.3581350961445,-1,299.52,305.9479390164475,293.09206098355247
2021-03-30 00:00:00+05:30,299.0,300.0,294.0,299.0,218622,291.6666666666667,289.5,293.83333333333337,0.014857142857142985,340.3581350961445,-1,299.28,305.307138624519,293.25286137548096
2021-03-31 00:00:00+05:30,299.0,309.0,296.0,305.0,354405,297.6666666666667,297.0,298.33333333333337,0.0044792833146697795,340.3581350961445,-1,299.4,305.7498031464895,293.05019685351044
2021-04-01 00:00:00+05:30,307.0,312.0,305.0,309.0,216513,303.3333333333333,302.5,304.16666666666663,0.00549450549450537,340.3581350961445,-1,299.6,306.7777433779126,292.42225662208745
2021-04-05 00:00:00+05:30,309.0,309.0,297.0,305.0,100041,308.6666666666667,308.5,308.83333333333337,0.0010799136069115699,340.3581350961445,-1,299.72,307.1501009413848,292.2898990586153
2021-04-06 00:00:00+05:30,303.0,307.0,300.0,301.0,64344,303.6666666666667,303.0,304.33333333333337,0.0043907793633371165,340.3581350961445,-1,299.64,306.96950202941287,292.3104979705871
2021-04-07 00:00:00+05:30,301.0,305.0,300.0,302.0,65097,302.6666666666667,303.5,301.83333333333337,0.005506607929515293,340.3581350961445,-1,299.72,307.10690733657646,292.3330926634236
2021-04-08 00:00:00+05:30,303.0,305.0,302.0,304.0,48699,302.3333333333333,302.5,302.16666666666663,0.0011025358324146788,340.3581350961445,-1,299.84,307.4015871349318,292.27841286506816
2021-04-09 00:00:00+05:30,303.0,307.0,302.0,302.0,87624,303.6666666666667,303.5,303.83333333333337,0.0010976948408343728,340.3581350961445,-1,299.84,307.4015871349318,292.27841286506816
2021-04-12 00:00:00+05:30,300.0,301.0,293.0,294.0,80634,303.6666666666667,304.5,302.83333333333337,0.005488474204171115,340.3581350961445,-1,299.52,307.3608162839827,291.6791837160173
2021-04-13 00:00:00+05:30,296.0,298.0,293.0,294.0,51315,296.0,297.0,295.0,0.006756756756756757,340.3581350961445,-1,299.2,307.2597766717924,291.1402233282076
2021-04-15 00:00:00+05:30,291.0,296.0,290.0,292.0,52671,295.0,295.5,294.5,0.003389830508474576,340.3581350961445,-1,298.84,307.33809390388046,290.3419060961195
2021-04-16 00:00:00+05:30,292.0,294.0,290.0,290.0,55389,292.6666666666667,293.0,292.33333333333337,0.0022779043280180935,340.3581350961445,-1,298.4,307.5214034007477,289.27859659925224
2021-04-19 00:00:00+05:30,289.0,289.0,280.0,281.0,125556,291.3333333333333,292.0,290.66666666666663,0.004576659038901732,335.1678568926473,-1,297.64,308.9943647994582,286.2856352005418
2021-04-20 00:00:00+05:30,286.0,288.0,284.0,287.0,73344,283.3333333333333,284.5,282.16666666666663,0.008235294117647193,335.1678568926473,-1,297.08,309.07893328588744,285.0810667141125
2021-04-22 00:00:00+05:30,287.0,288.0,285.0,286.0,35292,286.3333333333333,286.0,286.66666666666663,0.002328288707799635,335.1678568926473,-1,296.56,309.28578484806263,283.83421515193737
2021-04-23 00:00:00+05:30,288.0,294.0,287.0,288.0,110136,286.3333333333333,286.5,286.16666666666663,0.001164144353900016,335.1678568926473,-1,296.16,309.3014458869328,283.01855411306724
2021-04-26 00:00:00+05:30,290.0,290.0,287.0,288.0,41160,289.6666666666667,290.5,288.83333333333337,0.005753739930954989,335.1678568926473,-1,295.72,309.1842638120019,282.25573618799814
2021-04-27 00:00:00+05:30,290.0,291.0,287.0,288.0,46623,288.3333333333333,288.5,288.16666666666663,0.0011560693641619812,335.1678568926473,-1,295.52,309.28511532821955,281.7548846717804
2021-04-28 00:00:00+05:30,288.0,292.0,287.0,288.0,62859,288.6666666666667,289.0,288.33333333333337,0.0023094688221707693,335.1678568926473,-1,295.28,309.3486317742411,281.21136822575886
2021-04-29 00:00:00+05:30,290.0,292.0,287.0,288.0,62781,289.0,289.5,288.5,0.0034602076124567475,335.1678568926473,-1,294.96,309.3096898920913,280.6103101079087
2021-04-30 00:00:00+05:30,288.0,290.0,287.0,287.0,54837,289.0,289.5,288.5,0.0034602076124567475,334.1866478252606,-1,294.6,309.2751490622477,279.92485093775235
2021-05-03 00:00:00+05:30,287.0,290.0,285.0,287.0,49551,288.0,288.5,287.5,0.003472222222222222,332.7591819122502,-1,294.12,308.97201669805116,279.26798330194885
2021-05-04 00:00:00+05:30,288.0,289.0,287.0,288.0,42027,287.3333333333333,287.5,287.16666666666663,0.001160092807424726,332.0088146357602,-1,293.68,308.57934226733494,278.7806577326651
2021-05-05 00:00:00+05:30,289.0,292.0,286.0,288.0,69306,288.0,288.0,288.0,0.0,332.0088146357602,-1,293.48,308.54381093877623,278.4161890612238
2021-05-06 00:00:00+05:30,290.0,290.0,287.0,288.0,34314,288.6666666666667,289.0,288.33333333333337,0.0023094688221707693,331.5113235683166,-1,293.16,308.3355592977391,277.98444070226094
2021-05-07 00:00:00+05:30,289.0,291.0,287.0,287.0,42672,288.3333333333333,288.5,288.16666666666663,0.0011560693641619812,331.4108706255839,-1,292.68,307.84543438214666,277.51456561785335
2021-05-10 00:00:00+05:30,290.0,290.0,287.0,287.0,129213,288.3333333333333,289.0,287.66666666666663,0.004624277456647531,330.05443580056055,-1,291.96,306.4096920382131,277.51030796178685
2021-05-11 00:00:00+05:30,287.0,290.0,287.0,288.0,87954,288.0,288.5,287.5,0.003472222222222222,329.23225836853817,-1,291.12,303.8488019860159,278.3911980139841
2021-05-12 00:00:00+05:30,289.0,289.0,285.0,286.0,94458,288.3333333333333,288.5,288.16666666666663,0.0011560693641619812,327.22296803379663,-1,290.36,301.8960998608371,278.8239001391629
2021-05-14 00:00:00+05:30,287.0,296.0,287.0,290.0,340761,286.6666666666667,287.0,286.33333333333337,0.002325581395348705,327.22296803379663,-1,289.92,300.6071137356729,279.23288626432713
2021-05-17 00:00:00+05:30,292.0,295.0,290.0,294.0,186492,291.0,291.5,290.5,0.003436426116838488,327.22296803379663,-1,289.6,299.2498704654109,279.95012953458917
2021-05-18 00:00:00+05:30,295.0,306.0,294.0,303.0,396864,293.0,292.5,293.5,0.0034129692832764505,327.22296803379663,-1,289.56,298.97624128828534,280.14375871171467
2021-05-19 00:00:00+05:30,303.0,309.0,303.0,305.0,207348,301.0,300.0,302.0,0.006644518272425249,327.22296803379663,-1,289.68,299.7790296563189,279.5809703436811
2021-05-20 00:00:00+05:30,308.0,308.0,297.0,298.0,138060,305.6666666666667,306.0,305.33333333333337,0.0021810250817883166,327.22296803379663,-1,289.84,300.32702054919355,279.3529794508064
2021-05-21 00:00:00+05:30,302.0,309.0,295.0,300.0,336960,301.0,302.5,299.5,0.009966777408637873,327.22296803379663,-1,290.08,301.1928034266429,278.96719657335706
2021-05-24 00:00:00+05:30,302.0,305.0,299.0,302.0,139491,301.3333333333333,302.0,300.66666666666663,0.004424778761062073,327.22296803379663,-1,290.48,302.52152814219215,278.4384718578079
2021-05-25 00:00:00+05:30,305.0,306.0,300.0,301.0,189624,302.0,302.0,302.0,0.0,327.22296803379663,-1,290.92,303.64377302529414,278.1962269747059
2021-05-26 00:00:00+05:30,303.0,303.0,301.0,302.0,77946,302.3333333333333,303.0,301.66666666666663,0.00441014332965834,327.22296803379663,-1,291.76,304.5259547233726,278.9940452766274
2021-05-27 00:00:00+05:30,302.0,303.0,299.0,299.0,97434,302.0,302.0,302.0,0.0,327.22296803379663,-1,292.24,305.1554790851597,279.3245209148403
2021-05-28 00:00:00+05:30,297.0,302.0,297.0,299.0,75132,300.3333333333333,301.0,299.66666666666663,0.004439511653718218,327.22296803379663,-1,292.76,305.67547908515957,279.8445209148404
2021-05-31 00:00:00+05:30,301.0,303.0,299.0,299.0,128478,299.3333333333333,299.5,299.16666666666663,0.0011135857461025765,327.22296803379663,-1,293.2,306.18614646456723,280.21385353543275
2021-06-01 00:00:00+05:30,300.0,307.0,299.0,303.0,201408,300.3333333333333,301.0,299.66666666666663,0.004439511653718218,327.22296803379663,-1,293.8,307.15065541459256,280.44934458540746
2021-06-02 00:00:00+05:30,304.0,306.0,302.0,303.0,95880,303.0,303.0,303.0,0.0,327.22296803379663,-1,294.4,307.99999999997004,280.8000000000299
2021-06-03 00:00:00+05:30,303.0,306.0,301.0,304.0,465306,303.6666666666667,304.0,303.33333333333337,0.0021953896816683713,327.22296803379663,-1,295.04,308.87884388231845,281.2011561176816
2021-06-04 00:00:00+05:30,306.0,318.0,305.0,312.0,837729,303.6666666666667,303.5,303.83333333333337,0.0010976948408343728,327.22296803379663,-1,296.0,311.0306353824174,280.9693646175826
2021-06-07 00:00:00+05:30,317.0,317.0,310.0,311.0,249276,311.6666666666667,311.5,311.83333333333337,0.0010695187165776616,327.22296803379663,-1,296.96,312.62121323522456,281.2987867647754
2021-06-08 00:00:00+05:30,312.0,314.0,307.0,310.0,143079,312.6666666666667,313.5,311.83333333333337,0.005330490405117149,327.22296803379663,-1,297.88,313.79296326895684,281.96703673104315
2021-09-07 00:00:00+05:30,329.0,329.0,326.0,327.0,61008,310.3333333333333,310.5,310.16666666666663,0.0010741138560688656,327.22296803379663,-1,299.44,318.50687179374637,280.3731282062536
2021-09-08 00:00:00+05:30,328.0,328.0,324.0,326.0,36519,327.3333333333333,327.5,327.16666666666663,0.0010183299389003196,327.22296803379663,-1,300.96,322.0842419982151,279.8357580017849
2021-09-09 00:00:00+05:30,323.0,326.0,323.0,324.0,41442,326.0,326.0,326.0,0.0,327.22296803379663,-1,302.4,324.6710574513009,280.12894254869906
2021-09-13 00:00:00+05:30,324.0,327.0,324.0,326.0,120867,324.3333333333333,324.5,324.16666666666663,0.001027749229188195,327.22296803379663,-1,303.96,327.1426141752637,280.77738582473626
2021-09-14 00:00:00+05:30,325.0,338.0,325.0,332.0,218364,325.6666666666667,325.5,325.83333333333337,0.0010235414534289801,283.92637100317944,1,305.76,330.34148897034373,281.17851102965625
2021-09-15 00:00:00+05:30,330.0,340.0,330.0,335.0,188547,331.6666666666667,331.5,331.83333333333337,0.0010050251256282549,286.5293161630523,1,307.64,333.6484909212188,281.63150907878116
2021-09-16 00:00:00+05:30,335.0,366.0,335.0,350.0,2013882,335.0,335.0,335.0,0.0,295.28814351653017,1,310.2,339.56664774874906,280.8333522512509
2021-09-17 00:00:00+05:30,350.0,357.0,341.0,350.0,316641,350.3333333333333,350.5,350.16666666666663,0.0009514747859182814,295.28814351653017,1,312.6,344.6549528154246,280.5450471845754
2021-09-20 00:00:00+05:30,347.0,360.0,341.0,347.0,347301,349.3333333333333,349.0,349.66666666666663,0.0019083969465647772,295.28814351653017,1,314.72,348.53606718705015,280.9039328129499
2021-09-21 00:00:00+05:30,347.0,354.0,344.0,348.0,153507,349.3333333333333,350.5,348.16666666666663,0.006679389312977208,295.28814351653017,1,316.52,352.37803117851115,280.6619688214888
2021-09-22 00:00:00+05:30,349.0,361.0,347.0,354.0,400866,348.6666666666667,349.0,348.33333333333337,0.0019120458891012297,295.28814351653017,1,318.48,356.87216586751873,280.0878341324813
2021-09-23 00:00:00+05:30,355.0,358.0,349.0,350.0,121593,354.0,354.0,354.0,0.0,295.28814351653017,1,320.56,359.91105589433477,281.20894410566524
2021-09-24 00:00:00+05:30,354.0,354.0,347.0,348.0,74172,352.3333333333333,353.5,351.16666666666663,0.006622516556291498,295.28814351653017,1,322.48,362.3121277362766,282.64787226372346
2021-09-27 00:00:00+05:30,347.0,358.0,347.0,351.0,233286,349.6666666666667,350.5,348.83333333333337,0.0047664442326023695,295.28814351653017,1,324.44,364.86605100673376,284.01394899326624
2021-09-28 00:00:00+05:30,353.0,363.0,351.0,353.0,391335,352.0,352.5,351.5,0.002840909090909091,295.28814351653017,1,326.52,367.25767789159113,285.78232210840883
2021-09-29 00:00:00+05:30,354.0,395.0,350.0,389.0,3184242,355.6666666666667,357.0,354.33333333333337,0.007497656982192957,299.1078398382911,1,330.0,376.25494568150543,283.74505431849457
2021-09-30 00:00:00+05:30,389.0,408.0,383.0,399.0,2286240,378.0,372.5,383.5,0.0291005291005291,318.04352624475945,1,334.0,385.802702632189,282.197297367811
2021-10-01 00:00:00+05:30,393.0,430.0,389.0,420.0,1851939,396.6666666666667,395.5,397.83333333333337,0.005882352941176566,323.66178519496907,1,338.84,398.6495109493379,279.030489050662
2021-10-04 00:00:00+05:30,422.0,456.0,422.0,451.0,2697882,413.0,409.5,416.5,0.01694915254237288,346.5153137871703,1,344.92,416.9487053888861,272.89129461111395
2021-10-05 00:00:00+05:30,450.0,450.0,440.0,442.0,510156,443.0,439.0,447.0,0.01805869074492099,353.1347012356835,1,350.48,429.7973272368587,271.16267276314136
2021-10-06 00:00:00+05:30,443.0,443.0,415.0,417.0,303360,444.0,445.0,443.0,0.0045045045045045045,353.1347012356835,1,355.04,436.0051381768654,274.07486182313465
2021-10-07 00:00:00+05:30,420.0,432.0,417.0,426.0,154179,425.0,429.0,421.0,0.018823529411764704,353.1347012356835,1,359.92,442.6782890108228,277.1617109891772
2021-10-08 00:00:00+05:30,426.0,436.0,417.0,420.0,150849,425.0,424.5,425.5,0.002352941176470588,353.1347012356835,1,364.24,447.81278025768233,280.6672197423177
2021-10-11 00:00:00+05:30,422.0,429.0,411.0,423.0,132456,424.3333333333333,426.5,422.16666666666663,0.01021209740769844,353.1347012356835,1,368.72,452.4042063952263,285.03579360477374
2021-10-12 00:00:00+05:30,423.0,426.0,412.0,416.0,97941,421.0,420.0,422.0,0.004750593824228029,353.1347012356835,1,372.96,455.0399220272462,290.8800779727538
2021-10-13 00:00:00+05:30,417.0,450.0,417.0,447.0,494421,418.0,419.0,417.0,0.004784688995215311,353.1347012356835,1,377.76,462.51900896069276,293.0009910393072
2021-10-14 00:00:00+05:30,456.0,459.0,442.0,443.0,406755,438.0,433.5,442.5,0.02054794520547945,353.1347012356835,1,382.44,468.1652914838951,296.7147085161049
2021-10-18 00:00:00+05:30,447.0,451.0,437.0,438.0,346908,448.0,450.5,445.5,0.011160714285714286,353.1347012356835,1,387.0,471.9300888966846,302.0699111033154
2021-10-19 00:00:00+05:30,443.0,445.0,424.0,434.0,193347,442.0,444.0,440.0,0.00904977375565611,353.1347012356835,1,391.32,474.36547188136586,308.2745281186341
2021-10-20 00:00:00+05:30,431.0,438.0,420.0,428.0,181854,434.3333333333333,434.5,434.16666666666663,0.0007674597083653981,353.1347012356835,1,395.16,475.719404168593,314.6005958314071
2021-10-21 00:00:00+05:30,429.0,434.0,390.0,402.0,319071,428.6666666666667,429.0,428.33333333333337,0.001555209953343613,353.1347012356835,1,397.84,474.58306222714003,321.0969377728599
2021-10-22 00:00:00+05:30,406.0,433.0,394.0,429.0,452790,408.6666666666667,412.0,405.33333333333337,0.016313213703099416,353.1347012356835,1,401.0,476.09141096023353,325.90858903976647
2021-10-25 00:00:00+05:30,435.0,445.0,420.0,440.0,344550,418.6666666666667,413.5,423.83333333333337,0.02468152866242047,353.1347012356835,1,404.6,478.18043218138007,331.01956781862
2021-10-26 00:00:00+05:30,445.0,450.0,434.0,437.0,225666,435.0,432.5,437.5,0.011494252873563218,353.1347012356835,1,408.2,478.9061524904208,337.49384750957915
2021-10-27 00:00:00+05:30,442.0,458.0,436.0,455.0,702663,440.3333333333333,442.0,438.66666666666663,0.007570022710068217,353.1347012356835,1,412.48,481.01231646456023,343.9476835354398
2021-10-28 00:00:00+05:30,455.0,470.0,447.0,457.0,392709,449.6666666666667,447.0,452.33333333333337,0.011860637509266208,353.1347012356835,1,416.6,482.9228467422698,350.2771532577302
2021-10-29 00:00:00+05:30,452.0,457.0,429.0,432.0,191157,458.0,458.5,457.5,0.002183406113537118,353.1347012356835,1,419.88,480.5754891239752,359.1845108760248
2021-11-01 00:00:00+05:30,430.0,440.0,416.0,423.0,255732,439.3333333333333,443.0,435.66666666666663,0.016691957511380966,353.1347012356835,1,422.88,476.01023997685854,369.74976002314145
2021-11-02 00:00:00+05:30,427.0,432.0,420.0,424.0,120372,426.3333333333333,428.0,424.66666666666663,0.007818608287724875,353.1347012356835,1,425.8,470.0971782396866,381.5028217603134
2021-11-03 00:00:00+05:30,424.0,425.0,413.0,417.0,82512,425.3333333333333,426.0,424.66666666666663,0.0031347962382446033,353.1347012356835,1,428.36,461.5329046059967,395.18709539400334
2021-11-04 00:00:00+05:30,414.0,424.0,414.0,420.0,13953,418.3333333333333,419.0,417.66666666666663,0.003187250996016027,353.1347012356835,1,429.6,458.88480834833223,400.3151916516678
2021-11-08 00:00:00+05:30,420.0,425.0,417.0,424.0,51129,419.3333333333333,419.0,419.66666666666663,0.0015898251192367936,353.1347012356835,1,430.6,457.22329806764265,403.9767019323574
2021-11-09 00:00:00+05:30,424.0,446.0,424.0,433.0,198150,422.0,421.0,423.0,0.004739336492890996,353.1347012356835,1,431.12,457.4004566170099,404.8395433829901
2021-11-10 00:00:00+05:30,433.0,435.0,419.0,421.0,73278,434.3333333333333,435.0,433.66666666666663,0.003069838833461331,353.1347012356835,1,429.92,455.1797387159596,404.6602612840404
2021-11-11 00:00:00+05:30,416.0,423.0,412.0,420.0,72837,425.0,427.0,423.0,0.009411764705882352,353.1347012356835,1,429.04,454.08702776775226,403.9929722322478
2021-11-12 00:00:00+05:30,417.0,430.0,417.0,427.0,55113,418.3333333333333,417.5,419.16666666666663,0.00398406374501983,353.1347012356835,1,429.44,454.0201871432776,404.8598128567224
2021-11-15 00:00:00+05:30,427.0,427.0,417.0,420.0,50247,424.6666666666667,423.5,425.83333333333337,0.005494505494505583,353.1347012356835,1,429.2,454.02579303866344,404.37420696133654
2021-11-16 00:00:00+05:30,420.0,429.0,414.0,418.0,51324,421.3333333333333,422.0,420.66666666666663,0.0031645569620254066,353.1347012356835,1,429.12,454.0764099982059,404.1635900017941
2021-11-17 00:00:00+05:30,415.0,419.0,412.0,413.0,44637,420.3333333333333,421.5,419.16666666666663,0.005551149881046879,353.1347012356835,1,428.72,454.3669569344699,403.07304306553016
2021-11-18 00:00:00+05:30,412.0,418.0,393.0,396.0,127494,414.6666666666667,415.5,413.83333333333337,0.004019292604501516,353.1347012356835,1,427.92,456.2151303230531,399.62486967694696
2021-11-22 00:00:00+05:30,398.0,398.0,375.0,379.0,88356,402.3333333333333,405.5,399.16666666666663,0.01574150787075403,353.1347012356835,1,425.2,458.3010573849019,392.09894261509805
2021-11-23 00:00:00+05:30,378.0,388.0,373.0,385.0,54264,384.0,386.5,381.5,0.013020833333333334,353.1347012356835,1,422.88,458.6853403837833,387.0746596162167
2021-11-24 00:00:00+05:30,389.0,396.0,377.0,380.0,82530,382.0,380.5,383.5,0.007853403141361256,353.1347012356835,1,420.56,459.5228746372569,381.5971253627431
2021-11-25 00:00:00+05:30,385.0,392.0,377.0,384.0,50955,384.3333333333333,386.5,382.16666666666663,0.01127493495229845,353.1347012356835,1,418.56,459.6339041241347,377.4860958758653
2021-11-26 00:00:00+05:30,383.0,398.0,381.0,394.0,157407,384.3333333333333,384.5,384.16666666666663,0.0008673026886384334,353.1347012356835,1,417.2,459.17523079148714,375.22476920851284
2021-11-29 00:00:00+05:30,394.0,397.0,378.0,394.0,80703,391.0,389.5,392.5,0.0076726342710997444,353.1347012356835,1,416.88,459.43187892442137,374.3281210755786
2021-11-30 00:00:00+05:30,393.0,410.0,393.0,404.0,199611,389.6666666666667,387.5,391.83333333333337,0.01112061591103517,353.1347012356835,1,415.88,458.42059708088993,373.33940291911006
2021-12-01 00:00:00+05:30,407.0,418.0,400.0,409.0,131775,402.3333333333333,401.5,403.16666666666663,0.004142502071250942,353.1347012356835,1,414.64,456.08926537344934,373.19073462655064
2021-12-02 00:00:00+05:30,408.0,430.0,403.0,426.0,213321,409.0,409.0,409.0,0.0,353.1347012356835,1,414.2,454.91756377779285,373.4824362222071
2021-12-03 00:00:00+05:30,433.0,455.0,432.0,439.0,366558,419.6666666666667,416.5,422.83333333333337,0.015091342335186745,353.1347012356835,1,413.56,452.1390824151979,374.9809175848021
2021-12-06 00:00:00+05:30,438.0,446.0,405.0,410.0,178779,442.0,443.5,440.5,0.006787330316742082,353.1347012356835,1,411.68,445.94821267586974,377.4117873241303
2021-12-07 00:00:00+05:30,412.0,424.0,410.0,413.0,97176,420.3333333333333,425.5,415.16666666666663,0.02458366375892158,353.1347012356835,1,410.92,444.17980156282727,377.66019843717277
2021-12-08 00:00:00+05:30,415.0,423.0,415.0,417.0,38007,415.6666666666667,417.0,414.33333333333337,0.006415396952686356,353.1347012356835,1,410.68,443.6731871755162,377.6868128244838
2021-12-09 00:00:00+05:30,420.0,420.0,408.0,412.0,48648,418.3333333333333,419.0,417.66666666666663,0.003187250996016027,353.1347012356835,1,410.2,442.7502688160735,377.64973118392646
2021-12-10 00:00:00+05:30,418.0,418.0,408.0,410.0,35058,413.3333333333333,414.0,412.66666666666663,0.003225806451612995,353.1347012356835,1,409.92,442.3516882076566,377.48831179234344
2021-12-13 00:00:00+05:30,414.0,429.0,405.0,408.0,156129,412.0,413.0,411.0,0.0048543689320388345,353.1347012356835,1,409.44,441.6149219113062,377.26507808869377
2021-12-14 00:00:00+05:30,406.0,412.0,405.0,407.0,34689,414.0,417.0,411.0,0.014492753623188406,353.1347012356835,1,408.76,440.38925228326866,377.1307477167313
2021-12-15 00:00:00+05:30,410.0,410.0,400.0,402.0,30045,408.0,408.5,407.5,0.0024509803921568627,353.1347012356835,1,407.52,437.6457099501184,377.3942900498816
2021-12-16 00:00:00+05:30,403.0,412.0,402.0,403.0,30264,404.0,405.0,403.0,0.0049504950495049506,353.1347012356835,1,406.8,436.45939985904414,377.1406001409559
2021-12-17 00:00:00+05:30,405.0,405.0,396.0,400.0,35844,405.6666666666667,407.0,404.33333333333337,0.006573541495480596,353.1347012356835,1,406.0,435.2684130078601,376.7315869921399
2021-12-20 00:00:00+05:30,396.0,396.0,386.0,389.0,58017,400.3333333333333,400.5,400.16666666666663,0.0008326394671108357,353.1347012356835,1,404.48,433.1693429691006,375.7906570308994
2021-12-21 00:00:00+05:30,391.0,396.0,377.0,380.0,38550,390.3333333333333,391.0,389.66666666666663,0.003415883859948859,353.1347012356835,1,402.88,432.3788542150147,373.3811457849853
2021-12-22 00:00:00+05:30,374.0,388.0,374.0,381.0,51213,384.3333333333333,386.5,382.16666666666663,0.01127493495229845,353.1347012356835,1,401.4,431.42399040765065,371.3760095923493
2021-12-23 00:00:00+05:30,383.0,390.0,379.0,383.0,58185,381.0,381.0,381.0,0.0,353.1347012356835,1,400.2,430.668344228046,369.73165577195397
2021-12-24 00:00:00+05:30,385.0,389.0,375.0,378.0,26727,384.0,384.5,383.5,0.0026041666666666665,353.1347012356835,1,399.48,431.13878077246045,367.8212192275396
2021-12-27 00:00:00+05:30,375.0,378.0,370.0,375.0,26136,380.6666666666667,382.0,379.33333333333337,0.007005253940455242,353.1347012356835,1,399.32,431.42841634211675,367.21158365788324
2021-12-28 00:00:00+05:30,377.0,382.0,375.0,376.0,32034,374.3333333333333,374.0,374.66666666666663,0.0017809439002670405,353.1347012356835,1,398.96,431.8937759754133,366.02622402458667
2021-12-29 00:00:00+05:30,375.0,381.0,373.0,374.0,24516,377.6666666666667,378.5,376.83333333333337,0.00441306266548975,353.1347012356835,1,398.72,432.28436205261045,365.1556379473896
2021-12-30 00:00:00+05:30,372.0,383.0,371.0,379.0,44328,376.0,377.0,375.0,0.005319148936170213,353.1347012356835,1,398.52,432.4899632027872,364.5500367972128
2021-12-31 00:00:00+05:30,389.0,389.0,373.0,375.0,46338,377.6666666666667,377.0,378.33333333333337,0.0035304501323919803,353.1347012356835,1,397.76,432.92944128073003,362.59055871926995
2022-01-03 00:00:00+05:30,377.0,380.0,374.0,377.0,58569,379.0,381.0,377.0,0.010554089709762533,353.1347012356835,1,397.08,433.15955653827695,361.000443461723
2022-01-04 00:00:00+05:30,382.0,386.0,377.0,380.0,59529,377.0,377.0,377.0,0.0,353.1347012356835,1,396.12,432.6858638623338,359.5541361376662
2022-01-05 00:00:00+05:30,382.0,383.0,375.0,381.0,49470,381.0,381.5,380.5,0.0026246719160104987,353.1347012356835,1,395.0,431.63441005391974,358.36558994608026
2022-01-06 00:00:00+05:30,374.0,379.0,374.0,376.0,24135,379.6666666666667,379.0,380.33333333333337,0.0035118525021950076,353.1347012356835,1,393.0,428.0724963468349,357.9275036531651
2022-01-07 00:00:00+05:30,374.0,378.0,373.0,374.0,63294,376.3333333333333,376.5,376.16666666666663,0.0008857395925598882,353.1347012356835,1,390.4,420.7684046337433,360.0315953662567
2022-01-10 00:00:00+05:30,374.0,377.0,373.0,374.0,24171,375.0,375.5,374.5,0.0026666666666666666,353.1347012356835,1,388.96,418.8851332494739,359.0348667505261
2022-01-11 00:00:00+05:30,376.0,386.0,375.0,382.0,75507,374.6666666666667,375.0,374.33333333333337,0.001779359430604881,353.1347012356835,1,387.72,416.08628985254813,359.3537101474519
2022-01-12 00:00:00+05:30,387.0,396.0,382.0,389.0,55437,381.0,380.5,381.5,0.0026246719160104987,353.1347012356835,1,386.6,412.3433486555029,360.85665134449715
2022-01-13 00:00:00+05:30,395.0,396.0,385.0,388.0,67077,389.0,389.0,389.0,0.0,353.1347012356835,1,385.64,409.2222305984567,362.0577694015433
2022-01-14 00:00:00+05:30,390.0,390.0,382.0,383.0,24021,389.6666666666667,390.5,388.83333333333337,0.004277159965782623,353.1347012356835,1,384.56,405.95218548907036,363.16781451092965
2022-01-17 00:00:00+05:30,379.0,385.0,375.0,381.0,60975,385.0,386.0,384.0,0.005194805194805195,353.1347012356835,1,383.48,402.63929017471156,364.3207098252885
2022-01-18 00:00:00+05:30,383.0,385.0,378.0,380.0,31065,380.3333333333333,380.0,380.66666666666663,0.0017528483786151503,353.1347012356835,1,382.4,399.0084315935854,365.79156840641457
2022-01-19 00:00:00+05:30,380.0,386.0,374.0,382.0,34554,381.0,381.5,380.5,0.0026246719160104987,353.1347012356835,1,381.6,396.15472431888736,367.0452756811127
2022-01-20 00:00:00+05:30,382.0,382.0,374.0,376.0,33216,380.6666666666667,380.0,381.33333333333337,0.00350262697022777,353.1347012356835,1,380.52,392.3063650036309,368.73363499636906
2022-01-21 00:00:00+05:30,376.0,383.0,370.0,374.0,32250,377.3333333333333,378.0,376.66666666666663,0.00353356890459374,353.1347012356835,1,379.48,388.46211556365324,370.4978844363468
2022-01-24 00:00:00+05:30,371.0,373.0,360.0,365.0,50019,375.6666666666667,376.5,374.83333333333337,0.004436557231588187,353.1347012356835,1,378.52,388.31991836694704,368.7200816330529
2022-01-25 00:00:00+05:30,358.0,365.0,351.0,361.0,40896,366.0,366.5,365.5,0.00273224043715847,353.1347012356835,1,377.76,389.6969007702515,365.8230992297485
2022-01-27 00:00:00+05:30,363.0,381.0,358.0,365.0,95283,359.0,358.0,360.0,0.005571030640668524,353.1347012356835,1,377.12,389.9738865717274,364.2661134282726
2022-01-28 00:00:00+05:30,363.0,398.0,363.0,379.0,275709,368.0,369.5,366.5,0.008152173913043478,353.1347012356835,1,376.96,389.61518075725644,364.3048192427435
2022-01-31 00:00:00+05:30,379.0,383.0,369.0,372.0,59418,380.0,380.5,379.5,0.002631578947368421,353.1347012356835,1,376.72,389.51399859304496,363.9260014069551
2022-02-01 00:00:00+05:30,372.0,388.0,364.0,380.0,176274,374.6666666666667,376.0,373.33333333333337,0.007117437722419827,353.1347012356835,1,376.92,389.75644810681035,364.0835518931897
2022-02-02 00:00:00+05:30,390.0,393.0,377.0,382.0,56226,377.3333333333333,376.0,378.66666666666663,0.007067137809187179,353.1347012356835,1,377.16,390.1422032028017,364.17779679719837
2022-02-03 00:00:00+05:30,385.0,398.0,378.0,381.0,144240,384.0,385.0,383.0,0.005208333333333333,353.1347012356835,1,377.44,390.4394461420028,364.4405538579972
2022-02-04 00:00:00+05:30,387.0,390.0,370.0,371.0,146898,385.6666666666667,388.0,383.33333333333337,0.012100259291270428,353.1347012356835,1,377.12,390.3420422022785,363.8979577977215
2022-02-07 00:00:00+05:30,371.0,375.0,367.0,370.0,47217,377.0,380.0,374.0,0.015915119363395226,353.1347012356835,1,376.92,390.41275361069177,363.42724638930827
2022-02-08 00:00:00+05:30,372.0,373.0,362.0,366.0,37806,370.6666666666667,371.0,370.33333333333337,0.0017985611510790344,353.1347012356835,1,376.48,390.63480130552307,362.32519869447697
2022-02-09 00:00:00+05:30,367.0,371.0,359.0,361.0,37893,367.0,367.5,366.5,0.0027247956403269754,353.1347012356835,1,375.72,391.03033637771694,360.4096636222831
2022-02-10 00:00:00+05:30,362.0,365.0,357.0,359.0,33738,363.6666666666667,365.0,362.33333333333337,0.0073327222731438,353.1347012356835,1,374.84,391.3196116458746,358.36038835412535
2022-02-11 00:00:00+05:30,359.0,367.0,356.0,360.0,67929,360.3333333333333,361.0,359.66666666666663,0.0037002775208141666,353.1347012356835,1,374.2,391.66310396232154,356.73689603767843
2022-02-14 00:00:00+05:30,362.0,362.0,350.0,352.0,58482,361.0,361.5,360.5,0.002770083102493075,452.58935241842,-1,373.32,392.83180155697715,353.80819844302283
2022-02-15 00:00:00+05:30,349.0,360.0,349.0,357.0,48012,354.6666666666667,356.0,353.33333333333337,0.007518796992481096,450.3057783216832,-1,372.64,393.1680685891016,352.11193141089836
2022-02-16 00:00:00+05:30,356.0,363.0,355.0,358.0,23670,355.3333333333333,354.5,356.16666666666663,0.004690431519699706,450.3057783216832,-1,371.68,392.6082201823009,350.7517798176991
2022-02-17 00:00:00+05:30,358.0,362.0,354.0,356.0,42174,358.6666666666667,359.0,358.33333333333337,0.0018587360594794482,450.3057783216832,-1,370.36,390.911437905871,349.808562094129
2022-02-18 00:00:00+05:30,353.0,359.0,353.0,354.0,31500,357.3333333333333,358.0,356.66666666666663,0.0037313432835821957,446.65760508921267,-1,369.0,389.19900987669644,348.80099012330356
2022-02-21 00:00:00+05:30,355.0,355.0,335.0,337.0,49551,355.3333333333333,356.0,354.66666666666663,0.0037523452157599566,437.6313008856442,-1,367.16,390.1151214328936,344.20487856710645
2022-02-22 00:00:00+05:30,335.0,339.0,327.0,335.0,53952,342.3333333333333,345.0,339.66666666666663,0.015579357351509362,425.28604885021844,-1,365.32,390.78036920389997,339.8596307961
2022-02-23 00:00:00+05:30,338.0,343.0,337.0,339.0,32886,333.6666666666667,333.0,334.33333333333337,0.00399600399600411,425.28604885021844,-1,363.68,390.3976046830345,336.9623953169655
2022-02-24 00:00:00+05:30,333.0,336.0,311.0,317.0,127686,339.6666666666667,340.0,339.33333333333337,0.0019627085377820278,418.54122262036134,-1,361.08,392.41264112708853,329.74735887291143
2022-02-25 00:00:00+05:30,321.0,340.0,321.0,336.0,62646,321.3333333333333,323.5,319.16666666666663,0.013485477178423355,418.54122262036134,-1,359.48,391.67500582386856,327.2849941761315
2022-02-28 00:00:00+05:30,335.0,346.0,328.0,341.0,32517,332.3333333333333,330.5,334.16666666666663,0.011033099297893567,418.54122262036134,-1,358.16,390.57076364418054,325.7492363558195
2022-03-02 00:00:00+05:30,339.0,346.0,336.0,338.0,27294,338.3333333333333,337.0,339.66666666666663,0.007881773399014667,418.54122262036134,-1,357.08,390.2964778385508,323.86352216144917
2022-03-03 00:00:00+05:30,338.0,348.0,335.0,339.0,76668,340.0,341.0,339.0,0.0058823529411764705,418.54122262036134,-1,356.2,390.11282943074707,322.2871705692529
2022-03-04 00:00:00+05:30,335.0,345.0,331.0,337.0,63600,340.6666666666667,341.5,339.83333333333337,0.004892367906066425,418.54122262036134,-1,355.08,389.6003476227999,320.55965237720005
2022-03-07 00:00:00+05:30,333.0,335.0,326.0,328.0,58134,337.6666666666667,338.0,337.33333333333337,0.0019743336623888313,418.54122262036134,-1,353.04,387.69246888749717,318.38753111250287
2022-03-08 00:00:00+05:30,330.0,333.0,326.0,331.0,50751,329.6666666666667,330.5,328.83333333333337,0.005055611729019096,418.54122262036134,-1,351.4,386.18850384823935,316.6114961517606
2022-03-09 00:00:00+05:30,331.0,337.0,331.0,335.0,27357,330.0,329.5,330.5,0.0030303030303030303,418.54122262036134,-1,349.6,382.9082572344903,316.29174276550975
2022-03-10 00:00:00+05:30,340.0,343.0,336.0,337.0,34491,334.3333333333333,334.0,334.66666666666663,0.001994017946161402,418.54122262036134,-1,347.8,378.6855953479771,316.91440465202294
2022-03-11 00:00:00+05:30,337.0,344.0,335.0,342.0,41313,338.6666666666667,339.5,337.83333333333337,0.004921259842519573,418.54122262036134,-1,346.24,374.04664668741975,318.43335331258027
2022-03-14 00:00:00+05:30,347.0,355.0,342.0,347.0,241008,340.3333333333333,339.5,341.16666666666663,0.004897159647404395,418.54122262036134,-1,345.28,371.19382642526944,319.3661735747305
2022-03-15 00:00:00+05:30,344.0,355.0,335.0,339.0,197295,348.0,348.5,347.5,0.0028735632183908046,418.54122262036134,-1,344.04,367.9964939003812,320.08350609961883
2022-03-16 00:00:00+05:30,341.0,346.0,338.0,340.0,27822,343.0,345.0,341.0,0.011661807580174927,418.54122262036134,-1,343.0,365.2494943762551,320.7505056237449
2022-03-17 00:00:00+05:30,341.0,347.0,341.0,346.0,116976,341.3333333333333,342.0,340.66666666666663,0.003906250000000111,418.54122262036134,-1,342.4,363.45231578708166,321.3476842129183
2022-03-21 00:00:00+05:30,345.0,356.0,345.0,355.0,83796,344.6666666666667,344.0,345.33333333333337,0.0038684719535784463,418.54122262036134,-1,342.24,362.84120384829515,321.63879615170487
2022-03-22 00:00:00+05:30,355.0,367.0,349.0,362.0,156936,352.0,350.5,353.5,0.008522727272727272,418.54122262036134,-1,342.32,363.2099593106116,321.43004068938836
2022-03-23 00:00:00+05:30,367.0,368.0,355.0,359.0,61146,359.3333333333333,358.0,360.66666666666663,0.007421150278293031,418.54122262036134,-1,342.6,364.1777663347949,321.02223366520514
2022-03-24 00:00:00+05:30,357.0,372.0,356.0,365.0,139323,360.6666666666667,361.5,359.83333333333337,0.004621072088724479,418.54122262036134,-1,342.92,365.55392144545453,320.2860785545455
2022-03-25 00:00:00+05:30,367.0,369.0,350.0,355.0,170205,364.3333333333333,364.0,364.66666666666663,0.0018298261665140772,418.54122262036134,-1,342.8,365.1427840700081,320.45721592999195
2022-03-28 00:00:00+05:30,356.0,357.0,342.0,344.0,73593,358.0,359.5,356.5,0.008379888268156424,418.54122262036134,-1,342.32,364.01401760852536,320.6259823914746
2022-03-29 00:00:00+05:30,348.0,348.0,336.0,337.0,48054,347.6666666666667,349.5,345.83333333333337,0.010546500479386276,418.54122262036134,-1,341.64,362.8880963853003,320.3919036146997
2022-03-30 00:00:00+05:30,337.0,345.0,337.0,341.0,39648,340.3333333333333,342.0,338.66666666666663,0.009794319294809123,418.54122262036134,-1,341.8,362.9660104884934,320.6339895115066
2022-03-31 00:00:00+05:30,340.0,345.0,335.0,337.0,43965,341.0,341.0,341.0,0.0,418.54122262036134,-1,341.88,362.957533062458,320.80246693754196
2022-04-01 00:00:00+05:30,338.0,350.0,337.0,347.0,46473,339.0,340.0,338.0,0.0058997050147492625,418.54122262036134,-1,342.2,363.33575170177323,321.06424829822674
2022-04-04 00:00:00+05:30,347.0,364.0,347.0,362.0,109359,344.6666666666667,343.5,345.83333333333337,0.006769825918762198,418.54122262036134,-1,344.0,363.8715877573736,324.1284122426264
2022-04-05 00:00:00+05:30,361.0,365.0,358.0,360.0,38787,357.6666666666667,355.5,359.83333333333337,0.012115563839701877,418.54122262036134,-1,344.96,365.5005355334031,324.4194644665969
2022-04-06 00:00:00+05:30,360.0,368.0,359.0,361.0,60366,361.0,361.5,360.5,0.002770083102493075,418.54122262036134,-1,345.76,367.16115884710433,324.35884115289565
2022-04-07 00:00:00+05:30,363.0,366.0,350.0,354.0,59079,362.6666666666667,363.5,361.83333333333337,0.004595588235294013,418.54122262036134,-1,346.4,367.79158713136985,325.0084128686301
2022-04-08 00:00:00+05:30,354.0,368.0,354.0,363.0,72795,356.6666666666667,358.0,355.33333333333337,0.007476635514018585,418.54122262036134,-1,347.36,369.47880647772354,325.2411935222765
2022-04-11 00:00:00+05:30,363.0,417.0,363.0,412.0,3904656,361.6666666666667,361.0,362.33333333333337,0.0036866359447005653,418.54122262036134,-1,350.36,383.5955472348353,317.12445276516473
2022-04-12 00:00:00+05:30,410.0,414.0,395.0,408.0,891819,397.3333333333333,390.0,404.66666666666663,0.036912751677852254,418.54122262036134,-1,353.56,392.48589883353947,314.63410116646054
2022-04-13 00:00:00+05:30,410.0,442.0,404.0,431.0,2746188,405.6666666666667,404.5,406.83333333333337,0.005751848808545697,313.66059408964827,1,357.56,405.8228801461219,309.2971198538781
2022-04-18 00:00:00+05:30,433.0,453.0,424.0,429.0,1449741,425.6666666666667,423.0,428.33333333333337,0.012529365700861482,325.4141703260623,1,361.32,416.164419953163,306.47558004683697
2022-04-19 00:00:00+05:30,433.0,448.0,422.0,430.0,891033,435.3333333333333,438.5,432.16666666666663,0.01454823889739672,325.4141703260623,1,365.04,425.14518779605373,304.9348122039463
2022-04-20 00:00:00+05:30,434.0,458.0,433.0,440.0,1463919,433.3333333333333,435.0,431.66666666666663,0.00769230769230778,326.451299372499,1,368.96,435.03021719351966,302.8897828064803
2022-04-21 00:00:00+05:30,446.0,450.0,432.0,435.0,295239,443.6666666666667,445.5,441.83333333333337,0.008264462809917269,326.451299372499,1,372.48,442.7392228821159,302.22077711788415
2022-04-22 00:00:00+05:30,433.0,439.0,415.0,419.0,329169,439.0,441.0,437.0,0.009111617312072893,326.451299372499,1,375.68,446.82991496831755,304.53008503168246
2022-04-25 00:00:00+05:30,419.0,419.0,397.0,400.0,349959,424.3333333333333,427.0,421.66666666666663,0.012568735271013444,326.451299372499,1,378.08,448.2954854715027,307.8645145284973
2022-04-26 00:00:00+05:30,403.0,419.0,403.0,413.0,400380,405.3333333333333,408.0,402.66666666666663,0.0131578947368422,326.451299372499,1,380.76,450.9876982393613,310.5323017606387
2022-04-27 00:00:00+05:30,412.0,413.0,405.0,408.0,91878,411.6666666666667,411.0,412.33333333333337,0.0032388663967612254,326.451299372499,1,382.88,453.06904757865556,312.69095242134443
2022-04-28 00:00:00+05:30,415.0,416.0,398.0,400.0,96834,408.6666666666667,409.0,408.33333333333337,0.0016313213703098583,326.451299372499,1,384.4,454.3599885648845,314.4400114351155
2022-04-29 00:00:00+05:30,404.0,415.0,401.0,405.0,147855,404.6666666666667,407.0,402.33333333333337,0.011532125205930712,326.451299372499,1,386.24,455.84983838509294,316.6301616149071
2022-05-02 00:00:00+05:30,406.0,416.0,398.0,404.0,290868,407.0,408.0,406.0,0.004914004914004914,326.451299372499,1,387.8,457.1835715425399,318.41642845746014
2022-05-04 00:00:00+05:30,404.0,409.0,387.0,392.0,119175,406.0,407.0,405.0,0.0049261083743842365,326.451299372499,1,389.28,457.36822512005097,321.191774879949
2022-05-05 00:00:00+05:30,397.0,399.0,386.0,391.0,119520,396.0,398.0,394.0,0.010101010101010102,326.451299372499,1,391.16,456.690890425804,325.62910957419604
2022-05-06 00:00:00+05:30,390.0,391.0,380.0,386.0,108885,392.0,392.5,391.5,0.002551020408163265,326.451299372499,1,393.12,454.8764765834218,331.36352341657823
2022-05-09 00:00:00+05:30,380.0,401.0,372.0,392.0,195645,385.6666666666667,385.5,385.83333333333337,0.0008643042350908502,326.451299372499,1,395.16,453.1494611114702,337.17053888852985
2022-05-10 00:00:00+05:30,397.0,415.0,391.0,398.0,624075,388.3333333333333,386.5,390.16666666666663,0.009442060085836812,326.451299372499,1,397.6,450.5059542962671,344.69404570373297
2022-05-11 00:00:00+05:30,403.0,407.0,372.0,376.0,142695,401.3333333333333,403.0,399.66666666666663,0.008305647840531656,326.451299372499,1,398.76,448.34477185587014,349.17522814412985
2022-05-12 00:00:00+05:30,373.0,388.0,369.0,378.0,184593,385.0,389.5,380.5,0.023376623376623377,326.451299372499,1,399.4,447.45996254678823,351.3400374532117
2022-05-13 00:00:00+05:30,380.0,391.0,376.0,380.0,57591,378.3333333333333,378.5,378.16666666666663,0.0008810572687225672,326.451299372499,1,400.2,446.23303161859627,354.1669683814037
2022-05-16 00:00:00+05:30,375.0,388.0,371.0,377.0,97362,382.3333333333333,383.5,381.16666666666663,0.006102877070619106,326.451299372499,1,400.84,445.08542462219884,356.5945753778011
2022-05-17 00:00:00+05:30,379.0,394.0,378.0,389.0,118215,378.6666666666667,379.5,377.83333333333337,0.004401408450704125,326.451299372499,1,402.24,442.50424716791156,361.97575283208846
2022-05-18 00:00:00+05:30,395.0,400.0,381.0,387.0,127719,387.0,386.0,388.0,0.00516795865633075,326.451299372499,1,403.2,440.72758985065076,365.6724101493492
2022-05-19 00:00:00+05:30,375.0,395.0,375.0,393.0,217701,389.3333333333333,390.5,388.16666666666663,0.0059931506849316045,326.451299372499,1,402.44,439.9935031654661,364.8864968345339
2022-05-20 00:00:00+05:30,394.0,411.0,394.0,405.0,158028,387.6666666666667,385.0,390.33333333333337,0.013757523645743864,326.451299372499,1,402.32,439.82080532466836,364.81919467533163
2022-05-23 00:00:00+05:30,409.0,420.0,394.0,399.0,383970,403.3333333333333,402.5,404.16666666666663,0.004132231404958584,326.451299372499,1,401.04,436.6758471205426,365.40415287945746
2022-05-24 00:00:00+05:30,403.0,406.0,392.0,398.0,97131,404.3333333333333,407.0,401.66666666666663,0.013190436933223507,326.451299372499,1,399.8,433.56625534462904,366.033744655371
2022-05-25 00:00:00+05:30,394.0,400.0,387.0,390.0,37743,398.6666666666667,399.0,398.33333333333337,0.00167224080267549,326.451299372499,1,398.2,429.81265569354616,366.5873443064538
2022-05-26 00:00:00+05:30,389.0,409.0,384.0,405.0,150915,392.3333333333333,393.5,391.16666666666663,0.005947323704333147,326.451299372499,1,396.8,423.6208873827602,369.9791126172398
2022-05-27 00:00:00+05:30,419.0,425.0,406.0,408.0,265512,399.3333333333333,396.5,402.16666666666663,0.014190317195325448,326.451299372499,1,395.72,418.1094260756883,373.33057392431175
2022-05-30 00:00:00+05:30,416.0,416.0,392.0,397.0,125331,413.0,415.5,410.5,0.012106537530266344,326.451299372499,1,394.84,415.1313183405789,374.54868165942105
2022-05-31 00:00:00+05:30,402.0,402.0,382.0,384.0,154269,401.6666666666667,404.0,399.33333333333337,0.011618257261410693,326.451299372499,1,394.2,414.8067949957949,373.59320500420506
2022-06-01 00:00:00+05:30,388.0,390.0,378.0,381.0,55353,389.3333333333333,392.0,386.66666666666663,0.0136986301369864,326.451299372499,1,392.92,412.6535855839411,373.18641441605894
2022-06-02 00:00:00+05:30,383.0,407.0,378.0,403.0,446979,383.0,384.0,382.0,0.005221932114882507,326.451299372499,1,392.72,411.932662491147,373.507337508853
2022-06-03 00:00:00+05:30,407.0,407.0,398.0,400.0,69804,396.0,392.5,399.5,0.017676767676767676,326.451299372499,1,392.72,411.932662491147,373.507337508853
2022-09-02 00:00:00+05:30,369.0,371.0,355.0,358.0,380412,401.6666666666667,402.5,400.83333333333337,0.004149377593360901,326.451299372499,1,390.84,413.72531406816904,367.9546859318309
2022-09-05 00:00:00+05:30,363.0,363.0,352.0,353.0,163407,361.3333333333333,363.0,359.66666666666663,0.009225092250922615,326.451299372499,1,388.8,415.41728761535916,362.18271238464087
2022-09-06 00:00:00+05:30,354.0,360.0,349.0,352.0,129738,356.0,357.5,354.5,0.008426966292134831,326.451299372499,1,387.2,417.420522828018,356.97947717198196
2022-09-07 00:00:00+05:30,353.0,373.0,353.0,369.0,365988,353.6666666666667,354.5,352.83333333333337,0.004712535344014973,326.451299372499,1,386.32,417.31790960691967,355.3220903930803
2022-09-08 00:00:00+05:30,373.0,382.0,369.0,378.0,212739,365.0,363.0,367.0,0.010958904109589041,326.451299372499,1,386.0,417.16921558202523,354.83078441797477
2022-09-09 00:00:00+05:30,380.0,380.0,370.0,371.0,84747,376.3333333333333,375.5,377.16666666666663,0.004428697962798837,326.451299372499,1,385.16,416.7659741188082,353.5540258811919
2022-09-12 00:00:00+05:30,377.0,382.0,373.0,378.0,121131,373.6666666666667,375.0,372.33333333333337,0.007136485280999006,326.451299372499,1,384.36,415.63621460469244,353.0837853953076
2022-09-13 00:00:00+05:30,382.0,393.0,378.0,391.0,286401,377.6666666666667,377.5,377.83333333333337,0.0008826125330980703,326.451299372499,1,384.96,416.1470742455712,353.77292575442874
2022-09-14 00:00:00+05:30,384.0,399.0,382.0,390.0,177816,387.3333333333333,385.5,389.16666666666663,0.009466437177280454,326.451299372499,1,385.44,416.5531097770501,354.3268902229499
2022-09-15 00:00:00+05:30,396.0,396.0,384.0,387.0,99798,390.3333333333333,390.5,390.16666666666663,0.0008539709649872876,326.451299372499,1,385.72,416.75814427440486,354.6818557255952
2022-09-16 00:00:00+05:30,388.0,392.0,361.0,367.0,202617,389.0,390.0,388.0,0.005141388174807198,326.451299372499,1,385.32,417.0474392285096,353.5925607714904
2022-09-19 00:00:00+05:30,367.0,384.0,360.0,374.0,223905,373.3333333333333,376.5,370.16666666666663,0.016964285714285817,326.451299372499,1,384.72,416.71259914415793,352.7274008558421
2022-09-20 00:00:00+05:30,378.0,380.0,375.0,376.0,42399,372.6666666666667,372.0,373.33333333333337,0.003577817531306005,326.451299372499,1,384.28,416.437213809638,352.1227861903619
2022-09-21 00:00:00+05:30,375.0,380.0,370.0,373.0,68232,377.0,377.5,376.5,0.002652519893899204,326.451299372499,1,383.48,415.7246646749316,351.23533532506843
2022-09-22 00:00:00+05:30,376.0,383.0,373.0,380.0,111747,374.3333333333333,375.0,373.66666666666663,0.0035618878005343846,326.451299372499,1,382.48,413.52123708873063,351.4387629112694
2022-09-23 00:00:00+05:30,382.0,396.0,377.0,393.0,476205,378.6666666666667,378.0,379.33333333333337,0.00352112676056348,326.451299372499,1,382.24,412.8564922876346,351.62350771236544
2022-09-26 00:00:00+05:30,396.0,403.0,369.0,373.0,612792,388.6666666666667,386.5,390.83333333333337,0.011149228130360303,326.451299372499,1,381.24,411.3612483140854,351.1187516859146
2022-09-27 00:00:00+05:30,373.0,387.0,373.0,382.0,205623,381.6666666666667,386.0,377.33333333333337,0.022707423580785927,326.451299372499,1,380.92,410.8314426265066,351.00855737349343
2022-09-28 00:00:00+05:30,378.0,381.0,374.0,378.0,63120,380.6666666666667,380.0,381.33333333333337,0.00350262697022777,326.451299372499,1,379.84,408.09982307090405,351.5801769290959
2022-09-29 00:00:00+05:30,378.0,381.0,377.0,378.0,37899,377.6666666666667,377.5,377.83333333333337,0.0008826125330980703,326.451299372499,1,378.64,404.4570796179352,352.82292038206475
2022-09-30 00:00:00+05:30,377.0,386.0,374.0,383.0,91122,378.6666666666667,379.0,378.33333333333337,0.00176056338028159,326.451299372499,1,378.08,402.8665770125447,353.29342298745524
2022-10-03 00:00:00+05:30,385.0,392.0,374.0,378.0,207228,381.0,380.0,382.0,0.005249343832020997,326.451299372499,1,377.84,402.50855488266006,353.1714451173399
2022-10-04 00:00:00+05:30,382.0,405.0,382.0,399.0,705429,381.3333333333333,383.0,379.66666666666663,0.00874125874125884,326.451299372499,1,378.56,404.56972125953695,352.55027874046306
2022-10-06 00:00:00+05:30,402.0,422.0,400.0,415.0,777186,395.3333333333333,393.5,397.16666666666663,0.009274873524451844,326.451299372499,1,379.04,407.19090762300226,350.8890923769978
2022-10-07 00:00:00+05:30,427.0,442.0,420.0,437.0,740553,412.3333333333333,411.0,413.66666666666663,0.006467259498787297,326.451299372499,1,380.52,415.8883248118821,345.15167518811785
2022-10-10 00:00:00+05:30,437.0,448.0,433.0,444.0,700980,433.0,431.0,435.0,0.009237875288683603,326.451299372499,1,383.96,425.9980018554495,341.92199814455046
2022-10-11 00:00:00+05:30,445.0,449.0,431.0,437.0,296358,441.6666666666667,440.5,442.83333333333337,0.005283018867924614,326.451299372499,1,387.32,432.2509514699918,342.3890485300082
2022-10-12 00:00:00+05:30,439.0,442.0,424.0,431.0,270690,439.0,440.0,438.0,0.004555808656036446,326.451299372499,1,390.48,436.1365263680751,344.8234736319249
2022-10-13 00:00:00+05:30,431.0,442.0,426.0,435.0,455709,432.3333333333333,433.0,431.66666666666663,0.0030840400925212907,326.451299372499,1,393.12,441.0777147078416,345.1622852921584
2022-10-14 00:00:00+05:30,443.0,445.0,435.0,437.0,151077,434.3333333333333,434.0,434.66666666666663,0.0015349194167305345,326.451299372499,1,395.48,445.96919092240154,344.9908090775985
2022-10-17 00:00:00+05:30,437.0,476.0,437.0,470.0,1956471,439.0,440.0,438.0,0.004555808656036446,328.816065856725,1,399.44,456.7031260061716,342.1768739938284
2022-10-18 00:00:00+05:30,476.0,478.0,460.0,466.0,1158756,461.0,456.5,465.5,0.019522776572668113,341.38342322245603,1,402.96,465.12746415930656,340.7925358406934
2022-10-19 00:00:00+05:30,467.0,473.0,458.0,460.0,488703,468.0,469.0,467.0,0.004273504273504274,341.38342322245603,1,405.72,471.53797930655924,339.9020206934408
2022-10-20 00:00:00+05:30,460.0,470.0,458.0,468.0,302439,463.6666666666667,465.5,461.83333333333337,0.007907979870596611,341.38342322245603,1,408.84,478.6550241710094,339.02497582899053
2022-10-21 00:00:00+05:30,471.0,486.0,470.0,474.0,705462,465.3333333333333,464.0,466.66666666666663,0.005730659025787885,352.9567003281428,1,412.32,485.99978284440454,338.64021715559545
2022-10-24 00:00:00+05:30,484.0,487.0,479.0,484.0,148719,476.6666666666667,478.0,475.33333333333337,0.005594405594405515,359.3184323150171,1,417.0,493.38429157882257,340.61570842117743
2022-10-25 00:00:00+05:30,486.0,500.0,477.0,497.0,479418,483.3333333333333,483.0,483.66666666666663,0.0013793103448275078,363.3256950224164,1,421.92,502.3307853462367,341.5092146537633
2022-10-27 00:00:00+05:30,500.0,502.0,487.0,492.0,247827,491.3333333333333,488.5,494.16666666666663,0.011533242876526382,370.1326672215198,1,426.56,509.1928360883162,343.9271639116838
2022-10-28 00:00:00+05:30,487.0,502.0,487.0,490.0,196221,493.6666666666667,494.5,492.83333333333337,0.0033760972316001932,370.90736053265897,1,431.24,514.4597668826253,348.0202331173747
2022-10-31 00:00:00+05:30,490.0,498.0,490.0,495.0,230091,493.0,494.5,491.5,0.006085192697768763,373.1110661113526,1,435.84,519.9307700047899,351.74922999521004
2022-11-01 00:00:00+05:30,495.0,533.0,495.0,530.0,1998504,494.3333333333333,494.0,494.66666666666663,0.0013486176668913597,387.3066234668985,1,441.32,531.1869594456074,351.4530405543926
2022-11-02 00:00:00+05:30,533.0,543.0,527.0,534.0,604194,519.3333333333334,514.0,524.6666666666667,0.020539152759948796,408.89435852822254,1,447.76,540.1596190468251,355.3603809531749
2022-11-03 00:00:00+05:30,529.0,540.0,527.0,532.0,238065,534.6666666666666,535.0,534.3333333333333,0.0012468827930175981,408.89435852822254,1,453.76,547.7664338223633,359.75356617763674
2022-11-04 00:00:00+05:30,530.0,560.0,530.0,540.0,1113387,533.0,533.5,532.5,0.001876172607879925,416.8866408196099,1,460.24,554.796277422487,365.68372257751304
2022-11-07 00:00:00+05:30,546.0,555.0,540.0,552.0,265536,543.3333333333334,545.0,541.6666666666667,0.006134969325153235,420.3111751868255,1,467.2,562.1323969991187,372.2676030008813
2022-11-09 00:00:00+05:30,553.0,557.0,538.0,541.0,178659,549.0,547.5,550.5,0.00546448087431694,420.3111751868255,1,473.52,566.1994389279425,380.8405610720574
2022-11-10 00:00:00+05:30,536.0,539.0,524.0,533.0,196881,545.3333333333334,547.5,543.1666666666667,0.007946210268948515,420.3111751868255,1,479.72,566.564265210768,392.87573478923207
2022-11-11 00:00:00+05:30,543.0,572.0,536.0,561.0,749073,532.0,531.5,532.5,0.0018796992481203006,421.0789558900912,1,486.2,572.1562679506164,400.2437320493836
2022-11-14 00:00:00+05:30,572.0,613.0,567.0,594.0,2332152,556.3333333333334,554.0,558.6666666666667,0.00838825644098276,447.8357976544876,1,493.36,584.0883946733222,402.6316053266778
2022-11-15 00:00:00+05:30,593.0,593.0,582.0,587.0,313461,591.3333333333334,590.0,592.6666666666667,0.0045095828635852465,447.8357976544876,1,499.36,594.1353216823773,404.5846783176228
2022-11-16 00:00:00+05:30,587.0,610.0,577.0,584.0,710493,587.3333333333334,587.5,587.1666666666667,0.0005675368898977143,450.0158711183757,1,504.96,602.4935511503505,407.42644884964943
2022-11-17 00:00:00+05:30,585.0,628.0,582.0,620.0,1544121,590.3333333333334,593.5,587.1666666666667,0.01072840203274973,454.37523627364067,1,512.28,615.6094072372333,408.95059276276663
2022-11-18 00:00:00+05:30,625.0,638.0,607.0,614.0,1174602,610.0,605.0,615.0,0.01639344262295082,469.22022682269505,1,519.6,624.771859354097,414.428140645903
2022-11-21 00:00:00+05:30,613.0,613.0,598.0,601.0,318375,619.6666666666666,622.5,616.8333333333333,0.009144701452393883,469.22022682269505,1,526.24,630.1619399356937,422.31806006430634
2022-11-22 00:00:00+05:30,605.0,629.0,602.0,611.0,895968,604.0,605.5,602.5,0.004966887417218543,469.22022682269505,1,533.2,635.5781226629884,430.82187733701164
2022-11-23 00:00:00+05:30,611.0,618.0,597.0,600.0,446919,614.0,615.5,612.5,0.004885993485342019,469.22022682269505,1,538.4,640.6154587134346,436.1845412865653
2022-11-24 00:00:00+05:30,604.0,605.0,587.0,591.0,267246,605.0,607.5,602.5,0.008264462809917356,469.22022682269505,1,543.4,643.1597113067086,443.6402886932914
2022-11-25 00:00:00+05:30,588.0,590.0,577.0,580.0,205746,594.3333333333334,596.0,592.6666666666667,0.005608524957935935,469.22022682269505,1,548.2,642.8640375221647,453.5359624778353
2022-11-28 00:00:00+05:30,583.0,598.0,577.0,581.0,256359,582.3333333333334,583.5,581.1666666666667,0.0040068689181452614,469.22022682269505,1,552.72,642.2887802752599,463.15121972474014
2022-11-29 00:00:00+05:30,585.0,606.0,583.0,605.0,443754,585.3333333333334,587.5,583.1666666666667,0.007403189066059096,469.22022682269505,1,557.96,643.7420121004268,472.1779878995733
2022-11-30 00:00:00+05:30,610.0,617.0,594.0,602.0,470646,598.0,594.5,601.5,0.011705685618729096,469.22022682269505,1,562.68,644.561318992782,480.7986810072178
2022-12-01 00:00:00+05:30,607.0,611.0,595.0,606.0,306837,604.3333333333334,605.5,603.1666666666667,0.0038610038610037353,469.22022682269505,1,567.04,646.0245149380416,488.0554850619583
2022-12-02 00:00:00+05:30,608.0,611.0,596.0,607.0,247182,604.0,603.0,605.0,0.0033112582781456954,469.22022682269505,1,571.64,645.8588763051403,497.4211236948597
2022-12-05 00:00:00+05:30,610.0,612.0,585.0,591.0,181632,604.6666666666666,603.5,605.8333333333333,0.003858875413450812,469.22022682269505,1,575.68,642.2886360766956,509.0713639233042
2022-12-06 00:00:00+05:30,591.0,595.0,585.0,591.0,152478,596.0,598.5,593.5,0.008389261744966443,469.22022682269505,1,579.52,637.6044075462397,521.4355924537603
2022-12-07 00:00:00+05:30,595.0,598.0,591.0,597.0,127230,590.3333333333334,590.0,590.6666666666667,0.0011293054771316924,469.22022682269505,1,582.2,636.9868597384233,527.4131402615768
2022-12-08 00:00:00+05:30,600.0,650.0,597.0,637.0,3156120,595.3333333333334,594.5,596.1666666666667,0.00279955207166866,471.9362064943952,1,586.32,641.4785931655045,531.1614068344956
2022-12-09 00:00:00+05:30,640.0,662.0,640.0,651.0,1338339,628.0,623.5,632.5,0.014331210191082803,498.49875823461934,1,591.08,647.1967924956302,534.9632075043698
2022-12-12 00:00:00+05:30,652.0,700.0,648.0,672.0,3513024,651.0,651.0,651.0,0.0,513.0388079052345,1,596.36,656.9223777604348,535.7976222395653
2022-12-13 00:00:00+05:30,677.0,678.0,650.0,655.0,606108,673.3333333333334,674.0,672.6666666666667,0.0019801980198018675,513.0388079052345,1,600.48,662.4093016269163,538.5506983730837
2022-12-14 00:00:00+05:30,660.0,660.0,640.0,642.0,284241,661.0,664.0,658.0,0.009077155824508321,513.0388079052345,1,604.52,663.5091379831707,545.5308620168292
2022-12-15 00:00:00+05:30,642.0,665.0,641.0,658.0,416148,647.3333333333334,650.0,644.6666666666667,0.00823892893923778,513.0388079052345,1,609.52,664.464684911259,554.5753150887409
2022-12-16 00:00:00+05:30,660.0,663.0,625.0,631.0,443310,654.6666666666666,653.0,656.3333333333333,0.005091649694500903,513.0388079052345,1,612.32,664.1341911062744,560.5058088937257
2022-12-19 00:00:00+05:30,631.0,675.0,630.0,666.0,1551807,639.6666666666666,644.0,635.3333333333333,0.01354872329338209,513.0388079052345,1,615.2,670.5071423958743,559.8928576041258
2022-12-20 00:00:00+05:30,657.0,685.0,626.0,677.0,894582,657.0,652.5,661.5,0.0136986301369863,513.0388079052345,1,618.8,677.8836694865637,559.7163305134362
2022-12-21 00:00:00+05:30,679.0,688.0,641.0,648.0,437133,662.6666666666666,655.5,669.8333333333333,0.02162977867203208,513.0388079052345,1,621.36,679.73226738784,562.98773261216
2022-12-22 00:00:00+05:30,652.0,654.0,599.0,606.0,683187,659.0,664.5,653.5,0.01669195751138088,513.0388079052345,1,620.8,679.4815132728995,562.1184867271004
2022-12-23 00:00:00+05:30,606.0,606.0,550.0,556.0,861231,619.6666666666666,626.5,612.8333333333333,0.022054868208714485,513.0388079052345,1,618.48,682.4052563545702,554.5547436454299
2022-12-26 00:00:00+05:30,557.0,609.0,546.0,602.0,775908,570.6666666666666,578.0,563.3333333333333,0.025700934579439387,513.0388079052345,1,618.52,682.4026924917657,554.6373075082342
2022-12-27 00:00:00+05:30,613.0,621.0,590.0,611.0,626100,585.6666666666666,577.5,593.8333333333333,0.027888446215139313,513.0388079052345,1,618.52,682.4026924917657,554.6373075082342
2022-12-28 00:00:00+05:30,603.0,631.0,593.0,624.0,486738,607.3333333333334,605.5,609.1666666666667,0.006037321624588489,513.0388079052345,1,619.48,682.9405263135873,556.0194736864128
2022-12-29 00:00:00+05:30,624.0,640.0,615.0,636.0,505746,616.0,612.0,620.0,0.012987012987012988,513.0388079052345,1,621.28,683.9550859592349,558.604914040765
2022-12-30 00:00:00+05:30,630.0,667.0,630.0,660.0,659976,630.3333333333334,627.5,633.1666666666667,0.008989952406134441,513.0388079052345,1,624.48,686.5641235743686,562.3958764256314
2023-01-02 00:00:00+05:30,662.0,673.0,653.0,669.0,496005,652.3333333333334,648.5,656.1666666666667,0.011752682677567822,513.0388079052345,1,628.0,689.802265330629,566.197734669371
2023-01-03 00:00:00+05:30,665.0,676.0,662.0,666.0,280026,665.0,663.0,667.0,0.006015037593984963,513.0388079052345,1,630.44,693.2261895642462,567.6538104357539
2023-01-04 00:00:00+05:30,665.0,668.0,636.0,641.0,329496,668.0,669.0,667.0,0.0029940119760479044,513.0388079052345,1,632.0,693.8126200706413,570.1873799293587
2023-01-05 00:00:00+05:30,642.0,663.0,638.0,652.0,401532,648.3333333333334,652.0,644.6666666666667,0.011311053984575718,513.0388079052345,1,633.84,695.1840918100304,572.4959081899697
2023-01-06 00:00:00+05:30,652.0,679.0,644.0,666.0,804114,651.0,650.5,651.5,0.0015360983102918587,513.0388079052345,1,636.2,697.7714219423056,574.6285780576945
2023-01-09 00:00:00+05:30,671.0,716.0,670.0,709.0,3140766,663.0,661.5,664.5,0.004524886877828055,513.0388079052345,1,640.92,705.9047243588628,575.9352756411371
2023-01-10 00:00:00+05:30,704.0,715.0,691.0,701.0,1226685,698.3333333333334,693.0,703.6666666666667,0.015274463007160012,513.0388079052345,1,645.32,711.080097323509,579.5599026764911
2023-01-11 00:00:00+05:30,700.0,703.0,675.0,680.0,580221,702.3333333333334,703.0,701.6666666666667,0.0018984337921213919,513.0388079052345,1,648.64,712.6646952354898,584.6153047645101
2023-01-12 00:00:00+05:30,681.0,698.0,674.0,693.0,517722,686.0,689.0,683.0,0.008746355685131196,513.0388079052345,1,650.88,717.0030852274555,584.7569147725445
2023-01-13 00:00:00+05:30,695.0,698.0,672.0,680.0,380172,688.3333333333334,686.0,690.6666666666667,0.0067796610169492625,513.0388079052345,1,652.04,719.1410700361577,584.9389299638423
2023-01-16 00:00:00+05:30,681.0,683.0,642.0,649.0,379161,683.3333333333334,685.0,681.6666666666667,0.004878048780487694,513.0388079052345,1,651.12,717.7300773156536,584.5099226843464
2023-01-17 00:00:00+05:30,650.0,658.0,625.0,643.0,439020,658.0,662.5,653.5,0.013677811550151976,513.0388079052345,1,650.64,717.3042452893404,583.9757547106595
2023-01-18 00:00:00+05:30,643.0,658.0,641.0,646.0,388839,642.0,641.5,642.5,0.001557632398753894,513.0388079052345,1,650.8,717.3996996990027,584.2003003009972
2023-01-19 00:00:00+05:30,641.0,654.0,638.0,647.0,232725,648.3333333333334,649.5,647.1666666666667,0.0035989717223649216,513.0388079052345,1,650.36,716.9089413890059,583.8110586109941
2023-01-20 00:00:00+05:30,645.0,648.0,634.0,638.0,173178,646.3333333333334,646.0,646.6666666666667,0.001031459515214145,513.0388079052345,1,650.64,716.9191188836827,584.3608811163173
2023-01-23 00:00:00+05:30,643.0,650.0,635.0,638.0,192582,640.0,641.0,639.0,0.003125,513.0388079052345,1,649.52,715.6692131472277,583.3707868527723
2023-01-24 00:00:00+05:30,642.0,650.0,639.0,642.0,192255,641.0,642.5,639.5,0.0046801872074883,513.0388079052345,1,648.12,713.358810534814,582.881189465186
2023-01-25 00:00:00+05:30,644.0,661.0,635.0,657.0,238239,643.6666666666666,644.5,642.8333333333333,0.00258933195235641,513.0388079052345,1,648.48,713.8114503129799,583.1485496870201
2023-01-27 00:00:00+05:30,661.0,661.0,624.0,630.0,305334,651.0,648.0,654.0,0.009216589861751152,513.0388079052345,1,649.44,712.9256330203721,585.954366979628
2023-01-30 00:00:00+05:30,636.0,648.0,607.0,612.0,398211,638.3333333333334,642.5,634.1666666666667,0.013054830287206148,513.0388079052345,1,651.68,704.9497888112703,598.4102111887296
2023-01-31 00:00:00+05:30,615.0,643.0,612.0,641.0,476058,622.3333333333334,627.5,617.1666666666667,0.0166041778253882,513.0388079052345,1,653.24,702.7504998964597,603.7295001035403
2023-02-01 00:00:00+05:30,642.0,643.0,593.0,607.0,861039,632.0,627.5,636.5,0.014240506329113924,513.0388079052345,1,653.08,703.158083030377,603.001916969623
2023-02-02 00:00:00+05:30,600.0,637.0,598.0,610.0,331926,614.3333333333334,618.0,610.6666666666667,0.011937059142701992,513.0388079052345,1,652.52,704.1746067645214,600.8653932354786
2023-02-03 00:00:00+05:30,610.0,620.0,601.0,607.0,195972,615.0,617.5,612.5,0.008130081300813009,513.0388079052345,1,651.36,705.680176730174,597.039823269826
2023-02-06 00:00:00+05:30,609.0,621.0,595.0,601.0,187899,609.3333333333334,610.5,608.1666666666667,0.003829321663019569,513.0388079052345,1,649.0,706.6388757697213,591.3611242302787
2023-02-07 00:00:00+05:30,603.0,608.0,589.0,592.0,168258,605.6666666666666,608.0,603.3333333333333,0.007705008255366114,513.0388079052345,1,645.92,707.0766382332888,584.7633617667111
2023-02-08 00:00:00+05:30,593.0,621.0,592.0,618.0,267258,596.3333333333334,598.5,594.1666666666667,0.007266629401900375,513.0388079052345,1,644.0,705.5272297442148,582.4727702557852
2023-02-09 00:00:00+05:30,621.0,630.0,600.0,606.0,244734,610.3333333333334,606.5,614.1666666666667,0.01256144183506293,513.0388079052345,1,642.6,705.903712371372,579.2962876286281
2023-02-10 00:00:00+05:30,607.0,614.0,593.0,596.0,126615,612.0,615.0,609.0,0.00980392156862745,513.0388079052345,1,640.36,706.0912832675386,574.6287167324614
2023-02-13 00:00:00+05:30,590.0,596.0,556.0,560.0,352500,601.0,603.5,598.5,0.008319467554076539,513.0388079052345,1,636.12,708.0695823476234,564.1704176523766
2023-02-14 00:00:00+05:30,563.0,568.0,546.0,558.0,339684,570.6666666666666,576.0,565.3333333333333,0.018691588785046863,513.0388079052345,1,630.08,701.895140464929,558.2648595350711
2023-02-15 00:00:00+05:30,560.0,591.0,558.0,588.0,499002,557.3333333333334,557.0,557.6666666666667,0.0011961722488039637,513.0388079052345,1,625.56,693.0452991398682,558.0747008601317
2023-02-16 00:00:00+05:30,594.0,597.0,580.0,584.0,319968,579.0,574.5,583.5,0.015544041450777202,513.0388079052345,1,621.72,687.2749113339156,556.1650886660844
2023-02-17 00:00:00+05:30,582.0,593.0,578.0,586.0,149592,587.0,588.5,585.5,0.005110732538330494,513.0388079052345,1,617.44,677.5680766364397,557.3119233635604
2023-02-20 00:00:00+05:30,589.0,590.0,568.0,572.0,104571,585.6666666666666,585.5,585.8333333333333,0.000569151963574145,513.0388079052345,1,613.12,670.084044800186,556.155955199814
2023-02-21 00:00:00+05:30,574.0,578.0,565.0,568.0,98814,576.6666666666666,579.0,574.3333333333333,0.00809248554913308,513.0388079052345,1,609.88,667.5225398468667,552.2374601531333
2023-02-22 00:00:00+05:30,566.0,576.0,557.0,560.0,151008,570.3333333333334,571.5,569.1666666666667,0.004091174751607114,513.0388079052345,1,606.56,665.7304791259766,547.3895208740233
2023-02-23 00:00:00+05:30,562.0,580.0,552.0,575.0,191307,564.3333333333334,566.5,562.1666666666667,0.007678676904902405,513.0388079052345,1,603.72,661.8523180339272,545.5876819660729
2023-02-24 00:00:00+05:30,578.0,589.0,572.0,577.0,186903,569.0,566.0,572.0,0.01054481546572935,513.0388079052345,1,600.92,657.1564152484639,544.683584751536
2023-02-27 00:00:00+05:30,572.0,575.0,562.0,566.0,101913,579.3333333333334,580.5,578.1666666666667,0.004027617951668453,513.0388079052345,1,598.04,653.7578032589017,542.3221967410982
2023-02-28 00:00:00+05:30,568.0,597.0,568.0,592.0,284940,567.6666666666666,568.5,566.8333333333333,0.00293599530240765,513.0388079052345,1,596.2,649.5036584110106,542.8963415889895
2023-05-30 00:00:00+05:30,589.0,593.0,580.0,582.0,131901,585.6666666666666,582.5,588.8333333333333,0.010813887307911083,513.0388079052345,1,593.8,643.9485792420653,543.6514207579346
2023-05-31 00:00:00+05:30,583.0,586.0,574.0,581.0,136578,585.0,586.5,583.5,0.005128205128205128,513.0388079052345,1,590.76,633.9462200244213,547.5737799755786
2023-06-01 00:00:00+05:30,581.0,585.0,570.0,573.0,129627,580.3333333333334,580.0,580.6666666666667,0.0011487650775417733,513.0388079052345,1,588.48,629.0799802955339,547.8800197044661
2023-06-02 00:00:00+05:30,577.0,578.0,567.0,568.0,163923,576.0,577.5,574.5,0.005208333333333333,513.0388079052345,1,586.72,626.9016674616391,546.5383325383609
2023-06-05 00:00:00+05:30,573.0,573.0,561.0,562.0,136299,571.0,572.5,569.5,0.005253940455341506,513.0388079052345,1,583.56,618.2152391421234,548.9047608578765
2023-06-06 00:00:00+05:30,567.0,577.0,563.0,574.0,191964,565.3333333333334,567.0,563.6666666666667,0.005896226415094205,513.0388079052345,1,582.24,615.717299771603,548.762700228397
2023-06-07 00:00:00+05:30,577.0,577.0,566.0,567.0,181029,571.3333333333334,570.0,572.6666666666667,0.004667444574095815,513.0388079052345,1,580.52,612.5005941157725,548.5394058842274
2023-06-08 00:00:00+05:30,571.0,571.0,563.0,564.0,99747,570.0,571.5,568.5,0.005263157894736842,513.0388079052345,1,578.8,609.4985341669238,548.1014658330761
2023-06-09 00:00:00+05:30,564.0,574.0,564.0,571.0,112074,566.0,567.0,565.0,0.0035335689045936395,513.0388079052345,1,577.6,607.0536924679708,548.1463075320293
2023-06-12 00:00:00+05:30,574.0,576.0,565.0,567.0,91224,569.6666666666666,569.0,570.3333333333333,0.0023405500292567423,513.0388079052345,1,576.6,605.7259334613983,547.4740665386017
2023-06-13 00:00:00+05:30,567.0,573.0,566.0,568.0,109005,569.3333333333334,570.5,568.1666666666667,0.0040983606557375716,513.0388079052345,1,574.6,598.4729972981571,550.7270027018429
2023-06-14 00:00:00+05:30,570.0,593.0,567.0,587.0,576540,569.0,569.5,568.5,0.0017574692442882249,513.0388079052345,1,573.84,594.6836465139337,552.9963534860664
2023-06-15 00:00:00+05:30,588.0,590.0,579.0,582.0,195747,582.3333333333334,580.0,584.6666666666667,0.008013737836290913,513.0388079052345,1,573.28,592.3924671352974,554.1675328647026
2023-06-16 00:00:00+05:30,585.0,590.0,580.0,582.0,101076,583.6666666666666,584.5,582.8333333333333,0.0028555111364935624,513.0388079052345,1,574.16,592.7647735809338,555.5552264190661
2023-06-19 00:00:00+05:30,582.0,583.0,570.0,572.0,146826,584.0,585.0,583.0,0.003424657534246575,513.0388079052345,1,574.72,592.1511904354755,557.2888095645245
2023-06-20 00:00:00+05:30,573.0,576.0,568.0,574.0,82167,575.0,576.5,573.5,0.0052173913043478265,513.0388079052345,1,574.16,590.7267619044222,557.5932380955777
2023-06-21 00:00:00+05:30,574.0,576.0,568.0,569.0,132285,572.6666666666666,572.0,573.3333333333333,0.002328288707799635,513.0388079052345,1,573.56,589.7397898625977,557.3802101374022
2023-06-22 00:00:00+05:30,570.0,572.0,563.0,566.0,85353,571.0,572.0,570.0,0.0035026269702276708,513.0388079052345,1,572.76,588.3679979496995,557.1520020503004
2023-06-23 00:00:00+05:30,564.0,567.0,558.0,559.0,117726,567.0,567.5,566.5,0.001763668430335097,513.0388079052345,1,572.24,588.7545269383603,555.7254730616397
2023-06-26 00:00:00+05:30,558.0,558.0,540.0,542.0,263748,561.3333333333334,562.5,560.1666666666667,0.00415676959619939,513.0388079052345,1,571.2,591.493841430292,550.906158569708
2023-06-27 00:00:00+05:30,553.0,555.0,544.0,548.0,199668,546.6666666666666,549.0,544.3333333333333,0.008536585365853798,513.0388079052345,1,570.72,592.5595604350875,548.8804395649125
2023-06-28 00:00:00+05:30,551.0,552.0,544.0,546.0,134661,549.0,549.5,548.5,0.0018214936247723133,513.0388079052345,1,569.56,593.3596974770236,545.7603025229763
2023-06-30 00:00:00+05:30,550.0,565.0,549.0,562.0,270486,547.3333333333334,548.0,546.6666666666667,0.0024360535931789115,513.0388079052345,1,568.96,592.7354831706498,545.1845168293503
2023-07-03 00:00:00+05:30,566.0,570.0,563.0,565.0,136944,558.6666666666666,557.0,560.3333333333333,0.005966587112171702,513.0388079052345,1,568.92,592.7186218087908,545.1213781912091
2023-07-04 00:00:00+05:30,573.0,575.0,567.0,569.0,123564,566.0,566.5,565.5,0.0017667844522968198,513.0388079052345,1,568.0,589.8577217476538,546.1422782523462
2023-07-05 00:00:00+05:30,569.0,583.0,566.0,580.0,224610,570.3333333333334,571.0,569.6666666666667,0.002337814143775437,513.0388079052345,1,567.92,589.5859733221902,546.2540266778097
2023-07-06 00:00:00+05:30,580.0,585.0,572.0,575.0,171432,576.3333333333334,574.5,578.1666666666667,0.006362058993638072,513.0388079052345,1,567.68,588.8892055484843,546.4707944515156
2023-07-07 00:00:00+05:30,575.0,580.0,569.0,575.0,135147,577.3333333333334,578.5,576.1666666666667,0.004041570438798945,513.0388079052345,1,567.76,589.0637461493949,546.4562538506051
2023-07-10 00:00:00+05:30,571.0,572.0,559.0,561.0,248040,574.6666666666666,574.5,574.8333333333333,0.0005800464037121651,513.0388079052345,1,567.48,588.9471469925061,546.012853007494
2023-07-11 00:00:00+05:30,558.0,559.0,541.0,554.0,443760,564.0,565.5,562.5,0.005319148936170213,513.0388079052345,1,567.16,589.1758488366418,545.1441511633582
2023-07-12 00:00:00+05:30,558.0,558.0,545.0,547.0,328362,551.3333333333334,550.0,552.6666666666667,0.0048367593712214186,513.0388079052345,1,566.08,589.2656507348375,542.8943492651625
2023-07-13 00:00:00+05:30,550.0,552.0,540.0,545.0,238365,550.0,551.5,548.5,0.005454545454545455,513.0388079052345,1,565.2,589.8056903987244,540.5943096012757
2023-07-14 00:00:00+05:30,545.0,553.0,541.0,550.0,278706,545.6666666666666,546.0,545.3333333333333,0.0012217470983507805,513.0388079052345,1,564.64,589.9564294480458,539.3235705519542
2023-07-17 00:00:00+05:30,551.0,553.0,544.0,545.0,167289,548.0,547.0,549.0,0.0036496350364963502,513.0388079052345,1,563.6,589.9028515563976,537.2971484436024
2023-07-18 00:00:00+05:30,546.0,549.0,542.0,547.0,146586,547.3333333333334,548.5,546.1666666666667,0.004263093788063199,513.0388079052345,1,562.8,589.8466264069641,535.7533735930358
2023-07-19 00:00:00+05:30,547.0,549.0,543.0,545.0,133353,546.0,545.5,546.5,0.0018315018315018315,513.0388079052345,1,561.88,589.7098832192645,534.0501167807355
2023-07-20 00:00:00+05:30,548.0,551.0,544.0,548.0,157359,545.6666666666666,546.0,545.3333333333333,0.0012217470983507805,513.0388079052345,1,560.32,586.6758418571275,533.9641581428726
2023-07-21 00:00:00+05:30,551.0,551.0,540.0,544.0,140541,547.6666666666666,547.5,547.8333333333333,0.0006086427267192774,513.0388079052345,1,558.8,584.3499510762333,533.2500489237666
2023-07-24 00:00:00+05:30,545.0,551.0,545.0,549.0,139947,545.0,545.5,544.5,0.001834862385321101,513.0388079052345,1,557.48,581.4607923138067,533.4992076861934
2023-07-25 00:00:00+05:30,550.0,565.0,546.0,562.0,324054,548.3333333333334,548.0,548.6666666666667,0.0012158054711247583,513.0388079052345,1,557.08,580.4032587774078,533.7567412225923
2023-07-26 00:00:00+05:30,566.0,580.0,565.0,575.0,459195,557.6666666666666,555.5,559.8333333333333,0.007770472205618514,513.0388079052345,1,557.12,580.5623207041865,533.6776792958135
2023-07-27 00:00:00+05:30,658.0,658.0,627.0,636.0,5035191,573.3333333333334,572.5,574.1666666666667,0.0029069767441861783,520.6356013732855,1,559.8,598.4491914533527,521.1508085466472
2023-07-28 00:00:00+05:30,638.0,701.0,637.0,691.0,4196001,640.3333333333334,642.5,638.1666666666667,0.006767308693388741,533.810177318354,1,564.8,629.1565070524953,500.44349294750464
2023-07-31 00:00:00+05:30,707.0,732.0,694.0,718.0,2564556,676.3333333333334,669.0,683.6666666666667,0.02168555938886162,571.7377702256199,1,571.16,659.0793812534973,483.24061874650255
2023-08-01 00:00:00+05:30,719.0,719.0,682.0,695.0,463251,714.6666666666666,713.0,716.3333333333333,0.004664179104477506,571.7377702256199,1,577.28,676.7675188151649,477.7924811848351
2023-08-02 00:00:00+05:30,696.0,712.0,667.0,678.0,404121,698.6666666666666,700.5,696.8333333333333,0.005248091603053544,571.7377702256199,1,582.48,688.6664322783178,476.2935677216823
2023-08-03 00:00:00+05:30,675.0,684.0,656.0,676.0,280764,685.6666666666666,689.5,681.8333333333333,0.011181332036947121,571.7377702256199,1,587.68,698.8277863027317,476.5322136972682
2023-08-04 00:00:00+05:30,680.0,687.0,663.0,668.0,177033,672.0,670.0,674.0,0.005952380952380952,571.7377702256199,1,591.92,706.8487361802855,476.99126381971433
2023-08-07 00:00:00+05:30,672.0,717.0,670.0,685.0,488007,672.6666666666666,675.0,670.3333333333333,0.006937561942517457,571.7377702256199,1,596.72,716.664680582332,476.775319417668
2023-08-08 00:00:00+05:30,689.0,700.0,683.0,691.0,160479,690.6666666666666,693.5,687.8333333333333,0.008204633204633315,571.7377702256199,1,601.6,726.4628047097999,476.73719529020013
2023-08-09 00:00:00+05:30,697.0,730.0,694.0,726.0,614757,691.3333333333334,691.5,691.1666666666667,0.0004821600771455027,571.7377702256199,1,607.44,741.0652431241851,473.81475687581496
2023-08-10 00:00:00+05:30,729.0,751.0,715.0,722.0,659946,716.6666666666666,712.0,721.3333333333333,0.013023255813953383,571.7377702256199,1,613.32,753.4944284810805,473.1455715189196
2023-08-11 00:00:00+05:30,718.0,723.0,706.0,716.0,194982,729.3333333333334,733.0,725.6666666666667,0.010054844606946878,571.7377702256199,1,618.96,763.7826280661883,474.1373719338118
2023-08-14 00:00:00+05:30,717.0,717.0,670.0,676.0,464586,715.0,714.5,715.5,0.0013986013986013986,571.7377702256199,1,623.56,768.0315390656494,479.08846093435045
2023-08-16 00:00:00+05:30,678.0,689.0,671.0,680.0,193908,687.6666666666666,693.5,681.8333333333333,0.016965584100824153,571.7377702256199,1,628.6,771.7988826771964,485.40111732280366
2023-08-17 00:00:00+05:30,683.0,699.0,679.0,697.0,201126,680.0,680.0,680.0,0.0,571.7377702256199,1,634.6,776.1807896573451,493.0192103426549
2023-08-18 00:00:00+05:30,699.0,740.0,695.0,732.0,1169202,691.6666666666666,689.0,694.3333333333333,0.007710843373493867,571.7377702256199,1,642.08,783.6945981175577,500.46540188244245
2023-08-21 00:00:00+05:30,734.0,744.0,715.0,731.0,328791,722.3333333333334,717.5,727.1666666666667,0.013382556529764757,571.7377702256199,1,649.32,789.8671821133291,508.7728178866709
2023-08-22 00:00:00+05:30,724.0,731.0,715.0,722.0,209013,730.0,729.5,730.5,0.0013698630136986301,571.7377702256199,1,656.4,792.9904828309691,519.8095171690309
2023-08-23 00:00:00+05:30,724.0,740.0,721.0,725.0,263973,722.6666666666666,723.0,722.3333333333333,0.0009225092250923558,571.7377702256199,1,663.52,795.0198038021243,532.0201961978756
2023-08-24 00:00:00+05:30,730.0,748.0,722.0,731.0,407412,728.6666666666666,730.5,726.8333333333333,0.0050320219579141024,571.7377702256199,1,670.96,795.6669909828521,546.253009017148
2023-08-25 00:00:00+05:30,730.0,730.0,707.0,719.0,202314,733.6666666666666,735.0,732.3333333333333,0.0036347114947752057,571.7377702256199,1,677.8,793.1901208942822,562.4098791057177
2023-08-28 00:00:00+05:30,723.0,725.0,709.0,711.0,106113,718.6666666666666,718.5,718.8333333333333,0.00046382189239321553,571.7377702256199,1,684.48,786.6972118578718,582.2627881421282
2023-08-29 00:00:00+05:30,711.0,724.0,706.0,722.0,178020,715.0,717.0,713.0,0.005594405594405594,571.7377702256199,1,691.4,778.2635711906723,604.5364288093276
2023-08-30 00:00:00+05:30,726.0,733.0,716.0,720.0,144699,717.3333333333334,715.0,719.6666666666667,0.006505576208178544,571.7377702256199,1,697.72,767.2706031605546,628.1693968394454
2023-08-31 00:00:00+05:30,720.0,729.0,712.0,717.0,163317,723.0,724.5,721.5,0.004149377593360996,571.7377702256199,1,703.4,751.9600658977819,654.8399341022181
2023-09-01 00:00:00+05:30,721.0,729.0,709.0,711.0,160095,719.3333333333334,720.5,718.1666666666667,0.0032437442075995237,571.7377702256199,1,706.4,746.4559608547454,666.3440391452546
2023-09-04 00:00:00+05:30,714.0,728.0,705.0,711.0,135363,716.3333333333334,719.0,713.6666666666667,0.007445323406235352,571.7377702256199,1,707.2,746.7898977012684,667.6101022987317
2023-09-05 00:00:00+05:30,714.0,715.0,696.0,700.0,192090,714.6666666666666,716.5,712.8333333333333,0.00513059701492548,571.7377702256199,1,706.48,745.9124536390636,667.0475463609364
2023-09-06 00:00:00+05:30,700.0,715.0,697.0,700.0,192504,703.6666666666666,705.5,701.8333333333333,0.005210800568451079,571.7377702256199,1,706.68,745.9278075820407,667.4321924179592
2023-09-07 00:00:00+05:30,700.0,708.0,700.0,704.0,108039,704.0,706.0,702.0,0.005681818181818182,571.7377702256199,1,707.72,745.2114176845433,670.2285823154567
2023-09-08 00:00:00+05:30,703.0,716.0,698.0,708.0,145404,704.0,704.0,704.0,0.0,571.7377702256199,1,709.0,744.1863609939545,673.8136390060455
2023-09-11 00:00:00+05:30,712.0,712.0,700.0,702.0,108645,707.3333333333334,707.0,707.6666666666667,0.0009425070688031231,571.7377702256199,1,710.36,741.4977841214958,679.2222158785042
2023-09-12 00:00:00+05:30,702.0,706.0,672.0,684.0,239526,704.6666666666666,706.0,703.3333333333333,0.0037842951750237594,571.7377702256199,1,710.32,741.5902798196128,679.0497201803873
2023-09-13 00:00:00+05:30,684.0,695.0,679.0,691.0,111507,687.3333333333334,689.0,685.6666666666667,0.004849660523763226,571.7377702256199,1,710.32,741.5902798196128,679.0497201803873
2023-09-14 00:00:00+05:30,696.0,700.0,685.0,695.0,68529,688.3333333333334,687.0,689.6666666666667,0.0038740920096853398,571.7377702256199,1,709.08,740.2231276527725,677.9368723472276
2023-09-15 00:00:00+05:30,696.0,701.0,685.0,690.0,80421,693.3333333333334,692.5,694.1666666666667,0.002403846153846263,571.7377702256199,1,707.8,739.3417184058968,676.2582815941031
2023-09-18 00:00:00+05:30,695.0,695.0,680.0,685.0,93366,692.0,693.0,691.0,0.002890173410404624,571.7377702256199,1,706.56,739.1352298533241,673.9847701466758
2023-09-20 00:00:00+05:30,685.0,695.0,676.0,682.0,94326,686.6666666666666,687.5,685.8333333333333,0.002427184466019528,571.7377702256199,1,706.8,738.5490157327262,675.0509842672737
2023-09-21 00:00:00+05:30,682.0,690.0,674.0,681.0,87954,684.3333333333334,685.5,683.1666666666667,0.0034096444227957974,571.7377702256199,1,706.84,738.4560971657935,675.2239028342066
2023-09-22 00:00:00+05:30,680.0,691.0,675.0,684.0,108939,681.6666666666666,682.0,681.3333333333333,0.000977995110024561,571.7377702256199,1,706.32,738.9768583914146,673.6631416085855
2023-09-25 00:00:00+05:30,685.0,719.0,680.0,711.0,298956,683.3333333333334,683.0,683.6666666666667,0.0009756097560976719,571.7377702256199,1,705.48,736.490295064654,674.469704935346
2023-09-26 00:00:00+05:30,712.0,724.0,698.0,706.0,247416,703.3333333333334,699.5,707.1666666666667,0.010900473933649396,571.7377702256199,1,704.48,733.6943526369645,675.2656473630356
2023-09-27 00:00:00+05:30,706.0,708.0,688.0,695.0,165876,709.3333333333334,711.0,707.6666666666667,0.004699248120300645,571.7377702256199,1,703.4,731.9320872001492,674.8679127998507
2023-09-28 00:00:00+05:30,695.0,724.0,692.0,705.0,345993,697.0,698.0,696.0,0.0028694404591104736,571.7377702256199,1,702.6,729.7529003975068,675.4470996024933
2023-09-29 00:00:00+05:30,710.0,731.0,703.0,726.0,228846,707.0,708.0,706.0,0.002828854314002829,571.7377702256199,1,702.4,728.775746434877,676.024253565123
2023-10-03 00:00:00+05:30,725.0,740.0,710.0,716.0,252693,720.0,717.0,723.0,0.008333333333333333,571.7377702256199,1,702.28,728.3783984182348,676.1816015817651
2023-10-04 00:00:00+05:30,703.0,724.0,678.0,701.0,246660,722.0,725.0,719.0,0.008310249307479225,571.7377702256199,1,701.88,727.7369603781443,676.0230396218557
2023-10-05 00:00:00+05:30,707.0,724.0,703.0,712.0,206529,701.0,701.0,701.0,0.0,571.7377702256199,1,701.48,726.3709300749676,676.5890699250324
2023-10-06 00:00:00+05:30,715.0,718.0,703.0,706.0,125610,713.0,713.5,712.5,0.001402524544179523,571.7377702256199,1,700.92,724.7253439377996,677.1146560622003
2023-10-09 00:00:00+05:30,693.0,718.0,693.0,704.0,154878,709.0,710.5,707.5,0.004231311706629055,571.7377702256199,1,700.4,723.3294570366796,677.4705429633203
2023-10-10 00:00:00+05:30,705.0,782.0,702.0,755.0,2707287,705.0,705.5,704.5,0.0014184397163120568,571.7377702256199,1,702.16,733.3429697109965,670.9770302890034
2023-10-11 00:00:00+05:30,753.0,763.0,742.0,747.0,384069,746.3333333333334,742.0,750.6666666666667,0.011612326931666023,575.2428770125963,1,703.6,739.2830491970195,667.9169508029805
2023-10-12 00:00:00+05:30,748.0,753.0,725.0,729.0,402411,750.6666666666666,752.5,748.8333333333333,0.0048845470692718594,575.2428770125963,1,704.76,741.7606702641575,667.7593297358425
2023-10-13 00:00:00+05:30,730.0,751.0,725.0,738.0,246855,735.6666666666666,739.0,732.3333333333333,0.00906207521522439,575.2428770125963,1,706.28,745.43311481858,667.12688518142
2023-10-16 00:00:00+05:30,733.0,744.0,723.0,728.0,141996,738.0,738.0,738.0,0.0,575.2428770125963,1,707.24,747.2890898772606,667.1909101227394
2023-10-17 00:00:00+05:30,733.0,743.0,725.0,736.0,231144,731.6666666666666,733.5,729.8333333333333,0.005011389521640195,575.2428770125963,1,708.36,749.9672301408889,666.7527698591111
2023-10-18 00:00:00+05:30,741.0,786.0,736.0,768.0,1332717,734.6666666666666,734.0,735.3333333333333,0.0018148820326677735,579.1122183505456,1,711.0,758.6016806425664,663.3983193574336
2023-10-19 00:00:00+05:30,769.0,779.0,761.0,767.0,326775,763.3333333333334,761.0,765.6666666666667,0.006113537117904029,590.3477296165238,1,714.32,765.3783039279299,663.2616960720702
2023-10-20 00:00:00+05:30,768.0,777.0,739.0,743.0,218568,769.0,770.0,768.0,0.002600780234070221,590.3477296165238,1,716.4,767.7248477834747,665.0751522165252
2023-10-23 00:00:00+05:30,746.0,746.0,695.0,701.0,281085,753.0,758.0,748.0,0.013280212483399735,590.3477296165238,1,716.64,767.6172655209834,665.6627344790165
2023-10-25 00:00:00+05:30,703.0,733.0,677.0,688.0,209046,714.0,720.5,707.5,0.018207282913165267,590.3477296165238,1,716.56,767.7102258059223,665.4097741940776
2023-10-26 00:00:00+05:30,678.0,724.0,664.0,702.0,403755,699.3333333333334,705.0,693.6666666666667,0.01620591039084832,590.3477296165238,1,717.24,767.1303758253719,667.3496241746282
2023-10-27 00:00:00+05:30,702.0,730.0,702.0,722.0,181065,696.6666666666666,694.0,699.3333333333333,0.007655502392344389,590.3477296165238,1,718.84,766.6284672279498,671.0515327720502
2023-10-30 00:00:00+05:30,722.0,763.0,716.0,749.0,453915,718.0,716.0,720.0,0.005571030640668524,590.3477296165238,1,721.56,768.1495438912726,674.9704561087273
2023-10-31 00:00:00+05:30,748.0,775.0,748.0,755.0,243324,742.6666666666666,739.5,745.8333333333333,0.0085278276481148,590.3477296165238,1,724.4,770.1331389694257,678.6668610305743
2023-11-01 00:00:00+05:30,755.0,794.0,755.0,787.0,760008,759.3333333333334,761.5,757.1666666666667,0.005706760316066625,590.3477296165238,1,727.44,778.9455880463158,675.9344119536843
2023-11-02 00:00:00+05:30,800.0,802.0,775.0,783.0,338070,778.6666666666666,774.5,782.8333333333333,0.010702054794520452,590.3477296165238,1,730.52,785.6129977401554,675.4270022598446
2023-11-03 00:00:00+05:30,789.0,799.0,711.0,716.0,1607073,786.6666666666666,788.5,784.8333333333333,0.004661016949152639,590.3477296165238,1,731.36,784.878983547866,677.841016452134
2023-11-06 00:00:00+05:30,716.0,723.0,700.0,706.0,460101,742.0,755.0,729.0,0.03504043126684636,590.3477296165238,1,731.4,784.8415568635191,677.9584431364808
2023-11-07 00:00:00+05:30,709.0,709.0,695.0,697.0,250317,709.6666666666666,711.5,707.8333333333333,0.005166744950681178,590.3477296165238,1,730.24,785.3334624070476,675.1465375929524
2023-11-08 00:00:00+05:30,704.0,713.0,697.0,700.0,149823,700.3333333333334,702.0,698.6666666666667,0.004759638267491562,590.3477296165238,1,729.6,785.7027628552888,673.4972371447112
2023-11-09 00:00:00+05:30,700.0,704.0,694.0,696.0,91002,703.3333333333334,705.0,701.6666666666667,0.004739336492890887,590.3477296165238,1,729.4,785.9430809206287,672.8569190793712
2023-11-10 00:00:00+05:30,697.0,705.0,690.0,693.0,119670,698.0,699.0,697.0,0.0028653295128939827,590.3477296165238,1,728.64,786.5913727188301,670.6886272811698
2023-11-12 00:00:00+05:30,699.0,703.0,698.0,700.0,31107,696.0,697.5,694.5,0.004310344827586207,590.3477296165238,1,728.4,786.7725963102274,670.0274036897725
2023-11-13 00:00:00+05:30,697.0,705.0,692.0,695.0,116691,700.3333333333334,700.5,700.1666666666667,0.0004759638267490588,590.3477296165238,1,728.04,787.1168448717158,668.9631551282841
2023-11-15 00:00:00+05:30,701.0,710.0,696.0,698.0,147747,697.3333333333334,698.5,696.1666666666667,0.003346080305927233,590.3477296165238,1,725.76,784.8985627150068,666.6214372849931
2023-11-16 00:00:00+05:30,703.0,703.0,694.0,696.0,90321,701.3333333333334,703.0,699.6666666666667,0.004752851711026507,590.3477296165238,1,723.72,783.3039441460265,664.1360558539735
2023-11-17 00:00:00+05:30,697.0,701.0,692.0,696.0,135324,697.6666666666666,698.5,696.8333333333333,0.002388915432393802,590.3477296165238,1,722.4,782.912478052025,661.887521947975
2023-11-20 00:00:00+05:30,696.0,701.0,692.0,693.0,59757,696.3333333333334,696.5,696.1666666666667,0.00047869794159874227,590.3477296165238,1,720.6,781.822218189125,659.377781810875
2023-11-21 00:00:00+05:30,694.0,699.0,686.0,689.0,82686,695.3333333333334,696.5,694.1666666666667,0.003355704697986468,590.3477296165238,1,719.04,781.4053236983248,656.6746763016752
2023-11-22 00:00:00+05:30,694.0,694.0,685.0,686.0,64530,691.3333333333334,692.5,690.1666666666667,0.0033751205400191766,590.3477296165238,1,717.04,780.3019443267186,653.7780556732813
2023-11-23 00:00:00+05:30,688.0,700.0,687.0,689.0,90579,688.3333333333334,689.5,687.1666666666667,0.003389830508474466,590.3477296165238,1,713.88,774.4805148492723,653.2794851507277
2023-11-24 00:00:00+05:30,691.0,694.0,675.0,678.0,194868,692.0,693.5,690.5,0.004335260115606936,590.3477296165238,1,710.32,768.4253388252481,652.214661174752
2023-11-28 00:00:00+05:30,678.0,682.0,672.0,673.0,91911,682.3333333333334,684.5,680.1666666666667,0.006350757205666718,590.3477296165238,1,707.52,765.8024021467621,649.2375978532378
2023-11-29 00:00:00+05:30,677.0,678.0,670.0,674.0,101268,675.6666666666666,677.0,674.3333333333333,0.00394671928959064,590.3477296165238,1,706.44,766.1488402164781,646.731159783522
2023-11-30 00:00:00+05:30,674.0,680.0,673.0,675.0,106845,674.0,674.0,674.0,0.0,590.3477296165238,1,705.92,766.4824834365047,645.3575165634952
2023-12-01 00:00:00+05:30,677.0,693.0,675.0,691.0,215004,676.0,676.5,675.5,0.0014792899408284023,590.3477296165238,1,705.48,766.3092561190495,644.6507438809506
2023-12-04 00:00:00+05:30,700.0,708.0,684.0,701.0,267699,686.3333333333334,684.0,688.6666666666667,0.006799417192812155,590.3477296165238,1,704.64,765.1124863057317,644.1675136942682
2023-12-05 00:00:00+05:30,701.0,710.0,700.0,707.0,143118,697.6666666666666,696.0,699.3333333333333,0.0047778308647872785,590.3477296165238,1,702.96,760.6806514169489,645.2393485830512
2023-12-06 00:00:00+05:30,711.0,715.0,703.0,706.0,145500,705.6666666666666,705.0,706.3333333333333,0.0018894662257911068,590.3477296165238,1,701.0,754.707355175962,647.292644824038
2023-12-07 00:00:00+05:30,709.0,709.0,698.0,701.0,61614,708.0,709.0,707.0,0.002824858757062147,590.3477296165238,1,697.56,738.2267628413788,656.8932371586211
2023-12-08 00:00:00+05:30,701.0,706.0,685.0,686.0,99024,702.6666666666666,703.5,701.8333333333333,0.0023719165085390073,590.3477296165238,1,693.68,714.8212014795035,672.5387985204964
2023-12-11 00:00:00+05:30,687.0,707.0,687.0,694.0,210222,692.3333333333334,695.5,689.1666666666667,0.00914780934039469,590.3477296165238,1,692.8,711.882976706923,673.7170232930769
2023-12-12 00:00:00+05:30,694.0,706.0,694.0,703.0,161298,696.0,697.0,695.0,0.0028735632183908046,590.3477296165238,1,692.68,711.4648449553615,673.8951550446384
2023-12-13 00:00:00+05:30,706.0,710.0,695.0,700.0,150177,701.0,700.0,702.0,0.0028530670470756064,590.3477296165238,1,692.8,711.7314553058387,673.8685446941612
2023-12-14 00:00:00+05:30,706.0,706.0,693.0,696.0,96288,701.6666666666666,702.5,700.8333333333333,0.0023752969121141223,590.3477296165238,1,692.64,711.3921092146182,673.8878907853817
2023-12-15 00:00:00+05:30,701.0,701.0,689.0,695.0,74646,698.3333333333334,699.5,697.1666666666667,0.0033412887828161205,590.3477296165238,1,692.6,711.3275198570706,673.8724801429295
2023-12-18 00:00:00+05:30,695.0,695.0,687.0,690.0,73578,695.0,695.0,695.0,0.0,590.3477296165238,1,692.48,711.2341568724636,673.7258431275365
2023-12-19 00:00:00+05:30,692.0,707.0,692.0,701.0,155625,690.6666666666666,691.0,690.3333333333333,0.000965250965251075,590.3477296165238,1,692.52,711.3422846646461,673.6977153353539
2023-12-20 00:00:00+05:30,706.0,713.0,683.0,690.0,222636,700.0,699.5,700.5,0.0014285714285714286,590.3477296165238,1,692.32,711.13888413262,673.5011158673801
2023-12-21 00:00:00+05:30,686.0,705.0,680.0,701.0,126834,695.3333333333334,698.0,692.6666666666667,0.007670182166826352,590.3477296165238,1,692.44,711.4396210487729,673.4403789512272
2023-12-22 00:00:00+05:30,706.0,706.0,692.0,699.0,64707,695.3333333333334,692.5,698.1666666666667,0.008149568552253225,590.3477296165238,1,692.56,711.6855222150134,673.4344777849865
2023-12-26 00:00:00+05:30,705.0,708.0,698.0,704.0,78426,699.0,699.0,699.0,0.0,590.3477296165238,1,692.88,712.4866927348029,673.2733072651971
2023-12-27 00:00:00+05:30,707.0,708.0,696.0,701.0,64335,703.3333333333334,703.0,703.6666666666667,0.0009478672985783067,590.3477296165238,1,693.2,713.06353442862,673.3364655713801
2023-12-28 00:00:00+05:30,705.0,706.0,695.0,698.0,61755,701.6666666666666,702.0,701.3333333333333,0.0009501187648457138,590.3477296165238,1,693.56,713.4322318826287,673.6877681173712
2023-12-29 00:00:00+05:30,699.0,706.0,694.0,703.0,92325,699.6666666666666,700.5,698.8333333333333,0.002382086707956278,590.3477296165238,1,694.24,714.1941875303647,674.2858124696353
2024-01-01 00:00:00+05:30,704.0,707.0,694.0,698.0,94479,701.0,700.0,702.0,0.0028530670470756064,590.3477296165238,1,694.6,714.4876846313733,674.7123153686267
2024-01-02 00:00:00+05:30,702.0,733.0,691.0,718.0,522279,699.6666666666666,700.5,698.8333333333333,0.002382086707956278,590.3477296165238,1,696.2,716.9074865687982,675.4925134312019
2024-01-03 00:00:00+05:30,730.0,736.0,713.0,727.0,400878,714.0,712.0,716.0,0.0056022408963585435,591.0492748436127,1,698.36,720.1728769307705,676.5471230692295
2024-01-04 00:00:00+05:30,732.0,732.0,717.0,725.0,133827,725.3333333333334,724.5,726.1666666666667,0.002297794117647163,592.1873038498682,1,700.4,722.2577217476326,678.5422782523674
2024-01-05 00:00:00+05:30,725.0,742.0,720.0,739.0,254619,724.6666666666666,724.5,724.8333333333333,0.000459981600735866,597.8198116958735,1,702.96,727.1821716614534,678.7378283385467
2024-01-08 00:00:00+05:30,741.0,743.0,730.0,735.0,137481,733.6666666666666,731.0,736.3333333333333,0.007269422989550102,605.0070192280385,1,704.72,731.472315787552,677.967684212448
2024-01-09 00:00:00+05:30,739.0,749.0,732.0,745.0,150087,736.0,736.5,735.5,0.001358695652173913,609.506738458917,1,706.48,737.4748124691358,675.4851875308642
2024-01-10 00:00:00+05:30,747.0,747.0,727.0,732.0,191022,742.0,740.5,743.5,0.004043126684636119,609.506738458917,1,707.48,740.0505142728341,674.9094857271659
2024-01-11 00:00:00+05:30,732.0,747.0,722.0,740.0,174276,735.3333333333334,737.0,733.6666666666667,0.0045330915684495795,609.506738458917,1,708.84,743.801372970707,673.878627029293
2024-01-12 00:00:00+05:30,747.0,750.0,731.0,733.0,102477,736.3333333333334,734.5,738.1666666666667,0.004979628791308387,609.506738458917,1,710.12,746.1658374850256,674.0741625149744
2024-01-15 00:00:00+05:30,738.0,739.0,717.0,721.0,90612,738.0,740.5,735.5,0.006775067750677507,609.506738458917,1,711.52,746.4100902835872,676.6299097164127
2024-01-16 00:00:00+05:30,721.0,727.0,703.0,710.0,132834,725.6666666666666,728.0,723.3333333333333,0.006430868167202677,609.506738458917,1,712.16,746.3204683808179,677.999531619182
2024-01-17 00:00:00+05:30,704.0,719.0,702.0,710.0,108909,713.3333333333334,715.0,711.6666666666667,0.004672897196261576,609.506738458917,1,712.44,746.4097748005026,678.4702251994975
2024-01-18 00:00:00+05:30,710.0,714.0,688.0,710.0,184341,710.3333333333334,710.5,710.1666666666667,0.0004692632566868947,609.506738458917,1,712.84,746.447999047799,679.232000952201
2024-01-19 00:00:00+05:30,712.0,745.0,708.0,739.0,275541,704.0,701.0,707.0,0.008522727272727272,609.506738458917,1,714.56,748.9371086625512,680.1828913374487
2024-01-20 00:00:00+05:30,740.0,752.0,725.0,731.0,103692,730.6666666666666,726.5,734.8333333333333,0.011405109489050992,609.506738458917,1,716.0,749.9929404435221,682.0070595564779
2024-01-23 00:00:00+05:30,732.0,743.0,722.0,730.0,168132,736.0,738.5,733.5,0.006793478260869565,609.506738458917,1,717.6,750.2876123324546,684.9123876675454
2024-01-24 00:00:00+05:30,727.0,747.0,724.0,737.0,381630,731.6666666666666,732.5,730.8333333333333,0.0022779043280183268,609.506738458917,1,719.04,751.8472187177887,686.2327812822112
2024-01-25 00:00:00+05:30,742.0,761.0,742.0,754.0,381687,736.0,735.5,736.5,0.001358695652173913,609.506738458917,1,721.6,754.9274661502614,688.2725338497387
2024-01-29 00:00:00+05:30,764.0,775.0,750.0,766.0,291336,752.3333333333334,751.5,753.1666666666667,0.0022153300841826437,616.1678380000028,1,724.2,760.6856136031286,687.7143863968715
2024-01-30 00:00:00+05:30,758.0,763.0,743.0,751.0,664599,763.6666666666666,762.5,764.8333333333333,0.0030554343081622753,616.1678380000028,1,726.28,762.710844074723,689.8491559252769
2024-01-31 00:00:00+05:30,758.0,882.0,756.0,820.0,5080569,752.3333333333334,753.0,751.6666666666667,0.0017722640673459337,641.2778795008026,1,730.92,781.5857122716808,680.2542877283191
2024-02-01 00:00:00+05:30,827.0,862.0,805.0,814.0,658053,819.3333333333334,819.0,819.6666666666667,0.0008136696501221429,646.9267643207705,1,735.44,794.1462654236899,676.7337345763102
2024-02-02 00:00:00+05:30,823.0,862.0,815.0,848.0,767424,827.0,833.5,820.5,0.015719467956469165,646.9267643207705,1,741.44,812.8914212594591,669.988578740541
2024-02-05 00:00:00+05:30,848.0,858.0,799.0,808.0,418734,841.6666666666666,838.5,844.8333333333333,0.007524752475247435,646.9267643207705,1,745.64,819.8502526609137,671.4297473390862
2024-02-06 00:00:00+05:30,810.0,832.0,806.0,824.0,185553,821.6666666666666,828.5,814.8333333333333,0.016632860040568045,646.9267643207705,1,750.68,828.3000386498011,673.0599613501988
2024-02-07 00:00:00+05:30,830.0,842.0,804.0,808.0,127113,820.6666666666666,819.0,822.3333333333333,0.004061738424045399,646.9267643207705,1,754.28,833.8277617535314,674.7322382464686
2024-02-08 00:00:00+05:30,817.0,822.0,788.0,795.0,77469,818.0,823.0,813.0,0.012224938875305624,646.9267643207705,1,757.0,837.2775186462349,676.7224813537651
2024-02-09 00:00:00+05:30,795.0,798.0,762.0,792.0,193527,801.6666666666666,805.0,798.3333333333333,0.00831600831600841,646.9267643207705,1,759.68,839.9788816858402,679.3811183141597
2024-02-12 00:00:00+05:30,794.0,874.0,794.0,861.0,1851840,784.0,780.0,788.0,0.01020408163265306,646.9267643207705,1,764.56,853.5922728003533,675.5277271996466
2024-02-13 00:00:00+05:30,861.0,865.0,827.0,830.0,294654,843.0,834.0,852.0,0.021352313167259787,646.9267643207705,1,768.36,860.0898293904252,676.6301706095749
2024-02-14 00:00:00+05:30,820.0,849.0,817.0,833.0,242937,840.6666666666666,846.0,835.3333333333333,0.012688342585249892,646.9267643207705,1,771.88,866.4634150366569,677.2965849633431
2024-02-15 00:00:00+05:30,853.0,873.0,847.0,857.0,312534,833.0,833.0,833.0,0.0,646.9267643207705,1,776.88,875.6262525871057,678.1337474128943
2024-02-16 00:00:00+05:30,860.0,870.0,841.0,849.0,153189,859.0,860.0,858.0,0.002328288707799767,646.9267643207705,1,781.24,882.6765299090838,679.8034700909162
2024-02-19 00:00:00+05:30,849.0,907.0,844.0,894.0,497463,853.3333333333334,855.5,851.1666666666667,0.005078124999999911,646.9267643207705,1,787.68,896.241090635625,679.1189093643749
2024-02-20 00:00:00+05:30,896.0,906.0,878.0,886.0,104010,881.6666666666666,875.5,887.8333333333333,0.013988657844990463,660.4034074334802,1,794.28,905.8441806315825,682.7158193684174
2024-02-21 00:00:00+05:30,890.0,923.0,869.0,879.0,633096,890.0,892.0,888.0,0.0044943820224719105,660.4034074334802,1,801.04,911.8356389033266,690.2443610966733
2024-02-22 00:00:00+05:30,887.0,926.0,883.0,922.0,528702,890.3333333333334,896.0,884.6666666666667,0.012729314863346976,663.3853802906954,1,809.52,923.5503398223311,695.4896601776688
2024-02-23 00:00:00+05:30,933.0,933.0,913.0,916.0,175179,910.3333333333334,904.5,916.1666666666667,0.012815818381545304,685.9299650790676,1,817.76,931.6052001623093,703.9147998376907
2024-05-24 00:00:00+05:30,1303.0,1326.0,1277.0,1285.0,155880,920.6666666666666,923.0,918.3333333333333,0.0050687907313541735,959.1127664759049,1,839.6,1051.709405732033,627.490594267967
2024-05-27 00:00:00+05:30,1286.0,1329.0,1266.0,1318.0,247941,1296.0,1301.5,1290.5,0.008487654320987654,959.1127664759049,1,863.08,1141.4983442232142,584.661655776786
2024-05-28 00:00:00+05:30,1330.0,1330.0,1288.0,1292.0,159450,1304.3333333333333,1297.5,1311.1666666666665,0.010477894198824316,964.761525584194,1,885.56,1205.0866899650105,566.0333100349893
2024-05-29 00:00:00+05:30,1340.0,1340.0,1281.0,1291.0,234846,1303.3333333333333,1309.0,1297.6666666666665,0.00869565217391316,964.761525584194,1,907.72,1258.295079547871,557.1449204521292
2024-05-30 00:00:00+05:30,1290.0,1372.0,1264.0,1282.0,1236324,1304.0,1310.5,1297.5,0.009969325153374233,964.761525584194,1,928.84,1302.673622885898,555.006377114102
2024-05-31 00:00:00+05:30,1276.0,1328.0,1251.0,1294.0,454278,1306.0,1318.0,1294.0,0.018376722817764167,964.761525584194,1,949.96,1343.7357656331783,556.1842343668217
2024-06-03 00:00:00+05:30,1257.0,1297.0,1238.0,1248.0,463641,1291.0,1289.5,1292.5,0.0023237800154918666,964.761525584194,1,969.84,1371.5330888128344,568.1469111871656
2024-06-04 00:00:00+05:30,1253.0,1253.0,1103.0,1183.0,287559,1261.0,1267.5,1254.5,0.010309278350515464,964.761525584194,1,984.36,1389.5656781438233,579.1543218561768
2024-06-05 00:00:00+05:30,1198.0,1227.0,1140.0,1220.0,172701,1179.6666666666667,1178.0,1181.3333333333335,0.0028256569652445477,964.761525584194,1,1000.6,1409.7176847803034,591.4823152196967
2024-06-06 00:00:00+05:30,1223.0,1276.0,1220.0,1260.0,197691,1195.6666666666667,1183.5,1207.8333333333335,0.020351268469473223,964.761525584194,1,1017.08,1433.4106070900812,600.7493929099189
2024-06-07 00:00:00+05:30,1264.0,1286.0,1260.0,1281.0,185433,1252.0,1248.0,1256.0,0.006389776357827476,964.761525584194,1,1036.0,1455.5826497842772,616.4173502157228
2024-06-10 00:00:00+05:30,1291.0,1322.0,1283.0,1299.0,173073,1275.6666666666667,1273.0,1278.3333333333335,0.0041808204860205,964.761525584194,1,1055.0,1477.4708273952126,632.5291726047874
2024-06-11 00:00:00+05:30,1300.0,1323.0,1264.0,1292.0,181410,1301.3333333333333,1302.5,1300.1666666666665,0.0017930327868853624,964.761525584194,1,1074.36,1494.1313206020575,654.5886793979423
2024-06-12 00:00:00+05:30,1289.0,1320.0,1268.0,1293.0,224628,1293.0,1293.5,1292.5,0.0007733952049497294,964.761525584194,1,1094.28,1506.326801225292,682.233198774708
2024-06-13 00:00:00+05:30,1307.0,1314.0,1280.0,1287.0,173988,1293.6666666666667,1294.0,1293.3333333333335,0.0005153311002317818,964.761525584194,1,1114.08,1513.501149164632,714.658850835368
2024-06-14 00:00:00+05:30,1296.0,1385.0,1281.0,1364.0,1175595,1293.6666666666667,1297.0,1290.3333333333335,0.005153311002318872,964.761525584194,1,1134.2,1531.2688605267292,737.1311394732709
2024-06-18 00:00:00+05:30,1380.0,1455.0,1357.0,1415.0,733965,1343.3333333333333,1333.0,1353.6666666666665,0.015384615384615273,994.0458926191368,1,1157.6,1549.1139844245604,766.0860155754394
2024-06-19 00:00:00+05:30,1415.0,1441.0,1370.0,1396.0,540501,1409.0,1406.0,1412.0,0.0042583392476933995,994.0458926191368,1,1180.12,1558.9203463567512,801.3196536432486
2024-06-20 00:00:00+05:30,1400.0,1450.0,1376.0,1425.0,348792,1402.3333333333333,1405.5,1399.1666666666665,0.004516282386498801,994.0458926191368,1,1202.84,1569.3293690136109,836.350630986389
2024-06-21 00:00:00+05:30,1433.0,1475.0,1417.0,1422.0,296166,1417.0,1413.0,1421.0,0.0056457304163726185,1027.0767628522847,1,1225.76,1571.9762468746876,879.5437531253124
2024-06-24 00:00:00+05:30,1420.0,1481.0,1402.0,1441.0,309300,1438.0,1446.0,1430.0,0.011126564673157162,1027.0767628522847,1,1247.64,1575.8974014397763,919.3825985602238
2024-06-25 00:00:00+05:30,1443.0,1477.0,1440.0,1471.0,230817,1441.3333333333333,1441.5,1441.1666666666665,0.000231267345050984,1040.8251446446657,1,1271.04,1575.3748051077864,966.7051948922135
2024-06-26 00:00:00+05:30,1471.0,1497.0,1453.0,1476.0,266769,1462.6666666666667,1458.5,1466.8333333333335,0.005697356426618153,1061.712138858879,1,1294.92,1564.1202496284027,1025.7197503715975
2024-06-27 00:00:00+05:30,1480.0,1480.0,1423.0,1434.0,259272,1475.3333333333333,1475.0,1475.6666666666665,0.0004518752824219488,1061.712138858879,1,1315.4,1542.6330961809792,1088.166903819021
2024-06-28 00:00:00+05:30,1426.0,1426.0,1371.0,1375.0,320133,1445.6666666666667,1451.5,1439.8333333333335,0.008070094535393023,1061.712138858879,1,1333.76,1492.9190701153848,1174.6009298846152
2024-07-01 00:00:00+05:30,1396.0,1430.0,1384.0,1420.0,226212,1390.6666666666667,1398.5,1382.8333333333335,0.011265580057526257,1061.712138858879,1,1339.16,1500.4812248899505,1177.8387751100497
2024-07-02 00:00:00+05:30,1420.0,1431.0,1399.0,1408.0,246993,1411.3333333333333,1407.0,1415.6666666666665,0.0061407652338213384,1061.712138858879,1,1342.76,1506.03672706174,1179.48327293826
2024-07-03 00:00:00+05:30,1415.0,1440.0,1406.0,1429.0,146580,1412.6666666666667,1415.0,1410.3333333333335,0.0033034450212363247,1061.712138858879,1,1348.24,1513.518218770635,1182.961781229365
2024-07-04 00:00:00+05:30,1435.0,1483.0,1426.0,1452.0,371172,1425.0,1423.0,1427.0,0.002807017543859649,1061.712138858879,1,1354.68,1523.0526533615061,1186.307346638494
2024-07-05 00:00:00+05:30,1453.0,1470.0,1438.0,1444.0,86826,1453.6666666666667,1454.5,1452.8333333333335,0.0011465260261406891,1062.4974867195772,1,1361.16,1530.3128823283655,1192.0071176716347
2024-07-08 00:00:00+05:30,1450.0,1473.0,1402.0,1408.0,149769,1450.6666666666667,1454.0,1447.3333333333335,0.004595588235294013,1062.4974867195772,1,1365.72,1533.526097624591,1197.913902375409
2024-07-09 00:00:00+05:30,1423.0,1441.0,1361.0,1364.0,175740,1427.6666666666667,1437.5,1417.8333333333335,0.013775391081017871,1062.4974867195772,1,1370.36,1531.1578905334077,1209.5621094665921
2024-07-10 00:00:00+05:30,1370.0,1380.0,1317.0,1333.0,174471,1388.6666666666667,1401.0,1376.3333333333335,0.017762842054728646,1062.4974867195772,1,1376.36,1518.9036129750953,1233.8163870249045
2024-07-11 00:00:00+05:30,1329.0,1376.0,1317.0,1368.0,193389,1343.3333333333333,1348.5,1338.1666666666665,0.0076923076923078055,1062.4974867195772,1,1382.28,1509.8649771720548,1254.6950228279452
2024-07-12 00:00:00+05:30,1380.0,1405.0,1339.0,1352.0,167043,1353.6666666666667,1346.5,1360.8333333333335,0.010588524993843992,1062.4974867195772,1,1385.96,1504.1889034034982,1267.7310965965019
2024-07-15 00:00:00+05:30,1367.0,1607.0,1367.0,1578.0,8447688,1365.3333333333333,1372.0,1358.6666666666665,0.009765625000000111,1062.4974867195772,1,1397.84,1530.3223671285866,1265.3576328714132
2024-07-16 00:00:00+05:30,1578.0,1583.0,1470.0,1480.0,1276116,1517.3333333333333,1487.0,1547.6666666666665,0.03998242530755702,1062.4974867195772,1,1405.08,1534.9216512525682,1275.2383487474317
2024-07-18 00:00:00+05:30,1473.0,1478.0,1420.0,1431.0,629769,1511.0,1526.5,1495.5,0.020516214427531435,1062.4974867195772,1,1410.64,1532.2819401357672,1288.998059864233
2024-07-19 00:00:00+05:30,1430.0,1434.0,1390.0,1403.0,343371,1443.0,1449.0,1437.0,0.008316008316008316,1062.4974867195772,1,1415.04,1526.9077504913437,1303.1722495086563
2024-07-22 00:00:00+05:30,1400.0,1447.0,1377.0,1426.0,273780,1409.0,1412.0,1406.0,0.0042583392476933995,1062.4974867195772,1,1420.6,1519.5286611654756,1321.6713388345242
2024-07-23 00:00:00+05:30,1420.0,1423.0,1351.0,1380.0,373761,1416.6666666666667,1412.0,1421.3333333333335,0.006588235294117754,1062.4974867195772,1,1421.24,1518.8945421370327,1323.5854578629674
2024-07-24 00:00:00+05:30,1394.0,1420.0,1386.0,1393.0,250845,1384.6666666666667,1387.0,1382.3333333333335,0.0033702455464611324,1062.4974867195772,1,1420.36,1518.618239349143,1322.1017606508567
2024-07-25 00:00:00+05:30,1375.0,1535.0,1369.0,1431.0,3127134,1399.6666666666667,1403.0,1396.3333333333335,0.004763038818766265,1062.4974867195772,1,1421.76,1519.5864258776405,1323.9335741223595
2024-07-26 00:00:00+05:30,1447.0,1447.0,1412.0,1434.0,294141,1445.0,1452.0,1438.0,0.009688581314878892,1062.4974867195772,1,1422.12,1520.0576454689078,1324.182354531092
2024-07-29 00:00:00+05:30,1434.0,1448.0,1418.0,1422.0,173370,1431.0,1429.5,1432.5,0.0020964360587002098,1062.4974867195772,1,1422.12,1520.0576454689078,1324.182354531092
2024-07-30 00:00:00+05:30,1423.0,1428.0,1408.0,1413.0,126171,1429.3333333333333,1433.0,1425.6666666666665,0.00513059701492548,1062.4974867195772,1,1421.0,1518.6884844799708,1323.3115155200292
2024-07-31 00:00:00+05:30,1419.0,1429.0,1397.0,1409.0,181383,1416.3333333333333,1418.0,1414.6666666666665,0.002353494939985986,1062.4974867195772,1,1418.52,1514.1310788559229,1322.908921144077
2024-08-01 00:00:00+05:30,1417.0,1493.0,1410.0,1415.0,964359,1411.6666666666667,1413.0,1410.3333333333335,0.0018890200708381452,1062.4974867195772,1,1416.08,1508.7677251851264,1323.3922748148734
2024-08-02 00:00:00+05:30,1413.0,1440.0,1388.0,1394.0,225249,1439.3333333333333,1451.5,1427.1666666666665,0.016905974988420672,1062.4974867195772,1,1414.48,1507.2560658790485,1321.7039341209515
2024-08-05 00:00:00+05:30,1374.0,1380.0,1322.0,1330.0,220515,1407.3333333333333,1414.0,1400.6666666666665,0.009474182851729147,1062.4974867195772,1,1412.68,1510.0809774077939,1315.2790225922063
2024-08-06 00:00:00+05:30,1350.0,1377.0,1334.0,1357.0,120327,1344.0,1351.0,1337.0,0.010416666666666666,1062.4974867195772,1,1410.16,1509.9047622684698,1310.4152377315304
2024-08-07 00:00:00+05:30,1380.0,1417.0,1364.0,1397.0,276021,1356.0,1355.5,1356.5,0.0007374631268436578,1062.4974867195772,1,1409.72,1509.5959550642374,1309.8440449357627
2024-08-08 00:00:00+05:30,1393.0,1403.0,1370.0,1376.0,156558,1392.6666666666667,1390.5,1394.8333333333335,0.003111536620392641,1062.4974867195772,1,1407.6,1507.997609533263,1307.202390466737
2024-08-09 00:00:00+05:30,1387.0,1485.0,1387.0,1477.0,1056462,1383.0,1386.5,1379.5,0.005061460592913955,1062.4974867195772,1,1408.6,1511.2200760085157,1305.9799239914842
2024-08-12 00:00:00+05:30,1477.0,1533.0,1471.0,1482.0,535299,1449.6666666666667,1436.0,1463.3333333333335,0.018854909174522982,1062.4974867195772,1,1410.12,1515.8703777770725,1304.3696222229273
2024-08-13 00:00:00+05:30,1482.0,1504.0,1457.0,1464.0,159129,1495.3333333333333,1502.0,1488.6666666666665,0.008916629514043792,1062.4974867195772,1,1412.36,1520.187833141511,1304.5321668584888
2024-08-14 00:00:00+05:30,1464.0,1491.0,1433.0,1448.0,224838,1475.0,1480.5,1469.5,0.007457627118644068,1062.4974867195772,1,1415.72,1522.5410016803507,1308.8989983196493
2024-08-16 00:00:00+05:30,1455.0,1543.0,1455.0,1512.0,711003,1457.3333333333333,1462.0,1452.6666666666665,0.006404391582799739,1062.4974867195772,1,1422.88,1530.5555422553957,1315.2044577446045
2024-08-19 00:00:00+05:30,1512.0,1814.0,1507.0,1746.0,3831288,1503.3333333333333,1499.0,1507.6666666666665,0.005764966740576396,1141.0449467001818,1,1438.0,1602.0204865252917,1273.9795134747083
2024-08-20 00:00:00+05:30,1800.0,1997.0,1728.0,1949.0,4991631,1689.0,1660.5,1717.5,0.03374777975133215,1288.5031488321747,1,1461.88,1717.257568317958,1206.5024316820422
2024-08-21 00:00:00+05:30,1880.0,1926.0,1852.0,1886.0,1798257,1891.3333333333333,1862.5,1920.1666666666665,0.0304899541769474,1310.8030228788875,1,1474.2,1776.2490026469104,1172.1509973530897
2024-08-22 00:00:00+05:30,1882.0,1896.0,1849.0,1877.0,350607,1888.0,1889.0,1887.0,0.001059322033898305,1310.8030228788875,1,1490.08,1830.9306629009147,1149.2293370990851
2024-08-23 00:00:00+05:30,1867.0,1876.0,1793.0,1801.0,317256,1874.0,1872.5,1875.5,0.0016008537886872999,1310.8030228788875,1,1504.88,1865.7289190783217,1144.0310809216785
2024-08-26 00:00:00+05:30,1827.0,1960.0,1817.0,1895.0,925215,1823.3333333333333,1834.5,1812.1666666666665,0.01224862888482641,1310.8030228788875,1,1524.56,1913.6011104240692,1135.5188895759306
2024-08-27 00:00:00+05:30,1890.0,1922.0,1872.0,1912.0,269997,1890.6666666666667,1888.5,1892.8333333333335,0.002291960507757485,1315.8520287197846,1,1544.0,1959.0959407173152,1128.9040592826848
2024-08-28 00:00:00+05:30,1917.0,1963.0,1900.0,1933.0,241152,1902.0,1897.0,1907.0,0.005257623554153523,1355.9579475709932,1,1566.12,2002.3028313906825,1129.9371686093173
2024-08-29 00:00:00+05:30,1942.0,2183.0,1922.0,2043.0,2641146,1932.0,1931.5,1932.5,0.0005175983436853002,1426.8996296681535,1,1592.12,2060.2465880079794,1123.9934119920204
2024-08-30 00:00:00+05:30,2045.0,2190.0,2006.0,2169.0,1081359,2049.3333333333335,2052.5,2046.166666666667,0.0030904359141182645,1445.9036444814274,1,1621.64,2136.1783577538145,1107.1016422461855
2024-09-02 00:00:00+05:30,2183.0,2260.0,2142.0,2226.0,917094,2121.6666666666665,2098.0,2145.333333333333,0.022309505106048563,1541.9474987021704,1,1653.32,2213.2682033188357,1093.3717966811641
2024-09-03 00:00:00+05:30,2233.0,2291.0,2179.0,2212.0,906264,2209.3333333333335,2201.0,2217.666666666667,0.007543753771877023,1570.9495987540836,1,1684.92,2277.310120106668,1092.5298798933322
2024-09-04 00:00:00+05:30,2199.0,2223.0,2095.0,2123.0,706473,2227.3333333333335,2235.0,2219.666666666667,0.006884166417240211,1570.9495987540836,1,1713.32,2318.7748623968528,1107.865137603147
2024-09-05 00:00:00+05:30,2140.0,2192.0,2118.0,2137.0,316047,2147.0,2159.0,2135.0,0.011178388448998603,1570.9495987540836,1,1742.44,2356.513892622046,1128.3661073779542
2024-09-06 00:00:00+05:30,2128.0,2440.0,2108.0,2402.0,2962314,2149.0,2155.0,2143.0,0.005583992554676594,1570.9495987540836,1,1781.92,2432.5354427924317,1131.3045572075685
2024-09-09 00:00:00+05:30,2372.0,2377.0,2255.0,2281.0,872274,2316.6666666666665,2274.0,2359.333333333333,0.036834532374100594,1570.9495987540836,1,1817.4,2476.217850395685,1158.582149604315
2024-09-10 00:00:00+05:30,2293.0,2298.0,2239.0,2255.0,345117,2304.3333333333335,2316.0,2292.666666666667,0.01012584984811212,1570.9495987540836,1,1854.4,2503.3950385018297,1205.4049614981705
2024-09-11 00:00:00+05:30,2255.0,2273.0,2200.0,2205.0,374550,2264.0,2268.5,2259.5,0.003975265017667844,1570.9495987540836,1,1888.32,2518.1409828197147,1258.4990171802854
2024-09-12 00:00:00+05:30,2225.0,2280.0,2200.0,2213.0,349464,2226.0,2236.5,2215.5,0.009433962264150943,1570.9495987540836,1,1920.96,2529.7756318623815,1312.1443681376184
2024-09-13 00:00:00+05:30,2220.0,2477.0,2196.0,2439.0,2019282,2231.0,2240.0,2222.0,0.008068130883012102,1570.9495987540836,1,1963.48,2562.5176602518336,1364.4423397481664
2024-09-16 00:00:00+05:30,2486.0,2827.0,2467.0,2745.0,2076798,2370.6666666666665,2336.5,2404.833333333333,0.02882452193475803,1802.4401745645782,1,2014.2,2653.272578037887,1375.1274219621132
2024-09-17 00:00:00+05:30,2702.0,2707.0,2564.0,2579.0,862515,2679.6666666666665,2647.0,2712.333333333333,0.024381141933076143,1802.4401745645782,1,2058.08,2695.601681513649,1420.5583184863508
2024-09-18 00:00:00+05:30,2585.0,2602.0,2506.0,2527.0,504066,2616.6666666666665,2635.5,2597.833333333333,0.014394904458598843,1802.4401745645782,1,2100.6,2715.347818214909,1485.852181785091
2024-09-19 00:00:00+05:30,2536.0,2723.0,2487.0,2593.0,1338108,2545.0,2554.0,2536.0,0.007072691552062868,1802.4401745645782,1,2146.4,2729.6458143870304,1563.1541856129697
2024-09-20 00:00:00+05:30,2607.0,2650.0,2500.0,2533.0,2266872,2601.0,2605.0,2597.0,0.0030757400999615533,1802.4401745645782,1,2187.24,2728.5564043329837,1645.923595667016
2024-09-23 00:00:00+05:30,2433.0,2541.0,2420.0,2451.0,580935,2561.0,2575.0,2547.0,0.010933229207340883,1802.4401745645782,1,2215.44,2734.884651141958,1695.9953488580422
2024-09-24 00:00:00+05:30,2475.0,2475.0,2426.0,2436.0,203406,2470.6666666666665,2480.5,2460.833333333333,0.007960064759849016,1802.4401745645782,1,2234.92,2749.4390904135535,1720.4009095864467
2024-09-25 00:00:00+05:30,2430.0,2443.0,2367.0,2371.0,163311,2445.6666666666665,2450.5,2440.833333333333,0.003952569169960599,1802.4401745645782,1,2254.32,2751.0171616588827,1757.6228383411174
2024-09-26 00:00:00+05:30,2370.0,2439.0,2338.0,2379.0,321561,2393.6666666666665,2405.0,2382.333333333333,0.009469433226570243,1802.4401745645782,1,2274.4,2748.534158229493,1800.2658417705068
2024-09-27 00:00:00+05:30,2391.0,2418.0,2323.0,2333.0,174510,2385.3333333333335,2388.5,2382.166666666667,0.0026551145891558258,1802.4401745645782,1,2295.68,2728.905195943161,1862.4548040568388
2024-09-30 00:00:00+05:30,2320.0,2342.0,2273.0,2326.0,167241,2358.0,2370.5,2345.5,0.010602205258693808,1802.4401745645782,1,2312.92,2714.11219134972,1911.7278086502802
2024-10-01 00:00:00+05:30,2302.0,2321.0,2267.0,2273.0,170208,2313.6666666666665,2307.5,2319.833333333333,0.005330643999423583,1802.4401745645782,1,2327.36,2694.318037928031,1960.4019620719691
2024-10-03 00:00:00+05:30,2247.0,2262.0,2190.0,2199.0,181140,2287.0,2294.0,2280.0,0.006121556624398776,1802.4401745645782,1,2338.0,2672.6018529536113,2003.3981470463887
2024-10-04 00:00:00+05:30,2197.0,2297.0,2137.0,2209.0,464007,2217.0,2226.0,2208.0,0.008119079837618403,1802.4401745645782,1,2344.64,2661.6898408767775,2027.590159123222
2024-10-07 00:00:00+05:30,2207.0,2219.0,2120.0,2136.0,189594,2214.3333333333335,2217.0,2211.666666666667,0.002408550353755696,1802.4401745645782,1,2343.32,2663.5427824499534,2023.097217550047
2024-10-08 00:00:00+05:30,2095.0,2311.0,2088.0,2295.0,336414,2158.3333333333335,2169.5,2147.166666666667,0.010347490347490206,1802.4401745645782,1,2346.08,2663.386625206582,2028.773374793418
2024-10-09 00:00:00+05:30,2306.0,2410.0,2305.0,2362.0,381372,2231.3333333333335,2199.5,2263.166666666667,0.02853301463997623,1802.4401745645782,1,2352.08,2664.65583783778,2039.50416216222
2024-10-10 00:00:00+05:30,2368.0,2379.0,2283.0,2298.0,184692,2359.0,2357.5,2360.5,0.001271725307333616,1802.4401745645782,1,2359.08,2658.3778021970593,2059.7821978029406
2024-10-11 00:00:00+05:30,2316.0,2360.0,2291.0,2335.0,164937,2320.0,2331.0,2309.0,0.009482758620689655,1802.4401745645782,1,2367.0,2652.5344462582234,2081.4655537417766
2024-10-14 00:00:00+05:30,2337.0,2364.0,2302.0,2309.0,99135,2328.6666666666665,2325.5,2331.833333333333,0.002719725164614814,1802.4401745645782,1,2363.28,2649.3163725122913,2077.243627487709
2024-10-15 00:00:00+05:30,2317.0,2354.0,2282.0,2336.0,134547,2325.0,2333.0,2317.0,0.006881720430107527,1802.4401745645782,1,2365.48,2649.7920088916226,2081.1679911083775
2024-10-16 00:00:00+05:30,2337.0,2383.0,2303.0,2367.0,121731,2324.0,2318.0,2330.0,0.0051635111876075735,1802.4401745645782,1,2369.96,2650.674220516151,2089.245779483849
2024-10-17 00:00:00+05:30,2367.0,2367.0,2304.0,2318.0,113550,2351.0,2343.0,2359.0,0.006805614632071459,1802.4401745645782,1,2374.48,2647.9701065852114,2100.9898934147886
2024-10-18 00:00:00+05:30,2293.0,2306.0,2237.0,2252.0,116580,2329.6666666666665,2335.5,2323.833333333333,0.0050078695092289184,1802.4401745645782,1,2376.04,2646.2532372775067,2105.826762722493
2024-10-21 00:00:00+05:30,2252.0,2270.0,2210.0,2223.0,90534,2265.0,2271.5,2258.5,0.005739514348785872,1802.4401745645782,1,2367.4,2642.772039248705,2092.0279607512953
2024-10-22 00:00:00+05:30,2212.0,2213.0,2073.0,2094.0,179517,2234.3333333333335,2240.0,2228.666666666667,0.005072355661643904,1802.4401745645782,1,2341.36,2590.887476643335,2091.832523356665
2024-10-23 00:00:00+05:30,2086.0,2307.0,2030.0,2279.0,428037,2126.6666666666665,2143.0,2110.333333333333,0.015360501567398262,1802.4401745645782,1,2329.36,2560.1727414160446,2098.5472585839557
2024-10-24 00:00:00+05:30,2279.0,2317.0,2132.0,2161.0,189270,2205.3333333333335,2168.5,2242.166666666667,0.033403869407497115,1802.4401745645782,1,2314.72,2539.8923038030866,2089.547696196913
2024-10-25 00:00:00+05:30,2144.0,2223.0,2087.0,2100.0,164709,2203.3333333333335,2224.5,2182.166666666667,0.019213313161875807,1802.4401745645782,1,2295.0,2505.0796039599977,2084.9203960400023
2024-10-28 00:00:00+05:30,2100.0,2183.0,2061.0,2089.0,162561,2136.6666666666665,2155.0,2118.333333333333,0.01716068642745724,1802.4401745645782,1,2277.24,2478.730668766544,2075.7493312334555
2024-10-29 00:00:00+05:30,2099.0,2139.0,2083.0,2120.0,77337,2111.0,2122.0,2100.0,0.010421601136901942,1802.4401745645782,1,2264.0,2461.540881844719,2066.459118155281
2024-10-30 00:00:00+05:30,2112.0,2140.0,2097.0,2118.0,68769,2114.0,2111.0,2117.0,0.002838221381267739,1802.4401745645782,1,2251.28,2443.76980856136,2058.7901914386402
2024-10-31 00:00:00+05:30,2117.0,2230.0,2116.0,2208.0,113526,2118.3333333333335,2118.5,2118.166666666667,0.00015735641227365704,1802.4401745645782,1,2244.76,2431.5452499529583,2057.974750047042
2024-11-01 00:00:00+05:30,2233.0,2254.0,2228.0,2233.0,26577,2184.6666666666665,2173.0,2196.333333333333,0.010680500457735597,1802.4401745645782,1,2238.92,2417.501002349043,2060.338997650957
2024-11-04 00:00:00+05:30,2241.0,2330.0,2190.0,2280.0,320217,2238.3333333333335,2241.0,2235.666666666667,0.002382725241995397,1802.4401745645782,1,2236.8,2412.091300411598,2061.5086995884026
2024-11-05 00:00:00+05:30,2290.0,2307.0,2239.0,2281.0,102630,2266.6666666666665,2260.0,2273.333333333333,0.005882352941176337,1802.4401745645782,1,2235.0,2407.492318669525,2062.507681330475
2024-11-06 00:00:00+05:30,2300.0,2386.0,2284.0,2369.0,161643,2275.6666666666665,2273.0,2278.333333333333,0.002343635564669561,1802.4401745645782,1,2238.84,2418.6636291480877,2059.0163708519126
2024-11-07 00:00:00+05:30,2377.0,2413.0,2287.0,2315.0,118329,2346.3333333333335,2335.0,2357.666666666667,0.009660463133968022,1802.4401745645782,1,2243.48,2424.931146042093,2062.028853957907
2024-11-08 00:00:00+05:30,2317.0,2333.0,2167.0,2232.0,77982,2338.3333333333335,2350.0,2326.666666666667,0.009978617248752543,1802.4401745645782,1,2244.4,2425.3751364137875,2063.4248635862127
2024-11-11 00:00:00+05:30,2200.0,2470.0,2155.0,2212.0,818838,2244.0,2250.0,2238.0,0.0053475935828877,1802.4401745645782,1,2247.44,2423.516419772748,2071.363580227252
2024-11-12 00:00:00+05:30,2260.0,2260.0,2183.0,2195.0,192369,2279.0,2312.5,2245.5,0.029398859148749453,1802.4401745645782,1,2243.44,2419.5563978736477,2067.3236021263524
2024-11-13 00:00:00+05:30,2200.0,2212.0,2093.0,2101.0,154479,2212.6666666666665,2221.5,2203.833333333333,0.007984332630310472,1802.4401745645782,1,2233.0,2410.7026730243215,2055.2973269756785
2024-11-14 00:00:00+05:30,2097.0,2108.0,2030.0,2038.0,197145,2135.3333333333335,2152.5,2118.166666666667,0.016078676241023895,1802.4401745645782,1,2222.6,2413.7899578952533,2031.4100421047465
2024-11-18 00:00:00+05:30,1988.0,2033.0,1972.0,2005.0,135033,2058.6666666666665,2069.0,2048.333333333333,0.010038860103627091,1802.4401745645782,1,2209.4,2412.8974201310393,2005.902579868961
2024-11-19 00:00:00+05:30,2010.0,2061.0,1985.0,1995.0,125688,2003.3333333333333,2002.5,2004.1666666666665,0.0008319467554075783,1802.4401745645782,1,2196.84,2412.5892470438507,1981.0907529561496
2025-02-18 00:00:00+05:30,2280.0,2581.0,2178.0,2281.0,9313689,2013.6666666666667,2023.0,2004.3333333333335,0.009269988412514408,1802.4401745645782,1,2194.64,2405.739885362329,1983.5401146376707
2025-02-19 00:00:00+05:30,2280.0,2375.0,2150.0,2186.0,3059466,2346.6666666666665,2379.5,2313.833333333333,0.027982954545454675,1802.4401745645782,1,2187.4,2386.428038225745,1988.3719617742556
2025-02-20 00:00:00+05:30,2150.0,2193.0,1968.0,1989.0,2047962,2237.0,2262.5,2211.5,0.022798390701832812,1802.4401745645782,1,2174.24,2380.3671685149443,1968.1128314850553
2025-02-21 00:00:00+05:30,1996.0,2098.0,1886.0,1929.0,4392390,2050.0,2080.5,2019.5,0.02975609756097561,1802.4401745645782,1,2161.32,2385.988801572422,1936.6511984275785
2025-02-24 00:00:00+05:30,1927.0,1982.0,1797.0,1862.0,4164708,1971.0,1992.0,1950.0,0.0213089802130898,1802.4401745645782,1,2146.88,2398.6102174948173,1895.1497825051829
2025-02-25 00:00:00+05:30,1873.0,1955.0,1862.0,1884.0,1428822,1880.3333333333333,1889.5,1871.1666666666665,0.009750044318383347,1802.4401745645782,1,2138.48,2409.9489639719204,1867.0110360280794
2025-02-27 00:00:00+05:30,1908.0,1920.0,1790.0,1790.0,480930,1900.3333333333333,1908.5,1892.1666666666665,0.008594983336256877,2848.4165587263974,-1,2118.92,2416.3015972786275,1821.5384027213727
2025-02-28 00:00:00+05:30,1767.0,1787.0,1706.0,1730.0,429507,1833.3333333333333,1855.0,1811.6666666666665,0.02363636363636372,2723.6998963773412,-1,2101.68,2435.094202456925,1768.2657975430745
2025-03-03 00:00:00+05:30,1733.0,1771.0,1651.0,1700.0,452415,1741.0,1746.5,1735.5,0.006318207926479035,2682.7119005222476,-1,2085.68,2454.402213054743,1716.9577869452569
2025-03-04 00:00:00+05:30,1667.0,1764.0,1659.0,1709.0,524265,1707.3333333333333,1711.0,1703.6666666666665,0.004295197188598293,2673.743424501358,-1,2070.48,2467.6351314033186,1673.3248685966814
2025-03-05 00:00:00+05:30,1732.0,1732.0,1687.0,1720.0,271368,1710.6666666666667,1711.5,1709.8333333333335,0.00097427903351511,2645.8536875213035,-1,2054.48,2473.967351895128,1634.992648104872
2025-03-06 00:00:00+05:30,1749.0,1806.0,1727.0,1806.0,421338,1713.0,1709.5,1716.5,0.004086398131932283,2645.8536875213035,-1,2042.0,2471.627559637399,1612.372440362601
2025-03-07 00:00:00+05:30,1827.0,1846.0,1768.0,1775.0,347748,1779.6666666666667,1766.5,1792.8333333333335,0.014796778422925726,2645.8536875213035,-1,2024.68,2461.00234689503,1588.3576531049703
2025-03-10 00:00:00+05:30,1782.0,1796.0,1691.0,1703.0,200337,1796.3333333333333,1807.0,1785.6666666666665,0.01187604379291157,2644.484344082848,-1,2003.48,2448.6680034322426,1558.2919965677575
2025-03-11 00:00:00+05:30,1672.0,1764.0,1667.0,1742.0,265965,1730.0,1743.5,1716.5,0.01560693641618497,2607.604970319534,-1,1981.96,2423.599302598836,1540.320697401164
2025-03-12 00:00:00+05:30,1758.0,1826.0,1743.0,1812.0,368076,1724.3333333333333,1715.5,1733.1666666666665,0.010245505509375516,2607.604970319534,-1,1963.2,2392.0955117508065,1534.3044882491936
2025-03-13 00:00:00+05:30,1828.0,1903.0,1799.0,1903.0,425487,1793.6666666666667,1784.5,1802.8333333333335,0.010221148485411717,2607.604970319534,-1,1944.56,2340.5317484871694,1548.5882515128308
2025-03-17 00:00:00+05:30,1893.0,1997.0,1858.0,1983.0,618663,1868.3333333333333,1851.0,1885.6666666666665,0.0185548617305976,2607.604970319534,-1,1931.28,2297.8430728810335,1564.7169271189664
2025-03-18 00:00:00+05:30,2003.0,2080.0,1990.0,2067.0,425586,1946.0,1927.5,1964.5,0.019013360739979446,2607.604970319534,-1,1924.68,2274.9259570073377,1574.4340429926624
2025-03-19 00:00:00+05:30,2075.0,2083.0,1987.0,2030.0,543621,2045.6666666666667,2035.0,2056.3333333333335,0.010428548150562237,2607.604970319534,-1,1917.4,2250.606482529956,1584.1935174700443
2025-03-20 00:00:00+05:30,2033.0,2077.0,2017.0,2045.0,219465,2033.3333333333333,2035.0,2031.6666666666665,0.0016393442622951566,2607.604970319534,-1,1911.4,2229.453077331419,1593.3469226685809
2025-03-21 00:00:00+05:30,2052.0,2098.0,2027.0,2086.0,428205,2046.3333333333333,2047.0,2045.6666666666665,0.0006515719172504406,2607.604970319534,-1,1910.8,2227.4737122023007,1594.126287797699
2025-03-24 00:00:00+05:30,2100.0,2133.0,2078.0,2105.0,168981,2070.3333333333335,2062.5,2078.166666666667,0.007567219449364178,2607.604970319534,-1,1913.48,2235.503164384157,1591.4568356158431
2025-03-25 00:00:00+05:30,2100.0,2138.0,2067.0,2077.0,162342,2105.3333333333335,2105.5,2105.166666666667,0.0001583280557313316,2607.604970319534,-1,1916.36,2242.8623761015924,1589.8576238984074
2025-03-26 00:00:00+05:30,2073.0,2106.0,2047.0,2052.0,100776,2094.0,2102.5,2085.5,0.008118433619866285,2607.604970319534,-1,1918.64,2248.0899075731936,1589.1900924268066
2025-03-27 00:00:00+05:30,2033.0,2155.0,2027.0,2155.0,247704,2068.3333333333335,2076.5,2060.166666666667,0.007896857373086074,2607.604970319534,-1,1913.6,2224.027833803584,1603.1721661964157
2025-03-28 00:00:00+05:30,2155.0,2263.0,2155.0,2256.0,305976,2112.3333333333335,2091.0,2133.666666666667,0.020198832255010398,2607.604970319534,-1,1916.4,2237.67844621136,1595.12155378864
2025-04-01 00:00:00+05:30,2258.0,2369.0,2258.0,2369.0,435408,2224.6666666666665,2209.0,2240.333333333333,0.014084507042253386,2607.604970319534,-1,1931.6,2297.971177905667,1565.2288220943328
2025-04-02 00:00:00+05:30,2400.0,2407.0,2251.0,2391.0,413727,2332.0,2313.5,2350.5,0.015866209262435677,2607.604970319534,-1,1950.08,2358.281487503397,1541.8785124966028
2025-04-03 00:00:00+05:30,2360.0,2433.0,2325.0,2344.0,166689,2349.6666666666665,2329.0,2370.333333333333,0.017591147680521932,2607.604970319534,-1,1969.36,2403.788315835865,1534.9316841641348
2025-04-04 00:00:00+05:30,2304.0,2333.0,2226.0,2226.0,164238,2367.3333333333335,2379.0,2355.666666666667,0.009856378484933693,2607.604970319534,-1,1983.04,2427.282989365039,1538.7970106349608
2025-04-07 00:00:00+05:30,2115.0,2180.0,2115.0,2115.0,110442,2261.6666666666665,2279.5,2243.833333333333,0.015770081061164468,2607.604970319534,-1,1996.04,2435.9259779533627,1556.1540220466372
2025-04-08 00:00:00+05:30,2150.0,2221.0,2150.0,2221.0,223161,2136.6666666666665,2147.5,2125.833333333333,0.010140405616224792,2607.604970319534,-1,2015.68,2450.11009840478,1581.2499015952205
2025-04-09 00:00:00+05:30,2293.0,2332.0,2272.0,2307.0,329130,2197.3333333333335,2185.5,2209.166666666667,0.010770631067961303,2607.604970319534,-1,2039.96,2468.918731814596,1611.0012681854041
2025-04-11 00:00:00+05:30,2396.0,2400.0,2320.0,2346.0,144489,2303.6666666666665,2302.0,2305.333333333333,0.0014469686007812315,2607.604970319534,-1,2065.44,2488.3688658864357,1642.5111341135644
2025-04-15 00:00:00+05:30,2416.0,2461.0,2359.0,2437.0,240675,2355.3333333333335,2360.0,2350.666666666667,0.0039626379847154105,2607.604970319534,-1,2094.12,2516.701521602621,1671.5384783973786
2025-04-16 00:00:00+05:30,2461.0,2467.0,2414.0,2448.0,147249,2419.0,2410.0,2428.0,0.007441091360066143,2607.604970319534,-1,2119.8,2547.225034362737,1692.3749656372634
2025-04-17 00:00:00+05:30,2448.0,2570.0,2425.0,2544.0,332550,2443.0,2440.5,2445.5,0.002046663937781416,2607.604970319534,-1,2150.56,2584.929457489804,1716.190542510196
2025-04-21 00:00:00+05:30,2562.0,2564.0,2440.0,2522.0,254343,2513.0,2497.5,2528.5,0.012335853561480302,2607.604970319534,-1,2183.32,2600.9432637198106,1765.6967362801897
2025-04-22 00:00:00+05:30,2528.0,2593.0,2490.0,2515.0,245952,2508.6666666666665,2502.0,2515.333333333333,0.005314908317831397,2607.604970319534,-1,2214.24,2610.503459834472,1817.9765401655277
2025-04-23 00:00:00+05:30,2533.0,2640.0,2522.0,2640.0,381081,2532.6666666666665,2541.5,2523.833333333333,0.006975519873651081,1793.4763040503813,1,2247.36,2642.015446687343,1852.7045533126575
2025-04-24 00:00:00+05:30,2683.0,2772.0,2650.0,2742.0,511923,2600.6666666666665,2581.0,2620.333333333333,0.015124327095616393,1918.017251888366,1,2280.92,2694.9506925820665,1866.8893074179334
2025-04-25 00:00:00+05:30,2742.0,2746.0,2614.0,2674.0,274842,2721.3333333333335,2711.0,2731.666666666667,0.007594316511514074,1918.017251888366,1,2308.56,2731.5096726561987,1885.6103273438014
2025-04-28 00:00:00+05:30,2666.0,2747.0,2650.0,2709.0,158535,2678.0,2680.0,2676.0,0.0014936519790888724,1918.017251888366,1,2334.24,2773.0665370279985,1895.4134629720013
2025-04-29 00:00:00+05:30,2726.0,2766.0,2703.0,2733.0,126756,2702.0,2698.5,2705.5,0.0025906735751295338,1955.1436793667056,1,2362.36,2809.6154098051643,1915.1045901948362
2025-04-30 00:00:00+05:30,2733.0,2798.0,2675.0,2705.0,209730,2734.0,2734.5,2733.5,0.000365764447695684,1955.1436793667056,1,2388.76,2835.8831705022512,1941.6368294977492
2025-05-02 00:00:00+05:30,2733.0,2840.0,2718.0,2796.0,298881,2726.0,2736.5,2715.5,0.007703595011005136,1989.8828149043557,1,2417.16,2873.8456879736705,1960.4743120263292
2025-05-05 00:00:00+05:30,2817.0,2936.0,2786.0,2936.0,297498,2784.6666666666665,2779.0,2790.333333333333,0.004069906631553638,2061.4475023081814,1,2450.4,2931.6716488637003,1969.1283511363
2025-05-06 00:00:00+05:30,2996.0,2996.0,2850.0,2885.0,257244,2886.0,2861.0,2911.0,0.017325017325017324,2114.549602215854,1,2482.72,2967.855039344701,1997.5849606552988
2025-05-07 00:00:00+05:30,2838.0,2885.0,2752.0,2810.0,250332,2910.3333333333335,2923.0,2897.666666666667,0.008704615737028873,2114.549602215854,1,2513.04,2981.157072536331,2044.922927463669
2025-05-08 00:00:00+05:30,2807.0,2848.0,2712.0,2750.0,172893,2815.6666666666665,2818.5,2812.833333333333,0.0020125488339056362,2114.549602215854,1,2536.84,2989.9856913620433,2083.694308637957
2025-05-09 00:00:00+05:30,2667.0,2742.0,2617.0,2731.0,241623,2770.0,2780.0,2760.0,0.007220216606498195,2114.549602215854,1,2555.84,3000.0351571100073,2111.644842889993
2025-05-12 00:00:00+05:30,2841.0,2868.0,2815.0,2868.0,207621,2696.6666666666665,2679.5,2713.833333333333,0.012731767614338578,2114.549602215854,1,2575.8,3029.3650780207663,2122.234921979234
2025-05-13 00:00:00+05:30,2889.0,3011.0,2887.0,2998.0,304662,2850.3333333333335,2841.5,2859.166666666667,0.006198105484738733,2114.549602215854,1,2600.08,3075.915574962595,2124.2444250374047
2025-05-14 00:00:00+05:30,3020.0,3046.0,2900.0,2989.0,311973,2965.3333333333335,2949.0,2981.666666666667,0.011016187050359814,2129.853012648206,1,2625.88,3113.184855711477,2138.575144288523
2025-05-15 00:00:00+05:30,3000.0,3083.0,2988.0,3059.0,256671,2978.3333333333335,2973.0,2983.666666666667,0.0035814213766089432,2199.478892142278,1,2659.2,3146.4939154144886,2171.906084585511
2025-05-16 00:00:00+05:30,3074.0,3080.0,2906.0,2906.0,369468,3043.3333333333335,3035.5,3051.166666666667,0.005147864184008861,2199.478892142278,1,2690.84,3133.3465622112094,2248.333437788791
2025-05-19 00:00:00+05:30,2896.0,2896.0,2761.0,2799.0,354468,2964.0,2993.0,2935.0,0.019568151147098516,2199.478892142278,1,2713.96,3114.2420925297342,2313.677907470266
2025-05-20 00:00:00+05:30,2832.0,2930.0,2794.0,2875.0,303858,2818.6666666666665,2828.5,2808.833333333333,0.006977294228949966,2199.478892142278,1,2736.68,3105.206458208881,2368.1535417911186
2025-05-21 00:00:00+05:30,2896.0,2916.0,2824.0,2851.0,101499,2866.3333333333335,2862.0,2870.666666666667,0.0030236073962089673,2199.478892142278,1,2756.88,3091.319385240408,2422.4406147595923
2025-05-22 00:00:00+05:30,2833.0,2873.0,2740.0,2775.0,100041,2863.6666666666665,2870.0,2857.333333333333,0.004423233616575592,2199.478892142278,1,2770.4,3078.2950470533456,2462.5049529466546
2025-05-23 00:00:00+05:30,2799.0,2822.0,2767.0,2789.0,73908,2796.0,2806.5,2785.5,0.0075107296137339056,2199.478892142278,1,2784.04,3062.3919958613224,2505.6880041386776
2025-05-26 00:00:00+05:30,2789.0,2830.0,2750.0,2759.0,66222,2792.6666666666665,2794.5,2790.833333333333,0.0013129625208881488,2199.478892142278,1,2792.64,3053.5331612748437,2531.746838725156
2025-05-27 00:00:00+05:30,2769.0,2769.0,2724.0,2733.0,65607,2779.6666666666665,2790.0,2769.333333333333,0.007434944237918325,2199.478892142278,1,2801.08,3039.0507007175074,2563.1092992824924
2025-05-28 00:00:00+05:30,2747.0,2812.0,2693.0,2779.0,148323,2742.0,2746.5,2737.5,0.0032822757111597373,2199.478892142278,1,2811.64,3019.407470023537,2603.872529976463
2025-05-29 00:00:00+05:30,2797.0,2804.0,2747.0,2763.0,104541,2761.3333333333335,2752.5,2770.166666666667,0.006397875422501317,2199.478892142278,1,2816.56,3013.3730727364964,2619.7469272635035
2025-05-30 00:00:00+05:30,2747.0,2901.0,2741.0,2901.0,279291,2771.3333333333335,2775.5,2767.166666666667,0.003006976184748507,2199.478892142278,1,2822.92,3019.9604384891113,2625.879561510889
2025-06-02 00:00:00+05:30,2912.0,2966.0,2786.0,2792.0,343497,2847.6666666666665,2821.0,2874.333333333333,0.018728783799601908,2199.478892142278,1,2827.64,3015.6305359319485,2639.649464068051
2025-06-03 00:00:00+05:30,2800.0,2912.0,2780.0,2798.0,384873,2848.0,2876.0,2820.0,0.019662921348314606,2199.478892142278,1,2831.2,3013.348950038097,2649.0510499619027
2025-06-04 00:00:00+05:30,2823.0,2906.0,2799.0,2805.0,292815,2830.0,2846.0,2814.0,0.011307420494699646,2199.478892142278,1,2834.08,3012.1585624379904,2656.0014375620094
2025-06-05 00:00:00+05:30,2838.0,2850.0,2735.0,2740.0,206637,2836.6666666666665,2852.5,2820.833333333333,0.01116333725029388,2199.478892142278,1,2835.48,3009.99200073342,2660.96799926658
2025-06-06 00:00:00+05:30,2755.0,2768.0,2701.0,2730.0,159411,2775.0,2792.5,2757.5,0.012612612612612612,2199.478892142278,1,2832.84,3011.6061533959414,2654.073846604059
2025-06-09 00:00:00+05:30,2749.0,2786.0,2711.0,2778.0,151410,2733.0,2734.5,2731.5,0.0010976948408342481,2199.478892142278,1,2826.52,3001.3800537572297,2651.6599462427703
2025-06-10 00:00:00+05:30,2800.0,2800.0,2745.0,2761.0,83940,2758.3333333333335,2748.5,2768.166666666667,0.007129909365559022,2199.478892142278,1,2821.56,2996.538014618927,2646.581985381073
2025-06-11 00:00:00+05:30,2772.0,2792.0,2724.0,2746.0,69648,2768.6666666666665,2772.5,2764.833333333333,0.0027690825908982556,2199.478892142278,1,2819.0,2996.4350585425027,2641.5649414574973
2025-06-12 00:00:00+05:30,2750.0,2813.0,2714.0,2726.0,135018,2754.0,2758.0,2750.0,0.002904865649963689,2199.478892142278,1,2818.04,2997.2091759203613,2638.8708240796386
2025-06-13 00:00:00+05:30,2700.0,2825.0,2672.0,2782.0,258876,2751.0,2763.5,2738.5,0.009087604507451835,2199.478892142278,1,2820.08,2996.376949491423,2643.7830505085767
2025-06-16 00:00:00+05:30,2803.0,2810.0,2734.0,2763.0,87696,2759.6666666666665,2748.5,2770.833333333333,0.008092764826669778,2199.478892142278,1,2815.88,2992.4131198386904,2639.34688016131
2025-06-17 00:00:00+05:30,2783.0,2783.0,2720.0,2731.0,73377,2769.0,2772.0,2766.0,0.0021668472372697724,2199.478892142278,1,2805.2,2968.1527538889154,2642.247246111084
2025-06-18 00:00:00+05:30,2733.0,2764.0,2702.0,2718.0,75537,2744.6666666666665,2751.5,2737.833333333333,0.00497935389846987,2199.478892142278,1,2794.36,2942.3295968771345,2646.390403122866
2025-06-19 00:00:00+05:30,2745.0,2745.0,2670.0,2683.0,74220,2728.0,2733.0,2723.0,0.0036656891495601175,2199.478892142278,1,2779.32,2887.8044246884406,2670.8355753115598
2025-06-20 00:00:00+05:30,2677.0,2733.0,2609.0,2670.0,335427,2699.3333333333335,2707.5,2691.166666666667,0.006050876759693639,2199.478892142278,1,2769.88,2873.5954877536715,2666.1645122463287
2025-06-23 00:00:00+05:30,2650.0,2706.0,2639.0,2660.0,135759,2670.6666666666665,2671.0,2670.333333333333,0.00024962556165762726,2199.478892142278,1,2764.32,2875.806996551087,2652.833003448913
2025-06-24 00:00:00+05:30,2694.0,2720.0,2656.0,2706.0,176496,2668.3333333333335,2672.5,2664.166666666667,0.0031230480949405483,2199.478892142278,1,2757.56,2861.6308681619507,2653.489131838049
2025-06-25 00:00:00+05:30,2725.0,2800.0,2710.0,2760.0,255657,2694.0,2688.0,2700.0,0.004454342984409799,2199.478892142278,1,2753.92,2850.779353704132,2657.060646295868
2025-06-26 00:00:00+05:30,2772.0,2911.0,2760.0,2867.0,586182,2756.6666666666665,2755.0,2758.333333333333,0.0012091898428052104,2199.478892142278,1,2757.6,2863.912746178349,2651.2872538216507
2025-06-27 00:00:00+05:30,2903.0,3154.0,2870.0,3014.0,2339175,2846.0,2835.5,2856.5,0.007378777231201687,2232.8255244505044,1,2766.6,2912.679430447897,2620.5205695521026
2025-06-30 00:00:00+05:30,3083.0,3215.0,2913.0,2992.0,2484615,3012.6666666666665,3012.0,3013.333333333333,0.000442575791104126,2232.8255244505044,1,2775.92,2946.540439572702,2605.2995604272983
2025-07-01 00:00:00+05:30,3010.0,3043.0,2943.0,2955.0,458730,3040.0,3064.0,3016.0,0.015789473684210527,2232.8255244505044,1,2784.8,2968.1911666356423,2601.408833364358
2025-07-02 00:00:00+05:30,2985.0,2989.0,2900.0,2948.0,282918,2980.3333333333335,2993.0,2967.666666666667,0.008500167766468973,2232.8255244505044,1,2791.56,2985.7393645060715,2597.3806354939284
2025-07-03 00:00:00+05:30,2960.0,3100.0,2937.0,2958.0,896010,2945.6666666666665,2944.5,2946.833333333333,0.000792124023989939,2232.8255244505044,1,2799.36,3003.7227206708253,2594.997279329175
2025-07-04 00:00:00+05:30,2992.0,2992.0,2876.0,2900.0,397077,2998.3333333333335,3018.5,2978.166666666667,0.013451917732073273,2232.8255244505044,1,2799.32,3003.6035049630336,2595.0364950369667
2025-07-07 00:00:00+05:30,2913.0,2913.0,2823.0,2842.0,225204,2922.6666666666665,2934.0,2911.333333333333,0.007755474452554849,2232.8255244505044,1,2801.32,3006.255673810056,2596.384326189944
2025-07-08 00:00:00+05:30,2853.0,2863.0,2731.0,2748.0,296562,2859.3333333333335,2868.0,2850.666666666667,0.0060620191186755755,2232.8255244505044,1,2799.32,3005.3193941738223,2593.320605826178
2025-07-09 00:00:00+05:30,2753.0,2847.0,2713.0,2834.0,646431,2780.6666666666665,2797.0,2764.333333333333,0.011747782306401453,2232.8255244505044,1,2800.48,3006.9203991470217,2594.0396008529783
2025-07-10 00:00:00+05:30,2834.0,2868.0,2821.0,2846.0,222933,2798.0,2780.0,2816.0,0.012866333095067906,2232.8255244505044,1,2804.72,3010.3702039872114,2599.069796012788
2025-07-11 00:00:00+05:30,2846.0,2863.0,2773.0,2800.0,189390,2845.0,2844.5,2845.5,0.000351493848857645,2232.8255244505044,1,2807.52,3010.9184228060326,2604.1215771939674
2025-07-14 00:00:00+05:30,2816.0,3033.0,2791.0,3017.0,1337481,2812.0,2818.0,2806.0,0.004267425320056899,2232.8255244505044,1,2817.08,3035.9110179110394,2598.2489820889605
2025-07-15 00:00:00+05:30,3013.0,3276.0,3009.0,3120.0,3404049,2947.0,2912.0,2982.0,0.023752969121140142,2261.5119830247377,1,2831.44,3078.908514360881,2583.9714856391192
2025-07-16 00:00:00+05:30,3136.0,3150.0,3067.0,3106.0,487893,3135.0,3142.5,3127.5,0.004784688995215311,2261.5119830247377,1,2845.84,3112.8690950439322,2578.810904956068
2025-07-17 00:00:00+05:30,3113.0,3167.0,3057.0,3068.0,448680,3107.6666666666665,3108.5,3106.833333333333,0.0005363080553470889,2261.5119830247377,1,2859.52,3135.4818060529055,2583.5581939470944
2025-07-18 00:00:00+05:30,3074.0,3140.0,3061.0,3118.0,663675,3097.3333333333335,3112.0,3082.666666666667,0.009470512268618067,2261.5119830247377,1,2872.96,3164.7832232019605,2581.1367767980396
2025-07-21 00:00:00+05:30,3130.0,3132.0,3048.0,3063.0,233997,3106.3333333333335,3100.5,3112.166666666667,0.0037557677862432564,2261.5119830247377,1,2884.96,3182.3295236569834,2587.5904763430167
2025-07-22 00:00:00+05:30,3065.0,3198.0,3058.0,3139.0,972405,3081.0,3090.0,3072.0,0.005842259006815969,2280.512749191206,1,2901.28,3207.705335767102,2594.8546642328984
2025-07-23 00:00:00+05:30,3152.0,3203.0,3053.0,3128.0,649905,3131.6666666666665,3128.0,3135.333333333333,0.002341671101649717,2280.512749191206,1,2917.68,3226.9861758193347,2608.373824180665
2025-07-24 00:00:00+05:30,3143.0,3151.0,2925.0,2935.0,710142,3128.0,3128.0,3128.0,0.0,2280.512749191206,1,2927.76,3221.8687037134077,2633.6512962865927
2025-07-25 00:00:00+05:30,2950.0,2952.0,2893.0,2926.0,348084,3003.6666666666665,3038.0,2969.333333333333,0.02286094773055165,2280.512749191206,1,2938.0,3212.6826532564096,2663.3173467435904
2025-07-28 00:00:00+05:30,2926.0,2965.0,2880.0,2897.0,260211,2923.6666666666665,2922.5,2924.833333333333,0.0007980845969671749,2280.512749191206,1,2947.48,3198.4672474847694,2696.4927525152307
2025-07-29 00:00:00+05:30,2933.0,2998.0,2897.0,2981.0,553104,2914.0,2922.5,2905.5,0.005833905284831846,2280.512749191206,1,2958.48,3189.478611251195,2727.481388748805
2025-07-30 00:00:00+05:30,3000.0,3173.0,2968.0,3130.0,1427196,2958.6666666666665,2947.5,2969.833333333333,0.007548445245606027,2280.512749191206,1,2973.28,3198.864056174147,2747.695943825853
2025-07-31 00:00:00+05:30,3120.0,3133.0,3017.0,3037.0,515976,3090.3333333333335,3070.5,3110.166666666667,0.012835724301585687,2280.512749191206,1,2980.08,3202.6683518964564,2757.4916481035434
2025-08-01 00:00:00+05:30,3043.0,3089.0,2917.0,2926.0,477807,3062.3333333333335,3075.0,3049.666666666667,0.008272559050832599,2280.512749191206,1,2976.56,3199.6740192815787,2753.445980718421
2025-08-04 00:00:00+05:30,2953.0,3050.0,2908.0,2994.0,584925,2977.3333333333335,3003.0,2951.666666666667,0.017241379310344723,2280.512749191206,1,2976.64,3199.7775396475918,2753.502460352408
2025-08-05 00:00:00+05:30,3150.0,3294.0,3120.0,3292.0,3160527,2984.0,2979.0,2989.0,0.003351206434316354,2280.512749191206,1,2990.12,3244.8765551658694,2735.3634448341304
2025-08-06 00:00:00+05:30,3306.0,3620.0,3300.0,3618.0,4219971,3235.3333333333335,3207.0,3263.666666666667,0.01751493921285812,2469.294715437729,1,3016.92,3370.2207421446788,2663.6192578553214
2025-08-07 00:00:00+05:30,3707.0,3815.0,3277.0,3333.0,3088227,3512.6666666666665,3460.0,3565.333333333333,0.029986714746631154,2469.294715437729,1,3031.92,3405.2174878029327,2658.6225121970674
2025-08-08 00:00:00+05:30,3368.0,3483.0,3257.0,3316.0,1913733,3475.0,3546.0,3404.0,0.04086330935251799,2469.294715437729,1,3048.56,3433.749856564241,2663.370143435759
2025-08-11 00:00:00+05:30,3412.0,3414.0,3270.0,3280.0,516294,3352.0,3370.0,3334.0,0.010739856801909307,2469.294715437729,1,3066.08,3451.938801117689,2680.221198882311
2025-08-12 00:00:00+05:30,3287.0,3320.0,3188.0,3210.0,525570,3321.3333333333335,3342.0,3300.666666666667,0.012444801284624557,2469.294715437729,1,3084.56,3451.502864217279,2717.617135782721
2025-08-13 00:00:00+05:30,3242.0,3388.0,3207.0,3349.0,984291,3239.3333333333335,3254.0,3224.666666666667,0.009055361185429007,2469.294715437729,1,3105.16,3471.3475716077487,2738.972428392251
2025-08-14 00:00:00+05:30,3373.0,3426.0,3316.0,3394.0,599547,3314.6666666666665,3297.5,3331.833333333333,0.010358004827031284,2469.294715437729,1,3127.08,3494.195423811068,2759.964576188932
2025-11-17 00:00:00+05:30,2961.2,2969.9,2915.0,2934.4,155568,3378.6666666666665,3371.0,3386.333333333333,0.004538279400157764,2469.294715437729,1,3132.4559999999997,3483.8549326335237,2781.0570673664756
2025-11-18 00:00:00+05:30,2938.1,2954.9,2869.0,2879.5,192434,2939.7666666666664,2942.45,2937.083333333333,0.0018255417096595381,2469.294715437729,1,3126.9559999999997,3489.5374030751987,2764.3745969248007
2025-11-19 00:00:00+05:30,2876.7,2967.0,2866.1,2938.3,279841,2901.133333333333,2911.95,2890.3166666666666,0.00745685594135621,2469.294715437729,1,3119.688,3489.7431453823874,2749.632854617613
2025-11-20 00:00:00+05:30,2947.1,2995.0,2926.9,2941.4,151611,2923.8000000000006,2916.55,2931.050000000001,0.004959299541692629,2469.294715437729,1,3113.1040000000003,3489.698336569179,2736.5096634308215
2025-11-21 00:00:00+05:30,2944.8,2950.0,2880.0,2888.2,119966,2954.433333333333,2960.95,2947.916666666666,0.004411449460133503,2469.294715437729,1,3105.9120000000003,3492.4142445264456,2719.409755473555
2025-11-24 00:00:00+05:30,2888.0,2935.0,2843.0,2907.8,135556,2906.066666666667,2915.0,2897.133333333334,0.006148058085384326,2469.294715437729,1,3097.5040000000004,3491.65824180894,2703.3497581910606
2025-11-25 00:00:00+05:30,2907.8,2912.8,2860.6,2873.7,102699,2895.2666666666664,2889.0,2901.533333333333,0.004328904648967112,2469.294715437729,1,3089.9320000000002,3493.6049595897903,2686.25904041021
2025-11-26 00:00:00+05:30,2876.0,2905.0,2853.1,2896.7,221432,2882.3666666666663,2886.7,2878.033333333333,0.0030067884030485262,2469.294715437729,1,3080.24,3490.319344517595,2670.1606554824048
2025-11-27 00:00:00+05:30,2882.3,2960.2,2882.3,2935.3,203339,2884.933333333333,2879.05,2890.8166666666657,0.0040786615519707616,2469.294715437729,1,3072.532,3485.9611589909696,2659.1028410090307
2025-11-28 00:00:00+05:30,2945.0,2945.0,2866.2,2873.0,174602,2925.933333333333,2921.25,2930.616666666666,0.0032012577183346213,2469.294715437729,1,3070.052,3487.475936524944,2652.6280634750565
2025-12-01 00:00:00+05:30,2855.0,2882.7,2811.9,2837.9,391700,2894.7333333333336,2905.6,2883.8666666666672,0.007507887888348725,2469.294715437729,1,3066.528,3490.1977299359255,2642.858270064074
2025-12-02 00:00:00+05:30,2835.5,2860.0,2751.0,2793.7,407485,2844.1666666666665,2847.3,2841.033333333333,0.0022033401699387053,2469.294715437729,1,3062.3959999999997,3494.52908868447,2630.2629113155294
2025-12-03 00:00:00+05:30,2793.7,2830.0,2775.0,2788.0,199311,2801.566666666667,2805.5,2797.633333333334,0.002807952693135702,2469.294715437729,1,3054.676,3499.0716229487193,2610.2803770512805
2025-12-04 00:00:00+05:30,2788.0,2828.8,2768.0,2780.7,182288,2797.6666666666665,2802.5,2792.833333333333,0.0034552603359943894,2469.294715437729,1,3040.704,3496.564576860931,2584.8434231390693
2025-12-05 00:00:00+05:30,2783.5,2791.7,2722.0,2732.3,135341,2792.5,2798.4,2786.6,0.004225604297224774,2469.294715437729,1,3028.5159999999996,3500.1414503056217,2556.8905496943776
2025-12-08 00:00:00+05:30,2745.9,2748.1,2636.5,2645.8,296174,2748.6666666666665,2756.85,2740.483333333333,0.005954402134368223,2469.294715437729,1,3017.308,3510.9495798370117,2523.6664201629883
2025-12-09 00:00:00+05:30,2629.9,2789.9,2572.0,2772.1,535725,2676.8,2692.3,2661.3,0.011580992229527794,2469.294715437729,1,3008.4320000000002,3511.323904790663,2505.5400952093373
2025-12-10 00:00:00+05:30,2770.0,2938.0,2740.0,2813.4,1654165,2711.3333333333335,2680.95,2741.716666666667,0.022412097369068355,2469.294715437729,1,2989.288,3483.91368091839,2494.66231908161
2025-12-11 00:00:00+05:30,2800.0,2820.0,2705.0,2802.5,437472,2830.4666666666667,2839.0,2821.9333333333334,0.006029629978566528,2469.294715437729,1,2956.6679999999997,3384.144388943274,2529.1916110567254
2025-12-12 00:00:00+05:30,2810.0,2883.3,2799.2,2851.6,255047,2775.8333333333335,2762.5,2789.166666666667,0.009606724707295216,2469.294715437729,1,2937.4120000000003,3337.8605617703997,2536.963438229601
2025-12-15 00:00:00+05:30,2851.6,2880.0,2819.0,2868.9,120666,2844.7000000000003,2841.25,2848.1500000000005,0.002425563328294915,2469.294715437729,1,2919.528,3289.525437915429,2549.5305620845706
2025-12-16 00:00:00+05:30,2860.3,2895.0,2822.0,2865.1,176818,2855.9666666666667,2849.5,2862.4333333333334,0.004528530911892084,2469.294715437729,1,2902.9320000000002,3242.7554398978123,2563.108560102188
2025-12-17 00:00:00+05:30,2855.0,2868.0,2790.0,2802.8,114697,2860.7000000000003,2858.5,2862.9000000000005,0.0015380850840705231,2469.294715437729,1,2886.6440000000002,3204.349020822747,2568.9389791772533
2025-12-18 00:00:00+05:30,2801.1,2802.0,2752.0,2761.7,84425,2820.2666666666664,2829.0,2811.533333333333,0.006193267776096995,2469.294715437729,1,2863.152,3122.0401093908763,2604.263890609124
2025-12-19 00:00:00+05:30,2769.7,2838.0,2760.0,2814.8,175523,2771.9,2777.0,2766.8,0.0036797864280817554,2469.294715437729,1,2839.9840000000004,2981.9775173730923,2697.9904826269085
2025-12-22 00:00:00+05:30,2814.8,2880.0,2814.7,2872.6,121333,2804.2666666666664,2799.0,2809.533333333333,0.003756181057436115,2469.294715437729,1,2837.512,2974.922419633966,2700.1015803660343
2025-12-23 00:00:00+05:30,2886.9,2903.7,2837.4,2850.8,115569,2855.7666666666664,2847.35,2864.183333333333,0.0058945058536527374,2469.294715437729,1,2836.364,2972.828370500078,2699.899629499922
2025-12-24 00:00:00+05:30,2859.3,2862.0,2805.0,2810.8,82989,2863.966666666667,2870.55,2857.383333333334,0.004597353321151104,2469.294715437729,1,2831.264,2961.496467595384,2701.0315324046164
2025-12-26 00:00:00+05:30,2813.5,2853.9,2801.1,2825.4,110122,2825.933333333333,2833.5,2818.366666666666,0.0053551628960346286,2469.294715437729,1,2826.624,2948.849565639856,2704.3984343601437
2025-12-29 00:00:00+05:30,2824.9,2845.0,2780.1,2786.5,85285,2826.7999999999997,2827.5,2826.0999999999995,0.0004952596575635155,2469.294715437729,1,2822.5559999999996,2943.07084330149,2702.041156698509
2025-12-30 00:00:00+05:30,2781.0,2820.0,2648.1,2661.6,648333,2803.866666666667,2812.55,2795.1833333333334,0.006193827571448995,2469.294715437729,1,2812.708,2943.5450824498275,2681.8709175501726
2025-12-31 00:00:00+05:30,2684.9,2782.5,2680.9,2762.3,265744,2709.9,2734.05,2685.75,0.017823535923834895,2469.294715437729,1,2808.252,2938.0605867112918,2678.443413288708
2026-01-01 00:00:00+05:30,2750.0,2753.7,2230.3,2290.5,7660539,2741.9,2731.7,2752.1000000000004,0.007440096283599163,3391.321326192524,-1,2784.0040000000004,3020.9374521252403,2547.0705478747605
2026-01-02 00:00:00+05:30,2290.0,2340.0,2185.0,2249.3,5805144,2424.8333333333335,2492.0,2357.666666666667,0.055398996494604315,3169.248473144823,-1,2756.564,3065.1227600700777,2448.005239929922
2026-01-05 00:00:00+05:30,2256.6,2290.0,2255.0,2263.3,869103,2258.1,2262.5,2253.7,0.003897081617288952,3154.37453421903,-1,2732.176,3092.161743184344,2372.190256815656
2026-01-06 00:00:00+05:30,2269.0,2269.4,2169.3,2180.9,981789,2269.4333333333334,2272.5,2266.366666666667,0.002702583611180417,3093.977552850269,-1,2705.896,3122.625658095011,2289.166341904989
2026-01-07 00:00:00+05:30,2190.0,2195.4,2144.0,2160.2,502221,2206.5333333333333,2219.3500000000004,2193.7166666666662,0.01161701613390573,3023.7344507362577,-1,2680.5559999999996,3146.932541708505,2214.179458291494
2026-01-08 00:00:00+05:30,2161.3,2186.4,2125.8,2146.4,570762,2166.5333333333333,2169.7,2163.366666666667,0.0029232568158039096,2992.941072706808,-1,2654.8920000000003,3163.495049680186,2146.2889503198144
2026-01-09 00:00:00+05:30,2140.4,2146.5,2070.0,2079.6,555072,2152.866666666667,2156.1000000000004,2149.633333333333,0.003003746942061972,2933.0374297985354,-1,2626.848,3179.9777457052787,2073.718254294721
2026-01-12 00:00:00+05:30,2084.0,2149.9,2059.0,2130.6,709991,2098.7000000000003,2108.25,2089.1500000000005,0.009100871968361105,2921.697932606594,-1,2602.78,3186.953051073042,2018.6069489269582
2026-01-13 00:00:00+05:30,2145.0,2249.0,2129.7,2215.5,2219934,2113.1666666666665,2104.45,2121.883333333333,0.008249861976496598,2921.697932606594,-1,2585.568,3188.7054257198665,1982.430574280134
2026-01-14 00:00:00+05:30,2210.0,2250.0,2182.1,2227.1,364533,2198.0666666666666,2189.35,2206.7833333333333,0.007931212277455973,2921.697932606594,-1,2563.768,3177.6626273620477,1949.8733726379521
2026-01-16 00:00:00+05:30,2237.6,2274.0,2228.1,2244.8,369369,2219.7333333333336,2216.05,2223.416666666667,0.0033187169629986125,2921.697932606594,-1,2541.0240000000003,3158.361320511233,1923.6866794887678
2026-01-19 00:00:00+05:30,2240.0,2240.0,2190.0,2192.8,218580,2248.9666666666667,2251.05,2246.883333333333,0.0018527027227320562,2921.697932606594,-1,2516.636,3138.8808955322884,1894.3911044677116
2026-01-20 00:00:00+05:30,2190.9,2223.0,2117.1,2126.0,398807,2207.6,2215.0,2200.2,0.006704113063960945,2921.697932606594,-1,2487.6119999999996,3112.3378888696616,1862.8861111303377
2026-01-21 00:00:00+05:30,2125.9,2130.0,2047.8,2063.0,453243,2155.366666666667,2170.05,2140.6833333333334,0.013624905275204584,2849.232975302114,-1,2455.376,3081.2451295278834,1829.506870472117
2026-01-22 00:00:00+05:30,2079.4,2125.0,2055.5,2064.1,235027,2080.266666666667,2088.9,2071.6333333333337,0.00830021792077927,2839.6296562900293,-1,2423.3360000000002,3044.0143589074064,1802.657641092594
2026-01-23 00:00:00+05:30,2067.1,2078.0,1990.0,1997.3,244269,2081.5333333333333,2090.25,2072.8166666666666,0.008375236204080354,2778.0444700384282,-1,2391.116,3013.2826263759184,1768.9493736240815
2026-01-27 00:00:00+05:30,2000.0,2056.0,1973.0,2017.3,381536,2021.7666666666667,2034.0,2009.5333333333333,0.01210162728966417,2752.022691236891,-1,2361.34,2980.960702042784,1741.7192979572164
2026-01-28 00:00:00+05:30,2020.0,2037.9,2005.0,2021.6,184280,2015.4333333333334,2014.5,2016.3666666666668,0.0009261862626730998,2738.6837835874157,-1,2329.612,2934.1537420029763,1725.0702579970239
2026-01-29 00:00:00+05:30,2021.0,2042.9,1998.0,2026.0,173763,2021.5,2021.45,2021.55,4.9468216670744024e-05,2721.566432243919,-1,2295.748,2868.861182874023,1722.6348171259767
2026-01-30 00:00:00+05:30,2031.3,2089.8,2005.0,2035.5,362733,2022.3,2020.45,2024.1499999999999,0.001829599960440992,2721.566432243919,-1,2263.136,2797.689980450987,1728.5820195490128
2026-02-01 00:00:00+05:30,2050.0,2067.2,1981.0,1995.2,275645,2043.4333333333334,2047.4,2039.4666666666667,0.0038823548602841917,2717.1791439559956,-1,2230.5119999999997,2725.4738888601373,1735.5501111398623
2026-02-02 00:00:00+05:30,1990.0,1991.2,1877.3,1916.8,691641,2014.4666666666665,2024.1,2004.833333333333,0.00956415262931473,2632.6179781977557,-1,2194.1679999999997,2640.0687556665443,1748.2672443334548
2026-02-03 00:00:00+05:30,2005.0,2008.9,1929.1,1976.8,335643,1928.4333333333334,1934.25,1922.6166666666668,0.00603253072442218,2632.6179781977557,-1,2161.78,2543.9504038776377,1779.609596122363
2026-02-04 00:00:00+05:30,1971.0,2059.9,1962.1,2044.7,306235,1971.6000000000001,1969.0,1974.2000000000003,0.002637451815784273,2632.6179781977557,-1,2137.104,2462.43556738318,1811.7724326168195
2026-02-05 00:00:00+05:30,2050.0,2050.1,1970.7,1982.0,197562,2022.2333333333333,2011.0,2033.4666666666667,0.011109829066873274,2632.6179781977557,-1,2105.8920000000003,2313.867544100737,1897.9164558992636
2026-02-06 00:00:00+05:30,1980.0,2229.5,1964.7,2188.3,7290096,2000.9333333333334,2010.4,1991.4666666666667,0.009462250949556904,2632.6179781977557,-1,2101.804,2298.8337803277404,1904.7742196722597
2026-02-09 00:00:00+05:30,2192.9,2243.8,2142.5,2184.6,1080467,2127.5,2097.1,2157.9,0.02857814336075214,2632.6179781977557,-1,2099.216,2290.029942299816,1908.4020577001836
2026-02-10 00:00:00+05:30,2190.0,2209.5,2178.3,2192.2,260340,2190.2999999999997,2193.15,2187.4499999999994,0.0026023832351735965,2632.6179781977557,-1,2096.372,2279.2741641862053,1913.4698358137944
2026-02-11 00:00:00+05:30,2198.0,2198.2,2124.3,2134.8,295055,2193.3333333333335,2193.9,2192.766666666667,0.0005167173252279082,2632.6179781977557,-1,2094.5280000000002,2274.8961703183736,1914.1598296816271
2026-02-12 00:00:00+05:30,2129.9,2135.6,2086.0,2124.7,266163,2152.4333333333334,2161.25,2143.616666666667,0.008192278506496467,2632.6179781977557,-1,2093.1079999999997,2271.9381354470147,1914.2778645529847
2026-02-13 00:00:00+05:30,2100.0,2113.6,2075.0,2081.8,146574,2115.4333333333334,2110.8,2120.0666666666666,0.0043805051762443115,2632.6179781977557,-1,2090.524,2268.0614960282974,1912.9865039717024
2026-02-16 00:00:00+05:30,2081.0,2092.9,2010.0,2014.6,373942,2090.1333333333337,2094.3,2085.966666666667,0.003986986476141727,2632.6179781977557,-1,2087.924,2267.9121709890896,1907.9358290109103
2026-02-17 00:00:00+05:30,2020.0,2144.0,2016.0,2065.8,1449630,2039.1666666666667,2051.45,2026.8833333333337,0.012047404985696519,2632.6179781977557,-1,2085.3320000000003,2264.652341021307,1906.0116589786933
2026-02-18 00:00:00+05:30,2083.7,2478.9,2066.1,2477.7,11296396,2075.266666666667,2080.0,2070.5333333333338,0.004561662758199544,2632.6179781977557,-1,2095.82,2327.417112244513,1864.222887755487
2026-02-19 00:00:00+05:30,2527.3,2635.0,2476.6,2523.7,9255923,2340.9,2272.5,2409.3,0.05843906189926959,2632.6179781977557,-1,2107.6839999999997,2389.8359118772673,1825.5320881227321
2026-02-20 00:00:00+05:30,2480.0,2519.4,2385.0,2487.8,3178373,2545.1,2555.8,2534.3999999999996,0.008408314015166613,2632.6179781977557,-1,2117.404,2432.5892914334636,1802.2187085665366
2026-02-23 00:00:00+05:30,2488.0,2497.5,2177.3,2213.1,3828735,2464.0666666666666,2452.2,2475.9333333333334,0.009631774032087976,2632.6179781977557,-1,2118.216,2434.2774455703147,1802.1545544296848
2026-02-24 00:00:00+05:30,2230.0,2239.0,2120.8,2148.0,2072948,2295.9666666666667,2337.4,2254.5333333333333,0.03609227776245305,2632.6179781977557,-1,2119.096,2435.3616780872644,1802.8303219127356
2026-02-25 00:00:00+05:30,2160.0,2185.7,2081.4,2093.4,1406388,2169.266666666667,2179.9,2158.6333333333337,0.009803620271059231,2632.6179781977557,-1,2120.312,2435.9387229244016,1804.685277075598
2026-02-26 00:00:00+05:30,2106.0,2130.0,2075.1,2089.1,921639,2120.1666666666665,2133.55,2106.783333333333,0.012624793648298405,2632.6179781977557,-1,2121.312,2436.3779172681125,1806.2460827318873
2026-02-27 00:00:00+05:30,2111.0,2162.0,2066.2,2115.4,1292546,2098.066666666667,2102.55,2093.583333333334,0.0042737758571381144,2632.6179781977557,-1,2126.036,2437.0379672220693,1815.0340327779309
2026-03-02 00:00:00+05:30,2000.3,2080.0,2000.3,2042.9,599899,2114.5333333333333,2114.1,2114.9666666666667,0.0004098619080648786,2632.6179781977557,-1,2127.06,2436.789110030034,1817.3308899699657
2026-03-04 00:00:00+05:30,2022.0,2035.9,1990.0,1996.6,439644,2041.0666666666668,2040.15,2041.9833333333336,0.0008982231512935156,2632.6179781977557,-1,2126.06,2437.3023518739005,1814.8176481260991
2026-03-05 00:00:00+05:30,2019.0,2050.0,1997.4,2033.0,476301,2007.5,2012.95,2002.05,0.005429638854296434,2632.6179781977557,-1,2126.34,2437.234183927582,1815.4458160724184
2026-03-06 00:00:00+05:30,2033.0,2102.2,2023.5,2052.9,484016,2026.8,2023.7,2029.8999999999999,0.003059009275705456,2632.6179781977557,-1,2127.036,2437.190639520348,1816.881360479652
2026-03-09 00:00:00+05:30,1990.1,2018.0,1972.3,2006.2,304451,2059.5333333333333,2062.85,2056.2166666666667,0.0032207943547081274,2632.6179781977557,-1,2127.476,2436.9116529167204,1818.0403470832798
2026-03-10 00:00:00+05:30,2025.0,2068.0,2014.0,2058.7,350784,1998.8333333333333,1995.15,2002.5166666666664,0.0036854831985323106,2632.6179781977557,-1,2133.152,2431.9443646681707,1834.3596353318296
2026-03-11 00:00:00+05:30,2064.0,2159.9,2058.7,2122.8,1182096,2046.8999999999999,2041.0,2052.7999999999997,0.005764815086227821,2632.6179781977557,-1,2138.9919999999997,2430.9616034589844,1847.0223965410148
2026-03-12 00:00:00+05:30,2113.6,2113.6,2048.4,2091.6,292687,2113.8,2109.3,2118.3,0.0042577348850411575,2632.6179781977557,-1,2140.868,2430.986898219328,1850.749101780672
2026-03-13 00:00:00+05:30,2080.0,2097.7,2010.0,2016.6,313887,2084.5333333333333,2081.0,2088.0666666666666,0.003390047332736315,2632.6179781977557,-1,2142.252,2429.6434967148416,1854.8605032851583
2026-03-16 00:00:00+05:30,2017.5,2034.5,1970.1,2019.6,376194,2041.4333333333332,2053.85,2029.0166666666664,0.012164655552471378,2632.6179781977557,-1,2135.504,2426.1574457665984,1844.8505542334015
2026-03-17 00:00:00+05:30,2040.0,2040.4,2004.0,2010.1,223166,2008.0666666666666,2002.3,2013.8333333333333,0.005743501211779143,2632.6179781977557,-1,2128.524,2422.4883912040996,1834.5596087959002
2026-03-18 00:00:00+05:30,2011.0,2049.0,2011.0,2040.6,262309,2018.1666666666667,2022.2,2014.1333333333334,0.003997027004707212,2632.6179781977557,-1,2122.46,2417.173648140016,1827.746351859984
2026-03-19 00:00:00+05:30,2028.0,2028.0,1989.2,1996.1,236597,2033.5333333333335,2030.0,2037.066666666667,0.0034750680260959873,2632.6179781977557,-1,2116.912,2415.6817190546544,1818.1422809453452
2026-03-20 00:00:00+05:30,2004.1,2028.8,1983.0,1991.5,226742,2004.4333333333332,2008.6,2000.2666666666664,0.0041574509836529785,2632.6179781977557,-1,2111.584,2414.3324060668156,1808.8355939331843
2026-03-23 00:00:00+05:30,1983.0,1983.0,1832.1,1844.0,643418,2001.1000000000001,2005.9,1996.3000000000002,0.004797361451201793,2588.1056799248363,-1,2102.0719999999997,2422.398306231626,1781.7456937683735
2026-03-24 00:00:00+05:30,1901.0,1912.7,1846.5,1897.5,388124,1886.3666666666668,1907.55,1865.1833333333336,0.022459401671643724,2552.169452727843,-1,2097.388,2426.010761573202,1768.7652384267979
2026-03-25 00:00:00+05:30,1915.0,2188.0,1906.3,2054.5,9392352,1885.5666666666666,1879.6,1891.5333333333333,0.006328778262944859,2552.169452727843,-1,2096.9359999999997,2425.762329262116,1768.1096707378833
2026-03-27 00:00:00+05:30,2030.0,2030.0,1890.0,1901.2,2056923,2049.6,2047.15,2052.0499999999997,0.002390710382513484,2552.169452727843,-1,2073.876,2372.091891085633,1775.6601089143671
2026-03-30 00:00:00+05:30,1901.2,1967.0,1852.0,1873.5,1715454,1940.3999999999999,1960.0,1920.7999999999997,0.020202020202020343,2552.169452727843,-1,2047.8680000000002,2293.3806862384076,1802.3553137615927
2026-04-01 00:00:00+05:30,1958.0,1981.0,1905.0,1927.3,908068,1897.5,1909.5,1885.5,0.012648221343873518,2552.169452727843,-1,2025.4479999999999,2197.5679871717375,1853.3280128282622
2026-04-02 00:00:00+05:30,1897.9,1921.0,1866.5,1909.9,706463,1937.7666666666667,1943.0,1932.5333333333333,0.005401407118160097,2552.169452727843,-1,2013.32,2173.129346410025,1853.510653589975
2026-04-06 00:00:00+05:30,1909.9,1936.7,1879.1,1926.5,561160,1899.1333333333332,1893.75,1904.5166666666664,0.00566925264155567,2552.169452727843,-1,2004.46,2157.851233126276,1851.068766873724
2026-04-07 00:00:00+05:30,1920.0,1963.3,1902.2,1930.2,535433,1914.1000000000001,1907.9,1920.3000000000002,0.0064782404263100625,2552.169452727843,-1,1997.9319999999998,2149.507351241551,1846.3566487584483
2026-04-08 00:00:00+05:30,2017.1,2035.4,1978.2,2005.6,937618,1931.8999999999999,1932.75,1931.0499999999997,0.0008799627309903582,2552.169452727843,-1,1994.592,2141.595454870965,1847.5885451290353
2026-04-09 00:00:00+05:30,2016.8,2087.7,2008.9,2034.8,1170556,2006.4000000000003,2006.8000000000002,2006.0000000000005,0.0003987240829344732,2552.169452727843,-1,1991.368,2130.981669474016,1851.7543305259837
2026-04-10 00:00:00+05:30,2076.3,2118.1,2059.1,2101.6,1332260,2043.8000000000002,2048.3,2039.3000000000002,0.004403561992367159,2552.169452727843,-1,1993.7159999999997,2138.592539770936,1848.839460229063
2026-04-13 00:00:00+05:30,2050.0,2068.0,2012.6,2043.3,569053,2092.933333333333,2088.6,2097.266666666666,0.00414091864687491,2552.169452727843,-1,1995.5839999999998,2141.759562170972,1849.4084378290277
2026-04-15 00:00:00+05:30,2099.0,2146.4,2075.1,2092.8,1095549,2041.3,2040.3,2042.3,0.0009797677950325772,2552.169452727843,-1,1997.976,2148.417242004976,1847.5347579950244
2026-04-16 00:00:00+05:30,2122.0,2136.4,2077.2,2124.9,975344,2104.766666666667,2110.75,2098.7833333333338,0.00568550749885161,2552.169452727843,-1,2000.8559999999998,2158.00013338079,1843.7118666192093
2026-04-17 00:00:00+05:30,2200.0,2267.0,2184.9,2207.7,3521584,2112.8333333333335,2106.8,2118.866666666667,0.005711130393626223,2552.169452727843,-1,2008.9160000000002,2185.7644248615165,1832.0675751384836
2026-04-20 00:00:00+05:30,2210.0,2214.5,2125.4,2137.8,947880,2219.8666666666663,2225.95,2213.783333333333,0.005480809658237869,2552.169452727843,-1,2012.0799999999997,2195.1006108611796,1829.0593891388198
2026-04-21 00:00:00+05:30,2149.0,2154.4,2106.1,2114.4,738863,2159.233333333333,2169.95,2148.5166666666664,0.009926362752211463,2552.169452727843,-1,2011.744,2193.979470356348,1829.5085296436519
2026-04-22 00:00:00+05:30,2117.0,2204.7,2100.7,2164.6,1280482,2124.9666666666667,2130.25,2119.6833333333334,0.00497262702160031,2552.169452727843,-1,2014.664,2204.1204256392466,1825.2075743607534
2026-04-23 00:00:00+05:30,2150.0,2178.9,2134.3,2153.3,531822,2156.6666666666665,2152.7,2160.633333333333,0.0036785162287480966,2552.169452727843,-1,2020.132,2217.2328165990166,1823.0311834009833
2026-04-24 00:00:00+05:30,2150.0,2177.3,2085.0,2107.2,528548,2155.5000000000005,2156.6000000000004,2154.4000000000005,0.0010206448619808942,2552.169452727843,-1,2023.6359999999997,2223.667268595685,1823.6047314043146
2026-04-27 00:00:00+05:30,2120.0,2140.0,2081.0,2114.0,638156,2123.1666666666665,2131.15,2115.183333333333,0.007520213517544777,2552.169452727843,-1,2027.792,2230.8205884894023,1824.7634115105977
2026-04-28 00:00:00+05:30,2114.0,2139.3,2106.0,2116.1,336959,2111.6666666666665,2110.5,2112.833333333333,0.0011049723756904643,2552.169452727843,-1,2030.8120000000001,2236.7382183987243,1824.8857816012762
2026-04-29 00:00:00+05:30,2130.0,2297.8,2125.6,2275.3,3926006,2120.4666666666667,2122.65,2118.2833333333333,0.002059295123714963,2552.169452727843,-1,2041.98,2268.426073050514,1815.533926949486
2026-04-30 00:00:00+05:30,2265.1,2293.8,2215.8,2251.0,1094541,2232.9,2211.7,2254.1000000000004,0.018988759012943054,2552.169452727843,-1,2052.36,2292.00437652488,1812.71562347512
2026-05-04 00:00:00+05:30,2268.0,2287.6,2206.0,2216.3,468731,2253.5333333333333,2254.8,2252.2666666666664,0.0011241605774637271,2552.169452727843,-1,2067.252,2299.4078312513348,1835.0961687486654
2026-05-05 00:00:00+05:30,2210.1,2244.2,2188.2,2238.7,371290,2236.6333333333337,2246.8,2226.466666666667,0.00909104457592499,2552.169452727843,-1,2080.9,2311.646281443489,1850.1537185565112
2026-05-06 00:00:00+05:30,2255.0,2330.0,2247.1,2308.0,1081334,2223.7,2216.2,2231.2,0.0067455142330350324,2552.169452727843,-1,2091.04,2337.967033756933,1844.1129662430671
2026-05-07 00:00:00+05:30,2319.5,2383.6,2308.0,2340.4,870716,2295.0333333333333,2288.55,2301.5166666666664,0.005649881628443846,2552.169452727843,-1,2108.6079999999997,2361.4340487845284,1855.7819512154708
2026-05-08 00:00:00+05:30,2334.0,2484.7,2328.3,2424.8,1761466,2344.0,2345.8,2342.2,0.001535836177474558,2552.169452727843,-1,2130.66,2393.582242497656,1867.7377575023438
2026-05-11 00:00:00+05:30,2424.8,2444.0,2379.0,2392.1,605134,2412.6,2406.5,2418.7,0.005056785210975636,2552.169452727843,-1,2149.252,2417.7007831672845,1880.8032168327154
2026-05-12 00:00:00+05:30,2385.0,2435.2,2331.6,2341.3,783980,2405.0333333333333,2411.5,2398.5666666666666,0.005377610843924572,2552.169452727843,-1,2166.508,2426.524460525089,1906.4915394749105
2026-05-13 00:00:00+05:30,2340.6,2469.9,2340.4,2418.6,1057281,2369.3666666666663,2383.3999999999996,2355.333333333333,0.011845640888563727,2552.169452727843,-1,2186.192,2445.0552189863884,1927.328781013612
2026-05-14 00:00:00+05:30,2440.0,2480.0,2380.0,2458.6,950347,2409.633333333333,2405.15,2414.1166666666663,0.0037211747292117373,2552.169452727843,-1,2207.328,2465.4192986987246,1949.2367013012756
2026-05-15 00:00:00+05:30,2478.0,2478.0,2390.0,2424.9,659641,2439.5333333333333,2430.0,2449.0666666666666,0.007815702456754,2552.169452727843,-1,2224.1,2482.070658796681,1966.1293412033185
2026-05-18 00:00:00+05:30,2439.0,2491.7,2275.6,2314.9,4036701,2430.9666666666667,2434.0,2427.9333333333334,0.002495577890825298,2552.169452727843,-1,2235.304,2483.5626681991052,1987.0453318008947
2026-05-19 00:00:00+05:30,2329.0,2384.5,2295.8,2339.9,1185848,2360.733333333333,2383.6499999999996,2337.8166666666666,0.01941487108525587,2552.169452727843,-1,2244.8360000000002,2490.109521636546,1999.5624783634541
2026-05-20 00:00:00+05:30,2317.6,2341.8,2232.1,2305.3,1152929,2340.066666666667,2340.15,2339.983333333334,7.122304207831415e-05,2552.169452727843,-1,2255.3160000000003,2487.2772911155503,2023.3547088844502
2026-05-21 00:00:00+05:30,2330.0,2375.4,2284.8,2312.1,1002246,2293.0666666666666,2286.95,2299.1833333333334,0.005334922665426318,2552.169452727843,-1,2264.0879999999997,2487.220974309026,2040.9550256909731
2026-05-22 00:00:00+05:30,2315.0,2335.0,2292.6,2315.3,470602,2324.1000000000004,2330.1000000000004,2318.1000000000004,0.005163289015102619,2552.169452727843,-1,2271.704,2488.213144231814,2055.1948557681862
2026-05-25 00:00:00+05:30,2328.0,2344.0,2307.0,2320.6,348976,2314.3,2313.8,2314.8,0.00043209609817223345,2552.169452727843,-1,2276.22,2491.9089464019708,2060.531053598029
2026-05-26 00:00:00+05:30,2314.9,2347.8,2290.0,2298.4,457173,2323.866666666667,2325.5,2322.2333333333336,0.0014057031384473108,2552.169452727843,-1,2282.6440000000002,2490.8980454732928,2074.3899545267077
2026-05-27 00:00:00+05:30,2305.5,2331.9,2293.0,2310.9,294706,2312.066666666667,2318.9,2305.233333333334,0.0059110175600470246,2552.169452727843,-1,2290.5040000000004,2487.281555468077,2093.726444531924
2026-05-29 00:00:00+05:30,2319.9,2348.4,2271.7,2282.8,557834,2311.933333333333,2312.45,2311.416666666666,0.0004469563712911667,2552.169452727843,-1,2295.232,2485.245672939586,2105.218327060414
2026-06-01 00:00:00+05:30,2300.0,2327.5,2245.3,2254.6,390082,2300.9666666666667,2310.05,2291.883333333333,0.007895232438540456,2552.169452727843,-1,2299.284,2481.164520606226,2117.4034793937744
2026-06-02 00:00:00+05:30,2253.8,2289.8,2220.9,2274.5,330670,2275.7999999999997,2286.4,2265.1999999999994,0.009315405571667427,2552.169452727843,-1,2305.976,2470.585445950078,2141.3665540499223
2026-06-03 00:00:00+05:30,2266.5,2269.9,2201.0,2246.9,381324,2261.7333333333336,2255.3500000000004,2268.116666666667,0.005644638330483886,2552.169452727843,-1,2311.292,2458.4139240765676,2164.1700759234323
2026-06-04 00:00:00+05:30,2230.0,2270.0,2225.3,2234.0,257355,2239.2666666666664,2235.45,2243.083333333333,0.0034088540891362706,2552.169452727843,-1,2316.008,2444.1320014360745,2187.883998563925
2026-06-05 00:00:00+05:30,2234.0,2248.0,2206.0,2220.1,256712,2243.1,2247.65,2238.5499999999997,0.004056885560162438,2552.169452727843,-1,2313.8,2446.4757370433317,2181.1242629566686
2026-06-08 00:00:00+05:30,2200.0,2232.0,2161.9,2183.9,238324,2224.7000000000003,2227.0,2222.4000000000005,0.002067694520609275,2552.169452727843,-1,2311.116,2451.268998455229,2170.963001544771
2026-06-09 00:00:00+05:30,2186.0,2278.0,2186.0,2263.2,363095,2192.6,2196.95,2188.25,0.003967892000364781,2552.169452727843,-1,2312.992,2449.218739460325,2176.765260539675
2026-06-10 00:00:00+05:30,2269.0,2282.3,2224.4,2234.6,221599,2242.4,2232.0,2252.8,0.009275775954334722,2552.169452727843,-1,2312.828,2449.4214759203064,2176.2345240796935
2026-06-11 00:00:00+05:30,2219.9,2235.6,2185.0,2193.2,250616,2247.1000000000004,2253.3500000000004,2240.8500000000004,0.0055627252903742595,2552.169452727843,-1,2308.236,2452.663973800062,2163.8080261999376
2026-06-12 00:00:00+05:30,2239.0,2308.9,2228.2,2301.0,469827,2204.6,2210.3,2198.8999999999996,0.005171006078200375,2552.169452727843,-1,2306.66,2450.5083868522393,2162.8116131477605
2026-06-15 00:00:00+05:30,2330.0,2336.9,2230.0,2239.2,495305,2279.366666666667,2268.55,2290.1833333333334,0.009490940465918841,2552.169452727843,-1,2299.236,2436.956376183017,2161.515623816983
2026-06-16 00:00:00+05:30,2245.0,2255.9,2227.7,2245.2,257877,2268.7,2283.45,2253.95,0.013003041389341915,2552.169452727843,-1,2293.36,2427.2113324550487,2159.5086675449515
2026-06-17 00:00:00+05:30,2246.0,2258.0,2238.5,2249.0,151986,2242.9333333333334,2241.8,2244.0666666666666,0.0010105813815240864,2552.169452727843,-1,2289.6679999999997,2423.1175646451943,2156.218435354805
2026-06-18 00:00:00+05:30,2257.0,2287.4,2251.0,2271.2,364889,2248.5,2248.25,2248.75,0.00022237046920169,2552.169452727843,-1,2283.772,2406.5097369189775,2161.0342630810223
2026-06-19 00:00:00+05:30,2265.0,2299.0,2236.0,2271.0,324125,2269.8666666666663,2269.2,2270.533333333333,0.0005874060150374605,2552.169452727843,-1,2276.268,2376.14311754182,2176.39288245818
2026-06-22 00:00:00+05:30,2273.2,2297.8,2273.2,2287.6,149806,2268.6666666666665,2267.5,2269.833333333333,0.0010285042609460904,2552.169452727843,-1,2270.776,2350.4020114283803,2191.1499885716194
2026-06-23 00:00:00+05:30,2270.1,2319.0,2229.1,2237.9,273011,2286.2000000000003,2285.5,2286.9000000000005,0.0006123698714025656,2552.169452727843,-1,2267.696,2346.205749305374,2189.186250694626
2026-06-24 00:00:00+05:30,2238.6,2259.9,2221.1,2248.4,151588,2262.0,2274.05,2249.95,0.010654288240495299,2552.169452727843,-1,2264.036,2337.081364096517,2190.990635903483
2026-06-25 00:00:00+05:30,2259.0,2303.3,2236.1,2247.3,282198,2243.133333333333,2240.5,2245.7666666666664,0.0023479062026331133,2552.169452727843,-1,2261.716,2333.0355329204617,2190.396467079538
2026-06-29 00:00:00+05:30,2248.0,2248.0,2185.0,2193.3,323319,2262.233333333333,2269.7,2254.7666666666664,0.006601146359791974,2552.169452727843,-1,2256.964,2330.031790550919,2183.8962094490807
2026-06-30 00:00:00+05:30,2210.0,2221.7,2150.0,2173.1,304526,2208.766666666667,2216.5,2201.0333333333338,0.007002399529148804,2552.169452727843,-1,2251.276,2327.370031934135,2175.1819680658646
2026-07-01 00:00:00+05:30,2178.0,2200.0,2155.1,2159.6,185408,2181.6,2185.85,2177.35,0.0038962229556288963,2552.169452727843,-1,2244.8360000000002,2323.577315813196,2166.0946841868044
2026-07-02 00:00:00+05:30,2165.0,2196.0,2165.0,2171.4,148772,2171.566666666667,2177.55,2165.583333333334,0.005510614456536559,2552.169452727843,-1,2239.756,2320.383341863623,2159.1286581363765
2026-07-03 00:00:00+05:30,2178.0,2189.5,2145.0,2170.1,291690,2177.4666666666667,2180.5,2174.4333333333334,0.002786112301757366,2552.169452727843,-1,2234.124,2313.750433399932,2154.497566600068
2026-07-06 00:00:00+05:30,2170.0,2174.8,2136.0,2143.0,182770,2168.2000000000003,2167.25,2169.1500000000005,0.0008763029240847456,2552.169452727843,-1,2228.532,2313.1769284009033,2143.887071599097
2026-07-07 00:00:00+05:30,2150.8,2152.3,2117.3,2134.4,155866,2151.266666666667,2155.4,2147.1333333333337,0.003842697325606506,2552.169452727843,-1,2223.724,2315.2734581960713,2132.174541803929
2026-07-08 00:00:00+05:30,2124.9,2139.3,2070.0,2082.5,242643,2134.6666666666665,2134.8,2134.533333333333,0.00012492192379793895,2552.169452727843,-1,2216.0440000000003,2320.5616361002985,2111.526363899702
2026-07-09 00:00:00+05:30,2089.0,2116.2,2080.1,2103.0,160140,2097.266666666667,2104.65,2089.8833333333337,0.0070409103913028495,2552.169452727843,-1,2210.288,2322.909963328627,2097.666036671373
2026-07-10 00:00:00+05:30,2113.4,2131.0,2099.1,2115.3,107592,2099.7666666666664,2098.1499999999996,2101.383333333333,0.0015398536345309366,2552.169452727843,-1,2205.54,2323.6382912661934,2087.4417087338065
2026-07-13 00:00:00+05:30,2098.0,2109.0,2085.0,2091.8,156157,2115.1333333333337,2115.05,2115.216666666667,7.87972389448907e-05,2542.2149420268743,-1,2200.4080000000004,2326.4152368715186,2074.400763128482
2026-07-14 00:00:00+05:30,2084.1,2096.0,2062.6,2070.5,133148,2095.266666666667,2097.0,2093.5333333333338,0.00165452289286944,2516.0583443457995,-1,2195.8720000000003,2331.7104866817763,2060.0335133182243
2026-07-15 00:00:00+05:30,2070.5,2095.0,2069.6,2085.0,90140,2076.366666666667,2079.3,2073.4333333333334,0.0028254482991122896,2508.7000105719676,-1,2188.744,2328.351977766298,2049.136022233702
2026-07-16 00:00:00+05:30,2092.0,2135.0,2086.0,2121.6,291301,2083.2000000000003,2082.3,2084.1000000000004,0.0008640552995392577,2508.7000105719676,-1,2184.224,2324.9135621430223,2043.534437856978
2026-07-17 00:00:00+05:30,2110.1,2141.0,2103.0,2109.9,128339,2114.2000000000003,2110.5,2117.9000000000005,0.0035001418976447567,2508.7000105719676,-1,2180.8920000000003,2324.48901300513,2037.2949869948707
2026-07-20 00:00:00+05:30,2104.0,2148.9,2090.9,2133.5,169932,2117.9666666666667,2122.0,2113.9333333333334,0.003808684430035068,2508.7000105719676,-1,2174.192,2310.1763863978344,2038.2076136021656
2026-07-21 00:00:00+05:30,2132.0,2172.0,2122.6,2132.2,199263,2124.4333333333334,2119.9,2128.9666666666667,0.004267804747932753,2508.7000105719676,-1,2169.9120000000003,2304.167151945822,2035.6568480541785
2026-07-22 00:00:00+05:30,2132.2,2133.4,2067.7,2072.4,197462,2142.266666666667,2147.3,2137.2333333333336,0.004699072633347827,2508.7000105719676,-1,2163.0,2298.8226490685406,2027.1773509314596
2026-07-23 00:00:00+05:30,2072.4,2079.9,2037.0,2046.5,207599,2091.1666666666665,2100.55,2081.783333333333,0.008974256794453177,2469.458038806464,-1,2154.9,2293.368595717571,2016.4314042824292
2026-07-24 00:00:00+05:30,2038.0,2140.0,2027.4,2129.6,408425,2054.4666666666667,2058.45,2050.4833333333336,0.0038777298244473384,2469.458038806464,-1,2149.236,2279.5568825016016,2018.915117498398
2026-07-27 00:00:00+05:30,2144.9,2248.2,2121.2,2210.5,1459627,2099.0,2083.7,2114.3,0.014578370652691932,2469.458038806464,-1,2146.8160000000003,2270.0572097311465,2023.574790268854
2026-07-28 00:00:00+05:30,2137.4,2137.4,2018.2,2031.3,2724128,2193.2999999999997,2184.7,2201.8999999999996,0.007842064469064797,2469.458038806464,-1,2136.5640000000003,2253.7467274644036,2019.381272535597
2026-07-29 00:00:00+05:30,2021.3,2084.6,2013.0,2076.0,861418,2062.3,2077.8,2046.8000000000002,0.015031760655578721,2469.458038806464,-1,2130.088,2241.92663117902,2018.2493688209804
2026-07-30 00:00:00+05:30,2075.6,2138.8,2032.0,2131.8,570317,2057.866666666667,2048.8,2066.9333333333334,0.008811714396786257,2469.458038806464,-1,2125.424,2226.3284106865353,2024.5195893134648
2026-07-31 00:00:00+05:30,2144.0,2204.6,2122.0,2133.4,406755,2100.866666666667,2085.4,2116.3333333333335,0.014724082124837397,2469.458038806464,-1,2120.868,2208.8012059235707,2032.9347940764294
2026-08-03 00:00:00+05:30,2144.8,2269.9,2134.2,2247.0,1547162,2153.3333333333335,2163.3,2143.366666666667,0.009256965944272473,2469.458038806464,-1,2123.016,2220.0719373557176,2025.9600626442823
2026-08-04 00:00:00+05:30,2250.1,2410.0,2250.1,2336.9,2227258,2217.0333333333333,2202.05,2232.0166666666664,0.013516561170332536,2469.458038806464,-1,2129.568,2256.7144254471864,2002.421574552814
2026-08-05 00:00:00+05:30,2336.9,2359.0,2288.0,2325.0,559710,2332.3333333333335,2330.05,2334.616666666667,0.0019579819922823805,2469.458038806464,-1,2136.1839999999997,2284.3656688257915,1988.002331174208
2026-08-06 00:00:00+05:30,2325.0,2338.3,2288.2,2290.0,278917,2324.0,2323.5,2324.5,0.0004302925989672978,2469.458038806464,-1,2140.928,2300.473780464406,1981.3822195355935
2026-08-07 00:00:00+05:30,2293.0,2307.0,2271.0,2286.0,232091,2305.5,2313.25,2297.75,0.006723053567555845,2469.458038806464,-1,2145.564,2314.6795427983966,1976.448457201603
2026-08-10 00:00:00+05:30,2299.8,2309.8,2272.7,2289.0,176163,2288.0,2289.0,2287.0,0.0008741258741258741,2469.458038806464,-1,2151.404,2329.6016833070403,1973.2063166929597
2026-08-11 00:00:00+05:30,2262.0,2272.9,2212.0,2224.9,327551,2290.5,2291.25,2289.75,0.0006548788474132286,2469.458038806464,-1,2155.024,2335.3570277458793,1974.6909722541204
2026-08-12 00:00:00+05:30,2223.5,2228.7,2150.0,2199.0,205693,2236.6,2242.45,2230.75,0.005231154430832432,2469.458038806464,-1,2159.684,2338.292521006127,1981.0754789938733
2026-08-13 00:00:00+05:30,2196.0,2198.8,2160.0,2160.0,131197,2192.5666666666666,2189.35,2195.7833333333333,0.0029341563160375484,2469.458038806464,-1,2161.9640000000004,2339.0688672848833,1984.8591327151175
2026-08-14 00:00:00+05:30,2160.0,2167.9,2141.4,2149.0,121955,2172.9333333333334,2179.4,2166.4666666666667,0.005952015708412619,2469.458038806464,-1,2163.312,2339.486207601442,1987.1377923985578
2026-08-17 00:00:00+05:30,2147.0,2148.9,2121.1,2131.0,98713,2152.766666666667,2154.65,2150.8833333333337,0.0017496864499944678,2469.458038806464,-1,2164.88,2339.1680741760492,1990.5919258239512
2026-08-18 00:00:00+05:30,2130.0,2141.7,2102.3,2102.3,145007,2133.6666666666665,2135.0,2132.333333333333,0.0012498047180129527,2469.458038806464,-1,2166.152,2338.1149273535316,1994.1890726464687
2026-08-19 00:00:00+05:30,2106.0,2167.7,2093.7,2117.6,415947,2115.4333333333334,2122.0,2108.866666666667,0.006208341868490244,2469.458038806464,-1,2167.456,2337.4204393865843,1997.491560613416
2026-08-20 00:00:00+05:30,2127.4,2163.8,2095.0,2103.1,351124,2126.3333333333335,2130.7,2121.966666666667,0.004107226838062078,2469.458038806464,-1,2166.716,2337.631030866205,1995.8009691337945
2026-08-21 00:00:00+05:30,2113.6,2120.8,2099.8,2117.0,184685,2120.633333333333,2129.4,2111.8666666666663,0.008267970260456982,2469.458038806464,-1,2167.0,2337.5596810503466,1996.4403189496536
2026-08-24 00:00:00+05:30,2111.0,2125.6,2095.9,2100.5,150168,2112.5333333333333,2110.3,2114.7666666666664,0.0021143650593282515,2469.458038806464,-1,2165.68,2337.7603161317293,1993.5996838682704
2026-08-25 00:00:00+05:30,2105.0,2107.0,2067.1,2107.0,235034,2107.3333333333335,2110.75,2103.916666666667,0.003242644732679388,2469.458038806464,-1,2164.672,2337.8169105922434,1991.5270894077566
2026-08-26 00:00:00+05:30,2106.0,2163.9,2105.9,2153.3,305495,2093.7000000000003,2087.05,2100.3500000000004,0.006352390504847963,2469.458038806464,-1,2167.908,2337.0106473595133,1998.8053526404867
2026-08-27 00:00:00+05:30,2153.0,2161.0,2110.0,2115.0,126205,2141.0333333333333,2134.9,2147.1666666666665,0.00572932073297929,2469.458038806464,-1,2170.6479999999997,2333.912116032874,2007.3838839671253
2026-08-28 00:00:00+05:30,2117.5,2140.0,2105.9,2123.7,125235,2128.6666666666665,2135.5,2121.833333333333,0.006420294393986989,2469.458038806464,-1,2170.4120000000003,2333.929635207937,2006.8943647920637
2026-08-31 00:00:00+05:30,2124.0,2141.6,2088.0,2104.8,182819,2123.2,2122.95,2123.45,0.0002354935945742276,2469.458038806464,-1,2166.1839999999997,2330.7992331225632,2001.5687668774362
2026-09-01 00:00:00+05:30,2104.8,2118.7,2072.0,2077.8,134557,2111.4666666666667,2114.8,2108.133333333333,0.003157362970447226,2469.458038806464,-1,2168.044,2327.4906138116326,2008.5973861883674
