date,open,high,low,close,volume,cpr_pp,cpr_bc,cpr_tc,cpr_width,supertrend,supertrend_dir,bb_middle,bb_upper,bb_lower
2010-01-05 00:00:00+05:30,237.62,272.87,233.51,249.83,18725201,,,,,,1,,,
2010-01-06 00:00:00+05:30,249.71,254.18,243.92,245.16,2516741,252.07000000000002,253.19,250.95000000000005,0.008886420438766819,,1,,,
2010-01-07 00:00:00+05:30,245.99,252.92,244.6,249.67,1770746,247.75333333333333,249.05,246.45666666666665,0.010467400371337199,,1,,,
2010-01-08 00:00:00+05:30,247.85,250.29,240.48,241.95,506480,249.0633333333333,248.76,249.36666666666662,0.0024357927702456936,,1,,,
2010-01-11 00:00:00+05:30,244.99,246.2,237.16,241.95,582054,244.24,245.385,243.09500000000003,0.00937602358336048,,1,,,
2010-01-12 00:00:00+05:30,242.04,243.88,236.79,237.65,381934,241.76999999999998,241.68,241.85999999999996,0.0007445092443229102,,1,,,
2010-01-13 00:00:00+05:30,237.65,243.88,233.67,240.71,460430,239.43999999999997,240.33499999999998,238.54499999999996,0.007475776812562732,,1,,,
2010-01-14 00:00:00+05:30,242.74,243.53,237.16,238.88,153881,239.42,238.77499999999998,240.065,0.005388021050873029,,1,,,
2010-01-15 00:00:00+05:30,238.09,240.41,237.02,237.25,162906,239.85666666666665,240.345,239.3683333333333,0.004071876259432805,,1,,,
2010-01-18 00:00:00+05:30,237.25,239.85,235.3,237.3,116392,238.2266666666667,238.715,237.73833333333337,0.004099736945206096,,1,,,
2010-01-19 00:00:00+05:30,234.83,245.71,234.83,238.3,258953,237.48333333333335,237.575,237.3916666666667,0.0007719839988768908,,1,,,
2010-01-20 00:00:00+05:30,239.23,242.74,237.16,238.06,159726,239.61333333333334,240.27,238.95666666666668,0.0054810528073006475,,1,,,
2010-01-21 00:00:00+05:30,237.16,239.46,232.27,232.93,185968,239.32000000000002,239.95,238.69000000000005,0.00526491726558555,,1,,,
2010-01-22 00:00:00+05:30,227.86,242.71,227.86,229.69,257320,234.88666666666668,235.865,233.90833333333336,0.008330258564413969,,1,,,
2010-01-25 00:00:00+05:30,230.18,234.83,226.93,227.62,280683,233.42,235.28500000000003,231.55499999999995,0.015979778939251458,,1,,,
2010-01-27 00:00:00+05:30,226.62,231.58,209.42,223.65,142210,229.79333333333332,230.88,228.70666666666665,0.00945777365168708,,1,,,
2010-01-28 00:00:00+05:30,225.53,228.79,224.11,225.25,146599,221.54999999999998,220.5,222.59999999999997,0.009478672985781837,,1,,,
2010-01-29 00:00:00+05:30,225.25,225.25,214.56,221.32,67047,226.04999999999998,226.45,225.64999999999998,0.003539040035390451,,1,,,
2010-02-01 00:00:00+05:30,222.28,227.39,221.32,225.74,60785,220.37666666666667,219.905,220.84833333333333,0.004280549967479896,,1,,,
2010-02-02 00:00:00+05:30,227.86,230.18,223.21,223.25,36824,224.8166666666667,224.355,225.2783333333334,0.0041070501890432334,,1,,,
2010-02-03 00:00:00+05:30,226.39,226.46,221.49,223.39,32508,225.54666666666665,226.695,224.3983333333333,0.010182667297233453,,1,,,
2010-02-04 00:00:00+05:30,223.25,225.76,221.37,222.51,28313,223.78,223.97500000000002,223.58499999999998,0.0017427830905355404,,1,,,
2010-02-05 00:00:00+05:30,219.49,220.88,206.47,217.72,49480,223.21333333333334,223.565,222.86166666666668,0.0031509467773728522,,1,,,
2010-02-08 00:00:00+05:30,220.88,226.93,218.09,220.21,33452,215.02333333333334,213.675,216.37166666666667,0.012541274590354496,,1,,,
2010-02-09 00:00:00+05:30,226.69,226.93,216.23,218.3,17106,221.74333333333334,222.51,220.9766666666667,0.0069149016129758266,,1,232.3316,251.72666797513227,212.93653202486774
2010-02-10 00:00:00+05:30,210.42,222.74,210.42,218.98,25715,220.48666666666668,221.57999999999998,219.39333333333337,0.009917455326096562,151.2608,1,231.09760000000003,249.7954349805533,212.39976501944676
2010-02-11 00:00:00+05:30,218.58,224.14,218.58,221.86,29601,217.38,216.57999999999998,218.18,0.00736038273990258,151.68540928,1,230.1656,248.2804470200552,212.05075297994483
2010-02-15 00:00:00+05:30,223.21,227.81,218.65,222.51,41639,221.52666666666667,221.36,221.69333333333333,0.0015047097414907808,153.7775929088,1,229.07920000000001,245.5696965795455,212.58870342045452
2010-02-16 00:00:00+05:30,225.53,225.53,218.7,219.49,22562,222.99,223.23000000000002,222.75,0.0021525628951971757,153.7775929088,1,228.1808,244.20937540269884,212.15222459730117
2010-02-17 00:00:00+05:30,220.88,226.46,220.88,222.42,25311,221.24,222.115,220.365,0.007909962032182246,155.8751576247501,1,227.3996,242.5471901502517,212.25200984974828
2010-02-18 00:00:00+05:30,221.81,225.51,218.6,222.79,55204,223.25333333333333,223.67000000000002,222.83666666666664,0.0037326803631153155,155.8751576247501,1,226.8052,241.45527426056276,212.15512573943727
2010-02-19 00:00:00+05:30,219.51,222.25,219.51,220.93,15287,222.29999999999998,222.055,222.54499999999996,0.002204228520017779,155.8751576247501,1,226.014,239.67813583070674,212.34986416929328
2010-02-22 00:00:00+05:30,225.53,225.53,218.6,219.67,21235,220.89666666666668,220.88,220.91333333333336,0.00015090011921121426,157.47928665629087,1,225.24559999999997,238.06358870962222,212.4276112903777
2010-02-23 00:00:00+05:30,211.58,223.18,211.58,218.51,27562,221.26666666666665,222.065,220.4683333333333,0.007216028924374928,157.47928665629087,1,224.49599999999998,236.5896042601039,212.40239573989606
2010-02-24 00:00:00+05:30,218.51,218.51,216.23,216.53,10965,217.75666666666666,217.38,218.13333333333333,0.003459519035008482,157.47928665629087,1,223.66519999999997,234.95310094924665,212.3772990507533
2010-02-25 00:00:00+05:30,217.63,223.16,215.81,221.44,27345,217.09,217.37,216.81,0.0025795752913538267,157.47928665629087,1,222.9908,232.58878465512444,213.39281534487557
2010-02-26 00:00:00+05:30,222.28,225.53,218.93,220.46,41289,220.13666666666668,219.485,220.78833333333336,0.005920564497812003,160.08869457837454,1,222.2868,229.69157623159572,214.88202376840428
2010-03-02 00:00:00+05:30,222.97,227.81,219.81,225.32,27713,221.64000000000001,222.23000000000002,221.05,0.005323948745713801,161.91434679523957,1,221.98239999999998,228.13119573249955,215.83360426750042
2010-03-03 00:00:00+05:30,226.0,245.06,223.67,240.04,428397,224.31333333333336,223.81,224.81666666666672,0.004487770083514358,168.95597292342998,1,222.3964,231.32888432184487,213.46391567815513
2010-03-04 00:00:00+05:30,236.67,242.23,235.53,240.85,100377,236.25666666666666,234.365,238.1483333333333,0.01601365746292861,174.2113340064928,1,222.9256,234.27412248356606,211.57707751643395
2010-03-05 00:00:00+05:30,241.34,241.81,236.23,237.32,35349,239.53666666666666,238.88,240.19333333333333,0.005482807085901946,175.37568064623304,1,223.4724,236.14760575612104,210.79719424387895
2010-03-08 00:00:00+05:30,237.62,241.71,232.09,233.04,30620,238.4533333333333,239.01999999999998,237.8866666666666,0.004752851711026823,175.37568064623304,1,223.784,236.99055594771033,210.57744405228965
2010-03-09 00:00:00+05:30,233.44,236.09,228.79,232.6,16457,235.61333333333334,236.9,234.32666666666668,0.010921849357704672,175.37568064623304,1,224.2352,237.83898196826175,210.63141803173824
2010-03-10 00:00:00+05:30,223.21,236.6,223.21,233.13,80917,232.49333333333334,232.44,232.54666666666668,0.0004587945174055887,175.37568064623304,1,224.53080000000003,238.56681985749537,210.49478014250468
2010-03-11 00:00:00+05:30,226.93,237.02,226.49,227.53,48060,230.98000000000002,229.905,232.05500000000004,0.00930816520910916,175.37568064623304,1,224.702,238.77571223238573,210.62828776761427
2010-03-12 00:00:00+05:30,227.39,232.04,224.14,228.02,17904,230.34666666666666,231.755,228.93833333333333,0.01222794628386199,175.37568064623304,1,224.88719999999998,239.00875177875304,210.76564822124692
2010-03-15 00:00:00+05:30,225.53,230.9,225.07,226.14,14683,228.06666666666663,228.08999999999997,228.0433333333333,0.00020461853259287228,175.37568064623304,1,225.03239999999997,239.12781914807795,210.936980851922
2010-03-16 00:00:00+05:30,229.72,231.11,226.46,229.51,20461,227.37,227.985,226.755,0.005409684654967753,175.37568064623304,1,225.50400000000002,239.37640599175225,211.6315940082478
2010-03-17 00:00:00+05:30,231.11,234.6,226.93,230.23,37656,229.02666666666667,228.78500000000003,229.26833333333332,0.0021103801595154493,175.37568064623304,1,225.9048,239.7211116583263,212.0884883416737
2010-03-18 00:00:00+05:30,231.58,234.83,231.58,232.6,65942,230.58666666666667,230.765,230.40833333333336,0.0015467792297905046,175.37568064623304,1,226.4768,240.16988464298686,212.78371535701314
2010-03-19 00:00:00+05:30,232.51,250.6,232.51,235.79,433958,233.00333333333333,233.205,232.80166666666665,0.001731019584841552,178.07485506625645,1,227.14919999999998,240.95417987829038,213.34422012170958
2010-03-22 00:00:00+05:30,232.97,236.69,228.32,232.39,66083,239.63333333333333,241.555,237.71166666666664,0.016038391987759196,178.07485506625645,1,227.5704,241.34669439871269,213.79410560128733
2010-03-23 00:00:00+05:30,228.79,238.92,228.79,236.62,731802,232.46666666666667,232.505,232.42833333333334,0.00032979638657866555,178.07485506625645,1,228.13479999999998,242.18891384043837,214.0806861595616
2010-03-25 00:00:00+05:30,235.83,236.69,232.51,233.23,86063,234.77666666666664,233.855,235.6983333333333,0.007851433277014918,178.07485506625645,1,228.68439999999998,242.4141645486003,214.95463545139967
2010-03-26 00:00:00+05:30,232.97,240.41,230.18,234.93,428339,234.14333333333332,234.6,233.68666666666664,0.0039007445581767095,178.07485506625645,1,229.1848,242.87666633881597,215.49293366118403
2010-03-29 00:00:00+05:30,237.09,237.09,225.53,230.44,85476,235.17333333333332,235.29500000000002,235.05166666666662,0.0010346978115435264,178.07485506625645,1,229.49079999999998,242.93705559179958,216.04454440820038
2010-03-30 00:00:00+05:30,234.37,236.23,228.95,231.18,30177,231.01999999999998,231.31,230.72999999999996,0.00251060514241209,178.07485506625645,1,229.90079999999998,242.8954129392145,216.90618706078544
2010-03-31 00:00:00+05:30,231.11,239.95,229.25,237.88,52968,232.11999999999998,232.58999999999997,231.64999999999998,0.004049629501981724,178.07485506625645,1,230.62920000000003,243.28532252785197,217.97307747214808
2010-04-01 00:00:00+05:30,235.3,241.25,235.3,240.06,34360,235.6933333333333,234.6,236.7866666666666,0.009277592351643141,178.07485506625645,1,231.4912,243.65408034307666,219.32831965692333
2010-04-05 00:00:00+05:30,235.81,246.36,235.81,241.2,76468,238.87,238.275,239.465,0.004981789257755255,178.18200964943128,1,232.47800000000004,243.58242650477735,221.37357349522273
2010-04-06 00:00:00+05:30,232.97,246.39,232.97,241.92,33222,241.12333333333333,241.085,241.16166666666666,0.0003179562326333154,178.18200964943128,1,233.29719999999998,244.0393674088612,222.55503259113874
2010-04-07 00:00:00+05:30,243.16,246.46,240.41,241.48,64483,240.42666666666665,239.68,241.1733333333333,0.006211180124223392,180.16230809291588,1,234.138,243.98242502130014,224.29357497869987
2010-04-08 00:00:00+05:30,234.79,245.95,234.79,244.78,56968,242.78333333333333,243.435,242.13166666666666,0.005368298208279021,180.16230809291588,1,234.91639999999998,244.92481067103063,224.90798932896934
2010-04-09 00:00:00+05:30,246.46,249.71,243.02,246.13,121415,241.84,240.37,243.31,0.012156797882897774,183.1798791384313,1,235.16,245.9233585836392,224.39664141636078
2010-04-12 00:00:00+05:30,240.85,248.32,240.85,242.78,15644,246.28666666666666,246.365,246.20833333333331,0.0006361150962294401,183.1798791384313,1,235.23719999999997,246.18873763815836,224.2856623618416
2010-04-13 00:00:00+05:30,240.95,244.09,237.16,237.76,26315,243.98333333333332,244.58499999999998,243.38166666666666,0.004932030876425926,183.1798791384313,1,235.2548,246.22107429166348,224.2885257083365
2010-04-15 00:00:00+05:30,236.88,248.22,236.88,242.81,98173,239.67,240.625,238.71499999999997,0.007969291108607774,183.1798791384313,1,235.6456,246.95914880486225,224.33205119513775
2010-04-16 00:00:00+05:30,242.74,247.81,241.81,242.46,58372,242.63666666666668,242.55,242.72333333333336,0.000714374029756479,183.1798791384313,1,236.04,247.58642109053707,224.4935789094629
2010-04-19 00:00:00+05:30,240.88,240.88,233.79,235.9,26379,244.02666666666667,244.81,243.24333333333334,0.006420063381051236,183.1798791384313,1,236.15079999999998,247.63639852336826,224.6652014766317
2010-04-20 00:00:00+05:30,234.37,239.95,234.37,237.97,14945,236.85666666666665,237.33499999999998,236.37833333333333,0.004039010934883189,183.1798791384313,1,236.5684,247.5164601825163,225.62033981748368
2010-04-21 00:00:00+05:30,235.06,240.85,235.06,238.37,96474,237.42999999999998,237.16,237.69999999999996,0.0022743545466030564,183.1798791384313,1,236.9824,247.37478841460418,226.59001158539584
2010-04-22 00:00:00+05:30,239.37,239.48,233.41,234.16,53292,238.09333333333333,237.95499999999998,238.23166666666668,0.0011620092960745055,183.1798791384313,1,237.3032,246.79295316011954,227.81344683988047
2010-04-23 00:00:00+05:30,237.16,237.16,232.51,233.79,858131,235.6833333333333,236.445,234.92166666666662,0.006463475001768061,183.1798791384313,1,237.47439999999997,246.54057640243107,228.40822359756888
2010-04-26 00:00:00+05:30,236.23,239.48,233.44,234.16,23087,234.48666666666665,234.83499999999998,234.13833333333332,0.002971028914223943,183.1798791384313,1,237.6316,246.3182180853079,228.94498191469208
2010-04-27 00:00:00+05:30,236.69,237.11,232.51,233.41,14932,235.6933333333333,236.45999999999998,234.92666666666662,0.0065056287831646775,183.1798791384313,1,237.664,246.28107142827528,229.0469285717247
2010-04-28 00:00:00+05:30,232.55,236.23,230.14,230.67,26044,234.34333333333333,234.81,233.87666666666667,0.003982760337396713,183.1798791384313,1,237.45919999999998,246.47866857858037,228.4397314214196
2010-04-29 00:00:00+05:30,232.51,234.37,231.11,232.51,12055,232.34666666666666,233.185,231.50833333333333,0.007216228623895371,183.1798791384313,1,237.46399999999997,246.47279392593694,228.455206074063
2010-04-30 00:00:00+05:30,233.48,236.55,231.58,232.9,77584,232.66333333333333,232.74,232.58666666666664,0.0006590352297312185,183.1798791384313,1,237.31519999999998,246.49608469811042,228.13431530188953
2010-05-03 00:00:00+05:30,230.88,233.93,230.88,231.79,12057,233.67666666666665,234.065,233.2883333333333,0.0033236808695777612,183.1798791384313,1,237.25760000000002,246.5575789763203,227.95762102367976
2010-05-04 00:00:00+05:30,233.9,235.2,232.97,233.41,28949,232.20000000000002,232.405,231.99500000000003,0.0017657192075795354,183.1798791384313,1,237.1968,246.57638586719045,227.81721413280954
2010-05-05 00:00:00+05:30,227.86,235.27,226.51,232.46,83464,233.85999999999999,234.08499999999998,233.635,0.0019242281707003706,183.1798791384313,1,237.2776,246.45560550010725,228.09959449989276
2010-05-06 00:00:00+05:30,241.76,241.76,226.93,229.55,141438,231.41333333333333,230.89,231.93666666666667,0.004522931551048691,183.1798791384313,1,237.21239999999997,246.5838669588063,227.84093304119364
2010-05-07 00:00:00+05:30,226.93,231.97,214.39,220.07,469320,232.74666666666667,234.345,231.14833333333334,0.013734532538955051,183.1798791384313,1,236.5,248.02132492380971,224.97867507619029
2010-05-10 00:00:00+05:30,223.21,230.6,221.81,228.16,29732,222.14333333333335,223.18,221.10666666666668,0.009333313326230767,183.1798791384313,1,236.024,247.89563611302162,224.15236388697838
2010-05-11 00:00:00+05:30,228.16,233.44,225.53,228.28,13347,226.85666666666665,226.20499999999998,227.50833333333333,0.005745184183845931,183.1798791384313,1,235.50719999999998,247.55609972736096,223.458300272639
2010-05-12 00:00:00+05:30,228.32,230.18,226.0,228.62,10320,229.08333333333334,229.485,228.68166666666667,0.003506729719898181,183.1798791384313,1,234.9752,247.01901218053487,222.93138781946513
2010-05-13 00:00:00+05:30,230.65,238.51,227.93,236.46,139260,228.26666666666665,228.09,228.4433333333333,0.0015478971962615197,183.1798791384313,1,234.77439999999999,246.54193510978402,223.00686489021595
2010-05-14 00:00:00+05:30,236.69,238.55,233.2,235.06,36244,234.29999999999998,233.22,235.37999999999997,0.009218950064020352,183.1798791384313,1,234.3856,245.42486385951528,223.34633614048474
2010-05-17 00:00:00+05:30,232.97,241.71,227.86,235.02,109747,235.60333333333332,235.875,235.33166666666665,0.002306136019581008,183.1798791384313,1,233.94119999999998,243.8946328872003,223.98776711279967
2010-05-18 00:00:00+05:30,237.16,246.46,235.76,242.55,326884,234.86333333333334,234.78500000000003,234.94166666666666,0.0006670545991284486,183.1798791384313,1,233.93200000000002,243.8531096153606,224.01089038463942
2010-05-19 00:00:00+05:30,199.49,252.5,199.49,243.06,164199,241.59,241.11,242.07,0.003973674407053187,183.1798791384313,1,234.144,244.59557059967545,223.69242940032456
2010-05-20 00:00:00+05:30,243.62,248.88,235.39,239.27,86487,231.6833333333333,225.995,237.3716666666666,0.04910438097978538,183.1798791384313,1,234.00239999999997,244.06934278120224,223.9354572187977
2010-05-21 00:00:00+05:30,193.24,245.06,193.24,242.32,48841,241.17999999999998,242.135,240.22499999999997,0.007919396301517643,183.1798791384313,1,233.9968,244.0450559203078,223.94854407969223
2010-05-24 00:00:00+05:30,245.04,278.96,239.48,241.85,33057,226.87333333333333,219.15,234.59666666666666,0.0680849813405424,183.1798791384313,1,234.2348,244.72426918771396,223.74533081228606
2010-05-25 00:00:00+05:30,248.74,248.74,236.27,239.55,556242,253.42999999999998,259.21999999999997,247.64,0.045693090794302116,183.1798791384313,1,234.298,244.89521321857782,223.70078678142218
2010-05-26 00:00:00+05:30,241.81,242.74,237.62,240.74,23106,241.51999999999998,242.505,240.53499999999997,0.008156674395495311,183.1798791384313,1,234.3928,245.174816909651,223.61078309034897
2010-05-27 00:00:00+05:30,240.88,245.53,239.58,244.18,31738,240.36666666666667,240.18,240.55333333333334,0.0015531826376369497,183.1798791384313,1,234.7936,246.2359310632056,223.35126893679438
2010-05-28 00:00:00+05:30,245.53,246.9,241.81,243.43,17485,243.09666666666666,242.555,243.63833333333332,0.004456389090759428,183.1798791384313,1,235.1792,247.09998107508062,223.2584189249194
2010-05-31 00:00:00+05:30,245.99,246.46,240.16,243.23,17528,244.0466666666667,244.35500000000002,243.7383333333334,0.0025268391291281066,183.1798791384313,1,235.542,247.86201558440573,223.22198441559428
2010-06-01 00:00:00+05:30,240.88,244.13,240.41,242.34,22760,243.28333333333333,243.31,243.25666666666666,0.0002192231280400425,183.1798791384313,1,235.8992,248.46658626127166,223.33181373872836
2010-06-02 00:00:00+05:30,240.97,245.99,240.97,243.3,23723,242.29333333333332,242.26999999999998,242.31666666666666,0.00019260400616338765,183.1798791384313,1,236.4044,249.10505583188518,223.70374416811484
2010-06-03 00:00:00+05:30,245.99,247.85,243.67,244.32,13079,243.42,243.48000000000002,243.35999999999996,0.000492975104757462,183.1798791384313,1,236.8768,249.83876246870045,223.91483753129955
2010-06-04 00:00:00+05:30,243.76,250.18,243.67,249.08,45534,245.27999999999997,245.76,244.79999999999995,0.003913894324853378,183.1798791384313,1,237.524,251.22193794700496,223.82606205299504
2010-06-07 00:00:00+05:30,242.81,245.06,241.83,242.9,43944,247.64333333333335,246.925,248.36166666666668,0.005801354097963471,183.1798791384313,1,237.9684,251.6141743554552,224.32262564454481
2010-06-08 00:00:00+05:30,240.18,247.85,240.18,241.64,18242,243.26333333333332,243.445,243.08166666666665,0.001493580345030806,183.1798791384313,1,238.2976,251.88457644658286,224.71062355341712
2010-06-09 00:00:00+05:30,239.71,246.29,237.18,239.53,22446,243.22333333333333,244.015,242.43166666666667,0.006509792097797557,183.1798791384313,1,238.58039999999997,251.96235140328932,225.19844859671062
2010-06-10 00:00:00+05:30,238.32,244.6,238.32,242.6,10750,241.0,241.735,240.265,0.006099585062240777,183.1798791384313,1,239.10240000000002,252.04551156407138,226.15928843592866
2010-06-11 00:00:00+05:30,248.78,248.78,239.58,240.55,25485,241.84,241.45999999999998,242.22000000000003,0.0031425736023819374,183.1798791384313,1,239.9216,250.27620814130583,229.5669918586942
2010-06-14 00:00:00+05:30,241.81,246.36,238.97,239.99,22982,242.97000000000003,244.18,241.76000000000005,0.009960077375807543,183.1798791384313,1,240.3948,249.57027534681427,231.21932465318574
2010-06-15 00:00:00+05:30,245.53,271.1,240.9,255.71,763131,241.77333333333334,242.66500000000002,240.88166666666666,0.0073760547068881036,183.1798791384313,1,241.49200000000002,251.15739559459394,231.8266044054061
2010-06-16 00:00:00+05:30,255.76,257.85,249.27,252.48,65929,255.90333333333334,256.0,255.80666666666667,0.0007554936108686666,183.1798791384313,1,242.44640000000004,251.5339737223967,233.35882627760338
2010-06-17 00:00:00+05:30,250.18,255.53,247.9,249.39,24048,253.20000000000002,253.56,252.84000000000003,0.0028436018957344804,183.1798791384313,1,242.9636,252.101119803535,233.82608019646503
2010-06-18 00:00:00+05:30,253.2,254.13,248.88,251.06,30622,250.93999999999997,251.715,250.16499999999994,0.0061767753247791045,183.1798791384313,1,243.6036,252.67825901067326,234.52894098932674
2010-06-21 00:00:00+05:30,255.29,262.04,252.11,260.59,112648,251.35666666666665,251.505,251.20833333333331,0.001180261779410457,183.1798791384313,1,244.62640000000002,255.23500462831907,234.01779537168096
2010-06-22 00:00:00+05:30,261.34,269.2,260.41,264.06,135741,258.24666666666667,257.07500000000005,259.4183333333333,0.009074011926581492,190.98715364460105,1,245.48680000000002,258.49902037317196,232.47457962682805
2010-06-23 00:00:00+05:30,260.41,265.9,260.41,262.9,16248,264.5566666666667,264.805,264.30833333333334,0.0018773545680194654,190.98715364460105,1,246.28040000000001,260.92183105574014,231.63896894425991
2010-06-24 00:00:00+05:30,255.85,293.75,255.85,281.52,1074734,263.07,263.155,262.985,0.0006462158360890982,194.68176079886433,1,247.9704,267.8142024420722,228.12659755792785
2010-06-25 00:00:00+05:30,279.47,289.98,279.47,285.75,352640,277.04,274.8,279.28000000000003,0.01617095004331511,204.8686903669098,1,249.70759999999999,274.30362457634135,225.11157542365862
2010-06-28 00:00:00+05:30,279.05,291.98,279.05,285.1,107717,285.06666666666666,284.725,285.4083333333333,0.0023971000935451834,205.23254275223337,1,251.43760000000003,279.42927092118634,223.44592907881372
2010-06-29 00:00:00+05:30,285.98,303.19,284.36,288.61,390030,285.37666666666667,285.515,285.23833333333334,0.0009694789342739155,211.431441042144,1,253.4,284.49027423487905,222.30972576512096
2010-06-30 00:00:00+05:30,283.89,298.52,283.89,293.87,200299,292.05333333333334,293.775,290.3316666666667,0.011790084002921628,211.431441042144,1,255.5252,289.94825186702633,221.10214813297372
2010-07-01 00:00:00+05:30,294.35,297.61,288.77,290.12,66933,292.0933333333333,291.205,292.9816666666666,0.006082530697950344,211.431441042144,1,257.3628,294.0006665405067,220.7249334594933
2010-07-02 00:00:00+05:30,290.63,290.63,283.19,284.59,92001,292.1666666666667,293.19,291.1433333333334,0.007005134055904019,211.431441042144,1,259.00919999999996,296.67937830379856,221.33902169620137
2010-07-05 00:00:00+05:30,283.89,290.59,283.89,288.77,88857,286.1366666666666,286.90999999999997,285.36333333333323,0.005405342435433202,211.431441042144,1,260.8308,299.65920400325484,222.00239599674518
2010-07-06 00:00:00+05:30,289.7,290.17,286.68,288.54,62032,287.75,287.24,288.26,0.0035447437011293893,211.431441042144,1,262.6788,302.2025517733322,223.15504822666787
2010-07-07 00:00:00+05:30,283.71,297.61,283.71,294.38,131477,288.46333333333337,288.425,288.5016666666667,0.00026577612405982487,212.36042683548567,1,264.722,305.2946114515688,224.14938854843115
2010-07-08 00:00:00+05:30,297.61,308.77,293.01,294.75,211713,291.9,290.65999999999997,293.14,0.00849606029462151,221.30960976206626,1,266.7392,308.0614783186016,225.41692168139838
2010-07-09 00:00:00+05:30,298.91,302.21,294.4,298.96,89216,298.8433333333333,300.89,296.7966666666666,0.013697254971947495,221.30960976206626,1,268.7344,311.25287375623884,226.21592624376115
2010-07-12 00:00:00+05:30,302.58,302.58,296.75,299.31,65980,298.5233333333333,298.30499999999995,298.7416666666667,0.0014627555634960671,222.59198435672027,1,270.9908,313.7721910648072,228.20940893519273
2010-07-13 00:00:00+05:30,293.42,306.4,293.42,298.84,136941,299.5466666666666,299.66499999999996,299.4283333333333,0.0007900827917742772,222.59198435672027,1,273.2788,315.6529076866519,230.90469231334814
2010-07-14 00:00:00+05:30,305.24,306.91,300.4,304.14,236697,299.5533333333333,299.90999999999997,299.1966666666666,0.00238132330358545,226.8758847831534,1,275.8632,317.56449080783915,234.1619091921609
2010-07-15 00:00:00+05:30,302.38,321.28,302.26,318.63,217537,303.81666666666666,303.655,303.97833333333335,0.0010642383016074837,232.73644939182728,1,278.9044,321.5378546871347,236.27094531286534
2010-07-16 00:00:00+05:30,322.39,332.49,319.93,327.58,341427,314.0566666666667,311.77,316.34333333333336,0.014562127853784499,246.45699141615427,1,282.38559999999995,326.12182172250317,238.6493782774967
2010-07-19 00:00:00+05:30,325.51,358.06,316.81,321.44,1168338,326.6666666666667,326.21000000000004,327.12333333333333,0.002795918367346832,249.32211175950806,1,285.6436,328.38533974184907,242.9018602581509
2010-07-20 00:00:00+05:30,321.79,325.97,304.03,309.79,228440,332.1033333333333,337.435,326.7716666666666,0.03210848029227875,249.32211175950806,1,287.8068,329.73606299185286,245.87753700814716
2010-07-21 00:00:00+05:30,315.61,320.26,304.58,307.86,162132,313.2633333333333,315.0,311.52666666666664,0.011087583396290738,249.32211175950806,1,290.022,330.0607104687446,249.98328953125537
2010-07-22 00:00:00+05:30,306.91,311.56,301.38,304.58,209662,310.9,312.41999999999996,309.38,0.009778063686072576,249.32211175950806,1,292.2296,329.0176482678812,255.44155173211877
2010-07-23 00:00:00+05:30,305.98,309.7,295.8,298.24,289494,305.84,306.47,305.2099999999999,0.004119801203243868,249.32211175950806,1,294.1168,326.8842324755535,261.3493675244465
2010-07-26 00:00:00+05:30,306.91,306.91,291.17,293.21,72961,301.24666666666667,302.75,299.74333333333334,0.00998074667492861,249.32211175950806,1,295.42159999999996,325.207146390153,265.6360536098469
2010-07-27 00:00:00+05:30,293.42,312.95,287.38,302.26,607914,297.09666666666664,299.04,295.15333333333325,0.013082161810409979,249.32211175950806,1,296.9496,323.93021969933153,269.9689803006684
2010-07-28 00:00:00+05:30,305.98,307.84,300.45,302.35,209892,300.8633333333333,300.16499999999996,301.5616666666666,0.004642196346070687,249.32211175950806,1,298.5276,321.70430712072704,275.350892879273
2010-07-29 00:00:00+05:30,302.26,319.93,302.26,306.7,641816,303.5466666666667,304.145,302.9483333333334,0.003942282350873896,249.32211175950806,1,299.5348,321.8396580322754,277.22994196772464
2010-07-30 00:00:00+05:30,303.96,317.09,303.96,310.49,362139,309.63000000000005,311.095,308.1650000000001,0.009462907341019764,249.32211175950806,1,300.5244,322.4877506223427,278.56104937765735
2010-08-02 00:00:00+05:30,310.63,317.05,310.63,312.98,100265,310.5133333333333,310.525,310.50166666666667,7.514438456742205e-05,249.32211175950806,1,301.6396,323.1842249296654,280.09497507033456
2010-08-03 00:00:00+05:30,314.77,323.09,314.77,320.63,340617,313.55333333333334,313.84000000000003,313.26666666666665,0.0018285033912360906,249.32211175950806,1,302.92040000000003,325.01445891546325,280.8263410845368
2010-08-04 00:00:00+05:30,320.63,329.69,319.51,322.74,454521,319.4966666666666,318.92999999999995,320.0633333333333,0.0035472461893185925,249.32211175950806,1,304.0752,327.15242417969637,280.9979758203036
2010-08-05 00:00:00+05:30,324.11,347.71,316.44,342.04,997821,323.98,324.6,323.36,0.0038273967528860086,249.32211175950806,1,306.152,332.8869664671561,279.41703353284385
2010-08-06 00:00:00+05:30,344.11,355.27,339.51,348.13,570332,335.3966666666667,332.075,338.7183333333334,0.019807392242022173,250.7727624986656,1,308.6936,338.6348212870478,278.7523787129522
2010-08-09 00:00:00+05:30,351.09,383.13,347.83,361.5,2212181,347.6366666666666,347.39,347.8833333333332,0.0014191061548932099,262.843451998719,1,311.6028,346.8912332415024,276.3143667584976
2010-08-10 00:00:00+05:30,363.64,373.78,349.23,356.74,671400,364.15333333333336,365.48,362.8266666666667,0.007286307965508963,262.843451998719,1,314.33079999999995,352.49336591792496,276.16823408207495
2010-08-11 00:00:00+05:30,355.74,362.71,343.41,345.81,489926,359.9166666666667,361.505,358.3283333333334,0.008826117156749117,262.843451998719,1,316.388,355.55837206869467,277.2176279313053
2010-08-12 00:00:00+05:30,344.11,355.74,330.74,350.39,298932,350.6433333333334,353.06,348.22666666666674,0.013784187160742417,262.843451998719,1,318.6136,358.919606254155,278.30759374584505
2010-08-13 00:00:00+05:30,346.44,371.55,344.58,361.78,719252,345.6233333333333,343.24,348.00666666666655,0.013791507132041254,262.843451998719,1,321.12640000000005,363.9708785259429,278.2819214740572
2010-08-16 00:00:00+05:30,364.9,367.83,351.36,358.39,307869,359.3033333333333,358.065,360.5416666666666,0.006892968800734499,262.843451998719,1,323.4896,367.7539171794165,279.2252828205835
2010-08-17 00:00:00+05:30,362.76,364.06,354.81,358.97,214505,359.1933333333333,359.595,358.79166666666663,0.002236492882199183,262.843451998719,1,325.8948,371.0654850494874,280.72411495051256
2010-08-18 00:00:00+05:30,361.78,368.52,359.22,365.66,425008,359.28000000000003,359.435,359.12500000000006,0.0008628367846803201,262.843451998719,1,328.35560000000004,375.18986748183426,281.5213325181658
2010-08-19 00:00:00+05:30,367.36,367.38,361.32,362.71,124436,364.4666666666667,363.87,365.0633333333334,0.003274190598134401,262.843451998719,1,330.1188,378.6442068941209,281.59339310587916
2010-08-20 00:00:00+05:30,353.43,364.71,352.02,355.18,206836,363.80333333333334,364.35,363.25666666666666,0.0030052867391723425,262.843451998719,1,331.2228,380.7131906697047,281.7324093302953
2010-08-23 00:00:00+05:30,355.74,357.92,346.44,347.37,157285,357.30333333333334,358.365,356.2416666666667,0.005942663096715213,262.843451998719,1,332.26,381.9731799023156,282.54682009768436
2010-08-24 00:00:00+05:30,347.37,360.85,347.37,352.69,304411,350.57666666666665,352.18,348.9733333333333,0.00914683426354684,262.843451998719,1,333.976,383.4292008266401,284.5227991733599
2010-08-25 00:00:00+05:30,349.23,354.32,344.11,347.99,187650,353.6366666666667,354.11,353.1633333333334,0.0026769471491453604,262.843451998719,1,335.5812,384.13640448149715,287.0259955185029
2010-08-26 00:00:00+05:30,349.23,352.46,344.92,346.62,72204,348.8066666666667,349.21500000000003,348.3983333333333,0.002341316106343685,262.843451998719,1,337.26279999999997,384.29493455330305,290.2306654466969
2010-08-27 00:00:00+05:30,349.69,353.29,345.11,346.53,114656,348.0,348.69,347.31,0.003965517241379298,262.843451998719,1,339.1944,383.5474573755632,294.8413426244367
2010-08-30 00:00:00+05:30,345.2,355.74,345.2,352.25,94713,348.31,349.20000000000005,347.41999999999996,0.005110390169676685,262.843451998719,1,341.556,381.97661929263336,301.1353807073666
2010-08-31 00:00:00+05:30,351.09,352.2,336.25,340.95,98375,351.06333333333333,350.47,351.65666666666664,0.0033802068002922853,262.843451998719,1,343.10360000000003,380.2147419948243,305.99245800517576
2010-09-01 00:00:00+05:30,342.25,355.5,342.25,352.62,231048,343.1333333333334,344.225,342.04166666666674,0.006362929862055411,262.843451998719,1,345.11440000000005,378.42830920561585,311.80049079438425
2010-09-02 00:00:00+05:30,357.78,376.06,346.51,368.01,538991,350.1233333333333,348.875,351.37166666666656,0.007130820567990012,262.843451998719,1,347.56679999999994,378.12046202339764,317.01313797660225
2010-09-03 00:00:00+05:30,371.73,373.78,363.18,364.8,178344,363.52666666666664,361.28499999999997,365.7683333333333,0.012332887087604803,266.52697209184095,1,349.7392,376.98284200029093,322.49555799970904
2010-09-06 00:00:00+05:30,365.11,373.41,344.11,366.59,314613,367.25333333333333,368.48,366.02666666666664,0.00668022073772884,266.52697209184095,1,351.8836,375.40074124123123,328.3664587587688
2010-09-07 00:00:00+05:30,368.29,378.99,356.67,360.53,489797,361.36999999999995,358.76,363.9799999999999,0.014445028641004828,266.52697209184095,1,353.4796,373.44313434039225,333.51606565960776
2010-09-08 00:00:00+05:30,358.76,366.9,351.71,354.5,230562,365.3966666666667,367.83000000000004,362.96333333333337,0.013318858956932668,266.52697209184095,1,354.75,370.2762987218468,339.2237012781532
2010-09-09 00:00:00+05:30,355.85,362.15,352.48,353.78,162766,357.7033333333333,359.30499999999995,356.1016666666667,0.008955279514681428,266.52697209184095,1,355.2196,369.8649864189383,340.5742135810617
2010-09-13 00:00:00+05:30,358.53,361.87,354.34,356.46,84668,356.1366666666666,357.315,354.9583333333332,0.006617309834240032,266.52697209184095,1,355.55280000000005,369.91411751059155,341.19148248940854
2010-09-14 00:00:00+05:30,349.23,359.78,346.44,353.29,74941,357.5566666666667,358.105,357.0083333333333,0.0030671129051806027,266.52697209184095,1,355.2244,369.40100842938193,341.0477915706181
2010-09-15 00:00:00+05:30,349.81,360.57,348.9,349.92,109695,353.17,353.11,353.23,0.00033977970948836125,266.52697209184095,1,354.9516,369.26288525884456,340.6403147411554
2010-09-16 00:00:00+05:30,350.16,358.06,347.02,348.69,192845,353.13000000000005,354.735,351.5250000000001,0.009090136776824178,266.52697209184095,1,355.0668,369.1260320928286,341.0075679071714
2010-09-17 00:00:00+05:30,351.88,355.27,346.44,347.48,120882,351.25666666666666,352.53999999999996,349.97333333333336,0.007307097374189641,266.52697209184095,1,354.9504,369.2093530948111,340.6914469051889
2010-09-20 00:00:00+05:30,349.23,352.85,345.55,346.53,117738,349.73,350.855,348.605,0.006433534440854373,266.52697209184095,1,354.3404,368.68302512094704,339.99777487905294
2010-09-21 00:00:00+05:30,347.83,350.48,336.79,337.62,157420,348.31,349.20000000000005,347.41999999999996,0.005110390169676685,266.52697209184095,1,353.5096,369.1639151673914,337.85528483260856
2010-09-22 00:00:00+05:30,337.62,349.39,333.95,335.39,188133,341.62999999999994,343.635,339.6249999999999,0.011737845037028672,266.52697209184095,1,352.5664,369.57403675999757,335.5587632400024
2010-09-23 00:00:00+05:30,336.9,338.76,327.83,334.21,123879,339.57666666666665,341.66999999999996,337.48333333333335,0.012329076399045706,266.52697209184095,1,351.30839999999995,368.89850692861245,333.71829307138745
2010-09-24 00:00:00+05:30,334.81,338.53,333.88,336.67,88287,333.59999999999997,333.29499999999996,333.905,0.00182853717026383,266.52697209184095,1,350.2668,368.11499159018695,332.41860840981303
2010-09-27 00:00:00+05:30,338.95,343.92,337.62,339.65,78892,336.35999999999996,336.205,336.51499999999993,0.0009216315852061645,266.52697209184095,1,349.6456,367.8441353960153,331.4470646039847
2010-09-28 00:00:00+05:30,337.37,341.79,332.58,333.67,72414,340.39666666666665,340.77,340.0233333333333,0.0021935193254928164,266.52697209184095,1,349.0976,368.33277883878446,329.86242116121554
2010-09-29 00:00:00+05:30,336.86,336.86,329.23,330.67,86700,336.0133333333333,337.185,334.84166666666664,0.006973929605968103,266.52697209184095,1,348.2168,368.6901057184232,327.7434942815768
2010-09-30 00:00:00+05:30,332.79,344.11,324.81,341.86,258400,332.25333333333333,333.045,331.46166666666664,0.004765440025683328,266.52697209184095,1,347.9716,368.59617150488276,327.3470284951173
2010-10-01 00:00:00+05:30,344.39,349.69,341.9,347.23,199271,336.9266666666667,334.46000000000004,339.3933333333333,0.01464215754170031,266.52697209184095,1,347.996,368.61556042208514,327.3764395779148
2010-10-04 00:00:00+05:30,347.88,353.13,345.04,346.39,199638,346.2733333333333,345.79499999999996,346.75166666666667,0.0027627500433184946,266.52697209184095,1,347.9904,368.6116259422184,327.36917405778166
2010-10-05 00:00:00+05:30,345.27,350.48,344.92,346.6,42906,348.18666666666667,349.08500000000004,347.2883333333333,0.005160067396798857,266.52697209184095,1,347.7644,368.3176697778242,327.2111302221758
2010-10-06 00:00:00+05:30,350.69,360.85,345.97,347.3,155700,347.3333333333333,347.70000000000005,346.9666666666666,0.0021113243761999873,266.52697209184095,1,348.01840000000004,368.38463612158176,327.6521638784183
2010-10-07 00:00:00+05:30,351.09,355.46,342.72,344.23,128948,351.3733333333334,353.41,349.33666666666676,0.011592608052213977,266.52697209184095,1,347.6828,368.0111404300504,327.3544595699496
2010-10-08 00:00:00+05:30,346.44,347.57,339.55,340.67,54030,347.47,349.09000000000003,345.85,0.009324546003971592,266.52697209184095,1,346.58920000000006,365.3032340236952,327.8751659763049
2010-10-11 00:00:00+05:30,342.72,346.44,339.46,341.86,41721,342.59666666666664,343.56,341.63333333333327,0.005623716907150488,266.52697209184095,1,345.67159999999996,362.91585254280443,328.4273474571955
2010-10-12 00:00:00+05:30,342.72,344.99,339.46,340.41,29734,342.58666666666664,342.95,342.2233333333333,0.002121117770685825,266.52697209184095,1,344.62440000000004,359.7040064457936,329.5447935542065
2010-10-13 00:00:00+05:30,344.11,357.94,342.25,353.15,239932,341.62000000000006,342.225,341.0150000000001,0.0035419471927870807,266.52697209184095,1,344.32920000000007,358.4074668478766,330.25093315212354
2010-10-14 00:00:00+05:30,356.67,356.67,339.51,346.2,70088,351.1133333333334,350.095,352.1316666666668,0.0058005961987584636,266.52697209184095,1,343.9972,357.4792420055724,330.5151579944276
2010-10-15 00:00:00+05:30,346.9,348.76,335.28,338.58,101758,347.46000000000004,348.09000000000003,346.83000000000004,0.0036263166983249604,266.52697209184095,1,343.38919999999996,356.41493074495315,330.36346925504677
2010-10-18 00:00:00+05:30,337.6,338.07,324.11,327.18,210844,340.8733333333333,342.02,339.7266666666666,0.0067278167843384876,266.52697209184095,1,342.21799999999996,355.5928121482142,328.84318785178573
2010-10-19 00:00:00+05:30,331.07,331.55,320.88,323.11,114383,329.7866666666667,331.09000000000003,328.48333333333335,0.007904099619956386,266.52697209184095,1,341.0108,355.56622886486065,326.4553711351394
2010-10-20 00:00:00+05:30,321.32,334.35,319.12,327.74,140956,325.18,326.21500000000003,324.145,0.00636570514791823,266.52697209184095,1,340.1236,355.0965910225051,325.1506089774949
2010-10-21 00:00:00+05:30,330.07,339.46,328.35,332.53,59008,327.07,326.735,327.405,0.002048491148683643,266.52697209184095,1,339.47720000000004,354.30972698093007,324.64467301907
2010-10-22 00:00:00+05:30,334.11,338.51,330.16,331.49,76449,333.44666666666666,333.905,332.98833333333334,0.0027490653177918373,266.52697209184095,1,338.8376,353.61351259313676,324.06168740686326
2010-10-25 00:00:00+05:30,334.62,338.95,332.6,336.41,33039,333.3866666666667,334.33500000000004,332.4383333333334,0.005689089745640637,266.52697209184095,1,338.4328,352.89472852423273,323.97087147576724
2010-10-26 00:00:00+05:30,339.46,348.3,339.0,342.65,90053,335.9866666666667,335.775,336.1983333333334,0.0012599706337555153,266.52697209184095,1,338.634,353.1847838964097,324.0832161035903
2010-10-27 00:00:00+05:30,342.72,347.37,339.0,343.18,46095,343.3166666666666,343.65,342.98333333333323,0.0019418418369825988,266.52697209184095,1,338.94559999999996,353.53874039403496,324.35245960596495
2010-10-28 00:00:00+05:30,343.72,346.41,339.97,342.62,31809,343.18333333333334,343.185,343.1816666666667,9.712981399631786e-06,266.52697209184095,1,339.282,353.8105627644312,324.75343723556875
2010-10-29 00:00:00+05:30,340.39,345.27,332.49,338.81,35506,343.0,343.19000000000005,342.80999999999995,0.0011078717201169362,266.52697209184095,1,339.36760000000004,353.85876506565353,324.87643493434655
2010-11-01 00:00:00+05:30,290.89,343.97,290.89,331.93,31523,338.8566666666666,338.88,338.83333333333326,0.0001377180125325494,266.52697209184095,1,339.0588,353.8388723354122,324.27872766458785
2010-11-02 00:00:00+05:30,334.81,336.67,330.16,333.51,23151,322.2633333333333,317.43,327.09666666666664,0.029996172902077893,266.52697209184095,1,339.0524,353.8419360630419,324.26286393695807
2010-11-03 00:00:00+05:30,339.37,339.37,330.16,333.83,34398,333.44666666666666,333.415,333.4783333333333,0.00018993542195636204,266.52697209184095,1,339.17879999999997,353.7317338018152,324.6258661981847
2010-11-04 00:00:00+05:30,336.95,342.72,331.09,339.37,40258,334.4533333333333,334.765,334.14166666666665,0.0018637378408547327,266.52697209184095,1,339.07919999999996,353.59139616185007,324.56700383814984
2010-11-05 00:00:00+05:30,342.25,345.41,340.39,343.18,17500,337.72666666666663,336.905,338.5483333333333,0.0048658678615842695,266.52697209184095,1,338.91720000000004,353.1495513391153,324.68484866088477
2010-11-08 00:00:00+05:30,339.48,344.11,337.62,342.72,26407,342.99333333333334,342.9,343.0866666666667,0.0005442282648838392,266.52697209184095,1,338.7704,352.765134415487,324.775665584513
2010-11-09 00:00:00+05:30,337.14,345.97,337.14,342.04,25455,341.48333333333335,340.865,342.1016666666667,0.0036214554151008213,266.52697209184095,1,338.588,352.28550108596517,324.8904989140349
2010-11-10 00:00:00+05:30,342.72,350.16,341.81,346.37,198948,341.7166666666667,341.555,341.8783333333334,0.0009462029946838423,266.52697209184095,1,338.55080000000004,352.15821317958773,324.94338682041234
2010-11-11 00:00:00+05:30,348.3,348.3,337.14,339.62,28063,346.1133333333334,345.985,346.2416666666668,0.0007415682724351587,266.52697209184095,1,338.3664,351.784598841872,324.948201158128
2010-11-12 00:00:00+05:30,339.37,339.37,328.21,331.25,34512,341.68666666666667,342.72,340.6533333333333,0.006048426433574775,266.52697209184095,1,337.9896,351.6546649233736,324.3245350766264
2010-11-15 00:00:00+05:30,329.67,331.46,325.97,327.51,36844,332.9433333333333,333.78999999999996,332.0966666666667,0.005085950562157538,266.52697209184095,1,337.4156,351.5786088102781,323.25259118972184
2010-11-16 00:00:00+05:30,328.3,331.55,318.53,321.37,35463,328.31333333333333,328.71500000000003,327.91166666666663,0.0024468495542877694,266.52697209184095,1,336.654,352.082216228716,321.225783771284
2010-11-18 00:00:00+05:30,324.93,326.86,310.16,313.63,237414,323.81666666666666,325.03999999999996,322.59333333333336,0.007555715682742091,266.52697209184095,1,335.0732,351.48392792535464,318.66247207464534
2010-11-19 00:00:00+05:30,314.05,317.42,302.72,304.42,68516,316.8833333333333,318.51,315.25666666666666,0.010266659653920993,266.52697209184095,1,333.402,353.11672627251045,313.6872737274895
2010-11-22 00:00:00+05:30,304.12,308.89,299.93,301.49,38981,308.1866666666667,310.07000000000005,306.3033333333334,0.01222202993856532,266.52697209184095,1,331.91839999999996,355.1243562560997,308.7124437439002
2010-11-23 00:00:00+05:30,302.26,311.16,293.01,304.26,51286,303.43666666666667,304.40999999999997,302.46333333333337,0.006415396952686232,266.52697209184095,1,331.00160000000005,356.57423892835493,305.4289610716452
2010-11-24 00:00:00+05:30,294.07,315.98,294.07,310.44,701229,302.81,302.08500000000004,303.53499999999997,0.004788481225850969,266.52697209184095,1,330.49479999999994,357.1521217679498,303.8374782320501
2010-11-25 00:00:00+05:30,312.95,312.95,300.4,301.54,23496,306.83,305.025,308.635,0.011765472737346459,266.52697209184095,1,329.4468,358.41482083401644,300.47877916598355
2010-11-26 00:00:00+05:30,301.31,308.77,276.68,300.45,116637,304.9633333333333,306.67499999999995,303.25166666666667,0.011225393216670713,266.52697209184095,1,328.16360000000003,359.23720854744766,297.0899914525524
2010-11-29 00:00:00+05:30,299.93,304.58,282.1,297.77,18287,295.3,292.725,297.875,0.01743989163562471,266.52697209184095,1,326.81480000000005,360.0461866674265,293.58341333257357
2010-11-30 00:00:00+05:30,306.56,306.56,283.68,297.52,21762,294.81666666666666,293.34000000000003,296.2933333333333,0.010017525015546144,266.52697209184095,1,325.25919999999996,360.1479415284645,290.3704584715354
2010-12-01 00:00:00+05:30,299.66,316.16,298.12,313.28,26293,295.92,295.12,296.72,0.00540686672073541,266.52697209184095,1,324.08439999999996,358.52672098102573,289.6420790189742
2010-12-02 00:00:00+05:30,327.83,327.83,311.56,314.47,30796,309.18666666666667,307.14,311.23333333333335,0.013239035749709006,266.52697209184095,1,322.936,356.66203362389365,289.2099663761063
2010-12-03 00:00:00+05:30,316.19,320.86,307.84,309.14,38028,317.9533333333333,319.695,316.21166666666664,0.010955486130040095,266.52697209184095,1,321.59680000000003,354.74390664658387,288.4496933534162
2010-12-06 00:00:00+05:30,308.35,312.49,304.61,305.82,16070,312.61333333333334,314.35,310.87666666666667,0.011110637208905648,266.52697209184095,1,320.2772,353.20414046886225,287.35025953113774
2010-12-07 00:00:00+05:30,315.98,315.98,294.38,301.07,15694,307.64000000000004,308.55,306.7300000000001,0.0059160057209723576,266.52697209184095,1,319.0428,352.4402406300842,285.6453593699158
2010-12-08 00:00:00+05:30,301.07,304.44,293.42,297.24,24166,303.81,305.18,302.44,0.00901879464138774,266.52697209184095,1,317.592,351.4968626600963,283.68713733990364
2010-12-09 00:00:00+05:30,296.38,297.42,282.73,286.68,38710,298.3666666666667,298.93,297.80333333333334,0.003776114400625623,266.52697209184095,1,315.70599999999996,351.0049006061094,280.4070993938905
2010-12-10 00:00:00+05:30,288.29,299.91,283.66,292.84,58512,288.9433333333334,290.07500000000005,287.8116666666667,0.007833139139162192,266.52697209184095,1,313.8448,348.8621552947676,278.82744470523244
2010-12-13 00:00:00+05:30,291.63,297.61,287.38,289.63,13842,292.1366666666667,291.785,292.4883333333334,0.0024075489782181022,266.52697209184095,1,311.70279999999997,345.8201112750695,277.5854887249304
2010-12-14 00:00:00+05:30,289.24,296.68,286.91,288.24,99577,291.54,292.495,290.58500000000004,0.0065514166152156415,266.52697209184095,1,309.5236,342.37394374492874,276.67325625507124
2010-12-15 00:00:00+05:30,288.36,290.56,279.94,284.17,16889,290.61,291.795,289.425,0.008155259626303308,266.52697209184095,1,307.2088,338.69514768022447,275.7224523197755
2010-12-16 00:00:00+05:30,281.33,285.94,280.5,281.84,18704,284.89000000000004,285.25,284.5300000000001,0.0025272912352132877,266.52697209184095,1,304.6276,333.3040004882058,275.95119951179413
2010-12-20 00:00:00+05:30,279.01,286.82,278.54,279.5,15724,282.76,283.22,282.29999999999995,0.0032536426651579883,266.52697209184095,1,302.2228,328.76168107362423,275.6839189263758
2010-12-21 00:00:00+05:30,278.08,283.43,276.68,278.78,321149,281.62,282.68,280.56,0.007527874440735759,266.52697209184095,1,300.12399999999997,325.4184699094479,274.82953009055205
2010-12-22 00:00:00+05:30,279.01,282.17,273.45,274.66,39998,279.63,280.055,279.205,0.003039731073203958,266.52697209184095,1,298.01,322.62060324331696,273.399396756683
2010-12-23 00:00:00+05:30,276.59,283.5,265.06,268.29,124619,276.76,277.81,275.71,0.007587801705448847,266.52697209184095,1,295.8868,321.217889337807,270.555710662193
2010-12-24 00:00:00+05:30,269.1,278.08,265.52,276.29,38557,272.2833333333333,274.28,270.28666666666663,0.014666095366346355,266.52697209184095,1,294.3932,319.76670726722574,269.0196927327742
2010-12-27 00:00:00+05:30,278.96,279.47,274.82,277.94,23440,273.2966666666666,271.79999999999995,274.7933333333333,0.010952688775323544,266.52697209184095,1,293.334,319.15171918663526,267.51628081336474
2010-12-28 00:00:00+05:30,276.68,277.15,273.43,275.01,28205,277.41,277.145,277.67500000000007,0.0019105295411127442,266.52697209184095,1,292.27479999999997,318.8294001257777,265.72019987422226
2010-12-29 00:00:00+05:30,272.03,278.06,271.57,275.17,15666,275.19666666666666,275.28999999999996,275.10333333333335,0.0006783027895200181,266.52697209184095,1,291.11120000000005,318.01026307364543,264.2121369263547
2010-12-30 00:00:00+05:30,276.22,288.31,272.96,274.03,47755,274.93333333333334,274.815,275.0516666666667,0.0008608147429680364,266.52697209184095,1,289.6548,316.14973483366117,263.1598651663389
2010-12-31 00:00:00+05:30,274.85,295.17,273.96,286.03,317114,278.43333333333334,280.635,276.2316666666667,0.01581467736142694,266.52697209184095,1,289.0344,315.1101162616859,262.9586837383141
2011-01-03 00:00:00+05:30,288.68,294.35,281.82,289.84,409711,285.05333333333334,284.565,285.5416666666667,0.0034262594134431726,266.52697209184095,1,288.61,314.27078346426606,262.94921653573397
2011-01-04 00:00:00+05:30,290.17,291.98,276.68,286.59,25708,288.67,288.08500000000004,289.255,0.004053070980704469,266.52697209184095,1,288.1628,313.5577566772607,262.7678433227393
2011-01-05 00:00:00+05:30,283.66,288.31,279.03,286.59,25487,285.0833333333333,284.33000000000004,285.8366666666666,0.005285004384682422,266.52697209184095,1,287.7256,312.83587460144446,262.6153253985555
2011-01-06 00:00:00+05:30,288.31,289.7,283.73,286.12,31420,284.64333333333326,283.66999999999996,285.61666666666656,0.006838968065297865,266.52697209184095,1,286.6392,309.48067380183574,263.7977261981643
2011-01-07 00:00:00+05:30,280.87,290.49,279.52,283.38,48219,286.5166666666667,286.71500000000003,286.3183333333334,0.0013844453493106169,266.52697209184095,1,285.3956,305.2278412893738,265.5633587106262
2011-01-10 00:00:00+05:30,281.33,284.03,271.57,273.4,48207,284.4633333333333,285.005,283.9216666666666,0.003808340852365406,266.52697209184095,1,283.966,301.7973889531899,266.1346110468101
2011-01-11 00:00:00+05:30,272.96,281.31,269.8,272.01,70092,276.3333333333333,277.79999999999995,274.8666666666667,0.010615199034981714,266.52697209184095,1,282.6136,298.6478841486591,266.57931585134094
2011-01-12 00:00:00+05:30,269.68,285.52,265.1,274.99,116916,274.37333333333333,275.555,273.19166666666666,0.008613567888035805,266.52697209184095,1,281.5704,295.976721368064,267.16407863193604
2011-01-13 00:00:00+05:30,274.36,276.66,271.1,272.73,20726,275.2033333333333,275.31,275.09666666666664,0.0007751844091036931,266.52697209184095,1,280.59,293.89097620477287,267.2890237952271
2011-01-14 00:00:00+05:30,274.82,282.96,264.17,278.99,442667,273.49666666666667,273.88,273.11333333333334,0.0028032029640823832,266.52697209184095,1,280.2824,293.35959392530117,267.2052060746988
2011-01-17 00:00:00+05:30,279.01,280.59,272.22,276.26,66539,275.37333333333333,273.565,277.1816666666667,0.013133685178908661,266.52697209184095,1,279.61920000000003,291.7275229821447,267.51087701785536
2011-01-18 00:00:00+05:30,278.52,278.52,269.24,271.66,30321,276.3566666666666,276.405,276.3083333333333,0.00034978952320078807,266.52697209184095,1,278.9004,290.6752049393581,267.1255950606419
2011-01-19 00:00:00+05:30,277.06,277.06,269.71,271.99,47329,273.14000000000004,273.88,272.4000000000001,0.005418466720362833,266.52697209184095,1,278.2504,289.680190521262,266.82060947873805
2011-01-20 00:00:00+05:30,269.73,273.43,267.45,272.54,17995,272.92,273.385,272.45500000000004,0.003407591968342188,266.52697209184095,1,277.78520000000003,289.1599610014421,266.41043899855794
2011-01-21 00:00:00+05:30,270.29,274.36,270.17,273.73,13597,271.14000000000004,270.44,271.8400000000001,0.005163384229549645,266.52697209184095,1,277.4608,288.8170654706522,266.1045345293478
2011-01-24 00:00:00+05:30,276.22,276.57,271.64,272.89,21373,272.75333333333333,272.265,273.2416666666667,0.0035807689487449756,266.52697209184095,1,277.1964,288.65775053821875,265.7350494617812
2011-01-25 00:00:00+05:30,276.92,276.92,270.64,272.03,70258,273.7,274.105,273.29499999999996,0.002959444647424403,266.52697209184095,1,276.9264,288.54278412587695,265.31001587412305
2011-01-27 00:00:00+05:30,272.5,274.59,267.38,269.36,9595,273.19666666666666,273.78,272.61333333333334,0.004270427896875128,266.52697209184095,1,276.7144,288.67679184109625,264.7520081589038
2011-01-28 00:00:00+05:30,268.78,271.89,261.15,265.24,54327,270.4433333333333,270.985,269.90166666666664,0.0040057683063613,342.9318075771609,-1,276.5924,288.95160292575235,264.23319707424764
2011-01-31 00:00:00+05:30,261.83,265.13,253.43,263.5,11857,266.0933333333333,266.52,265.66666666666663,0.003206894823871398,335.9421352740744,-1,276.08079999999995,289.46415075531996,262.69744924467994
2011-02-01 00:00:00+05:30,255.76,276.43,247.22,259.94,25990,260.68666666666667,259.28,262.09333333333336,0.010792010843158029,335.9421352740744,-1,275.36080000000004,290.1314291484122,260.59017085158786
2011-02-02 00:00:00+05:30,252.04,269.24,252.04,265.22,26622,261.19666666666666,261.825,260.5683333333333,0.004811189525134295,335.9421352740744,-1,274.9692,290.2660011505649,259.6723988494351
2011-02-03 00:00:00+05:30,265.52,279.01,253.46,277.06,40744,262.1666666666667,260.64,263.6933333333334,0.011646535282899167,335.9421352740744,-1,275.0448,290.36348936430016,259.72611063569985
2011-02-04 00:00:00+05:30,274.34,281.29,271.2,277.43,66724,269.8433333333333,266.235,273.4516666666666,0.026743913134781604,335.9421352740744,-1,275.18080000000003,290.5213918216972,259.8402081783029
2011-02-07 00:00:00+05:30,278.66,279.47,271.1,277.78,13507,276.64000000000004,276.245,277.0350000000001,0.0028556969346445822,335.9421352740744,-1,274.8508,289.58668373460927,260.1149162653907
2011-02-08 00:00:00+05:30,278.08,278.78,267.99,271.22,19937,276.1166666666667,275.285,276.9483333333333,0.006024023661495618,335.9421352740744,-1,274.106,287.5629096006446,260.6490903993554
2011-02-09 00:00:00+05:30,267.43,277.06,263.85,268.57,27080,272.66333333333336,273.385,271.9416666666667,0.005293463245271719,335.9421352740744,-1,273.3852,285.9938371920172,260.77656280798277
2011-02-10 00:00:00+05:30,266.92,269.68,258.08,262.43,48776,269.82666666666665,270.45500000000004,269.19833333333327,0.004657310866235513,335.9421352740744,-1,272.4188,284.5244169706429,260.31318302935705
2011-02-11 00:00:00+05:30,267.38,267.38,259.48,266.85,16375,263.3966666666667,263.88,262.9133333333334,0.003670003416899416,335.9421352740744,-1,271.64799999999997,282.56109378681936,260.7349062131806
2011-02-14 00:00:00+05:30,267.38,271.99,265.52,270.71,8984,264.57,263.43,265.71,0.008617757115319095,335.9421352740744,-1,271.14119999999997,280.9486784853149,261.33372151468507
2011-02-15 00:00:00+05:30,271.1,286.91,268.31,279.05,34773,269.4066666666667,268.755,270.0583333333334,0.004837791690381573,335.9421352740744,-1,271.3672,281.6226298125391,261.11177018746093
2011-02-16 00:00:00+05:30,279.5,285.84,279.01,279.64,28818,278.09,277.61,278.56999999999994,0.003452119817325049,335.9421352740744,-1,271.6724,282.4281155484847,260.91668445151527
2011-02-17 00:00:00+05:30,282.73,287.82,272.03,281.4,463783,281.4966666666666,282.42499999999995,280.56833333333327,0.0065956968110931465,335.9421352740744,-1,271.9288,283.2778797089419,260.57972029105815
2011-02-18 00:00:00+05:30,282.96,286.43,279.03,281.17,29547,280.41666666666663,279.92499999999995,280.9083333333333,0.003506686478454735,335.9421352740744,-1,272.2664,284.17887128684544,260.3539287131545
2011-02-21 00:00:00+05:30,279.01,283.19,274.99,281.64,10631,282.21000000000004,282.73,281.69000000000005,0.003685198965309392,335.9421352740744,-1,272.37239999999997,284.5661377764128,260.17866222358714
2011-02-22 00:00:00+05:30,279.01,281.22,275.82,278.47,7556,279.94,279.09000000000003,280.78999999999996,0.006072729870686332,335.9421352740744,-1,272.4608,284.7971993709639,260.12440062903613
2011-02-23 00:00:00+05:30,276.94,280.87,273.89,274.8,14100,278.50333333333333,278.52,278.4866666666667,0.00011968737657228405,335.9421352740744,-1,272.58639999999997,284.9515340534552,260.22126594654475
2011-02-24 00:00:00+05:30,275.01,279.71,270.66,272.41,12354,276.52,277.38,275.65999999999997,0.006220164906697625,335.9421352740744,-1,272.6032,284.966188273064,260.240211726936
2011-02-25 00:00:00+05:30,285.52,285.52,269.75,274.06,221887,274.26,275.185,273.335,0.006745424050171454,335.9421352740744,-1,272.664,285.04009049740336,260.2879095025966
2011-02-28 00:00:00+05:30,270.2,288.31,270.2,281.82,33022,276.4433333333333,277.635,275.25166666666667,0.00862141728865467,335.9421352740744,-1,272.9876,285.87092662629954,260.10427337370044
2011-03-01 00:00:00+05:30,288.31,308.72,279.98,283.96,34710,280.10999999999996,279.255,280.9649999999999,0.006104744564635047,335.9421352740744,-1,273.4304,287.0119044586349,259.84889554136515
2011-03-03 00:00:00+05:30,280.4,283.84,280.19,282.01,19788,290.8866666666667,294.35,287.4233333333334,0.023812252194439824,335.9421352740744,-1,273.8296,287.8039896954365,259.85521030456357
2011-03-04 00:00:00+05:30,283.71,283.71,279.01,280.82,11599,282.0133333333333,282.015,282.01166666666666,1.1819772114782878e-05,335.9421352740744,-1,274.288,288.3970461761212,260.1789538238788
2011-03-07 00:00:00+05:30,270.92,287.36,270.92,281.73,24695,281.18,281.36,281.0,0.001280318657088035,335.9421352740744,-1,274.9476,288.8431973228905,261.05200267710956
2011-03-08 00:00:00+05:30,279.01,285.52,277.61,281.78,9991,280.00333333333333,279.14,280.8666666666667,0.00616659325484228,335.9421352740744,-1,275.6788,288.99985379615003,262.35774620385
2011-03-09 00:00:00+05:30,278.08,284.12,278.08,282.89,5943,281.63666666666666,281.565,281.7083333333333,0.0005089299452012048,335.9421352740744,-1,276.59680000000003,288.54528237392196,264.6483176260781
2011-03-10 00:00:00+05:30,279.94,283.57,279.59,282.91,6599,281.69666666666666,281.1,282.2933333333333,0.004236235193884454,335.9421352740744,-1,277.30440000000004,288.5485730047134,266.0602269952867
2011-03-11 00:00:00+05:30,283.19,283.19,280.52,281.96,7242,282.0233333333333,281.58,282.46666666666664,0.0031439479002919007,335.9421352740744,-1,277.5004,288.89057749466286,266.11022250533716
2011-03-14 00:00:00+05:30,280.05,284.12,279.47,280.94,10692,281.89000000000004,281.855,281.92500000000007,0.00024832381425396433,335.9421352740744,-1,277.64079999999996,289.11030031343665,266.17129968656326
2011-03-15 00:00:00+05:30,276.22,282.15,273.43,276.1,37362,281.51,281.795,281.22499999999997,0.0020247948563107882,335.9421352740744,-1,277.5736,289.0587262143663,266.0884737856337
2011-03-16 00:00:00+05:30,276.22,281.33,275.06,279.75,11135,277.22666666666663,277.78999999999996,276.6633333333333,0.004064063101192761,335.9421352740744,-1,277.9148,289.1282478123334,266.7013521876666
2011-03-17 00:00:00+05:30,278.75,286.89,276.94,284.24,13332,278.7133333333333,278.195,279.2316666666666,0.003719472815557084,335.9421352740744,-1,278.5416,289.33970899000036,267.7434910099997
2011-03-18 00:00:00+05:30,281.8,283.66,276.96,282.5,10569,282.69,281.91499999999996,283.46500000000003,0.005483037956772677,335.9421352740744,-1,279.3444,288.00435672967984,270.6844432703202
2011-03-21 00:00:00+05:30,283.45,288.31,280.4,284.96,16302,281.04,280.31,281.77000000000004,0.0051949900370055375,335.9421352740744,-1,280.0688,287.34642449154455,272.79117550845547
2011-03-22 00:00:00+05:30,283.66,287.84,282.8,286.61,7053,284.5566666666667,284.355,284.7583333333333,0.001417409537643261,335.9421352740744,-1,280.7048,287.35144274953376,274.0581572504662
2011-03-23 00:00:00+05:30,288.03,299.4,288.03,296.68,24386,285.75,285.32,286.18,0.0030096237970254195,335.9421352740744,-1,281.41,290.49755280589505,272.322447194105
2011-03-24 00:00:00+05:30,297.14,316.21,293.42,300.19,22784,294.7033333333333,293.715,295.69166666666666,0.0067073101763355965,335.9421352740744,-1,282.232,293.88574446261515,270.5782555373849
2011-03-25 00:00:00+05:30,310.63,319.65,283.96,316.37,108151,303.2733333333333,304.815,301.7316666666666,0.010166846189356262,335.9421352740744,-1,283.63079999999997,301.3603494990689,265.90125050093104
2011-03-28 00:00:00+05:30,318.53,319.37,310.68,313.88,22837,306.65999999999997,301.80499999999995,311.515,0.031663731820257085,335.9421352740744,-1,284.93919999999997,306.2211795470237,263.6572204529762
2011-03-29 00:00:00+05:30,307.61,317.16,307.42,313.95,247927,314.6433333333333,315.025,314.26166666666666,0.002426027353723225,335.9421352740744,-1,286.2316,310.29734639939386,262.16585360060617
2011-03-30 00:00:00+05:30,313.88,313.88,306.44,311.56,76616,312.8433333333333,312.29,313.3966666666666,0.0035374468583846113,335.9421352740744,-1,287.5552,313.34586008926374,261.7645399107363
2011-03-31 00:00:00+05:30,309.7,313.88,308.3,310.3,12113,310.6266666666666,310.15999999999997,311.09333333333325,0.00300467871399734,335.9421352740744,-1,288.97520000000003,315.69286224503827,262.2575377549618
2011-04-01 00:00:00+05:30,309.23,312.02,308.0,311.21,28910,310.82666666666665,311.09000000000003,310.5633333333333,0.0016944063143448313,335.9421352740744,-1,290.5272,317.7190284901906,263.33537150980936
2011-04-04 00:00:00+05:30,312.61,324.81,307.03,317.93,17588,310.41,310.01,310.81000000000006,0.002577236558100796,335.9421352740744,-1,292.282,320.63402652368865,263.9299734763113
2011-04-05 00:00:00+05:30,318.53,332.49,312.49,320.63,27827,316.59,315.91999999999996,317.26,0.004232603682997037,335.9421352740744,-1,293.83439999999996,323.9219810021335,263.7468189978664
2011-04-06 00:00:00+05:30,318.12,331.55,318.12,326.88,22240,321.87,322.49,321.25,0.0038524870289247492,335.9421352740744,-1,295.5512,327.99490796071177,263.1074920392882
2011-04-07 00:00:00+05:30,327.83,328.76,319.46,322.39,9360,325.5166666666667,324.83500000000004,326.1983333333334,0.004188213609134229,335.9421352740744,-1,297.1664,330.7531806757354,263.5796193242646
2011-04-08 00:00:00+05:30,319.7,325.46,315.28,316.58,13670,323.5366666666667,324.11,322.96333333333337,0.003544162949073202,335.9421352740744,-1,298.59680000000003,332.32270919515673,264.8708908048433
2011-04-11 00:00:00+05:30,312.07,315.28,308.77,309.72,15517,319.1066666666666,320.37,317.84333333333325,0.007917937575732534,335.9421352740744,-1,299.7164,332.98351283174355,266.4492871682565
2011-04-13 00:00:00+05:30,311.56,323.18,306.44,320.98,27390,311.25666666666666,312.025,310.48833333333334,0.004936975914839736,335.9421352740744,-1,301.2844,334.7169365259646,267.8518634740354
2011-04-15 00:00:00+05:30,317.6,324.58,316.44,322.56,16616,316.8666666666667,314.81,318.92333333333335,0.012981274984220526,335.9421352740744,-1,302.87120000000004,336.42638312034615,269.31601687965394
2011-04-18 00:00:00+05:30,324.11,325.16,318.65,320.81,13160,321.1933333333333,320.51,321.87666666666667,0.004254965856493517,335.9421352740744,-1,304.38719999999995,337.6211202719143,271.1532797280856
2011-04-19 00:00:00+05:30,319.0,319.0,312.49,314.42,6152,321.53999999999996,321.905,321.17499999999995,0.0022703240654351506,335.9421352740744,-1,305.68559999999997,337.8318055390673,273.5393944609326
2011-04-20 00:00:00+05:30,314.81,326.44,312.49,321.63,14459,315.30333333333334,315.745,314.8616666666667,0.002801535029759678,335.9421352740744,-1,307.3132,338.38542024638673,276.24097975361326
2011-04-21 00:00:00+05:30,320.23,324.58,317.26,318.26,16906,320.18666666666667,319.46500000000003,320.9083333333333,0.004507787124177369,335.9421352740744,-1,308.9996,337.5897742450088,280.40942575499116
2011-04-25 00:00:00+05:30,316.3,319.46,314.7,315.93,13793,320.0333333333333,320.91999999999996,319.14666666666665,0.005541089469846825,335.9421352740744,-1,310.4468,336.5201413094672,284.3734586905328
2011-04-26 00:00:00+05:30,319.42,323.65,312.02,320.86,22154,316.69666666666666,317.08,316.31333333333333,0.0024208232904250697,335.9421352740744,-1,311.9116,335.9677574188392,287.85544258116084
2011-04-27 00:00:00+05:30,322.25,324.6,318.56,319.63,10029,318.8433333333333,317.835,319.85166666666663,0.00632494537547171,335.9421352740744,-1,313.3968,334.3968112152344,292.3967887847656
2011-04-28 00:00:00+05:30,320.37,322.25,314.84,320.44,7107,320.93,321.58000000000004,320.28,0.004050727572991207,335.9421352740744,-1,314.816,332.4652710331042,297.16672896689573
2011-04-29 00:00:00+05:30,318.53,322.72,318.53,320.37,14171,319.1766666666667,318.54499999999996,319.8083333333334,0.003958100529487645,335.9421352740744,-1,316.1664,329.651406642934,302.68139335706604
2011-05-02 00:00:00+05:30,317.28,322.7,313.88,318.74,10085,320.54,320.625,320.45500000000004,0.0005303550258936765,335.9421352740744,-1,317.0488,327.9591375859766,306.1384624140235
2011-05-03 00:00:00+05:30,316.44,320.12,312.95,314.95,17149,318.44,318.28999999999996,318.59000000000003,0.0009420927019220833,335.9421352740744,-1,317.6392,326.1756459489868,309.1027540510132
2011-05-04 00:00:00+05:30,309.33,315.26,309.33,313.47,14696,316.00666666666666,316.53499999999997,315.47833333333335,0.003343811311997474,335.9421352740744,-1,317.52320000000003,326.2030907274213,308.8433092725788
2011-05-05 00:00:00+05:30,310.63,318.53,306.96,311.21,12545,312.68666666666667,312.29499999999996,313.0783333333334,0.002505170244973936,335.9421352740744,-1,317.4164,326.33538268638154,308.4974173136185
2011-05-06 00:00:00+05:30,324.58,324.58,309.75,311.49,5838,312.23333333333335,312.745,311.7216666666667,0.003277463435464862,335.9421352740744,-1,317.318,326.4397612334446,308.1962387665554
2011-05-09 00:00:00+05:30,330.65,330.65,314.84,323.39,70120,315.2733333333333,317.16499999999996,313.38166666666666,0.01200016916538021,335.9421352740744,-1,317.7912,326.8964289504423,308.6859710495577
2011-05-10 00:00:00+05:30,323.14,330.62,319.93,328.35,23440,322.96,322.745,323.17499999999995,0.0013314342333414354,335.9421352740744,-1,318.5132,327.9831148380528,309.04328516194715
2011-05-11 00:00:00+05:30,330.16,330.16,321.23,323.56,9767,326.3,325.275,327.32500000000005,0.006282562059454698,335.9421352740744,-1,319.0072,328.1856800833239,309.8287199166761
2011-05-12 00:00:00+05:30,320.86,326.53,320.42,321.35,15016,324.98333333333335,325.69500000000005,324.27166666666665,0.0043797117800915015,335.9421352740744,-1,319.144,328.3560668690568,309.9319331309432
2011-05-13 00:00:00+05:30,321.79,326.44,320.86,323.28,126914,322.7666666666667,323.475,322.0583333333334,0.00438913559847143,335.9421352740744,-1,319.25,328.58814542615255,309.91185457384745
2011-05-16 00:00:00+05:30,315.56,329.69,315.56,327.53,21932,323.52666666666664,323.65,323.4033333333333,0.0007624307115333194,335.9421352740744,-1,319.276,328.7021814113656,309.84981858863443
2011-05-17 00:00:00+05:30,327.83,328.3,316.65,318.49,33876,324.26,322.625,325.895,0.010084500092518293,335.9421352740744,-1,319.12,328.46360101887774,309.77639898112227
2011-05-18 00:00:00+05:30,317.14,320.86,307.54,315.74,16044,321.1466666666667,322.475,319.8183333333334,0.008272440421821715,335.9421352740744,-1,319.08639999999997,328.4722410470225,309.7005589529774
2011-05-19 00:00:00+05:30,308.79,324.58,308.79,311.49,5543,314.71333333333337,314.20000000000005,315.2266666666667,0.003262228059397893,335.9421352740744,-1,319.1572,328.2824450180789,310.0319549819211
2011-05-20 00:00:00+05:30,311.56,311.56,308.35,309.84,21136,314.9533333333333,316.685,313.22166666666664,0.010996338081832336,335.9421352740744,-1,318.7116,328.5010779104901,308.92212208950986
2011-05-23 00:00:00+05:30,307.84,309.23,299.61,303.38,6137,309.9166666666667,309.95500000000004,309.87833333333333,0.0002473783275075363,335.9421352740744,-1,317.9444,329.2898457188765,306.59895428112344
2011-05-24 00:00:00+05:30,310.63,310.63,295.77,302.21,11006,304.0733333333333,304.42,303.72666666666663,0.0022801517177875453,335.9421352740744,-1,317.2004,330.03794428853024,304.36285571146976
2011-05-25 00:00:00+05:30,301.79,304.58,295.52,303.42,5782,302.86999999999995,303.2,302.5399999999999,0.0021791527718165614,335.9421352740744,-1,316.7604,330.659146395268,302.861653604732
2011-05-26 00:00:00+05:30,305.05,305.05,299.03,302.28,7328,301.17333333333335,300.04999999999995,302.29666666666674,0.007459713122012075,335.9421352740744,-1,315.9864,330.8367833001029,301.1360166998971
2011-05-27 00:00:00+05:30,294.91,319.93,294.91,312.72,17276,302.11999999999995,302.03999999999996,302.19999999999993,0.0005295908910365689,335.9421352740744,-1,315.7648,330.63818145278253,300.8914185472174
2011-05-30 00:00:00+05:30,316.21,318.53,307.42,309.0,6350,309.18666666666667,307.42,310.9533333333333,0.011427832161800756,335.9421352740744,-1,315.4876,330.59480864223355,300.3803913577664
2011-05-31 00:00:00+05:30,311.56,325.42,311.56,314.44,24412,311.65000000000003,312.975,310.32500000000005,0.00850312850954589,335.9421352740744,-1,315.2308,330.1814365563469,300.28016344365307
2011-06-01 00:00:00+05:30,314.86,317.12,311.56,312.81,4503,317.14000000000004,318.49,315.7900000000001,0.00851359021252422,335.9421352740744,-1,314.95799999999997,329.8262555802615,300.08974441973845
2011-06-02 00:00:00+05:30,311.56,320.39,306.93,315.44,6335,313.83,314.34000000000003,313.31999999999994,0.003250167288022482,335.9421352740744,-1,314.758,329.45949053667607,300.0565094633239
2011-06-03 00:00:00+05:30,311.65,316.19,306.98,308.05,23373,314.25333333333333,313.65999999999997,314.8466666666667,0.003776146633289674,335.9421352740744,-1,314.2652,329.0070740952424,299.5233259047576
2011-06-06 00:00:00+05:30,311.09,311.09,304.75,310.0,4640,310.4066666666667,311.58500000000004,309.22833333333335,0.007592190889370986,335.9421352740744,-1,313.9156,328.63092760627427,299.2002723937257
2011-06-07 00:00:00+05:30,308.3,312.93,306.49,311.7,5210,308.6133333333333,307.91999999999996,309.3066666666666,0.004493216970534832,335.9421352740744,-1,313.7856,328.5194891864972,299.0517108135028
2011-06-08 00:00:00+05:30,312.02,313.77,304.61,307.77,5890,310.3733333333334,309.71000000000004,311.03666666666675,0.004274422201220177,335.9421352740744,-1,313.5576,328.47918198583443,298.63601801416553
2011-06-09 00:00:00+05:30,307.84,311.47,304.7,310.26,6746,308.71666666666664,309.19,308.2433333333333,0.0030664579171841987,335.9421352740744,-1,313.51959999999997,328.46971382431514,298.5694861756848
2011-06-10 00:00:00+05:30,309.23,310.16,303.7,304.93,3847,308.81,308.08500000000004,309.53499999999997,0.004695443800394844,335.9421352740744,-1,313.25719999999995,328.5665566370366,297.9478433629633
2011-06-13 00:00:00+05:30,304.93,311.49,302.26,308.65,13685,306.2633333333333,306.93,305.59666666666664,0.004353551954200757,335.9421352740744,-1,312.6676,327.4984567844201,297.8367432155799
2011-06-14 00:00:00+05:30,308.65,311.09,305.75,307.14,6737,307.46666666666664,306.875,308.0583333333333,0.0038486556808324385,335.9421352740744,-1,311.81919999999997,325.3326693339638,298.30573066603614
2011-06-15 00:00:00+05:30,304.58,308.96,304.58,307.26,11429,307.9933333333333,308.41999999999996,307.5666666666666,0.0027706227407520287,335.9421352740744,-1,311.1672,323.90234132783695,298.432058672163
2011-06-16 00:00:00+05:30,304.58,310.05,302.26,307.37,5687,306.93333333333334,306.77,307.0966666666667,0.001064291920069648,335.9421352740744,-1,310.608,322.71790074277993,298.4980992572201
2011-06-17 00:00:00+05:30,307.61,316.16,307.37,311.14,41428,306.56,306.155,306.96500000000003,0.0026422233820461217,335.9421352740744,-1,310.1224,321.07954456233847,299.1652554376616
2011-06-20 00:00:00+05:30,315.84,315.84,303.65,307.91,220967,311.5566666666667,311.765,311.34833333333336,0.001337370408807265,335.9421352740744,-1,309.3376,317.6978990951271,300.9773009048729
2011-06-21 00:00:00+05:30,311.54,311.56,306.91,308.35,10862,309.1333333333334,309.745,308.52166666666676,0.003957299978434042,335.9421352740744,-1,308.932,316.41464552147056,301.4493544785295
2011-06-22 00:00:00+05:30,312.95,315.42,308.3,314.63,26971,308.94,309.235,308.645,0.0019097559396647628,335.9421352740744,-1,308.8876,316.21979155232486,301.5554084476752
2011-06-23 00:00:00+05:30,314.81,316.67,309.7,315.26,12107,312.78333333333336,311.86,313.7066666666667,0.005903980391112141,335.9421352740744,-1,309.0384,316.7249902557625,301.3518097442375
2011-06-24 00:00:00+05:30,312.02,319.93,312.02,318.81,15223,313.87666666666667,313.185,314.5683333333333,0.004407251255801087,335.9421352740744,-1,309.3972,317.9845963830711,300.8098036169289
2011-06-27 00:00:00+05:30,323.16,323.16,317.14,318.93,7130,316.92,315.975,317.865,0.005963650132525515,335.9421352740744,-1,310.0192,319.0160135159057,301.02238648409434
2011-06-28 00:00:00+05:30,320.81,346.78,317.63,341.02,127282,319.74333333333334,320.15,319.3366666666667,0.0025437069316012082,262.6407670106437,1,311.5716,326.2451622723312,296.8980377276688
2011-06-29 00:00:00+05:30,344.11,353.41,339.51,344.39,71602,335.1433333333333,332.205,338.08166666666665,0.017534786111415013,275.7863363302179,1,313.2104,332.34849226020134,294.07230773979865
2011-06-30 00:00:00+05:30,344.11,347.37,339.99,342.81,17186,345.77,346.46000000000004,345.0799999999999,0.003991092344622463,275.7863363302179,1,314.8316,336.6677957712413,292.9954042287587
2011-07-01 00:00:00+05:30,341.95,349.23,341.95,343.95,23022,343.39000000000004,343.68,343.1000000000001,0.0016890416144906002,276.43500756192884,1,316.08079999999995,340.6882180165245,291.4733819834754
2011-07-04 00:00:00+05:30,344.11,358.99,342.83,348.11,51101,345.04333333333335,345.59000000000003,344.49666666666667,0.003168684126631521,279.99640725945164,1,317.6452,345.0651332573946,290.22526674260536
2011-07-05 00:00:00+05:30,351.06,351.06,342.09,345.34,28446,349.97666666666663,350.90999999999997,349.0433333333333,0.005333688912594195,279.99640725945164,1,318.88120000000004,348.3229821851867,289.4394178148134
2011-07-06 00:00:00+05:30,346.44,352.95,345.97,351.85,30360,346.16333333333336,346.575,345.7516666666667,0.002378453331278876,279.99640725945164,1,320.4428,352.4596288348483,288.4259711651517
2011-07-07 00:00:00+05:30,352.02,378.45,349.71,358.76,345027,350.25666666666666,349.46000000000004,351.0533333333333,0.004549044986057601,288.9327330530982,1,322.17560000000003,357.44563990017554,286.9055600998245
2011-07-08 00:00:00+05:30,360.9,366.43,357.6,359.25,45966,362.3066666666667,364.08,360.53333333333336,0.009789128914731418,288.9327330530982,1,324.22360000000003,361.84267851290315,286.6045214870969
2011-07-11 00:00:00+05:30,359.25,381.36,354.34,378.06,212958,361.0933333333333,362.015,360.1716666666666,0.005104866701129982,288.9327330530982,1,326.946,369.5713066616531,284.3206933383469
2011-07-12 00:00:00+05:30,375.73,392.94,370.71,377.54,263049,371.25333333333333,367.85,374.65666666666664,0.018334291050136335,299.57356779046586,1,329.57959999999997,376.0720009205802,283.08719907941975
2011-07-13 00:00:00+05:30,381.31,386.4,364.11,368.08,102149,380.3966666666667,381.825,378.9683333333334,0.007509704781850268,299.57356779046586,1,331.99199999999996,379.943268930029,284.04073106997095
2011-07-14 00:00:00+05:30,368.76,370.01,361.8,366.31,28753,372.8633333333333,375.255,370.4716666666666,0.012828650354464328,299.57356779046586,1,334.23400000000004,383.1429887852935,285.3250112147066
2011-07-15 00:00:00+05:30,366.31,384.1,365.97,374.45,126755,366.03999999999996,365.905,366.17499999999995,0.000737624303354775,299.57356779046586,1,337.01480000000004,386.83983535211956,287.1897646478805
2011-07-18 00:00:00+05:30,378.75,378.75,363.94,367.97,86208,374.84,375.035,374.6449999999999,0.0010404439227406361,299.57356779046586,1,339.3876,389.2333564187761,289.54184358122393
2011-07-19 00:00:00+05:30,372.01,380.71,369.71,374.29,54593,370.22,371.345,369.095,0.006077467451785425,299.57356779046586,1,342.0736,391.9159938044709,292.2312061955291
2011-07-20 00:00:00+05:30,339.44,378.82,339.44,370.57,31517,374.90333333333336,375.21,374.59666666666675,0.0016359772741415036,299.57356779046586,1,344.606,393.54086805949265,295.67113194050734
2011-07-21 00:00:00+05:30,368.52,392.94,365.59,370.87,221797,362.9433333333333,359.13,366.75666666666666,0.02101338133592939,299.57356779046586,1,347.14599999999996,394.6574659003482,299.6345340996517
2011-07-22 00:00:00+05:30,372.01,385.5,360.39,378.89,612924,376.4666666666667,379.265,373.6683333333334,0.014866300690631959,299.57356779046586,1,349.856,396.5653450178864,303.1466549821136
2011-07-25 00:00:00+05:30,375.73,378.99,372.01,373.66,55428,374.9266666666667,372.945,376.90833333333336,0.010570956098081492,299.57356779046586,1,352.486,396.7944808134961,308.1775191865039
2011-07-26 00:00:00+05:30,376.17,376.31,365.08,368.13,38405,374.8866666666667,375.5,374.2733333333334,0.0032721000124479593,299.57356779046586,1,354.8772,395.7165173380744,314.0378826619256
2011-07-27 00:00:00+05:30,371.55,371.55,355.88,358.08,39884,369.84,370.695,368.98499999999996,0.00462362102530834,299.57356779046586,1,356.6152,394.0081752204869,319.2222247795131
2011-07-28 00:00:00+05:30,356.67,364.11,352.48,360.5,31052,361.83666666666664,363.71500000000003,359.95833333333326,0.010382216653923339,299.57356779046586,1,358.4248,391.800093913911,325.049506086089
2011-07-29 00:00:00+05:30,356.67,363.64,354.48,358.94,27396,359.03000000000003,358.295,359.76500000000004,0.0040943653733672035,299.57356779046586,1,360.03,389.2285079070822,330.83149209291776
2011-08-01 00:00:00+05:30,356.15,361.32,353.41,354.34,16562,359.02,359.06,358.97999999999996,0.00022282881176547526,299.57356779046586,1,361.4464,385.51784956499176,337.3749504350082
2011-08-02 00:00:00+05:30,354.39,354.43,342.27,347.57,31691,356.3566666666666,357.365,355.34833333333324,0.005659124285594298,299.57356779046586,1,361.7084,385.01528254057035,338.4015174594296
2011-08-03 00:00:00+05:30,346.51,347.27,339.48,343.6,16872,348.09,348.35,347.8299999999999,0.0014938665287715692,299.57356779046586,1,361.6768,385.07946495593916,338.27413504406087
2011-08-04 00:00:00+05:30,347.83,354.81,338.13,343.74,22939,343.45,343.375,343.525,0.00043674479545778794,299.57356779046586,1,361.71399999999994,384.99924889280635,338.42875110719353
2011-08-05 00:00:00+05:30,327.97,340.86,325.51,334.21,27532,345.56,346.47,344.65,0.005266813288575211,299.57356779046586,1,361.3244,386.0658897401095,336.5829102598905
2011-08-08 00:00:00+05:30,330.16,339.37,316.84,335.23,24078,333.52666666666664,333.185,333.8683333333333,0.0020488116892200935,299.57356779046586,1,360.8092,387.1167495901831,334.5016504098169
2011-08-09 00:00:00+05:30,330.21,340.37,314.35,320.86,45987,330.48,328.105,332.855,0.014373033163882836,299.57356779046586,1,359.83,389.91844668639345,329.7415533136065
2011-08-10 00:00:00+05:30,325.51,327.37,319.05,323.49,61836,325.1933333333333,327.36,323.02666666666664,0.013325406424896076,299.57356779046586,1,358.69559999999996,391.8810426301645,325.51015736983544
2011-08-11 00:00:00+05:30,321.32,325.51,321.16,323.58,16079,323.30333333333334,323.21000000000004,323.39666666666665,0.000577373158334105,299.57356779046586,1,357.2884,393.21400298394366,321.3627970160564
2011-08-12 00:00:00+05:30,325.51,325.51,317.6,320.7,36635,323.4166666666667,323.33500000000004,323.49833333333333,0.0005050244782271532,299.57356779046586,1,355.7464,394.40795708400714,317.08484291599285
2011-08-16 00:00:00+05:30,325.04,333.42,319.46,322.88,152666,321.27,321.555,320.98499999999996,0.0017742086095808823,299.57356779046586,1,353.5392,393.1422002580605,313.9361997419395
2011-08-17 00:00:00+05:30,319.46,322.25,302.56,311.09,21795,325.25333333333333,326.44,324.06666666666666,0.007296876281052723,299.57356779046586,1,350.88120000000004,392.5499072302459,309.2124927697542
2011-08-18 00:00:00+05:30,310.63,317.28,307.37,312.91,22046,311.96666666666664,312.405,311.5283333333333,0.0028101292873170163,299.57356779046586,1,348.67440000000005,392.26526402630657,305.08353597369353
2011-08-19 00:00:00+05:30,317.14,320.86,306.91,312.84,45540,312.52,312.325,312.715,0.0012479201331114373,299.57356779046586,1,346.5356,391.67493914624737,301.3962608537526
2011-08-22 00:00:00+05:30,313.86,324.11,310.19,321.0,59798,313.53666666666663,313.885,313.1883333333333,0.0022219623435857003,299.57356779046586,1,344.3976,389.1070203156331,299.6881796843669
2011-08-23 00:00:00+05:30,323.18,324.11,317.65,322.44,51880,318.43333333333334,317.15,319.7166666666667,0.008060295195226797,299.57356779046586,1,342.5764,387.0050134395385,298.14778656046144
2011-08-24 00:00:00+05:30,323.18,324.49,318.53,321.12,27631,321.40000000000003,320.88,321.9200000000001,0.0032358431860612233,299.57356779046586,1,340.4496,383.67631080894245,297.2228891910575
2011-08-25 00:00:00+05:30,323.18,323.18,318.63,320.35,12068,321.38,321.51,321.25,0.0008090111394610458,299.57356779046586,1,338.4408,380.53460340905235,296.3469965909477
2011-08-26 00:00:00+05:30,319.93,322.25,313.88,320.26,25541,320.71999999999997,320.905,320.53499999999997,0.001153654277874796,299.57356779046586,1,336.4164,376.91476614185746,295.91803385814256
2011-08-29 00:00:00+05:30,320.86,323.14,319.93,322.0,19911,318.7966666666667,318.065,319.52833333333336,0.004590177647194241,299.57356779046586,1,334.1408,371.07339240075015,297.2082075992499
2011-08-30 00:00:00+05:30,323.18,323.18,316.67,318.26,25233,321.69,321.53499999999997,321.845,0.0009636606671020521,299.57356779046586,1,331.9248,365.61223059124495,298.23736940875506
2011-09-02 00:00:00+05:30,320.86,324.53,317.77,320.91,23601,319.37,319.925,318.815,0.0034755925728778957,299.57356779046586,1,330.036,360.5360689835277,299.5359310164723
2011-09-05 00:00:00+05:30,320.39,323.18,317.37,320.91,47247,321.07,321.15,320.99,0.0004983336967015547,299.57356779046586,1,328.5492,356.99041624403475,300.1079837559652
2011-09-06 00:00:00+05:30,320.86,323.16,317.86,320.56,46929,320.4866666666667,320.275,320.6983333333334,0.0013209077860755613,299.57356779046586,1,326.95160000000004,352.3596552140448,301.5435447859553
2011-09-07 00:00:00+05:30,325.04,339.93,321.32,334.76,31302,320.52666666666664,320.51,320.5433333333333,0.000103995507393986,299.57356779046586,1,325.9844,348.0719871602116,303.89681283978837
2011-09-08 00:00:00+05:30,331.42,334.35,320.86,328.58,33852,332.00333333333333,330.625,333.38166666666666,0.008303129486651722,299.57356779046586,1,324.95399999999995,343.823185038044,306.0848149619559
2011-09-09 00:00:00+05:30,321.32,340.79,316.67,326.79,8668,327.93,327.605,328.255,0.0019821303326928836,299.57356779046586,1,324.1228,340.6147544214731,307.6308455785269
2011-09-12 00:00:00+05:30,317.44,325.51,311.63,320.16,76236,328.0833333333333,328.73,327.4366666666666,0.003942087884175995,299.57356779046586,1,323.1852,337.686337191267,308.684062808733
2011-09-13 00:00:00+05:30,321.79,334.81,312.79,317.81,30497,319.09999999999997,318.57,319.62999999999994,0.0033218426825444864,299.57356779046586,1,322.14799999999997,334.10637447147167,310.18962552852827
2011-09-14 00:00:00+05:30,317.14,323.18,316.21,320.49,5743,321.80333333333334,323.8,319.8066666666667,0.012409235454366558,299.57356779046586,1,321.5992,332.50603883808435,310.69236116191564
2011-09-15 00:00:00+05:30,324.58,324.58,318.53,323.11,3455,319.96,319.695,320.22499999999997,0.0016564570571320563,299.57356779046586,1,321.11440000000005,330.5301537435909,311.6986462564092
2011-09-16 00:00:00+05:30,319.0,325.51,318.53,319.09,17657,322.0733333333333,321.55499999999995,322.5916666666667,0.0032187286539299962,299.57356779046586,1,321.0436,330.49250068526203,311.594699314738
2011-09-19 00:00:00+05:30,322.25,322.25,318.56,319.33,1490,321.0433333333333,322.02,320.0666666666666,0.006084329218278039,299.57356779046586,1,320.8772,330.294376680935,311.46002331906504
2011-09-20 00:00:00+05:30,322.25,322.25,311.37,313.95,19220,320.0466666666666,320.405,319.6883333333333,0.0022392567750537332,299.57356779046586,1,320.492,330.2181840410279,310.76581595897215
2011-09-21 00:00:00+05:30,313.86,313.86,305.05,307.44,32953,315.8566666666666,316.81,314.90333333333325,0.006036493346138286,299.57356779046586,1,319.9616,330.9490105120335,308.97418948796644
2011-09-22 00:00:00+05:30,306.89,306.89,295.28,298.47,23334,308.78333333333336,309.45500000000004,308.1116666666667,0.004350407513358975,382.1195497021798,-1,318.9852,332.7492565183359,305.2211434816641
2011-09-23 00:00:00+05:30,299.93,301.79,284.12,299.84,21803,300.2133333333333,301.085,299.34166666666664,0.005806981701900891,375.6957677140927,-1,318.53520000000003,333.9401333604513,303.1302666395488
2011-09-26 00:00:00+05:30,299.47,299.47,284.87,291.91,9068,295.25,292.95500000000004,297.54499999999996,0.015546147332768562,375.6957677140927,-1,317.6952,336.21143384600504,299.17896615399496
2011-09-27 00:00:00+05:30,299.0,318.07,295.28,297.52,216393,292.0833333333333,292.17,291.9966666666666,0.0005934379457919649,375.6957677140927,-1,317.0824,337.14986962025716,297.01493037974285
2011-09-28 00:00:00+05:30,298.07,311.56,295.8,307.3,42901,303.6233333333333,306.67499999999995,300.5716666666666,0.020101661049326536,375.6957677140927,-1,316.5344,336.8901795861505,296.1786204138495
2011-09-29 00:00:00+05:30,305.98,316.19,300.52,313.91,28588,304.8866666666667,303.68,306.0933333333334,0.007915509588262563,375.6957677140927,-1,316.1932,336.42717912028036,295.9592208797196
2011-09-30 00:00:00+05:30,315.74,316.19,306.91,308.19,12311,310.2066666666667,308.355,312.0583333333334,0.01193827770733503,375.6957677140927,-1,315.67600000000004,336.040390096439,295.3116099035611
2011-10-03 00:00:00+05:30,301.35,307.84,300.89,306.0,8606,310.43,311.55,309.31,0.007215797442257543,375.6957677140927,-1,315.10200000000003,335.71449795633566,294.4895020436644
2011-10-04 00:00:00+05:30,309.23,309.23,299.0,300.33,28392,304.91,304.365,305.45500000000004,0.003574825358302554,375.6957677140927,-1,314.3048,335.5883637015971,293.0212362984029
2011-10-05 00:00:00+05:30,306.91,306.91,287.36,290.84,535712,302.8533333333333,304.115,301.5916666666666,0.008331865809633132,375.6957677140927,-1,313.0584,335.97993899195995,290.13686100804006
2011-10-07 00:00:00+05:30,297.59,306.91,290.17,303.65,244342,295.03666666666663,297.135,292.9383333333333,0.014224220718328962,375.6957677140927,-1,312.474,335.5795117233949,289.3684882766051
2011-10-10 00:00:00+05:30,304.58,308.77,299.03,307.84,10378,300.24333333333334,298.54,301.94666666666666,0.011346352403050763,375.6957677140927,-1,311.9512,334.8601644078456,289.0422355921543
2011-10-11 00:00:00+05:30,310.63,317.6,302.89,305.42,29859,305.2133333333333,303.9,306.52666666666664,0.008606002359005719,375.6957677140927,-1,311.3316,334.0751368788572,288.58806312114274
2011-10-12 00:00:00+05:30,311.56,311.56,307.72,309.05,27134,308.6366666666667,310.245,307.0283333333334,0.010422179261483026,375.6957677140927,-1,310.8712,333.31284366172713,288.42955633827285
2011-10-13 00:00:00+05:30,309.05,322.25,309.05,311.95,50712,309.4433333333333,309.64,309.24666666666667,0.0012710997166955177,375.6957677140927,-1,309.9588,330.1868924023977,289.7307075976023
2011-10-14 00:00:00+05:30,309.61,319.0,307.14,316.09,29214,314.4166666666667,315.65,313.1833333333334,0.00784521600848105,375.6957677140927,-1,309.4592,328.3988970788854,290.5195029211146
2011-10-17 00:00:00+05:30,312.72,317.6,309.23,310.79,7552,314.07666666666665,313.07,315.0833333333333,0.006410324443076493,375.6957677140927,-1,308.8192,326.40612779992966,291.2322722000704
2011-10-18 00:00:00+05:30,303.24,311.09,303.24,309.05,21033,312.54,313.415,311.665,0.005599283291738657,375.6957677140927,-1,308.3748,325.34360631747376,291.40599368252623
2011-10-19 00:00:00+05:30,313.28,345.97,307.93,312.49,24212,307.7933333333333,307.16499999999996,308.4216666666666,0.004082826138751091,375.6957677140927,-1,308.16200000000003,324.78202262332815,291.5419773766719
2011-10-20 00:00:00+05:30,313.88,313.88,296.26,307.26,65918,322.13000000000005,326.95000000000005,317.31000000000006,0.02992580635147296,375.6957677140927,-1,307.63280000000003,323.4732035504131,291.792396449587
2011-10-21 00:00:00+05:30,316.02,318.53,303.49,310.91,81029,305.8,305.07,306.53000000000003,0.004774362328319281,375.6957677140927,-1,307.1448,321.75155254257214,292.5380474574278
2011-10-24 00:00:00+05:30,306.44,325.46,306.44,308.56,25465,310.9766666666667,311.01,310.9433333333334,0.0002143783563609468,375.6957677140927,-1,306.7236,320.51265291018706,292.9345470898129
2011-10-25 00:00:00+05:30,312.49,312.49,308.3,310.77,6283,313.4866666666667,315.95,311.02333333333337,0.01571571358696793,375.6957677140927,-1,306.3812,319.2986825039532,293.46371749604674
2011-10-28 00:00:00+05:30,316.21,324.44,309.75,319.65,42177,310.52,310.395,310.645,0.0008051011207007601,375.6957677140927,-1,306.6092,320.23481225926884,292.98358774073114
2011-10-31 00:00:00+05:30,321.09,324.58,313.23,320.32,12952,317.94666666666666,317.095,318.7983333333333,0.005357292627694148,375.6957677140927,-1,307.12440000000004,321.77236622606495,292.4764337739351
2011-11-01 00:00:00+05:30,314.61,320.86,314.61,318.3,9937,319.3766666666666,318.905,319.84833333333324,0.0029536701700184883,375.6957677140927,-1,307.9176,322.7515311364162,293.0836688635838
2011-11-02 00:00:00+05:30,312.61,319.46,308.58,310.54,11563,317.92333333333335,317.735,318.1116666666667,0.0011847720100233762,375.6957677140927,-1,308.3456,322.8360615026554,293.85513849734457
2011-11-03 00:00:00+05:30,307.42,315.28,307.42,312.02,9416,312.85999999999996,314.02,311.69999999999993,0.007415457393083329,375.6957677140927,-1,309.15,322.04669725161983,296.2533027483801
2011-11-04 00:00:00+05:30,313.14,319.93,310.65,316.44,27439,311.5733333333333,311.35,311.7966666666666,0.0014335843889076991,375.6957677140927,-1,309.9068,322.1907638162907,297.62283618370924
2011-11-08 00:00:00+05:30,316.21,318.21,313.23,317.05,4354,315.67333333333335,315.28999999999996,316.05666666666673,0.0024286709889973766,375.6957677140927,-1,310.2968,322.84128687830395,297.7523131216961
2011-11-09 00:00:00+05:30,318.53,320.88,313.51,314.51,12526,316.16333333333336,315.72,316.6066666666667,0.002804457611572044,375.6957677140927,-1,310.3208,322.89510639995467,297.74649360004537
2011-11-11 00:00:00+05:30,315.74,316.67,308.96,313.74,6133,316.3,317.195,315.40500000000003,0.005659184318684678,375.6957677140927,-1,310.5428,323.154704877533,297.930895122467
2011-11-14 00:00:00+05:30,312.51,320.37,309.23,313.21,400641,313.12333333333333,312.815,313.4316666666667,0.001969405026773287,375.6957677140927,-1,310.83119999999997,323.3437438756449,298.318656124355
2011-11-15 00:00:00+05:30,315.28,315.28,310.16,312.09,13281,314.27,314.8,313.73999999999995,0.003372895917523337,375.6957677140927,-1,311.3016,323.06119819721494,299.5420018027851
2011-11-16 00:00:00+05:30,305.1,313.4,300.86,309.91,48258,312.51,312.72,312.29999999999995,0.0013439569933764448,375.6957677140927,-1,312.0644,320.3879936085288,303.74080639147115
2011-11-17 00:00:00+05:30,312.49,313.88,309.23,311.65,19229,308.0566666666667,307.13,308.98333333333335,0.006016209139011285,375.6957677140927,-1,312.3844,319.97200479729554,304.7967952027045
2011-11-18 00:00:00+05:30,308.3,312.49,301.33,307.05,27915,311.58666666666664,311.555,311.6183333333333,0.00020326073002677395,375.6957677140927,-1,312.3528,320.0219872215993,304.6836127784007
2011-11-21 00:00:00+05:30,311.51,311.51,299.93,304.42,29289,306.95666666666665,306.90999999999997,307.00333333333333,0.00030406029081204343,375.6957677140927,-1,312.3128,320.1351096742549,304.49049032574504
2011-11-22 00:00:00+05:30,306.7,306.86,296.21,297.73,21590,305.2866666666667,305.72,304.85333333333335,0.002838861834778266,375.6957677140927,-1,311.86,321.48758370516407,302.23241629483596
2011-11-23 00:00:00+05:30,296.24,297.61,289.26,290.87,21693,300.26666666666665,301.53499999999997,298.99833333333333,0.00844804618117218,371.8062621743342,-1,311.0168,323.67926196598194,298.35433803401804
2011-11-24 00:00:00+05:30,289.42,306.91,289.42,299.66,18472,292.58,293.435,291.72499999999997,0.005844555335293036,371.8062621743342,-1,310.3596,323.5932171684063,297.1259828315937
2011-11-25 00:00:00+05:30,302.26,310.63,302.26,306.4,35824,298.66333333333336,298.165,299.1616666666667,0.0033370908157457214,371.8062621743342,-1,310.18399999999997,323.5063193175939,296.861680682406
2011-11-28 00:00:00+05:30,306.05,313.86,306.05,307.75,5698,306.43,306.445,306.415,9.790164148409984e-05,371.8062621743342,-1,310.13199999999995,323.48173857421693,296.78226142578296
2011-11-29 00:00:00+05:30,306.03,313.88,306.03,311.26,11287,309.22,309.95500000000004,308.485,0.004753896901882243,371.8062621743342,-1,310.08279999999996,323.40645537830875,296.7591446216912
2011-11-30 00:00:00+05:30,305.56,311.56,305.56,308.68,11139,310.39,309.955,310.825,0.0028029253519765603,371.8062621743342,-1,310.1396,323.42669266016975,296.8525073398302
2011-12-01 00:00:00+05:30,320.81,320.81,311.56,313.4,12877,308.59999999999997,308.56,308.63999999999993,0.00025923525599457956,371.8062621743342,-1,310.2392,323.5850990495184,296.89330095048155
2011-12-02 00:00:00+05:30,309.42,316.21,309.23,313.88,6832,315.25666666666666,316.185,314.3283333333333,0.005889381139177655,371.8062621743342,-1,310.452,323.8535521489094,297.0504478510906
2011-12-05 00:00:00+05:30,310.63,315.28,310.63,313.63,6113,313.1066666666667,312.72,313.49333333333334,0.002469871822169161,371.8062621743342,-1,310.5664,324.0255611982299,297.10723880177005
2011-12-07 00:00:00+05:30,311.61,316.21,311.61,314.54,4075,313.18,312.955,313.40500000000003,0.0014368733635610367,371.8062621743342,-1,310.362,323.41214697235006,297.31185302765
2011-12-08 00:00:00+05:30,313.88,318.53,309.72,315.67,4655,314.11999999999995,313.90999999999997,314.3299999999999,0.001337068636189861,371.8062621743342,-1,310.176,322.77798587524745,297.5740141247525
2011-12-09 00:00:00+05:30,316.21,319.42,311.54,313.95,7083,314.64000000000004,314.125,315.1550000000001,0.0032735825069923922,371.8062621743342,-1,310.002,322.2660913238583,297.7379086761417
2011-12-12 00:00:00+05:30,312.77,318.35,311.56,314.07,6137,314.97,315.48,314.46000000000004,0.003238403657491132,371.8062621743342,-1,310.1432,322.5096730234589,297.77672697654106
2011-12-13 00:00:00+05:30,312.02,316.21,310.16,314.28,7423,314.66,314.95500000000004,314.365,0.0018750397254180123,371.8062621743342,-1,310.2336,322.6863701400105,297.7808298599895
2011-12-14 00:00:00+05:30,318.07,318.07,310.77,312.16,5883,313.55,313.185,313.915,0.002328177324190777,371.8062621743342,-1,310.0624,322.28471176823507,297.840088231765
2011-12-15 00:00:00+05:30,312.44,313.68,297.61,302.14,21934,313.6666666666667,314.41999999999996,312.9133333333334,0.004803400637619171,371.8062621743342,-1,309.466,321.72129240776957,297.21070759223045
2011-12-16 00:00:00+05:30,304.58,325.04,304.12,307.96,131051,304.47666666666663,305.645,303.3083333333333,0.007674370230888087,371.8062621743342,-1,309.204,321.2957241119674,297.1122758880326
2011-12-19 00:00:00+05:30,309.14,310.63,291.63,293.1,18672,312.3733333333334,314.58000000000004,310.16666666666674,0.014128393375448068,371.8062621743342,-1,308.3784,321.85747614638075,294.89932385361925
2011-12-20 00:00:00+05:30,298.31,298.31,286.1,290.8,16986,298.4533333333333,301.13,295.77666666666664,0.01793691922802008,368.7971675157936,-1,307.482,322.4545177575426,292.50948224245747
2011-12-21 00:00:00+05:30,294.33,297.61,288.91,295.56,8429,291.7366666666667,292.20500000000004,291.2683333333333,0.0032106580135055273,368.7971675157936,-1,306.8208,322.3698068313036,291.27179316869643
2011-12-22 00:00:00+05:30,291.8,297.56,291.73,295.89,4642,294.02666666666664,293.26,294.7933333333333,0.005214946490114173,368.7971675157936,-1,306.26,322.3256124688704,290.19438753112956
2011-12-23 00:00:00+05:30,297.26,299.93,294.82,298.56,4791,295.06,294.645,295.475,0.002812987189046434,368.7971675157936,-1,305.7364,321.9180358925766,289.5547641074234
2011-12-26 00:00:00+05:30,298.1,301.61,294.4,296.12,4154,297.77,297.375,298.16499999999996,0.0026530543708229966,368.7971675157936,-1,305.29920000000004,321.90042590171953,288.69797409828055
2011-12-27 00:00:00+05:30,296.26,299.42,283.22,285.8,17139,297.37666666666667,298.005,296.74833333333333,0.004225841525338215,365.07708678894375,-1,304.55440000000004,322.8326144248261,286.276185575174
2011-12-28 00:00:00+05:30,287.38,292.91,285.15,287.68,5950,289.48,291.32000000000005,287.64,0.012712449910183997,362.00960331738594,-1,304.1524,323.42814582110685,284.87665417889315
2011-12-29 00:00:00+05:30,288.31,292.03,286.08,288.17,2438,288.58,289.03,288.13,0.0031187192459629126,360.7814191846905,-1,304.0444,323.6441478187837,284.44465218121627
2011-12-30 00:00:00+05:30,292.49,296.68,281.8,283.59,41295,288.76,289.05499999999995,288.46500000000003,0.0020432192824488093,360.7814191846905,-1,303.4016,324.52890152574895,282.274298474251
2012-01-02 00:00:00+05:30,283.66,290.15,281.61,282.05,8670,287.3566666666666,289.24,285.47333333333324,0.01310798427041922,358.37401192061077,-1,302.42760000000004,325.10076107118533,279.75443892881475
2012-01-03 00:00:00+05:30,282.96,287.77,280.4,285.17,13089,284.6033333333333,285.88,283.3266666666666,0.008971551047657202,355.7428514437863,-1,301.5244,325.06008869950296,277.9887113004971
2012-01-04 00:00:00+05:30,285.98,291.05,284.12,290.28,9526,284.44666666666666,284.085,284.80833333333334,0.002542948883211935,355.7428514437863,-1,300.6852,324.2685915253915,277.1018084746085
2012-01-05 00:00:00+05:30,291.94,294.26,288.33,292.01,3623,288.48333333333335,287.58500000000004,289.38166666666666,0.006227973886417324,355.7428514437863,-1,300.0184,323.6025605693293,276.4342394306707
2012-01-06 00:00:00+05:30,288.31,295.05,287.43,288.75,3128,291.5333333333333,291.29499999999996,291.77166666666665,0.0016350331580151656,355.7428514437863,-1,299.0324,322.3559800202264,275.7088199797736
2012-01-09 00:00:00+05:30,292.96,292.96,288.42,289.96,2554,290.41,291.24,289.58000000000004,0.005716056609620771,355.7428514437863,-1,298.0756,320.8401486351015,275.3110513648985
2012-01-10 00:00:00+05:30,293.42,295.19,290.63,292.1,8279,290.44666666666666,290.69,290.2033333333333,0.0016755801409323989,355.7428514437863,-1,297.2144,319.17484085531754,275.2539591446825
2012-01-11 00:00:00+05:30,291.84,296.21,291.8,293.82,4651,292.64,292.90999999999997,292.37,0.0018452706396936975,355.7428514437863,-1,296.3856,317.2021465570036,275.56905344299645
2012-01-12 00:00:00+05:30,292.96,295.98,288.47,291.42,11446,293.9433333333333,294.005,293.88166666666666,0.00041958200560199196,355.7428514437863,-1,295.41560000000004,314.7548881606303,276.0763118393698
2012-01-13 00:00:00+05:30,298.63,298.63,292.03,292.49,13315,291.9566666666667,292.225,291.6883333333334,0.0018381723315102694,355.7428514437863,-1,294.5572,312.3747836925183,276.73961630748175
2012-01-16 00:00:00+05:30,292.03,300.86,289.82,296.19,16496,294.3833333333333,295.33,293.43666666666667,0.006431523523750156,355.7428514437863,-1,293.842,309.80843078461464,277.8755692153853
2012-01-17 00:00:00+05:30,299.66,315.14,294.45,298.38,36035,295.6233333333334,295.34000000000003,295.90666666666675,0.0019168536538615116,355.7428514437863,-1,293.20599999999996,306.9817026680997,279.43029733190025
2012-01-18 00:00:00+05:30,297.14,299.45,296.0,297.35,4382,302.65666666666664,304.79499999999996,300.5183333333333,0.014130422811326286,355.7428514437863,-1,292.6136,304.1735832248965,281.05361677510354
2012-01-19 00:00:00+05:30,302.26,311.51,299.59,303.0,208395,297.6,297.725,297.475,0.0008400537634408601,355.7428514437863,-1,292.64799999999997,304.32569155269516,280.9703084473048
2012-01-20 00:00:00+05:30,309.09,313.88,298.7,300.96,65597,304.7,305.54999999999995,303.85,0.00557925828683929,355.7428514437863,-1,292.368,302.8368108207135,281.8991891792865
2012-01-23 00:00:00+05:30,295.75,305.98,295.75,302.7,33123,304.5133333333333,306.28999999999996,302.7366666666667,0.01166889244039654,355.7428514437863,-1,292.752,303.9769935411959,281.5270064588041
2012-01-24 00:00:00+05:30,302.31,309.14,301.79,305.93,34702,301.4766666666667,300.865,302.08833333333337,0.004057804362969022,355.7428514437863,-1,293.35720000000003,305.67431462315307,281.040085376847
2012-01-25 00:00:00+05:30,303.93,309.7,303.93,307.1,20661,305.62000000000006,305.46500000000003,305.7750000000001,0.0010143315228062922,355.7428514437863,-1,293.8188,307.2464196788519,280.3911803211481
2012-01-27 00:00:00+05:30,309.23,313.84,306.91,309.28,234295,306.91,306.815,307.00500000000005,0.000619073995634077,355.7428514437863,-1,294.3544,309.0756402520947,279.6331597479053
2012-01-30 00:00:00+05:30,311.56,311.56,296.73,298.79,8038,310.01,310.375,309.645,0.0023547627495887815,355.7428514437863,-1,294.3636,309.0956253923177,279.63157460768235
2012-01-31 00:00:00+05:30,300.24,307.77,299.93,306.54,26523,302.35999999999996,304.145,300.57499999999993,0.011807117343564131,355.7428514437863,-1,294.7804,310.2583342084108,279.30246579158916
2012-02-01 00:00:00+05:30,302.26,309.19,299.96,306.07,20250,304.74666666666667,303.85,305.6433333333333,0.005884669233461544,355.7428514437863,-1,295.5912,311.22533119555726,279.95706880444277
2012-02-02 00:00:00+05:30,311.56,313.84,303.56,305.47,43310,305.0733333333333,304.575,305.57166666666666,0.0032669740608815465,355.7428514437863,-1,296.30280000000005,312.05085183633514,280.55474816366495
2012-02-03 00:00:00+05:30,306.91,307.84,303.72,306.79,76214,307.62333333333333,308.7,306.5466666666667,0.006999902478138765,355.7428514437863,-1,297.04760000000005,312.9471741125321,281.148025887468
2012-02-06 00:00:00+05:30,315.28,316.12,293.01,298.28,79322,306.1166666666666,305.78,306.45333333333326,0.002199597103500701,355.7428514437863,-1,297.6352,312.55770822884347,282.7126917711565
2012-02-07 00:00:00+05:30,299.17,304.58,290.66,292.89,36704,302.46999999999997,304.565,300.37499999999994,0.013852613482329008,355.7428514437863,-1,298.0688,311.7314560463148,284.4061439536852
2012-02-08 00:00:00+05:30,297.33,307.84,292.03,299.42,35039,296.04333333333335,297.62,294.4666666666667,0.01065159379820513,355.7428514437863,-1,298.6388,311.2499078910579,286.0276921089421
2012-02-09 00:00:00+05:30,308.77,309.23,301.84,305.14,122682,299.7633333333333,299.93499999999995,299.5916666666667,0.0011453479967527109,355.7428514437863,-1,299.2332,311.6110094604782,286.8553905395218
2012-02-10 00:00:00+05:30,307.84,307.84,294.38,301.63,131436,305.4033333333333,305.53499999999997,305.27166666666665,0.0008622477379639643,355.7428514437863,-1,299.618,311.66744347262164,287.56855652737835
2012-02-13 00:00:00+05:30,304.58,304.58,296.7,302.26,22749,301.28333333333336,301.11,301.4566666666667,0.0011506334015600789,355.7428514437863,-1,300.15840000000003,311.3940414040279,288.92275859597214
2012-02-14 00:00:00+05:30,302.03,306.44,298.21,303.89,20160,301.18,300.64,301.72,0.0035858954777875053,355.7428514437863,-1,300.7156,311.23151872162896,290.19968127837103
2012-02-15 00:00:00+05:30,305.14,307.37,302.79,304.0,66329,302.84666666666664,302.325,303.3683333333333,0.0034450877231601055,355.7428514437863,-1,301.1916,311.1679539311668,291.2152460688332
2012-02-16 00:00:00+05:30,300.4,313.42,300.4,305.82,36747,304.72,305.08000000000004,304.36,0.0023628248884222476,355.7428514437863,-1,301.6716,311.332815956592,292.010384043408
2012-02-17 00:00:00+05:30,309.7,313.88,304.84,309.54,99087,306.5466666666666,306.90999999999997,306.1833333333333,0.0023704928015311033,355.7428514437863,-1,302.39639999999997,311.57944852213626,293.2133514778637
2012-02-21 00:00:00+05:30,309.7,312.49,305.42,308.19,91986,309.42,309.36,309.48,0.00038782237735118786,355.7428514437863,-1,303.0244,311.53436419263386,294.51443580736617
2012-02-22 00:00:00+05:30,313.09,325.04,297.66,301.19,51755,308.70000000000005,308.95500000000004,308.44500000000005,0.0016520894071914182,355.7428514437863,-1,303.2244,311.30675427087374,295.14204572912627
2012-02-23 00:00:00+05:30,298.12,303.65,298.07,302.1,12044,307.96333333333337,311.35,304.5766666666667,0.021993960319951437,355.7428514437863,-1,303.3732,311.2270687944166,295.5193312055834
2012-02-24 00:00:00+05:30,303.19,309.68,300.86,305.33,30233,301.27333333333337,300.86,301.6866666666667,0.002743909185457427,355.7428514437863,-1,303.69239999999996,311.18130652631686,296.20349347368307
2012-02-27 00:00:00+05:30,305.51,306.91,295.91,297.14,18932,305.28999999999996,305.27,305.30999999999995,0.00013102296177393174,355.7428514437863,-1,303.45799999999997,311.3735967557671,295.54240324423284
2012-02-28 00:00:00+05:30,301.98,307.75,299.47,306.72,25263,299.9866666666667,301.41,298.56333333333333,0.009489310636028354,355.7428514437863,-1,303.6884,311.6349991316985,295.7418008683015
2012-02-29 00:00:00+05:30,306.91,312.49,303.38,307.19,37654,304.6466666666667,303.61,305.6833333333334,0.006805698404709434,355.7428514437863,-1,303.868,311.9193909357273,295.8166090642727
2012-03-01 00:00:00+05:30,306.91,311.56,299.93,304.58,14040,307.68666666666667,307.935,307.43833333333333,0.0016141962602647813,355.7428514437863,-1,303.81399999999996,311.82736683298043,295.8006331670195
2012-03-02 00:00:00+05:30,305.05,312.47,305.05,311.35,84530,305.3566666666666,305.745,304.96833333333325,0.0025434737520061445,355.7428514437863,-1,303.98400000000004,312.43724836970455,295.5307516302955
2012-03-05 00:00:00+05:30,310.63,311.49,303.65,307.75,37616,309.62333333333333,308.76,310.4866666666667,0.005576668425075698,355.7428514437863,-1,303.9228,312.2428990763279,295.6027009236721
2012-03-06 00:00:00+05:30,304.58,307.16,301.79,302.7,35207,307.63,307.57,307.69,0.0003900789909956914,355.7428514437863,-1,304.07919999999996,312.15076375431124,296.0076362456887
2012-03-07 00:00:00+05:30,298.72,302.26,298.54,299.35,10214,303.8833333333334,304.475,303.29166666666674,0.0038940382822353317,355.7428514437863,-1,303.7916,312.00310739876136,295.5800926012387
2012-03-09 00:00:00+05:30,302.26,306.44,299.93,303.05,7107,300.05,300.4,299.70000000000005,0.0023329445092482312,355.7428514437863,-1,303.67080000000004,311.8333915884548,295.5082084115453
2012-03-12 00:00:00+05:30,304.12,307.37,301.35,304.91,31100,303.14000000000004,303.185,303.0950000000001,0.000296892524905714,355.7428514437863,-1,303.6484,311.79417520926717,295.5026247907328
2012-03-13 00:00:00+05:30,305.28,316.21,302.72,312.16,253708,304.54333333333335,304.36,304.7266666666667,0.0012039884854919635,355.7428514437863,-1,303.8632,312.5914029673875,295.1349970326125
2012-03-14 00:00:00+05:30,317.14,322.72,312.02,313.26,62987,310.3633333333334,309.46500000000003,311.26166666666677,0.005788914068457628,355.7428514437863,-1,304.4624,313.6213192026086,295.3034807973914
2012-03-15 00:00:00+05:30,312.14,316.21,307.33,310.26,28089,316.0,317.37,314.63,0.008670886075949395,355.7428514437863,-1,305.1572,313.2754195486395,297.0389804513605
2012-03-16 00:00:00+05:30,311.37,313.88,300.4,301.68,26979,311.26666666666665,311.77,310.7633333333333,0.0032340972370957185,355.7428514437863,-1,305.2476,313.155878760888,297.33932123911194
2012-03-19 00:00:00+05:30,300.12,302.77,296.68,298.89,14317,305.32,307.14,303.5,0.011921917987685007,355.7428514437863,-1,304.99760000000003,313.2895281810634,296.70567181893665
2012-03-20 00:00:00+05:30,295.75,305.51,290.8,293.89,35803,299.44666666666666,299.725,299.1683333333333,0.0018589843489104198,355.7428514437863,-1,304.688,313.9777121591529,295.3982878408471
2012-03-21 00:00:00+05:30,291.1,303.19,282.73,297.21,77745,296.7333333333333,298.155,295.3116666666666,0.009582116378342043,355.7428514437863,-1,304.486,314.18855553964585,294.78344446035413
2012-03-22 00:00:00+05:30,295.28,298.54,287.12,288.31,65574,294.3766666666667,292.96000000000004,295.7933333333334,0.009624857042564642,355.7428514437863,-1,303.86280000000005,315.4556992335789,292.2699007664212
2012-03-23 00:00:00+05:30,291.19,310.63,291.19,305.3,212995,291.3233333333333,292.83000000000004,289.8166666666666,0.010343604471549715,355.7428514437863,-1,303.9148,315.5213486618509,292.30825133814915
2012-03-26 00:00:00+05:30,305.05,305.05,294.07,297.54,48600,302.3733333333333,300.90999999999997,303.8366666666666,0.009678984037392915,355.7428514437863,-1,303.5836,315.42397685886357,291.7432231411364
2012-03-27 00:00:00+05:30,300.12,302.26,289.31,291.42,64013,298.8866666666667,299.56,298.2133333333334,0.004505609707135074,355.7428514437863,-1,302.85880000000003,315.35236227182276,290.3652377281773
2012-03-28 00:00:00+05:30,287.84,290.63,284.57,285.8,30237,294.33,295.78499999999997,292.875,0.0098868616858627,355.7428514437863,-1,301.9632,315.92363176409356,288.0027682359064
2012-03-29 00:00:00+05:30,285.52,287.8,283.24,284.15,37940,287.0,287.6,286.4,0.004181184668989706,355.7428514437863,-1,301.2816,316.8927915547761,285.6704084452239
2012-03-30 00:00:00+05:30,286.45,297.61,283.68,285.05,100764,285.06333333333333,285.52,284.6066666666667,0.0032039663700463,355.7428514437863,-1,300.5996,317.44881408730726,283.75038591269276
2012-04-02 00:00:00+05:30,286.05,297.61,278.78,280.12,299319,288.78,290.645,286.91499999999996,0.012916406953390188,355.7428514437863,-1,299.5912,318.12102747463973,281.0613725253603
2012-04-03 00:00:00+05:30,283.15,288.42,282.73,286.19,54105,285.50333333333333,288.195,282.81166666666667,0.018855588376084316,355.7428514437863,-1,299.15319999999997,318.39795344191015,279.9084465580898
2012-04-04 00:00:00+05:30,285.47,289.63,282.4,287.63,36175,285.78000000000003,285.57500000000005,285.985,0.001434670025893933,355.7428514437863,-1,298.3896,317.8860772038415,278.8931227961584
2012-04-09 00:00:00+05:30,286.91,295.75,283.66,287.75,96289,286.55333333333334,286.015,287.0916666666667,0.003757299397436349,355.7428514437863,-1,297.612,317.1929760737281,278.0310239262719
2012-04-10 00:00:00+05:30,290.59,291.49,287.61,288.8,25648,289.05333333333334,289.70500000000004,288.40166666666664,0.004508971816043401,355.7428514437863,-1,296.98080000000004,316.63981069331606,277.321789306684
2012-04-11 00:00:00+05:30,287.4,290.35,285.98,287.15,15861,289.3,289.55,289.05,0.0017283097131005876,355.7428514437863,-1,296.01279999999997,315.12185336849296,276.903746631507
2012-04-12 00:00:00+05:30,286.47,289.56,279.01,283.94,76623,287.82666666666665,288.165,287.4883333333333,0.0023509519618291103,355.7428514437863,-1,295.0604,314.1078712064335,276.0129287935665
2012-04-13 00:00:00+05:30,282.57,288.26,282.54,286.36,20055,284.17,284.28499999999997,284.05500000000006,0.0008093746700915103,355.7428514437863,-1,294.4068,313.48219627478056,275.3314037252194
2012-04-16 00:00:00+05:30,288.75,288.75,281.5,282.89,23007,285.71999999999997,285.4,286.03999999999996,0.0022399552008959345,355.15819873684364,-1,293.7484,313.227851064132,274.268948935868
2012-04-17 00:00:00+05:30,285.98,285.98,281.38,283.29,26379,284.38,285.125,283.635,0.005239468317040611,352.1998707873699,-1,292.95799999999997,312.46716256531556,273.4488374346844
2012-04-18 00:00:00+05:30,287.75,290.17,280.87,285.52,144851,283.55,283.68,283.42,0.0009169458649267886,352.1998707873699,-1,292.1824,311.2663453195588,273.09845468044114
2012-04-19 00:00:00+05:30,279.57,287.38,279.57,284.54,28179,285.52,285.52,285.52,0.0,351.30955291764013,-1,291.07759999999996,308.53620592830686,273.61899407169307
2012-04-20 00:00:00+05:30,284.5,286.91,281.91,283.12,22014,283.83,283.475,284.18499999999995,0.0025014973751891017,350.9311708009345,-1,289.87199999999996,305.05064816114765,274.69335183885227
2012-04-23 00:00:00+05:30,280.43,287.38,280.43,281.75,45331,283.98,284.41,283.55,0.0030283822804423326,349.7113239688971,-1,288.7316,301.7407016507641,275.72249834923593
2012-04-24 00:00:00+05:30,282.45,284.54,279.94,282.66,22610,283.18666666666667,283.905,282.46833333333336,0.005073214369791223,346.70207101014125,-1,287.9708,300.05359692123943,275.88800307876056
2012-04-25 00:00:00+05:30,281.33,281.33,276.78,278.92,30788,282.38000000000005,282.24,282.5200000000001,0.0009915716410513718,342.58498816973554,-1,287.172,298.89683449776214,275.4471655022379
2012-04-26 00:00:00+05:30,280.87,281.33,277.61,278.8,18184,279.01,279.05499999999995,278.96500000000003,0.00032256908354509926,341.5003886429462,-1,286.5684,298.40089042931845,274.73590957068154
2012-04-27 00:00:00+05:30,279.05,280.4,276.68,278.26,10799,279.24666666666667,279.47,279.0233333333333,0.0015995416238930283,339.13077309722826,-1,285.8104,297.23998054173086,274.3808194582692
2012-04-30 00:00:00+05:30,279.5,282.12,274.38,275.78,18666,278.44666666666666,278.53999999999996,278.35333333333335,0.0006703857112072112,338.58434217333917,-1,285.3092,297.3395056253743,273.2788943746257
2012-05-02 00:00:00+05:30,276.24,278.22,269.71,274.2,25412,277.4266666666667,278.25,276.60333333333335,0.005935502475128491,334.26876848640563,-1,284.0652,293.7782462698328,274.35215373016723
2012-05-03 00:00:00+05:30,274.31,280.87,272.03,276.8,15560,274.04333333333335,273.96500000000003,274.12166666666667,0.0005716857431305433,334.26876848640563,-1,283.2356,291.66082323501945,274.8103767649805
2012-05-04 00:00:00+05:30,277.15,279.01,272.5,273.57,10799,276.56666666666666,276.45,276.68333333333334,0.0008436784379896896,334.26876848640563,-1,282.5216,291.07586851109505,273.9673314889049
2012-05-07 00:00:00+05:30,268.78,279.01,265.99,274.34,26667,275.02666666666664,275.755,274.2983333333333,0.005296456101226692,333.52954723558855,-1,282.0632,291.0812649276833,273.04513507231667
2012-05-08 00:00:00+05:30,274.24,280.85,272.29,274.1,11593,273.1133333333333,272.5,273.7266666666666,0.004491419923352604,333.52954723558855,-1,281.6612,291.15479416869675,272.16760583130326
2012-05-09 00:00:00+05:30,278.54,291.89,270.36,276.33,25992,275.7466666666667,276.57000000000005,274.9233333333334,0.005971664813113413,333.52954723558855,-1,281.31239999999997,290.9223802788514,271.70241972114854
2012-05-10 00:00:00+05:30,272.99,278.78,272.03,272.71,13059,279.52666666666664,281.125,277.9283333333333,0.011435998950607153,333.52954723558855,-1,281.01599999999996,291.1950482855674,270.83695171443253
2012-05-11 00:00:00+05:30,276.68,299.31,262.83,265.66,44936,274.50666666666666,275.405,273.60833333333335,0.006545074800854712,333.52954723558855,-1,280.1948,291.7862356246288,268.6033643753712
2012-05-14 00:00:00+05:30,269.48,271.54,265.06,266.87,17829,275.93333333333334,281.07,270.7966666666667,0.03723121526938866,333.52954723558855,-1,279.3644,291.65935907109554,267.06944092890444
2012-05-15 00:00:00+05:30,267.36,270.17,262.87,266.29,11498,267.8233333333333,268.3,267.34666666666664,0.003559560406735942,333.52954723558855,-1,278.506,291.32466139657004,265.6873386034299
2012-05-16 00:00:00+05:30,266.92,269.24,261.18,264.62,14765,266.4433333333333,266.52,266.3666666666667,0.0005754819661465511,333.52954723558855,-1,277.53880000000004,290.74761925987013,264.32998074012994
2012-05-17 00:00:00+05:30,265.45,269.2,262.41,262.94,10784,265.0133333333334,265.21000000000004,264.8166666666667,0.0014842020527268437,333.52954723558855,-1,276.5704,290.3559605384735,262.78483946152653
2012-05-18 00:00:00+05:30,262.69,267.34,261.15,266.15,8670,264.84999999999997,265.805,263.8949999999999,0.007211629224089417,331.56471749771157,-1,275.8588,289.88377694258054,261.8338230574194
2012-05-21 00:00:00+05:30,270.17,270.64,265.78,266.85,5389,264.88,264.245,265.515,0.004794623980670424,331.56471749771157,-1,275.0784,288.8481206129942,261.3086793870058
2012-05-22 00:00:00+05:30,306.91,306.91,268.08,268.41,4778,267.75666666666666,268.21,267.30333333333334,0.0033861590747817217,331.56471749771157,-1,274.4992,288.1232504050711,260.87514959492887
2012-05-23 00:00:00+05:30,268.31,269.66,262.97,269.1,9722,281.1333333333334,287.495,274.77166666666676,0.045257291913682385,331.56471749771157,-1,273.9316,287.2216632714791,260.6415367285209
2012-05-24 00:00:00+05:30,267.38,271.52,262.73,268.57,6384,267.2433333333334,266.31500000000005,268.17166666666674,0.006947476082970637,331.56471749771157,-1,273.2536,285.8194252478665,260.6877747521335
2012-05-25 00:00:00+05:30,267.38,269.31,262.76,265.29,12606,267.6066666666666,267.125,268.08833333333325,0.0035998106673971243,331.56471749771157,-1,272.4836,284.53740189649386,260.4297981035062
2012-05-28 00:00:00+05:30,267.38,271.54,265.29,269.36,12698,265.78666666666663,266.03499999999997,265.5383333333333,0.0018686665997792833,331.56471749771157,-1,271.93320000000006,283.22665824094287,260.63974175905724
2012-05-29 00:00:00+05:30,267.85,274.31,266.87,270.31,8507,268.73,268.415,269.045,0.0023443605105496054,331.56471749771157,-1,271.4756,282.0447552434392,260.90644475656075
2012-05-30 00:00:00+05:30,268.78,276.2,267.76,268.85,9997,270.49666666666667,270.59000000000003,270.4033333333333,0.0006900886024475629,331.56471749771157,-1,270.9232,280.4926793505143,261.3537206494857
2012-05-31 00:00:00+05:30,265.99,276.22,265.62,269.94,11610,270.93666666666667,271.98,269.8933333333333,0.007701676898660332,331.56471749771157,-1,270.56399999999996,279.5629830536522,261.5650169463477
2012-06-01 00:00:00+05:30,262.73,273.89,262.73,265.06,7599,270.5933333333333,270.92,270.2666666666666,0.0024144472640373793,331.56471749771157,-1,270.0144,278.6031965722749,261.42560342772515
2012-06-04 00:00:00+05:30,262.73,268.17,260.41,265.29,5358,267.2266666666667,268.31,266.1433333333334,0.008107973256161917,331.56471749771157,-1,269.4956,277.5816137620413,261.40958623795876
2012-06-05 00:00:00+05:30,269.68,269.68,265.06,266.03,2485,264.6233333333334,264.29,264.95666666666676,0.002519304168189032,331.56471749771157,-1,269.10560000000004,276.87592113621577,261.3352788637843
2012-06-06 00:00:00+05:30,266.71,268.78,265.08,265.71,8272,266.92333333333335,267.37,266.4766666666667,0.003346778725476666,331.56471749771157,-1,268.76599999999996,276.3560545452533,261.1759454547466
2012-06-07 00:00:00+05:30,266.06,267.43,265.06,265.41,15500,266.5233333333333,266.92999999999995,266.1166666666667,0.003051640256637727,330.5580792347483,-1,268.3104,275.2568707125217,261.36392928747836
2012-06-08 00:00:00+05:30,265.8,268.78,265.76,267.64,6275,265.9666666666667,266.245,265.6883333333334,0.002092994109537342,329.95415606535835,-1,268.0732,274.6818433585057,261.46455664149426
2012-06-11 00:00:00+05:30,267.59,273.43,264.15,267.17,15586,267.3933333333333,267.27,267.51666666666665,0.0009224862250367862,329.95415606535835,-1,267.7864,273.8849267204401,261.68787327955994
2012-06-12 00:00:00+05:30,266.01,287.33,265.2,279.94,46585,268.25,268.78999999999996,267.71000000000004,0.004026095060577548,329.95415606535835,-1,268.02,275.38406844074126,260.6559315592587
2012-06-13 00:00:00+05:30,275.5,280.87,267.03,271.57,31642,277.49,276.265,278.71500000000003,0.008829146996288319,329.95415606535835,-1,267.8296,274.54167265752704,261.117527342473
2012-06-14 00:00:00+05:30,271.1,273.87,263.2,264.92,10358,273.1566666666667,273.95,272.3633333333334,0.005808632408751709,329.95415606535835,-1,267.51800000000003,274.01470193251333,261.0212980674867
2012-06-15 00:00:00+05:30,264.13,267.38,263.43,265.78,24044,267.33,268.53499999999997,266.125,0.009015075000935055,329.95415606535835,-1,267.5228,274.01417894749045,261.0314210525096
2012-06-18 00:00:00+05:30,266.92,271.94,262.76,263.85,28814,265.53,265.405,265.655,0.0009415132000150643,329.95415606535835,-1,267.402,274.04803340346115,260.7559665965388
2012-06-19 00:00:00+05:30,263.85,270.41,260.57,262.36,21822,266.18333333333334,267.35,265.01666666666665,0.008765888172312459,329.95415606535835,-1,267.24480000000005,274.1687113108071,260.320888689193
2012-06-20 00:00:00+05:30,265.06,265.06,261.38,262.78,10537,264.44666666666666,265.49,263.4033333333333,0.00789068999420186,327.9625691645299,-1,267.1712,274.2426961811431,260.0997038188569
2012-06-21 00:00:00+05:30,263.66,266.45,258.08,261.59,27510,263.0733333333333,263.22,262.9266666666666,0.001115024961354531,326.76146639794865,-1,267.1172,274.3361938800308,259.89820611996925
2012-06-22 00:00:00+05:30,261.34,262.9,254.69,256.36,27756,262.03999999999996,262.265,261.81499999999994,0.001717295069455219,323.0104077420307,-1,266.7256,275.0841627089783,258.3670372910217
2012-06-25 00:00:00+05:30,265.99,268.78,251.57,252.62,40830,257.9833333333333,258.79499999999996,257.1716666666666,0.006292396149622076,323.0104077420307,-1,266.1564,276.176480446779,256.136319553221
2012-06-26 00:00:00+05:30,251.76,255.76,250.18,252.41,18076,257.65666666666664,260.17499999999995,255.13833333333332,0.01954797728242998,318.3393677750555,-1,265.5164,276.83828942535314,254.19451057464684
2012-06-27 00:00:00+05:30,254.08,256.22,250.18,251.04,37252,252.78333333333333,252.97,252.59666666666666,0.001476890617788626,317.6457930640533,-1,264.79400000000004,277.34683107509716,252.24116892490292
2012-06-28 00:00:00+05:30,254.83,277.94,246.5,247.39,58153,252.48000000000002,253.20000000000002,251.76000000000002,0.00570342205323193,317.6457930640533,-1,263.9468,278.120195607261,249.77340439273902
2012-06-29 00:00:00+05:30,248.78,249.71,244.09,245.2,87291,257.2766666666667,262.22,252.33333333333337,0.03842815127683553,316.31791488783153,-1,263.1432,279.0882363135342,247.19816368646573
2012-07-02 00:00:00+05:30,246.46,247.85,241.67,242.76,107446,246.33333333333334,246.9,245.76666666666668,0.0046008119079837305,313.13159829231824,-1,262.07919999999996,279.6862439722267,244.4721560277732
2012-07-03 00:00:00+05:30,246.83,266.87,245.53,249.32,517403,244.09333333333333,244.76,243.42666666666668,0.005462391434970152,313.13159829231824,-1,261.2396,279.19500206622865,243.28419793377137
2012-07-04 00:00:00+05:30,251.11,254.22,249.76,252.04,110764,253.90666666666667,256.2,251.61333333333334,0.018064380612298397,313.13159829231824,-1,260.56719999999996,278.59113654671273,242.54326345328718
2012-07-05 00:00:00+05:30,253.41,254.83,251.11,251.5,62647,252.00666666666666,251.99,252.0233333333333,0.00013227163302546104,313.13159829231824,-1,259.82959999999997,277.76795085396446,241.89124914603545
2012-07-06 00:00:00+05:30,253.9,258.55,250.29,256.06,108618,252.48000000000002,252.97000000000003,251.99,0.0038814955640051416,313.13159829231824,-1,259.4696,277.3347190692906,241.60448093070943
2012-07-09 00:00:00+05:30,255.66,256.06,251.11,252.11,29571,254.9666666666667,254.42000000000002,255.51333333333338,0.004288142240815905,313.13159829231824,-1,258.94239999999996,276.86714783532335,241.01765216467658
2012-07-10 00:00:00+05:30,252.22,254.2,250.18,250.5,35689,253.09333333333333,253.585,252.60166666666666,0.0038852597197345452,313.13159829231824,-1,258.3212,276.296723197947,240.34567680205296
2012-07-11 00:00:00+05:30,251.11,252.5,245.18,246.13,49467,251.62666666666667,252.19,251.06333333333333,0.004477532852903767,313.13159829231824,-1,257.538,275.8604120682822,239.21558793171783
2012-07-12 00:00:00+05:30,245.25,246.13,242.09,242.95,27037,247.93666666666664,248.84,247.03333333333327,0.007286807114720409,307.7554478110109,-1,256.6396,275.52390330618346,237.75529669381646
2012-07-13 00:00:00+05:30,243.23,248.69,238.65,240.39,51239,243.72333333333336,244.11,243.3366666666667,0.0031729967039128195,307.58082989857047,-1,255.5496,274.90808711443987,236.19111288556013
2012-07-16 00:00:00+05:30,241.99,244.6,238.09,239.76,27532,242.57666666666668,243.67000000000002,241.48333333333335,0.00901433223860498,304.52219670262764,-1,254.4532,274.1566792623013,234.74972073769874
2012-07-17 00:00:00+05:30,242.74,245.99,238.55,239.88,51596,240.8166666666667,241.345,240.28833333333338,0.004387846909820534,304.52219670262764,-1,252.85080000000002,270.40085816058564,235.3007418394144
2012-07-18 00:00:00+05:30,240.64,241.55,235.37,236.67,42226,241.47333333333336,242.27,240.6766666666667,0.0065983821539989445,300.41437648114163,-1,251.4548,268.3673649101471,234.5422350898529
2012-07-19 00:00:00+05:30,237.39,238.99,233.95,234.97,37988,237.86333333333334,238.46,237.26666666666668,0.005016886447399745,297.357401421896,-1,250.2568,267.425491244237,233.088108755763
2012-07-20 00:00:00+05:30,234.83,241.81,233.2,238.92,60950,235.97,236.47,235.47,0.00423782684239522,297.357401421896,-1,249.18239999999997,265.67952535443493,232.685274645565
2012-07-23 00:00:00+05:30,234.48,241.67,233.2,234.48,18902,237.97666666666666,237.505,238.44833333333332,0.003963974059081401,297.357401421896,-1,248.00760000000002,264.34155411282717,231.67364588717288
2012-07-24 00:00:00+05:30,235.3,239.02,232.97,235.37,18059,236.45000000000002,237.435,235.46500000000003,0.008331571156692622,296.0568052644026,-1,246.928,262.88828571172655,230.96771428827344
2012-07-25 00:00:00+05:30,234.83,241.3,232.65,236.72,39994,235.78666666666666,235.995,235.57833333333332,0.0017671341325492774,296.0568052644026,-1,245.8856,260.94717716044187,230.82402283955813
2012-07-26 00:00:00+05:30,235.3,237.09,232.51,232.79,17377,236.89000000000001,236.97500000000002,236.805,0.0007176326565073068,293.76047973167346,-1,244.7336,259.20845199095123,230.25874800904873
2012-07-27 00:00:00+05:30,234.09,241.78,232.97,235.13,46179,234.13,234.8,233.45999999999998,0.005723316106436731,293.76047973167346,-1,243.8844,258.01825052135285,229.75054947864714
2012-07-30 00:00:00+05:30,241.3,242.74,236.74,237.76,57651,236.62666666666667,237.375,235.87833333333333,0.006325012678199145,293.76047973167346,-1,243.29,257.1516051018613,229.4283948981387
2012-07-31 00:00:00+05:30,237.76,240.6,235.99,237.11,15565,239.08,239.74,238.42000000000002,0.005521164463777786,293.76047973167346,-1,242.67800000000003,256.2223272258148,229.13367277418524
2012-08-01 00:00:00+05:30,239.95,241.81,238.69,240.09,35001,237.9,238.29500000000002,237.505,0.0033207229928542263,293.76047973167346,-1,242.23999999999995,255.37641412258105,229.10358587741885
2012-08-02 00:00:00+05:30,240.41,241.76,239.02,240.99,21448,240.1966666666667,240.25,240.14333333333337,0.00044408054510870185,293.76047973167346,-1,241.984,254.95742021210864,229.01057978789137
2012-08-03 00:00:00+05:30,240.64,240.64,238.55,238.95,16195,240.59,240.39,240.79000000000002,0.0016625794920821068,293.3835734274272,-1,241.734,254.6907600888474,228.7772399111526
2012-08-06 00:00:00+05:30,241.76,241.76,237.16,238.11,14147,239.38,239.595,239.165,0.0017963071267441174,292.3850304903301,-1,241.548,254.57382665322817,228.52217334677184
2012-08-07 00:00:00+05:30,237.62,241.76,236.58,241.37,37947,239.01,239.45999999999998,238.56,0.0037655328228943445,291.42842927071695,-1,241.23,253.86360977709654,228.59639022290344
2012-08-08 00:00:00+05:30,238.41,245.76,237.3,238.46,48596,239.90333333333334,239.17000000000002,240.63666666666666,0.006113573522668742,291.42842927071695,-1,240.6868,252.5593952950461,228.8142047049539
2012-08-09 00:00:00+05:30,234.88,241.23,234.88,237.23,18595,240.50666666666666,241.53,239.48333333333332,0.008509812617806912,290.2684164158927,-1,240.116,251.20018404754956,229.03181595245047
2012-08-10 00:00:00+05:30,238.09,240.16,235.3,236.04,11388,237.78,238.055,237.505,0.0023130624947430875,289.215679759257,-1,239.3152,248.38594615673668,230.24445384326333
2012-08-13 00:00:00+05:30,236.27,238.02,234.6,236.18,17784,237.16666666666666,237.73000000000002,236.6033333333333,0.0047505270555167475,286.6938525688867,-1,238.67800000000003,246.16358294322856,231.1924170567715
2012-08-14 00:00:00+05:30,236.69,239.95,236.69,237.25,13769,236.26666666666665,236.31,236.2233333333333,0.00036681715575635526,286.6938525688867,-1,238.14800000000002,243.88167874928087,232.41432125071918
2012-08-16 00:00:00+05:30,239.44,241.76,238.55,241.41,31661,237.96333333333334,238.32,237.60666666666668,0.002997660704029934,286.6938525688867,-1,237.9592,242.88271718184828,233.03568281815174
2012-08-17 00:00:00+05:30,241.81,246.92,241.37,242.48,48761,240.57333333333335,240.155,240.9916666666667,0.003477803026104451,286.6938525688867,-1,237.9404,242.79058920867578,233.09021079132424
2012-08-21 00:00:00+05:30,242.74,245.5,241.81,244.09,18403,243.59,244.14499999999998,243.03500000000003,0.0045568373085921295,286.6938525688867,-1,238.0884,243.42950903838846,232.74729096161155
2012-08-22 00:00:00+05:30,244.13,250.18,243.2,247.41,38194,243.79999999999998,243.655,243.94499999999996,0.0011894995898275786,286.6938525688867,-1,238.3944,244.8448711889872,231.94392881101277
2012-08-23 00:00:00+05:30,246.02,252.04,243.32,246.2,55507,246.92999999999998,246.69,247.16999999999996,0.001943870732596126,286.6938525688867,-1,238.64719999999997,245.77097769445072,231.52342230554922
2012-08-24 00:00:00+05:30,245.99,248.76,243.25,244.81,15012,247.18666666666664,247.68,246.69333333333327,0.0039915853066511235,286.6938525688867,-1,238.97279999999998,246.44109784087064,231.50450215912932
2012-08-27 00:00:00+05:30,249.41,249.71,240.06,241.88,21412,245.60666666666665,246.005,245.20833333333331,0.0032436687386336463,286.6938525688867,-1,239.24920000000003,246.61524299742769,231.88315700257237
2012-08-28 00:00:00+05:30,245.53,246.46,240.51,242.46,25614,243.88333333333333,244.885,242.88166666666666,0.008214310120959464,286.6938525688867,-1,239.3908,246.86144424530795,231.92015575469208
2012-08-29 00:00:00+05:30,242.46,254.25,238.2,240.64,172022,243.14333333333335,243.485,242.80166666666668,0.0028104136106274916,286.6938525688867,-1,239.63719999999998,246.84544532323588,232.42895467676408
2012-08-30 00:00:00+05:30,240.88,245.99,239.48,244.02,24209,244.36333333333332,246.225,242.50166666666664,0.015236874053663361,286.6938525688867,-1,239.9832,247.16929261281481,232.7971073871852
2012-08-31 00:00:00+05:30,244.13,244.46,239.02,239.83,12618,243.16333333333333,242.735,243.59166666666664,0.0035230092256232155,286.6938525688867,-1,240.1076,247.17003760750856,233.04516239249142
2012-09-03 00:00:00+05:30,240.41,243.2,238.09,239.48,15113,241.10333333333335,241.74,240.4666666666667,0.005281276354536694,286.6938525688867,-1,240.37519999999998,246.78511761569138,233.96528238430858
2012-09-04 00:00:00+05:30,239.02,241.81,238.58,239.95,12502,240.25666666666666,240.64499999999998,239.86833333333334,0.003232653967284886,286.6938525688867,-1,240.56800000000004,246.61492847650368,234.5210715234964
2012-09-05 00:00:00+05:30,239.51,244.11,237.69,241.88,33063,240.11333333333332,240.195,240.03166666666664,0.0006802343337869145,286.6938525688867,-1,240.7328,246.68851529204935,234.77708470795065
2012-09-06 00:00:00+05:30,241.81,243.9,240.02,242.13,8085,241.2266666666667,240.9,241.55333333333337,0.002708379394207513,286.6938525688867,-1,240.93359999999996,246.72338930186146,235.14381069813845
2012-09-07 00:00:00+05:30,245.53,245.53,239.95,241.18,22883,242.01666666666665,241.96,242.0733333333333,0.0004682873080364456,286.6938525688867,-1,240.9772,246.75733015769973,235.1970698423003
2012-09-10 00:00:00+05:30,242.74,244.13,239.48,243.57,24508,242.22000000000003,242.74,241.70000000000005,0.0042936173726362955,286.6938525688867,-1,241.08039999999997,246.9492069792718,235.21159302072815
2012-09-11 00:00:00+05:30,239.99,248.78,239.99,247.09,32252,242.39333333333335,241.805,242.98166666666668,0.004854368932038875,286.6938525688867,-1,241.40599999999998,247.65668828209732,235.15531171790263
2012-09-12 00:00:00+05:30,247.39,253.2,247.39,250.85,42205,245.28666666666666,244.385,246.18833333333333,0.007351941945478794,286.6938525688867,-1,241.9156,249.02646623133555,234.80473376866448
2012-09-13 00:00:00+05:30,254.36,264.8,251.34,255.34,175446,250.48,250.295,250.665,0.001477163845416818,286.6938525688867,-1,242.47440000000003,251.31193826356343,233.63686173643663
2012-09-14 00:00:00+05:30,258.08,262.59,252.04,253.87,43250,257.16,258.07,256.25000000000006,0.007077305957380371,286.6938525688867,-1,243.09080000000003,252.8263725789471,233.35522742105297
2012-09-17 00:00:00+05:30,258.08,258.08,254.01,256.32,34927,256.1666666666667,257.315,255.01833333333337,0.008965517241379143,286.6938525688867,-1,243.8544,254.5761104307076,233.1326895692924
2012-09-18 00:00:00+05:30,257.39,262.27,254.36,259.71,67860,256.1366666666666,256.04499999999996,256.22833333333324,0.0007157637198889148,286.6938525688867,-1,244.8012,256.71014563930584,232.89225436069412
2012-09-20 00:00:00+05:30,255.83,259.94,254.87,256.11,17068,258.78,258.315,259.24499999999995,0.0035937862276835537,286.6938525688867,-1,245.5984,257.7578035116835,233.43899648831652
2012-09-21 00:00:00+05:30,256.06,260.36,253.53,255.57,90889,256.9733333333333,257.405,256.54166666666663,0.003359622269496228,286.6938525688867,-1,246.3312,258.5974559177582,234.06494408224177
2012-09-24 00:00:00+05:30,258.08,267.31,256.2,264.8,88760,256.4866666666667,256.945,256.02833333333336,0.003573934967379573,286.6938525688867,-1,247.2668,261.3259672242682,233.20763277573178
2012-09-25 00:00:00+05:30,267.38,283.12,264.85,274.03,253359,262.77,261.755,263.78499999999997,0.007725387220763302,286.6938525688867,-1,248.52880000000002,265.91346203985387,231.1441379601462
2012-09-26 00:00:00+05:30,274.36,284.59,274.36,278.08,543873,274.0,273.985,274.015,0.00010948905109479094,286.6938525688867,-1,249.8884,270.6586600311101,229.11813996888984
2012-09-27 00:00:00+05:30,280.85,281.29,272.06,273.43,41719,279.01,279.475,278.54499999999996,0.003333213863302619,286.6938525688867,-1,250.9292,273.6175440876572,228.2408559123428
2012-09-28 00:00:00+05:30,276.61,282.59,274.82,277.54,81352,275.5933333333333,276.675,274.5116666666666,0.007849730278913662,286.6938525688867,-1,252.18280000000001,277.0463878472904,227.3192121527096
2012-10-01 00:00:00+05:30,277.61,278.96,274.38,275.29,51469,278.31666666666666,278.705,277.92833333333334,0.002790586262650371,286.6938525688867,-1,253.40200000000002,279.6505376354555,227.1534623645445
2012-10-03 00:00:00+05:30,276.68,279.01,274.4,275.29,42187,276.21,276.66999999999996,275.75,0.003330799029723613,286.6938525688867,-1,254.7384,281.8908282111181,227.58597178888192
2012-10-04 00:00:00+05:30,275.29,285.94,273.89,277.31,220466,276.23333333333335,276.705,275.7616666666667,0.0034149873295520857,286.6938525688867,-1,256.13239999999996,284.1837154229871,228.08108457701277
2012-10-05 00:00:00+05:30,279.01,283.61,267.87,274.36,352427,279.0466666666666,279.91499999999996,278.1783333333333,0.006223570728910382,286.6938525688867,-1,257.4812,285.6655254707278,229.2968745292722
2012-10-08 00:00:00+05:30,273.89,281.29,272.03,275.99,55073,275.28000000000003,275.74,274.82000000000005,0.0033420517291483545,286.6938525688867,-1,258.76,287.28427681817567,230.2357231818243
2012-10-09 00:00:00+05:30,278.99,280.59,275.29,275.5,159990,276.43666666666667,276.65999999999997,276.21333333333337,0.001615801087650944,286.6938525688867,-1,260.1868,288.34692370427217,232.0266762957278
2012-10-10 00:00:00+05:30,275.78,279.92,268.78,270.89,60731,277.12666666666667,277.94,276.31333333333333,0.005869758714426611,286.6938525688867,-1,261.44320000000005,288.57997046075883,234.30642953924126
2012-10-11 00:00:00+05:30,271.57,277.15,266.22,267.43,79782,273.19666666666666,274.35,272.0433333333333,0.008443246013250756,286.6938525688867,-1,262.5424,288.2988129676457,236.78598703235429
2012-10-12 00:00:00+05:30,268.73,272.15,264.13,270.03,37289,270.26666666666665,271.685,268.8483333333333,0.01049580661075494,286.6938525688867,-1,263.6684,288.1425088859208,239.19429111407925
2012-10-15 00:00:00+05:30,274.36,274.36,268.82,271.31,23915,268.77,268.14,269.4,0.00468802321687685,286.6938525688867,-1,264.8356,287.8280161966485,241.8431838033515
2012-10-16 00:00:00+05:30,271.61,280.1,271.59,272.68,65154,271.49666666666667,271.59000000000003,271.4033333333333,0.0006875468084324827,286.6938525688867,-1,266.0956,287.13395436910173,245.05724563089825
2012-10-17 00:00:00+05:30,270.2,276.08,270.2,274.4,29654,274.79,275.845,273.735,0.00767859092397836,286.6938525688867,-1,267.3288,286.4698263632831,248.18777363671688
2012-10-18 00:00:00+05:30,272.08,278.31,272.08,277.19,39749,273.56,273.14,273.98,0.003070624360286708,286.6938525688867,-1,268.5328,286.15670151583635,250.9088984841637
2012-10-19 00:00:00+05:30,277.43,283.08,274.36,281.52,122559,275.85999999999996,275.195,276.5249999999999,0.004821286159645935,286.6938525688867,-1,269.7596,286.5387389338039,252.98046106619603
2012-10-22 00:00:00+05:30,280.94,281.19,272.03,273.15,56944,279.65333333333336,278.72,280.5866666666667,0.006674930866787478,286.6938525688867,-1,270.472,286.222575862485,254.721424137515
2012-10-23 00:00:00+05:30,276.17,281.29,274.36,276.22,38706,275.45666666666665,276.61,274.3033333333333,0.00837397291770053,286.6938525688867,-1,271.366,285.72113120803476,257.0108687919652
2012-10-25 00:00:00+05:30,278.54,279.01,274.36,277.68,18644,277.29,277.82500000000005,276.755,0.003858776010674925,286.6938525688867,-1,272.2204,285.38502347960974,259.0557765203902
2012-10-26 00:00:00+05:30,275.31,278.06,270.27,271.92,42611,277.01666666666665,276.685,277.3483333333333,0.002394561097406769,286.6938525688867,-1,272.7088,284.8465919837132,260.5710080162868
2012-10-29 00:00:00+05:30,274.87,276.26,271.5,274.24,16126,273.4166666666667,274.16499999999996,272.6683333333334,0.005473940871685057,286.6938525688867,-1,273.434,283.5094275343477,263.35857246565234
2012-10-30 00:00:00+05:30,273.29,275.57,269.85,273.29,26171,274.0,273.88,274.12,0.0008759124087591572,286.6938525688867,-1,274.14279999999997,281.10328623588106,267.1823137641189
2012-10-31 00:00:00+05:30,270.64,273.87,265.2,269.52,85616,272.90333333333336,272.71000000000004,273.0966666666667,0.0014168631139230838,286.6938525688867,-1,274.3316,280.4764324435976,268.18676755640234
2012-11-01 00:00:00+05:30,271.99,285.98,271.89,279.66,567201,269.53,269.53499999999997,269.525,3.710162134081885e-05,286.6938525688867,-1,274.5568,281.0440372424546,268.06956275754544
2012-11-02 00:00:00+05:30,276.75,287.75,276.75,281.36,287272,279.1766666666667,278.935,279.41833333333335,0.0017312812675367394,286.6938525688867,-1,274.688,281.57528451567737,267.8007154843226
2012-11-05 00:00:00+05:30,281.94,287.84,281.94,285.87,92689,281.9533333333333,282.25,281.65666666666664,0.002104367152956856,286.6938525688867,-1,275.18559999999997,283.32175354820004,267.0494464517999
2012-11-06 00:00:00+05:30,286.45,289.75,282.73,283.24,85569,285.21666666666664,284.89,285.5433333333333,0.0022906562262606472,286.6938525688867,-1,275.41360000000003,284.10163108649414,266.7255689135059
2012-11-07 00:00:00+05:30,285.05,287.15,280.26,286.54,122082,285.24,286.24,284.24,0.007011639321273314,286.6938525688867,-1,275.8636,285.58352408200227,266.14367591799777
2012-11-08 00:00:00+05:30,284.73,308.72,281.8,301.0,392428,284.65000000000003,283.705,285.5950000000001,0.0066397330054456345,233.51102891954832,1,276.892,290.7226916674433,263.0613083325567
2012-11-09 00:00:00+05:30,306.44,308.72,296.82,298.56,92579,297.17333333333335,295.26,299.0866666666667,0.0128768844221107,240.15898776276637,1,277.742,293.974388364005,261.50961163599504
2012-11-12 00:00:00+05:30,298.56,300.4,290.66,293.94,54428,301.3666666666666,302.77,299.96333333333325,0.00931312907864195,240.15898776276637,1,278.5252,295.8799338740726,261.17046612592736
2012-11-13 00:00:00+05:30,294.07,306.86,293.94,303.68,55157,295.0,295.53,294.47,0.003593220338982866,240.15898776276637,1,279.6328,299.544945857237,259.72065414276295
2012-11-15 00:00:00+05:30,303.19,303.19,293.42,294.7,50385,301.49333333333334,300.4,302.5866666666667,0.0072527861312579305,240.15898776276637,1,280.4008,301.0823070398624,259.7192929601376
2012-11-16 00:00:00+05:30,294.35,302.98,290.91,294.19,69677,297.1033333333333,298.305,295.9016666666666,0.008089216995209595,240.15898776276637,1,281.33279999999996,302.3137464190698,260.35185358093014
2012-11-19 00:00:00+05:30,293.91,299.0,288.4,289.73,40598,296.0266666666667,296.94500000000005,295.10833333333335,0.006204396000360445,240.15898776276637,1,282.2248,302.654520405328,261.795079594672
2012-11-20 00:00:00+05:30,292.96,299.33,284.64,288.12,41424,292.37666666666667,293.7,291.05333333333334,0.009052249951546455,240.15898776276637,1,282.94840000000005,302.8744012486168,263.0223987513833
2012-11-21 00:00:00+05:30,292.68,295.05,286.45,293.91,34508,290.69666666666666,291.985,289.4083333333333,0.008863764061048897,240.15898776276637,1,283.8524,303.6344462278267,264.0703537721733
2012-11-22 00:00:00+05:30,294.1,297.61,290.63,291.75,15956,291.80333333333334,290.75,292.8566666666667,0.007219474303469289,240.15898776276637,1,284.6152,304.08337474340806,265.147025256592
2012-11-23 00:00:00+05:30,291.75,293.89,291.24,291.98,31895,293.33,294.12,292.53999999999996,0.005386424845737023,240.15898776276637,1,285.3184,304.5281439274934,266.1086560725066
2012-11-26 00:00:00+05:30,291.1,292.96,286.03,289.56,35233,292.37,292.565,292.175,0.0013339261894174722,240.15898776276637,1,285.8132,304.79588155556183,266.83051844443816
2012-11-27 00:00:00+05:30,288.96,293.63,288.96,290.49,49372,289.51666666666665,289.495,289.5383333333333,0.00014967474526496089,240.15898776276637,1,286.172,305.1556190437932,267.18838095620686
2012-11-29 00:00:00+05:30,289.33,294.91,289.31,294.1,83055,291.02666666666664,291.29499999999996,290.7583333333333,0.0018440463645941953,240.15898776276637,1,287.01000000000005,305.46247213789707,268.55752786210303
2012-11-30 00:00:00+05:30,297.12,298.05,293.89,297.45,36646,292.77333333333337,292.11,293.4366666666667,0.004531378085435982,240.15898776276637,1,287.85920000000004,306.2009634223066,269.5174365776935
2012-12-03 00:00:00+05:30,298.54,312.68,297.63,303.56,125365,296.46333333333337,295.97,296.9566666666667,0.0033281237702245765,243.2995443507973,1,288.89439999999996,307.73577921065913,270.0530207893408
2012-12-04 00:00:00+05:30,300.89,307.84,300.05,302.63,34463,304.6233333333333,305.155,304.0916666666666,0.0034906496547650856,243.2995443507973,1,290.1228,308.372390040323,271.87320995967696
2012-12-05 00:00:00+05:30,304.58,311.56,301.35,307.12,74999,303.50666666666666,303.945,303.0683333333333,0.0028884593419145053,244.49626007369488,1,291.438,309.65862479718663,273.21737520281334
2012-12-06 00:00:00+05:30,309.7,310.05,302.26,304.86,46828,306.6766666666667,306.45500000000004,306.8983333333333,0.0014456050346182336,244.49626007369488,1,292.7008,310.07148051170856,275.3301194882915
2012-12-07 00:00:00+05:30,309.19,319.93,302.31,306.86,343318,305.7233333333333,306.155,305.29166666666663,0.0028239039654590014,246.99127328391717,1,294.1944,309.651389699157,278.73741030084295
2012-12-10 00:00:00+05:30,306.56,312.86,291.08,307.68,39953,309.7,311.12,308.28,0.009170164675492516,246.99127328391717,1,295.3152,310.4542812085755,280.1761187914245
2012-12-11 00:00:00+05:30,307.84,310.51,302.38,305.68,79094,303.8733333333334,301.97,305.77666666666676,0.012527149470174179,246.99127328391717,1,296.288,310.8288203344874,281.74717966551265
2012-12-12 00:00:00+05:30,305.05,313.65,304.61,305.75,90134,306.19,306.445,305.935,0.00166563245043924,246.99127328391717,1,297.08320000000003,311.431204705876,282.7351952941241
2012-12-13 00:00:00+05:30,305.75,308.96,303.31,304.93,65165,308.00333333333333,309.13,306.87666666666667,0.007315938139197618,246.99127328391717,1,297.95079999999996,311.44318353441804,284.4584164655819
2012-12-14 00:00:00+05:30,305.05,309.4,303.31,306.33,41882,305.73333333333335,306.135,305.3316666666667,0.002627562145660548,246.99127328391717,1,298.7424,311.7784512794264,285.70634872057354
2012-12-17 00:00:00+05:30,303.0,308.26,301.38,302.89,24543,306.34666666666664,306.355,306.33833333333325,5.440459610060018e-05,246.99127328391717,1,298.818,311.9272602384663,285.70873976153365
2012-12-18 00:00:00+05:30,299.03,316.21,299.0,312.37,128359,304.1766666666667,304.82,303.53333333333336,0.004229997917876563,246.99127328391717,1,299.3704,313.5127669645443,285.2280330354557
2012-12-19 00:00:00+05:30,312.37,315.74,305.1,306.54,72049,309.1933333333333,307.605,310.78166666666664,0.010274046443433299,246.99127328391717,1,299.8744,314.1045337505953,285.64426624940467
2012-12-20 00:00:00+05:30,311.49,311.49,302.31,303.7,81365,309.1266666666667,310.42,307.8333333333334,0.008367659427634585,246.99127328391717,1,299.8752,314.10619166747813,285.6442083325219
2012-12-21 00:00:00+05:30,303.7,305.68,297.61,298.56,26846,305.8333333333333,306.9,304.76666666666665,0.006975476839237033,246.99127328391717,1,300.0296,314.11566741996614,285.9435325800339
2012-12-24 00:00:00+05:30,299.33,304.54,298.54,303.0,21285,300.6166666666666,301.645,299.58833333333325,0.006841492487664453,246.99127328391717,1,300.382,314.30594082147115,286.45805917852886
2012-12-26 00:00:00+05:30,311.33,311.33,298.54,299.89,48701,302.0266666666667,301.54,302.5133333333334,0.003222673494614242,246.99127328391717,1,300.7884,314.0209280184789,287.55587198152114
2012-12-27 00:00:00+05:30,304.51,305.84,297.66,298.1,37011,303.25333333333333,304.935,301.57166666666666,0.011090837143862152,246.99127328391717,1,301.1876,313.4326241714677,288.94257582853226
2012-12-28 00:00:00+05:30,298.72,302.75,295.31,297.17,24597,300.53333333333336,301.75,299.3166666666667,0.008096716947648448,246.99127328391717,1,301.318,313.31720930727636,289.3187906927236
2012-12-31 00:00:00+05:30,298.91,301.79,296.21,297.33,16980,298.41,299.03,297.7900000000001,0.004155356723970025,246.99127328391717,1,301.5412,313.01634506399927,290.06605493600074
2013-01-01 00:00:00+05:30,299.91,300.86,298.31,299.84,21326,298.4433333333333,299.0,297.88666666666666,0.0037304680955625655,246.99127328391717,1,301.85560000000004,312.6777980465997,291.03340195340036
2013-01-02 00:00:00+05:30,297.79,309.21,295.28,307.1,102263,299.67,299.58500000000004,299.755,0.000567290686421594,246.99127328391717,1,302.5572,312.3225731439113,292.79182685608873
2013-01-03 00:00:00+05:30,310.49,310.58,304.58,308.26,35222,303.86333333333334,302.245,305.4816666666667,0.010651718426046838,246.99127328391717,1,303.268,311.9424627499242,294.59353725007577
2013-01-04 00:00:00+05:30,308.77,310.16,301.79,302.82,46471,307.8066666666667,307.58,308.03333333333336,0.0014727859478895057,246.99127328391717,1,303.6168,311.4490037154189,295.78459628458114
2013-01-07 00:00:00+05:30,299.93,302.96,294.03,295.33,84593,304.92333333333335,305.975,303.87166666666667,0.006897908763951658,246.99127328391717,1,303.532,311.6694020424102,295.3945979575898
2013-01-08 00:00:00+05:30,295.28,302.26,290.24,294.42,129232,297.44,298.495,296.385,0.007093867670790794,246.99127328391717,1,303.1664,312.05274346398016,294.28005653601986
2013-01-09 00:00:00+05:30,297.45,301.79,290.68,291.63,97704,295.64000000000004,296.25,295.0300000000001,0.0041266405087265375,246.99127328391717,1,302.7264,312.6984022141907,292.7543977858093
2013-01-10 00:00:00+05:30,293.14,295.14,291.19,292.31,25614,294.7,296.235,293.16499999999996,0.010417373600271633,246.99127328391717,1,302.134,312.7315801011281,291.53641989887194
2013-01-11 00:00:00+05:30,293.61,297.49,287.87,289.24,34801,292.87999999999994,293.16499999999996,292.5949999999999,0.001946189565692605,246.99127328391717,1,301.50919999999996,313.17792184259383,289.8404781574061
2013-01-14 00:00:00+05:30,292.26,292.96,288.31,290.49,38357,291.53333333333336,292.68,290.3866666666667,0.007866453235764785,246.99127328391717,1,300.8544,313.07285696312874,288.63594303687125
2013-01-15 00:00:00+05:30,292.49,297.14,288.89,293.19,144419,290.58666666666664,290.635,290.5383333333333,0.00033266036523822766,246.99127328391717,1,300.27479999999997,312.5178233128844,288.03177668711555
2013-01-16 00:00:00+05:30,295.28,297.56,288.36,291.28,58763,293.0733333333333,293.015,293.13166666666666,0.0003980801164668942,246.99127328391717,1,299.69879999999995,312.2221763115156,287.1754236884843
2013-01-17 00:00:00+05:30,291.24,293.63,286.5,290.31,54753,292.40000000000003,292.96000000000004,291.84000000000003,0.0038303693570451588,246.99127328391717,1,299.08119999999997,311.8700405353978,286.29235946460216
2013-01-18 00:00:00+05:30,292.17,292.17,283.66,285.38,30657,290.1466666666667,290.065,290.2283333333334,0.0005629336887094301,246.99127328391717,1,298.29920000000004,311.92530191653645,284.67309808346363
2013-01-21 00:00:00+05:30,288.31,288.31,283.75,284.54,24229,287.07,287.915,286.22499999999997,0.0058870658724354845,246.99127328391717,1,297.42760000000004,311.66148214647853,283.19371785352155
2013-01-22 00:00:00+05:30,288.26,296.14,284.84,288.24,88614,285.5333333333333,286.03,285.03666666666663,0.003478869950968969,246.99127328391717,1,296.84159999999997,311.3316547190078,282.3515452809921
2013-01-23 00:00:00+05:30,290.33,290.33,283.66,285.57,79945,289.74,290.49,288.99,0.0051770552909505075,246.99127328391717,1,295.76959999999997,309.4484812174038,282.0907187825961
2013-01-24 00:00:00+05:30,287.8,287.8,279.94,282.29,36738,286.52,286.995,286.04499999999996,0.003315649867374164,246.99127328391717,1,294.7996,308.72295761804054,280.87624238195946
2013-01-25 00:00:00+05:30,291.49,291.52,279.94,289.08,23818,283.3433333333333,283.87,282.8166666666666,0.003717515852381911,246.99127328391717,1,294.21479999999997,307.8181597261797,280.6114402738202
2013-01-28 00:00:00+05:30,289.26,293.89,289.24,290.73,34908,286.84666666666664,285.73,287.96333333333325,0.0077858089106836465,246.99127328391717,1,293.9016,307.45081066925485,280.3523893307451
2013-01-29 00:00:00+05:30,292.66,292.96,288.4,290.28,18739,291.2866666666667,291.565,291.0083333333334,0.001911061268395218,246.99127328391717,1,293.39279999999997,306.48475236165524,280.3008476383447
2013-01-30 00:00:00+05:30,292.84,297.59,284.24,293.12,313166,290.5466666666666,290.67999999999995,290.4133333333333,0.000917810105089205,246.99127328391717,1,293.122,305.94243743402905,280.301562565971
2013-01-31 00:00:00+05:30,293.42,296.21,285.52,288.82,324536,291.65,290.91499999999996,292.385,0.005040288016458177,246.99127328391717,1,292.7508,305.51045255952744,279.9911474404726
2013-02-01 00:00:00+05:30,288.31,291.1,286.96,288.94,14386,290.18333333333334,290.865,289.50166666666667,0.004698179311929277,246.99127328391717,1,292.4216,305.13278018753,279.71041981247004
2013-02-04 00:00:00+05:30,289.73,291.1,282.15,288.38,31108,289.0,289.03,288.97,0.00020761245674721603,246.99127328391717,1,292.0636,304.7056009555393,279.4215990444607
2013-02-05 00:00:00+05:30,283.19,287.84,283.19,284.36,21997,287.21,286.625,287.79499999999996,0.004073674314961036,246.99127328391717,1,291.4444,304.01843048190426,278.8703695180957
2013-02-06 00:00:00+05:30,285.98,287.73,275.66,278.22,52071,285.13,285.515,284.745,0.0027005225686528313,246.99127328391717,1,290.2892,302.186014928369,278.392385071631
2013-02-07 00:00:00+05:30,279.47,282.26,276.68,278.1,21618,280.5366666666667,281.69500000000005,279.37833333333333,0.0082579817255025,246.99127328391717,1,289.0828,299.4660996990296,278.69950030097044
2013-02-08 00:00:00+05:30,278.54,280.66,274.52,276.5,18220,279.0133333333334,279.47,278.55666666666673,0.003273439740036193,246.99127328391717,1,288.03,297.95562098812314,278.1043790118768
2013-02-11 00:00:00+05:30,277.64,278.54,275.4,277.29,12868,277.2266666666667,277.59000000000003,276.86333333333334,0.002621200461716121,246.99127328391717,1,287.3084,297.6217089626886,276.9950910373114
2013-02-12 00:00:00+05:30,277.61,277.61,272.2,274.94,23218,277.07666666666665,276.97,277.1833333333333,0.000769943336982254,246.99127328391717,1,286.5292,297.49825307854223,275.5601469214578
2013-02-13 00:00:00+05:30,275.06,287.84,273.43,283.38,155943,274.9166666666667,274.905,274.9283333333334,8.487420430467097e-05,246.99127328391717,1,286.1992,297.03010086003366,275.3682991399664
2013-02-14 00:00:00+05:30,281.36,285.45,276.31,278.4,23218,281.55,280.635,282.46500000000003,0.006499733617474838,246.99127328391717,1,285.64279999999997,296.58938817348485,274.6962118265151
2013-02-15 00:00:00+05:30,279.8,280.4,272.8,276.78,27891,280.05333333333334,280.88,279.2266666666667,0.00590363740239945,246.99127328391717,1,285.1444,296.51680882838286,273.7719911716172
2013-02-18 00:00:00+05:30,279.01,280.87,277.15,278.68,20233,276.66,276.6,276.72,0.0004337453914552322,246.99127328391717,1,284.67199999999997,296.097984421479,273.24601557852094
2013-02-19 00:00:00+05:30,279.59,282.5,275.54,280.94,17945,278.90000000000003,279.01,278.7900000000001,0.0007888131946931287,246.99127328391717,1,284.182,295.1461306084834,273.2178693915166
2013-02-20 00:00:00+05:30,285.94,285.94,279.5,281.31,6361,279.66,279.02,280.30000000000007,0.004576986340556698,246.99127328391717,1,283.7832,294.4055669226724,273.16083307732765
2013-02-21 00:00:00+05:30,267.66,282.75,267.66,278.03,53058,282.25,282.72,281.78,0.003330380868024994,246.99127328391717,1,283.29200000000003,293.7967417864451,272.78725821355494
2013-02-22 00:00:00+05:30,276.87,280.5,275.57,277.03,8980,276.1466666666667,275.20500000000004,277.08833333333337,0.006820047317850389,246.99127328391717,1,282.95799999999997,293.7041546610816,272.21184533891835
2013-02-25 00:00:00+05:30,278.82,280.26,273.06,274.87,9619,277.7,278.03499999999997,277.365,0.002412675549153616,246.99127328391717,1,282.5712,293.74919025942893,271.393209740571
2013-02-26 00:00:00+05:30,274.4,276.68,267.38,268.01,13924,276.06333333333333,276.65999999999997,275.4666666666667,0.004322679578357398,246.99127328391717,1,281.762,294.0547282569774,269.4692717430226
2013-02-27 00:00:00+05:30,269.71,272.03,259.62,260.45,108667,270.69,272.03,269.35,0.00990062433041468,246.99127328391717,1,280.7572,295.502529858633,266.011870141367
2013-02-28 00:00:00+05:30,261.52,267.13,248.08,249.81,272815,264.0333333333333,265.825,262.2416666666666,0.01357151874763302,246.99127328391717,1,279.458,298.52456298339837,260.3914370166017
2013-03-01 00:00:00+05:30,252.5,255.73,249.06,251.87,24354,255.00666666666666,257.605,252.4083333333333,0.020378552194714055,246.99127328391717,1,277.9696,299.4552897343302,256.4839102656698
2013-03-04 00:00:00+05:30,252.04,258.18,247.39,253.6,28244,252.22,252.39499999999998,252.04500000000002,0.001387677424470565,246.99127328391717,1,276.4844,299.32689379030023,253.64190620969975
2013-03-05 00:00:00+05:30,258.08,281.52,253.67,261.27,220971,253.05666666666664,252.785,253.3283333333333,0.002147081681309696,246.99127328391717,1,275.324,298.1927321904803,252.45526780951974
2013-03-06 00:00:00+05:30,265.01,269.71,260.41,261.97,59191,265.4866666666666,267.59499999999997,263.3783333333333,0.015882781307284852,246.99127328391717,1,274.07800000000003,296.3182769766906,251.83772302330948
2013-03-07 00:00:00+05:30,265.08,265.08,258.71,261.83,36441,264.03000000000003,265.06,263.00000000000006,0.007802143695791937,246.99127328391717,1,272.9984,294.88898440882554,251.1078155911745
2013-03-08 00:00:00+05:30,262.45,262.97,256.22,257.34,39476,261.8733333333333,261.895,261.8516666666666,0.00016547440238311506,246.99127328391717,1,271.7344,293.4455732193338,250.02322678066616
2013-03-11 00:00:00+05:30,260.36,262.66,255.76,257.01,21648,258.8433333333333,259.595,258.0916666666666,0.005807888941831394,246.99127328391717,1,270.4796,291.8205011843437,249.1386988156563
2013-03-12 00:00:00+05:30,256.76,260.31,254.64,255.73,251123,258.4766666666667,259.21000000000004,257.74333333333334,0.0056742710496113,246.99127328391717,1,269.3344,290.6456590561873,248.02314094381273
2013-03-13 00:00:00+05:30,255.78,256.64,252.04,252.64,15631,256.8933333333334,257.475,256.3116666666667,0.004528468365599074,246.99127328391717,1,268.3112,290.2643744000709,246.3580255999291
2013-03-14 00:00:00+05:30,254.53,254.53,246.22,249.88,32394,253.7733333333333,254.33999999999997,253.20666666666665,0.004465927599432535,246.99127328391717,1,267.1824,289.8951117042402,244.46968829575974
2013-03-15 00:00:00+05:30,249.88,253.18,247.55,248.97,15145,250.21,250.375,250.04500000000002,0.0013188921306102237,246.99127328391717,1,266.08119999999997,289.53746829314355,242.62493170685636
2013-03-18 00:00:00+05:30,248.81,252.04,246.46,249.97,18799,249.9,250.365,249.435,0.0037214885954382024,246.99127328391717,1,264.9884,288.79699184748097,241.17980815251906
2013-03-19 00:00:00+05:30,250.39,252.04,245.06,247.6,22584,249.49,249.25,249.73000000000002,0.001923924806605548,246.99127328391717,1,263.8948,288.279154406872,239.5104455931279
2013-03-20 00:00:00+05:30,246.85,248.78,241.81,243.83,26255,248.23333333333335,248.55,247.91666666666669,0.002551362964952299,304.55390980199616,-1,262.3128,286.56673890979243,238.0588610902075
2013-03-21 00:00:00+05:30,244.16,246.95,236.23,240.76,1471984,244.8066666666667,245.29500000000002,244.31833333333338,0.003989542768442979,301.4801534099163,-1,260.8072,285.54790040722276,236.0664995927773
2013-03-22 00:00:00+05:30,233.74,241.06,233.6,239.48,12872,241.3133333333333,241.58999999999997,241.03666666666663,0.002293007707821125,296.9133472735196,-1,259.31519999999995,284.51744315095686,234.11295684904303
2013-03-25 00:00:00+05:30,244.16,248.32,242.37,244.6,34717,238.04666666666665,237.32999999999998,238.76333333333332,0.006021228330579454,296.9133472735196,-1,257.952,282.4951551353928,233.4088448646072
2013-03-26 00:00:00+05:30,246.46,248.32,243.67,246.29,22728,245.09666666666666,245.345,244.84833333333333,0.0020264113479035607,296.9133472735196,-1,256.566,279.6287651421065,233.5032348578935
2013-03-28 00:00:00+05:30,245.55,250.18,242.88,245.32,51546,246.09333333333333,245.995,246.19166666666666,0.0007991547922197201,296.9133472735196,-1,255.1264,276.2421396309001,234.01066036909987
2013-04-01 00:00:00+05:30,247.41,268.96,247.41,264.08,83446,246.12666666666667,246.53,245.72333333333333,0.003277445217909499,296.9133472735196,-1,254.56839999999997,273.89516211267596,235.241637887324
2013-04-02 00:00:00+05:30,265.06,268.24,256.25,263.9,73337,260.15000000000003,258.185,262.11500000000007,0.015106669229291037,296.9133472735196,-1,254.04319999999998,271.525454975831,236.56094502416894
2013-04-03 00:00:00+05:30,263.9,269.01,252.92,254.8,61490,262.7966666666667,262.245,263.34833333333336,0.004198429711183626,296.9133472735196,-1,253.24040000000002,268.5290242468043,237.95177575319576
2013-04-04 00:00:00+05:30,252.8,254.18,249.71,250.39,16208,258.91,260.965,256.8550000000001,0.01587424201459928,296.9133472735196,-1,252.5356,266.6122633319112,238.4589366680888
2013-04-05 00:00:00+05:30,251.11,251.11,244.57,247.11,24868,251.42666666666665,251.945,250.9083333333333,0.004123137296494764,296.9133472735196,-1,252.002,265.84762891312545,238.15637108687457
2013-04-08 00:00:00+05:30,247.39,250.18,245.76,247.02,9728,247.59666666666666,247.84,247.35333333333332,0.0019655622719746313,296.9133472735196,-1,251.89039999999997,265.8494148420286,237.93138515797136
2013-04-09 00:00:00+05:30,245.99,248.74,244.18,245.85,13552,247.65333333333334,247.97,247.33666666666667,0.002557338214708702,296.9133472735196,-1,251.6496,265.8079868911672,237.49121310883277
2013-04-10 00:00:00+05:30,244.62,250.55,240.6,248.9,172555,246.25666666666666,246.46,246.0533333333333,0.0016513935324933122,296.9133472735196,-1,251.4616,265.6362090513981,237.28699094860193
2013-04-11 00:00:00+05:30,249.27,261.55,249.27,259.71,25358,246.6833333333333,245.575,247.79166666666663,0.008985879332477428,296.9133472735196,-1,251.39919999999998,265.41337102221803,237.3850289777819
2013-04-12 00:00:00+05:30,259.94,262.73,255.76,260.55,19274,256.8433333333333,255.41000000000003,258.2766666666666,0.01116114881964321,296.9133472735196,-1,251.34240000000003,265.19531799441467,237.4894820055854
2013-04-15 00:00:00+05:30,262.5,266.59,260.41,265.78,25487,259.68,259.245,260.115,0.0033502772643253407,296.9133472735196,-1,251.50039999999998,265.90721114473206,237.0935888552679
2013-04-16 00:00:00+05:30,268.08,273.01,265.99,271.57,30551,264.26,263.5,265.02,0.005751910996745561,296.9133472735196,-1,252.06959999999998,268.35610727933937,235.7830927206606
2013-04-17 00:00:00+05:30,272.47,273.43,263.24,265.69,23190,270.19,269.5,270.88,0.005107516932528944,296.9133472735196,-1,252.4168,269.46219137244947,235.37140862755055
2013-04-18 00:00:00+05:30,263.41,272.03,260.43,271.01,23803,267.4533333333334,268.33500000000004,266.5716666666667,0.006593050501021939,296.9133472735196,-1,253.028,271.5376696891104,234.51833031088958
2013-04-22 00:00:00+05:30,271.57,279.01,269.71,277.92,29076,267.8233333333333,266.23,269.41666666666663,0.011898390730207514,296.9133472735196,-1,254.03920000000002,274.95884506008576,233.11955493991428
2013-04-23 00:00:00+05:30,272.5,282.73,272.03,278.57,25876,275.5466666666667,274.36,276.73333333333335,0.008613181070357114,296.9133472735196,-1,255.1868,278.11881689865,232.25478310135006
2013-04-25 00:00:00+05:30,276.22,282.73,276.22,280.89,24812,277.77666666666664,277.38,278.1733333333333,0.0028560114240455546,296.9133472735196,-1,256.4636,281.3408480021397,231.58635199786028
2013-04-26 00:00:00+05:30,283.19,284.89,276.85,279.54,36332,279.94666666666666,279.475,280.4183333333333,0.0033696894646597134,296.9133472735196,-1,257.64639999999997,283.94731154617955,231.34548845382042
2013-04-29 00:00:00+05:30,274.87,283.52,274.87,279.4,6720,280.4266666666667,280.87,279.98333333333335,0.0031618486116393686,296.9133472735196,-1,258.9184,286.21001493499347,231.62678506500657
2013-04-30 00:00:00+05:30,276.68,289.38,276.68,288.15,31848,279.2633333333333,279.195,279.33166666666665,0.000489382780887774,296.9133472735196,-1,260.6912,289.5451984445822,231.83720155541778
2013-05-02 00:00:00+05:30,285.05,295.28,285.05,291.49,34732,284.7366666666666,283.03,286.44333333333327,0.011987684527223864,296.9133472735196,-1,262.7204,292.7918607453636,232.64893925463636
2013-05-03 00:00:00+05:30,288.77,294.35,284.12,287.91,18046,290.6066666666666,290.16499999999996,291.0483333333333,0.0030396182698263145,296.9133472735196,-1,264.6576,294.73060678282667,234.58459321717334
2013-05-06 00:00:00+05:30,285.05,289.19,285.05,286.52,9317,288.79333333333335,289.235,288.3516666666667,0.003058704032872385,296.9133472735196,-1,266.33439999999996,296.4216773537243,236.2471226462756
2013-05-07 00:00:00+05:30,292.94,292.96,288.54,290.91,32814,286.92,287.12,286.72,0.0013941168269900224,296.9133472735196,-1,268.1192,298.53056888467745,237.70783111532253
2013-05-08 00:00:00+05:30,292.96,292.96,283.66,289.33,23379,290.80333333333334,290.75,290.8566666666667,0.00036680001375505783,296.9133472735196,-1,269.87960000000004,299.90076665554363,239.85843334445647
2013-05-09 00:00:00+05:30,292.87,297.47,275.75,279.05,588039,288.65000000000003,288.31,288.99000000000007,0.002355794214446782,296.9133472735196,-1,270.4784,300.60994396574995,240.34685603425012
2013-05-10 00:00:00+05:30,277.61,282.68,276.22,278.43,65163,284.09,286.61,281.56999999999994,0.017740856770741942,296.9133472735196,-1,271.0596,301.2216818803994,240.8975181196006
2013-05-13 00:00:00+05:30,274.82,280.36,274.36,274.99,27655,279.11000000000007,279.45000000000005,278.7700000000001,0.0024363154311918232,296.9133472735196,-1,271.86719999999997,301.3173963429773,242.41700365702263
2013-05-14 00:00:00+05:30,274.87,277.17,272.03,274.45,11606,276.57,277.36,275.78,0.005712839425823629,296.9133472735196,-1,272.82959999999997,300.9520701503959,244.70712984960403
2013-05-15 00:00:00+05:30,276.68,277.19,271.57,272.66,23364,274.55,274.6,274.5,0.0003642323802586878,296.9133472735196,-1,273.8516,299.94490070650147,247.7582992934986
2013-05-16 00:00:00+05:30,278.06,278.54,271.34,276.17,55363,273.8066666666667,274.38,273.23333333333335,0.004187869786467265,296.9133472735196,-1,275.0176,298.7049922785921,251.33020772140793
2013-05-17 00:00:00+05:30,274.82,277.92,272.03,273.57,23287,275.34999999999997,274.94,275.75999999999993,0.0029780279644087033,296.9133472735196,-1,276.1264,296.6298208892053,255.6229791107947
2013-05-20 00:00:00+05:30,270.78,274.36,268.78,270.92,35820,274.50666666666666,274.975,274.0383333333333,0.0034121818535071072,296.9133472735196,-1,277.0072,294.4146637049714,259.5997362950286
2013-05-21 00:00:00+05:30,272.03,273.08,263.66,264.24,32074,271.3533333333333,271.57,271.1366666666666,0.0015969338869373044,296.9133472735196,-1,277.1884,293.9543709459338,260.4224290540662
2013-05-22 00:00:00+05:30,264.13,266.89,261.8,262.38,17616,266.99333333333334,268.37,265.6166666666667,0.010312367349996243,296.9133472735196,-1,277.2616,293.75004218717754,260.77315781282243
2013-05-23 00:00:00+05:30,264.45,264.45,258.62,262.36,36282,263.69,264.345,263.03499999999997,0.004967954795403918,296.9133472735196,-1,277.1248,294.04315558911964,260.20644441088035
2013-05-24 00:00:00+05:30,262.04,264.52,259.48,261.08,9197,261.81,261.53499999999997,262.08500000000004,0.0021007600931976173,296.9133472735196,-1,276.7052,294.6434069293421,258.76699307065786
2013-05-27 00:00:00+05:30,259.5,265.52,259.5,263.78,17784,261.6933333333333,262.0,261.38666666666666,0.0023437101951393896,296.9133472735196,-1,276.6288,294.7691447111652,258.4884552888348
2013-05-28 00:00:00+05:30,267.85,269.62,262.85,267.43,29454,262.93333333333334,262.51,263.3566666666667,0.003220081135902735,296.9133472735196,-1,276.4856,294.8561634796513,258.11503652034867
2013-05-29 00:00:00+05:30,269.24,272.03,266.96,267.85,44979,266.6333333333334,266.235,267.03166666666675,0.00298787348418579,296.9133472735196,-1,276.08279999999996,294.7491114899516,257.41648851004834
2013-05-30 00:00:00+05:30,265.8,267.89,263.64,265.03,151672,268.94666666666666,269.495,268.3983333333333,0.004077636210401167,296.9133472735196,-1,275.5412,294.6674745520371,256.4149254479629
2013-05-31 00:00:00+05:30,263.71,267.38,263.43,264.48,136494,265.52,265.765,265.275,0.0018454353721000646,296.9133472735196,-1,274.8848,294.35501858736836,255.4145814126316
2013-06-03 00:00:00+05:30,262.73,272.03,260.43,261.76,18459,265.09666666666664,265.405,264.7883333333333,0.002326195475864179,296.9133472735196,-1,274.1736,294.202591691044,254.14460830895607
2013-06-04 00:00:00+05:30,263.59,264.9,260.41,262.27,12954,264.74,266.23,263.25,0.011256326962302705,296.9133472735196,-1,273.4884,293.923257028125,253.053542971875
2013-06-05 00:00:00+05:30,261.13,264.52,261.13,262.45,9625,262.52666666666664,262.655,262.3983333333333,0.0009776784580613803,296.9133472735196,-1,272.4604,292.4218039426067,252.49899605739327
2013-06-06 00:00:00+05:30,264.13,264.13,258.08,260.2,8748,262.7,262.825,262.575,0.0009516558812333461,296.9133472735196,-1,271.2088,290.1376751446017,252.2799248553983
2013-06-07 00:00:00+05:30,262.27,266.41,255.11,258.34,27476,260.80333333333334,261.105,260.50166666666667,0.002313365115476616,296.9133472735196,-1,270.026,288.3173750166554,251.73462498334464
2013-06-10 00:00:00+05:30,264.59,264.59,254.99,256.2,11836,259.9533333333333,260.76,259.14666666666665,0.006206242146026251,296.9133472735196,-1,268.8132,286.58249551332665,251.04390448667337
2013-06-11 00:00:00+05:30,255.01,263.99,253.9,262.15,16739,258.5933333333333,259.78999999999996,257.39666666666665,0.009255201216839763,296.9133472735196,-1,267.6628,283.13648503750596,252.18911496249407
2013-06-12 00:00:00+05:30,261.78,262.78,257.15,261.27,25164,260.0133333333333,258.945,261.08166666666665,0.008217527306291945,296.9133472735196,-1,266.5404,279.41750586117627,253.6632941388237
2013-06-13 00:00:00+05:30,258.43,260.85,254.83,256.2,20597,260.4,259.965,260.835,0.0033410138248848105,296.9133472735196,-1,265.6264,278.05812056313783,253.19467943686212
2013-06-14 00:00:00+05:30,261.34,261.34,256.69,257.71,22149,257.29333333333335,257.84000000000003,256.74666666666667,0.0042493651862985,296.9133472735196,-1,264.7976,276.4422551241309,253.15294487586905
2013-06-17 00:00:00+05:30,256.92,260.13,256.71,258.06,5017,258.58,259.015,258.145,0.003364529352618163,296.9133472735196,-1,264.1204,275.27410930946075,252.96669069053925
2013-06-18 00:00:00+05:30,265.03,265.03,256.36,258.01,27283,258.29999999999995,258.41999999999996,258.17999999999995,0.0009291521486643791,296.9133472735196,-1,263.4628,274.02581550883815,252.89978449116188
2013-06-19 00:00:00+05:30,256.34,259.45,252.97,255.41,9401,259.8,260.695,258.90500000000003,0.00688991531947638,296.9133472735196,-1,262.77279999999996,273.0933790845261,252.45222091547384
2013-06-20 00:00:00+05:30,258.08,258.08,245.06,246.5,36650,255.9433333333333,256.21,255.67666666666662,0.0020837945899484,296.9133472735196,-1,261.586,272.28793552587393,250.88406447412606
2013-06-21 00:00:00+05:30,246.5,248.29,244.13,245.41,15836,249.88,251.57,248.19,0.013526492716503904,296.9133472735196,-1,260.45959999999997,271.78849188579215,249.1307081142078
2013-06-24 00:00:00+05:30,245.06,245.09,232.09,234.32,28276,245.9433333333333,246.20999999999998,245.67666666666662,0.0021685212040715067,292.359229833007,-1,258.99559999999997,273.54166484792273,244.4495351520772
2013-06-25 00:00:00+05:30,234.37,254.83,233.44,247.43,65114,237.16666666666666,238.59,235.7433333333333,0.012002810962754852,292.359229833007,-1,258.3232,273.382450148662,243.26394985133797
2013-06-26 00:00:00+05:30,244.81,252.04,242.5,244.13,389733,245.23333333333335,244.135,246.3316666666667,0.008957455484572713,292.359229833007,-1,257.5932,273.53834669233186,241.6480533076682
2013-06-27 00:00:00+05:30,248.53,251.11,244.25,247.81,366480,246.22333333333333,247.26999999999998,245.17666666666668,0.008501766688778367,292.359229833007,-1,257.0112,273.27683820573856,240.7455617942614
2013-06-28 00:00:00+05:30,252.48,252.48,245.53,247.64,10511,247.72333333333336,247.68,247.7666666666667,0.0003498526582075495,292.359229833007,-1,256.47360000000003,273.0512117749206,239.89598822507944
2013-07-01 00:00:00+05:30,246.95,250.97,246.95,248.85,13453,248.54999999999998,249.005,248.09499999999997,0.003661235163951016,292.359229833007,-1,255.8764,272.433825770934,239.31897422906601
2013-07-02 00:00:00+05:30,248.04,248.2,246.46,246.95,5122,248.92333333333332,248.95999999999998,248.88666666666666,0.0002946020863183717,292.359229833007,-1,255.05720000000002,271.2700092766181,238.84439072338196
2013-07-03 00:00:00+05:30,245.06,248.18,239.97,243.57,7797,247.2033333333333,247.32999999999998,247.0766666666666,0.0010247974002510235,292.359229833007,-1,254.08599999999998,270.02369970855256,238.14830029144738
2013-07-04 00:00:00+05:30,241.81,245.99,241.81,243.34,7477,243.90666666666667,244.075,243.73833333333334,0.0013803094079701717,292.359229833007,-1,253.2184,269.0396582862427,237.39714171375735
2013-07-05 00:00:00+05:30,252.04,252.04,243.2,245.57,14924,243.71333333333334,243.9,243.52666666666667,0.0015318543644172176,292.359229833007,-1,252.46199999999996,267.8597775019645,237.0642224980354
2013-07-08 00:00:00+05:30,242.02,245.06,239.97,243.62,5234,246.93666666666664,247.62,246.25333333333327,0.005534482525884092,292.359229833007,-1,251.73639999999995,267.02240916393833,236.45039083606153
2013-07-09 00:00:00+05:30,244.76,245.85,241.34,243.27,16423,242.88333333333333,242.515,243.25166666666667,0.003033006244424671,292.359229833007,-1,250.97639999999998,265.97864610383436,235.97415389616563
2013-07-10 00:00:00+05:30,242.83,249.25,242.83,244.64,22448,243.48666666666668,243.595,243.37833333333336,0.0008898502313609512,292.359229833007,-1,250.264,264.7000094208897,235.8279905791103
2013-07-11 00:00:00+05:30,243.43,247.85,243.43,244.02,4634,245.57333333333335,246.04000000000002,245.10666666666668,0.003800629818655678,292.359229833007,-1,249.6168,263.6583471740126,235.57525282598746
2013-07-12 00:00:00+05:30,243.23,245.5,242.97,244.81,10431,245.1,245.64,244.56,0.004406364749081943,292.359229833007,-1,249.0756,262.7692202138084,235.38197978619158
2013-07-15 00:00:00+05:30,250.9,251.11,238.69,248.74,9728,244.42666666666665,244.235,244.61833333333328,0.0015682958760634502,292.359229833007,-1,248.77720000000002,262.15837904521214,235.3960209547879
2013-07-16 00:00:00+05:30,241.46,249.2,241.46,246.92,5825,246.17999999999998,244.9,247.45999999999995,0.010398895117393557,292.359229833007,-1,248.168,260.39543799820825,235.94056200179176
2013-07-17 00:00:00+05:30,250.99,253.34,246.46,251.08,13857,245.85999999999999,245.32999999999998,246.39,0.004311396729846264,292.359229833007,-1,247.7604,258.83904898622706,236.68175101377298
2013-07-18 00:00:00+05:30,251.08,254.83,248.95,252.71,23367,250.29333333333332,249.9,250.68666666666664,0.003142978904751625,292.359229833007,-1,247.62080000000003,258.35308686907086,236.8885131309292
2013-07-19 00:00:00+05:30,254.8,256.22,249.76,252.8,17965,252.16333333333333,251.89,252.43666666666667,0.002167907044376057,292.359229833007,-1,247.42440000000002,257.57490907886057,237.27389092113944
2013-07-22 00:00:00+05:30,252.5,253.94,246.92,247.76,15881,252.92666666666665,252.99,252.8633333333333,0.0005008039220856718,292.359229833007,-1,247.01239999999999,256.19245016108476,237.8323498389152
2013-07-23 00:00:00+05:30,244.85,251.11,244.85,247.55,24134,249.54,250.43,248.64999999999998,0.007133124949907949,292.359229833007,-1,246.59399999999997,254.6107185306729,238.57728146932703
2013-07-24 00:00:00+05:30,246.46,247.36,241.81,242.5,9363,247.83666666666667,247.98000000000002,247.69333333333333,0.0011566757676427627,292.359229833007,-1,246.0776,253.38836856151508,238.7668314384849
2013-07-25 00:00:00+05:30,242.76,246.18,240.46,241.2,48088,243.89000000000001,244.585,243.19500000000002,0.005699290663823799,292.359229833007,-1,245.86559999999997,253.4184518163696,238.31274818363033
2013-07-26 00:00:00+05:30,239.51,245.02,238.09,239.06,9687,242.61333333333332,243.32,241.90666666666664,0.005825456144207609,291.15157404695805,-1,245.6116,253.6218987310112,237.6013012689888
2013-07-29 00:00:00+05:30,245.99,246.29,233.44,235.53,21412,240.72333333333336,241.555,239.8916666666667,0.006909730395890019,291.0757110850798,-1,245.66,253.40710681480766,237.91289318519233
2013-07-30 00:00:00+05:30,237.6,237.62,225.53,229.02,38620,238.42,239.865,236.97499999999997,0.012121466319939784,284.1224826416765,-1,244.9236,255.005742438988,234.841457561012
2013-07-31 00:00:00+05:30,234.69,234.69,221.35,222.56,18539,230.72333333333333,231.575,229.87166666666667,0.007382579424129848,282.20078333600947,-1,244.06079999999997,257.4246328873137,230.69696711268628
2013-08-01 00:00:00+05:30,224.09,230.51,222.28,228.46,13429,226.19999999999996,228.01999999999998,224.37999999999994,0.0160919540229887,280.71295200256907,-1,243.2868,257.8774915202827,228.69610847971725
2013-08-02 00:00:00+05:30,226.53,227.42,218.56,220.95,12388,227.08333333333334,226.39499999999998,227.7716666666667,0.00606238532110116,277.90723392246633,-1,242.21920000000003,259.10488522269844,225.33351477730162
2013-08-05 00:00:00+05:30,218.11,222.97,216.51,220.56,9825,222.31000000000003,222.99,221.63000000000005,0.0061175835544957785,274.26934456556774,-1,241.08759999999998,259.743131109032,222.43206889096797
2013-08-06 00:00:00+05:30,217.63,222.28,207.16,211.51,26941,220.01333333333332,219.74,220.28666666666663,0.002484697897096953,271.30177078294497,-1,239.67,261.45222100705223,217.88777899294774
2013-08-07 00:00:00+05:30,209.26,217.86,205.95,215.37,13541,213.65,214.72,212.58,0.010016381933068037,269.5582999516272,-1,238.542,262.2363118912551,214.84768810874488
2013-08-08 00:00:00+05:30,218.07,218.07,206.47,208.28,53116,213.06000000000003,211.905,214.21500000000006,0.01084201633342748,269.5582999516272,-1,237.1396,263.5289229803283,210.75027701967176
2013-08-12 00:00:00+05:30,209.26,216.23,209.26,215.16,41861,210.93999999999997,212.26999999999998,209.60999999999996,0.012610220915900376,269.5582999516272,-1,235.9232,263.4259787512478,208.4204212487522
2013-08-13 00:00:00+05:30,214.37,215.77,211.58,212.86,43587,213.54999999999998,212.745,214.35499999999996,0.007539217981737096,269.5582999516272,-1,234.69280000000003,263.4325734270835,205.95302657291657
2013-08-14 00:00:00+05:30,212.86,216.23,207.54,215.3,123763,213.40333333333334,213.675,213.13166666666666,0.002546039580762644,269.3372081145627,-1,233.574,263.05907581811687,204.08892418188316
2013-08-16 00:00:00+05:30,216.23,241.76,213.91,223.44,140832,213.0233333333333,211.885,214.16166666666663,0.010687405135587538,269.3372081145627,-1,232.726,262.10851071641264,203.34348928358736
2013-08-19 00:00:00+05:30,235.3,235.3,221.85,222.95,38858,226.36999999999998,227.83499999999998,224.90499999999997,0.01294341122940322,269.3372081145627,-1,231.8832,261.1299640439093,202.63643595609068
2013-08-20 00:00:00+05:30,222.5,225.0,216.0,224.8,19840,226.69999999999996,228.575,224.82499999999993,0.01654168504631697,269.3372081145627,-1,231.0828,259.96362022104137,202.20197977895864
2013-08-21 00:00:00+05:30,225.0,228.5,219.0,219.97,15352,221.9333333333333,220.5,223.36666666666662,0.012916791829377971,269.3372081145627,-1,229.93200000000002,258.19291350257663,201.6710864974234
2013-08-22 00:00:00+05:30,220.0,222.07,207.5,215.03,33412,222.49,223.75,221.23000000000002,0.011326351746145812,269.3372081145627,-1,228.6564,256.61220448064626,200.70059551935373
2013-08-23 00:00:00+05:30,217.0,218.95,210.0,213.55,17456,214.86666666666667,214.785,214.94833333333335,0.0007601613403662208,269.3372081145627,-1,227.1552,254.1473150679255,200.16308493207453
2013-08-26 00:00:00+05:30,215.0,217.5,212.07,213.5,12012,214.16666666666666,214.475,213.85833333333332,0.0028793774319066504,269.3372081145627,-1,225.5868,250.96555944643745,200.20804055356257
2013-08-27 00:00:00+05:30,211.5,211.5,206.03,206.5,14712,214.35666666666665,214.785,213.9283333333333,0.003996454507285444,269.3372081145627,-1,223.7348,247.61285360242218,199.85674639757784
2013-08-28 00:00:00+05:30,202.53,204.35,195.18,199.55,34058,208.01,208.765,207.255,0.007259266381423927,264.41027468181494,-1,221.80640000000002,245.39702585350707,198.21577414649298
2013-08-29 00:00:00+05:30,197.5,201.9,196.57,197.8,13688,199.6933333333333,199.765,199.6216666666666,0.0007177672431062973,262.7868636945424,-1,219.8164,242.76959402959346,196.8632059704065
2013-08-30 00:00:00+05:30,202.43,202.43,188.5,196.72,253436,198.75666666666666,199.235,198.2783333333333,0.0048132557398495954,260.37518914676065,-1,217.9852,240.7109479489713,195.2594520510287
2013-09-02 00:00:00+05:30,197.5,199.5,194.95,197.6,28676,195.88333333333333,195.465,196.30166666666665,0.004271249893644064,260.37518914676065,-1,216.24120000000002,238.25379153848505,194.228608461515
2013-09-03 00:00:00+05:30,199.0,199.2,195.75,197.05,17272,197.35,197.225,197.475,0.001266784899923993,259.4852703176546,-1,214.56080000000003,235.7474923666766,193.37410763332346
2013-09-04 00:00:00+05:30,194.57,197.7,189.43,190.88,28312,197.33333333333334,197.475,197.1916666666667,0.0014358108108106572,255.41045950494842,-1,212.77480000000003,234.11697467457807,191.43262532542198
2013-09-05 00:00:00+05:30,195.0,196.5,192.5,194.18,38990,192.67,193.565,191.77499999999998,0.009290496704209377,255.41045950494842,-1,211.38119999999998,232.84786127371012,189.91453872628983
2013-09-06 00:00:00+05:30,195.95,196.22,193.53,194.62,20750,194.39333333333335,194.5,194.2866666666667,0.0010974313248052565,254.1356314797605,-1,210.2636,232.19022737769336,188.33697262230663
2013-09-10 00:00:00+05:30,196.0,199.0,195.2,195.78,39122,194.79,194.875,194.70499999999998,0.0008727347399764666,254.1356314797605,-1,208.95640000000003,230.2760719524532,187.63672804754685
2013-09-11 00:00:00+05:30,197.0,203.95,192.0,193.1,61098,196.66,197.1,196.22,0.004474727956879871,254.1356314797605,-1,207.84239999999997,229.4474240675687,186.23737593243123
2013-09-12 00:00:00+05:30,197.47,197.5,192.0,193.68,39652,196.35,197.975,194.725,0.016552075375604786,253.06242429287738,-1,206.7672,228.40897997855606,185.12542002144394
2013-09-13 00:00:00+05:30,193.68,194.0,188.25,189.15,517270,194.39333333333335,194.75,194.0366666666667,0.0036695359923178596,248.7149273211623,-1,205.87279999999998,228.48311376695676,183.2624862330432
2013-09-16 00:00:00+05:30,193.32,194.0,190.5,192.53,75284,190.46666666666667,191.125,189.80833333333334,0.006912845642282094,248.7149273211623,-1,204.9592,227.80522787007493,182.1131721299251
2013-09-17 00:00:00+05:30,192.5,194.15,189.43,190.68,19064,192.34333333333333,192.25,192.43666666666667,0.0009704868031124937,247.4901570191832,-1,204.2552,227.72469892605812,180.78570107394188
2013-09-18 00:00:00+05:30,192.47,192.5,186.5,187.5,37498,191.42,191.79000000000002,191.04999999999995,0.0038658447393170306,244.65215073841583,-1,203.14880000000002,227.06139973821857,179.23620026178148
2013-09-19 00:00:00+05:30,192.43,196.0,190.55,194.88,76444,188.83333333333334,189.5,188.16666666666669,0.00706090026478366,244.65215073841583,-1,202.4296,226.21181889059667,178.6473811094033
2013-09-20 00:00:00+05:30,194.5,203.93,193.0,195.93,121828,193.81000000000003,193.275,194.34500000000006,0.0055208709560912745,244.65215073841583,-1,201.6548,224.96677743307626,178.34282256692373
2013-09-23 00:00:00+05:30,195.25,195.25,187.5,188.57,97684,197.62,198.465,196.775,0.008551766015585455,244.65215073841583,-1,200.26,222.3309118977958,178.18908810220418
2013-09-24 00:00:00+05:30,187.5,187.5,178.5,179.55,134040,190.43999999999997,191.375,189.50499999999994,0.009819365679479424,239.85500982627497,-1,198.524,220.00239025626163,177.04560974373837
2013-09-25 00:00:00+05:30,178.0,182.88,178.0,178.9,77034,181.85,183.0,180.7,0.012647786637338529,236.38720943322394,-1,196.688,216.6626182942324,176.71338170576757
2013-09-26 00:00:00+05:30,178.0,178.53,173.75,174.62,91938,179.92666666666665,180.44,179.4133333333333,0.005706028381933562,231.291321055895,-1,194.87399999999997,214.29085371012238,175.45714628987756
2013-09-27 00:00:00+05:30,176.0,176.5,170.32,173.03,127856,175.63333333333333,176.14,175.12666666666667,0.005769595748718853,228.0856682136592,-1,193.19400000000002,212.61223802512228,173.77576197487775
2013-09-30 00:00:00+05:30,175.0,175.0,170.05,171.53,28110,173.28333333333333,173.41,173.15666666666667,0.0014619601808213733,226.39964148511282,-1,191.51319999999998,210.86679292328722,172.15960707671275
2013-10-01 00:00:00+05:30,173.68,174.5,170.18,173.93,14086,172.19333333333336,172.525,171.8616666666667,0.003852259088621114,225.2692558257083,-1,189.93040000000002,208.27870955048238,171.58209044951766
2013-10-03 00:00:00+05:30,177.45,184.85,172.62,180.5,75460,172.87,172.34,173.4,0.006131775322496686,225.2692558257083,-1,188.8904,206.28680742683179,171.4939925731682
2013-10-04 00:00:00+05:30,180.0,194.32,180.0,187.88,131428,179.32333333333335,178.735,179.9116666666667,0.006561704184248247,225.2692558257083,-1,188.4236,205.26837355622004,171.57882644377995
2013-10-07 00:00:00+05:30,189.75,192.47,187.05,191.25,50934,187.4,187.16,187.64000000000001,0.002561366061899777,225.2692558257083,-1,188.16160000000002,204.61405531099638,171.70914468900367
2013-10-08 00:00:00+05:30,193.43,195.47,190.32,194.07,140292,190.25666666666666,189.76,190.75333333333333,0.005221017222348789,225.2692558257083,-1,188.05560000000003,204.31919180993955,171.7920081900605
2013-10-09 00:00:00+05:30,194.95,197.5,191.97,193.93,69976,193.28666666666663,192.89499999999998,193.67833333333328,0.0040527023764355356,225.2692558257083,-1,187.9088,203.88892197201054,171.9286780279895
2013-10-10 00:00:00+05:30,193.0,195.97,191.65,192.65,33154,194.4666666666667,194.735,194.19833333333338,0.0027596846074732597,225.2692558257083,-1,187.7328,203.40019240079005,172.06540759920995
2013-10-11 00:00:00+05:30,193.0,195.22,189.0,190.05,68156,193.42333333333332,193.81,193.03666666666663,0.003998138797456541,225.2692558257083,-1,187.69960000000003,203.34367566334092,172.05552433665915
2013-10-14 00:00:00+05:30,192.45,193.0,187.5,188.65,34372,191.42333333333332,192.11,190.73666666666662,0.007174325665627972,225.2692558257083,-1,187.4784,202.90456652834837,172.05223347165162
2013-10-15 00:00:00+05:30,188.15,190.85,186.5,187.3,17624,189.71666666666667,190.25,189.18333333333334,0.005622419397346901,225.2692558257083,-1,187.18560000000002,202.3338139726219,172.03738602737815
2013-10-17 00:00:00+05:30,187.5,187.5,182.55,183.05,26882,188.2166666666667,188.675,187.75833333333338,0.004870273620826859,225.2692558257083,-1,186.6764,201.48685455616877,171.86594544383124
2013-10-18 00:00:00+05:30,181.12,186.0,181.12,184.55,37376,184.36666666666667,185.025,183.70833333333334,0.007141565720484521,225.2692558257083,-1,186.33440000000002,200.9290270442359,171.73977295576412
2013-10-21 00:00:00+05:30,185.0,188.75,183.1,184.93,51318,183.89000000000001,183.56,184.22000000000003,0.003589102180651612,225.2692558257083,-1,185.9844,200.27409763712106,171.69470236287893
2013-10-22 00:00:00+05:30,183.0,185.0,183.0,183.97,29250,185.59333333333333,185.925,185.26166666666666,0.00357412263371541,225.2692558257083,-1,185.77720000000002,200.02744970449098,171.52695029550907
2013-10-23 00:00:00+05:30,183.12,186.0,183.12,184.53,18856,183.99,184.0,183.98000000000002,0.00010870155986728522,225.2692558257083,-1,185.45719999999997,199.44336633106963,171.47103366893032
2013-10-24 00:00:00+05:30,184.93,185.5,182.7,183.2,33400,184.54999999999998,184.56,184.53999999999996,0.00010837171498259906,225.2692558257083,-1,185.15800000000002,199.0037768290677,171.31222317093233
2013-10-25 00:00:00+05:30,182.5,185.1,182.0,184.75,38448,183.79999999999998,184.1,183.49999999999997,0.003264417845484346,225.2692558257083,-1,185.04800000000003,198.8612608749835,171.23473912501657
2013-10-28 00:00:00+05:30,185.0,185.0,180.65,181.3,36406,183.95000000000002,183.55,184.35000000000002,0.004349007882576849,225.2692558257083,-1,184.5048,197.78661447846457,171.2229855215354
2013-10-29 00:00:00+05:30,180.6,185.45,180.1,184.2,47280,182.3166666666667,182.825,181.8083333333334,0.005576378096717769,225.2692558257083,-1,184.03560000000002,196.47164577670708,171.59955422329296
2013-10-30 00:00:00+05:30,185.0,188.0,182.5,184.25,572726,183.25,182.77499999999998,183.72500000000002,0.005184174624829716,225.2692558257083,-1,183.86280000000002,196.16131310689042,171.56428689310962
2013-10-31 00:00:00+05:30,184.5,185.0,182.03,183.12,314280,184.91666666666666,185.25,184.58333333333331,0.00360522757999109,225.2692558257083,-1,184.00560000000002,196.18279584142238,171.82840415857765
2013-11-01 00:00:00+05:30,183.5,185.5,183.5,184.35,44584,183.38333333333333,183.515,183.25166666666667,0.0014359720076342155,225.2692558257083,-1,184.2236,196.22119293193234,172.22600706806767
2013-11-05 00:00:00+05:30,188.05,188.05,183.05,183.85,168260,184.45000000000002,184.5,184.40000000000003,0.0005421523448087064,225.2692558257083,-1,184.5928,195.93575696193682,173.2498430380632
2013-11-06 00:00:00+05:30,183.85,185.0,182.95,183.18,49292,184.98333333333335,185.55,184.41666666666669,0.006126678079106184,224.44157083161164,-1,184.99880000000002,195.3395424414473,174.65805755855274
2013-11-07 00:00:00+05:30,184.93,184.93,181.5,182.32,20746,183.71,183.975,183.44500000000002,0.0028849817647377536,223.0233079983472,-1,185.43040000000002,194.27961597433054,176.5811840256695
2013-11-08 00:00:00+05:30,182.5,182.75,179.05,179.78,37562,182.91666666666666,183.215,182.6183333333333,0.0032619589977222366,220.1519756784133,-1,185.6644,193.540722146811,177.788077853189
2013-11-11 00:00:00+05:30,178.0,179.47,176.5,176.97,30672,180.52666666666667,180.9,180.15333333333334,0.004136046382805881,216.5852966512768,-1,185.5232,193.87689086334575,177.16950913665426
2013-11-12 00:00:00+05:30,176.5,179.9,176.03,176.68,31808,177.64666666666668,177.985,177.30833333333334,0.0038090591811461507,216.1048847852257,-1,185.0752,194.05322672308054,176.09717327691945
2013-11-13 00:00:00+05:30,177.5,179.75,176.05,176.75,33648,177.53666666666666,177.965,177.10833333333332,0.004825294305401795,215.55028939381668,-1,184.4952,193.67388682548608,175.31651317451394
2013-11-14 00:00:00+05:30,175.75,177.57,168.55,171.25,90204,177.51666666666665,177.9,177.1333333333333,0.004318843301098723,211.729877818064,-1,183.5824,193.29408579394723,173.87071420605278
2013-11-18 00:00:00+05:30,178.6,178.6,173.03,176.55,242418,172.45666666666668,173.06,171.85333333333335,0.006996926764211198,211.729877818064,-1,182.88719999999998,192.00666931791315,173.7677306820868
2013-11-19 00:00:00+05:30,177.5,183.5,177.15,181.03,158428,176.06000000000003,175.815,176.30500000000006,0.0027831421106444725,211.729877818064,-1,182.4224,190.64447230327988,174.20032769672014
2013-11-20 00:00:00+05:30,182.75,182.75,179.12,180.5,79864,180.55999999999997,180.325,180.79499999999996,0.0026030128489143247,211.729877818064,-1,182.0404,189.6759243016026,174.4048756983974
2013-11-21 00:00:00+05:30,181.9,184.9,179.0,180.15,185933,180.79,180.935,180.64499999999998,0.0016040710216274157,211.729877818064,-1,181.7004,188.87122417580892,174.52957582419108
2013-11-22 00:00:00+05:30,181.0,182.8,180.55,181.3,50008,181.35,181.95,180.75,0.006617038875103329,211.729877818064,-1,181.46040000000002,188.2573910519558,174.66340894804424
2013-11-25 00:00:00+05:30,181.3,182.5,180.0,180.5,29422,181.55000000000004,181.675,181.42500000000007,0.001377031120903019,211.729877818064,-1,181.3584,188.133409797806,174.58339020219398
2013-11-26 00:00:00+05:30,181.7,181.7,175.6,176.35,40473,181.0,181.25,180.75,0.0027624309392265192,211.729877818064,-1,181.0304,187.94806314302517,174.1127368569748
2013-11-27 00:00:00+05:30,177.95,177.95,171.0,171.5,282985,177.88333333333333,178.64999999999998,177.11666666666667,0.00861988194509493,211.729877818064,-1,180.4932,188.16126305662465,172.82513694337536
2013-11-28 00:00:00+05:30,173.0,173.0,169.5,169.9,137120,173.48333333333335,174.475,172.4916666666667,0.011432414256892832,208.79151541073773,-1,179.93040000000002,188.5066844729157,171.35411552708433
2013-11-29 00:00:00+05:30,171.8,171.8,165.0,167.15,180785,170.79999999999998,171.25,170.34999999999997,0.005269320843091535,206.3438547943082,-1,179.2352,188.9495508192971,169.5208491807029
2013-12-02 00:00:00+05:30,169.95,170.9,168.0,169.9,151383,167.98333333333335,168.4,167.5666666666667,0.00496080960412728,206.3438547943082,-1,178.7032,188.9337780403837,168.47262195961633
2013-12-03 00:00:00+05:30,171.95,171.95,167.5,167.95,107152,169.6,169.45,169.75,0.001768867924528369,206.3438547943082,-1,178.03119999999998,188.77872037636513,167.28367962363484
2013-12-04 00:00:00+05:30,168.5,169.25,165.55,166.4,257521,169.13333333333333,169.725,168.54166666666666,0.006996452502956271,204.17013431529708,-1,177.4352,189.0120861029375,165.85831389706252
2013-12-05 00:00:00+05:30,168.0,170.0,166.15,167.15,100893,167.0666666666667,167.4,166.73333333333338,0.003990422984836165,204.17013431529708,-1,176.7532,188.65981358407126,164.84658641592873
2013-12-06 00:00:00+05:30,167.95,168.2,166.5,167.35,75052,167.76666666666665,168.075,167.45833333333331,0.0036757401152394654,202.74823578497777,-1,176.07719999999998,188.12271570670154,164.0316842932984
2013-12-09 00:00:00+05:30,170.1,171.0,167.1,167.95,82552,167.35,167.35,167.35,0.0,202.74823578497777,-1,175.47039999999998,187.56393874432115,163.37686125567882
2013-12-10 00:00:00+05:30,168.95,168.95,163.5,163.85,68355,168.68333333333334,169.05,168.31666666666666,0.004347396502321995,201.42233409943552,-1,174.65040000000002,187.00167132567339,162.29912867432665
2013-12-11 00:00:00+05:30,166.95,167.8,159.1,160.55,130915,165.4333333333333,166.225,164.64166666666662,0.009570824098327855,199.6754407354581,-1,173.7184,186.65476694595534,160.78203305404466
2013-12-12 00:00:00+05:30,161.9,164.9,161.0,163.4,40947,162.48333333333332,163.45,161.51666666666665,0.011898656272438224,198.94442310603978,-1,172.92719999999997,185.87158877044448,159.98281122955547
2013-12-13 00:00:00+05:30,163.4,165.5,163.4,164.55,53261,163.1,162.95,163.25,0.0018393623543838833,198.94442310603978,-1,172.2164,184.96977995044503,159.46302004955496
2013-12-16 00:00:00+05:30,163.25,166.0,163.05,165.05,66670,164.48333333333332,164.45,164.51666666666665,0.0004053095551727402,198.94442310603978,-1,171.62720000000002,184.28910951793674,158.9652904820633
2013-12-17 00:00:00+05:30,165.1,166.5,161.0,161.9,36563,164.70000000000002,164.525,164.87500000000003,0.0021250758955678366,198.4704227211452,-1,171.02439999999999,184.0413945287082,158.00740547129178
2013-12-18 00:00:00+05:30,162.05,165.0,161.05,162.95,39061,163.13333333333333,163.75,162.51666666666665,0.007560277891295557,197.46260581229942,-1,170.47519999999997,183.64901052848495,157.301389471515
2013-12-19 00:00:00+05:30,162.1,168.45,162.1,165.4,87574,163.0,163.025,162.975,0.00030674846625773844,197.46260581229942,-1,170.0212,183.08053942588307,156.9618605741169
2013-12-20 00:00:00+05:30,164.0,168.0,164.0,165.95,88583,165.31666666666663,165.27499999999998,165.3583333333333,0.0005040830728902979,197.46260581229942,-1,169.80920000000003,182.95366368021251,156.66473631978755
2013-12-23 00:00:00+05:30,167.0,168.35,166.1,167.1,106674,165.98333333333332,166.0,165.96666666666664,0.00020082337584110773,197.46260581229942,-1,169.4312,182.31955172706063,156.54284827293935
2013-12-24 00:00:00+05:30,168.25,168.25,166.35,167.1,148556,167.1833333333333,167.225,167.14166666666662,0.0004984547901507601,197.46260581229942,-1,168.87400000000002,180.882834081643,156.86516591835704
2013-12-26 00:00:00+05:30,168.0,168.0,166.5,167.7,139915,167.23333333333335,167.3,167.16666666666669,0.0007972892166632992,197.46260581229942,-1,168.362,179.39639277896308,157.3276072210369
2013-12-27 00:00:00+05:30,168.0,172.0,167.1,167.6,329418,167.4,167.25,167.55,0.0017921146953405697,197.46260581229942,-1,167.86,177.7902366537981,157.92976334620192
2013-12-30 00:00:00+05:30,167.7,168.0,163.5,164.6,83094,168.9,169.55,168.25,0.007696862048549504,197.46260581229942,-1,167.192,175.53608437160358,158.84791562839644
2013-12-31 00:00:00+05:30,164.65,168.0,163.1,165.4,110338,165.36666666666667,165.75,164.98333333333335,0.004636162064099888,197.46260581229942,-1,166.588,172.9395213925832,160.23647860741679
2014-01-01 00:00:00+05:30,166.9,187.0,166.8,180.5,1679875,165.5,165.55,165.45,0.0006042296072508927,197.46260581229942,-1,166.75400000000002,174.23404919772867,159.27395080227137
2014-01-02 00:00:00+05:30,182.0,182.0,165.8,166.8,1314068,178.1,176.9,179.29999999999998,0.013475575519371013,197.46260581229942,-1,166.56599999999997,173.79138414206759,159.34061585793236
2014-01-03 00:00:00+05:30,167.9,169.7,165.3,167.4,428777,171.53333333333333,173.9,169.16666666666666,0.027594247959580345,197.46260581229942,-1,166.46599999999998,173.57226315305326,159.3597368469467
2014-01-06 00:00:00+05:30,168.0,171.0,166.0,167.9,266548,167.46666666666667,167.5,167.43333333333334,0.00039808917197449965,197.46260581229942,-1,166.496,173.61987085792848,159.37212914207154
2014-01-07 00:00:00+05:30,168.9,172.35,166.15,167.0,352029,168.29999999999998,168.5,168.09999999999997,0.002376708259061403,197.46260581229942,-1,166.38,173.3715949539746,159.38840504602538
2014-01-08 00:00:00+05:30,168.85,168.9,165.55,166.15,146317,168.5,169.25,167.75,0.008902077151335312,197.46260581229942,-1,166.308,173.27045244152112,159.34554755847887
2014-01-09 00:00:00+05:30,166.95,168.0,163.7,165.0,169317,166.86666666666667,167.22500000000002,166.50833333333333,0.004294846184578687,197.46260581229942,-1,166.252,173.2330875943827,159.2709124056173
2014-01-10 00:00:00+05:30,164.05,167.6,163.1,163.75,181349,165.56666666666666,165.85,165.28333333333333,0.0034225890879806494,197.46260581229942,-1,166.116,173.15405200324955,159.07794799675048
2014-01-13 00:00:00+05:30,163.15,166.45,163.15,164.8,135130,164.81666666666666,165.35,164.28333333333333,0.0064718373950854256,197.46260581229942,-1,166.01399999999998,173.05147227351165,158.9765277264883
2014-01-14 00:00:00+05:30,166.0,166.8,164.85,165.55,163539,164.8,164.8,164.8,0.0,197.46260581229942,-1,165.918,172.91256245954284,158.92343754045717
2014-01-15 00:00:00+05:30,166.3,166.9,164.05,165.05,95414,165.73333333333332,165.825,165.64166666666665,0.0011061946902655097,197.46260581229942,-1,165.96599999999998,172.91948660748298,159.01251339251698
2014-01-16 00:00:00+05:30,164.65,165.9,161.7,162.25,129223,165.33333333333334,165.47500000000002,165.19166666666666,0.0017137096774195151,197.46260581229942,-1,166.03400000000002,172.80515765585514,159.2628423441449
2014-01-17 00:00:00+05:30,162.15,163.0,159.0,159.3,116787,163.28333333333333,163.8,162.76666666666665,0.006328467898336388,196.56407003013308,-1,165.87,173.07322150155375,158.66677849844626
2014-01-20 00:00:00+05:30,159.2,162.9,158.2,161.15,81707,160.43333333333334,161.0,159.86666666666667,0.007064201121961307,196.00750722892778,-1,165.734,173.15681456055904,158.31118543944098
2014-01-21 00:00:00+05:30,161.45,168.0,161.35,163.85,192199,160.75,160.55,160.95,0.0024883359253497807,196.00750722892778,-1,165.68599999999998,173.14133473429914,158.23066526570082
2014-01-22 00:00:00+05:30,164.0,165.9,163.05,165.0,107782,164.4,164.675,164.125,0.003345498783455057,196.00750722892778,-1,165.81,173.11084926569825,158.50915073430176
2014-01-23 00:00:00+05:30,165.9,166.9,162.25,164.85,94304,164.65,164.47500000000002,164.825,0.0021257212268446153,196.00750722892778,-1,165.886,173.10528085064198,158.66671914935802
2014-01-24 00:00:00+05:30,163.0,164.85,160.2,160.5,105504,164.66666666666666,164.575,164.75833333333333,0.0011133603238866628,196.00750722892778,-1,165.69,173.21117012175947,158.16882987824053
2014-01-27 00:00:00+05:30,159.65,159.65,156.2,156.4,84037,161.85,162.52499999999998,161.175,0.008341056533827407,192.82499254950235,-1,165.308,173.66157073355157,156.95442926644841
2014-01-28 00:00:00+05:30,157.65,159.0,154.5,158.25,57461,157.41666666666666,157.925,156.9083333333333,0.006458443620963738,191.51399284752225,-1,164.954,173.713996347057,156.19400365294302
2014-01-29 00:00:00+05:30,158.25,162.9,158.25,159.95,195001,157.25,156.75,157.75,0.006359300476947536,191.51399284752225,-1,164.668,173.59436006446376,155.74163993553626
2014-01-30 00:00:00+05:30,159.9,159.9,154.0,155.1,111877,160.36666666666665,160.575,160.1583333333333,0.002598212429848383,191.51399284752225,-1,164.16400000000002,173.74734054494863,154.5806594550514
2014-01-31 00:00:00+05:30,159.45,167.5,159.45,162.4,271549,156.33333333333334,156.95,155.7166666666667,0.007889125799573293,191.51399284752225,-1,163.956,173.4573817942685,154.45461820573146
2014-02-03 00:00:00+05:30,162.9,163.95,158.5,159.85,54998,163.11666666666667,163.475,162.75833333333335,0.004393583324818474,191.51399284752225,-1,163.766,173.39735379894532,154.13464620105466
2014-02-04 00:00:00+05:30,159.7,159.7,156.1,158.25,53508,160.76666666666665,161.225,160.3083333333333,0.005701845324486953,191.51399284752225,-1,163.48,173.32260128220483,153.63739871779515
2014-02-05 00:00:00+05:30,159.95,160.5,158.05,159.35,62094,158.01666666666665,157.89999999999998,158.13333333333333,0.0014766374854974064,191.51399284752225,-1,162.634,169.73288554637028,155.5351144536297
2014-02-06 00:00:00+05:30,160.0,161.0,158.1,158.85,46763,159.29999999999998,159.275,159.32499999999996,0.000313873195228842,191.51399284752225,-1,162.316,169.3518919832859,155.2801080167141
2014-02-07 00:00:00+05:30,160.8,160.8,158.15,159.15,59561,159.3166666666667,159.55,159.08333333333337,0.00292917669212244,191.51399284752225,-1,161.986,168.80776047662687,155.1642395233731
2014-02-10 00:00:00+05:30,159.15,160.9,158.5,158.8,59244,159.36666666666667,159.47500000000002,159.25833333333333,0.0013595482116713887,191.51399284752225,-1,161.622,168.1053991085287,155.13860089147133
2014-02-11 00:00:00+05:30,158.1,159.1,157.3,158.85,44351,159.4,159.7,159.10000000000002,0.0037641154328730605,191.20941123926605,-1,161.296,167.47751567178085,155.11448432821913
2014-02-12 00:00:00+05:30,159.0,159.05,157.75,158.25,28748,158.41666666666666,158.2,158.63333333333333,0.002735402419779088,190.45303478969544,-1,160.98,166.94040267100087,155.0195973289991
2014-02-13 00:00:00+05:30,158.0,158.7,155.5,155.9,46364,158.35,158.4,158.29999999999998,0.000631512472371473,188.7669133981076,-1,160.616,166.66081397567174,154.57118602432828
2014-02-14 00:00:00+05:30,156.0,156.5,154.5,156.05,25007,156.70000000000002,157.1,156.30000000000004,0.005105296745373034,186.4602368621833,-1,160.30800000000002,166.46629067197046,154.1497093280296
2014-02-17 00:00:00+05:30,157.0,157.85,155.05,155.9,25631,155.68333333333334,155.5,155.86666666666667,0.002355208221817841,186.4602368621833,-1,159.952,166.0592075452272,153.8447924547728
2014-02-18 00:00:00+05:30,155.1,160.0,155.1,157.4,31318,156.26666666666665,156.45,156.08333333333331,0.0023464163822526085,186.4602368621833,-1,159.626,165.36193026461112,153.8900697353889
2014-02-19 00:00:00+05:30,156.5,157.6,155.9,156.5,25529,157.5,157.55,157.45,0.0006349206349207793,186.4602368621833,-1,159.284,164.69596600141608,153.8720339985839
2014-02-20 00:00:00+05:30,156.0,161.6,155.0,157.05,592420,156.66666666666666,156.75,156.58333333333331,0.0010638297872341636,186.4602368621833,-1,159.076,164.41522241534147,153.7367775846585
2014-02-21 00:00:00+05:30,158.9,161.4,157.1,159.95,141667,157.88333333333335,158.3,157.4666666666667,0.005278158978148301,186.4602368621833,-1,159.10199999999998,164.45165269905294,153.752347300947
2014-02-24 00:00:00+05:30,160.0,164.25,157.55,158.0,236881,159.48333333333332,159.25,159.71666666666664,0.002926115581565306,186.4602368621833,-1,158.976,164.27491460588726,153.67708539411274
2014-02-25 00:00:00+05:30,159.2,168.75,156.5,167.9,492754,159.93333333333334,160.9,158.96666666666667,0.012088370154230954,186.4602368621833,-1,159.138,165.2137406133314,153.06225938666861
2014-02-26 00:00:00+05:30,170.0,171.4,165.1,166.25,327745,164.38333333333333,162.625,166.14166666666665,0.021393085268173892,186.4602368621833,-1,159.188,165.47285672076015,152.90314327923983
2014-02-28 00:00:00+05:30,166.5,172.0,166.3,167.3,404220,167.58333333333334,168.25,166.91666666666669,0.007956240676280344,186.4602368621833,-1,159.286,165.9837918749752,152.5882081250248
2014-03-03 00:00:00+05:30,168.0,169.5,162.4,163.05,145654,168.53333333333333,169.15,167.91666666666666,0.0073180379746836345,186.4602368621833,-1,159.388,166.2326931268307,152.5433068731693
2014-03-04 00:00:00+05:30,163.95,167.85,163.0,165.4,94892,164.98333333333332,165.95,164.01666666666665,0.0117183553894333,186.4602368621833,-1,159.748,166.8674089642667,152.62859103573328
2014-03-05 00:00:00+05:30,165.9,167.8,163.95,164.95,112679,165.41666666666666,165.425,165.4083333333333,0.00010075566750654924,186.4602368621833,-1,160.016,167.3895592491333,152.64244075086668
2014-03-06 00:00:00+05:30,165.45,174.9,164.55,169.5,1669979,165.56666666666666,165.875,165.25833333333333,0.0037245822428025425,186.4602368621833,-1,160.398,168.65489917586967,152.14110082413032
2014-03-07 00:00:00+05:30,170.55,172.65,166.4,169.95,728040,169.65,169.72500000000002,169.575,0.0008841732979666024,186.4602368621833,-1,160.99200000000002,169.75969889996654,152.2243011000335
2014-03-10 00:00:00+05:30,169.1,174.1,167.5,171.3,642200,169.66666666666666,169.525,169.8083333333333,0.0016699410609035542,186.4602368621833,-1,161.34799999999998,170.99420049555636,151.7017995044436
2014-03-11 00:00:00+05:30,172.45,181.9,172.0,179.35,1278669,170.9666666666667,170.8,171.13333333333338,0.001949697796841711,186.4602368621833,-1,162.12800000000001,174.04890869021602,150.207091309784
2014-03-12 00:00:00+05:30,179.7,186.0,178.7,182.3,700706,177.75,176.95,178.55,0.009001406469761029,186.4602368621833,-1,163.09,177.27117061460237,148.90882938539764
2014-03-13 00:00:00+05:30,182.5,184.65,175.0,176.85,342656,182.33333333333334,182.35,182.3166666666667,0.00018281535648977888,186.4602368621833,-1,163.79,178.8632080195444,148.71679198045558
2014-03-14 00:00:00+05:30,175.2,179.3,173.5,178.15,203014,178.83333333333334,179.825,177.8416666666667,0.011090400745572925,186.4602368621833,-1,164.562,180.4964477155769,148.62755228442313
2014-03-18 00:00:00+05:30,179.8,180.35,175.0,175.45,155939,176.98333333333335,176.4,177.5666666666667,0.006591957811470113,186.4602368621833,-1,165.21400000000003,181.53844841335993,148.88955158664012
2014-03-19 00:00:00+05:30,176.0,176.5,172.0,174.15,207435,176.9333333333333,177.675,176.1916666666666,0.00838357196684291,186.4602368621833,-1,165.828,182.2953514567597,149.3606485432403
2014-03-20 00:00:00+05:30,174.7,177.25,172.25,175.95,155422,174.21666666666667,174.25,174.18333333333334,0.0003826652635606785,186.4602368621833,-1,166.512,183.18245962175132,149.84154037824868
2014-03-21 00:00:00+05:30,179.0,183.4,176.0,177.0,503263,175.15,174.75,175.55,0.004567513559805945,186.4602368621833,-1,167.262,184.0647445377366,150.4592554622634
2014-03-24 00:00:00+05:30,178.4,181.2,176.5,179.6,240665,178.79999999999998,179.7,177.89999999999998,0.010067114093959797,186.4602368621833,-1,168.21,185.01590372459725,151.40409627540276
2014-03-25 00:00:00+05:30,180.65,185.45,178.55,182.95,763073,179.1,178.85,179.35,0.0027917364600781687,186.4602368621833,-1,169.28599999999997,186.28340027181875,152.2885997281812
2014-03-26 00:00:00+05:30,183.15,188.25,182.75,186.7,523560,182.3166666666667,182.0,182.63333333333338,0.003473809306152569,145.74000772456685,1,170.518,187.9159971261182,153.1200028738818
2014-03-27 00:00:00+05:30,189.0,195.4,188.0,191.3,552891,185.9,185.5,186.3,0.004303388918773595,151.09440741558416,1,171.87399999999997,190.22896924542258,153.51903075457736
2014-03-28 00:00:00+05:30,193.45,204.65,193.45,202.15,826017,191.5666666666667,191.7,191.4333333333334,0.0013920306246733667,156.3306311189608,1,173.7,194.4945185085012,152.9054814914988
2014-03-31 00:00:00+05:30,203.9,215.3,198.35,213.85,1300702,200.08333333333334,199.05,201.11666666666667,0.010329029571012059,161.06840587420237,1,175.972,200.97864039810997,150.96535960189004
2014-04-01 00:00:00+05:30,215.65,219.5,210.0,218.35,719517,209.16666666666666,206.825,211.50833333333333,0.022390438247011972,168.16366963923429,1,178.308,207.4588995401578,149.15710045984218
2014-04-02 00:00:00+05:30,219.8,226.0,212.0,223.25,580371,215.95000000000002,214.75,217.15000000000003,0.011113683723084205,170.35712285366492,1,180.918,213.776872530876,148.059127469124
2014-04-03 00:00:00+05:30,225.7,233.55,218.0,226.05,617678,220.41666666666666,219.0,221.83333333333331,0.012854442344045282,174.72383793951832,1,183.24400000000003,220.0794863684511,146.40851363154897
2014-04-04 00:00:00+05:30,224.0,230.7,224.0,225.75,273681,225.86666666666667,225.775,225.95833333333334,0.0008116883116883284,176.46488442193757,1,185.62400000000002,225.33633682371675,145.9116631762833
2014-04-07 00:00:00+05:30,227.0,233.4,223.1,227.7,316006,226.8166666666667,227.35,226.2833333333334,0.004702770225585741,176.51628904506006,1,188.04,230.26867272364018,145.8113272763598
2014-04-09 00:00:00+05:30,229.75,230.0,224.9,226.1,258202,228.0666666666667,228.25,227.88333333333338,0.0016077170418004269,176.51628904506006,1,190.56199999999998,234.0323234862624,147.09167651373755
2014-04-10 00:00:00+05:30,227.65,228.6,219.3,222.55,359294,227.0,227.45,226.55,0.003964757709251001,176.51628904506006,1,192.84799999999998,236.79322481453798,148.902775185462
2014-04-11 00:00:00+05:30,221.0,221.55,216.0,217.1,312237,223.48333333333335,223.95,223.0166666666667,0.004176299500335358,176.51628904506006,1,194.93400000000003,238.3316379080737,151.53636209192635
2014-04-15 00:00:00+05:30,217.2,218.5,210.0,212.75,154355,218.21666666666667,218.775,217.65833333333333,0.005117238218895628,176.51628904506006,1,196.66400000000002,239.30982999544344,154.0181700045566
2014-04-16 00:00:00+05:30,210.15,217.0,206.3,209.7,147532,213.75,214.25,213.25,0.004678362573099415,176.51628904506006,1,198.25400000000002,239.7457140643798,156.76228593562024
2014-04-17 00:00:00+05:30,210.0,221.5,208.55,219.6,404212,211.0,211.65,210.35,0.006161137440758348,176.51628904506006,1,200.18600000000004,240.96949195446905,159.40250804553102
2014-04-21 00:00:00+05:30,220.8,225.5,219.6,224.15,557194,216.54999999999998,215.025,218.07499999999996,0.014084507042253312,176.51628904506006,1,201.97799999999998,242.87872938225217,161.07727061774779
2014-04-22 00:00:00+05:30,226.7,226.7,221.0,221.9,227002,223.08333333333334,222.55,223.61666666666667,0.004781471796787432,176.51628904506006,1,203.56199999999998,244.35880654169165,162.76519345830832
2014-04-23 00:00:00+05:30,222.0,225.45,219.0,220.5,259721,223.20000000000002,223.85,222.55000000000004,0.0058243727598564264,176.51628904506006,1,205.308,245.1065394706917,165.50946052930829
2014-04-25 00:00:00+05:30,222.0,224.75,214.5,216.55,173561,221.65,222.225,221.07500000000002,0.005188360027069602,176.51628904506006,1,206.84399999999997,245.27183699351545,168.41616300648448
2014-04-28 00:00:00+05:30,217.5,220.0,214.0,217.45,114200,218.6,219.625,217.575,0.009377859103385231,176.51628904506006,1,208.52399999999997,244.9343514951474,172.11364850485253
2014-04-29 00:00:00+05:30,216.05,219.3,215.45,217.0,86062,217.15,217.0,217.3,0.0013815335021874803,176.51628904506006,1,210.238,243.94861886112704,176.52738113887295
2014-04-30 00:00:00+05:30,215.05,227.9,214.0,219.8,339554,217.25,217.375,217.125,0.0011507479861910242,176.51628904506006,1,211.99200000000002,242.82416087140447,181.15983912859556
2014-05-02 00:00:00+05:30,223.0,226.0,208.75,213.75,923865,220.5666666666667,220.95,220.1833333333334,0.0034758954208852708,176.51628904506006,1,213.46200000000002,240.7852981903751,186.13870180962493
2014-05-05 00:00:00+05:30,214.0,218.5,206.95,214.9,323714,216.16666666666666,217.375,214.95833333333331,0.011179645335389449,176.51628904506006,1,214.87400000000002,238.44213306140617,191.30586693859388
2014-05-06 00:00:00+05:30,215.5,220.95,212.0,213.75,150724,213.45000000000002,212.725,214.17500000000004,0.0067931599906303364,176.51628904506006,1,216.10600000000002,235.7662404868338,196.44575951316625
2014-05-07 00:00:00+05:30,212.0,215.5,208.0,209.8,95997,215.5666666666667,216.475,214.6583333333334,0.008427400649450778,176.51628904506006,1,217.03,232.87671574807007,201.18328425192993
2014-05-08 00:00:00+05:30,210.0,212.0,207.0,207.75,71710,211.1,211.75,210.45,0.006158218853623929,176.51628904506006,1,217.688,230.22754640328458,205.1484535967154
2014-05-09 00:00:00+05:30,208.05,213.95,208.0,211.0,405793,208.91666666666666,209.5,208.33333333333331,0.005584363781412137,176.51628904506006,1,218.04199999999997,229.23427161929717,206.84972838070277
2014-05-12 00:00:00+05:30,211.5,216.95,211.5,215.0,346004,210.98333333333335,210.975,210.9916666666667,7.899518129413864e-05,176.51628904506006,1,218.088,229.22026949009614,206.95573050990384
2014-05-13 00:00:00+05:30,215.05,220.95,213.2,215.75,375317,214.48333333333335,214.225,214.7416666666667,0.0024088895796101095,176.51628904506006,1,217.98399999999998,229.15305439149284,206.81494560850712
2014-05-14 00:00:00+05:30,216.9,221.9,214.25,216.75,290953,216.63333333333333,217.075,216.19166666666666,0.004077550392368022,176.51628904506006,1,217.724,228.69141063333217,206.7565893666678
2014-05-15 00:00:00+05:30,218.65,222.0,214.3,215.15,306522,217.63333333333333,218.075,217.19166666666666,0.0040588145198345495,176.51628904506006,1,217.28799999999998,227.75185320998577,206.8241467900142
2014-05-16 00:00:00+05:30,217.0,225.5,217.0,219.2,423911,217.15,218.15,216.15,0.009210223347916187,176.51628904506006,1,217.02599999999998,226.94293985058553,207.10906014941443
2014-05-19 00:00:00+05:30,220.0,241.9,220.0,235.6,978919,220.5666666666667,221.25,219.88333333333338,0.006196161402448015,176.51628904506006,1,217.342,228.95732367177644,205.7266763282236
2014-05-20 00:00:00+05:30,241.0,245.35,238.4,239.85,684052,232.5,230.95,234.05,0.013333333333333431,181.43158846037517,1,217.892,232.1219312717991,203.6620687282009
2014-05-21 00:00:00+05:30,240.0,249.9,239.85,244.7,394776,241.20000000000002,241.875,240.52500000000003,0.005597014925372993,184.03532492196013,1,218.778,236.40940561611922,201.14659438388077
2014-05-22 00:00:00+05:30,245.0,261.0,245.0,250.65,604567,244.8166666666667,244.875,244.75833333333338,0.0004765470760430964,190.02991192508173,1,220.12,241.70110284485278,198.53889715514723
2014-05-23 00:00:00+05:30,252.0,257.4,248.5,250.55,338291,252.21666666666667,253.0,251.43333333333334,0.006211590563668788,190.02991192508173,1,221.632,246.04646915253542,197.2175308474646
2014-05-26 00:00:00+05:30,257.0,259.0,230.1,236.0,625515,252.15,252.95,251.35000000000002,0.006345429307951481,190.02991192508173,1,222.68400000000003,247.21745014465145,198.1505498553486
2014-05-27 00:00:00+05:30,237.7,238.9,228.0,233.7,207351,241.70000000000002,244.55,238.85000000000002,0.02358295407529991,190.02991192508173,1,223.248,248.11790920771713,198.37809079228285
2014-05-28 00:00:00+05:30,235.0,245.5,235.0,240.65,213133,233.5333333333333,233.45,233.61666666666662,0.0007136739937195067,190.02991192508173,1,223.908,249.69738820523062,198.11861179476935
2014-05-29 00:00:00+05:30,240.65,244.1,236.15,238.45,123457,240.38333333333333,240.25,240.51666666666665,0.0011093392498092694,190.02991192508173,1,224.57,250.96184722599168,198.1781527740083
2014-05-30 00:00:00+05:30,238.0,246.85,238.0,243.15,160528,239.5666666666667,240.125,239.00833333333338,0.004661193822178728,190.02991192508173,1,225.47600000000003,252.78589740002846,198.1661025999716
2014-06-02 00:00:00+05:30,242.55,246.9,240.1,241.45,174398,242.66666666666666,242.425,242.9083333333333,0.00199175824175807,190.02991192508173,1,226.472,254.21982268935844,198.72417731064158
2014-06-03 00:00:00+05:30,242.0,249.8,241.05,248.2,280971,242.8166666666667,243.5,242.13333333333338,0.005628389045232825,190.02991192508173,1,227.702,256.44923611062575,198.95476388937422
2014-06-04 00:00:00+05:30,246.0,253.9,244.15,251.55,256347,246.35,245.425,247.27499999999998,0.0075096407550232025,190.02991192508173,1,229.084,258.94090834631174,199.2270916536883
2014-06-05 00:00:00+05:30,253.0,253.75,246.35,249.6,198562,249.86666666666667,249.025,250.70833333333334,0.006736926360725736,190.02991192508173,1,230.276,260.92409449215484,199.62790550784518
2014-06-06 00:00:00+05:30,251.45,259.0,249.95,255.85,339352,249.9,250.05,249.75,0.0012004801920768762,190.02991192508173,1,231.96,263.4069330778065,200.5130669221935
2014-06-09 00:00:00+05:30,256.0,262.0,254.55,260.4,360511,254.9333333333333,254.475,255.39166666666662,0.0035957112970709812,192.04184053281955,1,233.78,266.3146953266821,201.24530467331792
2014-06-10 00:00:00+05:30,261.1,263.0,251.35,257.9,208901,258.9833333333333,258.275,259.6916666666666,0.005470107471523118,192.04184053281955,1,235.546,268.3320204355457,202.7599795644543
2014-06-11 00:00:00+05:30,259.0,259.9,245.15,249.8,237274,257.4166666666667,257.175,257.65833333333336,0.0018776303010683657,192.04184053281955,1,237.14600000000002,268.62828606692995,205.6637139330701
2014-06-12 00:00:00+05:30,250.0,254.4,246.6,251.0,305715,251.61666666666665,252.52499999999998,250.70833333333331,0.007219977478969317,192.04184053281955,1,238.87600000000003,268.3990773463743,209.35292265362574
2014-06-13 00:00:00+05:30,258.0,259.85,235.55,242.3,200369,250.66666666666666,250.5,250.83333333333331,0.0013297872340424777,192.04184053281955,1,240.12800000000004,267.3839436453775,212.8720563546226
2014-06-16 00:00:00+05:30,236.35,246.0,232.05,244.25,134447,245.9,247.70000000000002,244.1,0.014640097600650763,192.04184053281955,1,241.29800000000003,266.57848227388047,216.0175177261196
2014-06-17 00:00:00+05:30,244.8,248.4,242.0,247.35,92470,240.76666666666665,239.025,242.5083333333333,0.014467672712169286,192.04184053281955,1,242.562,265.6734738604005,219.4505261395995
2014-06-18 00:00:00+05:30,248.0,249.5,233.0,239.45,133032,245.91666666666666,245.2,246.63333333333333,0.005828532700779413,192.04184053281955,1,243.47,264.1046892392391,222.83531076076088
2014-06-19 00:00:00+05:30,242.0,243.5,235.0,236.6,94922,240.65,241.25,240.05,0.004986494909619732,192.04184053281955,1,244.328,261.7082665111892,226.9477334888108
2014-06-20 00:00:00+05:30,236.25,238.15,234.0,235.1,63687,238.36666666666667,239.25,237.48333333333335,0.007411550832051398,192.04184053281955,1,244.96400000000003,259.5603699596839,230.3676300403162
2014-06-23 00:00:00+05:30,237.0,237.5,229.6,233.0,154764,235.75,236.075,235.425,0.002757158006362576,192.04184053281955,1,244.86,259.7557443587074,229.96425564129268
2014-06-24 00:00:00+05:30,234.5,240.0,234.0,237.85,111090,233.36666666666667,233.55,233.18333333333334,0.0015712041136980756,192.04184053281955,1,244.78,259.8034483391784,229.7565516608216
2014-06-25 00:00:00+05:30,238.3,251.9,238.3,243.35,370224,237.28333333333333,237.0,237.56666666666666,0.0023881435695722254,192.04184053281955,1,244.72600000000003,259.7599115335951,229.69208846640498
2014-06-26 00:00:00+05:30,245.6,247.2,240.1,243.1,77690,244.51666666666668,245.10000000000002,243.93333333333334,0.004771317565264885,192.04184053281955,1,244.42399999999998,259.27195258612994,229.57604741387
2014-06-27 00:00:00+05:30,245.95,247.0,240.3,242.6,95216,243.46666666666667,243.64999999999998,243.28333333333336,0.0015060240963853397,192.04184053281955,1,244.106,258.75472199203625,229.45727800796377
2014-06-30 00:00:00+05:30,244.7,248.3,238.1,243.65,130797,243.29999999999998,243.65,242.94999999999996,0.002877106452938946,192.04184053281955,1,244.41199999999998,258.68542369580484,230.1385763041951
2014-07-01 00:00:00+05:30,245.85,249.0,244.1,246.0,85739,243.35,243.2,243.5,0.0012327922745017932,192.04184053281955,1,244.90399999999997,258.4983494143692,231.30965058563072
2014-07-02 00:00:00+05:30,248.9,249.5,243.6,245.6,94778,246.36666666666667,246.55,246.18333333333334,0.0014882965769179037,192.04184053281955,1,245.102,258.5864942063082,231.61750579369178
2014-07-03 00:00:00+05:30,244.1,246.0,236.5,239.6,131361,246.23333333333335,246.55,245.91666666666669,0.002572086097197749,192.04184053281955,1,245.14800000000002,258.54899936571746,231.74700063428256
2014-07-04 00:00:00+05:30,240.15,243.25,236.9,241.25,101695,240.70000000000002,241.25,240.15000000000003,0.00457000415454909,192.04184053281955,1,245.07199999999997,258.538850559799,231.6051494402009
2014-07-07 00:00:00+05:30,240.0,248.4,240.0,245.65,166246,240.46666666666667,240.075,240.85833333333335,0.0032575547546438584,192.04184053281955,1,245.24,258.62647078209784,231.85352921790218
2014-07-08 00:00:00+05:30,245.65,248.9,227.0,232.35,135559,244.6833333333333,244.2,245.16666666666663,0.003950684558272489,192.04184053281955,1,244.606,258.84581235831297,230.36618764168702
2014-07-09 00:00:00+05:30,235.7,236.9,227.7,231.2,86066,236.08333333333334,237.95,234.2166666666667,0.015813625132368336,192.04184053281955,1,243.792,258.6635212402756,228.92047875972443
2014-07-10 00:00:00+05:30,229.0,242.0,213.3,226.3,803804,231.9333333333333,232.3,231.5666666666666,0.0031618281115266115,192.04184053281955,1,242.86,259.0230937632612,226.6969062367388
2014-07-11 00:00:00+05:30,228.0,236.0,224.0,227.85,217399,227.20000000000002,227.65,226.75000000000003,0.003961267605633702,192.04184053281955,1,241.74,258.0273447805337,225.45265521946627
2014-07-14 00:00:00+05:30,226.0,230.5,221.5,223.95,104301,229.28333333333333,230.0,228.56666666666666,0.0062513629425020156,192.04184053281955,1,240.28199999999998,256.14707812776186,224.4169218722381
2014-07-15 00:00:00+05:30,225.0,229.5,223.6,224.65,96858,225.3166666666667,226.0,224.63333333333338,0.006065537391818702,192.04184053281955,1,238.952,254.25100598078174,223.65299401921826
2014-07-16 00:00:00+05:30,231.0,233.5,228.0,230.55,249054,225.91666666666666,226.55,225.2833333333333,0.005606787163408521,192.04184053281955,1,238.18199999999996,253.15378359448195,223.21021640551797
2014-07-17 00:00:00+05:30,230.0,237.0,229.0,232.1,150907,230.6833333333333,230.75,230.61666666666662,0.0005779929195869487,192.04184053281955,1,237.426,251.62101659033917,223.2309834096608
2014-07-18 00:00:00+05:30,231.1,236.3,230.6,233.35,117330,232.70000000000002,233.0,232.40000000000003,0.0025784271594325994,192.04184053281955,1,237.06799999999998,251.2045874241277,222.93141257587226
2014-07-21 00:00:00+05:30,234.0,239.5,234.0,235.55,98200,233.41666666666666,233.45,233.38333333333333,0.00028561228132808087,192.04184053281955,1,236.72,250.55742750658547,222.88257249341453
2014-07-22 00:00:00+05:30,238.85,253.0,236.05,246.15,626150,236.35,236.75,235.95,0.003384810662153634,192.04184053281955,1,236.672,250.36921373126697,222.97478626873303
2014-07-23 00:00:00+05:30,247.5,247.5,240.15,241.4,182961,245.0666666666667,244.525,245.60833333333338,0.004420565832426704,192.04184053281955,1,236.75,250.53155288782827,222.96844711217173
2014-07-24 00:00:00+05:30,242.5,245.0,238.35,240.6,115809,243.01666666666665,243.825,242.20833333333331,0.0066524929703038515,192.04184053281955,1,236.91,250.77350605005844,223.04649394994155
2014-07-25 00:00:00+05:30,238.6,241.4,232.55,234.2,133530,241.3166666666667,241.675,240.95833333333337,0.0029698183576212724,192.04184053281955,1,236.87399999999997,250.76077413944674,222.9872258605532
2014-07-28 00:00:00+05:30,233.0,234.45,228.0,229.0,97189,236.05000000000004,236.97500000000002,235.12500000000006,0.007837322601143679,192.04184053281955,1,236.71399999999997,250.86528319270047,222.56271680729947
2014-07-30 00:00:00+05:30,228.35,234.2,226.0,230.6,108043,230.48333333333335,231.225,229.7416666666667,0.006435750958131281,192.04184053281955,1,236.424,250.76613707925043,222.0818629207496
2014-07-31 00:00:00+05:30,229.1,233.95,227.0,228.5,92792,230.26666666666665,230.1,230.4333333333333,0.0014475969889981807,192.04184053281955,1,235.83,250.20556259768685,221.45443740231318
2014-08-01 00:00:00+05:30,225.0,232.5,224.7,226.95,74575,229.8166666666667,230.475,229.1583333333334,0.005729204438320136,192.04184053281955,1,235.18400000000003,249.6459423315133,220.72205766848674
2014-08-04 00:00:00+05:30,228.55,239.0,227.0,228.4,235077,228.04999999999998,228.6,227.49999999999997,0.004823503617627813,192.04184053281955,1,234.61599999999999,248.98337192391213,220.24862807608784
2014-08-05 00:00:00+05:30,226.6,237.8,226.6,235.7,177023,231.46666666666667,233.0,229.93333333333334,0.013248847926267265,192.04184053281955,1,234.298,248.1957258571329,220.4002741428671
2014-08-06 00:00:00+05:30,235.2,239.8,232.3,234.2,109148,233.36666666666665,232.2,234.5333333333333,0.009998571632623831,192.04184053281955,1,233.82600000000002,246.87771620899045,220.7742837910096
2014-08-07 00:00:00+05:30,234.3,236.0,229.0,229.4,79005,235.4333333333333,236.05,234.8166666666666,0.0052385671810848316,192.04184053281955,1,233.178,245.40999345977698,220.946006540223
2014-08-08 00:00:00+05:30,228.0,228.3,222.0,223.75,145224,231.46666666666667,232.5,230.43333333333334,0.008928571428571412,192.04184053281955,1,232.544,245.01945814790105,220.06854185209897
2014-08-11 00:00:00+05:30,228.7,231.05,223.7,224.4,117972,224.6833333333333,225.15,224.2166666666666,0.004153994510793238,192.04184053281955,1,231.87,244.21118308753393,219.52881691246608
2014-08-12 00:00:00+05:30,228.0,229.5,225.5,227.8,45647,226.38333333333333,227.375,225.39166666666665,0.0087609511889863,192.04184053281955,1,231.15599999999998,242.22550116310742,220.08649883689253
2014-08-13 00:00:00+05:30,230.4,230.4,220.6,223.3,117118,227.6,227.5,227.7,0.0008787346221440626,192.04184053281955,1,230.79399999999998,242.26815600382173,219.31984399617824
2014-08-14 00:00:00+05:30,222.8,225.0,221.0,222.6,77661,224.76666666666665,225.5,224.0333333333333,0.00652528548123994,192.04184053281955,1,230.45,242.36214506291964,218.53785493708034
2014-08-18 00:00:00+05:30,222.4,227.5,222.4,224.55,130972,222.86666666666667,223.0,222.73333333333335,0.0011965300628177602,192.04184053281955,1,230.38,242.40886528314456,218.35113471685543
2014-08-19 00:00:00+05:30,226.75,229.0,225.15,227.75,111956,224.8166666666667,224.95,224.6833333333334,0.0011861516791456504,192.04184053281955,1,230.37599999999998,242.40829387939144,218.34370612060852
2014-08-20 00:00:00+05:30,229.6,229.75,225.4,225.85,116175,227.29999999999998,227.075,227.52499999999998,0.001979762428508529,192.04184053281955,1,230.452,242.34416481554308,218.55983518445692
2014-08-21 00:00:00+05:30,226.1,228.5,224.2,225.05,153093,227.0,227.575,226.425,0.005066079295154085,192.04184053281955,1,230.468,242.32993508665598,218.606064913344
2014-08-22 00:00:00+05:30,227.4,227.4,223.1,223.95,78300,225.91666666666666,226.35,225.48333333333332,0.003836222796016264,192.04184053281955,1,230.20399999999998,242.33755413718674,218.07044586281322
2014-08-25 00:00:00+05:30,225.85,228.75,224.1,225.4,138983,224.8166666666667,225.25,224.38333333333338,0.0038549929572241856,192.04184053281955,1,229.93599999999998,242.18562105536503,217.68637894463492
2014-08-26 00:00:00+05:30,224.05,226.0,223.75,224.75,66187,226.08333333333334,226.425,225.74166666666667,0.0030224843346848673,192.04184053281955,1,229.59199999999998,241.9215638203484,217.26243617965156
2014-08-27 00:00:00+05:30,224.1,227.0,222.5,223.45,99114,224.83333333333334,224.875,224.79166666666669,0.00037064492216448203,192.04184053281955,1,229.10800000000003,241.4139881358649,216.80201186413515
2014-08-28 00:00:00+05:30,222.6,227.7,222.6,224.2,81670,224.3166666666667,224.75,223.88333333333338,0.0038635857047326725,192.04184053281955,1,228.23,238.51295677322682,217.94704322677316
2014-09-01 00:00:00+05:30,225.9,226.35,224.2,224.65,131396,224.83333333333334,225.14999999999998,224.5166666666667,0.0028169014084504177,192.04184053281955,1,227.56,236.40547341865062,218.7145265813494
2014-09-02 00:00:00+05:30,225.9,234.7,225.05,231.75,445369,225.06666666666663,225.27499999999998,224.8583333333333,0.0018513033175356294,192.04184053281955,1,227.206,234.50966045213332,219.90233954786666
2014-09-03 00:00:00+05:30,232.1,247.7,232.1,243.65,603794,230.5,229.875,231.125,0.005422993492407809,192.04184053281955,1,227.584,236.97602725720355,218.19197274279645
2014-09-04 00:00:00+05:30,246.0,246.1,232.0,235.85,483795,241.14999999999998,239.89999999999998,242.39999999999998,0.010366991499066973,192.04184053281955,1,227.858,237.7837918575826,217.9322081424174
2014-09-05 00:00:00+05:30,235.85,242.0,234.3,237.65,222678,237.98333333333335,239.05,236.91666666666669,0.00896421318019466,192.04184053281955,1,228.14,238.73913203993854,217.54086796006143
2014-09-08 00:00:00+05:30,239.4,244.4,235.0,241.2,259353,237.98333333333335,238.15,237.8166666666667,0.001400658309405341,192.04184053281955,1,228.648,240.41994903149217,216.87605096850783
2014-09-09 00:00:00+05:30,242.0,243.25,236.0,236.75,234573,240.19999999999996,239.7,240.69999999999993,0.004163197335553469,192.04184053281955,1,229.04,241.20575521700349,216.8742447829965
2014-09-10 00:00:00+05:30,238.0,239.0,232.6,234.3,195270,238.66666666666666,239.625,237.70833333333331,0.00803072625698332,192.04184053281955,1,229.276,241.61067048607487,216.94132951392515
2014-09-11 00:00:00+05:30,236.7,240.0,235.05,239.1,151345,235.30000000000004,235.8,234.80000000000007,0.004249893752655941,192.04184053281955,1,229.412,242.09699207725595,216.72700792274406
2014-09-12 00:00:00+05:30,238.3,243.9,235.1,236.85,199217,238.04999999999998,237.525,238.57499999999996,0.004410838059231063,192.04184053281955,1,229.518,242.40395762836604,216.63204237163396
2014-09-15 00:00:00+05:30,236.0,245.4,233.2,238.5,282314,238.61666666666667,239.5,237.73333333333335,0.007403785709296577,192.04184053281955,1,229.882,243.23954109108573,216.52445890891428
2014-09-16 00:00:00+05:30,240.7,248.4,233.0,233.85,545903,239.03333333333333,239.3,238.76666666666665,0.002231209036396708,192.04184053281955,1,230.28599999999997,243.48728842197005,217.0847115780299
2014-09-17 00:00:00+05:30,234.6,237.95,230.8,235.8,128529,238.41666666666666,240.7,236.13333333333333,0.019154141908423614,192.04184053281955,1,230.74200000000002,243.88596226409828,217.59803773590176
2014-09-18 00:00:00+05:30,236.4,242.8,233.05,237.7,256209,234.85,234.375,235.325,0.004045135192676128,192.04184053281955,1,231.138,244.49830778088727,217.77769221911274
2014-09-19 00:00:00+05:30,240.0,245.8,238.85,240.4,378247,237.85,237.925,237.77499999999998,0.0006306495690562712,192.04184053281955,1,231.822,245.25786484004783,218.38613515995218
2014-09-22 00:00:00+05:30,240.0,252.0,240.0,248.85,635248,241.6833333333333,242.325,241.04166666666663,0.005309978622164099,192.04184053281955,1,232.87199999999996,247.3252924968682,218.4187075031317
2014-09-23 00:00:00+05:30,249.8,250.6,236.0,238.6,230911,246.95000000000002,246.0,247.90000000000003,0.007693865154889791,192.04184053281955,1,233.43400000000003,247.6397374324611,219.22826256753896
2014-09-24 00:00:00+05:30,240.0,249.0,235.0,240.7,296621,241.73333333333335,243.3,240.16666666666669,0.012961941533370073,192.04184053281955,1,233.952,248.23512234772295,219.66887765227705
2014-09-25 00:00:00+05:30,241.6,242.8,230.0,233.8,217505,241.5666666666667,242.0,241.13333333333338,0.0035876914585343616,192.04184053281955,1,234.27,248.16618652724628,220.37381347275374
2014-09-26 00:00:00+05:30,231.7,235.3,230.6,233.1,123372,235.53333333333333,236.4,234.66666666666666,0.0073591848287574944,192.04184053281955,1,234.592,247.98255428277784,221.20144571722219
2014-09-29 00:00:00+05:30,234.0,245.9,233.9,239.7,133277,233.0,232.95,233.05,0.0004291845493563208,192.04184053281955,1,235.222,248.0194084876594,222.4245915123406
2014-09-30 00:00:00+05:30,238.1,244.0,235.8,236.9,94861,239.83333333333334,239.9,239.76666666666668,0.0005559416261292248,192.04184053281955,1,235.68199999999996,247.8451535384543,223.51884646154562
2014-10-01 00:00:00+05:30,235.45,239.95,234.0,235.3,79979,238.9,239.9,237.9,0.008371703641691083,192.04184053281955,1,236.10399999999998,247.4235377997519,224.78446220024807
2014-10-07 00:00:00+05:30,237.7,242.55,234.55,237.75,124052,236.41666666666666,236.975,235.85833333333332,0.004723299259781492,192.04184053281955,1,236.676,246.7575125849254,226.59448741507458
2014-10-08 00:00:00+05:30,237.75,238.4,234.35,235.35,109219,238.28333333333333,238.55,238.01666666666665,0.0022382317968805757,192.04184053281955,1,237.122,245.852318665433,228.39168133456704
2014-10-09 00:00:00+05:30,236.1,243.9,235.1,240.6,126375,236.03333333333333,236.375,235.69166666666666,0.002895071317610523,192.04184053281955,1,237.76,244.9459306982467,230.57406930175327
2014-10-10 00:00:00+05:30,238.2,242.7,236.2,239.2,79423,239.86666666666667,239.5,240.23333333333335,0.0030572540300167392,192.04184053281955,1,238.058,244.82815095843534,231.28784904156464
2014-10-13 00:00:00+05:30,235.5,241.5,235.5,240.15,62525,239.36666666666665,239.45,239.2833333333333,0.0006962818548949406,192.04184053281955,1,237.918,244.356439562503,231.479560437497
2014-10-14 00:00:00+05:30,238.1,241.95,236.0,237.45,81185,239.04999999999998,238.5,239.59999999999997,0.004601547793348529,192.04184053281955,1,237.982,244.3685408477519,231.5954591522481
2014-10-16 00:00:00+05:30,238.5,241.3,231.0,233.25,111478,238.46666666666667,238.975,237.95833333333334,0.00426334917528649,192.04184053281955,1,237.80599999999998,244.45649291406315,231.15550708593682
2014-10-17 00:00:00+05:30,235.0,236.55,220.0,229.6,184405,235.1833333333333,236.15,234.2166666666666,0.008220537169584272,192.04184053281955,1,237.342,244.57380088221507,230.11019911778496
2014-10-20 00:00:00+05:30,233.7,234.85,223.0,225.3,104327,228.71666666666667,228.275,229.15833333333333,0.003862129272025034,192.04184053281955,1,236.884,245.5214403615891,228.24655963841087
2014-10-21 00:00:00+05:30,225.0,235.0,225.0,233.75,77287,227.7166666666667,228.925,226.50833333333338,0.010612603381394841,192.04184053281955,1,236.86199999999997,245.52840779100592,228.19559220899401
2014-10-22 00:00:00+05:30,234.5,237.0,232.95,233.75,49951,231.25,230.0,232.5,0.010810810810810811,192.04184053281955,1,236.648,245.34694154480934,227.94905845519065
2014-10-23 00:00:00+05:30,236.7,237.85,232.85,236.1,25882,234.5666666666667,234.975,234.1583333333334,0.0034815972715643282,192.04184053281955,1,236.618,245.31912084733972,227.91687915266027
2014-10-27 00:00:00+05:30,236.1,238.15,233.0,234.6,60439,235.6,235.35,235.85,0.0021222410865874364,192.04184053281955,1,236.46200000000002,245.1624036687967,227.76159633120332
2014-10-28 00:00:00+05:30,232.4,238.2,232.4,236.55,51892,235.25,235.575,234.925,0.0027630180658872574,192.04184053281955,1,236.57,245.20481325796976,227.93518674203023
2014-10-29 00:00:00+05:30,238.45,241.95,236.1,239.55,98594,235.7166666666667,235.3,236.13333333333338,0.0035353178250726344,192.04184053281955,1,236.72,245.42608982264767,228.01391017735233
2014-10-30 00:00:00+05:30,243.9,246.9,240.0,241.55,182266,239.19999999999996,239.02499999999998,239.37499999999994,0.0014632107023409948,192.04184053281955,1,236.87400000000002,245.77793710669664,227.9700628933034
2014-10-31 00:00:00+05:30,244.7,248.35,241.6,244.15,176598,242.8166666666667,243.45,242.1833333333334,0.005216555700459584,192.04184053281955,1,237.02399999999997,246.27987899661656,227.76812100338338
2014-11-03 00:00:00+05:30,245.65,254.6,245.0,251.25,307290,244.70000000000002,244.975,244.42500000000004,0.0022476501838984654,192.04184053281955,1,237.12,246.89948873919326,227.34051126080675
2014-11-05 00:00:00+05:30,252.0,264.0,252.0,260.35,639221,250.28333333333333,249.8,250.76666666666665,0.003862289405340508,198.7804867960494,1,237.99,251.35419095942598,224.62580904057404
2014-11-07 00:00:00+05:30,262.0,264.5,249.0,255.2,430862,258.78333333333336,258.0,259.5666666666667,0.006053970502994987,198.7804867960494,1,238.57,253.51892638285437,223.6210736171456
2014-11-10 00:00:00+05:30,257.0,259.05,250.25,251.8,97586,256.23333333333335,256.75,255.7166666666667,0.004032782620007687,198.7804867960494,1,239.29,254.96678538476547,223.6132146152345
2014-11-11 00:00:00+05:30,251.6,257.05,249.7,252.6,107379,253.70000000000002,254.65,252.75000000000003,0.007489160425699555,198.7804867960494,1,240.07,256.3654717636524,223.7745282363476
2014-11-12 00:00:00+05:30,256.0,261.0,251.0,251.95,181449,253.11666666666667,253.375,252.85833333333335,0.0020412194640152164,198.7804867960494,1,240.56,257.50525302260166,223.61474697739837
2014-11-13 00:00:00+05:30,254.8,254.8,245.0,245.3,130102,254.65,256.0,253.3,0.010602788140585072,198.7804867960494,1,240.89600000000002,257.8707322806573,223.92126771934275
2014-11-14 00:00:00+05:30,245.15,250.9,245.0,249.4,84792,248.36666666666667,249.9,246.83333333333334,0.012347335928063332,198.7804867960494,1,241.46,258.58978692220035,224.33021307779967
2014-11-17 00:00:00+05:30,249.45,254.35,248.7,250.8,380028,248.4333333333333,247.95,248.91666666666663,0.0038910505836574814,198.7804867960494,1,241.982,259.4203228551367,224.54367714486332
2014-11-18 00:00:00+05:30,252.95,254.25,249.0,250.65,553134,251.2833333333333,251.52499999999998,251.04166666666663,0.0019234595741859065,198.7804867960494,1,242.59399999999997,260.1319889383013,225.05601106169865
2014-11-19 00:00:00+05:30,250.0,251.5,245.0,245.35,263888,251.29999999999998,251.625,250.97499999999997,0.0025865499403105218,198.7804867960494,1,242.78400000000002,260.3343782295419,225.23362177045811
2014-11-20 00:00:00+05:30,243.15,247.25,243.1,243.85,79591,247.28333333333333,248.25,246.31666666666666,0.00781829210756893,198.7804867960494,1,242.97000000000003,260.46297001655176,225.47702998344832
2014-11-21 00:00:00+05:30,247.85,259.8,247.85,252.1,1205193,244.73333333333335,245.175,244.29166666666669,0.0036093707436665448,198.7804867960494,1,243.44799999999998,261.2568400520633,225.63915994793666
2014-11-24 00:00:00+05:30,254.0,256.8,252.05,254.1,147167,253.25,253.825,252.675,0.004540967423494481,198.7804867960494,1,244.114,262.2186628248076,226.00933717519237
2014-11-25 00:00:00+05:30,254.5,257.6,245.35,250.65,149733,254.3166666666667,254.425,254.20833333333337,0.0008519562225570749,198.7804867960494,1,244.81,262.5241751148612,227.09582488513882
2014-11-26 00:00:00+05:30,255.0,257.5,253.2,254.5,205367,251.20000000000002,251.47500000000002,250.925,0.0021894904458599177,198.7804867960494,1,245.80599999999998,262.77161982363043,228.84038017636954
2014-11-27 00:00:00+05:30,254.2,255.7,248.5,250.25,102572,255.0666666666667,255.35,254.7833333333334,0.0022216414009406924,198.7804867960494,1,246.804,261.6272498461018,231.9807501538982
2014-11-28 00:00:00+05:30,251.8,256.05,248.1,250.65,148678,251.48333333333335,252.1,250.8666666666667,0.004904234873086188,198.7804867960494,1,247.48000000000005,261.3725303670697,233.58746963293035
2014-12-01 00:00:00+05:30,250.7,255.95,250.1,251.0,108877,251.6,252.075,251.125,0.0037758346581875544,198.7804867960494,1,248.17000000000004,260.9339492321127,235.40605076788736
2014-12-02 00:00:00+05:30,251.0,253.0,250.0,250.95,88403,252.35,253.02499999999998,251.675,0.0053497127006140914,198.7804867960494,1,248.764,260.5722181551641,236.9557818448359
2014-12-03 00:00:00+05:30,252.7,269.95,250.65,268.1,481794,251.3166666666667,251.5,251.13333333333338,0.0014589826911596952,200.81791589875218,1,250.10399999999998,262.7520645159621,237.45593548403787
2014-12-04 00:00:00+05:30,271.9,281.0,267.8,270.3,646482,262.90000000000003,260.3,265.50000000000006,0.01977938379612037,213.60119926280203,1,251.454,265.18536322438285,237.7226367756172
2014-12-05 00:00:00+05:30,272.0,276.9,268.3,270.95,196051,273.0333333333333,274.4,271.66666666666663,0.010010987669393293,213.60119926280203,1,252.71,267.5552820788265,237.86471792117354
2014-12-08 00:00:00+05:30,270.5,282.45,268.55,270.65,266075,272.05,272.6,271.5,0.004043374379709696,213.60119926280203,1,253.87400000000002,269.57528962855986,238.1727103714402
2014-12-09 00:00:00+05:30,271.1,272.6,260.65,263.2,150444,273.8833333333333,275.5,272.26666666666665,0.011805513296415805,213.60119926280203,1,254.63600000000002,270.2242909903529,239.04770900964715
2014-12-10 00:00:00+05:30,263.6,266.85,262.25,264.4,79584,265.48333333333335,266.625,264.3416666666667,0.00860066545294734,213.60119926280203,1,255.162,271.1403423420552,239.18365765794482
2014-12-11 00:00:00+05:30,265.7,265.7,260.0,261.9,81778,264.5,264.55,264.45,0.00037807183364847914,213.60119926280203,1,255.22400000000002,271.2941492214576,239.15385077854245
2014-12-12 00:00:00+05:30,263.95,264.0,255.0,256.1,74479,262.53333333333336,262.85,262.2166666666667,0.002412392077196517,213.60119926280203,1,255.26,271.333804776714,239.186195223286
2014-12-15 00:00:00+05:30,255.5,258.0,250.95,255.4,135721,258.3666666666667,259.5,257.23333333333335,0.008773061540446336,213.60119926280203,1,255.40400000000002,271.4156187813698,239.39238121863028
2014-12-16 00:00:00+05:30,254.6,258.05,245.35,248.4,149297,254.78333333333333,254.475,255.09166666666667,0.0024203571662196935,213.60119926280203,1,255.236,271.448649875943,239.02335012405703
2014-12-17 00:00:00+05:30,246.0,262.0,242.0,247.75,350231,250.6,251.7,249.5,0.008778930566640019,213.60119926280203,1,255.06799999999998,271.4989434908624,238.63705650913755
2014-12-18 00:00:00+05:30,253.5,258.0,248.0,249.6,152100,250.58333333333334,252.0,249.16666666666669,0.011306950448952368,213.60119926280203,1,255.24,271.34512961760674,239.13487038239327
2014-12-19 00:00:00+05:30,253.5,254.7,245.65,246.9,164596,251.86666666666667,253.0,250.73333333333335,0.00899947061937527,213.60119926280203,1,255.14,271.41904174083703,238.86095825916297
2014-12-22 00:00:00+05:30,248.0,249.8,246.0,247.2,59304,249.08333333333334,250.175,247.99166666666667,0.008765473402475759,213.60119926280203,1,254.99599999999998,271.48834780132637,238.50365219867362
2014-12-23 00:00:00+05:30,249.25,251.75,246.4,248.15,105852,247.66666666666666,247.9,247.4333333333333,0.001884253028263918,213.60119926280203,1,254.89600000000002,271.5223145645665,238.26968543543353
2014-12-24 00:00:00+05:30,246.55,250.5,244.0,248.25,146362,248.76666666666665,249.075,248.45833333333331,0.002478895886372803,213.60119926280203,1,255.012,271.4091773180604,238.6148226819396
2014-12-26 00:00:00+05:30,248.3,250.25,246.0,248.35,45951,247.58333333333334,247.25,247.91666666666669,0.002692696061932086,213.60119926280203,1,255.19199999999998,271.1890167218739,239.19498327812607
2014-12-29 00:00:00+05:30,248.05,253.7,247.95,250.05,88362,248.20000000000002,248.125,248.27500000000003,0.0006043513295730625,213.60119926280203,1,255.11,271.19037312999654,239.02962687000348
2014-12-30 00:00:00+05:30,259.35,269.2,255.55,257.3,374812,250.5666666666667,250.825,250.3083333333334,0.0020619928162828043,213.60119926280203,1,255.238,271.33511228760966,239.14088771239034
2014-12-31 00:00:00+05:30,258.0,260.8,255.1,257.55,140821,260.68333333333334,262.375,258.9916666666667,0.01297870980116358,213.60119926280203,1,255.514,271.523360262044,239.50463973795604
2015-01-01 00:00:00+05:30,258.0,258.75,254.05,255.2,44837,257.81666666666666,257.95,257.68333333333334,0.0010343267179519743,213.60119926280203,1,255.542,271.5466163340429,239.53738366595712
2015-01-02 00:00:00+05:30,257.0,259.0,255.1,256.6,55072,256.0,256.4,255.60000000000002,0.0031249999999998224,213.60119926280203,1,255.79600000000002,271.65752376034254,239.9344762396575
2015-01-05 00:00:00+05:30,260.0,267.8,256.64,264.45,147500,256.90000000000003,257.05,256.75000000000006,0.0011677695601399552,213.60119926280203,1,256.348,272.4139510767308,240.2820489232692
2015-01-06 00:00:00+05:30,261.8,264.89,254.0,255.45,107265,262.96333333333337,262.22,263.7066666666667,0.005653513164066011,213.60119926280203,1,256.526,272.44896756260925,240.60303243739074
2015-01-07 00:00:00+05:30,256.0,258.3,248.0,252.25,96927,258.1133333333333,259.445,256.7816666666666,0.01031846475708376,213.60119926280203,1,256.578,272.43614818949254,240.7198518105074
2015-01-08 00:00:00+05:30,253.3,258.0,250.95,252.5,59051,252.85,253.15,252.54999999999998,0.002372948388372643,213.60119926280203,1,255.954,271.1639683102862,240.74403168971384
2015-01-09 00:00:00+05:30,254.95,256.0,250.2,251.0,80536,253.8166666666667,254.475,253.1583333333334,0.005187471271915185,213.60119926280203,1,255.18200000000002,269.3226047961151,241.0413952038849
2015-01-12 00:00:00+05:30,251.0,254.85,250.1,253.2,62726,252.4,253.1,251.70000000000002,0.00554675118858945,213.60119926280203,1,254.472,267.07311360157973,241.87088639842028
2015-01-13 00:00:00+05:30,254.5,256.7,251.3,252.7,52188,252.71666666666667,252.475,252.95833333333334,0.001912550286882603,213.60119926280203,1,253.754,264.49420186029676,243.01379813970325
2015-01-14 00:00:00+05:30,252.1,253.6,250.3,251.3,49101,253.5666666666667,254.0,253.13333333333338,0.0034179045615878164,213.60119926280203,1,253.278,263.33448367969265,243.22151632030736
2015-01-15 00:00:00+05:30,255.5,266.89,255.5,261.85,328186,251.73333333333335,251.95,251.5166666666667,0.001721398305084535,213.60119926280203,1,253.17600000000002,262.8225587646541,243.5294412353459
2015-01-16 00:00:00+05:30,262.2,265.39,257.7,259.64,92251,261.41333333333336,261.195,261.6316666666667,0.0016704070182599366,213.60119926280203,1,253.08559999999997,262.4414231364175,243.72977686358246
2015-01-19 00:00:00+05:30,264.64,264.64,260.0,261.64,69342,260.90999999999997,261.54499999999996,260.275,0.0048675788586101795,213.60119926280203,1,253.30720000000002,263.18594408211516,243.42845591788492
2015-01-20 00:00:00+05:30,264.7,273.0,261.55,269.35,189803,262.0933333333333,262.32,261.8666666666666,0.0017296637330214777,213.60119926280203,1,253.86520000000002,265.5623273328079,242.16807266719212
2015-01-21 00:00:00+05:30,271.7,271.7,264.0,265.14,78582,267.96666666666664,267.275,268.6583333333333,0.005162333623584995,213.60119926280203,1,254.5348,266.8063021020215,242.2632978979785
2015-01-22 00:00:00+05:30,267.7,273.85,264.0,267.95,151140,266.94666666666666,267.85,266.0433333333333,0.0067678937116030504,213.60119926280203,1,255.34279999999998,268.35847365294296,242.32712634705703
2015-01-23 00:00:00+05:30,268.2,273.5,265.0,266.64,112797,268.59999999999997,268.925,268.2749999999999,0.0024199553239020516,213.60119926280203,1,256.0244,269.54079606403684,242.5080039359632
2015-01-27 00:00:00+05:30,266.64,281.0,266.64,275.35,782347,268.38,269.25,267.51,0.006483344511513559,213.60119926280203,1,257.1624,272.127313930922,242.19748606907797
2015-01-28 00:00:00+05:30,270.5,287.7,270.5,276.7,451863,274.33,273.82,274.84,0.0037181496737505263,216.3026159775062,1,258.3424,274.57736205600423,242.10743794399576
2015-01-29 00:00:00+05:30,276.85,282.0,272.7,279.05,207103,278.3,279.1,277.5,0.00574919151994259,216.3026159775062,1,259.5784,277.16960114602443,241.98719885397557
2015-01-30 00:00:00+05:30,280.0,285.0,276.0,279.5,197609,277.9166666666667,277.35,278.48333333333335,0.004077961019490228,217.60609088486967,1,260.8284,279.43394642465205,242.2228535753479
2015-02-02 00:00:00+05:30,277.05,281.1,273.55,275.7,110536,280.1666666666667,280.5,279.83333333333337,0.0023795359904817204,217.60609088486967,1,261.92240000000004,280.6801092673887,243.16469073261138
2015-02-03 00:00:00+05:30,275.0,285.25,275.0,282.0,207310,276.78333333333336,277.32500000000005,276.2416666666667,0.003914012163545629,217.60609088486967,1,263.2004,282.8794117475414,243.52138825245862
2015-02-04 00:00:00+05:30,284.89,287.5,280.5,285.0,152749,280.75,280.125,281.375,0.004452359750667854,221.69203202511605,1,264.3084,285.58792306232135,243.02887693767866
2015-02-05 00:00:00+05:30,284.0,295.0,282.25,289.64,370800,284.3333333333333,284.0,284.66666666666663,0.0023446658851112383,225.2393507441114,1,265.592,288.8640825024289,242.31991749757103
2015-02-06 00:00:00+05:30,287.0,295.5,282.5,283.89,228271,288.9633333333333,288.625,289.3016666666666,0.0023417042531346066,225.2393507441114,1,266.7396,290.66894565256337,242.81025434743663
2015-02-09 00:00:00+05:30,282.85,288.95,279.55,284.2,118940,287.2966666666667,289.0,285.59333333333336,0.011857661650558555,225.2393507441114,1,267.8436,292.33986445317424,243.34733554682572
2015-02-10 00:00:00+05:30,283.7,289.5,281.55,287.39,92561,284.23333333333335,284.25,284.2166666666667,0.00011727453969732503,225.2393507441114,1,268.7612,294.37342852935376,243.1489714706462
2015-02-11 00:00:00+05:30,286.0,297.75,286.0,294.0,138584,286.14666666666665,285.525,286.7683333333333,0.004345091095475535,226.96556661114448,1,270.3032,297.1368473674347,243.46955263256527
2015-02-12 00:00:00+05:30,296.0,303.0,294.0,297.14,231311,292.5833333333333,291.875,293.29166666666663,0.004841925377385231,233.6669439466987,1,272.0988,299.85191229825995,244.34568770174002
2015-02-13 00:00:00+05:30,297.14,299.0,294.6,295.85,89150,298.0466666666667,298.5,297.59333333333336,0.0030420292124274874,233.6669439466987,1,273.83279999999996,301.8864854020968,245.77911459790312
2015-02-16 00:00:00+05:30,295.14,299.3,294.6,295.8,91356,296.48333333333335,296.8,296.1666666666667,0.002136151554331303,234.70113554127755,1,275.6248,303.33688378739885,247.91271621260114
2015-02-18 00:00:00+05:30,298.89,302.6,297.05,298.39,246769,296.56666666666666,296.95000000000005,296.1833333333333,0.002585141058784192,238.16209011962647,1,277.43240000000003,304.9524135348769,249.91238646512315
2015-02-19 00:00:00+05:30,300.0,309.5,299.0,304.39,207395,299.3466666666667,299.82500000000005,298.86833333333334,0.0031958487372501427,241.94280651484135,1,279.5,307.0436845755937,251.9563154244063
2015-02-20 00:00:00+05:30,304.45,307.8,296.5,302.35,202562,304.2966666666667,304.25,304.34333333333336,0.00030671822453974345,241.94280651484135,1,281.54200000000003,307.966925808785,255.11707419121507
2015-02-23 00:00:00+05:30,299.0,304.5,299.0,301.35,95779,302.21666666666664,302.15,302.2833333333333,0.00044118458059888305,241.94280651484135,1,283.12199999999996,309.37127092320435,256.87272907679557
2015-02-24 00:00:00+05:30,304.25,306.0,298.7,301.39,104597,301.6166666666667,301.75,301.48333333333335,0.0008841244405149522,241.94280651484135,1,284.79200000000003,310.15021571009635,259.4337842899037
2015-02-25 00:00:00+05:30,306.0,306.0,297.2,298.85,121417,302.03000000000003,302.35,301.71000000000004,0.0021189948018408315,241.94280651484135,1,286.2804,310.3643308950962,262.19646910490377
2015-02-26 00:00:00+05:30,299.1,302.0,297.0,298.0,60021,300.68333333333334,301.6,299.76666666666665,0.006097222992073736,241.94280651484135,1,287.4264,310.8975771362189,263.9552228637811
2015-02-27 00:00:00+05:30,303.0,304.5,297.0,298.75,91409,299.0,299.5,298.5,0.0033444816053511705,241.94280651484135,1,288.7708,310.7869976153867,266.7546023846133
2015-03-02 00:00:00+05:30,297.05,300.0,294.05,297.89,167697,300.0833333333333,300.75,299.41666666666663,0.0044432102193836314,241.94280651484135,1,289.9684,310.533434154111,269.40336584588897
2015-03-03 00:00:00+05:30,295.6,302.3,295.6,298.0,75132,297.31333333333333,297.025,297.6016666666667,0.0019395923492613089,241.94280651484135,1,291.2228,309.6584537350794,272.78714626492064
2015-03-04 00:00:00+05:30,303.0,303.45,286.14,288.64,227070,298.6333333333334,298.95000000000005,298.3166666666667,0.002120772407634755,241.94280651484135,1,291.7544,309.0604378642757,274.44836213572427
2015-03-05 00:00:00+05:30,287.89,289.89,279.2,281.89,113949,292.7433333333333,294.79499999999996,290.6916666666666,0.014016829304396412,241.94280651484135,1,291.962,308.65433309036644,275.26966690963354
2015-03-09 00:00:00+05:30,282.0,283.5,275.5,278.45,97440,283.65999999999997,284.54499999999996,282.775,0.006239864626665663,241.94280651484135,1,291.938,308.7060763356964,275.16992366430355
2015-03-10 00:00:00+05:30,279.05,279.05,270.3,272.35,93563,279.15000000000003,279.5,278.80000000000007,0.0025076123947695922,241.94280651484135,1,291.652,309.4699388257942,273.8340611742058
2015-03-11 00:00:00+05:30,274.95,274.95,265.0,267.75,153603,273.90000000000003,274.675,273.12500000000006,0.005658999634903083,241.94280651484135,1,291.334,310.5112974112555,272.1567025887445
2015-03-12 00:00:00+05:30,270.25,273.0,265.64,268.2,87337,269.23333333333335,269.975,268.4916666666667,0.005509471338368262,241.94280651484135,1,290.782,311.7161649940892,269.8478350059108
2015-03-13 00:00:00+05:30,270.64,274.5,263.75,265.95,80764,268.94666666666666,269.32,268.5733333333333,0.0027762629517624426,241.94280651484135,1,290.02,313.0249594652925,267.01504053470745
2015-03-16 00:00:00+05:30,267.7,271.5,262.7,264.2,69375,268.06666666666666,269.125,267.0083333333333,0.007896045759761283,241.94280651484135,1,289.0024,314.13665154962365,263.8681484503764
2015-03-17 00:00:00+05:30,265.0,267.2,263.7,264.7,159427,266.1333333333334,267.1,265.16666666666674,0.0072645290581160316,241.94280651484135,1,288.2348,315.06181928727386,261.40778071272615
2015-03-18 00:00:00+05:30,267.7,268.0,258.05,259.89,145512,265.2,265.45,264.95,0.001885369532428356,241.94280651484135,1,287.2624,316.2770585187517,258.24774148124834
2015-03-19 00:00:00+05:30,263.7,265.85,255.1,256.85,96812,261.97999999999996,263.025,260.93499999999995,0.007977708222001802,241.94280651484135,1,286.0408,317.4074196686824,254.67418033131756
2015-03-20 00:00:00+05:30,256.0,257.0,249.5,251.45,113700,259.2666666666667,260.475,258.0583333333334,0.009321162252506924,241.94280651484135,1,284.3388,318.3032747676125,250.37432523238752
2015-03-23 00:00:00+05:30,251.45,257.0,247.0,251.2,145269,252.65,253.25,252.05,0.0047496536710864385,241.94280651484135,1,282.5012,318.41175480272886,246.5906451972711
2015-03-24 00:00:00+05:30,251.0,253.95,249.05,250.9,229146,251.73333333333335,252.0,251.4666666666667,0.0021186440677964896,241.94280651484135,1,280.7032,318.2253000350434,243.1810999649566
2015-03-25 00:00:00+05:30,258.0,267.95,243.25,245.0,621264,251.29999999999998,251.5,251.09999999999997,0.0015917230401911427,241.94280651484135,1,278.6712,318.1538634643588,239.1885365356412
2015-03-26 00:00:00+05:30,244.0,244.25,238.25,239.2,133194,252.0666666666667,255.6,248.5333333333334,0.028034911399100523,305.4949785233019,-1,276.30359999999996,317.8189191504031,234.78828084959684
2015-03-27 00:00:00+05:30,240.0,245.7,232.05,238.85,212064,240.5666666666667,241.25,239.88333333333338,0.0056810308992654174,304.37217938236984,-1,273.682,316.04069195336234,231.32330804663772
2015-03-30 00:00:00+05:30,240.95,252.9,239.3,251.55,124295,238.86666666666667,238.875,238.85833333333335,6.977393245876992e-05,304.37217938236984,-1,271.65,313.17852128356907,230.1214787164309
2015-03-31 00:00:00+05:30,253.9,255.0,248.75,251.15,117102,247.91666666666666,246.10000000000002,249.7333333333333,0.01465546218487369,304.37217938236984,-1,269.642,310.07213015066685,229.21186984933314
2015-04-01 00:00:00+05:30,248.0,261.5,248.0,258.64,117318,251.63333333333333,251.875,251.39166666666665,0.0019207842098291766,304.37217938236984,-1,267.932,306.41571582890447,229.44828417109557
2015-04-06 00:00:00+05:30,260.0,274.39,255.75,271.6,181996,256.0466666666667,254.75,257.34333333333336,0.0101283620173407,304.37217938236984,-1,266.842,303.2487167429291,230.43528325707084
2015-04-07 00:00:00+05:30,272.85,278.0,266.1,276.25,99465,267.24666666666667,265.07,269.42333333333335,0.01628957018484803,304.37217938236984,-1,265.972,300.3413430836244,231.60265691637557
2015-04-08 00:00:00+05:30,278.0,282.0,270.0,274.3,147220,273.45,272.05,274.84999999999997,0.010239531907112652,304.37217938236984,-1,264.99399999999997,296.87846543381096,233.10953456618898
2015-04-09 00:00:00+05:30,274.95,274.95,269.0,271.35,59183,275.43333333333334,276.0,274.8666666666667,0.004114728306910296,304.37217938236984,-1,263.93240000000003,293.0087041833018,234.85609581669823
2015-04-10 00:00:00+05:30,270.0,278.25,270.0,273.25,123987,271.7666666666667,271.975,271.5583333333334,0.0015331779712987688,304.37217938236984,-1,262.9424,288.82107216377034,237.06372783622973
2015-04-13 00:00:00+05:30,274.05,277.39,270.5,274.25,56950,273.8333333333333,274.125,273.54166666666663,0.0021302495435180937,304.37217938236984,-1,262.3668,286.51591259321765,238.21768740678237
2015-04-15 00:00:00+05:30,274.5,276.0,268.0,269.64,91042,274.0466666666667,273.945,274.14833333333337,0.0007419660885008968,304.37217938236984,-1,261.8768,284.89197532064236,238.86162467935765
2015-04-16 00:00:00+05:30,271.0,273.0,264.55,265.14,84751,271.2133333333333,272.0,270.4266666666666,0.00580109139177049,304.37217938236984,-1,261.3444,283.39708461117397,239.29171538882605
2015-04-17 00:00:00+05:30,265.05,266.05,260.0,261.64,65393,267.56333333333333,268.775,266.3516666666667,0.009057045683887762,304.37217938236984,-1,260.916,282.50815264858767,239.32384735141233
2015-04-20 00:00:00+05:30,260.5,263.7,255.35,259.1,47039,262.56333333333333,263.025,262.1016666666667,0.003516611865073656,304.37217938236984,-1,260.57,281.98955368349004,239.1504463165099
2015-04-21 00:00:00+05:30,259.1,262.2,257.0,260.35,117728,259.3833333333333,259.525,259.2416666666667,0.0010923343828309567,304.37217938236984,-1,260.256,281.4478837293883,239.0641162706116
2015-04-22 00:00:00+05:30,262.7,262.7,253.55,255.1,61223,259.85,259.6,260.1,0.001924187030979411,304.37217938236984,-1,259.822,280.974034039305,238.66996596069498
2015-04-23 00:00:00+05:30,258.0,259.8,247.85,251.5,72352,257.1166666666667,258.125,256.10833333333335,0.007843391456537181,304.37217938236984,-1,259.314,280.6304372257636,237.9975627742364
2015-04-24 00:00:00+05:30,254.6,254.6,243.0,244.95,154431,253.04999999999998,253.825,252.27499999999998,0.006125271685437706,304.37217938236984,-1,258.524,280.43893956185883,236.60906043814117
2015-04-27 00:00:00+05:30,246.3,246.6,238.1,241.0,66715,247.51666666666665,248.8,246.2333333333333,0.010369672075954696,304.37217938236984,-1,257.7684,280.72088983792236,234.8159101620776
2015-04-28 00:00:00+05:30,243.0,246.0,238.05,244.2,60037,241.9,242.35,241.45000000000002,0.0037205456800329774,304.37217938236984,-1,257.2624,280.8232558622121,233.70154413778795
2015-04-29 00:00:00+05:30,244.2,245.0,235.0,235.55,217952,242.75,242.025,243.475,0.00597322348094743,304.37217938236984,-1,256.6264,281.5967631563487,231.6560368436513
2015-04-30 00:00:00+05:30,248.7,248.7,231.5,241.95,742744,238.51666666666665,240.0,237.0333333333333,0.012437984766962604,304.37217938236984,-1,256.2564,281.80485553374876,230.7079444662512
2015-05-04 00:00:00+05:30,247.0,248.05,240.0,244.25,104292,240.71666666666667,240.1,241.33333333333334,0.005123589282005186,304.37217938236984,-1,255.99040000000002,281.89241875066773,230.08838124933234
2015-05-05 00:00:00+05:30,245.3,251.9,244.0,249.6,111733,244.1,244.025,244.17499999999998,0.0006145022531748352,304.37217938236984,-1,256.17440000000005,281.8256549899599,230.52314501004022
2015-05-06 00:00:00+05:30,248.1,258.6,242.45,251.4,176611,248.5,247.95,249.05,0.0044265593561369125,304.37217938236984,-1,256.6624,281.4531371604786,231.87166283952135
2015-05-07 00:00:00+05:30,252.0,264.0,240.35,243.15,192633,250.8166666666667,250.525,251.10833333333338,0.0023257359292977787,304.37217938236984,-1,256.83439999999996,281.1841607906101,232.4846392093898
2015-05-08 00:00:00+05:30,241.5,248.7,241.5,244.8,86477,249.16666666666666,252.175,246.1583333333333,0.02414715719063562,304.37217938236984,-1,256.5644,281.28935813060025,231.8394418693997
2015-05-11 00:00:00+05:30,247.7,252.0,246.15,247.9,237037,245.0,245.1,244.9,0.0008163265306121985,304.37217938236984,-1,256.43440000000004,281.3056068577289,231.56319314227122
2015-05-12 00:00:00+05:30,248.5,248.5,241.5,242.75,50139,248.6833333333333,249.075,248.29166666666663,0.0031499229274178403,304.37217938236984,-1,255.7988,281.21817611822803,230.37942388177197
2015-05-13 00:00:00+05:30,244.0,245.0,238.0,240.0,89005,244.25,245.0,243.5,0.006141248720573183,304.37217938236984,-1,254.53480000000002,279.82791692615103,229.24168307384898
2015-05-14 00:00:00+05:30,241.8,244.0,238.55,239.8,66199,241.0,241.5,240.5,0.004149377593360996,304.37217938236984,-1,253.0768,277.37760276534,228.77599723466
2015-05-15 00:00:00+05:30,240.1,242.2,238.2,239.05,81084,240.78333333333333,241.275,240.29166666666666,0.00408389284972665,304.37217938236984,-1,251.6668,274.9474554684348,228.3861445315652
2015-05-18 00:00:00+05:30,238.2,241.9,238.2,240.0,86159,239.8166666666667,240.2,239.4333333333334,0.0031968865105285755,304.37217938236984,-1,250.41279999999998,272.6723730561026,228.15322694389735
2015-05-19 00:00:00+05:30,240.0,243.0,239.0,239.9,78350,240.03333333333333,240.05,240.01666666666665,0.00013886960144435438,304.27584922683184,-1,249.0788,269.6362164291133,228.5213835708867
2015-05-20 00:00:00+05:30,240.15,242.8,239.0,239.5,40018,240.63333333333333,241.0,240.26666666666665,0.0030475135060258284,302.7088152577586,-1,247.68880000000001,265.804683258621,229.572916741379
2015-05-21 00:00:00+05:30,246.0,257.64,245.0,254.85,317848,240.4333333333333,240.9,239.9666666666666,0.003881879938999282,302.7088152577586,-1,247.0972,263.1562684860607,231.03813151393928
2015-05-22 00:00:00+05:30,253.1,263.0,250.2,260.85,194657,252.49666666666667,251.32,253.67333333333335,0.009320255052872064,302.7088152577586,-1,246.9256,262.28630944194924,231.56489055805073
2015-05-25 00:00:00+05:30,260.0,262.3,257.14,258.85,89439,258.0166666666667,256.6,259.4333333333334,0.01098120276467943,302.7088152577586,-1,246.81400000000002,261.7809641544299,231.8470358455701
2015-05-26 00:00:00+05:30,258.45,258.45,253.7,255.35,54267,259.43,259.72,259.14,0.002235670508422468,302.7088152577586,-1,246.66400000000002,261.2045232368024,232.1234767631976
2015-05-27 00:00:00+05:30,254.0,262.0,251.55,260.45,90905,255.83333333333334,256.075,255.5916666666667,0.0018892508143320845,302.7088152577586,-1,246.668,261.22362791500217,232.11237208499784
2015-05-28 00:00:00+05:30,259.3,273.95,258.1,263.64,255822,258.0,256.775,259.225,0.009496124031007929,302.7088152577586,-1,247.00959999999998,262.69754337572607,231.32165662427388
2015-05-29 00:00:00+05:30,265.0,270.0,260.75,268.05,122418,265.22999999999996,266.025,264.43499999999995,0.005994796968668823,302.7088152577586,-1,247.6716,265.3341068934165,230.00909310658352
2015-06-01 00:00:00+05:30,269.95,272.7,265.2,267.6,45805,266.26666666666665,265.375,267.1583333333333,0.006697546319479105,302.7088152577586,-1,248.5776,267.83995315219767,229.3152468478023
2015-06-02 00:00:00+05:30,269.0,272.05,251.95,255.25,85269,268.5,268.95,268.05,0.003351955307262485,302.7088152577586,-1,249.14759999999998,268.3224479253416,229.97275207465842
2015-06-03 00:00:00+05:30,258.25,258.25,245.0,254.45,70065,259.75,262.0,257.5,0.017324350336862367,302.7088152577586,-1,249.5576,268.7300871876336,230.38511281236643
2015-06-04 00:00:00+05:30,255.0,259.89,251.15,255.5,76720,252.5666666666667,251.625,253.50833333333338,0.007456777088557671,302.7088152577586,-1,250.35559999999998,268.77550582386266,231.93569417613733
2015-06-05 00:00:00+05:30,254.5,263.3,251.5,260.25,55918,255.51333333333332,255.51999999999998,255.50666666666666,5.2182534505653486e-05,302.7088152577586,-1,251.0876,269.56755781813274,232.60764218186728
2015-06-08 00:00:00+05:30,260.25,260.25,250.0,250.7,50191,258.34999999999997,257.4,259.29999999999995,0.007354364234565425,302.7088152577586,-1,251.34560000000002,269.6154160516181,233.07578394838188
2015-06-09 00:00:00+05:30,249.5,252.95,249.0,250.1,88798,253.65,255.125,252.175,0.01163019909323867,302.7088152577586,-1,251.36559999999997,269.62882212973284,233.10237787026713
2015-06-10 00:00:00+05:30,250.0,257.2,248.0,255.45,57124,250.6833333333333,250.975,250.39166666666662,0.002326972940629099,302.7088152577586,-1,251.52759999999998,269.8608836382346,233.19431636176532
2015-06-11 00:00:00+05:30,256.0,259.5,252.1,255.25,72931,253.54999999999998,252.6,254.49999999999997,0.007493591007690701,302.7088152577586,-1,252.0116,270.07149473280396,233.95170526719605
2015-06-12 00:00:00+05:30,252.0,254.9,249.05,250.1,140152,255.61666666666667,255.8,255.43333333333334,0.0014344395905327282,302.7088152577586,-1,252.2236,270.06298194444975,234.3842180555503
2015-06-15 00:00:00+05:30,249.05,251.95,244.0,244.95,44110,251.35000000000002,251.97500000000002,250.72500000000002,0.004973145016908692,302.7088152577586,-1,252.10559999999998,270.0962011728335,234.11499882716646
2015-06-16 00:00:00+05:30,246.25,247.0,238.55,241.95,55610,246.96666666666667,247.975,245.95833333333334,0.008165744364961472,302.7088152577586,-1,252.07359999999997,270.13336379025924,234.0138362097407
2015-06-17 00:00:00+05:30,244.15,244.35,241.5,242.4,76623,242.5,242.775,242.225,0.002268041237113449,302.7088152577586,-1,252.1696,269.99562814313833,234.3435718568617
2015-06-18 00:00:00+05:30,243.05,251.0,242.7,246.45,90274,242.75,242.925,242.575,0.001441812564366726,302.7088152577586,-1,252.43560000000002,269.70514969186974,235.1660503081303
2015-06-19 00:00:00+05:30,247.05,252.7,245.5,248.25,112028,246.71666666666667,246.85,246.58333333333334,0.001080861987434918,302.7088152577586,-1,252.80360000000002,269.2908934152321,236.31630658476791
2015-06-22 00:00:00+05:30,248.05,254.5,248.05,251.6,117178,248.8166666666667,249.1,248.5333333333334,0.0022774465804806993,302.7088152577586,-1,253.26760000000002,268.919190876328,237.61600912367203
2015-06-23 00:00:00+05:30,252.0,258.0,249.15,250.15,196990,251.38333333333333,251.275,251.49166666666665,0.0008618975004971431,302.7088152577586,-1,253.67759999999998,268.41748361419286,238.93771638580714
2015-06-24 00:00:00+05:30,250.15,252.05,244.15,246.6,53421,252.4333333333333,253.575,251.29166666666663,0.009045292486465179,302.7088152577586,-1,253.9616,267.8466868834138,240.07651311658623
2015-06-25 00:00:00+05:30,246.7,248.8,244.8,245.8,33627,247.60000000000002,248.10000000000002,247.10000000000002,0.004038772213247173,302.7088152577586,-1,253.59959999999998,267.84049376970245,239.35870623029749
2015-06-26 00:00:00+05:30,245.1,250.05,244.65,249.6,68757,246.4666666666667,246.8,246.13333333333338,0.002704895861509178,302.7088152577586,-1,253.1496,267.15465677817673,239.14454322182328
2015-06-29 00:00:00+05:30,244.8,247.3,239.4,245.2,60684,248.10000000000002,247.35000000000002,248.85000000000002,0.006045949214026601,302.7088152577586,-1,252.60359999999997,266.7408346716024,238.4663653283976
2015-06-30 00:00:00+05:30,244.05,249.0,244.0,246.85,36074,243.9666666666667,243.35000000000002,244.58333333333337,0.005055335428337266,302.7088152577586,-1,252.2636,266.5285499178917,237.99865008210827
2015-07-01 00:00:00+05:30,250.0,295.7,247.25,248.2,84310,246.61666666666667,246.5,246.73333333333335,0.0009461377306211333,302.7088152577586,-1,251.77360000000002,265.71805080166166,237.8291491983384
2015-07-02 00:00:00+05:30,249.5,252.0,246.8,250.1,115575,263.7166666666667,271.475,255.95833333333337,0.05883839979776269,302.7088152577586,-1,251.232,264.3160629775297,238.14793702247024
2015-07-03 00:00:00+05:30,250.5,252.65,247.05,249.4,86706,249.63333333333333,249.4,249.86666666666665,0.0018694084657496601,302.7088152577586,-1,250.486,261.6326773524656,239.33932264753443
2015-07-06 00:00:00+05:30,248.0,252.8,244.65,251.5,157952,249.70000000000002,249.85000000000002,249.55,0.0012014417300761368,302.7088152577586,-1,249.842,258.55358676705754,241.13041323294246
2015-07-07 00:00:00+05:30,253.8,262.0,250.85,254.0,145656,249.65,248.72500000000002,250.575,0.007410374524333931,302.7088152577586,-1,249.792,258.3924967298391,241.19150327016092
2015-07-08 00:00:00+05:30,254.8,256.8,249.6,254.4,171565,255.61666666666667,256.425,254.80833333333334,0.006324574558257837,302.7088152577586,-1,249.79,258.3861852004231,241.19381479957693
2015-07-09 00:00:00+05:30,254.05,255.85,246.65,248.85,158144,253.6,253.2,254.0,0.0031545741324921586,302.7088152577586,-1,249.524,257.80265303053426,241.24534696946574
2015-07-10 00:00:00+05:30,250.05,252.0,248.1,251.75,55567,250.45000000000002,251.25,249.65000000000003,0.006388500698742128,302.7088152577586,-1,249.18400000000003,256.2874481767643,242.08055182323574
2015-07-13 00:00:00+05:30,252.0,254.75,249.75,254.05,58826,250.61666666666667,250.05,251.18333333333334,0.0045221786260556986,302.7088152577586,-1,249.31799999999998,256.6533871063479,241.9826128936521
2015-07-14 00:00:00+05:30,254.05,255.05,251.0,253.7,63158,252.85,252.25,253.45,0.004745896776745061,302.7088152577586,-1,249.46200000000002,256.99190199139235,241.93209800860768
2015-07-15 00:00:00+05:30,252.3,256.95,252.3,255.35,49481,253.25,253.025,253.475,0.0017769002961500046,302.7088152577586,-1,249.45800000000003,256.975269717123,241.94073028287704
2015-07-16 00:00:00+05:30,256.05,284.85,256.05,270.64,489300,254.86666666666667,254.625,255.10833333333335,0.0018964164268899365,302.7088152577586,-1,250.0736,261.0924142810364,239.05478571896364
2015-07-17 00:00:00+05:30,271.05,273.0,266.35,269.85,131637,270.5133333333334,270.45000000000005,270.5766666666667,0.0004682455578283207,302.7088152577586,-1,250.86360000000002,264.33559748218386,237.3916025178162
2015-07-20 00:00:00+05:30,268.5,277.5,267.0,274.64,155998,269.73333333333335,269.675,269.7916666666667,0.0004325259515571215,302.7088152577586,-1,252.05120000000002,268.1976728730445,235.90472712695555
2015-07-21 00:00:00+05:30,277.64,279.0,270.1,273.2,115236,273.0466666666667,272.25,273.84333333333336,0.005835388334106607,302.7088152577586,-1,253.30120000000002,270.8993983805148,235.7030016194852
2015-07-22 00:00:00+05:30,277.45,277.45,267.0,270.1,57096,274.09999999999997,274.55,273.6499999999999,0.003283473184969322,302.7088152577586,-1,254.40919999999997,272.60051917811205,236.2178808218879
2015-07-23 00:00:00+05:30,270.0,273.8,268.6,270.1,102757,271.5166666666667,272.225,270.8083333333334,0.0052176048124730045,302.7088152577586,-1,255.3552,274.23907682230384,236.47132317769618
2015-07-24 00:00:00+05:30,270.0,277.0,268.5,274.45,71237,270.83333333333337,271.20000000000005,270.4666666666667,0.002707692307692363,302.7088152577586,-1,256.40319999999997,276.4648048969153,236.34159510308461
2015-07-27 00:00:00+05:30,274.45,275.5,262.55,268.3,183559,273.31666666666666,272.75,273.8833333333333,0.0041465943045307365,302.7088152577586,-1,257.0712,277.5562480653557,236.58615193464425
2015-07-28 00:00:00+05:30,271.3,271.3,256.39,258.1,99146,268.7833333333333,269.025,268.54166666666663,0.0017982265765487018,302.7088152577586,-1,257.3892,277.6805174890132,237.0978825109868
2015-07-29 00:00:00+05:30,258.95,261.5,258.0,260.14,43810,261.93,263.845,260.015,0.014622227312640937,302.7088152577586,-1,257.9308,277.7588067944292,238.10279320557078
2015-07-30 00:00:00+05:30,260.95,265.5,259.14,262.1,59751,259.88,259.75,260.01,0.0010004617515776163,302.7088152577586,-1,258.5828,277.8359967382024,239.32960326179764
2015-07-31 00:00:00+05:30,264.85,270.05,262.0,268.1,65809,262.24666666666667,262.32,262.17333333333335,0.0005592698985687023,302.7088152577586,-1,259.3228,278.56018570180265,240.0854142981973
2015-08-03 00:00:00+05:30,270.5,274.39,264.05,267.0,123090,266.71666666666664,266.025,267.4083333333333,0.00518652752608883,302.7088152577586,-1,260.1948,278.7569448071045,241.63265519289547
2015-08-04 00:00:00+05:30,269.7,273.89,260.0,261.25,386881,268.48,269.22,267.74,0.005512514898688983,302.7088152577586,-1,260.7708,278.51652842798836,243.02507157201165
2015-08-05 00:00:00+05:30,263.0,267.5,262.55,263.8,299580,265.0466666666667,266.945,263.14833333333337,0.014324521467917439,302.7088152577586,-1,261.3948,278.4106026504749,244.378997349525
2015-08-06 00:00:00+05:30,264.7,286.89,264.7,284.14,371420,264.6166666666666,265.025,264.20833333333326,0.003086225357435485,302.7088152577586,-1,262.7564,281.31671196289284,244.19608803710713
2015-08-07 00:00:00+05:30,282.0,287.6,279.0,283.55,166686,278.57666666666665,275.79499999999996,281.35833333333335,0.019970564656049405,302.7088152577586,-1,264.1224,283.5558303960957,244.68896960390435
2015-08-10 00:00:00+05:30,291.0,311.5,286.0,302.7,846155,283.3833333333334,283.3,283.46666666666675,0.0005881315062050547,302.7088152577586,-1,266.17040000000003,290.11838528811734,242.2224147118827
2015-08-11 00:00:00+05:30,304.5,317.05,302.64,309.35,594821,300.06666666666666,298.75,301.3833333333333,0.008775827593868003,234.61492348199153,1,268.3844,297.1683589104743,239.60044108952576
2015-08-12 00:00:00+05:30,304.1,309.89,287.0,295.1,293840,309.68,309.845,309.515,0.0010656161198658,234.61492348199153,1,270.0124,300.02606903528897,239.99873096471106
2015-08-13 00:00:00+05:30,297.0,300.95,290.25,296.0,113371,297.33,298.445,296.215,0.00750008408166017,234.61492348199153,1,271.8984,302.27921061722765,241.51758938277234
2015-08-14 00:00:00+05:30,295.2,310.05,294.25,305.85,255086,295.73333333333335,295.6,295.8666666666667,0.0009017132551847999,234.61492348199153,1,274.0624,306.0583773871629,242.06642261283713
2015-08-17 00:00:00+05:30,307.5,330.7,306.95,319.5,610327,303.3833333333333,302.15,304.6166666666667,0.008130527934955877,235.2919897296927,1,276.6804,312.2131956592192,241.14760434078084
2015-08-18 00:00:00+05:30,319.85,338.7,317.0,332.2,379739,319.05,318.825,319.27500000000003,0.0014104372355431608,241.582310140505,1,279.8204,320.216359195937,239.424440804063
2015-08-19 00:00:00+05:30,329.5,356.0,325.2,344.4,735406,329.3,327.85,330.75,0.008806559368357052,249.1590177348848,1,283.38239999999996,329.7780681702051,236.98673182979485
2015-08-20 00:00:00+05:30,341.65,358.5,323.0,326.75,440083,341.8666666666666,340.6,343.1333333333332,0.007410296411856054,249.1590177348848,1,285.6268,334.6915479871218,236.5620520128782
2015-08-21 00:00:00+05:30,323.39,323.39,303.3,309.55,702138,336.0833333333333,340.75,331.41666666666663,0.027770890156211373,249.1590177348848,1,287.21479999999997,336.7022575204643,237.72734247953562
2015-08-24 00:00:00+05:30,299.39,303.0,285.0,289.5,306460,312.08,313.345,310.81499999999994,0.00810689566777777,249.1590177348848,1,287.8092,337.0345050111399,238.58389498886004
2015-08-25 00:00:00+05:30,283.6,299.0,270.0,288.6,260708,292.5,294.0,291.0,0.010256410256410256,249.1590177348848,1,288.4252,337.2879086011383,239.5624913988617
2015-08-26 00:00:00+05:30,289.7,300.75,282.14,292.64,661584,285.8666666666667,284.5,287.23333333333335,0.009561567164179158,249.1590177348848,1,289.3268,337.6323381404633,241.02126185953674
2015-08-27 00:00:00+05:30,296.35,304.8,294.2,296.6,165751,291.8433333333333,291.445,292.2416666666666,0.002729775107648936,249.1590177348848,1,290.3868,338.11778942028906,242.65581057971093
2015-08-28 00:00:00+05:30,302.45,306.0,287.0,290.0,230094,298.53333333333336,299.5,297.5666666666667,0.006476105404198125,249.1590177348848,1,291.0088,338.29607839746905,243.72152160253097
2015-08-31 00:00:00+05:30,290.25,311.0,290.05,309.39,349440,294.3333333333333,296.5,292.16666666666663,0.014722536806342145,249.1590177348848,1,292.6524,339.52274927285833,245.78205072714167
2015-09-01 00:00:00+05:30,312.0,314.0,290.2,293.89,233655,303.47999999999996,300.525,306.43499999999995,0.019474100434954424,249.1590177348848,1,294.084,338.7814032355318,249.38659676446824
2015-09-02 00:00:00+05:30,295.0,298.89,293.0,295.25,149329,299.36333333333334,302.1,296.62666666666667,0.018283245554454534,249.1590177348848,1,295.4884,337.98351508114456,252.99328491885547
2015-09-03 00:00:00+05:30,297.0,311.5,294.0,302.6,224034,295.7133333333333,295.945,295.4816666666666,0.001566832743422797,249.1590177348848,1,297.1084,337.42047687231843,256.7963231276816
2015-09-04 00:00:00+05:30,298.0,299.6,290.85,293.95,145848,302.7,302.75,302.65,0.000330360092500901,249.1590177348848,1,298.1424,336.71369804608224,259.5711019539178
2015-09-07 00:00:00+05:30,295.0,303.39,290.0,290.39,167111,294.8,295.225,294.375,0.0028833107191316917,249.1590177348848,1,299.07800000000003,335.6660273313512,262.4899726686489
2015-09-08 00:00:00+05:30,291.05,293.05,277.5,284.6,298213,294.5933333333333,296.695,292.4916666666666,0.014268256805992587,249.1590177348848,1,300.012,333.77261468634265,266.25138531365735
2015-09-09 00:00:00+05:30,289.05,296.3,287.14,292.5,179250,285.05,285.275,284.82500000000005,0.0015786704086999887,249.1590177348848,1,301.16,331.7169448734603,270.60305512653974
2015-09-10 00:00:00+05:30,289.95,290.0,282.5,285.3,132516,291.98,291.72,292.24,0.001780943900267079,249.1590177348848,1,301.2064,331.6631847968181,270.74961520318186
2015-09-11 00:00:00+05:30,288.35,290.75,280.5,288.14,164611,285.93333333333334,286.25,285.6166666666667,0.0022149685241314725,249.1590177348848,1,301.39,331.47185632569386,271.3081436743061
2015-09-14 00:00:00+05:30,288.14,296.0,285.0,294.2,255927,286.4633333333333,285.625,287.3016666666666,0.005852988747832601,249.1590177348848,1,301.05,331.2568283671042,270.8431716328958
2015-09-15 00:00:00+05:30,298.5,316.25,297.0,314.8,593661,291.73333333333335,290.5,292.9666666666667,0.008455210237660066,249.1590177348848,1,301.268,331.78832083710273,270.7476791628972
2015-09-16 00:00:00+05:30,318.0,323.0,305.55,308.39,355409,309.34999999999997,306.625,312.07499999999993,0.017617585259414682,249.1590177348848,1,301.7996,332.3346319364445,271.2645680635555
2015-09-18 00:00:00+05:30,312.7,325.0,310.1,322.25,311114,312.31333333333333,314.275,310.3516666666667,0.01256217046982717,249.1590177348848,1,302.8496,334.30610227472346,271.39309772527656
2015-09-21 00:00:00+05:30,321.95,331.4,318.8,323.7,175824,319.1166666666667,317.55,320.68333333333334,0.009818770564579284,249.1590177348848,1,303.5636,336.0534482015487,271.0737517984513
2015-09-22 00:00:00+05:30,327.7,327.7,309.39,315.2,110244,324.6333333333334,325.1,324.16666666666674,0.0028750385049798135,249.1590177348848,1,303.3916,335.58634823258717,271.1968517674128
2015-09-23 00:00:00+05:30,313.0,317.7,307.0,314.64,100810,317.43,318.54499999999996,316.31500000000005,0.0070251709038210135,249.1590177348848,1,302.68919999999997,333.0534020385796,272.32499796142037
2015-09-24 00:00:00+05:30,314.64,328.3,313.5,319.8,284089,313.11333333333334,312.35,313.87666666666667,0.004875763834181369,249.1590177348848,1,301.7052,327.9080609857719,275.5023390142281
2015-09-28 00:00:00+05:30,325.0,325.0,311.0,312.7,112016,320.5333333333333,320.9,320.16666666666663,0.0022878535773710957,249.1590177348848,1,301.1432,325.72590788663626,276.5604921133637
2015-09-29 00:00:00+05:30,311.95,312.8,301.6,306.0,289876,316.23333333333335,318.0,314.4666666666667,0.011173184357541803,249.1590177348848,1,301.0012,325.4285442322265,276.57385576777347
2015-09-30 00:00:00+05:30,310.0,336.5,310.0,329.1,1040651,306.8,307.20000000000005,306.4,0.0026075619295960503,249.1590177348848,1,302.5852,328.8876963803758,276.28270361962416
2015-10-01 00:00:00+05:30,334.3,334.3,316.55,320.3,430559,325.2,323.25,327.15,0.011992619926199193,249.1590177348848,1,303.8532,330.3919744826259,277.3144255173741
2015-10-05 00:00:00+05:30,321.0,326.95,319.5,320.85,348011,323.7166666666667,325.425,322.0083333333334,0.010554497245533527,249.1590177348848,1,304.9816,331.9133333597314,278.04986664026865
2015-10-06 00:00:00+05:30,321.3,326.0,316.0,324.05,699827,322.43333333333334,323.225,321.64166666666665,0.004910575829628981,249.1590177348848,1,306.07959999999997,333.7821679560517,278.37703204394825
2015-10-07 00:00:00+05:30,326.0,343.35,322.5,338.85,462956,322.01666666666665,321.0,323.0333333333333,0.006314372962061911,249.1590177348848,1,308.0336,337.7424387548159,278.32476124518405
2015-10-08 00:00:00+05:30,341.4,352.95,338.85,344.25,403844,334.90000000000003,332.925,336.87500000000006,0.011794565541952956,249.1590177348848,1,309.428,342.3582861208287,276.4977138791713
2015-10-09 00:00:00+05:30,345.55,351.0,336.4,339.9,174584,345.34999999999997,345.9,344.79999999999995,0.0031851744606921175,249.1590177348848,1,311.2684,345.63107727869345,276.9057227213065
2015-10-12 00:00:00+05:30,339.0,344.0,334.3,337.1,97498,342.43333333333334,343.7,341.1666666666667,0.007398033680521668,249.1590177348848,1,312.9424,348.0891448415871,277.79565515841296
2015-10-13 00:00:00+05:30,335.1,343.7,331.75,334.5,115365,338.46666666666664,339.15,337.7833333333333,0.004037817608824132,249.1590177348848,1,314.2184,350.07956771327474,278.3572322867252
2015-10-14 00:00:00+05:30,334.75,341.4,333.0,336.25,119863,336.65000000000003,337.725,335.57500000000005,0.0063864547749887925,249.1590177348848,1,315.9104,351.7782857943929,280.04251420560706
2015-10-15 00:00:00+05:30,336.0,346.8,336.0,342.85,164899,336.8833333333333,337.2,336.56666666666666,0.0018799782318309774,249.1590177348848,1,318.00879999999995,353.7971262844129,282.220473715587
2015-10-16 00:00:00+05:30,345.8,349.6,341.95,346.15,157970,341.8833333333334,341.4,342.3666666666668,0.0028274752595918995,249.1590177348848,1,320.4708,355.17934646106045,285.76225353893955
2015-10-19 00:00:00+05:30,348.95,364.0,342.0,361.8,348248,345.8999999999999,345.775,346.02499999999986,0.0007227522405316171,251.70038376475475,1,323.24280000000005,359.6030145296144,286.88258547038566
2015-10-20 00:00:00+05:30,364.2,375.0,361.0,363.8,461586,355.93333333333334,353.0,358.8666666666667,0.016482487357183013,266.8323684141646,1,326.3828,362.6521212597033,290.11347874029667
2015-10-21 00:00:00+05:30,366.9,366.9,350.6,353.1,168952,366.59999999999997,368.0,365.19999999999993,0.007637752318603569,266.8323684141646,1,328.9812,363.16693471844,294.79546528156
2015-10-23 00:00:00+05:30,358.7,365.0,349.9,359.05,262427,356.8666666666666,358.75,354.98333333333323,0.010554829067812719,266.8323684141646,1,331.5752,364.63353105042574,298.51686894957425
2015-10-26 00:00:00+05:30,360.9,365.0,352.5,361.4,171621,357.98333333333335,357.45,358.5166666666667,0.002979654546301186,266.8323684141646,1,333.43919999999997,367.73574626109655,299.1426537389034
2015-10-27 00:00:00+05:30,362.95,364.7,354.1,360.1,161942,359.6333333333334,358.75,360.51666666666677,0.004912410788766609,266.8323684141646,1,335.5076,369.7490033731027,301.26619662689734
2015-10-28 00:00:00+05:30,360.1,360.1,346.55,352.35,166041,359.6333333333334,359.4,359.8666666666668,0.0012976179442028286,266.8323684141646,1,336.71160000000003,371.1200239360004,302.3031760639997
2015-10-29 00:00:00+05:30,352.9,356.95,349.45,350.45,115649,353.0,353.32500000000005,352.67499999999995,0.0018413597733713625,266.8323684141646,1,337.78159999999997,372.1686723057302,303.39452769426975
2015-10-30 00:00:00+05:30,355.0,355.0,341.2,343.5,107941,352.2833333333333,353.2,351.3666666666666,0.005204144391351766,266.8323684141646,1,338.91360000000003,372.0947463961014,305.73245360389865
2015-11-02 00:00:00+05:30,343.5,351.55,341.15,346.85,107042,346.56666666666666,348.1,345.0333333333333,0.008848706357603308,266.8323684141646,1,340.20200000000006,371.9849071042834,308.4190928957167
2015-11-03 00:00:00+05:30,349.3,354.0,346.0,348.0,110134,346.5166666666667,346.35,346.6833333333334,0.0009619546919341192,266.8323684141646,1,341.33,372.1227653840882,310.53723461591176
2015-11-04 00:00:00+05:30,350.1,366.0,334.0,337.35,1384164,349.3333333333333,350.0,348.66666666666663,0.0038167938931298797,266.8323684141646,1,342.316,370.87631820550143,313.7556817944985
2015-11-05 00:00:00+05:30,336.8,341.4,319.0,323.5,261317,345.7833333333333,350.0,341.5666666666666,0.024389068299031362,266.8323684141646,1,343.01599999999996,368.6940485239726,317.33795147602734
2015-11-06 00:00:00+05:30,323.0,326.95,316.2,319.95,159153,327.96666666666664,330.2,325.7333333333333,0.013619270251041865,266.8323684141646,1,342.65,369.3514606341955,315.94853936580444
2015-11-09 00:00:00+05:30,307.0,326.35,305.14,321.89,166179,321.0333333333333,321.575,320.4916666666666,0.0033745197798775973,266.8323684141646,1,342.7136,369.20859266200114,316.21860733799883
2015-11-10 00:00:00+05:30,323.6,324.8,312.0,313.7,104721,317.79333333333335,315.745,319.8416666666667,0.012890977364744463,266.8323684141646,1,342.4275999999999,369.99317579589973,314.8620242041001
2015-11-11 00:00:00+05:30,321.8,325.0,319.0,323.25,35816,316.8333333333333,318.4,315.26666666666665,0.009889531825355053,266.8323684141646,1,342.3956,370.04815754102134,314.74304245897866
2015-11-13 00:00:00+05:30,322.95,322.95,314.8,319.0,95328,322.4166666666667,322.0,322.83333333333337,0.0025846471956579103,266.8323684141646,1,341.6016,370.7170159468743,312.4861840531257
2015-11-16 00:00:00+05:30,316.14,320.64,314.14,318.5,92094,318.9166666666667,318.875,318.95833333333337,0.00026130128037639265,266.8323684141646,1,340.57160000000005,371.03027741316924,310.11292258683085
2015-11-17 00:00:00+05:30,320.95,323.75,312.3,316.64,92971,317.76,317.39,318.13,0.0023288016112789816,266.8323684141646,1,339.6412,371.5133151202663,307.7690848797337
2015-11-18 00:00:00+05:30,316.64,317.45,310.0,310.7,83574,317.56333333333333,318.025,317.1016666666667,0.0029075564979162876,266.8323684141646,1,338.5852,372.41348455360264,304.75691544639733
2015-11-19 00:00:00+05:30,314.89,318.45,307.1,316.45,110891,312.7166666666667,313.725,311.70833333333337,0.00644886212226185,266.8323684141646,1,337.8632,372.76294520020906,302.96345479979095
2015-11-20 00:00:00+05:30,317.14,325.0,313.0,320.05,152150,314.0,312.775,315.225,0.007802547770700782,266.8323684141646,1,337.2152,372.8054490555983,301.6249509444017
2015-11-23 00:00:00+05:30,320.05,326.0,318.05,321.0,68125,319.34999999999997,319.0,319.69999999999993,0.002191952403319029,266.8323684141646,1,336.34119999999996,372.40502401021166,300.27737598978825
2015-11-24 00:00:00+05:30,319.0,320.5,315.0,315.85,55564,321.68333333333334,322.025,321.3416666666667,0.0021242422672398745,266.8323684141646,1,335.12919999999997,371.8240484318919,298.434351568108
2015-11-26 00:00:00+05:30,315.85,329.0,315.5,323.95,234040,317.1166666666667,317.75,316.48333333333335,0.00399432385557361,266.8323684141646,1,333.61519999999996,368.87886384594105,298.35153615405886
2015-11-27 00:00:00+05:30,328.0,334.85,323.0,331.75,186197,322.81666666666666,322.25,323.3833333333333,0.0035107646238835017,266.8323684141646,1,332.3332,365.3745223560973,299.29187764390264
2015-11-30 00:00:00+05:30,332.5,347.9,330.1,336.5,168388,329.8666666666667,328.925,330.80833333333334,0.0057093775262732184,266.8323684141646,1,331.6692,363.6651647055615,299.6732352944385
2015-12-01 00:00:00+05:30,336.5,342.4,330.0,333.95,84550,338.1666666666667,339.0,337.33333333333337,0.00492853622474114,266.8323684141646,1,330.66519999999997,360.67501019332747,300.6553898066725
2015-12-02 00:00:00+05:30,337.15,339.2,330.35,335.75,56439,335.45,336.2,334.7,0.004471605306304964,266.8323684141646,1,329.63919999999996,357.01390302011595,302.264496979884
2015-12-03 00:00:00+05:30,336.8,344.7,332.0,339.25,110570,335.09999999999997,334.775,335.42499999999995,0.0019397194867203143,266.8323684141646,1,328.80519999999996,353.5622855279766,304.0481144720233
2015-12-04 00:00:00+05:30,338.0,338.0,333.1,334.0,59181,338.65000000000003,338.35,338.95000000000005,0.0017717407352724722,266.8323684141646,1,328.0712,351.01414650300075,305.1282534969992
2015-12-07 00:00:00+05:30,335.3,353.0,334.1,338.35,203130,335.03333333333336,335.55,334.5166666666667,0.00308427022186838,266.8323684141646,1,327.5872,349.086424559029,306.087975440971
2015-12-08 00:00:00+05:30,337.75,342.0,330.9,332.2,71644,341.81666666666666,343.55,340.0833333333333,0.010141888926812708,266.8323684141646,1,327.1352,347.73348040977106,306.53691959022893
2015-12-09 00:00:00+05:30,336.4,336.4,323.39,325.95,80909,335.0333333333333,336.45,333.6166666666666,0.008456869963187856,266.8323684141646,1,326.29920000000004,345.26049187158844,307.33790812841164
2015-12-10 00:00:00+05:30,326.05,332.3,319.0,330.7,66482,328.58,329.895,327.265,0.00800413902246027,266.8323684141646,1,325.60720000000003,342.49997670010373,308.71442329989634
2015-12-11 00:00:00+05:30,332.9,337.25,325.35,328.05,87106,327.3333333333333,325.65,329.01666666666665,0.010285132382892082,266.8323684141646,1,325.2352,341.4741715142176,308.99622848578247
2015-12-14 00:00:00+05:30,328.05,333.0,322.39,325.6,93340,330.2166666666667,331.3,329.1333333333334,0.006561348609498699,266.8323684141646,1,325.31919999999997,341.5431180668409,309.095281933159
2015-12-15 00:00:00+05:30,325.0,333.0,322.0,330.55,67322,326.99666666666667,327.695,326.29833333333335,0.004271195425029756,266.8323684141646,1,325.7432,341.93769557842313,309.5487044215769
2015-12-16 00:00:00+05:30,333.6,336.0,326.64,329.45,98642,328.51666666666665,327.5,329.5333333333333,0.006189437369996356,266.8323684141646,1,326.0456,342.22332600088043,309.8678739991195
2015-12-17 00:00:00+05:30,330.0,335.0,325.35,332.05,62493,330.69666666666666,331.32,330.0733333333333,0.0037698192704291034,266.8323684141646,1,326.7796,342.30203638606906,311.25716361393097
2015-12-18 00:00:00+05:30,335.55,340.05,327.1,329.7,287589,330.8,330.175,331.425,0.003778718258766626,266.8323684141646,1,327.0376,342.5311819279971,311.54401807200287
2015-12-21 00:00:00+05:30,329.9,338.6,329.9,330.2,2904735,332.28333333333336,333.57500000000005,330.9916666666667,0.00777448964237359,266.8323684141646,1,327.48560000000003,342.66821856728143,312.30298143271864
2015-12-22 00:00:00+05:30,337.9,347.9,337.9,342.4,422159,332.90000000000003,334.25,331.55000000000007,0.008110543706818659,266.8323684141646,1,328.44160000000005,344.23805193578465,312.64514806421545
2015-12-23 00:00:00+05:30,343.0,347.0,337.2,339.15,150560,342.7333333333333,342.9,342.5666666666666,0.0009725734292940223,266.8323684141646,1,329.342,344.90952208925836,313.7744779107416
2015-12-24 00:00:00+05:30,339.15,339.55,335.1,336.55,87575,341.1166666666667,342.1,340.1333333333333,0.005765378414032433,266.8323684141646,1,330.376,344.1883168222982,316.56368317770176
2015-12-28 00:00:00+05:30,339.0,339.5,335.0,335.9,92623,337.06666666666666,337.32500000000005,336.8083333333333,0.0015328322784813049,266.8323684141646,1,331.154,343.8902449725003,318.4177550274997
2015-12-29 00:00:00+05:30,337.0,338.4,330.6,332.65,93073,336.8,337.25,336.35,0.0026722090261281986,266.8323684141646,1,331.65799999999996,343.56707821787796,319.74892178212195
2015-12-30 00:00:00+05:30,333.9,338.05,333.0,336.9,53383,333.8833333333333,334.5,333.26666666666665,0.003693905056656562,266.8323684141646,1,332.29400000000004,343.53810316563903,321.04989683436105
2015-12-31 00:00:00+05:30,338.2,340.0,333.0,336.25,111106,335.9833333333333,335.525,336.4416666666666,0.002728309936008618,266.8323684141646,1,333.11,342.2207409138625,323.9992590861375
2016-01-01 00:00:00+05:30,335.6,338.65,333.0,337.0,67496,336.4166666666667,336.5,336.33333333333337,0.0004954173891502465,266.8323684141646,1,333.63199999999995,342.0529206147264,325.2110793852735
2016-01-04 00:00:00+05:30,336.0,339.0,332.5,334.05,103382,336.21666666666664,335.825,336.6083333333333,0.002329846824963971,266.8323684141646,1,333.724,342.11085256812856,325.3371474318714
2016-01-05 00:00:00+05:30,333.05,336.0,330.3,334.0,46252,335.18333333333334,335.75,334.6166666666667,0.003381234150464897,266.8323684141646,1,333.624,341.9353474238252,325.31265257617486
2016-01-06 00:00:00+05:30,334.55,339.0,329.05,330.0,84991,333.43333333333334,333.15,333.7166666666667,0.0016994901529542728,266.8323684141646,1,333.466,341.89588588294805,325.03611411705197
2016-01-07 00:00:00+05:30,324.1,328.0,315.0,318.4,134162,332.68333333333334,334.025,331.3416666666667,0.008065728169931207,266.8323684141646,1,332.772,343.0003558795894,322.5436441204106
2016-01-08 00:00:00+05:30,320.5,325.25,319.0,320.2,186497,320.46666666666664,321.5,319.4333333333333,0.006448928645725151,266.8323684141646,1,332.01,343.00414389570807,321.0158561042919
2016-01-11 00:00:00+05:30,318.7,326.6,317.0,319.75,145178,321.48333333333335,322.125,320.8416666666667,0.003991912488983264,266.8323684141646,1,331.44,343.3977255362188,319.4822744637812
2016-01-12 00:00:00+05:30,320.15,323.0,317.0,320.45,363059,321.1166666666667,321.8,320.43333333333334,0.004255981730419913,266.8323684141646,1,330.724,343.0780153796061,318.3699846203939
2016-01-13 00:00:00+05:30,323.0,324.4,310.05,320.45,147775,320.15000000000003,320.0,320.30000000000007,0.000937060752772351,266.8323684141646,1,330.254,343.22621399760067,317.2817860023994
2016-01-14 00:00:00+05:30,318.0,327.75,310.05,325.9,102177,318.3,317.225,319.375,0.00675463399308821,266.8323684141646,1,330.25199999999995,343.2268828125554,317.2771171874445
2016-01-15 00:00:00+05:30,327.85,327.85,311.05,314.05,106435,321.2333333333333,318.9,323.5666666666666,0.014527342533983488,266.8323684141646,1,329.586,344.0269838999824,315.14501610001764
2016-01-18 00:00:00+05:30,308.55,322.5,300.0,313.25,487276,317.65000000000003,319.45000000000005,315.85,0.011333228396033441,266.8323684141646,1,328.994,344.7883362000293,313.1996637999708
2016-01-19 00:00:00+05:30,313.0,322.0,310.15,319.95,61528,311.9166666666667,311.25,312.58333333333337,0.004274646005877759,266.8323684141646,1,328.76800000000003,344.9080342006935,312.62796579930654
2016-01-20 00:00:00+05:30,318.65,318.65,310.0,313.2,80012,317.3666666666666,316.075,318.65833333333325,0.008139901270874671,266.8323684141646,1,328.074,345.30316411203864,310.8448358879614
2016-01-21 00:00:00+05:30,314.9,315.55,304.0,311.0,95675,313.95,314.325,313.575,0.0023889154323936935,266.8323684141646,1,327.336,345.8023482042218,308.8696517957782
2016-01-22 00:00:00+05:30,314.05,314.15,307.15,309.1,140921,310.18333333333334,309.775,310.5916666666667,0.0026328515394123467,266.8323684141646,1,326.418,346.09763170386,306.73836829614004
2016-01-25 00:00:00+05:30,317.8,317.8,309.0,309.55,93763,310.1333333333333,310.65,309.6166666666667,0.0033319002579534707,266.8323684141646,1,325.612,346.31201507244805,304.911984927552
2016-01-27 00:00:00+05:30,315.0,315.0,304.0,305.2,79983,312.1166666666666,313.4,310.83333333333326,0.00822342072942827,266.8323684141646,1,324.61199999999997,346.6978919674887,302.5261080325112
2016-01-28 00:00:00+05:30,307.95,310.0,299.5,300.3,177861,308.06666666666666,309.5,306.6333333333333,0.009305345163384573,266.8323684141646,1,322.928,345.7400333157655,300.1159666842345
2016-01-29 00:00:00+05:30,302.0,304.4,299.0,300.25,274820,303.26666666666665,304.75,301.7833333333333,0.009782369751593857,266.8323684141646,1,321.372,344.8429706659015,297.90102933409855
2016-02-01 00:00:00+05:30,301.5,304.7,300.0,302.45,117294,301.21666666666664,301.7,300.7333333333333,0.0032092071045206564,266.8323684141646,1,320.008,343.753983744617,296.26201625538295
2016-02-02 00:00:00+05:30,304.8,308.7,297.5,300.05,344919,302.3833333333334,302.35,302.41666666666674,0.0002204707049552545,266.8323684141646,1,318.57399999999996,342.63577250328046,294.51222749671945
2016-02-03 00:00:00+05:30,300.05,300.05,287.5,289.9,111274,302.0833333333333,303.1,301.0666666666666,0.006731034482758897,266.8323684141646,1,316.864,342.69272075809477,291.0352792419052
2016-02-04 00:00:00+05:30,292.5,300.8,291.0,298.0,134691,292.4833333333333,293.775,291.1916666666666,0.008832412103253877,266.8323684141646,1,315.308,340.8059164638927,289.8100835361073
2016-02-05 00:00:00+05:30,300.1,305.0,295.1,302.5,138253,296.59999999999997,295.9,297.29999999999995,0.004720161834119951,266.8323684141646,1,313.95799999999997,338.43104934003236,289.4849506599676
2016-02-08 00:00:00+05:30,298.55,301.0,295.0,298.45,170128,300.8666666666667,300.05,301.68333333333334,0.005428761356082403,266.8323684141646,1,312.416,335.71727412824606,289.11472587175393
2016-02-09 00:00:00+05:30,301.95,301.95,290.1,290.85,67146,298.15000000000003,298.0,298.30000000000007,0.0010062049304043876,266.8323684141646,1,310.688,333.7213545971854,287.6546454028146
2016-02-10 00:00:00+05:30,290.0,309.0,286.5,288.0,99673,294.3,296.025,292.57500000000005,0.011722731906217913,266.8323684141646,1,308.848,331.4842625890339,286.2117374109661
2016-02-11 00:00:00+05:30,285.1,288.9,279.95,285.5,211943,294.5,297.75,291.25,0.022071307300509338,266.8323684141646,1,307.068,329.7695925432492,284.3664074567508
2016-02-12 00:00:00+05:30,284.6,285.55,267.5,278.2,371791,284.7833333333333,284.42499999999995,285.14166666666665,0.002516533036811718,266.8323684141646,1,305.46,330.31580817434264,280.6041918256573
2016-02-15 00:00:00+05:30,282.55,288.9,281.85,286.65,290218,277.0833333333333,276.525,277.64166666666665,0.004030075187969952,266.8323684141646,1,304.118,329.2666600835856,278.9693399164144
2016-02-16 00:00:00+05:30,286.05,286.9,280.0,282.25,44978,285.8,285.375,286.225,0.0029741077676697786,266.8323684141646,1,302.618,328.32541340547004,276.91058659452995
2016-02-17 00:00:00+05:30,285.1,285.1,274.5,279.0,127943,283.05,283.45,282.65000000000003,0.0028263557675320774,266.8323684141646,1,300.96,327.19448112693965,274.7255188730603
2016-02-18 00:00:00+05:30,281.0,292.0,278.8,284.9,437024,279.53333333333336,279.8,279.2666666666667,0.0019079418077747542,266.8323684141646,1,299.538,325.24110922825804,273.834890771742
2016-02-19 00:00:00+05:30,284.05,284.6,274.1,274.75,78351,285.2333333333333,285.4,285.0666666666666,0.001168633867009599,266.8323684141646,1,297.492,322.61218598656825,272.3718140134318
2016-02-22 00:00:00+05:30,278.85,283.9,278.7,279.65,101577,277.81666666666666,279.35,276.2833333333333,0.011038454616353902,266.8323684141646,1,296.11600000000004,321.226105057522,271.0058949424781
2016-02-23 00:00:00+05:30,281.4,281.5,274.7,275.5,45366,280.74999999999994,281.29999999999995,280.19999999999993,0.0039180765805877935,266.8323684141646,1,294.606,319.95216846783353,269.25983153216646
2016-02-24 00:00:00+05:30,277.45,279.05,272.0,273.55,41504,277.23333333333335,278.1,276.3666666666667,0.006252254418660629,266.8323684141646,1,292.75,317.1798014727875,268.3201985272125
2016-02-25 00:00:00+05:30,276.7,278.8,271.0,273.75,57694,274.8666666666666,275.525,274.20833333333326,0.0047902013097261215,266.8323684141646,1,291.17199999999997,315.2074418307594,267.1365581692405
2016-02-26 00:00:00+05:30,275.55,276.8,270.05,271.95,68495,274.51666666666665,274.9,274.1333333333333,0.0027927873231740085,266.8323684141646,1,289.61,313.3619851801872,265.8580148198128
2016-02-29 00:00:00+05:30,271.05,275.4,265.65,267.35,73625,272.93333333333334,273.425,272.44166666666666,0.003602833414753353,266.8323684141646,1,287.94,311.8461665684786,264.0338334315214
2016-03-01 00:00:00+05:30,268.0,271.4,267.5,269.6,138711,269.46666666666664,270.525,268.4083333333333,0.007855022266204877,266.8323684141646,1,286.342,309.5882587097334,263.0957412902666
2016-03-02 00:00:00+05:30,271.2,276.0,271.2,272.95,197322,269.5,269.45,269.55,0.00037105751391474116,266.8323684141646,1,285.052,307.5359405798865,262.5680594201135
2016-03-03 00:00:00+05:30,275.55,285.4,273.4,283.5,111603,273.3833333333334,273.6,273.16666666666674,0.0015850759007496685,266.8323684141646,1,284.38,305.9880170307197,262.7719829692803
2016-03-04 00:00:00+05:30,283.95,285.7,280.0,281.1,74749,280.76666666666665,279.4,282.1333333333333,0.009735248723732692,266.8323684141646,1,283.61400000000003,304.2533705330342,262.9746294669659
2016-03-08 00:00:00+05:30,281.1,281.55,276.1,276.9,64433,282.2666666666667,282.85,281.6833333333334,0.004133207368918146,266.8323684141646,1,282.592,301.8858058453973,263.2981941546027
2016-03-09 00:00:00+05:30,277.5,285.1,276.0,278.6,162797,278.18333333333334,278.82500000000005,277.54166666666663,0.004613264633635193,266.8323684141646,1,281.73400000000004,299.70873159743684,263.75926840256324
2016-03-10 00:00:00+05:30,279.9,284.3,276.55,279.55,191913,279.90000000000003,280.55,279.25000000000006,0.004644515898535028,266.8323684141646,1,281.32,298.99764690222923,263.64235309777075
2016-03-11 00:00:00+05:30,284.3,286.1,275.25,276.25,222059,280.1333333333334,280.425,279.84166666666675,0.002082341742027335,266.8323684141646,1,280.45,296.85331673777904,264.04668326222094
2016-03-14 00:00:00+05:30,278.35,280.1,276.15,277.35,70484,279.2,280.675,277.72499999999997,0.010565902578796724,266.8323684141646,1,279.444,293.18320871083597,265.70479128916406
2016-03-15 00:00:00+05:30,278.0,279.8,274.0,274.8,62365,277.8666666666667,278.125,277.60833333333335,0.0018594049904030164,266.8323684141646,1,278.498,289.9365481596188,267.0594518403812
2016-03-16 00:00:00+05:30,276.9,279.0,272.1,272.9,51744,276.2,276.9,275.5,0.005068790731354009,266.8323684141646,1,277.78,288.23852762103365,267.3214723789663
2016-03-17 00:00:00+05:30,276.85,276.85,271.25,273.4,250943,274.6666666666667,275.55,273.78333333333336,0.006432038834951401,266.8323684141646,1,277.196,286.91064543871414,267.4813545612859
2016-03-18 00:00:00+05:30,274.05,284.45,271.5,283.45,152122,273.8333333333333,274.05,273.6166666666666,0.0015824710894707023,266.8323684141646,1,277.11400000000003,286.5782704948628,267.64972950513726
2016-03-21 00:00:00+05:30,283.45,290.85,283.15,287.75,339765,279.8,277.975,281.625,0.013045032165832656,266.8323684141646,1,277.49600000000004,287.83524252544294,267.15675747455714
2016-03-22 00:00:00+05:30,290.25,293.9,287.75,291.35,69896,287.25,287.0,287.5,0.0017406440382941688,266.8323684141646,1,277.68399999999997,288.8222483362477,266.54575166375224
2016-03-23 00:00:00+05:30,293.65,299.8,286.15,297.75,100131,291.0,290.825,291.175,0.001202749140893549,266.8323684141646,1,278.304,291.8542891482034,264.75371085179654
2016-03-28 00:00:00+05:30,297.0,299.95,291.8,295.0,42800,294.56666666666666,292.975,296.1583333333333,0.010806834898721106,266.8323684141646,1,278.94399999999996,293.99376597824414,263.8942340217558
2016-03-29 00:00:00+05:30,296.95,296.95,290.05,293.55,75766,295.5833333333333,295.875,295.29166666666663,0.0019734987313223726,266.8323684141646,1,279.29,295.2422537592628,263.33774624073726
2016-03-30 00:00:00+05:30,294.0,300.5,292.8,295.4,40178,293.51666666666665,293.5,293.5333333333333,0.00011356538527046625,266.8323684141646,1,280.11600000000004,297.1445811505218,263.0874188494783
2016-03-31 00:00:00+05:30,293.2,313.25,293.2,295.85,177461,296.2333333333333,296.65,295.8166666666666,0.002813097783279075,266.8323684141646,1,280.76399999999995,298.87111506562815,262.65688493437176
2016-04-01 00:00:00+05:30,296.95,305.0,294.5,303.6,83900,300.7666666666667,303.225,298.3083333333334,0.016347112933613968,266.8323684141646,1,281.888,301.9333940844247,261.84260591557523
2016-04-04 00:00:00+05:30,308.1,310.0,302.5,303.9,87573,301.03333333333336,299.75,302.3166666666667,0.00852618757612685,266.8323684141646,1,283.10200000000003,304.6037111877144,261.60028881228567
2016-04-05 00:00:00+05:30,305.45,311.35,301.0,301.8,141065,305.46666666666664,306.25,304.6833333333333,0.005128764731558446,266.8323684141646,1,284.224,306.56752022399047,261.8804797760095
2016-04-06 00:00:00+05:30,303.05,307.6,301.4,306.85,44213,304.7166666666667,306.175,303.2583333333334,0.009571733304162212,266.8323684141646,1,285.62,309.055938214628,262.184061785372
2016-04-07 00:00:00+05:30,306.7,312.0,305.45,310.35,58294,305.28333333333336,304.5,306.0666666666667,0.0051318447343999115,266.8323684141646,1,287.34,311.46165831778245,263.2183416822175
2016-04-08 00:00:00+05:30,311.0,315.3,309.5,314.75,71553,309.2666666666667,308.725,309.8083333333334,0.0035029101099376086,266.8323684141646,1,289.14599999999996,314.417801202127,263.8741987978729
2016-04-11 00:00:00+05:30,316.0,319.7,313.65,316.5,90266,313.18333333333334,312.4,313.9666666666667,0.005002394763450758,266.8323684141646,1,290.888,317.4261729589626,264.3498270410374
2016-04-12 00:00:00+05:30,316.5,322.2,314.0,321.7,100297,316.6166666666666,316.67499999999995,316.5583333333333,0.0003684792335632182,266.8323684141646,1,292.416,321.3660082210662,263.4659917789338
2016-04-13 00:00:00+05:30,322.95,326.0,320.95,322.15,86867,319.3,318.1,320.5,0.007516442217350382,266.8323684141646,1,294.058,324.852281027486,263.26371897251397
2016-04-18 00:00:00+05:30,321.2,351.05,319.0,344.8,326587,323.03333333333336,323.475,322.5916666666667,0.0027344959240532215,266.88575689963756,1,296.774,332.60188991832706,260.94611008167294
2016-04-20 00:00:00+05:30,339.5,348.9,335.35,344.5,727241,338.2833333333333,335.025,341.54166666666663,0.019263930630142343,272.9173266236521,1,299.41,339.0009080471734,259.8190919528266
2016-04-21 00:00:00+05:30,348.95,348.95,327.85,334.15,779203,342.9166666666667,342.125,343.70833333333337,0.004617253948967303,272.9173266236521,1,301.594,342.5616977141714,260.6263022858286
2016-04-22 00:00:00+05:30,334.0,341.4,332.05,337.1,176373,336.9833333333333,338.4,335.5666666666666,0.008407933132202497,272.9173266236521,1,304.028,345.90391269452766,262.1520873054724
2016-04-25 00:00:00+05:30,338.0,343.0,330.0,332.35,199002,336.85,336.725,336.975,0.0007421701053881549,272.9173266236521,1,306.228,348.04545166793025,264.41054833206977
2016-04-26 00:00:00+05:30,334.1,339.0,328.3,330.5,187655,335.1166666666667,336.5,333.73333333333335,0.008255831302531411,272.9173266236521,1,308.45599999999996,349.2612577004442,267.6507422995557
2016-04-27 00:00:00+05:30,333.9,336.0,329.0,330.1,170466,332.59999999999997,333.65,331.54999999999995,0.0063138905592303755,272.9173266236521,1,310.744,349.6902020741387,271.79779792586135
2016-04-28 00:00:00+05:30,334.2,343.9,331.0,334.7,699162,331.7,332.5,330.9,0.004823635815495999,272.9173266236521,1,313.19599999999997,350.09380394548737,276.2981960545126
2016-04-29 00:00:00+05:30,334.0,343.0,330.6,340.05,92033,336.5333333333333,337.45,335.6166666666666,0.005447702060221983,272.9173266236521,1,315.46,351.7195532239382,279.20044677606177
2016-05-02 00:00:00+05:30,338.9,344.5,334.35,340.85,171801,337.8833333333334,336.8,338.96666666666675,0.0064124697874021865,272.9173266236521,1,317.584,353.3191224427676,281.8488775572324
2016-05-03 00:00:00+05:30,342.95,346.0,338.0,339.85,150333,339.90000000000003,339.425,340.37500000000006,0.002794939688143705,272.9173266236521,1,319.524,354.6117884170487,284.43621158295133
2016-05-04 00:00:00+05:30,341.6,341.6,334.25,335.9,63668,341.28333333333336,342.0,340.5666666666667,0.004199833960052586,272.9173266236521,1,321.05,355.530266820307,286.569733179693
2016-05-05 00:00:00+05:30,338.25,340.0,309.05,322.6,1255096,337.25,337.925,336.575,0.004002965159377384,272.9173266236521,1,322.154,354.9537185353709,289.3542814646291
2016-05-06 00:00:00+05:30,322.0,328.0,315.0,318.0,226591,323.8833333333333,324.525,323.2416666666667,0.003962332115473585,272.9173266236521,1,323.132,353.8540817002941,292.4099182997059
2016-05-09 00:00:00+05:30,318.55,326.4,315.9,320.65,198431,320.3333333333333,321.5,319.16666666666663,0.00728407908428732,272.9173266236521,1,324.142,352.73747768440904,295.54652231559095
2016-05-10 00:00:00+05:30,320.65,323.95,319.95,320.75,63620,320.9833333333333,321.15,320.8166666666666,0.0010384755179397827,272.9173266236521,1,325.13800000000003,351.3583017526406,298.91769824735945
2016-05-11 00:00:00+05:30,319.6,323.5,311.0,320.85,213890,321.55,321.95,321.15000000000003,0.002487948997045419,272.9173266236521,1,325.828,350.61348091120124,301.0425190887987
2016-05-12 00:00:00+05:30,322.65,324.05,320.2,322.25,44654,318.45,317.25,319.65,0.0075365049458313,272.9173266236521,1,326.562,349.7412886862284,303.3827113137716
2016-05-13 00:00:00+05:30,320.0,324.05,319.95,320.2,63745,322.1666666666667,322.125,322.20833333333337,0.00025866528711858633,272.9173266236521,1,327.298,348.357049931075,306.238950068925
2016-05-16 00:00:00+05:30,326.0,326.0,320.0,323.7,52876,321.40000000000003,322.0,320.80000000000007,0.0037336652146855373,272.9173266236521,1,327.972,347.3843276296147,308.5596723703853
2016-05-17 00:00:00+05:30,323.7,335.5,322.6,329.8,132492,323.23333333333335,323.0,323.4666666666667,0.001443745488295443,272.9173266236521,1,328.75,346.7851434704439,310.7148565295561
2016-05-18 00:00:00+05:30,330.4,335.8,325.5,334.3,68460,329.3,329.05,329.55,0.0015183723048891587,272.9173266236521,1,329.53200000000004,346.7479433084421,312.316056691558
2016-05-19 00:00:00+05:30,332.5,344.5,330.95,333.0,134262,331.8666666666666,330.65,333.08333333333326,0.007332261952591243,272.9173266236521,1,330.19200000000006,346.60532824260474,313.7786717573954
2016-05-20 00:00:00+05:30,334.95,336.0,329.35,330.35,96095,336.15000000000003,337.725,334.57500000000005,0.009370816599732193,272.9173266236521,1,330.53799999999995,346.58119868353816,314.49480131646175
2016-05-23 00:00:00+05:30,332.4,332.4,319.55,320.65,146884,331.90000000000003,332.675,331.12500000000006,0.00467008134980402,272.9173266236521,1,330.478,346.6568770932807,314.29912290671933
2016-05-24 00:00:00+05:30,321.95,326.0,319.05,322.05,44258,324.2,325.975,322.42499999999995,0.010950030845157522,272.9173266236521,1,329.56800000000004,344.9624634203174,314.17353657968266
2016-05-25 00:00:00+05:30,324.2,326.25,318.0,319.55,62158,322.3666666666666,322.525,322.20833333333326,0.0009823182711200076,272.9173266236521,1,328.57,343.17783351491585,313.96216648508414
2016-05-26 00:00:00+05:30,321.6,328.0,319.0,322.2,141317,321.26666666666665,322.125,320.4083333333333,0.005343432247354317,272.9173266236521,1,328.092,342.72023789796646,313.4637621020335
2016-05-27 00:00:00+05:30,323.65,331.6,322.95,328.0,97058,323.06666666666666,323.5,322.6333333333333,0.0026826248452332057,272.9173266236521,1,327.728,341.88687227145954,313.5691277285405
2016-05-30 00:00:00+05:30,328.6,335.0,328.6,330.75,47338,327.51666666666665,327.275,327.7583333333333,0.0014757518701338818,272.9173266236521,1,327.664,341.75301756686764,313.57498243313233
2016-05-31 00:00:00+05:30,330.2,336.0,327.6,329.5,91375,331.45,331.8,331.09999999999997,0.002111932418162756,272.9173266236521,1,327.624,341.6862365219586,313.5617634780414
2016-06-01 00:00:00+05:30,330.0,333.0,329.1,330.75,155268,331.03333333333336,331.8,330.2666666666667,0.004631960527640629,272.9173266236521,1,327.65,341.7328406225273,313.56715937747265
2016-06-02 00:00:00+05:30,331.55,333.0,329.0,329.5,108059,330.95,331.05,330.84999999999997,0.0006043208943950611,272.9173266236521,1,327.442,341.2531746060756,313.6308253939244
2016-06-03 00:00:00+05:30,332.8,334.0,329.0,329.6,111528,330.5,331.0,330.0,0.0030257186081694403,272.9173266236521,1,327.024,339.88327276324407,314.16472723675594
2016-06-06 00:00:00+05:30,330.0,332.3,327.0,330.45,43023,330.8666666666667,331.5,330.23333333333335,0.003828329639331004,272.9173266236521,1,326.608,338.26824630955593,314.9477536904441
2016-06-07 00:00:00+05:30,334.9,342.9,332.05,340.15,193434,329.9166666666667,329.65,330.1833333333334,0.0016165698408691588,272.9173266236521,1,326.62,338.33522086857573,314.9047791314243
2016-06-08 00:00:00+05:30,340.7,344.8,337.65,340.6,121709,338.3666666666667,337.475,339.2583333333333,0.0052704167077134365,277.129886044756,1,326.808,339.24168585735987,314.3743141426401
2016-06-09 00:00:00+05:30,342.55,343.3,337.0,338.25,91434,341.0166666666667,341.225,340.8083333333334,0.0012218366648745283,277.129886044756,1,327.434,340.51616251234896,314.3518374876511
2016-06-10 00:00:00+05:30,339.95,342.05,331.2,332.15,57741,339.51666666666665,340.15,338.8833333333333,0.0037307937754650776,277.129886044756,1,328.0,340.6166556582758,315.3833443417242
2016-06-13 00:00:00+05:30,334.4,334.7,325.65,328.55,68801,335.1333333333333,336.625,333.64166666666665,0.008901929580266607,277.129886044756,1,328.316,340.5710143206567,316.0609856793433
2016-06-14 00:00:00+05:30,330.0,330.65,324.0,325.4,385491,329.63333333333327,330.17499999999995,329.0916666666666,0.003286479927191945,277.129886044756,1,328.50199999999995,340.4287926954189,316.575207304581
2016-06-15 00:00:00+05:30,333.0,341.9,332.85,335.25,222501,326.68333333333334,327.325,326.0416666666667,0.003928371001479423,277.129886044756,1,329.07800000000003,340.86097347868935,317.2950265213107
2016-06-16 00:00:00+05:30,332.55,333.45,320.0,332.0,42779,336.6666666666667,337.375,335.95833333333337,0.004207920792079095,277.129886044756,1,329.468,340.9630730314989,317.97292696850116
2016-06-17 00:00:00+05:30,332.1,343.5,332.1,337.9,208595,328.48333333333335,326.725,330.2416666666667,0.01070576893804856,277.129886044756,1,330.176,341.4792781085616,318.8727218914384
2016-06-20 00:00:00+05:30,336.95,343.2,333.5,340.0,146322,337.8333333333333,337.8,337.8666666666666,0.00019733596447934693,277.129886044756,1,330.828,342.43813626102127,319.2178637389787
2016-06-21 00:00:00+05:30,342.0,343.5,336.85,337.1,42257,338.90000000000003,338.35,339.45000000000005,0.0032457952198289247,277.129886044756,1,331.12,342.9766099707918,319.2633900292082
2016-06-22 00:00:00+05:30,337.6,341.05,335.5,339.5,64447,339.15000000000003,340.175,338.12500000000006,0.006044523072386715,277.129886044756,1,331.32800000000003,343.5764310831828,319.07956891681727
2016-06-23 00:00:00+05:30,339.6,340.4,335.9,338.0,31693,338.68333333333334,338.275,339.0916666666667,0.0024112986565623337,277.129886044756,1,331.528,344.039565209816,319.01643479018406
2016-06-24 00:00:00+05:30,333.0,333.05,314.8,328.7,115355,338.09999999999997,338.15,338.04999999999995,0.00029577048210595314,277.129886044756,1,331.462,344.0150643270668,318.9089356729332
2016-06-27 00:00:00+05:30,328.0,337.0,327.25,335.95,55608,325.51666666666665,323.925,327.1083333333333,0.009779325175362083,277.129886044756,1,332.074,343.9314911342776,320.2165088657224
2016-06-28 00:00:00+05:30,335.0,363.6,333.35,359.5,533540,333.40000000000003,332.125,334.67500000000007,0.007648470305939016,277.129886044756,1,333.57199999999995,348.93093433801505,318.21306566198484
2016-06-29 00:00:00+05:30,360.0,371.45,358.2,363.45,361173,352.15000000000003,348.475,355.82500000000005,0.02087178759051547,290.2642374412113,1,335.328,353.6292366795101,317.02676332048986
2016-06-30 00:00:00+05:30,363.0,377.5,360.1,363.65,302933,364.3666666666666,364.825,363.90833333333325,0.0025157808068797254,292.3496679435629,1,336.986,357.5943967352978,316.3776032647022
2016-07-01 00:00:00+05:30,365.45,367.95,360.1,363.2,270009,367.0833333333333,368.8,365.3666666666666,0.009353007945516625,292.3496679435629,1,338.394,361.06125073756016,315.72674926243985
2016-07-04 00:00:00+05:30,366.95,373.0,360.2,367.1,218925,363.75,364.025,363.475,0.0015120274914088097,292.3496679435629,1,339.848,364.9048231026882,314.7911768973118
2016-07-05 00:00:00+05:30,368.7,368.7,360.0,362.65,69843,366.7666666666667,366.6,366.9333333333334,0.0009088430428066106,292.3496679435629,1,341.17400000000004,367.38215323519387,314.9658467648062
2016-07-07 00:00:00+05:30,363.75,372.65,363.05,367.85,272645,363.7833333333333,364.35,363.2166666666666,0.003115407522793163,292.5309493290074,1,342.658,370.4883816718239,314.82761832817613
2016-07-08 00:00:00+05:30,368.0,368.6,355.95,360.95,83720,367.8500000000001,367.85,367.85000000000014,3.0905759880825336e-16,292.5309493290074,1,343.916,372.09461203110226,315.73738796889774
2016-07-11 00:00:00+05:30,363.2,376.0,363.2,374.9,218647,361.8333333333333,362.275,361.39166666666665,0.0024412713035467317,292.5716429016132,1,345.72799999999995,375.7564942013309,315.699505798669
2016-07-12 00:00:00+05:30,379.9,384.3,375.15,376.75,444841,371.3666666666666,369.6,373.1333333333332,0.009514406247194658,303.1457771855487,1,347.58,379.27577889876426,315.8842211012357
2016-07-13 00:00:00+05:30,377.7,381.0,367.4,368.4,216115,378.73333333333335,379.725,377.7416666666667,0.0052367540925893725,303.1457771855487,1,348.71,381.26821862447855,316.1517813755214
2016-07-14 00:00:00+05:30,371.7,371.7,363.6,367.8,116102,372.26666666666665,374.2,370.3333333333333,0.010386819484240709,303.1457771855487,1,349.798,383.0107623662853,316.5852376337147
2016-07-15 00:00:00+05:30,368.0,372.2,365.05,368.55,179011,367.7,367.65,367.75,0.00027196083763944177,303.1457771855487,1,351.01,384.65724060007483,317.36275939992515
2016-07-18 00:00:00+05:30,369.0,369.25,356.65,360.15,177467,368.59999999999997,368.625,368.57499999999993,0.00013564839934907276,303.1457771855487,1,352.13,385.04767914053656,319.21232085946343
2016-07-19 00:00:00+05:30,360.15,363.4,358.4,361.7,76403,362.01666666666665,362.95,361.0833333333333,0.005156300354495671,303.1457771855487,1,353.45599999999996,385.11403935810466,321.79796064189526
2016-07-20 00:00:00+05:30,361.0,374.2,360.9,371.6,185149,361.1666666666667,360.9,361.4333333333334,0.0014766958929397784,303.1457771855487,1,355.30400000000003,385.55795075026225,325.0500492497378
2016-07-21 00:00:00+05:30,371.2,377.45,366.15,367.9,91981,368.8999999999999,367.54999999999995,370.2499999999999,0.007319056654919849,303.1457771855487,1,356.61,386.09759739279014,327.1224026072099
2016-07-22 00:00:00+05:30,368.0,370.25,364.0,368.35,62686,370.5,371.79999999999995,369.20000000000005,0.0070175438596488775,303.1457771855487,1,358.064,386.1034367988958,330.02456320110423
2016-07-25 00:00:00+05:30,368.3,374.9,366.0,367.6,77466,367.5333333333333,367.125,367.9416666666666,0.0022220206783963524,303.1457771855487,1,359.25200000000007,386.27162960514573,332.2323703948544
2016-07-26 00:00:00+05:30,369.1,372.95,367.15,368.4,102893,369.5,370.45,368.55,0.00514208389715826,303.1457771855487,1,360.38800000000003,386.44535642768193,334.33064357231814
2016-07-27 00:00:00+05:30,368.4,373.0,364.35,366.05,65422,369.5,370.04999999999995,368.95000000000005,0.002976995940459835,303.1457771855487,1,361.546,385.87660492464676,337.21539507535323
2016-07-28 00:00:00+05:30,366.5,370.05,362.85,364.6,95134,367.8,368.675,366.925,0.0047580206634040235,303.1457771855487,1,362.55,385.17022104222764,339.9297789577724
2016-07-29 00:00:00+05:30,364.0,366.75,360.0,361.3,67208,365.8333333333333,366.45000000000005,365.2166666666666,0.003371298405467323,303.1457771855487,1,363.482,383.780214305678,343.18378569432207
2016-08-01 00:00:00+05:30,361.7,365.55,353.75,358.5,81940,362.68333333333334,363.375,361.9916666666667,0.0038141629520701964,303.1457771855487,1,364.67400000000004,379.39606833292186,349.9519316670782
2016-08-02 00:00:00+05:30,358.5,359.7,352.2,353.95,78589,359.26666666666665,359.65,358.8833333333333,0.0021339766190387405,303.1457771855487,1,365.394,375.44663428158077,355.34136571841924
2016-08-03 00:00:00+05:30,353.9,355.5,350.0,351.7,75185,355.2833333333333,355.95,354.6166666666666,0.003752873293615531,303.1457771855487,1,365.08200000000005,376.26734326693713,353.89665673306297
2016-08-04 00:00:00+05:30,351.8,354.15,345.0,346.7,516299,352.40000000000003,352.75,352.05000000000007,0.001986379114642258,303.1457771855487,1,364.412,377.7143991820732,351.1096008179268
2016-08-05 00:00:00+05:30,349.9,364.9,347.95,363.5,239070,348.6166666666666,349.575,347.65833333333325,0.00549792035186712,303.1457771855487,1,364.406,377.70990378795716,351.10209621204285
2016-08-08 00:00:00+05:30,363.5,375.0,362.1,372.05,298073,358.7833333333333,356.42499999999995,361.14166666666665,0.01314628141403827,303.1457771855487,1,364.76,378.3838320600049,351.13616793999506
2016-08-09 00:00:00+05:30,374.0,385.9,360.35,377.8,1280187,369.7166666666667,368.55,370.8833333333334,0.006311139160618593,303.1457771855487,1,365.18799999999993,379.72094959735335,350.6550504026465
2016-08-10 00:00:00+05:30,380.8,381.05,362.0,364.25,190474,374.68333333333334,373.125,376.2416666666667,0.0083181353142654,303.1457771855487,1,365.25199999999995,379.7537372752099,350.75026272479
2016-08-11 00:00:00+05:30,368.9,372.0,358.3,359.85,88345,369.09999999999997,371.525,366.67499999999995,0.0131400704416148,303.1457771855487,1,364.93199999999996,379.54295150902965,350.32104849097027
2016-08-12 00:00:00+05:30,360.15,362.8,356.05,356.9,98177,363.3833333333334,365.15,361.6166666666668,0.009723432555152563,303.1457771855487,1,364.77,379.64144915599076,349.8985508440092
2016-08-16 00:00:00+05:30,359.0,364.0,356.0,357.6,57875,358.5833333333333,359.425,357.7416666666666,0.00469439925633296,303.1457771855487,1,364.07800000000003,378.60560351879224,349.5503964812078
2016-08-17 00:00:00+05:30,359.0,369.4,358.0,364.1,111421,359.2,360.0,358.4,0.004454342984409863,303.1457771855487,1,363.57200000000006,377.148982875412,349.9950171245881
2016-08-18 00:00:00+05:30,365.0,368.8,362.1,365.9,52612,363.8333333333333,363.7,363.96666666666664,0.0007329363261566235,303.1457771855487,1,363.472,376.94167200785637,350.0023279921436
2016-08-19 00:00:00+05:30,365.0,369.0,361.0,362.1,72499,365.6000000000001,365.45000000000005,365.7500000000001,0.0008205689277901207,303.1457771855487,1,363.244,376.60544662823725,349.8825533717628
2016-08-22 00:00:00+05:30,363.95,367.95,362.0,364.9,59783,364.0333333333333,365.0,363.0666666666666,0.005310868968043387,303.1457771855487,1,363.098,376.3031953411994,349.8928046588006
2016-08-23 00:00:00+05:30,366.9,367.5,362.1,363.7,39365,364.95,364.975,364.92499999999995,0.00013700506918774686,303.1457771855487,1,363.24,376.39157785207664,350.0884221479234
2016-08-24 00:00:00+05:30,363.1,367.0,363.0,364.3,45312,364.43333333333334,364.8,364.06666666666666,0.002012256471233921,303.1457771855487,1,363.344,376.48633830028854,350.20166169971145
2016-08-25 00:00:00+05:30,366.0,369.7,364.1,365.8,43920,364.76666666666665,365.0,364.5333333333333,0.0012793566663621412,303.1457771855487,1,363.11199999999997,375.8620989799779,350.36190102002206
2016-08-26 00:00:00+05:30,368.5,368.75,361.45,365.5,55660,366.5333333333333,366.9,366.16666666666663,0.0020007275372863273,303.1457771855487,1,363.01599999999996,375.6561177209405,350.37588227905945
2016-08-29 00:00:00+05:30,367.95,367.95,360.55,361.75,48002,365.23333333333335,365.1,365.3666666666667,0.0007301268595418038,303.1457771855487,1,362.75199999999995,375.2098482893008,350.2941517106991
2016-08-30 00:00:00+05:30,364.6,364.6,357.85,358.65,128139,363.4166666666667,364.25,362.58333333333337,0.004586104104563069,303.1457771855487,1,362.394,374.78823478877337,349.99976521122665
2016-08-31 00:00:00+05:30,359.95,362.9,358.1,359.65,97092,360.3666666666666,361.225,359.5083333333332,0.004763666635834273,303.1457771855487,1,362.04400000000004,374.23252968980444,349.85547031019564
2016-09-01 00:00:00+05:30,360.9,360.9,351.1,352.05,62891,360.2166666666667,360.5,359.9333333333334,0.0015731272845045277,303.1457771855487,1,361.48400000000004,374.16149880691177,348.8065011930883
2016-09-02 00:00:00+05:30,354.9,358.75,353.0,355.2,67822,354.68333333333334,356.0,353.3666666666667,0.007424463136130799,303.1457771855487,1,361.108,373.9500459428882,348.2659540571118
2016-09-06 00:00:00+05:30,355.2,359.0,352.0,353.2,227507,355.65000000000003,355.875,355.42500000000007,0.0012652889076337178,303.1457771855487,1,360.78399999999993,373.99377577399605,347.5742242260038
2016-09-07 00:00:00+05:30,354.85,355.6,347.0,347.5,105444,354.73333333333335,355.5,353.9666666666667,0.004322495771471442,303.1457771855487,1,360.34399999999994,374.5258001677945,346.1621998322054
2016-09-08 00:00:00+05:30,348.0,354.9,344.15,353.55,184378,350.0333333333333,351.3,348.7666666666666,0.007237405961337254,303.1457771855487,1,360.32800000000003,374.53949056219153,346.11650943780853
2016-09-09 00:00:00+05:30,356.8,356.8,347.25,349.2,821983,350.8666666666666,349.525,352.20833333333326,0.007647729431882806,303.1457771855487,1,360.22799999999995,374.71347078970024,345.74252921029967
2016-09-12 00:00:00+05:30,345.0,346.85,337.2,339.75,96095,351.0833333333333,352.025,350.14166666666665,0.005364348445288372,303.1457771855487,1,359.95,375.6768687283662,344.2231312716338
2016-09-14 00:00:00+05:30,339.0,343.95,336.9,339.7,55529,341.26666666666665,342.025,340.5083333333333,0.004444227388161706,303.1457771855487,1,358.99800000000005,376.5280537363487,341.4679462636514
2016-09-15 00:00:00+05:30,339.5,344.95,329.95,330.8,415142,340.18333333333334,340.42499999999995,339.9416666666667,0.0014208025084510357,303.1457771855487,1,357.34799999999996,377.2572034998712,337.4387965001287
2016-09-16 00:00:00+05:30,334.7,339.0,333.25,337.0,110811,335.23333333333335,337.45,333.0166666666667,0.01322461966789285,303.1457771855487,1,355.716,375.33853235439557,336.09346764560445
2016-09-19 00:00:00+05:30,337.95,339.75,335.0,337.0,83692,336.4166666666667,336.125,336.70833333333337,0.0017339608620263697,303.1457771855487,1,354.626,375.2338843164287,334.01811568357124
2016-09-20 00:00:00+05:30,337.75,338.05,332.05,335.9,196686,337.25,337.375,337.125,0.0007412898443291327,303.1457771855487,1,353.668,375.4108954833371,331.92510451666294
2016-09-21 00:00:00+05:30,336.5,341.0,335.05,337.1,172118,335.3333333333333,335.05,335.6166666666666,0.001689860834989879,303.1457771855487,1,352.876,375.5143059436727,330.23769405632726
2016-09-22 00:00:00+05:30,342.05,345.95,340.0,341.25,164059,337.71666666666664,338.025,337.4083333333333,0.0018259882544539533,303.1457771855487,1,352.222,375.21847068572333,329.2255293142766
2016-09-23 00:00:00+05:30,341.25,344.75,335.0,336.45,108519,342.40000000000003,342.975,341.82500000000005,0.0033586448598130173,303.1457771855487,1,351.116,374.379099019678,327.852900980322
2016-09-26 00:00:00+05:30,337.0,343.7,331.85,332.6,108431,338.73333333333335,339.875,337.5916666666667,0.006740799055303984,303.1457771855487,1,349.784,373.32033310435924,326.24766689564075
2016-09-27 00:00:00+05:30,332.0,337.0,331.85,336.05,70206,336.05,337.775,334.32500000000005,0.010266329415265382,303.1457771855487,1,348.74199999999996,372.3116021179689,325.172397882031
2016-09-28 00:00:00+05:30,337.9,343.45,336.15,340.2,215104,334.9666666666667,334.425,335.5083333333334,0.0032341526520052876,303.1457771855487,1,347.754,370.59088104797536,324.9171189520247
2016-09-29 00:00:00+05:30,340.2,343.95,333.0,337.6,365673,339.93333333333334,339.79999999999995,340.0666666666667,0.0007844675426557124,303.1457771855487,1,346.71,368.91306285176404,324.5069371482359
2016-09-30 00:00:00+05:30,336.05,349.6,335.45,347.2,270686,338.18333333333334,338.475,337.89166666666665,0.0017249026662068047,303.1457771855487,1,346.026,367.041177753219,325.010822246781
2016-10-03 00:00:00+05:30,347.9,355.9,347.55,350.6,261143,344.0833333333333,342.525,345.64166666666665,0.009057883264713028,303.1457771855487,1,345.418,364.9358047945817,325.9001952054183
2016-10-04 00:00:00+05:30,350.05,357.6,349.9,353.65,106250,351.3500000000001,351.725,350.97500000000014,0.0021346235947058093,303.1457771855487,1,344.944,363.00951012286674,326.8784898771333
2016-10-05 00:00:00+05:30,354.5,356.35,348.4,351.8,107276,353.7166666666667,353.75,353.6833333333334,0.00018847476794027054,303.1457771855487,1,344.54600000000005,361.51830497013907,327.573695029861
2016-10-06 00:00:00+05:30,354.8,356.9,348.7,350.5,108332,352.18333333333334,352.375,351.9916666666667,0.0010884482513842007,303.1457771855487,1,344.22,360.3902937511787,328.04970624882134
2016-10-07 00:00:00+05:30,350.5,354.65,348.05,352.95,76845,352.0333333333333,352.79999999999995,351.26666666666665,0.004355648139380655,303.1457771855487,1,343.952,359.29121718991587,328.6127828100841
2016-10-10 00:00:00+05:30,353.9,353.95,350.0,351.45,29554,351.8833333333334,351.35,352.41666666666674,0.003031307725098431,303.1457771855487,1,343.92800000000005,359.21826042941757,328.63773957058254
2016-10-13 00:00:00+05:30,350.0,351.3,345.0,349.9,223697,351.8,351.975,351.625,0.0009948834565094448,303.1457771855487,1,343.716,358.5142896308801,328.9177103691199
2016-10-14 00:00:00+05:30,350.2,351.9,348.05,350.65,64393,348.7333333333333,348.15,349.3166666666666,0.003345440642324495,303.1457771855487,1,343.61400000000003,358.1827753774782,329.04522462252186
2016-10-17 00:00:00+05:30,348.2,356.05,348.2,351.5,145344,350.2,349.975,350.42499999999995,0.0012849800114218498,303.1457771855487,1,343.774,358.59563607701295,328.95236392298705
2016-10-18 00:00:00+05:30,351.0,361.25,351.0,356.4,226487,351.9166666666667,352.125,351.70833333333337,0.0011839924224483886,303.1457771855487,1,343.888,359.0486142355582,328.72738576444175
2016-10-19 00:00:00+05:30,360.0,363.8,351.1,354.5,101877,356.2166666666667,356.125,356.3083333333334,0.0005146680391149411,303.1457771855487,1,344.1,359.6938449395718,328.5061550604282
2016-10-20 00:00:00+05:30,355.9,363.0,353.95,358.65,115504,356.4666666666667,357.45000000000005,355.48333333333335,0.005517112399476426,303.1457771855487,1,344.85600000000005,361.3401334621934,328.3718665378067
2016-10-21 00:00:00+05:30,358.55,369.0,358.55,362.45,251078,358.5333333333333,358.475,358.5916666666666,0.0003253997768684285,303.1457771855487,1,345.76599999999996,363.47725563023107,328.05474436976885
2016-10-24 00:00:00+05:30,363.0,366.75,362.45,365.65,78674,363.3333333333333,363.775,362.89166666666665,0.002431192660550438,304.5451289918839,1,347.16,365.4175573393426,328.90244266065747
2016-10-25 00:00:00+05:30,367.0,368.0,360.6,364.55,90909,364.95,364.6,365.29999999999995,0.0019180709686256524,304.5753238322086,1,348.26200000000006,367.2449034659973,329.2790965340028
2016-10-26 00:00:00+05:30,363.6,367.25,360.15,362.6,73447,364.3833333333334,364.3,364.46666666666675,0.0004573937702970565,304.5753238322086,1,349.28600000000006,368.489010597283,330.0829894027171
2016-10-27 00:00:00+05:30,361.1,362.6,355.6,358.1,74911,363.3333333333333,363.7,362.96666666666664,0.002018348623853253,304.5753238322086,1,350.1739999999999,368.8652197568631,331.48278024313674
2016-10-28 00:00:00+05:30,362.0,364.0,350.0,359.05,55949,358.7666666666667,359.1,358.4333333333334,0.001858217968967654,304.5753238322086,1,351.052,369.26009666053386,332.8439033394662
2016-11-01 00:00:00+05:30,367.25,367.75,361.85,365.05,98146,357.68333333333334,357.0,358.3666666666667,0.0038208843949489985,304.5753238322086,1,352.004,370.54821570191996,333.4597842980801
2016-11-02 00:00:00+05:30,368.0,371.9,357.0,360.2,208072,364.8833333333334,364.8,364.96666666666675,0.0004567670031519,304.5753238322086,1,352.954,370.6265079148186,335.2814920851814
2016-11-03 00:00:00+05:30,361.45,373.35,361.45,364.4,179063,363.0333333333333,364.45,361.6166666666666,0.007804609310439917,304.5753238322086,1,354.226,370.3666844959969,338.0853155040031
2016-11-04 00:00:00+05:30,364.4,365.75,356.9,358.0,87468,366.3999999999999,367.4,365.39999999999986,0.005458515283843106,304.5753238322086,1,355.10400000000004,369.4865705629872,340.7214294370129
2016-11-07 00:00:00+05:30,361.8,367.2,353.55,357.45,73676,360.2166666666667,361.325,359.1083333333334,0.006153703789385786,304.5753238322086,1,355.7939999999999,368.84366880803094,342.7443311919689
2016-11-08 00:00:00+05:30,358.1,364.4,357.05,359.15,49081,359.40000000000003,360.375,358.42500000000007,0.005425709515859576,304.5753238322086,1,356.656,367.4337667445204,345.8782332554796
2016-11-09 00:00:00+05:30,295.1,359.95,295.1,350.45,1596206,360.2,360.725,359.67499999999995,0.0029150471960024105,304.5753238322086,1,356.786,367.1758227126014,346.3961772873986
2016-11-10 00:00:00+05:30,352.0,353.8,335.55,340.1,1086616,335.1666666666667,327.525,342.8083333333334,0.045599204375932616,304.5753238322086,1,356.366,368.43529061706994,344.29670938293003
2016-11-11 00:00:00+05:30,334.1,336.7,315.5,323.45,401723,343.15000000000003,344.675,341.62500000000006,0.008888241293894665,304.5753238322086,1,355.158,372.8216503588388,337.49434964116125
2016-11-15 00:00:00+05:30,326.0,327.0,288.45,305.7,373435,325.2166666666667,326.1,324.33333333333337,0.00543227591861831,304.5753238322086,1,353.31399999999996,379.54325877716184,327.0847412228381
2016-11-16 00:00:00+05:30,306.0,314.9,302.55,305.5,104847,307.05,307.725,306.375,0.004396678065461725,304.5753238322086,1,351.51399999999995,383.75583022099295,319.27216977900696
2016-11-17 00:00:00+05:30,306.1,314.4,305.0,306.25,97413,307.65000000000003,308.725,306.57500000000005,0.006988460913375514,304.5753238322086,1,349.64599999999996,386.42997390167835,312.86202609832156
2016-11-18 00:00:00+05:30,305.0,310.5,300.0,305.65,73860,308.55,309.7,307.40000000000003,0.007454221357964526,304.5753238322086,1,347.81399999999996,388.4196500502008,307.2083499497991
2016-11-21 00:00:00+05:30,307.15,307.15,291.0,293.75,78498,305.3833333333333,305.25,305.51666666666665,0.0008732194509632206,390.59952863046686,-1,345.568,391.34584512184244,299.7901548781575
2016-11-22 00:00:00+05:30,293.0,303.0,290.05,299.3,88602,297.3,299.075,295.52500000000003,0.011940800538176772,388.01454748524816,-1,343.514,392.67821072283596,294.34978927716406
2016-11-23 00:00:00+05:30,302.0,303.0,297.25,301.35,43588,297.45,296.525,298.375,0.006219532694570593,388.01454748524816,-1,341.50800000000004,393.2309904781175,289.78500952188256
2016-11-24 00:00:00+05:30,300.5,309.7,298.05,306.4,51891,300.53333333333336,300.125,300.9416666666667,0.0027173913043480025,388.01454748524816,-1,339.508,392.6210468340826,286.39495316591734
2016-11-25 00:00:00+05:30,308.65,309.15,304.0,307.4,52809,304.71666666666664,303.875,305.5583333333333,0.005524257506973518,388.01454748524816,-1,337.624,391.80687640942915,283.4411235905709
2016-11-28 00:00:00+05:30,307.4,314.25,303.9,307.45,104098,306.84999999999997,306.575,307.12499999999994,0.001792406713377724,388.01454748524816,-1,335.57599999999996,390.2929744777568,280.85902552224314
2016-11-29 00:00:00+05:30,307.65,310.95,298.0,300.55,109763,308.5333333333333,309.075,307.9916666666666,0.003511235955056303,388.01454748524816,-1,333.1,388.3282753668763,277.87172463312373
2016-11-30 00:00:00+05:30,300.55,305.55,298.8,300.6,112457,303.1666666666667,304.475,301.85833333333335,0.008631115997801014,387.1900206036961,-1,330.49799999999993,385.47581719929894,275.5201828007009
2016-12-01 00:00:00+05:30,302.9,306.0,300.0,301.4,458826,301.65000000000003,302.175,301.12500000000006,0.003480855295872549,386.29441977954826,-1,327.97200000000004,382.2581166782039,273.68588332179615
2016-12-02 00:00:00+05:30,302.0,305.95,299.0,299.9,311194,302.46666666666664,303.0,301.9333333333333,0.0035265594004850777,384.3836429883664,-1,325.464,378.9060472661704,272.0219527338296
2016-12-05 00:00:00+05:30,300.0,301.5,293.25,295.6,73723,301.6166666666667,302.475,300.7583333333333,0.005691551085815429,378.3172972688317,-1,322.964,375.91050522933136,270.01749477066863
2016-12-06 00:00:00+05:30,296.95,304.4,296.9,302.45,62208,296.78333333333336,297.375,296.1916666666667,0.003987196046498389,378.3172972688317,-1,320.7,372.0985369441547,269.30146305584526
2016-12-07 00:00:00+05:30,302.45,306.0,297.45,298.65,42324,301.25,300.65,301.85,0.003983402489626707,378.3172972688317,-1,318.04400000000004,366.79517491917164,269.29282508082844
2016-12-08 00:00:00+05:30,298.7,305.9,298.7,303.3,33052,300.7,301.725,299.67499999999995,0.00681742600598626,378.3172972688317,-1,315.76800000000003,361.6635063595521,269.87249364044794
2016-12-09 00:00:00+05:30,305.6,305.6,299.0,300.8,65761,302.63333333333327,302.29999999999995,302.9666666666666,0.002202885780372163,378.3172972688317,-1,313.224,354.9126662775353,271.53533372246466
2016-12-12 00:00:00+05:30,302.0,303.85,300.5,301.6,47830,301.8,302.3,301.3,0.0033134526176275677,376.9669151818684,-1,310.968,348.62995831339276,273.3060416866073
2016-12-13 00:00:00+05:30,301.45,301.8,298.0,298.9,39808,301.98333333333335,302.175,301.7916666666667,0.001269385727689141,372.76423857459366,-1,308.626,341.3993564957841,275.85264350421585
2016-12-14 00:00:00+05:30,300.1,303.3,298.5,300.3,58804,299.56666666666666,299.9,299.23333333333335,0.0022254367419604834,372.1936690316099,-1,306.272,331.8569812194533,280.6870187805467
2016-12-15 00:00:00+05:30,300.2,307.95,297.65,305.4,882905,300.7,300.9,300.5,0.001330229464582565,372.1936690316099,-1,304.47,322.6208346915451,286.31916530845496
2016-12-16 00:00:00+05:30,305.0,307.0,302.3,305.65,41946,303.66666666666663,302.79999999999995,304.5333333333333,0.005708013172338141,372.1936690316099,-1,303.092,313.99890350190225,292.1850964980977
2016-12-19 00:00:00+05:30,304.2,307.0,301.25,302.1,18934,304.9833333333333,304.65,305.3166666666666,0.002185911798458808,372.1936690316099,-1,302.23800000000006,309.30121626455093,295.1747837354492
2016-12-20 00:00:00+05:30,305.95,305.95,296.35,298.35,27748,303.45,304.125,302.775,0.004448838358873036,369.7010367657764,-1,301.94399999999996,309.01819649146233,294.8698035085376
2016-12-21 00:00:00+05:30,301.0,301.0,293.3,294.45,45854,300.21666666666664,301.15,299.2833333333333,0.006217731638261281,365.1149952951453,-1,301.50199999999995,309.0003454174786,294.0036545825213
2016-12-22 00:00:00+05:30,295.0,299.95,286.35,298.2,93790,296.25,297.15,295.35,0.006075949367088454,362.2043954833395,-1,301.18,308.52493022429934,293.8350697757007
2016-12-23 00:00:00+05:30,295.5,299.0,292.5,293.75,20390,294.8333333333333,293.15,296.51666666666665,0.011418880723572666,362.2043954833395,-1,300.704,308.36412636970374,293.0438736302963
2016-12-26 00:00:00+05:30,290.0,303.9,289.95,293.6,56599,295.0833333333333,295.75,294.41666666666663,0.004518497599548279,362.2043954833395,-1,300.698,308.38010804400915,293.0158919559908
2016-12-27 00:00:00+05:30,294.95,305.0,292.5,301.6,1079494,295.81666666666666,296.92499999999995,294.70833333333337,0.00749337990872697,362.2043954833395,-1,300.79,308.45801147624536,293.1219885237547
2016-12-28 00:00:00+05:30,304.5,305.7,299.45,302.15,1018398,299.7,298.75,300.65,0.006339673006339598,362.2043954833395,-1,300.822,308.5057532495409,293.13824675045913
2016-12-29 00:00:00+05:30,302.95,305.8,300.65,305.1,29222,302.43333333333334,302.575,302.2916666666667,0.0009368455858039337,362.2043954833395,-1,300.77,308.31845679591726,293.2215432040827
2016-12-30 00:00:00+05:30,305.0,309.1,302.0,303.2,32514,303.85,303.225,304.475,0.004113871976304097,362.2043954833395,-1,300.60200000000003,307.72786724545387,293.4761327545462
2017-01-02 00:00:00+05:30,307.9,315.85,305.2,313.7,77550,304.76666666666665,305.55,303.9833333333333,0.0051405446789895655,362.2043954833395,-1,300.85200000000003,309.2468784386571,292.45712156134294
2017-01-03 00:00:00+05:30,309.95,327.2,309.95,321.2,81665,311.5833333333333,310.525,312.64166666666665,0.006793260230008048,362.2043954833395,-1,301.678,313.2528375366491,290.1031624633509
2017-01-04 00:00:00+05:30,318.5,331.0,318.5,323.65,137174,319.45,318.575,320.325,0.005478165597120051,362.2043954833395,-1,302.6,317.0094968683786,288.1905031316214
2017-01-05 00:00:00+05:30,329.0,330.7,322.05,325.0,91144,324.3833333333333,324.75,324.01666666666665,0.00226069978934393,362.2043954833395,-1,303.54400000000004,320.3998671091049,286.6881328908952
2017-01-06 00:00:00+05:30,326.8,328.75,315.0,316.15,34285,325.9166666666667,326.375,325.45833333333337,0.0028125799028380326,362.2043954833395,-1,304.194,321.6791781803846,286.7088218196154
2017-01-09 00:00:00+05:30,318.85,326.0,313.4,322.75,31199,319.96666666666664,321.875,318.0583333333333,0.011928325867278008,362.2043954833395,-1,305.28,323.83502088384125,286.7249791161587
2017-01-10 00:00:00+05:30,324.65,329.0,319.5,321.7,41288,320.71666666666664,319.7,321.7333333333333,0.006339967780491514,362.2043954833395,-1,306.05,325.6401607956591,286.45983920434094
2017-01-11 00:00:00+05:30,323.9,328.4,320.15,326.15,28175,323.40000000000003,324.25,322.55000000000007,0.00525664811379076,362.2043954833395,-1,307.15,328.00220372046476,286.2977962795352
2017-01-12 00:00:00+05:30,328.8,340.85,323.5,335.05,141319,324.9,324.275,325.525,0.003847337642351493,362.2043954833395,-1,308.42,331.88352062244184,284.9564793775582
2017-01-13 00:00:00+05:30,335.0,335.95,327.3,331.7,37344,333.1333333333334,332.175,334.09166666666675,0.0057534520712429725,362.2043954833395,-1,309.656,334.5929014915595,284.71909850844054
2017-01-16 00:00:00+05:30,331.7,336.95,331.0,335.25,28351,331.65000000000003,331.625,331.67500000000007,0.0001507613447914012,362.2043954833395,-1,311.002,337.6295568537507,284.3744431462493
2017-01-17 00:00:00+05:30,337.0,339.0,333.95,336.55,37125,334.40000000000003,333.975,334.82500000000005,0.002541866028708202,362.2043954833395,-1,312.508,340.4535424710223,284.5624575289777
2017-01-18 00:00:00+05:30,337.95,337.95,334.8,335.6,23960,336.5,336.475,336.525,0.00014858841010387676,362.2043954833395,-1,313.92,342.80686898920857,285.03313101079146
2017-01-19 00:00:00+05:30,335.05,335.6,328.25,330.35,26819,336.1166666666667,336.375,335.85833333333335,0.001537164674964005,362.2043954833395,-1,314.918,344.278584190368,285.557415809632
2017-01-20 00:00:00+05:30,329.0,335.7,325.35,328.0,38643,331.40000000000003,331.925,330.87500000000006,0.0031683765841881545,362.2043954833395,-1,315.812,345.3498710133225,286.2741289866775
2017-01-23 00:00:00+05:30,325.3,330.5,322.4,325.35,28186,329.68333333333334,330.525,328.8416666666667,0.005105909711339003,362.2043954833395,-1,316.742,345.9567042428923,287.52729575710777
2017-01-24 00:00:00+05:30,326.0,327.05,322.5,323.55,32199,326.0833333333333,326.45,325.71666666666664,0.0022489138768209,362.2043954833395,-1,317.75,346.0824548883371,289.4175451116629
2017-01-25 00:00:00+05:30,327.4,327.4,322.1,323.45,33841,324.3666666666666,324.775,323.95833333333326,0.0025177268523277766,362.2043954833395,-1,318.91,345.66222607559314,292.1577739244069
2017-01-27 00:00:00+05:30,324.9,339.4,324.9,335.5,91422,324.31666666666666,324.75,323.8833333333333,0.0026722853178478057,362.2043954833395,-1,320.402,346.5207515781215,294.28324842187845
2017-01-30 00:00:00+05:30,332.35,336.8,328.15,329.75,36200,333.26666666666665,332.15,334.3833333333333,0.006701340268053657,362.2043954833395,-1,321.842,345.8049660935288,297.8790339064712
2017-01-31 00:00:00+05:30,330.0,334.0,328.5,330.65,24964,331.56666666666666,332.475,330.6583333333333,0.005479038906203036,362.2043954833395,-1,323.324,344.5427109881726,302.10528901182744
2017-02-01 00:00:00+05:30,333.3,350.0,330.7,348.75,299745,331.05,331.25,330.85,0.0012082766953631695,362.2043954833395,-1,325.21,346.749117902077,303.67088209792297
2017-02-02 00:00:00+05:30,350.0,388.0,349.5,372.3,1728506,343.15000000000003,340.35,345.95000000000005,0.016319393851085596,292.5229765279034,1,328.01599999999996,354.51414665216305,301.5178533478369
2017-02-03 00:00:00+05:30,374.55,380.0,365.35,373.5,307943,369.93333333333334,368.75,371.1166666666667,0.006397549107947398,295.39505746678725,1,330.75199999999995,361.070198891087,300.4338011089129
2017-02-06 00:00:00+05:30,377.0,394.4,377.0,386.6,647146,372.95,372.675,373.22499999999997,0.0014747285158867262,305.65925516811575,1,334.088,369.475277713883,298.70072228611707
2017-02-07 00:00:00+05:30,389.9,389.9,372.7,375.15,126261,386.0,385.7,386.3,0.0015544041450777791,305.65925516811575,1,336.546,374.37930723052705,298.71269276947294
2017-02-08 00:00:00+05:30,376.0,379.4,370.4,372.95,116243,379.25,381.29999999999995,377.20000000000005,0.01081081081081057,305.65925516811575,1,338.616,378.4729915573093,298.7590084426907
2017-02-09 00:00:00+05:30,371.5,372.05,365.35,366.2,88405,374.25,374.9,373.6,0.0034736138944554563,305.65925516811575,1,340.318,381.0966206730856,299.53937932691434
2017-02-10 00:00:00+05:30,367.55,378.5,362.05,363.4,251703,367.86666666666673,368.70000000000005,367.0333333333334,0.004530627038782063,305.65925516811575,1,341.85400000000004,383.09912984583025,300.60887015416984
2017-02-13 00:00:00+05:30,366.0,368.7,360.3,363.25,89888,367.9833333333333,370.275,365.6916666666666,0.01245527424249297,305.65925516811575,1,343.73800000000006,384.41351873055066,303.06248126944945
2017-02-14 00:00:00+05:30,365.35,367.5,360.2,361.0,57828,364.0833333333333,364.5,363.66666666666663,0.0022888532845045675,305.65925516811575,1,345.26800000000003,385.5461715573008,304.98982844269926
2017-02-15 00:00:00+05:30,364.95,364.95,352.4,355.05,255408,362.90000000000003,363.85,361.95000000000005,0.005235602094240775,305.65925516811575,1,346.602,385.8658610429404,307.3381389570595
2017-02-16 00:00:00+05:30,357.05,362.5,355.2,359.75,237425,357.46666666666664,358.67499999999995,356.2583333333333,0.006760537113017425,305.65925516811575,1,347.94599999999997,386.6132876731653,309.27871232683464
2017-02-17 00:00:00+05:30,359.0,361.75,354.45,355.4,69396,359.15000000000003,358.85,359.45000000000005,0.0016706111652513508,305.65925516811575,1,348.76,387.1629894669584,310.3570105330416
2017-02-20 00:00:00+05:30,355.45,359.4,351.0,354.45,90665,357.2,358.1,356.29999999999995,0.00503919372900355,305.65925516811575,1,349.67,387.4865360655799,311.8534639344201
2017-02-21 00:00:00+05:30,355.15,359.0,353.5,355.65,56920,354.95,355.2,354.7,0.001408649105507818,305.65925516811575,1,350.486,387.9009544433679,313.0710455566321
2017-02-22 00:00:00+05:30,355.65,376.85,354.3,366.85,518582,356.05,356.25,355.85,0.0011234377194213657,305.65925516811575,1,351.69800000000004,389.1916525827944,314.20434741720567
2017-02-23 00:00:00+05:30,365.05,376.0,365.0,369.75,169704,366.0,365.57500000000005,366.42499999999995,0.002322404371584451,305.65925516811575,1,353.064,390.60047314278836,315.5275268572117
2017-02-27 00:00:00+05:30,370.0,370.0,363.0,365.35,64391,370.25,370.5,370.0,0.0013504388926401081,305.65925516811575,1,354.464,391.1075535394598,317.8204464605402
2017-02-28 00:00:00+05:30,368.9,370.5,362.0,364.1,155639,366.1166666666666,366.5,365.73333333333323,0.002094050166158598,305.65925516811575,1,355.90799999999996,391.08200949563803,320.7339905043619
2017-03-01 00:00:00+05:30,367.95,379.4,365.05,373.35,1371661,365.5333333333333,366.25,364.8166666666666,0.0039212110158673924,305.65925516811575,1,357.828,391.320304548944,324.3356954510559
2017-03-02 00:00:00+05:30,376.3,377.5,366.9,369.1,130546,372.6000000000001,372.225,372.97500000000014,0.002012882447665361,305.65925516811575,1,359.65,390.3222676044534,328.9777323955466
2017-03-03 00:00:00+05:30,366.0,371.2,365.55,367.05,233423,371.1666666666667,372.2,370.1333333333334,0.0055680287382126785,305.65925516811575,1,361.39399999999995,388.37015717627656,334.41784282372333
2017-03-06 00:00:00+05:30,368.0,371.0,365.0,366.1,67049,367.93333333333334,368.375,367.4916666666667,0.002400797245877856,305.65925516811575,1,362.61799999999994,387.4772820491495,337.7587179508504
2017-03-07 00:00:00+05:30,368.0,370.0,362.25,368.05,59680,367.3666666666666,368.0,366.73333333333323,0.0034479629797661703,305.65925516811575,1,364.15,385.13732951090134,343.1626704890986
2017-03-08 00:00:00+05:30,369.95,371.0,360.0,361.45,90574,366.76666666666665,366.125,367.4083333333333,0.0034990457148049705,305.65925516811575,1,365.38199999999995,381.382096999679,349.3819030003209
2017-03-09 00:00:00+05:30,361.0,364.0,357.1,358.55,86851,364.15000000000003,365.5,362.80000000000007,0.007414526980639658,305.65925516811575,1,365.774,380.5590226918708,350.9889773081292
2017-03-10 00:00:00+05:30,360.0,363.5,358.05,361.5,544405,359.8833333333334,360.55,359.21666666666675,0.0037049043671558116,305.65925516811575,1,365.34200000000004,379.96933550579666,350.7146644942034
2017-03-14 00:00:00+05:30,369.5,379.0,363.65,374.85,264687,361.01666666666665,360.775,361.2583333333333,0.0013388116892110666,305.65925516811575,1,365.3960000000001,380.15279965301215,350.639200346988
2017-03-15 00:00:00+05:30,375.0,385.0,372.4,375.4,526974,372.5,371.325,373.675,0.0063087248322148265,305.65925516811575,1,364.94800000000004,377.6379796689807,352.2580203310194
2017-03-16 00:00:00+05:30,379.75,379.75,373.15,376.0,737168,377.59999999999997,378.7,376.49999999999994,0.005826271186440799,305.65925516811575,1,364.982,377.7851833541172,352.1788166458829
2017-03-17 00:00:00+05:30,377.05,395.0,377.05,392.3,711774,376.3,376.45,376.15000000000003,0.0007972362476746067,310.58817974629284,1,365.756,382.21111033081013,349.3008896691898
2017-03-20 00:00:00+05:30,394.3,397.25,390.55,394.45,304991,388.1166666666666,386.025,390.20833333333326,0.01077854596985429,319.6046525564411,1,366.8860000000001,386.82006170350456,346.9519382964956
2017-03-21 00:00:00+05:30,395.55,398.0,386.5,388.35,128510,394.0833333333333,393.9,394.26666666666665,0.0009304292662296661,319.6046525564411,1,367.88399999999996,389.4513590409005,346.3166409590994
2017-03-22 00:00:00+05:30,387.0,406.9,384.0,395.35,364640,390.95,392.25,389.65,0.006650466811612797,319.6046525564411,1,369.16799999999995,393.16428104517655,345.17171895482335
2017-03-23 00:00:00+05:30,395.1,400.35,393.0,395.8,315893,395.4166666666667,395.45,395.3833333333334,0.00016859852476275498,319.7621594841755,1,370.56,396.46132042964393,344.65867957035607
2017-03-24 00:00:00+05:30,396.5,404.95,396.5,400.1,177320,396.3833333333334,396.675,396.09166666666675,0.0014716394062984253,324.3266731048085,1,372.362,399.9122781111021,344.8117218888979
2017-03-27 00:00:00+05:30,405.1,405.1,385.55,391.6,248479,400.5166666666667,400.725,400.3083333333334,0.0010403229162331041,324.3266731048085,1,373.63599999999997,401.67689185455873,345.5951081454412
2017-03-28 00:00:00+05:30,394.1,396.2,374.2,377.55,491342,394.0833333333333,395.32500000000005,392.8416666666666,0.006301543666737481,324.3266731048085,1,374.52200000000005,401.58478743956454,347.45921256043556
2017-03-29 00:00:00+05:30,381.4,386.8,375.0,380.15,1029867,382.65000000000003,385.2,380.1000000000001,0.013328106624852759,324.3266731048085,1,375.55,401.4106573775502,349.68934262244983
2017-03-30 00:00:00+05:30,382.0,386.95,380.5,384.55,244875,380.6499999999999,380.9,380.39999999999986,0.0013135426244584626,324.3266731048085,1,376.70599999999996,401.4653751132582,351.94662488674174
2017-03-31 00:00:00+05:30,387.8,390.2,380.2,385.05,198980,384.0,383.725,384.275,0.0014322916666665482,324.3266731048085,1,377.434,402.06129737504756,352.8067026249525
2017-04-03 00:00:00+05:30,387.9,405.0,387.15,403.05,443364,385.15000000000003,385.2,385.1000000000001,0.0002596391016484721,324.3266731048085,1,378.76599999999996,405.1278773231158,352.4041226768841
2017-04-05 00:00:00+05:30,405.0,447.9,405.0,436.2,1382997,398.40000000000003,396.075,400.7250000000001,0.011671686746988178,334.74133958667363,1,381.6,415.68533995721594,347.5146600427841
2017-04-06 00:00:00+05:30,435.0,453.0,431.0,443.35,483231,429.7,426.45,432.95,0.015126832673958576,347.7996860032067,1,384.7700000000001,425.79078497541167,343.7492150245885
2017-04-07 00:00:00+05:30,435.0,452.0,435.0,437.4,232211,442.45,442.0,442.9,0.0020341281500734034,348.3076985630784,1,387.33200000000005,432.9255248034074,341.7384751965927
2017-04-10 00:00:00+05:30,441.25,441.25,427.0,428.9,233586,441.4666666666667,443.5,439.4333333333334,0.009211718514043957,348.3076985630784,1,389.724,437.46456656554153,341.98343343445845
2017-04-11 00:00:00+05:30,428.5,433.6,427.0,429.85,359812,432.3833333333334,434.125,430.64166666666677,0.00805612303896982,348.3076985630784,1,392.23600000000005,441.52371465587424,342.94828534412585
2017-04-12 00:00:00+05:30,431.0,431.95,420.0,425.3,180569,430.15000000000003,430.3,430.00000000000006,0.0006974311286759375,348.3076985630784,1,394.60400000000004,444.32794932021045,344.88005067978963
2017-04-13 00:00:00+05:30,427.4,431.9,421.65,429.8,136017,425.75,425.975,425.525,0.0010569583088668125,348.3076985630784,1,397.074,447.4073934480761,346.7406065519239
2017-04-17 00:00:00+05:30,434.0,464.7,428.4,458.1,1111991,427.7833333333333,426.775,428.79166666666663,0.004714224490590996,348.3076985630784,1,400.94,454.47954799957495,347.40045200042505
2017-04-18 00:00:00+05:30,462.6,474.0,430.0,438.3,577635,450.3999999999999,446.54999999999995,454.2499999999999,0.017095914742451007,348.3076985630784,1,404.13,456.68088962138285,351.57911037861714
2017-04-19 00:00:00+05:30,441.0,453.8,435.0,448.65,156258,447.43333333333334,452.0,442.8666666666667,0.020412724428220202,348.3076985630784,1,407.616,459.95471775271847,355.2772822472815
2017-04-20 00:00:00+05:30,454.9,468.0,454.9,466.85,569227,445.8166666666666,444.4,447.23333333333323,0.006355377771131462,352.35058353353753,1,411.296,466.74670545988295,355.84529454011704
2017-04-21 00:00:00+05:30,473.0,475.0,464.15,469.15,277791,463.25,461.45,465.05,0.007771181867242359,361.801560192196,1,415.046,472.9070467931462,357.1849532068538
2017-04-24 00:00:00+05:30,472.0,489.0,470.0,473.85,380626,469.43333333333334,469.575,469.2916666666667,0.0006035645814101463,370.47949778450817,1,418.96,478.92627718975575,358.9937228102442
2017-04-25 00:00:00+05:30,478.1,478.2,468.0,470.4,148822,477.6166666666666,479.5,475.73333333333323,0.007886380291028576,370.47949778450817,1,422.084,484.26573185107173,359.9022681489283
2017-04-26 00:00:00+05:30,472.0,473.0,452.0,455.25,199573,472.2,473.1,471.29999999999995,0.0038119440914868028,370.47949778450817,1,424.51599999999996,486.9397500956052,362.09224990439475
2017-04-27 00:00:00+05:30,457.75,465.95,452.1,458.55,136916,460.0833333333333,462.5,457.66666666666663,0.010505343234921293,370.47949778450817,1,427.32399999999996,489.3017258053128,365.3462741946871
2017-04-28 00:00:00+05:30,459.0,473.5,455.1,464.3,164916,458.8666666666666,459.025,458.70833333333326,0.0006901060584048811,370.47949778450817,1,430.08200000000005,492.25912042221415,367.90487957778595
2017-05-02 00:00:00+05:30,467.0,513.8,466.25,506.3,1016929,464.3,464.3,464.3,0.0,371.1247927594876,1,434.50199999999995,501.8019047844681,367.2020952155318
2017-05-03 00:00:00+05:30,513.0,586.0,513.0,541.95,7805321,495.45,490.025,500.875,0.021899283479664997,413.0398010491082,1,440.176,518.0114167201436,362.3405832798563
2017-05-04 00:00:00+05:30,544.5,546.5,524.35,531.0,1950539,546.9833333333333,549.5,544.4666666666667,0.009201986654072281,413.0398010491082,1,445.75200000000007,528.6753645241098,362.82863547589034
2017-05-05 00:00:00+05:30,533.0,552.0,521.0,525.3,1549274,533.9499999999999,535.425,532.4749999999999,0.005524861878453124,413.0398010491082,1,451.662,535.3566319903392,367.96736800966073
2017-05-08 00:00:00+05:30,530.0,538.0,512.0,532.6,625572,532.7666666666667,536.5,529.0333333333333,0.0140148908214979,413.0398010491082,1,457.76,541.9381919501617,373.58180804983834
2017-05-09 00:00:00+05:30,537.0,544.5,526.0,530.25,535601,527.5333333333333,525.0,530.0666666666666,0.009604448376089864,413.0398010491082,1,463.588,546.854566063446,380.32143393655406
2017-05-10 00:00:00+05:30,535.0,535.0,525.1,528.1,256977,533.5833333333334,535.25,531.9166666666667,0.006247071685147445,413.0398010491082,1,469.31,549.8167003422582,388.80329965774183
2017-05-11 00:00:00+05:30,529.9,532.45,512.0,513.5,369110,529.4,530.05,528.75,0.0024556101246693512,413.0398010491082,1,473.728,551.2730376490856,396.18296235091435
2017-05-12 00:00:00+05:30,515.0,524.8,500.4,509.6,349569,519.3166666666667,522.225,516.4083333333334,0.011200616194357853,413.0398010491082,1,476.664,553.8605311137624,399.4674688862376
2017-05-15 00:00:00+05:30,512.0,518.4,510.25,514.1,226404,511.5999999999999,512.5999999999999,510.5999999999999,0.003909304143862393,413.0398010491082,1,479.4939999999999,556.7852016726227,402.2027983273771
2017-05-16 00:00:00+05:30,518.85,520.9,512.1,514.4,157788,514.25,514.325,514.175,0.00029168692270314234,413.0398010491082,1,482.574,559.0424777931274,406.1055222068726
2017-05-17 00:00:00+05:30,515.8,541.45,512.5,527.05,882760,515.8000000000001,516.5,515.1000000000001,0.002714230321829902,413.0398010491082,1,486.5,561.6087797797168,411.39122022028323
2017-05-18 00:00:00+05:30,522.9,524.4,511.2,515.65,318208,527.0,526.975,527.025,9.487666034146969e-05,413.0398010491082,1,489.93199999999996,562.1586869238646,417.7053130761354
2017-05-19 00:00:00+05:30,521.7,521.7,506.0,513.5,233461,517.0833333333334,517.8,516.3666666666668,0.002771958098307494,413.0398010491082,1,493.46,561.1904362897354,425.72956371026453
2017-05-22 00:00:00+05:30,513.55,517.0,498.1,501.4,201526,513.7333333333333,513.85,513.6166666666667,0.00045419153906050186,413.0398010491082,1,496.32399999999996,558.9041381909459,433.743861809054
2017-05-23 00:00:00+05:30,500.0,510.5,500.0,501.4,342768,505.5,507.55,503.45,0.008110781404549995,413.0398010491082,1,498.05600000000004,558.6746857000205,437.4373142999795
2017-05-24 00:00:00+05:30,504.8,504.8,478.0,484.8,1098785,503.9666666666667,505.25,502.6833333333334,0.005092929426549255,413.0398010491082,1,499.916,555.7512700002235,444.0807299997765
2017-05-25 00:00:00+05:30,490.0,500.95,490.0,495.65,302908,489.2,491.4,487.0,0.008994276369582947,413.0398010491082,1,501.796,553.6210821127939,449.97091788720604
2017-05-26 00:00:00+05:30,496.85,501.4,492.9,498.45,244699,495.5333333333333,495.475,495.5916666666666,0.00023543656666196805,413.0398010491082,1,503.06,552.9182390382756,453.2017609617244
2017-05-29 00:00:00+05:30,498.8,498.8,485.0,486.7,177630,497.5833333333333,497.15,498.01666666666665,0.0017417518003684628,413.0398010491082,1,503.76199999999994,552.1635973289913,455.3604026710086
2017-05-30 00:00:00+05:30,484.6,494.5,476.15,492.05,158009,490.1666666666667,491.9,488.4333333333334,0.007072424345460558,413.0398010491082,1,504.49,551.6003555494735,457.3796444505265
2017-05-31 00:00:00+05:30,495.5,500.0,474.0,490.65,274225,487.56666666666666,485.325,489.80833333333334,0.00919532371641488,413.0398010491082,1,505.3,550.7033919437503,459.89660805624976
2017-06-01 00:00:00+05:30,486.0,493.5,483.5,489.55,96190,488.2166666666667,487.0,489.4333333333334,0.004984125900385881,413.0398010491082,1,506.67199999999997,547.8159918335325,465.52800816646743
2017-06-02 00:00:00+05:30,490.0,523.75,487.2,520.5,652279,488.84999999999997,488.5,489.19999999999993,0.0014319320855066622,413.0398010491082,1,509.15,545.5964538741118,472.70354612588807
2017-06-05 00:00:00+05:30,529.0,536.9,525.15,528.75,375138,510.48333333333335,505.475,515.4916666666667,0.019621926931992526,413.0398010491082,1,511.72799999999995,543.9984456739869,479.457554326013
2017-06-06 00:00:00+05:30,531.0,531.4,508.7,513.75,201688,530.2666666666667,531.025,529.5083333333333,0.0028601961277344447,413.0398010491082,1,512.026,544.2279641636615,479.82403583633845
2017-06-07 00:00:00+05:30,514.95,518.5,510.5,515.75,109087,517.9499999999999,520.05,515.8499999999999,0.008108890819577268,413.0398010491082,1,510.97799999999995,540.8363466387163,481.1196533612835
2017-06-08 00:00:00+05:30,518.75,525.9,514.0,517.1,181221,514.9166666666666,514.5,515.3333333333333,0.001618384851917639,413.0398010491082,1,510.42199999999997,539.2688380242575,481.5751619757424
2017-06-09 00:00:00+05:30,517.15,525.0,514.0,518.05,226965,519.0,519.95,518.05,0.003660886319846033,413.0398010491082,1,510.13200000000006,538.5167970575405,481.7472029424596
2017-06-12 00:00:00+05:30,520.0,524.9,502.5,508.7,146451,519.0166666666667,519.5,518.5333333333333,0.001862496387399307,413.0398010491082,1,509.176,536.0386003208506,482.3133996791493
2017-06-13 00:00:00+05:30,510.9,538.3,509.0,533.2,778439,512.0333333333334,513.7,510.3666666666668,0.006509992839007728,413.0398010491082,1,509.29400000000004,536.5489051731568,482.0390948268433
2017-06-14 00:00:00+05:30,537.7,557.5,535.2,551.5,1069371,526.8333333333334,523.65,530.0166666666668,0.012084783296425412,413.41812571835214,1,510.23,541.338751180299,479.121248819701
2017-06-15 00:00:00+05:30,553.9,560.0,545.0,553.55,755154,548.0666666666667,546.35,549.7833333333334,0.006264444714755006,420.68540068961795,1,511.832,547.2726194076478,476.3913805923522
2017-06-16 00:00:00+05:30,554.0,563.0,552.5,559.0,475770,552.85,552.5,553.2,0.0012661662295379316,428.26798466203326,1,513.808,553.7528788206664,473.86312117933363
2017-06-19 00:00:00+05:30,563.0,564.5,548.0,556.9,179249,558.1666666666666,557.75,558.5833333333333,0.0014929829799938924,428.26798466203326,1,515.52,558.8900726307635,472.1499273692364
2017-06-20 00:00:00+05:30,556.0,556.05,548.95,550.7,150271,556.4666666666667,556.25,556.6833333333334,0.0007787228944532059,428.26798466203326,1,516.972,562.4731039865814,471.4708960134186
2017-06-21 00:00:00+05:30,550.7,559.25,541.0,543.6,457970,551.9,552.5,551.3,0.002174306939663065,428.26798466203326,1,517.634,564.1721024107954,471.0958975892046
2017-06-22 00:00:00+05:30,546.7,564.4,542.0,552.75,290078,547.9499999999999,550.125,545.7749999999999,0.007938680536545555,428.26798466203326,1,519.118,567.6325081805193,470.6034918194808
2017-06-23 00:00:00+05:30,557.0,558.0,525.55,533.3,200299,553.0500000000001,553.2,552.9000000000001,0.000542446433414618,428.26798466203326,1,519.91,568.6776040009929,471.142395999007
2017-06-27 00:00:00+05:30,530.1,545.9,503.0,515.0,231872,538.9499999999999,541.775,536.1249999999999,0.01048334724928118,428.26798466203326,1,520.4540000000001,568.6840065933819,472.2239934066182
2017-06-28 00:00:00+05:30,512.65,518.0,506.0,509.25,174772,521.3000000000001,524.45,518.1500000000001,0.012085171686169103,428.26798466203326,1,520.7679999999999,568.5982739276877,472.9377260723121
2017-06-29 00:00:00+05:30,512.4,524.0,509.6,514.35,238338,511.0833333333333,512.0,510.16666666666663,0.0035871514756237494,428.26798466203326,1,521.95,567.57615039643,476.3238496035701
2017-06-30 00:00:00+05:30,512.0,521.45,510.0,520.0,164336,515.9833333333332,516.8,515.1666666666665,0.0031654769210893888,428.26798466203326,1,522.924,567.284893769148,478.563106230852
2017-07-03 00:00:00+05:30,525.0,536.3,513.15,524.15,201418,517.15,515.725,518.5749999999999,0.005510973605336767,428.26798466203326,1,523.952,567.1731289070244,480.7308710929756
2017-07-04 00:00:00+05:30,523.9,528.9,509.0,511.0,202947,524.5333333333333,524.7249999999999,524.3416666666667,0.0007308083375696723,428.26798466203326,1,524.924,565.7785431500293,484.06945684997066
2017-07-05 00:00:00+05:30,511.0,520.45,508.0,514.05,179112,516.3000000000001,518.95,513.6500000000001,0.010265349602943936,428.26798466203326,1,525.804,564.6884845150041,486.9195154849958
2017-07-06 00:00:00+05:30,519.0,526.0,515.1,517.6,235237,514.1666666666666,514.225,514.1083333333332,0.00022690437601320182,428.26798466203326,1,526.882,563.2192412821555,490.54475871784445
2017-07-07 00:00:00+05:30,515.0,520.25,515.0,516.25,89313,519.5666666666666,520.55,518.5833333333333,0.003785205620068064,428.26798466203326,1,527.95,561.2806225564057,494.61937744359443
2017-07-10 00:00:00+05:30,517.0,522.0,515.4,518.35,18561,517.1666666666666,517.625,516.7083333333333,0.001772478246858026,428.26798466203326,1,527.864,561.2820492548201,494.44595074518
2017-07-11 00:00:00+05:30,520.9,522.95,512.0,513.6,127927,518.5833333333334,518.7,518.4666666666667,0.0004499437570304004,428.26798466203326,1,527.258,561.1360953419402,493.37990465805996
2017-07-12 00:00:00+05:30,512.1,518.4,506.15,509.5,141319,516.1833333333334,517.475,514.8916666666668,0.005004681799102239,428.26798466203326,1,527.0880000000001,561.276749962489,492.89925003751114
2017-07-13 00:00:00+05:30,512.55,514.5,507.8,509.25,128018,511.34999999999997,512.275,510.42499999999995,0.0036178742544246073,428.26798466203326,1,526.828,561.4537601215856,492.2022398784144
2017-07-14 00:00:00+05:30,511.0,511.65,501.3,503.2,100021,510.51666666666665,511.15,509.8833333333333,0.002481146550879798,428.26798466203326,1,526.272,561.9355733486929,490.6084266513072
2017-07-17 00:00:00+05:30,502.0,522.0,502.0,511.2,860635,505.3833333333334,506.475,504.29166666666674,0.004320153019160268,428.26798466203326,1,525.9979999999999,562.0135575272353,489.9824424727646
2017-07-18 00:00:00+05:30,512.75,518.3,502.1,506.35,174205,511.73333333333335,512.0,511.4666666666667,0.001042209484106246,428.26798466203326,1,525.904,562.1114127216734,489.69658727832655
2017-07-19 00:00:00+05:30,511.8,513.5,508.0,510.25,71073,508.9166666666667,510.2,507.6333333333334,0.005043392827902287,428.26798466203326,1,524.986,561.5687338507882,488.40326614921173
2017-07-20 00:00:00+05:30,513.45,521.0,509.0,512.0,174810,510.5833333333333,510.75,510.41666666666663,0.000652848049616526,428.26798466203326,1,523.406,558.6595651530115,488.15243484698846
2017-07-21 00:00:00+05:30,515.0,529.0,509.0,524.6,198675,514.0,515.0,513.0,0.0038910505836575876,428.26798466203326,1,522.248,555.2978469587629,489.1981530412373
2017-07-24 00:00:00+05:30,529.2,532.0,509.0,512.6,162232,520.8666666666667,519.0,522.7333333333333,0.007167541277358278,428.26798466203326,1,520.392,550.0111381373204,490.77286186267975
2017-07-25 00:00:00+05:30,514.95,516.95,509.55,512.15,72425,517.8666666666667,520.5,515.2333333333333,0.010169927909371752,428.26798466203326,1,518.6020000000001,544.3331559009246,492.87084409907555
2017-07-26 00:00:00+05:30,512.2,518.2,512.2,514.3,86878,512.8833333333333,513.25,512.5166666666667,0.0014298248464563387,428.26798466203326,1,517.146,539.320957406897,494.97104259310294
2017-07-27 00:00:00+05:30,515.0,519.95,512.0,515.6,287949,514.9,515.2,514.5999999999999,0.0011652748106431082,428.26798466203326,1,516.026,535.3940999583776,496.65790004162227
2017-07-28 00:00:00+05:30,512.4,539.9,510.0,521.75,185423,515.85,515.975,515.725,0.00048463700688184546,428.26798466203326,1,514.786,527.3729303643788,502.1990696356211
2017-07-31 00:00:00+05:30,523.0,526.4,516.75,522.15,122052,523.8833333333333,524.95,522.8166666666666,0.004072153469284076,428.26798466203326,1,514.34,524.897878574682,503.7821214253181
2017-08-01 00:00:00+05:30,516.0,526.0,513.0,515.05,108654,521.7666666666668,521.575,521.9583333333335,0.0007346834472627088,428.26798466203326,1,514.342,524.9003968478992,503.7836031521008
2017-08-02 00:00:00+05:30,517.0,525.05,497.1,505.1,873900,518.0166666666667,519.5,516.5333333333333,0.005726971461664741,428.26798466203326,1,514.1759999999999,525.1708758973318,503.18112410266804
2017-08-03 00:00:00+05:30,500.0,507.4,496.0,499.9,253320,509.0833333333333,511.075,507.09166666666664,0.007824521198232147,428.26798466203326,1,513.5980000000001,525.9331037286979,501.2628962713022
2017-08-04 00:00:00+05:30,496.6,502.4,489.45,494.4,114573,501.09999999999997,501.7,500.49999999999994,0.002394731590500989,428.26798466203326,1,512.5740000000001,526.7293133486246,498.4186866513756
2017-08-07 00:00:00+05:30,496.05,512.0,496.05,504.4,233226,495.4166666666667,495.92499999999995,494.9083333333334,0.002052144659377368,428.26798466203326,1,511.784,525.4634070046094,498.10459299539065
2017-08-08 00:00:00+05:30,505.6,507.0,495.5,504.05,93349,504.1499999999999,504.025,504.27499999999986,0.0004958841614596575,428.26798466203326,1,511.506,525.5163196251106,497.4956803748894
2017-08-09 00:00:00+05:30,505.5,505.5,496.1,500.0,84953,502.18333333333334,501.25,503.1166666666667,0.0037171019879858103,428.26798466203326,1,510.94399999999996,525.6127510033323,496.2752489966676
2017-08-10 00:00:00+05:30,498.5,504.0,495.0,498.6,159278,500.5333333333333,500.8,500.2666666666666,0.0010655301012255263,428.26798466203326,1,510.184,525.3548067022743,495.01319329772565
2017-08-11 00:00:00+05:30,495.0,500.85,487.6,498.55,169162,499.2,499.5,498.9,0.0012019230769231225,428.26798466203326,1,509.47600000000006,525.0938390309857,493.85816096901436
2017-08-14 00:00:00+05:30,501.7,514.5,501.7,509.85,84706,495.6666666666667,494.225,497.10833333333335,0.005817081371889695,428.26798466203326,1,509.13599999999997,524.330644319555,493.941355680445
2017-08-16 00:00:00+05:30,510.0,524.15,507.15,514.8,203864,508.6833333333334,508.1,509.26666666666677,0.002293502834114365,428.26798466203326,1,509.184,524.4421970100593,493.92580298994073
2017-08-17 00:00:00+05:30,511.65,519.0,508.2,510.5,84837,515.3666666666667,515.65,515.0833333333334,0.0010995407800270475,428.26798466203326,1,509.224,524.4905417170288,493.9574582829711
2017-08-18 00:00:00+05:30,509.4,517.5,507.0,510.7,95640,512.5666666666667,513.6,511.5333333333334,0.004031995837939661,428.26798466203326,1,509.282,524.5595097446469,494.00449025535306
2017-08-21 00:00:00+05:30,511.1,514.15,508.95,510.05,47528,511.73333333333335,512.25,511.2166666666667,0.0020192808754559075,428.26798466203326,1,509.556,524.6317373284951,494.48026267150493
2017-08-22 00:00:00+05:30,510.1,515.0,507.95,510.05,46026,511.04999999999995,511.54999999999995,510.54999999999995,0.0019567556990509735,428.26798466203326,1,509.51,524.5724035265883,494.4475964734117
2017-08-23 00:00:00+05:30,513.4,516.45,509.6,510.35,39940,511.0,511.475,510.525,0.0018590998043053726,428.26798466203326,1,509.67,524.6796235794832,494.6603764205168
2017-08-24 00:00:00+05:30,511.0,522.5,511.0,519.6,76313,512.1333333333333,513.0250000000001,511.24166666666656,0.0034821661025778387,428.26798466203326,1,510.04400000000004,525.5505230144535,494.5374769855466
2017-08-28 00:00:00+05:30,522.0,553.0,522.0,540.55,436372,517.6999999999999,516.75,518.6499999999999,0.003670079196445555,435.3532191010442,1,511.186,530.7697181351693,491.6022818648306
2017-08-29 00:00:00+05:30,541.0,543.0,530.2,540.6,139327,538.5166666666667,537.5,539.5333333333333,0.0037758039057905414,435.3532191010442,1,511.82599999999996,533.9963246705536,489.6556753294464
2017-08-30 00:00:00+05:30,545.0,571.0,541.0,568.6,529730,537.9333333333334,536.6,539.2666666666668,0.004957243772462651,449.90888672352236,1,514.066,545.4838766946102,482.6481233053898
2017-08-31 00:00:00+05:30,567.65,584.9,567.65,579.5,602570,560.1999999999999,556.0,564.3999999999999,0.014994644769724856,469.59753125458144,1,516.76,557.2880446110802,476.2319553889198
2017-09-01 00:00:00+05:30,580.0,599.5,579.95,597.3,440681,577.35,576.275,578.4250000000001,0.003723910972547139,481.71463000439826,1,520.08,571.4155159708916,468.7444840291084
2017-09-04 00:00:00+05:30,600.0,617.05,578.0,600.85,369474,592.25,589.725,594.775,0.008526804558885529,482.90104480422224,1,523.49,583.734654534636,463.24534546536404
2017-09-05 00:00:00+05:30,604.95,609.9,581.0,607.35,195895,598.6333333333333,597.525,599.7416666666667,0.003702878779442113,482.90104480422224,1,526.914,595.5233201831763,458.3046798168237
2017-09-06 00:00:00+05:30,600.0,615.0,600.0,606.4,145007,599.4166666666666,595.45,603.3833333333332,0.013235089670512722,489.89424289157125,1,530.284,605.5771854552427,454.9908145447573
2017-09-07 00:00:00+05:30,606.0,614.5,605.0,608.95,341004,607.1333333333333,607.5,606.7666666666667,0.0012078620841111483,494.1884731759084,1,534.04,615.0686122304802,453.0113877695198
2017-09-08 00:00:00+05:30,610.0,610.95,580.0,593.75,240902,609.4833333333333,609.75,609.2166666666667,0.0008750581093275228,494.1884731759084,1,537.586,620.9633423418945,454.20865765810544
2017-09-11 00:00:00+05:30,605.0,606.0,580.5,603.5,232849,594.9,595.475,594.3249999999999,0.001933097999663962,494.1884731759084,1,541.73,627.4679589213404,455.99204107865967
2017-09-12 00:00:00+05:30,605.0,660.0,605.0,653.3,862937,596.6666666666666,593.25,600.0833333333333,0.01145251396648032,499.5975714037605,1,548.086,642.0149115022492,454.1570884977508
2017-09-13 00:00:00+05:30,658.0,679.8,625.0,632.9,817053,639.4333333333333,632.5,646.3666666666666,0.021685867695355097,509.4696685476101,1,553.226,651.0143106306541,455.43768936934583
2017-09-14 00:00:00+05:30,640.0,658.0,621.05,626.1,299469,645.9,652.4,639.4,0.020126954636940704,509.4696685476101,1,558.1080000000001,657.7573479356352,458.458652064365
2017-09-15 00:00:00+05:30,627.7,636.0,608.15,616.8,833387,635.0500000000001,639.525,630.5750000000002,0.014093378474135608,509.4696685476101,1,562.78,662.0452809394966,463.5147190605033
2017-09-18 00:00:00+05:30,622.0,627.5,608.35,616.7,144528,620.3166666666667,622.075,618.5583333333334,0.005669147478438407,509.4696685476101,1,567.504,665.3327193823836,469.67528061761647
2017-09-19 00:00:00+05:30,620.0,623.9,608.0,610.1,103476,617.5166666666667,617.925,617.1083333333333,0.0013225014169657057,509.4696685476101,1,571.966,666.9416967649993,476.99030323500074
2017-09-20 00:00:00+05:30,616.4,620.45,605.65,609.45,124006,614.0,615.95,612.05,0.006351791530944773,509.4696685476101,1,575.95,668.4938188103185,483.40618118968155
2017-09-21 00:00:00+05:30,613.5,615.0,592.1,600.4,184842,611.85,613.05,610.6500000000001,0.003922530031870333,509.4696685476101,1,579.374,668.8995276219974,489.8484723780026
2017-09-22 00:00:00+05:30,600.1,610.0,600.0,601.1,318172,602.5,603.55,601.45,0.0034854771784230856,509.4696685476101,1,582.9979999999999,668.3140546673189,497.6819453326809
2017-09-25 00:00:00+05:30,603.0,606.05,584.0,596.4,158171,603.6999999999999,605.0,602.3999999999999,0.004306774888189724,509.4696685476101,1,586.426,666.5773723899781,506.27462761002204
2017-09-26 00:00:00+05:30,598.0,629.7,585.3,617.3,400146,595.4833333333332,595.025,595.9416666666665,0.0015393657812978509,509.4696685476101,1,590.716,665.3471716107746,516.0848283892254
2017-09-27 00:00:00+05:30,619.95,627.65,588.25,593.5,133684,610.7666666666667,607.5,614.0333333333333,0.010696938274300011,509.4696685476101,1,594.054,661.0268477518825,527.0811522481174
2017-09-28 00:00:00+05:30,599.0,614.0,599.0,609.7,128650,603.1333333333333,607.95,598.3166666666666,0.015972145462584457,509.4696685476101,1,598.028,655.823688974151,540.2323110258491
2017-09-29 00:00:00+05:30,613.7,622.0,597.0,619.75,114755,607.5666666666667,606.5,608.6333333333334,0.003511274482910143,509.4696685476101,1,602.034,650.6908862135334,553.3771137864666
2017-10-03 00:00:00+05:30,626.9,629.8,610.15,614.55,86023,612.9166666666666,609.5,616.3333333333333,0.011148878314071936,509.4696685476101,1,604.994,646.8588427203149,563.1291572796852
2017-10-04 00:00:00+05:30,616.9,647.45,612.9,643.6,266442,618.1666666666666,619.9749999999999,616.3583333333333,0.005850633593960465,509.4696685476101,1,609.114,644.6073967942863,573.6206032057138
2017-10-05 00:00:00+05:30,645.0,650.9,620.0,624.35,183008,634.65,630.175,639.125,0.014102261088789168,509.4696685476101,1,611.344,643.1938015063929,579.4941984936072
2017-10-06 00:00:00+05:30,626.75,645.0,626.7,635.5,91490,631.75,635.45,628.05,0.01171349426197086,509.4696685476101,1,613.5840000000001,644.0052914912663,583.1627085087338
2017-10-09 00:00:00+05:30,638.4,660.0,628.8,647.8,301910,635.7333333333333,635.85,635.6166666666667,0.0003670302013423057,509.4696685476101,1,615.604,648.0697347983465,583.1382652016536
2017-10-10 00:00:00+05:30,649.0,649.9,631.0,639.15,126025,645.5333333333333,644.4,646.6666666666666,0.0035113084787772152,509.4696685476101,1,617.136,650.2798262123814,583.9921737876185
2017-10-11 00:00:00+05:30,643.2,649.0,624.35,629.55,103885,640.0166666666668,640.45,639.5833333333335,0.0013541314028278854,509.4696685476101,1,618.0239999999999,651.260932710413,584.7870672895867
2017-10-12 00:00:00+05:30,632.0,645.0,621.5,640.3,121661,634.3,636.675,631.925,0.007488570077250513,509.4696685476101,1,619.38,653.3669857444951,585.3930142555049
2017-10-13 00:00:00+05:30,642.0,646.0,632.0,634.9,118318,635.6,633.25,637.95,0.007394587791063633,509.4696685476101,1,620.418,654.6515961300664,586.1844038699336
2017-10-16 00:00:00+05:30,638.1,645.45,622.2,640.55,174044,637.6333333333333,639.0,636.2666666666667,0.004286685137748991,509.4696685476101,1,622.29,655.5913513238798,588.9886486761201
2017-10-17 00:00:00+05:30,635.0,645.65,630.8,635.6,86733,636.0666666666667,633.825,638.3083333333334,0.007048527408028532,509.4696685476101,1,623.574,656.3496021454444,590.7983978545556
2017-10-18 00:00:00+05:30,636.0,662.0,631.2,648.5,159246,637.3499999999999,638.2249999999999,636.4749999999999,0.0027457440966501927,509.4696685476101,1,623.382,655.5086229784031,591.2553770215968
2017-10-23 00:00:00+05:30,642.9,665.0,637.35,661.5,518201,647.2333333333333,646.6,647.8666666666667,0.0019570479476746947,509.4696685476101,1,624.526,659.8086769958919,589.243323004108
2017-10-24 00:00:00+05:30,667.8,697.35,666.05,676.4,440872,654.6166666666667,651.175,658.0583333333334,0.010515059704152719,517.2665609842327,1,626.538,667.2666658754791,585.8093341245209
2017-10-25 00:00:00+05:30,681.0,687.0,660.0,674.45,125888,679.9333333333334,681.7,678.1666666666667,0.005196587900774541,517.2665609842327,1,628.844,673.4497244756365,584.2382755243636
2017-10-26 00:00:00+05:30,679.0,687.0,671.0,676.95,103344,673.8166666666667,673.5,674.1333333333334,0.0009399193648125445,517.2665609842327,1,631.254,679.3488223408337,583.1591776591663
2017-10-27 00:00:00+05:30,682.0,683.0,649.0,657.5,121498,678.3166666666667,679.0,677.6333333333334,0.0020147915182189644,517.2665609842327,1,633.15,681.496151863373,584.8038481366269
2017-10-30 00:00:00+05:30,660.0,676.95,660.0,673.1,157884,663.1666666666666,666.0,660.3333333333333,0.008544860517718134,517.2665609842327,1,635.696,685.4645838255049,585.9274161744952
2017-10-31 00:00:00+05:30,673.1,687.0,665.2,679.3,133923,670.0166666666668,668.475,671.5583333333335,0.0046018755752346725,517.2665609842327,1,638.852,689.2697625841951,588.4342374158049
2017-11-01 00:00:00+05:30,683.0,724.0,673.85,702.1,671594,677.1666666666666,676.1,678.2333333333332,0.0031503814915085585,526.9005942212499,1,642.892,696.6384393610983,589.1455606389018
2017-11-02 00:00:00+05:30,702.1,725.5,701.55,723.15,277687,699.9833333333332,698.925,701.0416666666665,0.0030238815209884438,541.6755704523999,1,647.962,706.8740923410138,589.0499076589862
2017-11-03 00:00:00+05:30,727.2,740.0,703.35,718.1,666061,716.7333333333332,713.525,719.9416666666665,0.008952655566923796,546.4375476343039,1,651.994,715.5728915914401,588.41510840856
2017-11-06 00:00:00+05:30,732.0,739.8,717.0,719.9,218941,720.4833333333332,721.675,719.2916666666665,0.0033079645608273703,553.7880457289318,1,657.05,721.3179640256016,592.7820359743984
2017-11-07 00:00:00+05:30,725.0,732.6,688.75,708.2,101097,725.5666666666666,728.4,722.7333333333332,0.007809987595902158,553.7880457289318,1,660.99,725.240796103986,596.739203896014
2017-11-08 00:00:00+05:30,708.0,714.0,686.6,698.7,82222,709.85,710.675,709.0250000000001,0.002324434739733554,553.7880457289318,1,664.148,727.7379519106277,600.5580480893724
2017-11-09 00:00:00+05:30,701.0,708.5,687.0,694.55,45804,699.7666666666668,700.3,699.2333333333336,0.0015243176296856741,553.7880457289318,1,667.3480000000001,728.6424792293393,606.0535207706608
2017-11-10 00:00:00+05:30,693.75,716.75,688.1,702.5,135815,696.6833333333334,697.75,695.6166666666668,0.003062127700294077,553.7880457289318,1,669.704,731.6901398701021,607.7178601298978
2017-11-13 00:00:00+05:30,702.5,704.9,692.0,693.85,58525,702.4499999999999,702.425,702.4749999999999,7.117944337668807e-05,553.7880457289318,1,672.4839999999999,732.2797772421751,612.6882227578247
2017-11-14 00:00:00+05:30,697.6,701.95,692.0,696.1,49135,696.9166666666666,698.45,695.3833333333332,0.0044003348080834635,553.7880457289318,1,674.908,733.409416598197,616.406583401803
2017-11-15 00:00:00+05:30,700.0,715.0,655.05,672.65,218886,696.6833333333334,696.975,696.3916666666668,0.0008373005430491005,553.7880457289318,1,675.9019999999999,733.3624593089525,618.4415406910474
2017-11-16 00:00:00+05:30,675.95,675.95,657.0,669.2,147111,680.9,685.025,676.775,0.012116316639741519,553.7880457289318,1,677.1039999999999,732.6647625577239,621.543237442276
2017-11-17 00:00:00+05:30,679.8,702.0,678.65,686.6,217706,667.3833333333333,666.475,668.2916666666666,0.0027220737706964105,553.7880457289318,1,679.3860000000001,731.5278720031777,627.2441279968225
2017-11-20 00:00:00+05:30,686.5,715.5,684.0,699.05,228475,689.0833333333334,690.325,687.8416666666667,0.0036038215019954262,553.7880457289318,1,681.7360000000001,731.8769814023991,631.5950185976011
2017-11-21 00:00:00+05:30,706.0,720.0,703.3,707.0,252086,699.5166666666668,699.75,699.2833333333335,0.0006671273021845601,553.7880457289318,1,684.62,731.8639795105756,637.3760204894244
2017-11-22 00:00:00+05:30,710.0,736.0,710.0,727.5,402786,710.1,711.65,708.5500000000001,0.004365582312350245,553.7880457289318,1,688.0980000000001,734.6496098969269,641.5463901030732
2017-11-23 00:00:00+05:30,731.95,739.85,716.0,720.8,115249,724.5,723.0,726.0,0.004140786749482402,553.7880457289318,1,691.5060000000001,734.5261749879708,648.4858250120294
2017-11-24 00:00:00+05:30,721.5,729.65,709.5,712.85,213471,725.5499999999998,727.925,723.1749999999997,0.006546757632141449,553.7880457289318,1,694.08,734.0950171809983,654.0649828190018
2017-11-27 00:00:00+05:30,717.9,724.0,709.55,715.8,97128,717.3333333333334,719.575,715.0916666666667,0.006250000000000021,553.7880457289318,1,696.252,734.8263384129341,657.6776615870658
2017-11-28 00:00:00+05:30,719.4,722.0,710.0,716.15,56766,716.4499999999999,716.775,716.1249999999999,0.0009072510293811027,553.7880457289318,1,697.842,736.2888430953121,659.3951569046878
2017-11-29 00:00:00+05:30,720.0,735.0,714.95,725.7,691300,716.0500000000001,716.0,716.1000000000001,0.0001396550520216974,553.7880457289318,1,699.8919999999999,738.5956295971775,661.1883704028223
2017-11-30 00:00:00+05:30,725.9,733.0,711.8,728.2,140772,725.2166666666667,724.975,725.4583333333334,0.0006664674924735345,553.7880457289318,1,701.9420000000001,740.9953243654816,662.8886756345187
2017-12-01 00:00:00+05:30,728.2,749.0,716.0,721.15,733148,724.3333333333334,722.4,726.2666666666668,0.005338242061666067,558.656109803156,1,704.488,739.733575949266,669.2424240507341
2017-12-04 00:00:00+05:30,728.0,730.0,711.8,718.6,95569,728.7166666666667,732.5,724.9333333333334,0.010383550991468937,558.656109803156,1,706.308,739.5229325453997,673.0930674546003
2017-12-05 00:00:00+05:30,721.9,725.0,706.05,709.15,68025,720.1333333333333,720.9,719.3666666666667,0.002129235326791293,558.656109803156,1,707.502,738.8406723393866,676.1633276606133
2017-12-06 00:00:00+05:30,712.0,719.7,702.55,705.85,47181,713.4,715.525,711.275,0.005957387160078498,558.656109803156,1,707.6520000000002,738.9216335762901,676.3823664237102
2017-12-07 00:00:00+05:30,706.15,717.95,705.95,708.65,266106,709.3666666666667,711.125,707.6083333333333,0.004957473802922774,558.656109803156,1,707.072,737.7016206962385,676.4423793037615
2017-12-08 00:00:00+05:30,710.0,726.0,709.0,713.85,66087,710.85,711.95,709.75,0.003094886403601386,558.656109803156,1,706.9020000000002,737.3314262843626,676.4725737156377
2017-12-11 00:00:00+05:30,714.2,720.65,708.1,714.65,51432,716.2833333333333,717.5,715.0666666666666,0.003397165925960482,558.656109803156,1,706.692,736.8307946672631,676.5532053327369
2017-12-12 00:00:00+05:30,711.0,718.0,709.0,713.25,195427,714.4666666666667,714.375,714.5583333333334,0.00025660166091265367,558.656109803156,1,706.8939999999999,737.1380251288654,676.6499748711344
2017-12-13 00:00:00+05:30,713.25,713.25,698.0,704.4,100407,713.4166666666666,713.5,713.3333333333333,0.00023361756804122293,558.656109803156,1,707.122,737.2009904085133,677.0430095914866
2017-12-14 00:00:00+05:30,709.0,712.0,686.0,701.3,66427,705.2166666666667,705.625,704.8083333333334,0.0011580365372343337,558.656109803156,1,707.3919999999999,737.1340332861665,677.6499667138334
2017-12-15 00:00:00+05:30,702.0,722.0,699.9,708.1,166460,699.7666666666668,699.0,700.5333333333335,0.00219120659267403,558.656109803156,1,707.6159999999999,737.2915619322605,677.9404380677393
2017-12-18 00:00:00+05:30,708.1,710.55,678.6,697.7,133560,710.0,710.95,709.05,0.002676056338028297,558.656109803156,1,707.77,737.197130339118,678.342869660882
2017-12-19 00:00:00+05:30,700.0,720.0,699.0,709.6,142062,695.6166666666668,694.575,696.6583333333335,0.0029949445336274545,558.656109803156,1,708.31,737.3536774530263,679.2663225469736
2017-12-20 00:00:00+05:30,707.85,716.0,705.0,709.75,230828,709.5333333333333,709.5,709.5666666666666,9.395847035601715e-05,558.656109803156,1,709.7940000000001,734.9255788599804,684.6624211400198
2017-12-21 00:00:00+05:30,710.95,713.0,702.3,705.65,37514,710.25,710.5,710.0,0.0007039774727208729,558.656109803156,1,711.252,730.2830584044974,692.2209415955025
2017-12-22 00:00:00+05:30,704.5,711.0,695.0,700.7,53320,706.9833333333332,707.65,706.3166666666665,0.001885947334920887,558.656109803156,1,711.816,728.5936212853726,695.0383787146275
2017-12-26 00:00:00+05:30,700.5,707.0,700.0,703.95,37244,702.2333333333332,703.0,701.4666666666665,0.0021835097545927717,558.656109803156,1,712.012,728.2957165289556,695.7282834710443
2017-12-27 00:00:00+05:30,705.0,712.0,695.0,698.0,56794,703.65,703.5,703.8,0.0004263483265827536,558.656109803156,1,711.6519999999999,728.7410486568266,694.5629513431733
2017-12-28 00:00:00+05:30,698.0,705.0,694.4,698.8,342814,701.6666666666666,703.5,699.8333333333333,0.00522565320665094,558.656109803156,1,710.5039999999999,727.026903376689,693.9810966233108
2017-12-29 00:00:00+05:30,702.8,705.0,690.2,692.55,64085,699.4,699.7,699.0999999999999,0.0008578781812984507,558.656109803156,1,709.3739999999999,726.7668978607768,691.981102139223
2018-01-01 00:00:00+05:30,692.55,714.9,692.55,703.85,86821,695.9166666666666,697.6,694.2333333333332,0.00483774398275673,562.4958951372038,1,709.0140000000001,726.4766348526052,691.551365147395
2018-01-02 00:00:00+05:30,708.55,708.8,697.0,703.65,546391,703.7666666666665,703.7249999999999,703.8083333333332,0.00011841045801154392,564.0160593317157,1,708.528,725.8841073975539,691.1718926024462
2018-01-03 00:00:00+05:30,707.0,719.9,703.0,710.75,91452,703.15,702.9,703.4,0.0007110858280594468,573.3894169584471,1,708.312,725.4158774549933,691.2081225450067
2018-01-04 00:00:00+05:30,715.0,718.75,709.0,714.75,53134,711.2166666666667,711.45,710.9833333333333,0.0006561526023481316,578.6068402801093,1,707.8739999999999,723.686403232761,692.0615967672388
2018-01-05 00:00:00+05:30,717.8,727.8,710.0,725.25,158709,714.1666666666666,713.875,714.4583333333333,0.0008168028004666383,584.0585666689049,1,707.7559999999999,722.9934885068186,692.5185114931811
2018-01-08 00:00:00+05:30,728.0,746.5,728.0,736.95,189946,721.0166666666668,718.9,723.1333333333336,0.00587133908139004,601.8522240021487,1,708.388,726.7794606270254,689.9965393729747
2018-01-09 00:00:00+05:30,739.0,796.6,738.7,791.55,870249,737.15,737.25,737.05,0.000271315200434166,620.9661350420629,1,711.3059999999999,748.6429556337335,673.9690443662663
2018-01-10 00:00:00+05:30,789.0,833.9,781.1,826.35,611451,775.6166666666668,767.6500000000001,783.5833333333335,0.020542793905924395,651.8994896403802,1,715.9940000000001,774.5005351562999,657.4874648437004
2018-01-11 00:00:00+05:30,826.0,859.0,812.65,844.6,411830,813.7833333333333,807.5,820.0666666666666,0.015442275790034128,673.4705100547651,1,721.544,798.548292451754,644.5397075482459
2018-01-12 00:00:00+05:30,852.0,853.75,819.3,834.75,140652,838.75,835.825,841.675,0.006974664679582604,673.4705100547651,1,726.5880000000001,815.1983166905255,637.9776833094746
2018-01-15 00:00:00+05:30,834.75,844.7,830.0,833.0,75148,835.9333333333334,836.525,835.3416666666668,0.0014155833798546534,674.3479420664714,1,731.3539999999999,829.0613709399406,633.6466290600592
2018-01-16 00:00:00+05:30,838.85,838.85,781.0,786.25,230190,835.9,837.35,834.4499999999999,0.003469314511305289,674.3479420664714,1,734.2180000000001,833.9749441392185,634.4610558607817
2018-01-17 00:00:00+05:30,790.0,838.8,769.0,831.5,239530,802.0333333333333,809.925,794.1416666666667,0.019679148830056902,674.3479420664714,1,738.948,845.2768163387286,632.6191836612713
2018-01-18 00:00:00+05:30,843.0,843.0,777.7,795.35,167214,813.1,803.9,822.3000000000001,0.022629442872955468,674.3479420664714,1,742.5859999999999,850.1541012939942,635.0178987060056
2018-01-19 00:00:00+05:30,795.35,830.0,793.05,824.05,140872,805.35,810.35,800.35,0.012416961569503941,674.3479420664714,1,747.4960000000001,858.2369587099327,636.7550412900675
2018-01-22 00:00:00+05:30,824.05,910.25,824.0,882.05,525210,815.6999999999999,811.525,819.8749999999999,0.010236606595561984,674.3479420664714,1,754.4540000000001,875.773175467009,633.1348245329912
2018-01-23 00:00:00+05:30,910.0,911.85,838.5,843.85,461324,872.1,867.125,877.075,0.01140924205939691,674.3479420664714,1,760.3,884.1746947523781,636.4253052476218
2018-01-24 00:00:00+05:30,846.2,850.7,824.0,837.8,178831,864.7333333333332,875.175,854.2916666666665,0.024150026983270498,674.3479420664714,1,765.4279999999999,891.0841819569366,639.7718180430631
2018-01-25 00:00:00+05:30,838.0,838.0,815.0,819.0,84519,837.5,837.35,837.65,0.0003582089552238263,674.3479420664714,1,769.7979999999999,895.0029343436381,644.5930656563617
2018-01-29 00:00:00+05:30,833.8,845.55,810.05,814.45,106839,824.0,826.5,821.5,0.006067961165048544,674.3479420664714,1,774.15,897.685944566732,650.6140554332679
2018-01-30 00:00:00+05:30,814.45,814.45,800.1,804.35,325533,823.35,827.8,818.9000000000001,0.010809497783445513,674.3479420664714,1,778.296,898.6085693183994,657.9834306816007
2018-01-31 00:00:00+05:30,800.0,809.9,793.1,799.6,163075,806.3000000000001,807.2750000000001,805.325,0.002418454669477918,674.3479420664714,1,782.122,898.7616436208316,665.4823563791683
2018-02-01 00:00:00+05:30,803.4,823.4,786.0,807.45,303427,800.8666666666667,801.5,800.2333333333333,0.0015816199117622387,674.3479420664714,1,786.5,898.296862209968,674.703137790032
2018-02-02 00:00:00+05:30,800.0,849.0,783.0,806.6,1023373,805.6166666666668,804.7,806.5333333333335,0.0022756894304571877,674.3479420664714,1,790.812,896.9166663629576,684.7073336370424
2018-02-05 00:00:00+05:30,775.0,790.0,750.0,780.8,155160,812.8666666666667,816.0,809.7333333333333,0.007709341425408002,674.3479420664714,1,794.342,892.7265909886019,695.9574090113981
2018-02-06 00:00:00+05:30,776.0,776.0,728.1,769.75,279517,773.6,770.0,777.2,0.009307135470527464,674.3479420664714,1,796.9779999999998,888.8381549312564,705.1178450687432
2018-02-07 00:00:00+05:30,781.25,811.5,775.0,793.45,183643,757.9499999999999,752.05,763.8499999999999,0.015568309255227859,674.3479420664714,1,800.57,884.2064226876929,716.9335773123072
2018-02-08 00:00:00+05:30,796.0,832.0,796.0,822.55,244694,793.3166666666666,793.25,793.3833333333332,0.00016807075778887634,674.3479420664714,1,805.0419999999999,880.5505037859601,729.5334962140397
2018-02-09 00:00:00+05:30,800.0,846.0,791.0,839.35,285524,816.85,814.0,819.7,0.006978025341249979,674.3479420664714,1,810.0260000000001,877.0041762665596,743.0478237334405
2018-02-12 00:00:00+05:30,839.0,848.55,824.85,828.55,86353,825.4499999999999,818.5,832.3999999999999,0.016839299775879658,674.3479420664714,1,814.158,871.8014674876024,756.5145325123976
2018-02-14 00:00:00+05:30,828.5,840.0,822.05,827.85,49655,833.9833333333332,836.7,831.2666666666664,0.006514918363676679,674.3479420664714,1,817.794,866.2306664418003,769.3573335581997
2018-02-15 00:00:00+05:30,828.0,838.65,795.65,803.8,63443,829.9666666666667,831.025,828.9083333333334,0.0025503032250289897,674.3479420664714,1,818.2840000000001,865.8895015307498,770.6784984692504
2018-02-16 00:00:00+05:30,808.0,822.2,785.05,794.2,56697,812.6999999999999,817.15,808.2499999999999,0.01095115048603432,674.3479420664714,1,816.9979999999999,865.3928879944383,768.6031120055616
2018-02-19 00:00:00+05:30,793.0,797.1,771.0,776.1,62229,800.4833333333332,803.625,797.3416666666665,0.007849424306148616,674.3479420664714,1,814.258,863.833789897835,764.6822101021651
2018-02-20 00:00:00+05:30,777.0,779.95,760.95,764.3,224091,781.4,784.05,778.75,0.006782697722037311,674.3479420664714,1,811.44,863.9579512166489,758.9220487833512
2018-02-21 00:00:00+05:30,762.45,780.0,762.45,772.35,62321,768.4,770.45,766.3499999999999,0.005335762623633702,674.3479420664714,1,809.0139999999999,862.9093097773298,755.11869022267
2018-02-22 00:00:00+05:30,774.0,781.45,770.3,774.75,324610,771.6,771.225,771.975,0.0009720062208398133,674.3479420664714,1,808.554,863.4064341847684,753.7015658152316
2018-02-23 00:00:00+05:30,778.65,790.0,772.0,780.9,119951,775.5,775.875,775.125,0.0009671179883945841,674.3479420664714,1,806.53,861.5801516800306,751.4798483199694
2018-02-26 00:00:00+05:30,784.95,790.0,776.05,783.0,74799,780.9666666666667,781.0,780.9333333333334,8.536429211652999e-05,674.3479420664714,1,806.0360000000001,861.6968481429666,750.3751518570335
2018-02-27 00:00:00+05:30,789.95,791.0,782.5,784.7,42919,783.0166666666668,783.025,783.0083333333336,2.1285200399852024e-05,674.3479420664714,1,804.462,860.2216218064148,748.7023781935852
2018-02-28 00:00:00+05:30,786.0,786.0,777.0,780.2,57133,786.0666666666666,786.75,785.3833333333332,0.0017386141972692579,674.3479420664714,1,800.388,847.0114385689694,753.7645614310306
2018-03-01 00:00:00+05:30,781.0,785.75,771.0,779.05,361417,781.0666666666666,781.5,780.6333333333332,0.0011095937179926442,674.3479420664714,1,797.796,841.5851486100667,754.0068513899334
2018-03-05 00:00:00+05:30,775.0,781.9,760.0,768.4,39152,778.6,778.375,778.825,0.0005779604418187072,674.3479420664714,1,795.02,837.0779790288899,752.9620209711101
2018-03-06 00:00:00+05:30,775.0,779.1,753.7,762.4,51178,770.1,770.95,769.25,0.002207505518763856,674.3479420664714,1,792.7560000000001,835.4949126674344,750.0170873325658
2018-03-07 00:00:00+05:30,757.0,775.9,732.65,745.35,112082,765.0666666666667,766.4000000000001,763.7333333333333,0.0034855350296271468,674.3479420664714,1,789.992,835.6026099936694,744.3813900063305
2018-03-08 00:00:00+05:30,741.1,760.0,731.9,751.6,61922,751.3000000000001,754.275,748.3250000000002,0.007919606016238277,674.3479420664714,1,787.882,835.4778643580999,740.2861356419
2018-03-09 00:00:00+05:30,751.0,754.7,737.0,741.9,39536,747.8333333333334,745.95,749.7166666666667,0.0050367728994873875,674.3479420664714,1,785.574,836.1742381021539,734.973761897846
2018-03-12 00:00:00+05:30,754.75,754.75,733.1,736.2,47461,744.5333333333333,745.85,743.2166666666666,0.0035368911174786526,674.3479420664714,1,782.7239999999999,836.0285147805953,729.4194852194046
2018-03-13 00:00:00+05:30,745.0,785.0,735.1,763.4,157756,741.35,743.925,738.7750000000001,0.006946786268294144,674.3479420664714,1,780.9960000000001,833.891783726066,728.1002162739342
2018-03-14 00:00:00+05:30,763.5,765.6,752.65,759.5,44265,761.1666666666666,760.05,762.2833333333333,0.0029340924020144717,674.3479420664714,1,780.1440000000001,833.7069223996858,726.5810776003144
2018-03-15 00:00:00+05:30,764.3,765.55,750.6,754.7,53646,759.25,759.125,759.375,0.00032927230819888045,674.3479420664714,1,779.5420000000001,833.8911945110024,725.1928054889979
2018-03-16 00:00:00+05:30,754.95,764.7,735.0,741.6,97181,756.9500000000002,758.075,755.8250000000003,0.0029724552480345757,674.3479420664714,1,777.4680000000001,833.468134856934,721.4678651430662
2018-03-19 00:00:00+05:30,741.05,760.0,726.5,735.75,79177,747.1,749.85,744.35,0.007361798955963057,674.3479420664714,1,773.9960000000001,829.141958473807,718.8500415261932
2018-03-20 00:00:00+05:30,730.0,742.0,723.0,732.3,69711,740.75,743.25,738.25,0.006749915626054675,674.3479420664714,1,769.7139999999999,820.3353434827138,719.0926565172861
2018-03-21 00:00:00+05:30,739.95,756.6,735.0,739.7,143205,732.4333333333334,732.5,732.3666666666668,0.00018204159650463575,674.3479420664714,1,766.16,812.0104438364008,720.3095561635992
2018-03-22 00:00:00+05:30,736.3,750.0,732.05,738.45,56579,743.7666666666668,745.8,741.7333333333336,0.005467664590148852,674.3479420664714,1,762.5840000000001,802.1448667245171,723.023133275483
2018-03-23 00:00:00+05:30,725.0,731.0,714.5,725.6,63955,740.1666666666666,741.025,739.3083333333333,0.0023192974555280754,674.3479420664714,1,759.4559999999999,797.8353415263347,721.0766584736651
2018-03-26 00:00:00+05:30,735.0,735.05,725.05,730.95,80234,723.6999999999999,722.75,724.6499999999999,0.002625397264059505,674.3479420664714,1,756.926,794.131398747965,719.7206012520351
2018-03-27 00:00:00+05:30,736.75,743.95,720.1,725.6,91670,730.35,730.05,730.6500000000001,0.0008215239268845573,674.3479420664714,1,754.906,793.1957931046264,716.6162068953735
2018-03-28 00:00:00+05:30,730.0,733.45,721.7,722.9,45096,729.8833333333333,732.0250000000001,727.7416666666666,0.005868517799648616,674.3479420664714,1,753.25,793.311462779024,713.188537220976
2018-04-02 00:00:00+05:30,725.0,733.65,725.0,727.65,56449,726.0166666666668,727.575,724.4583333333335,0.004292830743095742,674.3479420664714,1,751.4620000000001,791.9418841894978,710.9821158105024
2018-04-03 00:00:00+05:30,731.0,735.0,725.9,731.1,50387,728.7666666666668,729.325,728.2083333333335,0.001532269130494297,674.3479420664714,1,749.716,789.7908272110458,709.6411727889542
2018-04-04 00:00:00+05:30,738.9,738.9,705.0,716.15,101263,730.6666666666666,730.45,730.8833333333332,0.0005930656934304288,674.3479420664714,1,747.1260000000001,787.1739324809062,707.078067519094
2018-04-05 00:00:00+05:30,722.95,730.0,721.8,724.8,55561,720.0166666666668,721.95,718.0833333333335,0.0053702460591188534,674.3479420664714,1,744.798,782.9555626055339,706.6404373944661
2018-04-06 00:00:00+05:30,731.9,731.9,724.0,729.45,99042,725.5333333333333,725.9,725.1666666666666,0.0010107507121198409,674.3479420664714,1,742.5880000000001,777.5079917525086,707.6680082474916
2018-04-09 00:00:00+05:30,730.0,730.15,715.0,719.35,90595,728.4500000000002,727.95,728.9500000000003,0.0013727778159108067,674.3479420664714,1,740.154,772.6465089212159,707.6614910787841
2018-04-10 00:00:00+05:30,729.95,730.45,715.55,717.3,143779,721.5,722.575,720.425,0.002979902979903106,674.3479420664714,1,737.684,767.2282816124429,708.1397183875571
2018-04-11 00:00:00+05:30,720.0,730.0,717.95,726.4,140755,721.1,723.0,719.2,0.005269726806268138,674.3479420664714,1,736.0040000000001,763.0408625397873,708.9671374602129
2018-04-12 00:00:00+05:30,731.9,731.9,716.6,721.2,65656,724.7833333333333,723.975,725.5916666666666,0.002230551659116371,674.3479420664714,1,734.3560000000001,759.7275166278126,708.9844833721876
2018-04-13 00:00:00+05:30,721.2,730.3,721.2,723.9,63136,723.2333333333332,724.25,722.2166666666665,0.002811448587362581,674.3479420664714,1,733.498,758.7749219644201,708.22107803558
2018-04-16 00:00:00+05:30,722.9,732.5,721.15,725.6,154692,725.1333333333333,725.75,724.5166666666667,0.0017008366277466423,674.3479420664714,1,732.4580000000001,756.7920860521901,708.12391394781
2018-04-17 00:00:00+05:30,729.95,769.5,725.5,764.2,625409,726.4166666666666,726.825,726.0083333333332,0.0011242399908227602,674.3479420664714,1,733.35,760.4776537871484,706.2223462128517
2018-04-18 00:00:00+05:30,768.9,794.0,765.1,789.05,543799,753.0666666666666,747.5,758.6333333333332,0.01478399433427746,674.3479420664714,1,735.464,770.2940504736264,700.6339495263737
2018-04-19 00:00:00+05:30,794.6,800.9,777.1,789.6,188644,782.7166666666666,779.55,785.8833333333332,0.008091476268551744,674.3479420664714,1,736.512,775.9173933363866,697.1066066636133
2018-04-20 00:00:00+05:30,791.0,791.0,776.0,779.6,80884,789.1999999999999,789.0,789.3999999999999,0.0005068423720221282,674.3479420664714,1,737.3159999999999,779.3005182894282,695.3314817105717
2018-04-23 00:00:00+05:30,782.0,828.05,779.0,812.0,512881,782.1999999999999,783.5,780.8999999999999,0.0033239580669907143,674.3479420664714,1,739.6079999999998,790.4584291426856,688.757570857314
2018-04-24 00:00:00+05:30,817.6,822.9,799.0,815.1,273930,806.35,803.525,809.1750000000001,0.007006882867241385,674.3479420664714,1,742.548,801.3901922092921,683.7058077907079
2018-04-25 00:00:00+05:30,811.85,813.5,793.15,798.6,182986,812.3333333333334,810.95,813.7166666666667,0.003405826836274089,674.3479420664714,1,745.062,807.7710186814883,682.3529813185118
2018-04-26 00:00:00+05:30,801.05,817.55,792.0,799.7,173505,801.75,803.325,800.175,0.003928905519176914,674.3479420664714,1,747.758,813.7499551460268,681.7660448539733
2018-04-27 00:00:00+05:30,799.75,820.05,795.0,800.95,266184,803.0833333333334,804.775,801.3916666666668,0.004212929334855094,674.3479420664714,1,750.2080000000001,819.2966484452778,681.1193515547224
2018-04-30 00:00:00+05:30,810.9,817.0,800.0,805.25,89554,805.3333333333334,807.525,803.1416666666668,0.005442880794701836,674.3479420664714,1,752.88,825.0416407795384,680.7183592204616
2018-05-02 00:00:00+05:30,801.25,822.0,790.0,795.8,282918,807.4166666666666,808.5,806.3333333333333,0.0026834554649603584,674.3479420664714,1,755.688,828.8414785502036,682.5345214497963
2018-05-03 00:00:00+05:30,792.15,801.6,780.0,785.4,64758,802.6,806.0,799.2,0.008472464490406123,674.3479420664714,1,757.8660000000001,831.185780250592,684.5462197494082
2018-05-04 00:00:00+05:30,778.0,819.35,778.0,809.9,1342751,789.0,790.8,787.2,0.004562737642585436,674.3479420664714,1,761.238,836.050695607063,686.4253043929372
2018-05-07 00:00:00+05:30,815.95,859.0,810.1,849.85,891415,802.4166666666666,798.675,806.1583333333333,0.00932599439194103,674.3479420664714,1,766.316,847.0313057108439,685.6006942891562
2018-05-08 00:00:00+05:30,851.0,920.0,845.15,880.7,1097315,839.65,834.55,844.75,0.012147918775680397,691.996420398173,1,772.4379999999999,863.0979549084097,681.77804509159
2018-05-09 00:00:00+05:30,876.15,890.0,854.5,879.0,461498,881.9500000000002,882.575,881.3250000000003,0.0014173139066837944,691.996420398173,1,778.3539999999999,876.4493206630918,680.258679336908
2018-05-10 00:00:00+05:30,880.0,888.45,857.35,865.75,138858,874.5,872.25,876.75,0.005145797598627788,691.996420398173,1,784.3379999999999,884.7494267600791,683.9265732399206
2018-05-11 00:00:00+05:30,869.7,872.0,828.3,834.3,129571,870.5166666666668,872.9000000000001,868.1333333333334,0.005475675365204554,691.996420398173,1,788.7180000000001,887.9044179411411,689.531582058859
2018-05-14 00:00:00+05:30,840.0,853.65,810.0,812.25,162237,844.8666666666667,850.15,839.5833333333334,0.012506904442515513,691.996420398173,1,792.03,888.5734492857732,695.4865507142267
2018-05-15 00:00:00+05:30,813.0,848.0,793.0,798.3,335935,825.3000000000001,831.825,818.7750000000001,0.015812431842966136,691.996420398173,1,795.188,887.0675658674693,703.3084341325307
2018-05-16 00:00:00+05:30,804.3,829.9,791.05,800.15,292705,813.1,820.5,805.7,0.018201943180420555,691.996420398173,1,798.502,884.7065079099381,712.2974920900618
2018-05-17 00:00:00+05:30,803.8,815.95,791.3,798.05,114721,807.0333333333333,810.4749999999999,803.5916666666667,0.008529180950807335,691.996420398173,1,801.368,882.402574744331,720.3334252556691
2018-05-18 00:00:00+05:30,804.05,804.05,767.5,776.9,171946,801.7666666666668,803.625,799.9083333333335,0.004635596391302294,691.996420398173,1,803.5959999999999,878.5241678409028,728.667832159097
2018-05-21 00:00:00+05:30,780.0,782.5,738.05,747.55,158314,782.8166666666666,785.775,779.8583333333332,0.007558176669718422,691.996420398173,1,804.5419999999999,875.9352976125525,733.1487023874473
2018-05-22 00:00:00+05:30,749.1,774.0,749.1,762.6,169032,756.0333333333333,760.275,751.7916666666666,0.011220845641726577,691.996420398173,1,806.0219999999999,872.1476989679087,739.8963010320912
2018-05-23 00:00:00+05:30,755.0,763.9,738.05,741.85,145274,761.9,761.55,762.25,0.0009187557422234487,691.996420398173,1,805.128,874.0369664992483,736.2190335007518
2018-05-24 00:00:00+05:30,743.5,744.8,722.0,729.75,167008,747.9333333333333,750.9749999999999,744.8916666666667,0.008133523486941694,691.996420398173,1,802.7559999999999,877.5468728120919,727.9651271879078
2018-05-25 00:00:00+05:30,728.15,736.35,723.0,731.85,159284,732.1833333333334,733.4,730.9666666666668,0.003323393503448362,691.996420398173,1,800.446,880.1270086281203,720.7649913718798
2018-05-28 00:00:00+05:30,730.25,744.85,730.25,735.65,196766,730.4,729.675,731.125,0.001985213581599186,691.996420398173,1,798.688,881.9882726525825,715.3877273474175
2018-05-29 00:00:00+05:30,739.0,745.7,733.2,738.55,106867,736.9166666666666,737.55,736.2833333333333,0.0017188736854008616,691.996420398173,1,795.75,882.0906462796904,709.4093537203096
2018-05-30 00:00:00+05:30,738.0,746.2,735.55,743.05,81722,739.15,739.45,738.8499999999999,0.0008117432185620461,691.996420398173,1,792.868,881.2192439300923,704.5167560699078
2018-05-31 00:00:00+05:30,746.9,746.9,726.25,731.05,404286,741.6,740.875,742.325,0.0019552319309601475,691.996420398173,1,790.166,881.7242687472558,698.6077312527443
2018-06-01 00:00:00+05:30,731.0,736.0,725.0,730.1,55037,734.7333333333332,736.575,732.8916666666664,0.005013156700844236,691.996420398173,1,787.382,881.7993623016166,692.9646376983833
2018-06-04 00:00:00+05:30,737.75,737.75,704.65,712.35,77738,730.3666666666667,730.5,730.2333333333333,0.0003651134133540023,691.996420398173,1,783.8380000000001,882.5077127997988,685.1682872002013
2018-06-05 00:00:00+05:30,716.65,716.65,695.75,706.35,64426,718.25,721.2,715.3,0.008214410024364903,691.996420398173,1,779.882,882.6460944298874,677.1179055701125
2018-06-06 00:00:00+05:30,701.9,735.0,701.9,726.2,111498,706.25,706.2,706.3,0.00014159292035385352,691.996420398173,1,777.0980000000001,881.7402304043395,672.4557695956606
2018-06-07 00:00:00+05:30,738.0,792.0,730.25,787.6,560326,721.0333333333334,718.45,723.6166666666668,0.007165641902824754,691.996420398173,1,777.1859999999999,881.8597045107072,672.5122954892927
2018-06-08 00:00:00+05:30,785.0,794.6,770.0,789.9,280774,769.9499999999999,761.125,778.7749999999999,0.02292356646535472,691.996420398173,1,776.3860000000001,880.3506806179622,672.421319382038
2018-06-11 00:00:00+05:30,795.0,797.6,770.25,778.95,120870,784.8333333333334,782.3,787.3666666666668,0.0064557230834574215,691.996420398173,1,773.55,873.1191799704853,673.9808200295146
2018-06-12 00:00:00+05:30,784.5,784.5,759.25,769.45,72309,782.2666666666668,783.925,780.6083333333336,0.004239815919549657,691.996420398173,1,769.1,858.5456348850795,679.6543651149206
2018-06-13 00:00:00+05:30,770.0,780.0,763.1,767.1,676657,771.0666666666666,771.875,770.2583333333332,0.0020966626318521375,691.996420398173,1,764.6240000000001,842.009668543956,687.2383314560443
2018-06-14 00:00:00+05:30,773.0,773.0,762.0,768.6,48658,770.0666666666666,771.55,768.5833333333333,0.0038524803047355603,691.996420398173,1,760.738,826.2699175974201,695.20608240258
2018-06-15 00:00:00+05:30,768.5,769.7,762.05,764.7,55101,767.8666666666667,767.5,768.2333333333333,0.0009550269143948799,691.996420398173,1,757.954,816.2645679615202,699.6434320384797
2018-06-18 00:00:00+05:30,778.0,778.0,753.6,758.65,64721,765.4833333333332,765.875,765.0916666666665,0.0010233186004487758,691.996420398173,1,755.81,809.7555651559522,701.8644348440477
2018-06-19 00:00:00+05:30,763.0,763.0,731.3,734.85,111125,763.4166666666666,765.8,761.0333333333333,0.0062438598406287325,691.996420398173,1,753.2719999999999,804.9032469730794,701.6407530269205
2018-06-20 00:00:00+05:30,735.25,758.7,732.05,740.85,76014,743.0500000000001,747.15,738.9500000000002,0.011035596527824262,691.996420398173,1,750.9,799.0285944111725,702.7714055888274
2018-06-21 00:00:00+05:30,744.0,749.85,733.55,743.8,47790,743.8666666666667,745.375,742.3583333333333,0.0040553862699408295,691.996420398173,1,748.73,792.8875814554553,704.5724185445447
2018-06-22 00:00:00+05:30,735.85,752.7,730.8,744.15,45600,742.4,741.7,743.0999999999999,0.0018857758620687817,691.996420398173,1,747.42,790.0746128806156,704.7653871193843
2018-06-25 00:00:00+05:30,740.0,758.65,736.3,739.75,53646,742.5500000000001,741.75,743.3500000000001,0.002154737054743972,691.996420398173,1,747.1080000000001,789.868221514805,704.3477784851951
2018-06-26 00:00:00+05:30,746.0,751.65,734.85,739.0,54872,744.9,747.4749999999999,742.325,0.0069136796885486155,691.996420398173,1,746.164,788.5549190274899,703.7730809725101
2018-06-27 00:00:00+05:30,741.6,742.0,720.05,727.15,92320,741.8333333333334,743.25,740.4166666666667,0.0038193664345089967,691.996420398173,1,745.576,788.5931418854764,702.5588581145237
2018-06-28 00:00:00+05:30,731.8,731.8,708.0,711.4,62363,729.7333333333332,731.025,728.4416666666665,0.003540105974785518,691.996420398173,1,744.842,789.508825989712,700.175174010288
2018-06-29 00:00:00+05:30,715.0,734.7,714.0,719.05,57681,717.0666666666666,719.9,714.2333333333332,0.007902566009669128,691.996420398173,1,744.33,789.8657705545346,698.7942294454655
2018-07-02 00:00:00+05:30,724.05,724.4,711.8,715.3,26435,722.5833333333334,724.35,720.8166666666667,0.004889862760927187,691.996420398173,1,743.5160000000001,790.3523083087815,696.6796916912186
2018-07-03 00:00:00+05:30,723.75,723.75,708.0,714.3,48018,717.1666666666666,718.0999999999999,716.2333333333333,0.002602835231233875,691.996420398173,1,742.546,790.7383472762558,694.3536527237443
2018-07-04 00:00:00+05:30,717.25,718.45,710.0,714.45,60167,715.35,715.875,714.825,0.001467812958691486,691.996420398173,1,741.4019999999999,790.8340582617723,691.9699417382276
2018-07-05 00:00:00+05:30,714.5,716.5,703.0,705.75,59137,714.3000000000001,714.225,714.3750000000001,0.00020999580008412562,691.996420398173,1,740.39,791.6311553343137,689.1488446656863
2018-07-06 00:00:00+05:30,705.0,715.0,701.0,707.65,41875,708.4166666666666,709.75,707.0833333333333,0.00376426302787918,691.996420398173,1,739.492,792.1891929422742,686.7948070577257
2018-07-09 00:00:00+05:30,707.0,739.0,692.65,708.35,131893,707.8833333333333,708.0,707.7666666666667,0.0003296211710969536,691.996420398173,1,739.332,792.380972695004,686.283027304996
2018-07-10 00:00:00+05:30,708.0,716.65,707.0,711.9,120895,713.3333333333334,715.825,710.8416666666667,0.006985981308411235,691.996420398173,1,739.554,792.0930210795298,687.0149789204702
2018-07-11 00:00:00+05:30,710.0,715.5,699.25,703.4,75376,711.85,711.825,711.875,7.023951675206086e-05,691.996420398173,1,738.6419999999999,792.8418795570182,684.4421204429817
2018-07-12 00:00:00+05:30,704.0,711.05,697.0,700.4,50242,706.0500000000001,707.375,704.7250000000001,0.0037532752637913225,691.996420398173,1,735.1540000000001,787.4937815814637,682.8142184185365
2018-07-13 00:00:00+05:30,700.1,711.0,699.0,705.55,70880,702.8166666666666,704.025,701.6083333333332,0.003438544902653716,691.996420398173,1,731.78,780.3042289994942,683.2557710005058
2018-07-16 00:00:00+05:30,708.5,708.5,662.3,670.8,119272,705.1833333333334,705.0,705.3666666666668,0.0005199593486329151,847.258119834839,-1,727.454,777.6407705276539,677.267229472346
2018-07-17 00:00:00+05:30,670.0,695.0,662.3,692.25,73756,680.5333333333333,685.4,675.6666666666666,0.014302507836990618,843.1897950414454,-1,724.3660000000001,773.3218390388259,675.4101609611743
2018-07-18 00:00:00+05:30,696.1,707.0,665.25,670.9,87917,683.1833333333334,678.65,687.7166666666668,0.01327120587446049,843.1897950414454,-1,720.518,770.5443201124714,670.4916798875287
2018-07-19 00:00:00+05:30,674.8,677.6,656.65,665.75,51004,681.0500000000001,686.125,675.9750000000001,0.01490345789589584,835.8532751101961,-1,716.4040000000001,766.8515721516458,665.9564278483545
2018-07-20 00:00:00+05:30,666.0,667.4,655.0,658.6,67002,666.6666666666666,667.125,666.2083333333333,0.0013750000000001138,826.6511441057884,-1,712.16,763.4856193337746,660.8343806662253
2018-07-23 00:00:00+05:30,658.0,669.0,651.1,657.95,50747,660.3333333333334,661.2,659.4666666666667,0.002624936900555298,823.8950983415567,-1,708.132,760.0338757271409,656.230124272859
2018-07-24 00:00:00+05:30,662.85,694.0,655.95,686.2,204807,659.35,660.05,658.6500000000001,0.002123303253203706,823.8950983415567,-1,706.186,757.5805796363353,654.7914203636648
2018-07-25 00:00:00+05:30,689.0,694.0,675.1,676.55,88401,678.7166666666667,674.975,682.4583333333334,0.011025710286570265,823.8950983415567,-1,703.614,754.2421938843925,652.9858061156076
2018-07-26 00:00:00+05:30,676.6,692.0,674.0,681.8,60513,681.8833333333333,684.55,679.2166666666667,0.007821474836848813,823.8950983415567,-1,701.1339999999999,749.6763750551582,652.5916249448416
2018-07-27 00:00:00+05:30,688.0,693.9,678.5,687.1,121693,682.6,683.0,682.2,0.0011719894520948644,823.8950983415567,-1,698.852,744.3600694382401,653.3439305617599
2018-07-30 00:00:00+05:30,691.0,715.5,690.8,714.5,212131,686.5,686.2,686.8,0.0008739985433356286,823.8950983415567,-1,697.842,740.7192450607042,654.9647549392957
2018-07-31 00:00:00+05:30,715.0,715.5,705.25,714.75,135470,706.9333333333334,703.15,710.7166666666668,0.01070350811014735,823.8950983415567,-1,696.872,736.9893087830638,656.7546912169361
2018-08-01 00:00:00+05:30,715.0,751.3,706.05,743.25,325694,711.8333333333334,710.375,713.2916666666667,0.0040974010770312465,823.8950983415567,-1,697.516,740.0037085284166,655.0282914715833
2018-08-02 00:00:00+05:30,748.6,758.4,712.1,725.5,951992,733.5333333333333,728.675,738.3916666666667,0.013246387348904886,823.8950983415567,-1,698.08,741.6504854229981,654.5095145770019
2018-08-03 00:00:00+05:30,720.5,737.85,720.5,734.25,185996,732.0,735.25,728.75,0.008879781420765027,823.8950983415567,-1,698.6879999999999,743.8086496406653,653.5673503593345
2018-08-06 00:00:00+05:30,736.0,738.0,709.65,713.4,107151,730.8666666666667,729.175,732.5583333333334,0.004629207333759153,823.8950983415567,-1,698.612,743.6267467392152,653.5972532607848
2018-08-07 00:00:00+05:30,719.15,724.9,712.0,716.25,37581,720.35,723.825,716.875,0.00964808773512882,823.8950983415567,-1,698.69,743.8198216260123,653.5601783739878
2018-08-08 00:00:00+05:30,710.1,728.4,710.1,718.35,55868,717.7166666666667,718.45,716.9833333333333,0.0020435176369505564,823.8950983415567,-1,698.8459999999999,744.2189604059033,653.4730395940965
2018-08-09 00:00:00+05:30,723.4,725.0,703.35,710.45,54008,718.9499999999999,719.25,718.6499999999999,0.0008345503859797434,823.8950983415567,-1,699.034,744.5585227981104,653.5094772018896
2018-08-10 00:00:00+05:30,705.15,708.7,692.0,694.75,74763,712.9333333333334,714.175,711.6916666666668,0.0034832616420419687,823.8950983415567,-1,698.518,743.9324900224112,653.1035099775888
2018-08-13 00:00:00+05:30,689.95,702.7,676.7,692.2,58555,698.4833333333332,700.35,696.6166666666664,0.0053449139802909775,823.8950983415567,-1,697.872,743.167987283596,652.576012716404
2018-08-14 00:00:00+05:30,692.0,722.8,687.6,719.85,154878,690.5333333333334,689.7,691.3666666666668,0.002413593357791189,823.8950983415567,-1,698.19,743.9843402616053,652.3956597383948
2018-08-16 00:00:00+05:30,717.9,724.8,706.15,708.0,80989,710.0833333333334,705.2,714.9666666666667,0.013754254195516936,823.8950983415567,-1,698.3739999999999,744.287406495224,652.4605935047758
2018-08-17 00:00:00+05:30,711.85,715.0,707.3,713.05,22310,712.9833333333332,715.4749999999999,710.4916666666666,0.006989410692162064,823.8950983415567,-1,698.88,745.1490133890455,652.6109866109545
2018-08-20 00:00:00+05:30,722.0,722.0,706.3,709.95,39164,711.7833333333333,711.15,712.4166666666666,0.0017795677523590769,823.8950983415567,-1,699.0559999999999,745.4584423494676,652.6535576505322
2018-08-21 00:00:00+05:30,715.0,715.0,702.5,705.85,72849,712.75,714.15,711.35,0.003928446159242307,823.8950983415567,-1,700.4580000000001,745.4576149316377,655.4583850683624
2018-08-23 00:00:00+05:30,708.0,715.0,702.2,707.85,72778,707.7833333333333,708.75,706.8166666666666,0.0027315327195234804,823.8950983415567,-1,701.082,746.0416608527651,656.1223391472349
2018-08-24 00:00:00+05:30,710.0,715.0,705.0,707.95,44509,708.35,708.6,708.1,0.0007058657443354274,823.8950983415567,-1,702.564,745.8581152582616,659.2698847417383
2018-08-27 00:00:00+05:30,708.0,713.4,702.0,705.5,114685,709.3166666666666,710.0,708.6333333333332,0.0019267370003996165,823.8950983415567,-1,704.154,744.7594668240081,663.5485331759919
2018-08-28 00:00:00+05:30,704.25,708.0,692.0,694.8,66677,706.9666666666667,707.7,706.2333333333333,0.002074590975529299,823.8950983415567,-1,705.602,741.9666804467688,669.2373195532311
2018-08-29 00:00:00+05:30,694.8,714.9,690.55,702.35,87525,698.2666666666668,700.0,696.5333333333335,0.004964674431926393,823.8950983415567,-1,707.378,738.1700649517956,676.5859350482045
2018-08-30 00:00:00+05:30,706.8,706.8,695.0,701.4,33619,702.5999999999999,702.7249999999999,702.4749999999999,0.0003558212354113294,823.8950983415567,-1,707.9859999999999,737.6613974867328,678.310602513267
2018-08-31 00:00:00+05:30,703.95,704.0,683.0,687.7,109414,701.0666666666666,700.9,701.2333333333332,0.0004754659566373967,823.8950983415567,-1,708.432,736.4955262216919,680.3684737783082
2018-09-03 00:00:00+05:30,679.2,704.95,666.0,696.05,155770,691.5666666666666,693.5,689.6333333333332,0.005591169807683215,823.8950983415567,-1,709.002,735.408627652837,682.5953723471629
2018-09-04 00:00:00+05:30,700.0,700.0,685.1,694.6,68976,689.0,685.475,692.525,0.010232220609579033,823.8950983415567,-1,709.3020000000001,734.8634002745465,683.7405997254538
2018-09-05 00:00:00+05:30,688.0,692.7,668.1,682.95,85098,693.2333333333332,692.55,693.9166666666665,0.001971438188200068,823.8950983415567,-1,708.04,735.4954184086782,680.5845815913217
2018-09-06 00:00:00+05:30,691.0,695.9,672.0,684.3,60116,681.2500000000001,680.4000000000001,682.1000000000001,0.0024954128440367635,823.8950983415567,-1,706.8220000000001,735.6462270320577,677.9977729679425
2018-09-07 00:00:00+05:30,684.0,689.8,680.1,682.45,22177,684.0666666666666,683.95,684.1833333333332,0.0003410973589315678,823.8950983415567,-1,704.39,730.6558866211598,678.1241133788402
2018-09-10 00:00:00+05:30,683.0,685.7,668.0,670.6,37885,684.1166666666668,684.95,683.2833333333335,0.002436231636903815,823.5883383008968,-1,702.1940000000001,730.1580529250616,674.2299470749385
2018-09-11 00:00:00+05:30,672.0,675.15,655.0,657.05,32247,674.7666666666668,676.85,672.6833333333335,0.006174974065108701,811.585804768861,-1,699.1060000000001,729.1976642277505,669.0143357722498
2018-09-12 00:00:00+05:30,656.0,674.0,650.1,658.15,57086,662.4,665.075,659.7249999999999,0.008076690821256245,809.3923725781065,-1,696.8960000000001,730.3872516337581,663.4047483662421
2018-09-14 00:00:00+05:30,663.05,670.0,653.0,654.55,48186,660.75,662.05,659.45,0.003934922436624909,807.7086776749823,-1,694.428,730.8186150538256,658.0373849461744
2018-09-17 00:00:00+05:30,659.45,660.8,650.0,655.75,51918,659.1833333333333,661.5,656.8666666666666,0.007028899395717084,798.7843305679829,-1,691.9240000000001,729.9633598263135,653.8846401736866
2018-09-18 00:00:00+05:30,659.0,670.0,636.2,640.75,46523,655.5166666666667,655.4,655.6333333333333,0.0003559533192647253,798.7843305679829,-1,689.1360000000001,731.325946859362,646.9460531406381
2018-09-19 00:00:00+05:30,648.5,648.65,609.05,619.05,139166,648.9833333333333,653.1,644.8666666666667,0.012686509668969437,781.1664390514529,-1,686.1080000000001,736.3494305528397,635.8665694471604
2018-09-21 00:00:00+05:30,621.35,629.35,569.4,574.9,539171,625.5833333333333,628.8499999999999,622.3166666666666,0.010443585986412634,762.384781489395,-1,681.416,747.8159922891251,615.016007710875
2018-09-24 00:00:00+05:30,579.8,579.85,560.0,565.9,157194,591.2166666666667,599.375,583.0583333333334,0.027598455163081678,731.9723902298191,-1,675.258,753.7179193473708,596.7980806526293
2018-09-25 00:00:00+05:30,568.6,574.35,550.1,570.0,462292,568.5833333333334,569.925,567.2416666666668,0.004719331672284625,724.5804946206264,-1,669.738,757.117806728992,582.3581932710081
2018-09-26 00:00:00+05:30,579.0,610.0,570.75,603.55,564513,564.8166666666667,562.225,567.4083333333334,0.00917701909174079,724.5804946206264,-1,665.3580000000001,754.5728000277759,576.1431999722242
2018-09-27 00:00:00+05:30,603.9,619.0,585.0,609.1,222139,594.7666666666667,590.375,599.1583333333333,0.014767696015244023,724.5804946206264,-1,661.324,751.2263386569897,571.4216613430102
2018-09-28 00:00:00+05:30,609.4,613.8,585.0,590.9,127102,604.3666666666667,602.0,606.7333333333333,0.007831890132921541,724.5804946206264,-1,656.7259999999999,748.7813099826192,564.6706900173806
2018-10-01 00:00:00+05:30,588.0,607.0,575.0,599.75,93935,596.5666666666666,599.4,593.7333333333332,0.00949879868134337,724.5804946206264,-1,652.402,744.6007439393627,560.2032560606374
2018-10-03 00:00:00+05:30,591.95,614.8,590.05,608.45,72256,593.9166666666666,591.0,596.8333333333333,0.009821804405780706,724.5804946206264,-1,648.422,739.2660337281222,557.5779662718778
2018-10-04 00:00:00+05:30,602.95,603.0,571.0,576.2,92709,604.4333333333333,602.425,606.4416666666666,0.006645342745271028,724.5804946206264,-1,643.25,735.22249153957,551.27750846043
2018-10-05 00:00:00+05:30,577.0,591.15,554.35,564.35,301627,583.4,587.0,579.8,0.012341446691806729,724.5804946206264,-1,638.032,732.4824012908168,543.5815987091833
2018-10-08 00:00:00+05:30,564.0,564.0,490.05,498.4,538175,569.9499999999999,572.75,567.1499999999999,0.009825423282744342,720.6908965138493,-1,629.874,735.2889557510528,524.4590442489473
2018-10-09 00:00:00+05:30,496.15,499.7,460.4,467.4,571485,517.4833333333332,527.025,507.9416666666665,0.036877194112532104,676.9732606532954,-1,620.514,739.5390713757254,501.48892862427465
2018-10-10 00:00:00+05:30,473.0,506.45,463.2,501.45,952971,475.8333333333333,480.04999999999995,471.6166666666667,0.017723292469351903,676.9732606532954,-1,613.064,737.5265325790722,488.6014674209278
2018-10-11 00:00:00+05:30,475.0,497.7,464.95,489.1,325588,490.3666666666666,484.825,495.90833333333325,0.02260213445720874,676.9732606532954,-1,604.7860000000001,733.5248224895533,476.04717751044683
2018-10-12 00:00:00+05:30,495.0,514.0,494.0,504.5,275791,483.9166666666667,481.325,486.5083333333334,0.010711210607887158,676.9732606532954,-1,597.182,726.2591765417759,468.10482345822413
2018-10-15 00:00:00+05:30,509.0,528.65,499.3,517.05,162308,504.1666666666667,504.0,504.33333333333337,0.0006611570247934636,676.9732606532954,-1,590.5459999999999,718.3551136656413,462.73688633435853
2018-10-16 00:00:00+05:30,518.0,543.0,517.25,540.65,155398,515.0,513.975,516.025,0.003980582524271756,676.9732606532954,-1,584.8,708.0682895151746,461.53171048482534
2018-10-17 00:00:00+05:30,551.45,551.45,525.0,539.75,174623,533.6333333333333,530.125,537.1416666666667,0.013148853769754484,676.9732606532954,-1,579.092,696.8365665158141,461.3474334841859
2018-10-19 00:00:00+05:30,539.0,539.0,515.6,528.15,63791,538.7333333333333,538.225,539.2416666666667,0.0018871426803613132,676.9732606532954,-1,573.3939999999999,686.5723276780365,460.2156723219633
2018-10-22 00:00:00+05:30,531.95,531.95,505.45,511.8,132634,527.5833333333334,527.3,527.8666666666668,0.0010740799241829096,676.9732606532954,-1,567.5840000000001,677.8635927449731,457.3044072550271
2018-10-23 00:00:00+05:30,502.1,528.8,502.1,521.5,71918,516.4,518.7,514.0999999999999,0.008907823392719087,676.9732606532954,-1,562.118,667.3298125687281,456.90618743127203
2018-10-24 00:00:00+05:30,522.0,544.5,517.1,538.6,82000,517.4666666666667,515.45,519.4833333333333,0.0077943828910074136,676.9732606532954,-1,557.48,655.9939015570758,458.96609844292425
2018-10-25 00:00:00+05:30,536.0,536.0,503.8,511.65,109059,533.4,530.8,536.0,0.009748781402324795,676.9732606532954,-1,551.716,643.1656439358693,460.2663560641307
2018-10-26 00:00:00+05:30,514.75,539.0,509.0,528.75,169049,517.15,519.9,514.4,0.01063521222082568,676.9732606532954,-1,547.236,631.4904789076362,462.9815210923637
2018-10-29 00:00:00+05:30,537.2,593.0,523.85,585.85,226210,525.5833333333334,524.0,527.1666666666667,0.006025051530046124,676.9732606532954,-1,545.908,626.5626300220722,465.2533699779279
2018-10-30 00:00:00+05:30,590.0,610.0,580.0,607.05,219309,567.5666666666666,558.425,576.7083333333333,0.03221354319610026,676.9732606532954,-1,547.194,630.6338193669984,463.75418063300157
2018-10-31 00:00:00+05:30,605.0,607.2,590.05,599.2,119434,599.0166666666667,595.0,603.0333333333333,0.013410867811134866,676.9732606532954,-1,548.5260000000001,634.1522815728753,462.89971842712487
2018-11-01 00:00:00+05:30,602.1,617.0,591.05,599.85,641234,598.8166666666667,598.625,599.0083333333334,0.000640151409724912,676.9732606532954,-1,549.72,637.3204611859852,462.11953881401485
2018-11-02 00:00:00+05:30,606.05,612.9,598.0,606.45,230475,602.6333333333333,604.025,601.2416666666667,0.004618618286409596,676.9732606532954,-1,549.836,637.7284730338002,461.9435269661998
2018-11-05 00:00:00+05:30,611.35,633.45,602.75,612.1,66430,605.7833333333334,605.45,606.1166666666668,0.0011005034803423816,676.9732606532954,-1,549.956,638.1793679701547,461.73263202984543
2018-11-06 00:00:00+05:30,612.1,627.85,608.8,613.8,52350,616.1,618.1,614.1,0.0064924525239409185,676.9732606532954,-1,550.872,641.2265774379875,460.51742256201237
2018-11-09 00:00:00+05:30,612.15,628.8,612.15,619.7,34798,616.8166666666667,618.325,615.3083333333334,0.004890702261612015,676.9732606532954,-1,551.67,644.0665367316183,459.2734632683817
2018-11-12 00:00:00+05:30,612.55,625.0,605.0,609.15,37568,620.2166666666666,620.4749999999999,619.9583333333333,0.000833042216429718,676.9732606532954,-1,551.698,644.1637449220914,459.2322550779085
2018-11-13 00:00:00+05:30,605.0,612.0,600.1,607.1,52073,613.0500000000001,615.0,611.1000000000001,0.0063616344506971095,676.9732606532954,-1,552.934,647.4794841650158,458.3885158349841
2018-11-14 00:00:00+05:30,607.1,612.45,599.95,605.95,39662,606.4,606.05,606.75,0.001154353562005352,676.9732606532954,-1,554.598,651.3276871906306,457.8683128093693
2018-11-15 00:00:00+05:30,601.0,640.0,601.0,636.05,185744,606.1166666666667,606.2,606.0333333333333,0.00027497456485287616,676.9732606532954,-1,560.104,659.0563235502694,461.15167644973064
2018-11-16 00:00:00+05:30,640.0,646.75,625.05,629.35,221096,625.6833333333333,620.5,630.8666666666666,0.016568551716789476,676.9732606532954,-1,566.582,661.5338862582367,471.6301137417632
2018-11-19 00:00:00+05:30,626.5,633.05,619.3,623.4,172468,633.7166666666667,635.9,631.5333333333334,0.0068905662362252745,676.9732606532954,-1,571.46,665.0466357980513,477.8733642019488
2018-11-20 00:00:00+05:30,620.0,644.95,620.0,640.15,193360,625.25,626.175,624.325,0.0029588164734104905,676.9732606532954,-1,577.502,668.5078173085492,486.49618269145077
2018-11-21 00:00:00+05:30,644.0,663.0,641.95,660.25,144894,635.0333333333333,632.475,637.5916666666666,0.008057319825730765,676.9732606532954,-1,583.732,675.2179415647944,492.24605843520555
2018-11-22 00:00:00+05:30,665.0,677.0,645.1,649.95,187313,655.0666666666667,652.475,657.6583333333334,0.007912680643191625,676.9732606532954,-1,589.048,679.8597370387602,498.23626296123985
2018-11-26 00:00:00+05:30,660.0,680.0,652.0,674.7,213574,657.35,661.05,653.6500000000001,0.011257321061838995,676.9732606532954,-1,594.41,688.9128634486641,499.90713655133584
2018-11-27 00:00:00+05:30,676.1,689.8,660.0,675.7,255759,668.9,666.0,671.8,0.008670952309762229,676.9732606532954,-1,599.8480000000001,696.7590911299467,502.9369088700535
2018-11-28 00:00:00+05:30,674.0,680.85,636.0,641.35,154866,675.1666666666666,674.9,675.4333333333333,0.0007899284127375508,676.9732606532954,-1,604.3760000000001,697.9860341629933,510.7659658370069
2018-11-29 00:00:00+05:30,646.5,653.95,631.5,635.15,147395,652.7333333333332,658.425,647.0416666666665,0.017439485241548525,676.9732606532954,-1,609.31,695.5986829195851,523.0213170804147
2018-11-30 00:00:00+05:30,638.95,669.95,638.25,663.2,170340,640.1999999999999,642.725,637.6749999999998,0.007888159950015905,676.9732606532954,-1,614.9780000000001,695.8989346460893,534.0570653539108
2018-12-03 00:00:00+05:30,672.0,700.0,665.0,697.8,419844,657.1333333333333,654.1,660.1666666666666,0.009232017855331145,487.305299121442,1,621.346,702.2788952651305,540.4131047348695
2018-12-04 00:00:00+05:30,700.0,715.25,680.1,694.45,378752,687.6,682.5,692.7,0.014834205933682438,500.44608715658427,1,628.658,701.2254124107819,556.0905875892181
2018-12-05 00:00:00+05:30,695.0,700.0,682.85,690.8,734060,696.6,697.675,695.5250000000001,0.003086419753086224,500.44608715658427,1,635.14,699.317622268174,570.962377731826
2018-12-06 00:00:00+05:30,684.0,689.35,651.0,665.1,206147,691.2166666666666,691.425,691.0083333333332,0.0006028018228728221,500.44608715658427,1,638.31,700.2249997980811,576.3950002019188
2018-12-07 00:00:00+05:30,666.0,674.7,653.0,656.85,148551,668.4833333333332,670.175,666.7916666666665,0.005061208207634356,500.44608715658427,1,640.302,701.2629873935484,579.3410126064516
2018-12-10 00:00:00+05:30,640.1,644.5,634.25,636.45,142600,661.5166666666668,663.85,659.1833333333335,0.007054495981456523,500.44608715658427,1,641.7919999999999,700.4387027546846,583.1452972453152
2018-12-11 00:00:00+05:30,634.0,634.0,615.6,625.45,242829,638.4,639.375,637.425,0.00305451127819556,500.44608715658427,1,642.816,699.3536881026837,586.2783118973164
2018-12-12 00:00:00+05:30,628.5,672.8,628.5,660.25,875685,625.0166666666667,624.8,625.2333333333333,0.0006933148449375653,500.44608715658427,1,644.9680000000001,699.8771896133636,590.0588103866365
2018-12-13 00:00:00+05:30,664.35,693.8,663.45,669.95,419252,653.85,650.65,657.0500000000001,0.009788177716601806,500.44608715658427,1,647.2819999999999,701.324648935783,593.2393510642169
2018-12-14 00:00:00+05:30,672.65,680.0,661.55,666.15,101431,675.7333333333333,678.625,672.8416666666667,0.008558602999210688,500.44608715658427,1,649.3760000000001,702.1079798224596,596.6440201775406
2018-12-17 00:00:00+05:30,668.0,679.8,660.55,674.4,193448,669.2333333333332,670.775,667.6916666666665,0.004607262041141832,500.44608715658427,1,651.564,703.7252693096731,599.4027306903268
2018-12-18 00:00:00+05:30,674.4,683.5,665.0,675.85,208812,671.5833333333334,670.175,672.9916666666668,0.004194068743020474,500.44608715658427,1,654.2320000000001,704.2206297471358,604.2433702528643
2018-12-19 00:00:00+05:30,679.95,693.9,674.0,685.3,339027,674.7833333333333,674.25,675.3166666666666,0.0015807543162001721,500.44608715658427,1,657.36,704.886127551024,609.8338724489761
2018-12-20 00:00:00+05:30,686.9,703.0,678.0,689.5,625644,684.4,683.95,684.8499999999999,0.0013150204558735588,501.70558705485905,1,660.702,704.9338390302298,616.4701609697702
2018-12-21 00:00:00+05:30,689.5,699.0,663.15,677.15,181435,690.1666666666666,690.5,689.8333333333333,0.0009659502535620514,501.70558705485905,1,662.346,705.8396217852244,618.8523782147756
2018-12-24 00:00:00+05:30,669.45,684.4,669.45,677.75,100774,679.7666666666668,681.075,678.4583333333335,0.003849360074535223,501.70558705485905,1,664.2819999999999,706.0009441860184,622.5630558139815
2018-12-26 00:00:00+05:30,675.85,681.0,667.2,675.9,193957,677.1999999999999,676.925,677.4749999999999,0.0008121677495569323,501.70558705485905,1,666.382,704.8139229807214,627.9500770192785
2018-12-27 00:00:00+05:30,679.95,685.9,668.15,672.1,732703,674.6999999999999,674.1,675.2999999999998,0.0017785682525564225,501.70558705485905,1,667.66,704.6141878546409,630.705812145359
2018-12-28 00:00:00+05:30,683.0,690.25,665.5,668.0,617172,675.3833333333333,677.025,673.7416666666667,0.004861436714951958,501.70558705485905,1,667.97,704.8001615526744,631.1398384473257
2018-12-31 00:00:00+05:30,668.0,676.1,646.65,652.7,187097,674.5833333333334,677.875,671.2916666666667,0.009759110562075242,501.70558705485905,1,668.08,704.7101078348958,631.4498921651043
2019-01-01 00:00:00+05:30,652.3,676.6,646.75,660.3,288266,658.4833333333333,661.375,655.5916666666667,0.008782808980232306,501.70558705485905,1,667.5040000000001,704.1524697633627,630.8555302366376
2019-01-02 00:00:00+05:30,658.85,674.0,656.7,669.8,896038,661.2166666666666,661.675,660.7583333333332,0.0013863332745193092,501.70558705485905,1,667.268,703.7780411393372,630.7579588606628
2019-01-03 00:00:00+05:30,673.6,687.0,666.15,677.05,226499,666.8333333333334,665.35,668.3166666666667,0.004448887778055531,501.70558705485905,1,668.6959999999999,703.805222947768,633.5867770522318
2019-01-04 00:00:00+05:30,680.0,691.0,670.65,679.3,384112,676.7333333333333,676.575,676.8916666666667,0.0004679341936754103,502.7274420671745,1,670.462,702.9907599517114,637.9332400482886
2019-01-07 00:00:00+05:30,685.0,717.5,680.0,712.25,829841,680.3166666666667,680.825,679.8083333333334,0.0014944021166613363,517.0803443844875,1,672.424,708.668758186475,636.179241813525
2019-01-08 00:00:00+05:30,718.8,738.9,718.0,732.05,624749,703.25,698.75,707.75,0.012797724848915748,546.585130609108,1,673.794,715.888962358886,631.6990376411139
2019-01-09 00:00:00+05:30,736.6,745.0,716.0,742.1,341356,729.65,728.45,730.8499999999999,0.0032892482697181712,547.7897253847436,1,675.7,725.0528195749343,626.3471804250657
2019-01-10 00:00:00+05:30,745.15,745.95,726.8,735.35,181594,734.3666666666667,730.5,738.2333333333333,0.010530615950251938,555.6111363693539,1,677.482,731.8494231870152,623.1145768129848
2019-01-11 00:00:00+05:30,740.9,740.9,726.65,729.1,92765,736.0333333333333,736.375,735.6916666666666,0.0009283999818849608,556.2516909145797,1,680.0419999999999,737.760098929157,622.3239010708428
2019-01-14 00:00:00+05:30,731.0,750.0,722.45,737.4,212251,732.2166666666667,733.775,730.6583333333334,0.004256481460405473,558.0886232779966,1,683.2640000000001,744.3392422508167,622.1887577491835
2019-01-15 00:00:00+05:30,739.4,740.0,720.5,730.05,162424,736.6166666666667,736.225,737.0083333333333,0.0010634205941579334,558.0886232779966,1,687.008,747.6190199880838,626.3969800119163
2019-01-16 00:00:00+05:30,730.0,743.8,722.85,736.5,129304,730.1833333333334,730.25,730.1166666666668,0.00018260254274024158,558.0886232779966,1,691.45,749.5910491821041,633.308950817896
2019-01-17 00:00:00+05:30,730.0,777.0,725.3,759.95,341351,734.3833333333333,733.325,735.4416666666666,0.0028822367973127937,568.4070386044816,1,695.438,757.9821813760145,632.8938186239855
2019-01-18 00:00:00+05:30,775.0,782.25,730.05,749.45,515026,754.0833333333334,751.15,757.0166666666668,0.00777986517847292,568.4070386044816,1,698.6179999999999,763.6883488848473,633.5476511151526
2019-01-21 00:00:00+05:30,740.0,750.35,733.0,740.25,99043,753.9166666666666,756.15,751.6833333333333,0.005924615894771788,568.4070386044816,1,701.582,767.2147471922037,635.9492528077963
2019-01-22 00:00:00+05:30,735.2,747.0,729.05,733.85,218328,741.1999999999999,741.675,740.7249999999999,0.0012817053426875953,568.4070386044816,1,703.96,769.7886867558187,638.1313132441813
2019-01-23 00:00:00+05:30,737.55,742.55,708.25,715.3,88097,736.6333333333333,738.025,735.2416666666667,0.00377845151364311,568.4070386044816,1,705.538,770.4810783378466,640.5949216621534
2019-01-24 00:00:00+05:30,718.1,748.0,715.75,742.45,212753,722.0333333333333,725.4,718.6666666666666,0.009325515904159571,568.4070386044816,1,707.8240000000001,773.7722167764654,641.8757832235348
2019-01-25 00:00:00+05:30,742.0,755.0,732.25,745.3,175930,735.4,731.875,738.925,0.009586619526788081,568.4070386044816,1,710.056,777.1397465858582,642.9722534141418
2019-01-28 00:00:00+05:30,747.0,763.55,725.0,742.6,565379,744.1833333333334,743.625,744.7416666666668,0.0015005263040023128,568.4070386044816,1,712.674,779.5247479090219,645.823252090978
2019-01-29 00:00:00+05:30,742.8,759.55,742.2,753.65,133361,743.7166666666667,744.275,743.1583333333334,0.0015014678529008277,568.4070386044816,1,715.71,782.8341297894846,648.5858702105155
2019-01-30 00:00:00+05:30,757.25,757.25,743.0,745.3,101779,751.8000000000001,750.875,752.7250000000001,0.00246076084064929,568.4070386044816,1,718.4859999999999,784.5264513612341,652.4455486387657
2019-01-31 00:00:00+05:30,746.5,754.7,740.0,741.9,486039,748.5166666666668,750.125,746.9083333333335,0.004297388167709206,568.4070386044816,1,721.278,785.102829525785,657.4531704742151
2019-02-01 00:00:00+05:30,742.0,782.0,740.0,750.1,288164,745.5333333333333,747.35,743.7166666666666,0.004873468657784279,575.2268324299642,1,724.562,785.4653350810567,663.6586649189434
2019-02-04 00:00:00+05:30,749.9,768.0,743.0,764.7,182127,757.3666666666667,761.0,753.7333333333333,0.009594648122881895,575.2268324299642,1,729.0419999999999,784.3632485758899,673.72075142411
2019-02-05 00:00:00+05:30,767.25,772.0,722.0,729.45,108966,758.5666666666666,755.5,761.6333333333332,0.00808542426506114,575.2268324299642,1,731.808,779.4922756471709,684.1237243528291
2019-02-06 00:00:00+05:30,737.85,750.0,737.7,745.4,89708,741.15,747.0,735.3,0.01578627808136011,575.2268324299642,1,734.832,775.4715362177687,694.1924637822312
2019-02-07 00:00:00+05:30,750.8,759.45,745.25,748.35,62870,744.3666666666667,743.85,744.8833333333333,0.001388204737808387,575.2268324299642,1,737.6840000000001,771.0617257463014,704.3062742536988
2019-02-08 00:00:00+05:30,745.0,767.2,741.2,757.3,136160,751.0166666666668,752.35,749.6833333333335,0.00355074232706755,575.2268324299642,1,740.804,765.1208734831446,716.4871265168554
2019-02-11 00:00:00+05:30,759.7,759.7,728.0,735.65,61046,755.2333333333332,754.2,756.2666666666664,0.002736461137837815,575.2268324299642,1,741.74,763.224952873936,720.255047126064
2019-02-12 00:00:00+05:30,730.0,736.8,706.2,713.35,94241,741.1166666666667,743.85,738.3833333333333,0.007376256549801017,575.2268324299642,1,740.992,764.9356952869697,717.0483047130302
2019-02-13 00:00:00+05:30,720.0,741.0,707.35,712.8,331010,718.7833333333333,721.5,716.0666666666666,0.007559069724302725,575.2268324299642,1,739.82,766.178603908312,713.4613960916881
2019-02-14 00:00:00+05:30,713.45,729.9,710.0,723.75,69684,720.3833333333332,724.175,716.5916666666665,0.010526802859588857,575.2268324299642,1,739.3559999999999,766.4121833227688,712.299816677231
2019-02-15 00:00:00+05:30,720.0,729.9,707.5,711.05,155216,721.2166666666667,719.95,722.4833333333333,0.003512582903889219,575.2268324299642,1,738.6339999999999,767.6394990647512,709.6285009352486
2019-02-18 00:00:00+05:30,715.0,720.45,700.0,704.8,41011,716.15,718.7,713.5999999999999,0.007121413111778449,575.2268324299642,1,737.33,769.2272099092587,705.4327900907414
2019-02-19 00:00:00+05:30,713.0,724.0,702.25,707.1,123758,708.4166666666666,710.225,706.6083333333332,0.005105281731561165,575.2268324299642,1,736.4119999999999,770.350147032437,702.4738529675628
2019-02-20 00:00:00+05:30,710.35,718.9,703.3,714.15,307846,711.1166666666667,713.125,709.1083333333333,0.00564839337192676,575.2268324299642,1,735.518,770.5593342211071,700.476665778893
2019-02-21 00:00:00+05:30,715.0,720.0,710.55,719.4,65927,712.1166666666667,711.0999999999999,713.1333333333334,0.0028553373744941565,575.2268324299642,1,733.896,768.0050946229205,699.7869053770794
2019-02-22 00:00:00+05:30,719.15,730.0,717.8,724.85,117357,716.65,715.275,718.025,0.0038372985418265544,575.2268324299642,1,732.9120000000001,766.5860526814841,699.2379473185161
2019-02-25 00:00:00+05:30,747.95,749.9,715.0,727.6,235030,724.2166666666667,723.9,724.5333333333334,0.0008745080891999716,575.2268324299642,1,732.4060000000001,766.0038727897373,698.8081272102628
2019-02-26 00:00:00+05:30,707.6,742.45,700.0,703.25,358686,730.8333333333334,732.45,729.2166666666667,0.004424173318130009,575.2268324299642,1,731.182,766.6573760233119,695.7066239766881
2019-02-27 00:00:00+05:30,712.1,721.8,699.0,708.6,133549,715.2333333333332,721.225,709.2416666666664,0.01675443911078004,575.2268324299642,1,730.914,766.961862849209,694.866137150791
2019-02-28 00:00:00+05:30,706.55,714.9,702.25,709.45,148220,709.8000000000001,710.4,709.2000000000002,0.0016906170752322034,575.2268324299642,1,729.5939999999999,766.2668599374987,692.9211400625012
2019-03-01 00:00:00+05:30,715.0,715.1,710.0,713.1,102829,708.8666666666668,708.575,709.1583333333335,0.000822909809085138,575.2268324299642,1,728.306,764.9437217631694,691.6682782368307
2019-03-05 00:00:00+05:30,708.15,721.95,704.3,710.45,117534,712.7333333333332,712.55,712.9166666666665,0.000514451407725976,575.2268324299642,1,727.02,763.8171520636506,690.2228479363494
2019-03-06 00:00:00+05:30,710.05,714.9,693.35,699.45,137633,712.2333333333332,713.125,711.3416666666665,0.002503861094210976,575.2268324299642,1,724.852,761.5041647927575,688.1998352072425
2019-03-07 00:00:00+05:30,702.0,705.55,692.1,695.6,80205,702.5666666666666,704.125,701.0083333333332,0.004436115196660039,575.2268324299642,1,722.864,760.2482482336543,685.4797517663458
2019-03-08 00:00:00+05:30,694.0,708.85,694.0,702.85,177518,697.75,698.825,696.675,0.0030813328556074395,575.2268324299642,1,721.302,758.6374146085925,683.9665853914075
2019-03-11 00:00:00+05:30,705.7,710.0,700.2,704.6,72514,701.9,701.425,702.375,0.0013534691551503712,575.2268324299642,1,719.482,755.4350903260835,683.5289096739165
2019-03-12 00:00:00+05:30,713.9,730.0,704.1,709.1,265911,704.9333333333334,705.1,704.7666666666668,0.0004728579534706698,575.2268324299642,1,717.258,748.2892575316495,686.2267424683506
2019-03-13 00:00:00+05:30,717.0,718.8,695.0,697.5,213178,714.4,717.05,711.75,0.007418812989921549,575.2268324299642,1,715.98,747.5249393721967,684.4350606278033
2019-03-14 00:00:00+05:30,701.45,704.9,693.0,696.95,183962,703.7666666666668,706.9,700.6333333333336,0.008904466442475854,575.2268324299642,1,714.0420000000001,744.0339413175539,684.0500586824464
2019-03-15 00:00:00+05:30,701.0,707.0,684.0,694.45,263606,698.2833333333334,698.95,697.6166666666668,0.0019094445903046864,575.2268324299642,1,711.8860000000001,739.3452865165069,684.4267134834932
2019-03-18 00:00:00+05:30,698.9,722.2,698.75,716.55,533274,695.15,695.5,694.8,0.0010069769114580242,575.2268324299642,1,710.2560000000001,730.6735477468682,689.838452253132
2019-03-19 00:00:00+05:30,721.0,759.85,719.5,752.5,948866,712.5,710.475,714.525,0.005684210526315726,575.2540425093847,1,710.93,735.3719966450293,686.4880033549706
2019-03-20 00:00:00+05:30,761.0,824.75,758.0,811.65,1314618,743.9499999999999,739.675,748.2249999999999,0.011492707843268977,613.3008808090093,1,714.862,761.313637473781,668.4103625262189
2019-03-22 00:00:00+05:30,816.0,853.0,806.2,846.35,1314819,798.1333333333333,791.375,804.8916666666667,0.016935349148012008,645.544845576649,1,720.2040000000001,789.5522626746736,650.8557373253266
2019-03-25 00:00:00+05:30,841.0,843.35,813.5,829.1,331608,835.1833333333334,829.6,840.7666666666668,0.0133703178942748,645.544845576649,1,724.418,805.8641337571984,642.9718662428016
2019-03-26 00:00:00+05:30,831.1,845.95,803.0,814.15,303238,828.65,828.425,828.875,0.0005430519519701267,645.544845576649,1,728.5420000000001,817.0018425501393,640.082157449861
2019-03-27 00:00:00+05:30,820.0,883.0,804.65,855.4,749384,821.0333333333333,824.475,817.5916666666666,0.00838374406236057,645.544845576649,1,734.5659999999999,835.3860008728194,633.7459991271804
2019-03-28 00:00:00+05:30,862.4,885.0,857.7,867.9,585307,847.6833333333334,843.825,851.5416666666667,0.00910324216983547,666.453944412258,1,740.998,853.7941080179421,628.201891982058
2019-03-29 00:00:00+05:30,869.05,876.4,805.0,813.15,411119,870.1999999999999,871.35,869.0499999999998,0.00264307055849251,666.453944412258,1,744.9579999999999,860.6206601111835,629.2953398888162
2019-04-01 00:00:00+05:30,819.9,836.0,811.05,814.7,232628,831.5166666666668,840.7,822.3333333333335,0.02208815217173425,666.453944412258,1,748.77,867.0638848799681,630.4761151200319
2019-04-02 00:00:00+05:30,865.0,898.8,847.0,894.1,3481225,820.5833333333334,823.525,817.6416666666668,0.007169696354219411,666.453944412258,1,755.54,886.2989170955276,624.7810829044723
2019-04-03 00:00:00+05:30,890.0,937.7,878.0,891.6,3185958,879.9666666666667,872.9,887.0333333333334,0.016061214439941025,670.3742203169826,1,762.1,902.6803286380957,621.5196713619043
2019-04-04 00:00:00+05:30,898.0,922.9,895.55,917.7,1164805,902.4333333333334,907.85,897.0166666666668,0.012004580209064296,672.4842515043032,1,770.678,921.6355651101821,619.7204348898179
2019-04-05 00:00:00+05:30,942.0,986.95,940.0,976.15,2649040,912.0499999999998,909.2249999999999,914.8749999999998,0.0061948358094401235,716.8138814441312,1,781.38,950.1060074795665,612.6539925204335
2019-04-08 00:00:00+05:30,983.8,984.0,923.1,928.9,980163,967.6999999999999,963.475,971.9249999999998,0.008732045055285543,716.8138814441312,1,790.158,965.6982191635713,614.6177808364288
2019-04-09 00:00:00+05:30,925.0,928.0,885.5,911.8,880523,945.3333333333334,953.55,937.1166666666668,0.017383638928067525,716.8138814441312,1,798.1059999999999,976.933012098269,619.2789879017307
2019-04-10 00:00:00+05:30,907.0,947.8,891.5,932.9,1183605,908.4333333333334,906.75,910.1166666666668,0.0037060140168056225,716.8138814441312,1,807.0040000000001,989.5968211513105,624.4111788486898
2019-04-11 00:00:00+05:30,937.0,949.5,909.1,917.0,594995,924.0666666666666,919.65,928.4833333333332,0.009559194863285396,716.8138814441312,1,815.706,997.7011654742353,633.7108345257648
2019-04-12 00:00:00+05:30,919.15,933.0,900.0,907.9,452116,925.1999999999999,929.3,921.0999999999999,0.008862948551664555,716.8138814441312,1,824.1979999999999,1002.7635879053804,645.6324120946193
2019-04-15 00:00:00+05:30,909.95,963.0,909.0,957.2,925207,913.6333333333333,916.5,910.7666666666667,0.006275311029223994,716.8138814441312,1,834.372,1013.1061580783987,655.6378419216012
2019-04-16 00:00:00+05:30,957.0,957.0,935.1,942.7,364896,943.0666666666666,936.0,950.1333333333332,0.014986568641311903,716.8138814441312,1,843.8960000000001,1019.29880025129,668.4931997487101
2019-04-18 00:00:00+05:30,938.05,942.6,911.3,915.25,244794,944.9333333333334,946.05,943.8166666666668,0.002363482432622888,716.8138814441312,1,852.1419999999999,1020.6696990408218,683.6143009591781
2019-04-22 00:00:00+05:30,905.0,913.7,900.0,903.6,204508,923.0500000000001,926.95,919.1500000000001,0.00845024646552186,716.8138814441312,1,860.3860000000001,1017.6346426523095,703.1373573476907
2019-04-23 00:00:00+05:30,905.0,927.0,881.15,889.95,340744,905.7666666666668,906.85,904.6833333333335,0.0023920803739003954,716.8138814441312,1,868.1059999999999,1010.7761603559538,725.4358396440459
2019-04-24 00:00:00+05:30,895.5,907.9,885.0,892.2,245042,899.3666666666668,904.075,894.6583333333335,0.010470330973647952,716.8138814441312,1,876.016,1000.0013240347159,752.030675965284
2019-04-25 00:00:00+05:30,894.0,904.0,862.4,877.45,263525,895.0333333333334,896.45,893.6166666666668,0.0031656176678707577,716.8138814441312,1,882.452,987.9901276316452,776.9138723683548
2019-04-26 00:00:00+05:30,882.0,888.0,850.1,854.85,273841,881.2833333333334,883.2,879.3666666666668,0.004349717268377469,716.8138814441312,1,886.5459999999999,978.6934293509773,794.3985706490225
2019-04-30 00:00:00+05:30,852.7,859.0,815.65,829.9,998260,864.3166666666666,869.05,859.5833333333333,0.01095277579590817,716.8138814441312,1,887.2760000000001,977.3032986154387,797.2487013845614
2019-05-02 00:00:00+05:30,834.9,850.0,815.1,820.4,540719,834.85,837.325,832.375,0.005929208839911416,716.8138814441312,1,886.238,978.6944688055595,793.7815311944406
2019-05-03 00:00:00+05:30,832.0,844.0,813.0,817.75,579926,828.5,832.55,824.45,0.009776704888352335,716.8138814441312,1,885.7840000000001,979.4616973243546,792.1063026756456
2019-05-06 00:00:00+05:30,812.9,827.15,796.15,801.8,255106,824.9166666666666,828.5,821.3333333333333,0.008687746236993728,716.8138814441312,1,885.29,980.5897166836994,789.9902833163005
2019-05-07 00:00:00+05:30,806.5,814.7,771.0,774.0,317715,808.3666666666667,811.65,805.0833333333334,0.008123376355614127,716.8138814441312,1,882.0340000000001,986.3333680517454,777.7346319482548
2019-05-08 00:00:00+05:30,770.5,794.0,753.0,779.5,359071,786.5666666666666,792.85,780.2833333333332,0.015976607195830193,716.8138814441312,1,878.498,990.2051939670561,766.790806032944
2019-05-09 00:00:00+05:30,779.05,801.65,775.1,794.35,371890,775.5,773.5,777.5,0.0051579626047711154,716.8138814441312,1,877.7460000000001,991.4382122926346,764.0537877073656
2019-05-10 00:00:00+05:30,799.3,813.7,783.0,789.2,228184,790.3666666666667,788.375,792.3583333333333,0.005039854919657562,716.8138814441312,1,876.7260000000001,993.0885923396067,760.3634076603935
2019-05-13 00:00:00+05:30,789.0,789.0,755.0,757.2,223964,795.3000000000001,798.35,792.2500000000001,0.00767006161197021,716.8138814441312,1,871.25,996.3813070338257,746.1186929661743
2019-05-14 00:00:00+05:30,762.7,812.0,748.0,801.55,461966,767.0666666666666,772.0,762.1333333333332,0.012862854163045527,716.8138814441312,1,867.648,995.38593948547,739.9100605145301
2019-05-15 00:00:00+05:30,807.0,836.8,807.0,828.3,492190,787.1833333333334,780.0,794.3666666666668,0.018250725159323477,716.8138814441312,1,864.072,991.0078895820785,737.1361104179215
2019-05-16 00:00:00+05:30,828.0,843.2,806.65,817.65,295918,824.0333333333333,821.9,826.1666666666666,0.005177784070223678,716.8138814441312,1,857.7320000000001,977.2598273206441,738.204172679356
2019-05-17 00:00:00+05:30,818.0,839.95,818.0,830.4,201383,822.5,824.925,820.075,0.005896656534954297,716.8138814441312,1,853.7919999999999,970.1275136834566,737.4564863165432
2019-05-20 00:00:00+05:30,854.0,858.95,842.55,849.55,282740,829.4499999999999,828.975,829.9249999999998,0.0011453372716858379,716.8138814441312,1,851.3020000000001,965.2038963143011,737.4001036856992
2019-05-21 00:00:00+05:30,852.35,872.0,845.0,848.2,312189,850.35,850.75,849.95,0.0009407890868465391,716.8138814441312,1,847.914,956.8357609846342,738.9922390153657
2019-05-22 00:00:00+05:30,851.8,866.0,835.0,841.3,166098,855.0666666666666,858.5,851.6333333333332,0.00803056291907078,716.8138814441312,1,844.8860000000001,950.1029853968163,739.6690146031839
2019-05-23 00:00:00+05:30,849.75,855.0,825.6,846.75,162054,847.4333333333334,850.5,844.3666666666668,0.0072375408095030624,716.8138814441312,1,842.44,944.4787965432456,740.4012034567545
2019-05-24 00:00:00+05:30,854.0,897.7,846.45,880.35,559799,842.4499999999999,840.3,844.5999999999999,0.0051041604843016855,716.8138814441312,1,839.3660000000001,931.5445646232024,747.1874353767978
2019-05-27 00:00:00+05:30,881.7,925.8,875.05,919.55,544289,874.8333333333334,872.075,877.5916666666667,0.00630596304057914,716.8138814441312,1,838.44,926.835176338949,750.044823661051
2019-05-28 00:00:00+05:30,923.0,939.9,905.85,928.75,360444,906.7999999999998,900.425,913.1749999999997,0.014060432289368962,716.8138814441312,1,838.98,929.3875218109306,748.5724781890694
2019-05-29 00:00:00+05:30,923.0,923.0,893.95,900.05,172212,924.8333333333334,922.875,926.7916666666667,0.0042349972968103175,716.8138814441312,1,838.8380000000001,928.8493738590512,748.826626140949
2019-05-30 00:00:00+05:30,907.7,919.85,881.05,885.65,201546,905.6666666666666,908.475,902.8583333333332,0.006201693043798441,716.8138814441312,1,838.666,928.3016925336882,749.0303074663119
2019-05-31 00:00:00+05:30,888.5,908.0,880.65,887.1,193962,895.5166666666668,900.45,890.5833333333335,0.011017848169585408,716.8138814441312,1,838.462,927.6314175375945,749.2925824624054
2019-06-03 00:00:00+05:30,887.0,907.75,880.4,900.75,218993,891.9166666666666,894.325,889.5083333333332,0.0054003550406429976,716.8138814441312,1,839.3939999999999,930.6369035925197,748.15109640748
2019-06-04 00:00:00+05:30,899.8,923.25,852.25,878.6,641621,896.3000000000001,894.075,898.5250000000001,0.004964855517126013,716.8138814441312,1,840.344,932.6986049528332,747.9893950471669
2019-06-06 00:00:00+05:30,879.0,892.5,840.0,843.7,308250,884.6999999999999,887.75,881.6499999999999,0.006894992652876836,716.8138814441312,1,840.8960000000001,933.1592317664728,748.6327682335274
2019-06-07 00:00:00+05:30,849.0,877.0,842.0,869.15,386023,858.7333333333332,866.25,851.2166666666665,0.017506404782237635,716.8138814441312,1,842.8459999999999,935.3544122444755,750.3375877555243
2019-06-10 00:00:00+05:30,874.55,899.0,857.0,892.25,250395,862.7166666666667,859.5,865.9333333333334,0.007457063925970358,716.8138814441312,1,845.8259999999999,939.6984458826646,751.9535541173352
2019-06-11 00:00:00+05:30,897.8,908.0,892.25,903.25,245931,882.75,878.0,887.5,0.010761823845935995,716.8138814441312,1,849.8839999999999,944.5605175531597,755.2074824468401
2019-06-12 00:00:00+05:30,891.0,905.0,885.2,891.5,129861,901.1666666666666,900.125,902.2083333333333,0.0023118180136858786,716.8138814441312,1,854.584,945.3091044419003,763.8588955580996
2019-06-13 00:00:00+05:30,887.7,924.25,883.0,921.0,593416,893.9,895.1,892.6999999999999,0.002684864078756115,716.8138814441312,1,860.2439999999999,949.1633941499472,771.3246058500526
2019-06-14 00:00:00+05:30,922.8,934.0,912.55,916.1,283907,909.4166666666666,903.625,915.2083333333333,0.012737102538257042,716.8138814441312,1,865.1139999999999,952.3851339217821,777.8428660782178
2019-06-17 00:00:00+05:30,918.4,926.9,899.9,915.3,151395,920.8833333333333,923.275,918.4916666666667,0.005194288092954196,716.8138814441312,1,870.158,953.796477652296,786.5195223477041
2019-06-18 00:00:00+05:30,916.8,924.25,905.7,915.45,205473,914.0333333333333,913.4,914.6666666666666,0.0013857992049888606,716.8138814441312,1,876.4879999999998,948.0548654056718,804.9211345943279
2019-06-19 00:00:00+05:30,923.4,948.0,919.55,930.35,489097,915.1333333333333,914.975,915.2916666666666,0.00034603336490122316,716.8138814441312,1,881.64,949.3253721271702,813.9546278728297
2019-06-20 00:00:00+05:30,930.1,994.9,925.1,984.05,586137,932.6333333333333,933.775,931.4916666666667,0.0024482647700060436,716.8138814441312,1,887.87,963.0290473595392,812.7109526404608
2019-06-21 00:00:00+05:30,976.1,976.1,951.05,959.15,336776,968.0166666666668,960.0,976.0333333333335,0.016563075704619613,716.8138814441312,1,893.53,967.9930002081128,819.0669997918872
2019-06-24 00:00:00+05:30,959.7,975.45,951.65,960.45,252657,962.1,963.575,960.625,0.0030662093337491376,716.8138814441312,1,898.7320000000001,972.9974529643049,824.4665470356953
2019-06-25 00:00:00+05:30,957.9,1004.35,956.0,982.2,409062,962.5166666666668,963.55,961.4833333333336,0.002147148967117153,727.9809337761769,1,904.0379999999999,982.3350562920044,825.7409437079954
2019-06-26 00:00:00+05:30,969.9,973.0,942.9,960.05,532628,980.85,980.175,981.5250000000001,0.0013763572411685135,727.9809337761769,1,908.5120000000002,986.3160887357042,830.7079112642962
2019-06-27 00:00:00+05:30,954.0,1007.0,950.5,1000.0,1113691,958.65,957.95,959.3499999999999,0.001460387002555535,727.9809337761769,1,914.86,995.5365393407108,834.1834606592893
2019-06-28 00:00:00+05:30,989.0,1014.8,978.3,1002.3,414691,985.8333333333334,978.75,992.9166666666667,0.014370245139475985,737.8763442253996,1,921.082,1003.7556711655724,838.4083288344276
2019-07-01 00:00:00+05:30,1002.0,1119.6,992.8,1096.25,1746500,998.4666666666666,996.55,1000.3833333333332,0.0038392201375441587,772.3692904563834,1,929.7180000000001,1035.4562196937,823.9797803063003
2019-07-02 00:00:00+05:30,1091.0,1091.0,951.1,960.35,5528262,1069.55,1056.1999999999998,1082.9,0.024963769809733322,772.3692904563834,1,931.35,1037.667949566351,825.0320504336493
2019-07-03 00:00:00+05:30,964.9,981.0,945.0,949.55,2035102,1000.8166666666666,1021.05,980.5833333333333,0.040433645855884395,772.3692904563834,1,932.182,1038.7308353009694,825.6331646990307
2019-07-04 00:00:00+05:30,954.4,972.05,942.05,946.4,1111155,958.5166666666668,963.0,954.0333333333335,0.009354732138199442,772.3692904563834,1,934.0360000000001,1039.8946548941233,828.1773451058768
2019-07-05 00:00:00+05:30,954.0,962.0,921.0,925.05,612881,953.5,957.05,949.95,0.007446250655479716,772.3692904563834,1,935.612,1039.7006479112542,831.5233520887456
2019-07-08 00:00:00+05:30,923.7,923.95,883.0,889.45,634308,936.0166666666668,941.5,930.5333333333335,0.011716315592670858,772.3692904563834,1,935.706,1039.6233414594171,831.788658540583
2019-07-09 00:00:00+05:30,873.0,917.5,868.75,899.3,735921,898.8000000000001,903.475,894.1250000000001,0.010402759234534834,772.3692904563834,1,935.648,1039.6449056462407,831.6510943537594
2019-07-10 00:00:00+05:30,901.75,921.0,900.0,908.7,470064,895.1833333333334,893.125,897.2416666666668,0.004598685557893304,772.3692904563834,1,936.852,1038.8570645016857,834.8469354983142
2019-07-11 00:00:00+05:30,914.35,938.0,913.0,931.0,428131,909.9,910.5,909.3,0.0013188262446423185,772.3692904563834,1,940.3439999999999,1035.071868423147,845.6161315768529
2019-07-12 00:00:00+05:30,934.9,950.0,934.9,942.5,290807,927.3333333333334,925.5,929.1666666666667,0.003953989935298428,772.3692904563834,1,943.278,1033.4373348688478,853.1186651311523
2019-07-15 00:00:00+05:30,943.1,954.0,940.0,948.3,166470,942.4666666666667,942.45,942.4833333333333,3.5368182782736454e-05,772.3692904563834,1,945.52,1033.2469491091135,857.7930508908864
2019-07-16 00:00:00+05:30,950.0,979.8,945.0,975.6,459717,947.4333333333334,947.0,947.8666666666668,0.0009147521373536797,772.3692904563834,1,948.414,1035.1400353987947,861.6879646012053
2019-07-17 00:00:00+05:30,979.8,991.9,979.8,989.9,222531,966.8000000000001,962.4,971.2000000000002,0.009102192800993154,772.3692904563834,1,952.35,1037.300211300461,867.3997886995392
2019-07-18 00:00:00+05:30,989.9,997.0,970.0,977.25,152367,987.1999999999999,985.8499999999999,988.55,0.002735008103727761,772.3692904563834,1,954.6,1039.0880962029146,870.1119037970855
2019-07-19 00:00:00+05:30,982.0,985.4,945.25,950.75,273752,981.4166666666666,983.5,979.3333333333333,0.004245563386261434,772.3692904563834,1,955.9860000000001,1039.0267491295265,872.9452508704737
2019-07-22 00:00:00+05:30,950.0,968.9,897.25,946.65,496392,960.4666666666667,965.325,955.6083333333333,0.010116609981259142,772.3692904563834,1,957.24,1038.7173931835875,875.7626068164125
2019-07-23 00:00:00+05:30,945.1,976.95,940.9,953.8,282829,937.6,933.075,942.125,0.009652303754266163,772.3692904563834,1,958.7740000000001,1038.471062028615,879.0769379713851
2019-07-24 00:00:00+05:30,956.5,958.7,925.0,927.15,157227,957.2166666666666,958.925,955.5083333333332,0.0035693764908676993,772.3692904563834,1,958.646,1038.5353030135632,878.7566969864369
2019-07-25 00:00:00+05:30,930.0,947.9,928.95,944.25,239565,936.9499999999999,941.85,932.0499999999998,0.010459469555472738,772.3692904563834,1,957.054,1036.439539841919,877.668460158081
2019-07-26 00:00:00+05:30,944.0,953.9,933.55,949.3,138038,940.3666666666667,938.425,942.3083333333334,0.004129594838892743,772.3692904563834,1,956.66,1036.0977743897254,877.2222256102746
2019-07-29 00:00:00+05:30,949.0,955.0,935.0,937.5,108949,945.5833333333334,943.7249999999999,947.4416666666668,0.003930554331541649,772.3692904563834,1,955.7420000000001,1035.5130959182143,875.9709040817859
2019-07-30 00:00:00+05:30,939.3,960.0,933.2,942.95,268034,942.5,945.0,940.0,0.005305039787798408,772.3692904563834,1,954.172,1033.341095384455,875.002904615545
2019-07-31 00:00:00+05:30,941.9,959.9,928.55,952.95,218583,945.3833333333333,946.6,944.1666666666666,0.00257391181707603,772.3692904563834,1,953.888,1033.0216453349203,874.7543546650797
2019-08-01 00:00:00+05:30,951.5,957.0,934.2,941.6,201655,947.1333333333332,944.2249999999999,950.0416666666665,0.00614133877665933,772.3692904563834,1,951.552,1028.5211807413393,874.5828192586607
2019-08-02 00:00:00+05:30,926.0,944.0,923.55,936.55,128882,944.2666666666668,945.6,942.9333333333335,0.002824060999717433,772.3692904563834,1,948.922,1023.2223315200746,874.6216684799255
2019-08-05 00:00:00+05:30,921.95,930.0,905.9,912.55,137564,934.6999999999999,933.775,935.6249999999999,0.0019792446774365134,772.3692904563834,1,941.574,986.7774080130363,896.3705919869636
2019-08-06 00:00:00+05:30,907.0,934.95,905.05,928.0,91275,916.15,917.95,914.3499999999999,0.003929487529334865,772.3692904563834,1,940.28,985.1099542715922,895.4500457284078
2019-08-07 00:00:00+05:30,929.0,944.0,912.65,918.7,101752,922.6666666666666,920.0,925.3333333333333,0.005780346820809167,772.3692904563834,1,939.046,984.4816240849959,893.6103759150042
2019-08-08 00:00:00+05:30,938.7,938.7,901.3,908.65,493564,925.1166666666668,928.325,921.9083333333335,0.006936062118291222,772.3692904563834,1,937.536,984.3809486710473,890.6910513289525
2019-08-09 00:00:00+05:30,906.0,923.8,894.0,903.7,274842,916.2166666666667,920.0,912.4333333333334,0.008258599676204615,772.3692904563834,1,936.682,985.1564046275256,888.2075953724744
2019-08-13 00:00:00+05:30,906.0,919.5,876.95,902.9,477509,907.1666666666666,908.9,905.4333333333333,0.003821422009921033,772.3692904563834,1,937.22,983.8490467412006,890.5909532587995
2019-08-14 00:00:00+05:30,911.25,913.5,898.25,901.8,74715,899.7833333333333,898.225,901.3416666666666,0.003463796839979877,772.3692904563834,1,937.32,983.63297874239,891.0070212576101
2019-08-16 00:00:00+05:30,899.1,921.9,893.4,916.35,143195,904.5166666666668,905.875,903.1583333333335,0.003003445670800025,772.3692904563834,1,937.6259999999999,983.2748696025767,891.977130397423
2019-08-19 00:00:00+05:30,923.0,924.75,900.0,905.8,86195,910.5500000000001,907.65,913.4500000000002,0.00636977650870373,772.3692904563834,1,936.618,983.8916026128015,889.3443973871986
2019-08-20 00:00:00+05:30,910.4,920.0,900.8,903.95,107096,910.1833333333334,912.375,907.9916666666668,0.00481587958469892,772.3692904563834,1,935.0759999999999,983.9687243666486,886.1832756333512
2019-08-21 00:00:00+05:30,902.0,909.0,885.0,898.1,131982,908.25,910.4,906.1,0.004734379300853239,772.3692904563834,1,933.068,983.715273411242,882.4207265887579
2019-08-22 00:00:00+05:30,904.0,904.0,878.05,889.5,511856,897.3666666666667,897.0,897.7333333333333,0.0008172058987407769,772.3692904563834,1,929.6240000000001,979.9427211283548,879.3052788716454
2019-08-23 00:00:00+05:30,880.0,899.0,873.05,891.65,92238,890.5166666666668,891.025,890.0083333333336,0.0011416593363400543,772.3692904563834,1,925.694,971.7331860917759,879.654813908224
2019-08-26 00:00:00+05:30,901.0,916.4,893.8,899.7,465743,887.9,886.025,889.775,0.0042234485865525395,772.3692904563834,1,922.592,964.5913302802937,880.5926697197062
2019-08-27 00:00:00+05:30,903.45,910.6,880.2,893.05,166333,903.2999999999998,905.0999999999999,901.4999999999998,0.0039853869146464485,772.3692904563834,1,920.284,962.1816535857705,878.3863464142295
2019-08-28 00:00:00+05:30,893.5,904.0,888.1,891.9,184157,894.6166666666668,895.4000000000001,893.8333333333335,0.0017512156044487649,772.3692904563834,1,918.0939999999999,959.9736687665178,876.2143312334821
2019-08-29 00:00:00+05:30,887.95,907.85,887.9,900.2,424431,894.6666666666666,896.05,893.2833333333333,0.003092399403874797,772.3692904563834,1,915.95,955.7339666196481,876.166033380352
2019-08-30 00:00:00+05:30,901.55,905.7,899.1,900.65,151283,898.65,897.875,899.425,0.001724809436376737,772.3692904563834,1,914.89,954.8356330528542,874.9443669471458
2019-09-03 00:00:00+05:30,896.0,904.35,893.05,900.05,162397,901.8166666666667,902.4000000000001,901.2333333333333,0.001293684969228863,772.3692904563834,1,913.1220000000001,951.5988094310495,874.6451905689506
2019-09-04 00:00:00+05:30,905.0,905.0,882.0,892.65,256913,899.15,898.7,899.5999999999999,0.0010009453372628188,772.3692904563834,1,910.8559999999999,947.1543010069798,874.5576989930199
2019-09-05 00:00:00+05:30,892.5,896.0,876.65,882.3,117847,893.2166666666667,893.5,892.9333333333334,0.0006344112104192033,772.3692904563834,1,908.6479999999999,944.9102721846458,872.385727815354
2019-09-06 00:00:00+05:30,884.0,891.5,880.15,885.75,65134,884.9833333333332,886.325,883.6416666666664,0.0030320721670844515,772.3692904563834,1,906.36,940.851204675879,871.868795324121
2019-09-09 00:00:00+05:30,888.85,904.0,875.3,895.0,94684,885.8000000000001,885.825,885.7750000000001,5.6446150372493254e-05,772.3692904563834,1,904.0419999999999,933.0505874180973,875.0334125819026
2019-09-11 00:00:00+05:30,895.0,994.7,883.45,954.9,971235,891.4333333333334,889.65,893.2166666666668,0.004001047002954231,772.3692904563834,1,904.574,936.6444738972374,872.5035261027625
2019-09-12 00:00:00+05:30,946.0,966.0,930.6,941.05,331043,944.35,939.075,949.625,0.011171705405834653,772.3692904563834,1,904.7539999999999,937.5819017909062,871.9260982090937
2019-09-13 00:00:00+05:30,947.95,970.05,937.0,958.1,300495,945.8833333333332,948.3,943.4666666666665,0.005109862033725251,772.3692904563834,1,906.576,945.4346579283609,867.7173420716391
2019-09-16 00:00:00+05:30,948.0,972.0,938.25,953.25,198734,955.0500000000001,953.525,956.5750000000002,0.0031935500759124463,772.3692904563834,1,907.586,949.7882607924429,865.3837392075571
2019-09-17 00:00:00+05:30,955.0,970.0,921.55,940.7,311426,954.5,955.125,953.875,0.0013095861707700367,772.3692904563834,1,908.4659999999999,952.4388981987012,864.4931018012986
2019-09-18 00:00:00+05:30,945.0,949.85,920.0,928.1,170352,944.0833333333334,945.775,942.3916666666668,0.0035837231882777424,772.3692904563834,1,909.2440000000001,953.8855530195059,864.6024469804944
2019-09-19 00:00:00+05:30,934.4,934.4,900.0,906.65,88715,932.65,934.925,930.375,0.004878571811504803,772.3692904563834,1,909.362,953.9598858691007,864.7641141308992
2019-09-20 00:00:00+05:30,911.65,971.7,888.0,961.25,792400,913.6833333333334,917.2,910.1666666666667,0.007697780047791871,772.3692904563834,1,911.6959999999999,960.5966987270458,862.795301272954
2019-09-23 00:00:00+05:30,975.0,1034.6,965.0,1015.3,557297,940.3166666666666,929.85,950.7833333333332,0.022262003934844468,772.3692904563834,1,916.2360000000001,979.5650550694803,852.9069449305199
2019-09-24 00:00:00+05:30,1015.0,1030.9,988.0,1009.85,277599,1004.9666666666666,999.8,1010.1333333333332,0.010282264751732984,772.3692904563834,1,919.9760000000001,993.166092881436,846.7859071185642
2019-09-25 00:00:00+05:30,1016.4,1026.9,995.0,1012.5,223058,1009.5833333333334,1009.45,1009.7166666666667,0.0002641353693767906,772.3692904563834,1,924.2439999999999,1005.6164981550471,842.8715018449527
2019-09-26 00:00:00+05:30,1013.0,1114.0,1007.6,1093.5,904566,1011.4666666666667,1010.95,1011.9833333333333,0.0010216187714210088,789.5287921445697,1,931.826,1036.273384342515,827.3786156574849
2019-09-27 00:00:00+05:30,1094.0,1100.0,1050.0,1062.1,294644,1071.7,1060.8,1082.6000000000001,0.02034151348325108,800.579640458787,1,938.386,1053.5838351185168,823.1881648814831
2019-09-30 00:00:00+05:30,1062.1,1062.45,1023.05,1038.7,154733,1070.7,1075.0,1066.4,0.00803212851405614,800.579640458787,1,944.3539999999999,1064.169534618817,824.538465381183
2019-10-01 00:00:00+05:30,1033.0,1038.0,950.0,983.25,228011,1041.3999999999999,1042.75,1040.0499999999997,0.002592663721913072,800.579640458787,1,948.018,1066.7601269137153,829.2758730862847
2019-10-03 00:00:00+05:30,980.0,1054.0,962.05,1006.55,426253,990.4166666666666,994.0,986.8333333333333,0.007236011779554136,800.579640458787,1,952.2919999999999,1071.4609680411509,833.1230319588491
2019-10-04 00:00:00+05:30,1011.15,1029.0,978.05,1001.6,158239,1007.5333333333333,1008.025,1007.0416666666666,0.0009759809435585409,800.579640458787,1,956.6340000000001,1074.7580761910663,838.509923808934
2019-10-07 00:00:00+05:30,1007.85,1013.95,985.45,993.25,73992,1002.8833333333333,1003.525,1002.2416666666667,0.0012796436940155581,800.579640458787,1,960.688,1076.582763574515,844.7932364254849
2019-10-09 00:00:00+05:30,999.45,1020.0,979.0,995.25,127845,997.5500000000001,999.7,995.4000000000001,0.004310560874141601,800.579640458787,1,964.49,1078.41757699518,850.5624230048198
2019-10-10 00:00:00+05:30,998.85,998.85,972.0,978.55,95037,998.0833333333334,999.5,996.6666666666667,0.002838774317441687,800.579640458787,1,967.6060000000001,1078.6023830761737,856.6096169238266
2019-10-11 00:00:00+05:30,981.8,995.0,975.0,991.15,102401,983.1333333333332,985.425,980.8416666666665,0.0046619651454534675,800.579640458787,1,971.25,1079.0719050100333,863.4280949899668
2019-10-14 00:00:00+05:30,991.0,1032.0,976.9,996.2,166391,987.0500000000001,985.0,989.1000000000001,0.004153791601236145,800.579640458787,1,975.3919999999999,1078.6783269943924,872.1056730056074
2019-10-15 00:00:00+05:30,996.0,1004.4,975.95,987.2,94817,1001.7000000000002,1004.45,998.9500000000003,0.0054906658680241305,800.579640458787,1,979.5880000000001,1075.6784210834387,883.4975789165616
2019-10-16 00:00:00+05:30,990.8,1010.0,980.05,990.2,144830,989.1833333333334,990.175,988.1916666666668,0.002005020976899922,800.579640458787,1,983.7660000000001,1071.9287663812365,895.6032336187636
2019-10-17 00:00:00+05:30,995.0,1014.0,985.2,991.3,452792,993.4166666666666,995.025,991.8083333333333,0.003237983390655177,800.579640458787,1,987.618,1068.0026944635138,907.2333055364865
2019-10-18 00:00:00+05:30,999.85,999.95,967.1,974.95,273475,996.8333333333334,999.6,994.0666666666667,0.005550911218859692,800.579640458787,1,988.42,1067.8777120233929,908.9622879766072
2019-10-22 00:00:00+05:30,974.95,987.0,960.0,966.95,197339,980.6666666666666,983.5250000000001,977.8083333333332,0.005829367777022696,800.579640458787,1,989.456,1067.0701859197943,911.8418140802056
2019-10-23 00:00:00+05:30,967.0,969.0,942.0,949.7,282639,971.3166666666666,973.5,969.1333333333332,0.004495615916539531,800.579640458787,1,989.12,1067.344579257369,910.8954207426309
2019-10-24 00:00:00+05:30,951.0,992.95,941.0,985.9,553023,953.5666666666666,955.5,951.6333333333332,0.004054951585276459,800.579640458787,1,990.4259999999999,1067.2898803079338,913.562119692066
2019-10-25 00:00:00+05:30,985.0,988.1,965.0,975.35,94507,973.2833333333333,966.975,979.5916666666666,0.01296299467438385,800.579640458787,1,991.8120000000001,1066.2506312608743,917.373368739126
2019-10-27 00:00:00+05:30,982.8,988.7,979.8,983.8,20944,976.15,976.55,975.75,0.0008195461763048246,800.579640458787,1,994.04,1063.911665215539,924.168334784461
2019-10-29 00:00:00+05:30,987.0,1010.0,974.1,1001.0,252534,984.1,984.25,983.95,0.0003048470683873128,800.579640458787,1,997.8140000000001,1057.9048147389626,937.7231852610377
2019-10-30 00:00:00+05:30,1003.0,1012.2,989.0,993.55,181808,995.0333333333333,992.05,998.0166666666667,0.005996449030183274,800.579640458787,1,999.1060000000001,1057.3574365144098,940.8545634855905
2019-10-31 00:00:00+05:30,1007.95,1025.0,990.25,997.3,336474,998.25,1000.6,995.9,0.004708239418983266,800.579640458787,1,998.386,1056.2627554031176,940.5092445968824
2019-11-01 00:00:00+05:30,999.9,1018.9,990.9,1000.0,222001,1004.1833333333334,1007.625,1000.7416666666668,0.006854658013974751,800.579640458787,1,997.992,1055.6850406894307,940.2989593105692
2019-11-04 00:00:00+05:30,1004.95,1006.0,978.0,985.7,123475,1003.2666666666668,1004.9,1001.6333333333336,0.0032560303010164366,800.579640458787,1,996.92,1054.490721725477,939.3492782745228
2019-11-05 00:00:00+05:30,978.0,984.3,948.2,955.15,674484,989.9,992.0,987.8,0.0042428528134155425,800.579640458787,1,991.3860000000001,1035.8676053666277,946.9043946333725
2019-11-06 00:00:00+05:30,970.0,997.0,966.0,985.8,444216,962.5500000000001,966.25,958.8500000000001,0.0076879123162431695,800.579640458787,1,988.3340000000001,1022.1906356271918,954.4773643728083
2019-11-07 00:00:00+05:30,1025.0,1025.0,985.8,989.8,404576,982.9333333333334,981.5,984.3666666666668,0.0029164405860012082,800.579640458787,1,986.378,1013.3118906211572,959.4441093788429
2019-11-08 00:00:00+05:30,990.0,1000.0,956.0,961.25,335133,1000.1999999999999,1005.4,994.9999999999999,0.010397920415916908,800.579640458787,1,985.498,1014.1650190984774,956.8309809015227
2019-11-11 00:00:00+05:30,958.0,973.5,945.0,947.0,142602,972.4166666666666,978.0,966.8333333333333,0.011483417602193926,800.579640458787,1,983.1160000000001,1014.1857244273666,952.0462755726336
2019-11-13 00:00:00+05:30,947.0,950.0,926.75,933.8,854833,955.1666666666666,959.25,951.0833333333333,0.008549991275519187,800.579640458787,1,980.404,1016.0462998134594,944.7617001865406
2019-11-14 00:00:00+05:30,935.1,941.35,912.0,919.7,200113,936.85,938.375,935.325,0.0032555905427762762,800.579640458787,1,977.462,1019.8759720374379,935.0480279625621
2019-11-15 00:00:00+05:30,920.0,930.0,901.0,906.6,130233,924.35,926.675,922.0250000000001,0.005030562016552024,800.579640458787,1,973.9159999999999,1023.9304996575254,923.9015003424745
2019-11-18 00:00:00+05:30,907.0,907.05,885.0,890.2,457987,912.5333333333333,915.5,909.5666666666666,0.00650204558737587,800.579640458787,1,970.382,1030.126428225506,910.6375717744937
2019-11-19 00:00:00+05:30,890.8,897.5,876.0,882.55,176417,894.0833333333334,896.025,892.1416666666668,0.004343368440674671,800.579640458787,1,966.0379999999999,1034.2964751074378,897.779524892562
2019-11-20 00:00:00+05:30,887.0,887.9,851.0,861.0,474504,885.35,886.75,883.95,0.003162591065680188,800.579640458787,1,960.63,1039.1280967921693,882.1319032078306
2019-11-21 00:00:00+05:30,866.35,874.8,844.5,859.5,286024,866.6333333333333,869.45,863.8166666666666,0.006500250009615877,800.579640458787,1,955.5219999999999,1042.590906413213,868.4530935867868
2019-11-22 00:00:00+05:30,864.05,895.4,860.5,892.35,391420,859.6,859.65,859.5500000000001,0.00011633317822232322,800.579640458787,1,951.6080000000001,1040.859436649462,862.3565633505382
2019-11-25 00:00:00+05:30,897.9,912.7,892.95,898.1,245454,882.75,877.95,887.55,0.010875106202208903,800.579640458787,1,947.88,1037.9702392048825,857.7897607951176
2019-11-26 00:00:00+05:30,898.0,916.8,870.3,898.75,412715,901.25,902.825,899.675,0.0034951456310680622,800.579640458787,1,944.832,1036.1996392602598,853.4643607397402
2019-11-27 00:00:00+05:30,900.0,910.0,879.95,904.6,146431,895.2833333333333,893.55,897.0166666666667,0.0038721447586425495,800.579640458787,1,942.3380000000001,1034.554433589643,850.1215664103572
2019-11-28 00:00:00+05:30,910.1,914.4,892.55,899.75,100657,898.1833333333334,894.975,901.3916666666668,0.007144050026906246,800.579640458787,1,940.34,1033.9852283888135,846.6947716111866
2019-11-29 00:00:00+05:30,898.0,911.1,885.0,908.8,430723,902.2333333333332,903.4749999999999,900.9916666666666,0.0027524291572764053,800.579640458787,1,937.2560000000001,1029.7678038738468,844.7441961261535
2019-12-02 00:00:00+05:30,909.0,918.1,889.7,894.35,88816,901.6333333333332,898.05,905.2166666666665,0.00794853783873694,800.579640458787,1,934.016,1026.6378493444884,841.3941506555116
2019-12-03 00:00:00+05:30,893.95,910.0,888.0,899.45,167336,900.7166666666667,903.9000000000001,897.5333333333333,0.007068445497104292,800.579640458787,1,930.6419999999999,1021.8992700884326,839.3847299115673
2019-12-04 00:00:00+05:30,901.5,910.0,893.0,899.4,111372,899.15,899.0,899.3,0.000333648445754273,800.579640458787,1,926.578,1013.9047156372732,839.2512843627268
2019-12-05 00:00:00+05:30,899.45,913.0,892.4,896.8,72318,900.8000000000001,901.5,900.1000000000001,0.0015541740674954079,800.579640458787,1,922.7080000000001,1006.3159215385315,839.1000784614687
2019-12-06 00:00:00+05:30,900.0,901.5,883.0,886.45,81103,900.7333333333332,902.7,898.7666666666664,0.004366812227074556,800.579640458787,1,918.2740000000001,997.2154421960563,839.3325578039439
2019-12-09 00:00:00+05:30,888.0,893.1,875.1,885.35,145466,890.3166666666666,892.25,888.3833333333332,0.004343024017671751,800.579640458787,1,913.688,986.1614559959254,841.2145440040746
2019-12-10 00:00:00+05:30,881.0,889.9,870.0,883.4,144083,884.5166666666668,884.1,884.9333333333335,0.0009421341222138096,800.579640458787,1,909.596,976.6965628589909,842.4954371410091
2019-12-11 00:00:00+05:30,883.4,913.85,881.9,902.15,249408,881.1,879.95,882.25,0.002610373396890199,800.579640458787,1,907.4759999999999,971.9845428140599,842.9674571859399
2019-12-12 00:00:00+05:30,902.0,944.8,894.4,930.8,560017,899.3000000000001,897.875,900.7250000000001,0.0031691315467587415,800.579640458787,1,905.276,962.2627501792603,848.2892498207397
2019-12-13 00:00:00+05:30,935.45,953.5,914.5,919.0,267255,923.3333333333334,919.5999999999999,927.0666666666668,0.008086642599278257,800.579640458787,1,902.444,948.2965403439489,856.591459656051
2019-12-16 00:00:00+05:30,923.75,945.0,913.1,932.6,225001,929.0,934.0,924.0,0.010764262648008612,800.579640458787,1,901.298,942.4003160417205,860.1956839582795
2019-12-17 00:00:00+05:30,931.5,949.4,918.2,922.45,363202,930.2333333333332,929.05,931.4166666666665,0.002544164546529431,800.579640458787,1,900.316,938.0378845763768,862.5941154236233
2019-12-18 00:00:00+05:30,923.45,934.9,912.65,924.35,239156,930.0166666666668,933.8,926.2333333333336,0.008136054909409916,800.579640458787,1,899.938,936.4811501651608,863.3948498348392
2019-12-19 00:00:00+05:30,920.7,940.0,914.0,934.55,191825,923.9666666666667,923.775,924.1583333333334,0.00041487788159757507,800.579640458787,1,900.5319999999999,938.7835764903027,862.2804235096971
2019-12-20 00:00:00+05:30,939.75,953.7,931.15,948.65,313487,929.5166666666668,927.0,932.0333333333335,0.00541500062756651,800.579640458787,1,902.214,944.833596619319,859.5944033806811
2019-12-23 00:00:00+05:30,945.7,950.4,933.7,947.65,99467,944.5,942.425,946.575,0.004393859184753934,800.579640458787,1,904.512,950.3652640495029,858.658735950497
2019-12-24 00:00:00+05:30,945.0,952.35,935.1,939.3,81950,943.9166666666666,942.05,945.7833333333333,0.003955151408139859,800.579640458787,1,906.7820000000002,953.6687817619575,859.8952182380428
2019-12-26 00:00:00+05:30,940.0,953.75,936.0,949.7,111207,942.25,943.725,940.775,0.003130803926771075,800.579640458787,1,910.33,956.2361128826367,864.4238871173634
2019-12-27 00:00:00+05:30,950.0,960.9,945.55,957.6,169428,946.4833333333332,944.875,948.0916666666665,0.003398545492964979,800.579640458787,1,914.2540000000001,958.8623213760991,869.6456786239012
2019-12-30 00:00:00+05:30,962.45,979.0,932.45,958.0,323333,954.6833333333333,953.2249999999999,956.1416666666667,0.003055114261273451,800.579640458787,1,916.88,963.696099794764,870.063900205236
2019-12-31 00:00:00+05:30,964.8,995.0,960.05,988.3,447137,956.4833333333332,955.725,957.2416666666664,0.0015856697276479023,800.579640458787,1,920.488,974.3338635736606,866.6421364263396
2020-01-01 00:00:00+05:30,991.0,1004.0,980.0,990.2,249292,981.1166666666667,977.525,984.7083333333334,0.007321589345473757,800.579640458787,1,924.1460000000001,983.7094849214956,864.5825150785046
2020-01-02 00:00:00+05:30,988.95,988.95,955.0,968.45,298307,991.4,992.0,990.8,0.0012104095218882847,800.579640458787,1,926.7,988.138137992563,865.2618620074371
2020-01-03 00:00:00+05:30,964.0,979.0,955.7,965.05,138815,970.8000000000001,971.975,969.6250000000001,0.0024206839719817766,800.579640458787,1,929.312,991.4928798907926,867.1311201092075
2020-01-06 00:00:00+05:30,958.05,964.0,918.05,925.45,146101,966.5833333333334,967.35,965.8166666666667,0.001586343650314651,800.579640458787,1,929.9780000000001,991.6201549265855,868.3358450734146
2020-01-07 00:00:00+05:30,929.9,977.3,929.9,970.7,210833,935.8333333333334,941.025,930.6416666666668,0.011095280498664163,800.579640458787,1,933.0319999999999,994.8759641678404,871.1880358321595
2020-01-08 00:00:00+05:30,955.0,963.0,943.55,952.15,86540,959.2999999999998,953.5999999999999,964.9999999999998,0.01188366517252149,800.579640458787,1,935.14,995.843713230684,874.436286769316
2020-01-09 00:00:00+05:30,958.05,975.5,957.0,962.1,144322,952.9,953.275,952.525,0.0007870710462797775,800.579640458787,1,937.6479999999999,997.4116978774998,877.8843021225
2020-01-10 00:00:00+05:30,979.9,996.0,964.1,973.5,366135,964.8666666666667,966.25,963.4833333333333,0.0028674082774821927,800.579640458787,1,940.7159999999999,999.6459429491753,881.7860570508245
2020-01-13 00:00:00+05:30,976.0,993.9,965.55,982.1,167704,977.8666666666667,980.05,975.6833333333334,0.00446550313607843,800.579640458787,1,944.5419999999999,1001.2609469577231,887.8230530422767
2020-01-14 00:00:00+05:30,982.0,985.7,972.4,976.1,111812,980.5166666666665,979.7249999999999,981.3083333333332,0.0016147949210449503,800.579640458787,1,948.172,1000.7370612478762,895.6069387521238
2020-01-15 00:00:00+05:30,975.0,985.7,973.0,979.75,113324,978.0666666666666,979.05,977.0833333333333,0.002010769545361629,800.579640458787,1,952.026,998.8443051379793,905.2076948620206
2020-01-16 00:00:00+05:30,975.3,997.05,975.3,989.35,118915,979.4833333333332,979.35,979.6166666666664,0.0002722523779541161,800.579640458787,1,955.5140000000001,999.8779900819676,911.1500099180327
2020-01-17 00:00:00+05:30,985.25,995.25,979.05,987.9,181096,987.2333333333332,986.175,988.2916666666665,0.0021440388965795597,800.579640458787,1,957.798,1002.7133468648844,912.8826531351156
2020-01-20 00:00:00+05:30,988.0,995.0,975.15,981.9,103488,987.4,987.15,987.65,0.0005063803929511849,800.579640458787,1,960.3140000000001,1003.257763412082,917.3702365879182
2020-01-21 00:00:00+05:30,979.0,982.0,950.0,953.5,108496,984.0166666666668,985.075,982.9583333333335,0.0021510475771073256,800.579640458787,1,961.15,1002.6940681685467,919.6059318314533
2020-01-22 00:00:00+05:30,959.7,965.0,950.55,960.25,68248,961.8333333333334,966.0,957.6666666666667,0.008664009703690788,800.579640458787,1,962.6619999999999,1001.0971951210455,924.2268048789543
2020-01-23 00:00:00+05:30,962.0,1025.0,962.0,1020.3,562451,958.6,957.775,959.4250000000001,0.001721260171082924,800.579640458787,1,966.5,1007.912993130089,925.087006869911
2020-01-24 00:00:00+05:30,1026.65,1058.8,1014.05,1053.0,560053,1002.4333333333334,993.5,1011.3666666666668,0.01782329664483103,828.6404550579057,1,971.238,1022.804200402907,919.6717995970931
2020-01-27 00:00:00+05:30,1049.85,1080.0,1043.0,1059.95,306722,1041.95,1036.425,1047.4750000000001,0.010605115408609032,851.6668368555895,1,975.69,1036.9870472371445,914.3929527628557
2020-01-28 00:00:00+05:30,1063.65,1076.0,1053.0,1059.15,179620,1060.9833333333333,1061.5,1060.4666666666667,0.0009739392701738667,856.620163381366,1,980.15,1048.46145145576,911.8385485442399
2020-01-29 00:00:00+05:30,1070.0,1111.95,1070.0,1089.05,516906,1062.7166666666667,1064.5,1060.9333333333334,0.0033561783479446757,876.6263568461112,1,986.14,1064.5836868077515,907.6963131922486
2020-01-30 00:00:00+05:30,1094.5,1094.85,1042.5,1087.95,212466,1090.3333333333333,1090.975,1089.6916666666666,0.0011770100886578751,876.6263568461112,1,991.67,1078.1400688099213,905.1999311900786
2020-01-31 00:00:00+05:30,1084.0,1084.95,1056.85,1080.3,178002,1075.1000000000001,1068.675,1081.5250000000003,0.011952376523114466,876.6263568461112,1,996.578,1088.511893989064,904.6441060109358
2020-02-01 00:00:00+05:30,1083.7,1089.85,978.0,989.9,347842,1074.0333333333335,1070.9,1077.166666666667,0.005834704074982351,876.6263568461112,1,997.8539999999999,1088.4870046726492,907.2209953273507
2020-02-03 00:00:00+05:30,990.0,1088.0,990.0,1071.2,1085778,1019.25,1033.925,1004.575,0.028795683100318773,876.6263568461112,1,1001.17,1096.1252273442196,906.2147726557804
2020-02-04 00:00:00+05:30,1067.95,1134.0,1042.05,1099.0,552401,1049.7333333333333,1039.0,1060.4666666666667,0.020449638003302455,876.6263568461112,1,1005.5219999999999,1107.7609087578323,903.2830912421675
2020-02-05 00:00:00+05:30,1102.0,1189.25,1092.3,1151.4,1071661,1091.6833333333334,1088.025,1095.3416666666667,0.006702187752858679,876.6263568461112,1,1012.84,1128.7000500603738,896.9799499396263
2020-02-06 00:00:00+05:30,1140.0,1175.9,1140.0,1168.65,449147,1144.3166666666668,1140.775,1147.8583333333336,0.006190011506139167,876.6263568461112,1,1020.9839999999999,1150.1238922718778,891.844107728122
2020-02-07 00:00:00+05:30,1168.0,1182.7,1153.4,1168.8,137409,1161.5166666666667,1157.95,1165.0833333333333,0.006141395589100354,881.0743704831614,1,1030.7179999999998,1166.1202182388165,895.3157817611833
2020-02-10 00:00:00+05:30,1168.8,1170.0,1145.0,1155.85,88132,1168.3000000000002,1168.0500000000002,1168.5500000000002,0.0004279722673970726,881.0743704831614,1,1038.124,1179.6983709009228,896.5496290990774
2020-02-11 00:00:00+05:30,1150.25,1172.8,1143.15,1150.55,168585,1156.95,1157.5,1156.4,0.0009507757465749678,881.0743704831614,1,1046.06,1189.695212952785,902.424787047215
2020-02-12 00:00:00+05:30,1154.25,1162.0,1095.95,1145.0,164781,1155.5,1157.975,1153.025,0.004283859800951811,881.0743704831614,1,1053.376,1197.7898279251394,908.9621720748605
2020-02-13 00:00:00+05:30,1149.45,1151.75,1122.45,1129.65,51301,1134.3166666666666,1128.975,1139.6583333333333,0.009418298828957282,881.0743704831614,1,1059.622,1203.1814346045976,916.0625653954025
2020-02-14 00:00:00+05:30,1136.7,1160.0,1121.0,1139.75,129532,1134.6166666666666,1137.1,1132.1333333333332,0.004377396183733153,881.0743704831614,1,1065.928,1209.1620129438245,922.6939870561758
2020-02-17 00:00:00+05:30,1147.15,1151.85,1126.05,1132.6,255879,1140.25,1140.5,1140.0,0.0004385003288752467,881.0743704831614,1,1072.188,1212.827275538491,931.5487244615093
2020-02-18 00:00:00+05:30,1126.0,1137.95,1096.5,1113.0,79664,1136.8333333333333,1138.9499999999998,1134.7166666666667,0.003723794165078248,881.0743704831614,1,1077.518,1213.7718216124285,941.2641783875715
2020-02-19 00:00:00+05:30,1120.0,1134.2,1071.3,1081.8,115503,1115.8166666666666,1117.225,1114.4083333333333,0.0025243095490596777,881.0743704831614,1,1081.216,1212.6297031515032,949.8022968484966
2020-02-20 00:00:00+05:30,1076.0,1122.0,1075.0,1112.2,309423,1095.7666666666667,1102.75,1088.7833333333333,0.012746022571715417,881.0743704831614,1,1086.188,1212.40614221415,959.9698577858503
2020-02-24 00:00:00+05:30,1115.0,1131.05,1095.0,1103.1,111267,1103.0666666666666,1098.5,1107.6333333333332,0.008279946814940058,881.0743704831614,1,1091.0359999999998,1209.9587127843595,972.1132872156403
2020-02-25 00:00:00+05:30,1108.95,1118.6,1092.0,1099.95,293649,1109.7166666666667,1113.025,1106.4083333333333,0.005962482916059764,881.0743704831614,1,1096.894,1201.7342415868602,992.0537584131399
2020-02-26 00:00:00+05:30,1094.0,1099.45,1052.3,1082.1,89304,1103.5166666666667,1105.3,1101.7333333333333,0.003232091344338499,881.0743704831614,1,1101.768,1190.8972180151443,1012.6387819848558
2020-02-27 00:00:00+05:30,1075.0,1078.65,1034.0,1039.75,133174,1077.95,1075.875,1080.025,0.003849900273667694,881.0743704831614,1,1102.546,1189.1200604106743,1015.9719395893258
2020-02-28 00:00:00+05:30,1018.7,1026.9,985.0,1003.05,241238,1050.8,1056.325,1045.2749999999999,0.010515797487628648,881.0743704831614,1,1100.548,1193.6621427710695,1007.4338572289304
2020-03-02 00:00:00+05:30,1029.5,1044.0,1004.95,1013.95,92761,1004.9833333333332,1005.95,1004.0166666666664,0.0019237466624656677,881.0743704831614,1,1098.708,1196.6511658871163,1000.7648341128838
2020-03-03 00:00:00+05:30,1015.0,1034.95,980.5,1000.05,172285,1020.9666666666666,1024.475,1017.4583333333333,0.006872571745731156,881.0743704831614,1,1096.344,1200.6391593123633,992.0488406876369
2020-03-04 00:00:00+05:30,1015.1,1023.95,950.0,984.1,252766,1005.1666666666666,1007.725,1002.6083333333332,0.005090366440059812,881.0743704831614,1,1092.146,1205.3461304592504,978.9458695407496
2020-03-05 00:00:00+05:30,990.5,998.95,950.0,954.05,1141134,986.0166666666668,986.975,985.0583333333335,0.0019438481432022935,881.0743704831614,1,1086.79,1212.2809813492245,961.2990186507755
2020-03-06 00:00:00+05:30,921.0,946.0,902.35,915.4,271254,967.6666666666666,974.475,960.8583333333332,0.014071650017223688,881.0743704831614,1,1080.194,1222.5567179285065,937.8312820714933
2020-03-09 00:00:00+05:30,900.0,922.0,895.5,916.1,295914,921.25,924.175,918.325,0.006350067842605057,881.0743704831614,1,1077.242,1229.67591926993,924.8080807300698
2020-03-11 00:00:00+05:30,907.0,915.35,900.0,909.55,392935,911.1999999999999,908.75,913.6499999999999,0.005377524143985803,881.0743704831614,1,1070.776,1236.7950329329494,904.7569670670507
2020-03-12 00:00:00+05:30,880.0,883.2,775.0,814.35,423272,908.2999999999998,907.675,908.9249999999997,0.00137619729164348,1149.196980827253,-1,1059.39,1252.8764005556773,865.9035994443229
2020-03-13 00:00:00+05:30,715.0,835.0,715.0,822.75,517675,824.1833333333334,829.1,819.2666666666668,0.011931002406422427,1115.8931015941628,-1,1046.244,1256.840633059487,835.6473669405128
2020-03-16 00:00:00+05:30,810.0,810.0,760.0,767.2,303127,790.9166666666666,775.0,806.8333333333333,0.040248656622062916,1115.8931015941628,-1,1030.1860000000001,1261.2285857195868,799.1434142804135
2020-03-17 00:00:00+05:30,758.95,798.0,750.1,756.9,216381,779.0666666666666,785.0,773.1333333333332,0.015231901420503322,1115.8931015941628,-1,1013.71,1261.0362331415593,766.3837668584408
2020-03-18 00:00:00+05:30,760.0,779.95,699.9,707.75,358295,768.3333333333334,774.05,762.6166666666668,0.01488069414316681,1093.0074311320134,-1,995.786,1263.4246093522256,728.1473906477743
2020-03-19 00:00:00+05:30,669.9,705.4,640.1,654.95,399292,729.1999999999999,739.925,718.4749999999999,0.029415798134942467,1030.6511338867329,-1,975.962,1267.1891048923737,684.7348951076262
2020-03-20 00:00:00+05:30,659.0,725.0,611.15,699.95,710879,666.8166666666667,672.75,660.8833333333334,0.01779599590092213,1030.6511338867329,-1,958.16,1260.0920890531413,656.2279109468586
2020-03-23 00:00:00+05:30,616.3,670.0,560.0,560.0,458881,678.7,668.075,689.325,0.03130985707971121,1014.630564990013,-1,935.3739999999999,1266.6530209113678,604.094979088632
2020-03-24 00:00:00+05:30,581.3,609.95,505.0,571.1,485138,596.6666666666666,615.0,578.3333333333333,0.061452513966480576,970.5063423904126,-1,912.6279999999999,1262.2341030130838,563.0218969869161
2020-03-25 00:00:00+05:30,550.55,652.0,550.55,645.05,373584,562.0166666666668,557.475,566.5583333333335,0.016162035526823316,970.5063423904126,-1,893.1260000000001,1245.8536060871838,540.3983939128163
2020-03-26 00:00:00+05:30,645.0,724.0,628.9,696.0,218339,615.8666666666667,601.275,630.4583333333334,0.04738579779172991,970.5063423904126,-1,876.446,1225.4246926676124,527.4673073323877
2020-03-27 00:00:00+05:30,720.0,747.75,660.35,690.45,321435,682.9666666666667,676.45,689.4833333333333,0.01908341061057148,970.5063423904126,-1,860.7919999999999,1206.6153892379116,514.9686107620882
2020-03-30 00:00:00+05:30,680.0,697.0,575.2,591.05,405172,699.5166666666668,704.05,694.9833333333336,0.012961330442447943,970.5063423904126,-1,839.946,1185.4664131972474,494.42558680275266
2020-03-31 00:00:00+05:30,610.0,619.4,594.95,603.25,342078,621.0833333333334,636.1,606.0666666666667,0.04835636656379976,970.5063423904126,-1,819.9520000000001,1160.0539123498088,479.85008765019137
2020-04-01 00:00:00+05:30,604.0,648.0,594.0,596.4,412778,605.8666666666667,607.175,604.5583333333334,0.004318882042253346,970.5063423904126,-1,799.81,1130.715981813562,468.904018186438
2020-04-03 00:00:00+05:30,603.9,617.75,577.05,608.05,198652,612.8000000000001,621.0,604.6000000000001,0.02676240208877262,970.5063423904126,-1,780.8479999999998,1098.958074634548,462.7379253654517
2020-04-07 00:00:00+05:30,637.0,729.3,637.0,701.35,911748,600.9499999999999,597.4,604.4999999999999,0.011814626840835195,970.5063423904126,-1,767.312,1068.5552177228196,466.06878227718045
2020-04-08 00:00:00+05:30,684.0,724.9,674.9,687.15,643468,689.2166666666667,683.15,695.2833333333334,0.0176045268783403,970.5063423904126,-1,754.6759999999999,1041.4605339204998,467.8914660795001
2020-04-09 00:00:00+05:30,687.2,699.95,652.25,671.8,351053,695.65,699.9,691.4,0.012218788183713074,970.5063423904126,-1,740.99,1009.0187492042571,472.96125079574284
2020-04-13 00:00:00+05:30,678.0,684.65,651.7,661.25,280224,674.6666666666666,676.1,673.2333333333332,0.00424901185770769,970.5063423904126,-1,727.438,975.1963601495595,479.6796398504404
2020-04-15 00:00:00+05:30,672.15,678.0,643.9,655.3,325354,665.8666666666667,668.175,663.5583333333334,0.006933319983980618,970.5063423904126,-1,714.2860000000001,940.0842861228117,488.4877138771884
2020-04-16 00:00:00+05:30,655.0,693.0,648.0,683.55,627805,659.0666666666667,660.95,657.1833333333334,0.00571515274125023,970.5063423904126,-1,703.466,907.1074608472434,499.8245391527567
2020-04-17 00:00:00+05:30,702.0,719.0,679.9,683.75,325474,674.85,670.5,679.2,0.012891753723049633,970.5063423904126,-1,694.2,878.5964251280363,509.80357487196375
2020-04-20 00:00:00+05:30,689.0,692.1,668.0,679.5,266865,694.2166666666667,699.45,688.9833333333333,0.01507694523803812,970.5063423904126,-1,684.7360000000001,845.3598127302416,524.1121872697586
2020-04-21 00:00:00+05:30,662.0,697.0,651.75,686.1,285651,679.8666666666667,680.05,679.6833333333334,0.000539321435575447,970.5063423904126,-1,675.798,807.6848529611646,543.9111470388355
2020-04-22 00:00:00+05:30,680.9,680.9,655.0,667.55,331599,678.2833333333333,674.375,682.1916666666666,0.011524190972307452,970.5063423904126,-1,669.926,789.0714577229026,550.7805422770975
2020-04-23 00:00:00+05:30,676.0,708.0,666.0,676.9,723388,667.8166666666667,667.95,667.6833333333334,0.00039931118820033163,970.5063423904126,-1,664.092,765.7308299027496,562.4531700972503
2020-04-24 00:00:00+05:30,668.9,672.95,646.0,667.3,268058,683.6333333333333,687.0,680.2666666666667,0.009849334438539201,970.5063423904126,-1,660.0959999999999,752.6553038867521,567.5366961132477
2020-04-27 00:00:00+05:30,667.3,680.0,653.25,660.15,357192,662.0833333333334,659.475,664.6916666666667,0.007879169288860965,970.5063423904126,-1,656.2259999999999,739.9395311404328,572.512468859567
2020-04-28 00:00:00+05:30,666.0,675.45,660.0,663.0,174679,664.4666666666667,666.625,662.3083333333334,0.00649643824621241,970.5063423904126,-1,654.436,735.5391763619666,573.3328236380335
2020-04-29 00:00:00+05:30,664.15,669.75,661.5,662.45,245434,666.15,667.725,664.5749999999999,0.0047286647151543815,970.5063423904126,-1,654.736,735.9000241486352,573.5719758513648
2020-04-30 00:00:00+05:30,668.0,699.5,668.0,677.6,675173,664.5666666666667,665.625,663.5083333333334,0.003185032853488329,970.5063423904126,-1,653.842,733.4721132989289,574.2118867010711
2020-05-04 00:00:00+05:30,650.0,660.0,616.0,618.15,683268,681.6999999999999,683.75,679.6499999999999,0.006014375825143225,970.5063423904126,-1,656.168,727.681142176807,584.654857823193
2020-05-05 00:00:00+05:30,633.0,633.9,600.0,611.9,505550,631.3833333333333,638.0,624.7666666666667,0.020959269329250612,966.865652525813,-1,657.8,723.0623199097319,592.537680090268
2020-05-06 00:00:00+05:30,621.0,636.3,596.2,603.85,756292,615.2666666666668,616.95,613.5833333333335,0.0054718821107377184,963.3970264247803,-1,656.1519999999999,724.6209213001067,587.6830786998931
2020-05-07 00:00:00+05:30,605.0,619.5,596.0,601.25,599423,612.1166666666667,616.25,607.9833333333333,0.013505050780080026,947.5911453677891,-1,652.362,722.0667733229245,582.6572266770754
2020-05-08 00:00:00+05:30,613.0,621.3,607.0,617.7,521458,605.5833333333334,607.75,603.4166666666667,0.007155635062611681,946.0114995530774,-1,649.452,718.6257261104269,580.2782738895731
2020-05-11 00:00:00+05:30,628.9,635.65,612.45,620.9,1385649,615.3333333333334,614.15,616.5166666666668,0.003846153846154043,946.0114995530774,-1,650.646,716.7066504357952,584.5853495642048
2020-05-12 00:00:00+05:30,620.0,625.0,610.0,621.2,515902,623.0,624.05,621.95,0.0033707865168537865,933.7797179881161,-1,651.364,715.7166006933699,587.0113993066302
2020-05-13 00:00:00+05:30,650.0,667.6,622.0,660.05,1713892,618.7333333333333,617.5,619.9666666666667,0.003986639370757511,933.7797179881161,-1,653.91,714.2758313949229,593.5441686050771
2020-05-14 00:00:00+05:30,660.0,660.0,635.15,651.1,661701,649.8833333333333,644.8,654.9666666666667,0.015643833508578578,933.7797179881161,-1,655.632,713.0509298402558,598.2130701597441
2020-05-15 00:00:00+05:30,656.9,657.0,620.2,624.05,489119,648.75,647.575,649.925,0.0036223506743736558,933.7797179881161,-1,652.54,708.0724913901788,597.0075086098211
2020-05-18 00:00:00+05:30,620.0,623.95,585.0,598.4,586856,633.75,638.6,628.9,0.015305719921104608,911.8518157829765,-1,648.99,706.5293222066472,591.4506777933528
2020-05-19 00:00:00+05:30,605.0,607.4,575.0,584.6,552751,602.4499999999999,604.475,600.4249999999998,0.006722549589177828,895.3537431516575,-1,645.502,707.4877498462382,583.5162501537617
2020-05-20 00:00:00+05:30,581.0,601.95,577.05,596.65,556895,589.0,591.2,586.8,0.00747028862478793,888.459593425591,-1,642.918,707.3981357318708,578.4378642681293
2020-05-21 00:00:00+05:30,602.0,609.75,592.5,601.1,865432,591.8833333333333,589.5,594.2666666666667,0.00805338889983947,888.459593425591,-1,640.75,707.038430363077,574.461569636923
2020-05-22 00:00:00+05:30,601.1,610.5,585.85,602.55,327979,601.1166666666667,601.125,601.1083333333333,2.772617628300359e-05,885.2349613010247,-1,637.51,703.0275518468187,571.9924481531813
2020-05-26 00:00:00+05:30,603.0,608.0,599.65,602.35,285056,599.6333333333333,598.175,601.0916666666667,0.004864083606648634,881.7405628489838,-1,634.254,698.3308096584142,570.1771903415859
2020-05-27 00:00:00+05:30,602.45,645.4,601.0,637.5,1257194,603.3333333333334,603.825,602.8416666666667,0.0016298342541436715,881.7405628489838,-1,632.5740000000001,693.9635894757464,571.1844105242537
2020-05-28 00:00:00+05:30,643.9,667.0,636.05,653.8,819526,627.9666666666667,623.2,632.7333333333333,0.01518127289134238,881.7405628489838,-1,631.2819999999999,689.3826566572245,573.1813433427753
2020-05-29 00:00:00+05:30,653.0,694.5,648.0,688.4,1010111,652.2833333333333,651.525,653.0416666666666,0.0023251654444642945,881.7405628489838,-1,632.116,692.8155862918412,571.4164137081588
2020-06-01 00:00:00+05:30,692.0,725.0,692.0,715.65,576857,676.9666666666667,671.25,682.6833333333334,0.016889063961790428,881.7405628489838,-1,633.6659999999999,700.527060236887,566.8049397631129
2020-06-02 00:00:00+05:30,715.65,774.85,714.05,766.6,1500289,710.8833333333333,708.5,713.2666666666667,0.006705272782688183,881.7405628489838,-1,637.6379999999999,721.6244669098573,553.6515330901425
2020-06-03 00:00:00+05:30,778.0,869.65,762.45,832.25,2808422,751.8333333333334,744.45,759.2166666666667,0.019640877854134316,881.7405628489838,-1,644.5219999999999,757.8484985076325,531.1955014923674
2020-06-04 00:00:00+05:30,832.0,832.0,784.0,790.25,950747,821.4499999999999,816.05,826.8499999999999,0.01314748310913623,881.7405628489838,-1,649.612,776.4287852612592,522.7952147387407
2020-06-05 00:00:00+05:30,787.0,809.95,770.0,807.0,942354,802.0833333333334,808.0,796.1666666666667,0.014753246753246659,881.7405628489838,-1,655.3940000000001,796.4108708204813,514.377129179519
2020-06-08 00:00:00+05:30,810.0,829.25,807.0,815.3,484983,795.65,789.975,801.3249999999999,0.014265066297995236,881.7405628489838,-1,660.9019999999999,815.0989428490725,506.70505715092736
2020-06-09 00:00:00+05:30,810.25,849.5,810.25,834.15,1024257,817.1833333333334,818.125,816.2416666666668,0.0023046643959942223,881.7405628489838,-1,669.5419999999999,836.8382657802019,502.24573421979795
2020-06-10 00:00:00+05:30,837.0,847.7,820.0,827.65,281081,831.3000000000001,829.875,832.7250000000001,0.0034283652111152846,881.7405628489838,-1,678.172,854.6889092863339,501.6550907136662
2020-06-11 00:00:00+05:30,818.0,829.7,811.95,818.1,559612,831.7833333333333,833.85,829.7166666666666,0.00496924279159249,881.7405628489838,-1,686.742,868.7129134559686,504.7710865440313
2020-06-12 00:00:00+05:30,782.35,843.9,782.35,835.85,349798,819.9166666666666,820.825,819.0083333333332,0.002215672324423417,881.7405628489838,-1,696.1260000000001,883.6068408771401,508.64515912286004
2020-06-15 00:00:00+05:30,832.5,835.45,811.0,819.25,223892,820.6999999999999,813.125,828.2749999999999,0.018459851346411434,881.7405628489838,-1,704.188,894.7936227502205,513.5823772497795
2020-06-16 00:00:00+05:30,822.3,858.9,800.0,818.2,1077193,821.9,823.225,820.5749999999999,0.0032242365251248218,881.7405628489838,-1,712.08,904.5670489149835,519.5929510850166
2020-06-17 00:00:00+05:30,813.0,842.0,796.0,806.3,422807,825.7000000000002,829.45,821.9500000000003,0.00908320213152449,881.7405628489838,-1,719.484,911.6581516853895,527.3098483146106
2020-06-18 00:00:00+05:30,809.65,829.9,807.0,824.6,347574,814.7666666666668,819.0,810.5333333333335,0.010391523135457761,881.7405628489838,-1,726.0659999999999,920.9001073220984,531.2318926779014
2020-06-19 00:00:00+05:30,827.0,905.0,827.0,893.8,1663431,820.5,818.45,822.55,0.004996953077391723,567.4413583572982,1,735.7739999999999,938.7166404085616,532.8313595914382
2020-06-22 00:00:00+05:30,903.0,917.85,885.15,912.9,885802,875.2666666666668,866.0,884.5333333333335,0.02117449920024396,605.7277040230063,1,747.328,956.3121009837796,538.3438990162203
2020-06-23 00:00:00+05:30,915.0,922.1,898.1,901.8,312311,905.3000000000001,901.5,909.1000000000001,0.008395007179940501,619.438595862086,1,759.4639999999999,967.6810800294692,551.2469199705307
2020-06-24 00:00:00+05:30,907.7,923.4,885.1,890.05,444465,907.3333333333334,910.1,904.5666666666667,0.006098457016899305,619.438595862086,1,771.682,973.1597404677702,570.2042595322298
2020-06-25 00:00:00+05:30,880.0,902.0,865.6,881.85,423780,899.5166666666668,904.25,894.7833333333335,0.010524170387800636,619.438595862086,1,783.09,975.7369205567481,590.4430794432519
2020-06-26 00:00:00+05:30,882.5,891.0,857.0,868.25,234046,883.15,883.8,882.5,0.001472003623393483,619.438595862086,1,793.7760000000001,974.1011843087865,613.4508156912136
2020-06-29 00:00:00+05:30,863.0,864.0,831.2,843.1,286326,872.0833333333334,874.0,870.1666666666667,0.004395604395604309,619.438595862086,1,803.398,966.7544090692425,640.0415909307576
2020-06-30 00:00:00+05:30,845.0,878.85,845.0,867.1,654850,846.1,847.6,844.6,0.0035456801796477956,619.438595862086,1,813.988,956.8821826107609,671.0938173892392
2020-07-01 00:00:00+05:30,867.1,869.7,852.15,856.45,201022,863.65,861.925,865.375,0.003994673768308974,619.438595862086,1,822.7459999999999,946.9101588220904,698.5818411779094
2020-07-02 00:00:00+05:30,864.2,876.35,845.6,866.7,291524,859.4333333333334,860.925,857.9416666666668,0.003471279525268341,619.438595862086,1,831.262,935.5161213765534,727.0078786234465
2020-07-03 00:00:00+05:30,866.6,897.7,866.6,894.2,608015,862.8833333333333,860.975,864.7916666666666,0.004423154926312873,619.438595862086,1,839.4939999999999,928.7471291103959,750.2408708896039
2020-07-06 00:00:00+05:30,900.0,908.95,880.0,891.95,317433,886.1666666666666,882.1500000000001,890.1833333333332,0.009065262365995572,624.6264235261069,1,846.546,922.3977339023762,770.6942660976239
2020-07-07 00:00:00+05:30,895.0,896.45,874.9,881.55,272692,893.6333333333333,894.475,892.7916666666666,0.0018836957738073714,624.6264235261069,1,851.1439999999999,920.7309661358848,781.5570338641149
2020-07-08 00:00:00+05:30,881.55,899.0,870.1,876.25,253504,884.2999999999998,885.675,882.9249999999997,0.0031098043650347484,624.6264235261069,1,852.904,922.7158037010703,783.0921962989297
2020-07-09 00:00:00+05:30,884.0,888.95,872.0,881.45,170921,881.7833333333333,884.55,879.0166666666667,0.0062751620768518,624.6264235261069,1,856.552,922.2996416611023,790.8043583388977
2020-07-10 00:00:00+05:30,880.0,906.85,874.05,892.2,423014,880.8000000000001,880.475,881.1250000000001,0.0007379654859219924,634.718795627002,1,859.96,923.8877342003974,796.0322657996027
2020-07-13 00:00:00+05:30,900.15,907.95,885.4,894.2,577851,891.0333333333334,890.45,891.6166666666668,0.001309341214320537,644.8590438019219,1,863.1159999999999,925.6889316557614,800.5430683442383
2020-07-14 00:00:00+05:30,890.5,903.65,882.25,894.8,424182,895.85,896.675,895.0250000000001,0.0018418261985821997,645.214682049845,1,865.5420000000001,928.1375696834574,802.9464303165429
2020-07-15 00:00:00+05:30,891.05,897.0,851.45,854.9,304727,893.5666666666666,892.95,894.1833333333332,0.0013802365053901457,645.214682049845,1,866.632,927.4747867869029,805.789213213097
2020-07-16 00:00:00+05:30,848.1,904.5,841.3,889.35,1123660,867.7833333333333,874.225,861.3416666666666,0.014846255785814555,645.214682049845,1,869.4820000000001,927.5773965817989,811.3866034182013
2020-07-17 00:00:00+05:30,888.45,898.0,878.3,881.95,357331,878.3833333333333,872.9,883.8666666666667,0.012485057776597192,645.214682049845,1,871.3259999999999,927.9419703263703,814.7100296736295
2020-07-20 00:00:00+05:30,885.0,893.5,872.8,877.85,197359,886.0833333333334,888.15,884.0166666666668,0.004664723032069834,645.214682049845,1,873.67,926.1704304743914,821.1695695256085
2020-07-21 00:00:00+05:30,879.35,921.8,879.35,898.15,891556,881.3833333333333,883.15,879.6166666666667,0.0040088497248642885,649.1358256299484,1,876.8679999999999,925.0236051150471,828.7123948849528
2020-07-22 00:00:00+05:30,900.0,908.9,875.55,886.05,462826,899.7666666666668,900.575,898.9583333333335,0.0017967621235133854,649.1358256299484,1,880.058,918.7228748090084,841.3931251909916
2020-07-23 00:00:00+05:30,889.9,903.65,887.0,895.35,191002,890.1666666666666,892.2249999999999,888.1083333333333,0.004624602134431635,649.7061769005605,1,882.888,914.641075819458,851.134924180542
2020-07-24 00:00:00+05:30,888.4,903.2,888.25,895.9,172031,895.3333333333334,895.325,895.3416666666667,1.8615040953073164e-05,655.7449298245381,1,882.9720000000001,914.8509595814583,851.0930404185419
2020-07-27 00:00:00+05:30,896.0,902.0,870.0,871.5,187145,895.7833333333333,895.725,895.8416666666666,0.00013023982733908188,655.7449298245381,1,881.316,911.0320928790492,851.5999071209509
2020-07-28 00:00:00+05:30,869.0,883.1,868.1,879.8,212956,881.1666666666666,886.0,876.3333333333333,0.010970304520522122,655.7449298245381,1,880.436,908.9523324429404,851.9196675570597
2020-07-29 00:00:00+05:30,881.9,899.0,876.05,883.15,171879,877.0,875.6,878.4,0.003192702394526744,656.4904566332425,1,880.16,908.4312999346739,851.888700065326
2020-07-30 00:00:00+05:30,883.0,894.4,860.25,870.35,230712,886.0666666666666,887.525,884.6083333333332,0.0032917011511550028,656.4904566332425,1,879.7,908.2194810611327,851.1805189388674
2020-07-31 00:00:00+05:30,872.85,939.0,856.4,926.6,599329,875.0,877.325,872.675,0.005314285714285818,656.4904566332425,1,882.034,915.53820534793,848.52979465207
2020-08-03 00:00:00+05:30,927.0,956.7,913.0,921.75,984727,907.3333333333334,897.7,916.9666666666667,0.021234386480529006,687.1942030398684,1,885.18,918.2372715146939,852.122728485306
2020-08-04 00:00:00+05:30,927.9,939.25,905.1,931.35,469325,930.4833333333332,934.85,926.1166666666664,0.009385803077254019,687.1942030398684,1,887.75,924.5620741061429,850.9379258938571
2020-08-05 00:00:00+05:30,935.35,944.0,892.0,903.0,908132,925.2333333333332,922.175,928.2916666666665,0.00661094498685005,687.1942030398684,1,889.6120000000001,924.5651146537203,854.6588853462798
2020-08-06 00:00:00+05:30,905.0,911.2,881.45,889.25,453735,913.0,918.0,908.0,0.01095290251916758,687.1942030398684,1,890.5140000000001,924.1962388803967,856.8317611196036
2020-08-07 00:00:00+05:30,892.0,900.0,882.3,887.75,214760,893.9666666666667,896.325,891.6083333333333,0.005276110220366192,687.1942030398684,1,890.2560000000001,923.9201568436832,856.5918431563169
2020-08-10 00:00:00+05:30,890.0,909.5,885.75,890.6,261662,890.0166666666668,891.15,888.8833333333336,0.0025467687871010922,687.1942030398684,1,890.202,923.8594447039003,856.5445552960997
2020-08-11 00:00:00+05:30,894.95,903.55,888.85,893.15,122617,895.2833333333333,897.625,892.9416666666666,0.005231118640281543,687.1942030398684,1,890.666,924.1529493384527,857.1790506615474
2020-08-12 00:00:00+05:30,890.0,891.95,876.2,878.2,165945,895.1833333333334,896.2,894.1666666666667,0.00227141553871643,687.1942030398684,1,890.7439999999999,924.1051189260205,857.3828810739793
2020-08-13 00:00:00+05:30,880.1,890.95,866.7,872.75,227437,882.1166666666668,884.075,880.1583333333335,0.0044400778430666935,687.1942030398684,1,890.396,924.3145013819316,856.4774986180684
2020-08-14 00:00:00+05:30,875.0,877.15,848.0,861.7,277659,876.8000000000001,878.825,874.7750000000001,0.004619069343065641,687.1942030398684,1,889.1759999999999,924.8935600509906,853.4584399490093
2020-08-17 00:00:00+05:30,869.5,892.0,867.0,872.55,476395,862.2833333333334,862.575,861.9916666666668,0.0006764984440534907,687.1942030398684,1,888.31,924.5444256197906,852.0755743802093
2020-08-18 00:00:00+05:30,872.55,906.0,872.5,891.9,1529975,877.1833333333334,879.5,874.8666666666668,0.00528205810263899,687.1942030398684,1,888.194,924.3630842570853,852.0249157429146
2020-08-19 00:00:00+05:30,897.0,913.6,888.0,889.7,1361370,890.1333333333333,889.25,891.0166666666667,0.0019847213900539076,687.1942030398684,1,889.586,923.1040013723389,856.0679986276612
2020-08-20 00:00:00+05:30,887.0,891.0,850.3,863.25,1122777,897.1,900.8,893.4000000000001,0.008248801694348305,687.1942030398684,1,888.5419999999999,923.6142303823998,853.4697696176
2020-08-21 00:00:00+05:30,868.3,876.9,855.0,858.7,687001,868.1833333333334,870.65,865.7166666666668,0.0056823635560843515,687.1942030398684,1,887.6120000000001,924.5191297176597,850.7048702823405
2020-08-24 00:00:00+05:30,863.0,877.65,855.05,862.0,634158,863.5333333333334,865.95,861.1166666666668,0.005597158959314356,687.1942030398684,1,886.9780000000001,925.0599755789556,848.8960244210446
2020-08-25 00:00:00+05:30,868.0,873.5,854.1,855.25,450116,864.9,866.3499999999999,863.45,0.0033529887848304588,687.1942030398684,1,885.2620000000002,925.0056111091609,845.5183888908394
2020-08-26 00:00:00+05:30,857.0,863.0,843.5,849.7,356351,860.9499999999999,863.8,858.0999999999999,0.0066205935304025154,687.1942030398684,1,883.8079999999999,925.9190881359793,841.6969118640204
2020-08-27 00:00:00+05:30,888.95,934.65,875.0,910.15,6276125,852.0666666666666,853.25,850.8833333333332,0.0027775604412801675,687.1942030398684,1,884.4,927.5468562006112,841.2531437993888
2020-08-28 00:00:00+05:30,913.0,919.9,894.4,902.9,966869,906.6,904.825,908.375,0.003915729097727724,687.1942030398684,1,884.68,928.2108809926494,841.1491190073505
2020-08-31 00:00:00+05:30,905.0,964.45,900.05,913.25,3874888,905.7333333333332,907.15,904.3166666666665,0.003128220226704128,694.4867640705841,1,886.35,930.9211476181192,841.7788523818808
2020-09-01 00:00:00+05:30,911.15,934.3,875.0,927.85,1441819,925.9166666666666,932.25,919.5833333333333,0.013680136801368096,694.4867640705841,1,888.2719999999999,935.6059884649089,840.9380115350909
2020-09-02 00:00:00+05:30,926.0,945.95,913.5,922.25,473284,912.3833333333333,904.65,920.1166666666667,0.01695193906070186,694.4867640705841,1,889.836,938.9404317347844,840.7315682652156
2020-09-03 00:00:00+05:30,926.75,948.45,915.0,944.75,613517,927.2333333333332,929.725,924.7416666666664,0.005374411331200607,694.4867640705841,1,892.812,945.7039069801424,839.9200930198576
2020-09-04 00:00:00+05:30,919.9,938.9,907.9,919.25,369363,936.0666666666666,931.725,940.4083333333332,0.009276404814471726,694.4867640705841,1,892.518,944.7327709369298,840.3032290630703
2020-09-07 00:00:00+05:30,925.0,929.95,895.0,900.55,367298,922.0166666666668,923.4,920.6333333333336,0.0030006688237737104,694.4867640705841,1,891.67,942.6318131545186,840.7081868454814
2020-09-08 00:00:00+05:30,905.0,906.4,870.0,875.75,681928,908.5,912.475,904.525,0.008750687947165707,694.4867640705841,1,889.4459999999999,938.0870601857741,840.8049398142257
2020-09-09 00:00:00+05:30,872.0,886.0,858.55,868.4,353765,884.0500000000001,888.2,879.9000000000001,0.009388609241558684,694.4867640705841,1,888.062,937.049412913892,839.0745870861081
2020-09-10 00:00:00+05:30,878.95,884.65,864.05,876.15,246130,870.9833333333332,872.275,869.6916666666665,0.0029659962877209498,694.4867640705841,1,887.5379999999999,936.7431402192509,838.3328597807489
2020-09-11 00:00:00+05:30,876.0,906.65,874.85,877.3,872020,874.9499999999999,874.3499999999999,875.55,0.0013715069432539524,694.4867640705841,1,887.12,936.4881111649632,837.7518888350368
2020-09-14 00:00:00+05:30,880.3,919.9,880.0,905.7,846758,886.2666666666668,890.75,881.7833333333335,0.01011734617120483,694.4867640705841,1,887.7239999999999,937.6143607523152,837.8336392476847
2020-09-15 00:00:00+05:30,906.0,910.4,892.5,896.1,251407,901.8666666666668,899.95,903.7833333333335,0.004250443524541859,694.4867640705841,1,887.842,937.7970492342481,837.8869507657519
2020-09-16 00:00:00+05:30,894.0,912.65,894.0,903.5,326787,899.6666666666666,901.45,897.8833333333332,0.0039644312708412375,694.4867640705841,1,888.854,939.0113836637851,838.696616336215
2020-09-17 00:00:00+05:30,895.0,907.8,888.25,903.35,177359,903.3833333333333,903.325,903.4416666666666,0.0001291441433129833,694.4867640705841,1,890.078,940.0969730401985,840.0590269598015
2020-09-18 00:00:00+05:30,903.35,928.0,894.0,915.5,834198,899.8000000000001,898.025,901.5750000000002,0.003945321182485199,694.4867640705841,1,892.23,941.8074948943173,842.6525051056827
2020-09-21 00:00:00+05:30,920.0,924.0,851.5,859.6,453189,912.5,911.0,914.0,0.0032876712328767125,694.4867640705841,1,891.7120000000001,942.3602084973998,841.0637915026005
2020-09-22 00:00:00+05:30,860.0,863.9,819.75,843.9,668347,878.3666666666667,887.75,868.9833333333333,0.021365413077302553,694.4867640705841,1,889.7919999999999,943.7942938771688,835.789706122831
2020-09-23 00:00:00+05:30,848.15,879.8,844.7,864.45,644905,842.5166666666668,841.825,843.2083333333335,0.0016419061937450565,694.4867640705841,1,888.7819999999999,943.6902935811715,833.8737064188283
2020-09-24 00:00:00+05:30,855.0,856.8,835.05,849.75,316171,862.9833333333332,862.25,863.7166666666665,0.0016995306977730003,694.4867640705841,1,888.242,944.3954731249647,832.0885268750352
2020-09-25 00:00:00+05:30,853.9,869.0,850.0,854.45,257886,847.1999999999999,845.925,848.4749999999999,0.0030099150141642524,694.4867640705841,1,888.072,944.6066271235262,831.5373728764738
2020-09-28 00:00:00+05:30,856.35,895.7,856.05,889.5,525219,857.8166666666666,859.5,856.1333333333332,0.003924692533369743,694.4867640705841,1,889.172,944.6957828682099,833.6482171317901
2020-09-29 00:00:00+05:30,889.5,897.5,870.1,879.15,300081,880.4166666666666,875.875,884.9583333333333,0.010317084713677151,694.4867640705841,1,890.1279999999999,944.0834711219918,836.172528878008
2020-09-30 00:00:00+05:30,881.65,883.2,857.0,860.45,246011,882.25,883.8,880.7,0.003513743270048069,694.4867640705841,1,890.558,943.377228922771,837.738771077229
2020-10-01 00:00:00+05:30,870.0,880.9,862.4,866.65,300876,866.8833333333333,870.1,863.6666666666666,0.007421221617672575,694.4867640705841,1,888.818,941.8066771300824,835.8293228699175
2020-10-05 00:00:00+05:30,867.5,893.0,862.05,865.4,927636,869.9833333333332,871.65,868.3166666666665,0.0038314910247324494,694.4867640705841,1,887.3179999999999,940.7484772952306,833.8875227047691
2020-10-06 00:00:00+05:30,873.0,913.8,873.0,902.9,1228776,873.4833333333332,877.525,869.4416666666665,0.009254135740044824,694.4867640705841,1,886.904,939.6807291142239,834.127270885776
2020-10-07 00:00:00+05:30,898.95,909.9,888.0,903.1,366821,896.5666666666666,893.4,899.7333333333332,0.007063984831021963,694.4867640705841,1,885.914,936.4627924286643,835.3652075713356
2020-10-08 00:00:00+05:30,903.1,939.0,902.05,925.5,1154272,900.3333333333334,898.95,901.7166666666667,0.0030729359496482617,694.4867640705841,1,886.044,936.9811402416369,835.106859758363
2020-10-09 00:00:00+05:30,923.8,942.5,907.4,912.75,795198,922.1833333333334,920.525,923.8416666666668,0.0035965372033762264,694.4867640705841,1,884.7639999999999,931.1399551491526,838.3880448508472
2020-10-12 00:00:00+05:30,917.35,925.5,886.3,903.4,538730,920.8833333333333,924.95,916.8166666666666,0.008832099614500686,694.4867640705841,1,884.13,929.0121122497173,839.2478877502826
2020-10-13 00:00:00+05:30,904.0,906.0,881.0,885.3,514598,905.0666666666666,905.9,904.2333333333332,0.0018414849734827003,694.4867640705841,1,883.52,927.9046369816882,839.1353630183118
2020-10-14 00:00:00+05:30,882.0,888.0,863.25,873.6,506426,890.7666666666668,893.5,888.0333333333335,0.0061370355124796645,694.4867640705841,1,883.4340000000001,927.8868039160214,838.9811960839787
2020-10-15 00:00:00+05:30,880.5,911.0,840.0,849.15,1983754,874.9499999999999,875.625,874.2749999999999,0.0015429453111607937,694.4867640705841,1,882.664,928.7680086759954,836.5599913240046
2020-10-16 00:00:00+05:30,850.0,871.15,835.55,865.25,785888,866.7166666666667,875.5,857.9333333333334,0.020268061457992738,694.4867640705841,1,882.2280000000001,928.7742099853068,835.6817900146933
2020-10-19 00:00:00+05:30,885.0,905.0,870.1,900.95,1151771,857.3166666666666,853.3499999999999,861.2833333333333,0.009253679115068405,694.4867640705841,1,883.174,930.2395553031753,836.1084446968247
2020-10-20 00:00:00+05:30,900.0,938.0,885.5,934.4,1373991,892.0166666666668,887.55,896.4833333333336,0.010014760561275335,694.4867640705841,1,884.3220000000001,934.8053048046206,833.8386951953796
2020-10-21 00:00:00+05:30,937.95,1059.0,935.0,1041.85,8420049,919.3000000000001,911.75,926.8500000000001,0.016425541172631498,724.3606110391205,1,890.1519999999999,969.9067765591259,810.397223440874
2020-10-22 00:00:00+05:30,1016.0,1064.8,1010.2,1046.2,2602310,1011.9499999999999,997.0,1026.8999999999999,0.02954691437323965,760.4781865975558,1,895.86,996.3495457248961,795.370454275104
2020-10-23 00:00:00+05:30,1041.55,1057.6,1033.65,1047.6,1226557,1040.3999999999999,1037.5,1043.2999999999997,0.005574778931180054,772.9780591336536,1,901.63,1018.4204345398024,784.8395654601976
2020-10-26 00:00:00+05:30,1044.5,1044.8,1005.0,1021.6,888649,1046.2833333333333,1045.625,1046.9416666666666,0.0012584226707232963,772.9780591336536,1,905.8740000000001,1031.7311702208333,780.016829779167
2020-10-27 00:00:00+05:30,1012.0,1030.0,990.85,1020.0,768491,1023.8000000000001,1024.9,1022.7,0.00214885719867166,772.9780591336536,1,912.29,1044.2624243923542,780.3175756076458
2020-10-28 00:00:00+05:30,1012.0,1021.5,989.6,994.0,542124,1013.6166666666667,1010.425,1016.8083333333334,0.006297581268395454,772.9780591336536,1,918.2940000000001,1050.9304273342566,785.6575726657436
2020-10-29 00:00:00+05:30,990.0,1004.4,976.5,991.55,685141,1001.6999999999999,1005.55,997.8499999999999,0.007686932215234148,772.9780591336536,1,923.378,1057.108310939575,789.6476890604251
2020-10-30 00:00:00+05:30,997.0,1040.0,993.0,1034.45,1787695,990.8166666666666,990.45,991.1833333333332,0.0007401301956296535,772.9780591336536,1,930.7660000000001,1067.7769885228015,793.7550114771987
2020-11-02 00:00:00+05:30,1037.0,1149.9,1035.0,1141.75,5776702,1022.4833333333332,1016.5,1028.4666666666665,0.011703532249914233,799.5458195203898,1,942.258,1098.5723158638868,785.9436841361132
2020-11-03 00:00:00+05:30,1126.95,1136.7,1028.0,1036.6,4877932,1108.8833333333334,1092.45,1125.3166666666668,0.02963942705123784,799.5458195203898,1,948.1419999999999,1107.1212456391552,789.1627543608447
2020-11-04 00:00:00+05:30,1010.0,1025.7,967.75,978.35,2904594,1067.1,1082.35,1051.85,0.028582138506231845,799.5458195203898,1,952.11,1108.940611807755,795.2793881922449
2020-11-05 00:00:00+05:30,980.0,998.0,905.55,912.15,5005344,990.6,996.725,984.475,0.01236624268120331,799.5458195203898,1,954.178,1107.4423913764535,800.9136086235465
2020-11-06 00:00:00+05:30,920.0,963.3,915.0,951.35,4853137,938.5666666666666,951.775,925.3583333333332,0.028145754164151094,799.5458195203898,1,957.5659999999999,1106.6282520157085,808.5037479842913
2020-11-09 00:00:00+05:30,964.0,967.45,943.1,961.35,1761276,943.2166666666667,939.15,947.2833333333334,0.00862297457282714,799.5458195203898,1,961.4040000000001,1105.63920213871,817.16879786129
2020-11-10 00:00:00+05:30,961.0,972.1,948.0,957.3,1061337,957.3000000000001,955.2750000000001,959.325,0.004230648699467204,799.5458195203898,1,963.58,1105.8470502962457,821.3129497037544
2020-11-11 00:00:00+05:30,959.15,995.0,955.35,991.4,1545999,959.1333333333332,960.05,958.2166666666665,0.0019114478348510654,799.5458195203898,1,967.1120000000001,1107.5705099735665,826.6534900264338
2020-11-12 00:00:00+05:30,988.6,1015.0,979.15,993.1,2277314,980.5833333333334,975.175,985.9916666666668,0.011030848984448203,799.5458195203898,1,969.816,1109.56705500852,830.0649449914802
2020-11-13 00:00:00+05:30,998.35,1021.0,980.0,990.3,2295590,995.75,997.075,994.425,0.0026613105699222605,799.5458195203898,1,972.918,1110.8961080606423,834.9398919393577
2020-11-14 00:00:00+05:30,1000.0,1009.4,995.2,1002.85,257828,997.1,1000.5,993.7,0.006819777354327504,799.5458195203898,1,976.8960000000001,1112.3388585640241,841.4531414359761
2020-11-17 00:00:00+05:30,1007.7,1056.0,998.0,1033.4,2615737,1002.4833333333332,1002.3,1002.6666666666665,0.000365758366722533,799.5458195203898,1,982.82,1114.6261182191256,851.0138817808746
2020-11-18 00:00:00+05:30,1033.8,1073.0,1029.1,1064.45,1431302,1029.1333333333334,1027.0,1031.2666666666669,0.004145883267474456,799.5458195203898,1,990.454,1118.114693778445,862.7933062215549
2020-11-19 00:00:00+05:30,1062.25,1122.0,1030.35,1040.25,2878847,1055.5166666666667,1051.05,1059.9833333333333,0.008463469706778729,799.5458195203898,1,998.0980000000001,1113.274304785289,882.9216952147112
2020-11-20 00:00:00+05:30,1046.9,1082.25,1044.2,1062.4,1251508,1064.2,1076.175,1052.2250000000001,0.022505168201465718,799.5458195203898,1,1005.984,1110.1694604827064,901.7985395172936
2020-11-23 00:00:00+05:30,1070.0,1099.9,1053.0,1088.25,1073753,1062.95,1063.225,1062.6750000000002,0.0005174279128836983,799.5458195203898,1,1013.4760000000001,1113.2145507012883,913.737449298712
2020-11-24 00:00:00+05:30,1098.75,1139.0,1082.15,1118.5,1901322,1080.3833333333334,1076.45,1084.3166666666668,0.007281366181756587,799.5458195203898,1,1020.84,1123.2860287175313,918.3939712824687
2020-11-25 00:00:00+05:30,1126.85,1144.15,1074.8,1083.55,1614812,1113.2166666666667,1110.575,1115.8583333333333,0.004746006318027311,799.5458195203898,1,1022.508,1127.5919652087473,917.4240347912527
2020-11-26 00:00:00+05:30,1090.5,1122.85,1090.5,1106.9,1257315,1100.8333333333333,1109.475,1092.1916666666666,0.015700227100681276,799.5458195203898,1,1024.9360000000001,1134.793957454129,915.0780425458713
2020-11-27 00:00:00+05:30,1115.0,1175.0,1114.0,1165.45,2732949,1106.75,1106.675,1106.825,0.00013553196295467898,807.7435649974611,1,1029.65,1152.3560226720476,906.9439773279524
2020-12-01 00:00:00+05:30,1183.95,1210.0,1164.1,1187.1,1616577,1151.4833333333333,1144.5,1158.4666666666667,0.012129282519648595,850.9118223975627,1,1036.27,1173.5200724954013,899.0199275045986
2020-12-02 00:00:00+05:30,1194.7,1208.4,1175.0,1194.25,977666,1187.0666666666666,1187.05,1187.0833333333333,2.80804223295263e-05,859.6553495016601,1,1043.24,1193.5534511612077,892.9265488387923
2020-12-03 00:00:00+05:30,1200.0,1205.25,1180.25,1182.85,493379,1192.55,1191.7,1193.3999999999999,0.0014255167498216578,866.9871355215937,1,1050.7939999999999,1209.21275474827,892.3752452517297
2020-12-04 00:00:00+05:30,1182.0,1223.2,1182.0,1200.3,1194194,1189.45,1192.75,1186.15,0.005548783050989877,878.3316501007298,1,1059.144,1225.9743409335138,892.3136590664864
2020-12-07 00:00:00+05:30,1201.95,1219.65,1194.95,1207.8,632237,1201.8333333333333,1202.6,1201.0666666666666,0.00127582859520175,889.0863840967008,1,1066.078,1242.3682472174573,889.7877527825426
2020-12-08 00:00:00+05:30,1215.0,1262.0,1214.0,1256.1,2014293,1207.466666666667,1207.3000000000002,1207.6333333333337,0.00027606007067150354,917.3389287328326,1,1070.652,1260.0080212509552,881.295978749045
2020-12-09 00:00:00+05:30,1255.0,1277.85,1255.0,1266.2,1036947,1244.0333333333333,1238.0,1250.0666666666666,0.009699632914444901,952.1923715835194,1,1079.836,1283.4312760159034,876.2407239840966
2020-12-10 00:00:00+05:30,1266.2,1295.0,1243.3,1279.7,761886,1266.3500000000001,1266.425,1266.2750000000003,0.00011845066529761613,953.0106767201787,1,1091.89,1305.4625506707068,878.3174493292933
2020-12-11 00:00:00+05:30,1284.0,1310.0,1253.0,1303.4,1472720,1272.6666666666667,1269.15,1276.1833333333334,0.005526453640649531,962.0462496513715,1,1107.54,1323.4620840951459,891.617915904854
2020-12-14 00:00:00+05:30,1303.4,1315.0,1280.85,1290.55,773433,1288.8,1281.5,1296.1,0.0113283674736188,981.6873996653164,1,1121.108,1338.6891548457056,903.5268451542943
2020-12-15 00:00:00+05:30,1289.0,1299.95,1262.5,1291.7,506231,1295.4666666666665,1297.925,1293.008333333333,0.0037952861259780033,981.6873996653164,1,1134.322,1351.6138812657082,917.0301187342916
2020-12-16 00:00:00+05:30,1297.0,1404.85,1297.0,1348.15,4027361,1284.7166666666665,1281.225,1288.208333333333,0.005435699181401701,1017.7318675315557,1,1149.9560000000001,1370.2734388376698,929.6385611623305
2020-12-17 00:00:00+05:30,1351.45,1387.75,1330.4,1357.15,1289120,1350.0,1350.925,1349.075,0.001370370370370303,1023.1515928302936,1,1164.586,1389.3746162953764,939.7973837046236
2020-12-18 00:00:00+05:30,1361.0,1380.0,1341.55,1375.2,843908,1358.4333333333334,1359.075,1357.7916666666667,0.0009447157264495642,1027.5225291170818,1,1179.87,1407.8780016139556,951.8619983860442
2020-12-21 00:00:00+05:30,1375.2,1389.4,1275.15,1304.0,1410972,1365.5833333333333,1360.775,1370.3916666666664,0.0070421675718554955,1027.5225291170818,1,1192.4180000000001,1411.6741860107702,973.1618139892302
2020-12-22 00:00:00+05:30,1298.0,1330.0,1226.05,1276.25,1434256,1322.8500000000001,1332.275,1313.4250000000002,0.014249536984540883,1027.5225291170818,1,1203.354,1410.64503969055,996.0629603094501
2020-12-23 00:00:00+05:30,1288.0,1384.55,1288.0,1375.15,2667157,1277.4333333333334,1278.025,1276.8416666666667,0.0009263366646661748,1027.5225291170818,1,1217.0240000000001,1422.7491080835514,1011.2988919164488
2020-12-24 00:00:00+05:30,1381.8,1398.0,1355.0,1364.1,960588,1349.2333333333333,1336.275,1362.1916666666666,0.01920843936062444,1027.5225291170818,1,1229.01,1432.6876060346071,1025.3323939653928
2020-12-28 00:00:00+05:30,1374.0,1446.0,1374.0,1424.2,3561184,1372.3666666666668,1376.5,1368.2333333333336,0.006023657428772503,1027.5225291170818,1,1244.368,1446.6947216755816,1042.0412783244183
2020-12-29 00:00:00+05:30,1432.8,1434.0,1376.4,1405.05,1345295,1414.7333333333333,1410.0,1419.4666666666667,0.006691484849912843,1027.5225291170818,1,1258.0739999999998,1455.6029874828198,1060.5450125171799
2020-12-30 00:00:00+05:30,1412.0,1417.85,1375.0,1393.75,1084354,1405.1499999999999,1405.2,1405.0999999999997,7.116677934765954e-05,1027.5225291170818,1,1270.2939999999999,1462.0001111597326,1078.5878888402672
2020-12-31 00:00:00+05:30,1407.0,1443.9,1405.0,1432.15,2066598,1395.5333333333335,1396.425,1394.641666666667,0.0012778865905504573,1041.5594822664552,1,1282.84,1474.2207095816807,1091.4592904183191
2021-01-01 00:00:00+05:30,1432.0,1435.0,1414.5,1427.25,603409,1427.0166666666667,1424.45,1429.5833333333333,0.003597248338608434,1051.435102975797,1,1296.588,1477.8408207338782,1115.3351792661217
2021-01-04 00:00:00+05:30,1435.0,1444.0,1401.0,1407.2,820791,1425.5833333333333,1424.75,1426.4166666666665,0.0011691120593907863,1052.0776988567652,1,1308.6000000000001,1477.3483001395487,1139.8516998604516
2021-01-05 00:00:00+05:30,1411.35,1429.2,1400.0,1406.6,779433,1417.3999999999999,1422.5,1412.2999999999997,0.007196274869479521,1052.0776988567652,1,1318.246,1480.6089881961618,1155.8830118038384
2021-01-06 00:00:00+05:30,1418.0,1472.85,1408.05,1460.6,1804361,1411.9333333333332,1414.6,1409.2666666666664,0.00377732659710101,1072.6698472663945,1,1329.1860000000001,1491.5850998004203,1166.78690019958
2021-01-07 00:00:00+05:30,1506.0,1527.9,1438.15,1452.8,2635116,1447.1666666666667,1440.4499999999998,1453.8833333333337,0.009282506046297719,1104.826053375739,1,1339.5279999999998,1499.144011928586,1179.9119880714136
2021-01-08 00:00:00+05:30,1458.0,1484.9,1430.0,1463.15,1183150,1472.95,1483.025,1462.875,0.013680029872025589,1104.826053375739,1,1350.74,1504.0108060916573,1197.4691939083427
2021-01-11 00:00:00+05:30,1472.55,1489.65,1457.0,1472.85,703284,1459.3500000000001,1457.45,1461.2500000000002,0.0026038989961285376,1104.826053375739,1,1361.642,1509.2262503249794,1214.0577496750207
2021-01-12 00:00:00+05:30,1472.9,1502.8,1458.85,1474.0,1049429,1473.1666666666667,1473.325,1473.0083333333334,0.00021495644303650143,1110.9696215594377,1,1372.29,1512.1495895889373,1232.4304104110627
2021-01-13 00:00:00+05:30,1483.9,1486.9,1420.0,1428.65,852204,1478.55,1480.8249999999998,1476.275,0.0030773392851102276,1110.9696215594377,1,1379.192,1512.302359266234,1246.081640733766
2021-01-14 00:00:00+05:30,1430.0,1445.0,1412.55,1427.95,744416,1445.1833333333334,1453.45,1436.9166666666667,0.011440301691826851,1110.9696215594377,1,1385.662,1511.7117847042418,1259.6122152957582
2021-01-15 00:00:00+05:30,1435.0,1449.95,1374.0,1382.3,945210,1428.5,1428.775,1428.225,0.00038501925096267545,1110.9696215594377,1,1389.766,1508.1995855067544,1271.3324144932458
2021-01-18 00:00:00+05:30,1390.0,1390.0,1296.7,1353.75,1226072,1402.0833333333333,1411.975,1392.1916666666666,0.014109955423476948,1110.9696215594377,1,1391.78,1505.9044058034285,1277.6555941965714
2021-01-19 00:00:00+05:30,1353.8,1414.0,1353.8,1406.65,1321549,1346.8166666666666,1343.35,1350.2833333333333,0.005147941442166141,1110.9696215594377,1,1396.424,1502.884742510963,1289.963257489037
2021-01-20 00:00:00+05:30,1413.7,1428.6,1409.6,1419.05,846125,1391.4833333333336,1383.9,1399.066666666667,0.010899639473463786,1110.9696215594377,1,1401.5179999999998,1499.2792679131435,1303.7567320868561
2021-01-21 00:00:00+05:30,1426.15,1434.85,1363.6,1375.35,835882,1419.0833333333333,1419.1,1419.0666666666666,2.348934171117718e-05,1110.9696215594377,1,1402.606,1498.5559341114179,1306.6560658885821
2021-01-22 00:00:00+05:30,1383.5,1400.0,1344.3,1350.35,659870,1391.2666666666664,1399.225,1383.308333333333,0.011440414011213023,1110.9696215594377,1,1402.3339999999998,1498.8348009085178,1305.833199091482
2021-01-25 00:00:00+05:30,1360.0,1373.75,1307.75,1327.2,496231,1364.8833333333334,1372.15,1357.6166666666668,0.010648040736082425,1110.9696215594377,1,1400.414,1500.8285269171022,1299.9994730828978
2021-01-27 00:00:00+05:30,1327.1,1327.2,1272.1,1297.15,662630,1336.2333333333333,1340.75,1331.7166666666667,0.006760296355426924,1110.9696215594377,1,1400.14,1501.63691620924,1298.64308379076
2021-01-28 00:00:00+05:30,1284.0,1284.0,1233.1,1242.8,814677,1298.8166666666668,1299.65,1297.9833333333336,0.0012832193406817859,1110.9696215594377,1,1398.802,1507.4279912911522,1290.1760087088476
2021-01-29 00:00:00+05:30,1259.0,1291.9,1242.05,1257.2,919755,1253.3,1258.55,1248.05,0.00837788239048911,1110.9696215594377,1,1394.0840000000003,1515.8593726169033,1272.3086273830972
2021-02-01 00:00:00+05:30,1270.0,1343.1,1240.0,1321.85,1081612,1263.7166666666665,1266.975,1260.458333333333,0.0051567466336073856,1110.9696215594377,1,1392.394,1516.9283753988657,1267.8596246011343
2021-02-02 00:00:00+05:30,1337.5,1402.7,1330.0,1399.5,1158586,1301.6499999999999,1291.55,1311.7499999999998,0.015518764644873676,1110.9696215594377,1,1391.406,1515.305660435312,1267.506339564688
2021-02-03 00:00:00+05:30,1412.1,1420.0,1383.45,1388.9,1076817,1377.3999999999999,1366.35,1388.4499999999998,0.01604472193988668,1110.9696215594377,1,1390.76,1514.5367183277438,1266.9832816722562
2021-02-04 00:00:00+05:30,1389.0,1423.6,1310.4,1340.35,2378103,1397.45,1401.725,1393.1750000000002,0.006118286879673496,1110.9696215594377,1,1388.624,1513.9538946619907,1263.2941053380093
2021-02-05 00:00:00+05:30,1340.4,1427.4,1336.05,1397.15,2880187,1358.1166666666666,1367.0,1349.2333333333331,0.013081841275295603,1110.9696215594377,1,1387.2240000000002,1511.3539774268315,1263.0940225731688
2021-02-08 00:00:00+05:30,1411.0,1458.0,1404.0,1424.2,1323162,1386.8666666666668,1381.725,1392.0083333333337,0.007414795942893158,1110.9696215594377,1,1387.102,1511.0802835176617,1263.1237164823385
2021-02-09 00:00:00+05:30,1431.2,1462.0,1415.45,1424.6,1055930,1428.7333333333333,1431.0,1426.4666666666667,0.0031729737296439524,1110.9696215594377,1,1387.7979999999998,1512.413506193995,1263.1824938060045
2021-02-10 00:00:00+05:30,1424.0,1470.0,1422.85,1464.75,1490656,1434.0166666666664,1438.725,1429.308333333333,0.006566636835927271,1110.9696215594377,1,1390.124,1518.1797632283126,1262.0682367716875
2021-02-11 00:00:00+05:30,1465.0,1499.0,1459.2,1481.6,1048454,1452.5333333333335,1446.425,1458.641666666667,0.008410592986965634,1110.9696215594377,1,1390.964,1521.1162754929226,1260.8117245070773
2021-02-12 00:00:00+05:30,1483.0,1509.15,1476.45,1488.4,681954,1479.9333333333332,1479.1,1480.7666666666664,0.0011261768548131775,1110.9696215594377,1,1392.388,1525.9496600075993,1258.8263399924006
2021-02-15 00:00:00+05:30,1500.5,1546.0,1491.1,1509.9,1297452,1491.3333333333333,1492.8000000000002,1489.8666666666663,0.001966919982119255,1113.6749639330028,1,1394.2579999999998,1532.9411602754476,1255.574839724552
2021-02-16 00:00:00+05:30,1520.75,1540.0,1493.0,1522.8,583114,1515.6666666666667,1518.55,1512.7833333333335,0.0038047063998238994,1114.6599653756828,1,1396.256,1540.7290627348418,1251.7829372651584
2021-02-17 00:00:00+05:30,1522.8,1528.95,1488.0,1505.3,748581,1518.6000000000001,1516.5,1520.7000000000003,0.0027657052548401635,1114.6599653756828,1,1397.5079999999998,1545.1617508632457,1249.8542491367539
2021-02-18 00:00:00+05:30,1509.0,1527.0,1492.05,1505.3,737243,1507.4166666666667,1508.475,1506.3583333333336,0.0014041682790644037,1118.3958640902292,1,1400.5739999999998,1553.766412658021,1247.3815873419787
2021-02-19 00:00:00+05:30,1512.85,1535.95,1495.6,1523.25,1062670,1508.1166666666668,1509.525,1506.7083333333335,0.001867671599235209,1128.99302952662,1,1404.386,1564.6912800627144,1244.0807199372855
2021-02-22 00:00:00+05:30,1526.0,1534.0,1425.0,1444.6,917738,1518.2666666666667,1515.775,1520.7583333333332,0.003282251690524142,1128.99302952662,1,1406.878,1567.6686790332863,1246.0873209667136
2021-02-23 00:00:00+05:30,1451.85,1505.1,1450.0,1496.25,1590385,1467.8666666666668,1479.5,1456.2333333333336,0.01585066763557073,1128.99302952662,1,1412.578,1575.5198474916288,1249.6361525083712
2021-02-24 00:00:00+05:30,1504.1,1515.85,1441.0,1494.1,350388,1483.7833333333335,1477.55,1490.016666666667,0.008401945477215103,1128.99302952662,1,1416.076,1582.084472362061,1250.067527637939
2021-02-25 00:00:00+05:30,1501.5,1564.65,1501.5,1550.35,1663938,1483.6499999999999,1478.425,1488.8749999999998,0.007043440164459151,1128.99302952662,1,1421.328,1595.488227560672,1247.167772439328
2021-02-26 00:00:00+05:30,1534.0,1556.7,1494.0,1540.55,1023089,1538.8333333333333,1533.075,1544.5916666666665,0.007484024694032118,1128.99302952662,1,1427.9360000000001,1607.0814928709763,1248.790507129024
2021-03-01 00:00:00+05:30,1551.8,1572.25,1518.0,1539.95,597656,1530.4166666666667,1525.35,1535.4833333333336,0.006621290498230547,1134.3039507528415,1,1435.52,1616.9240991818674,1254.1159008181326
2021-03-02 00:00:00+05:30,1547.65,1555.0,1500.3,1508.45,571366,1543.3999999999999,1545.125,1541.6749999999997,0.0022353246080084703,1134.3039507528415,1,1442.77,1620.733162480286,1264.806837519714
2021-03-03 00:00:00+05:30,1522.05,1536.75,1515.0,1524.5,446133,1521.25,1527.65,1514.85,0.008414133114215403,1134.3039507528415,1,1451.864,1622.2048970740277,1281.5231029259724
2021-03-04 00:00:00+05:30,1508.0,1529.75,1497.2,1525.6,507870,1525.4166666666667,1525.875,1524.9583333333335,0.0006009287080031784,1134.3039507528415,1,1463.1760000000002,1612.778321158411,1313.5736788415893
2021-03-05 00:00:00+05:30,1525.6,1529.5,1485.0,1497.65,329626,1517.5166666666664,1513.475,1521.558333333333,0.00532668504464511,1134.3039507528415,1,1472.7939999999999,1596.9423220022893,1348.6456779977104
2021-03-08 00:00:00+05:30,1502.0,1509.0,1470.0,1483.5,388069,1504.05,1507.25,1500.85,0.004255177686912065,1134.3039507528415,1,1479.26,1587.0489307859764,1371.4710692140236
2021-03-09 00:00:00+05:30,1490.0,1503.3,1447.05,1463.05,389916,1487.5,1489.5,1485.5,0.002689075630252101,1134.3039507528415,1,1481.802,1584.8397774604243,1378.7642225395755
2021-03-10 00:00:00+05:30,1492.75,1524.9,1452.4,1463.35,1353732,1471.1333333333332,1475.175,1467.0916666666665,0.005494629990483631,1134.3039507528415,1,1484.78,1580.982187085242,1388.577812914758
2021-03-12 00:00:00+05:30,1485.0,1493.0,1445.05,1450.05,498077,1480.2166666666665,1488.65,1471.7833333333328,0.011394728249243181,1134.3039507528415,1,1489.168,1566.8418456881323,1411.4941543118675
2021-03-15 00:00:00+05:30,1458.0,1469.2,1412.0,1429.3,543809,1462.7,1469.025,1456.375,0.0086483899637657,1134.3039507528415,1,1490.454,1562.8785092215596,1418.0294907784403
2021-03-16 00:00:00+05:30,1365.0,1444.3,1365.0,1421.3,450993,1436.8333333333333,1440.6,1433.0666666666666,0.005243011251594922,1134.3039507528415,1,1490.338,1563.1946059049128,1417.4813940950871
2021-03-17 00:00:00+05:30,1422.0,1465.0,1375.55,1389.9,1574981,1410.2,1404.65,1415.75,0.00787122393986662,1134.3039507528415,1,1488.95,1567.8359176278238,1410.0640823721762
2021-03-18 00:00:00+05:30,1406.0,1418.0,1331.35,1346.05,911506,1410.1500000000003,1420.275,1400.0250000000005,0.01436017444952632,1134.3039507528415,1,1484.2020000000002,1580.671566102393,1387.7324338976075
2021-03-19 00:00:00+05:30,1340.0,1349.6,1267.0,1317.75,1874370,1365.1333333333332,1374.675,1355.5916666666665,0.01397909850075706,1134.3039507528415,1,1477.6480000000001,1594.1232213304788,1361.1727786695214
2021-03-22 00:00:00+05:30,1320.0,1429.6,1320.0,1412.0,2394826,1311.45,1308.3,1314.6000000000001,0.004803843074459706,1134.3039507528415,1,1474.592,1593.7564634275843,1355.4275365724159
2021-03-23 00:00:00+05:30,1422.0,1449.0,1401.9,1439.8,1797117,1387.2,1374.8,1399.6000000000001,0.017877739331026658,1134.3039507528415,1,1471.7879999999998,1590.7961183112484,1352.7798816887512
2021-03-24 00:00:00+05:30,1430.0,1430.1,1383.15,1393.9,978828,1430.2333333333333,1425.45,1435.0166666666667,0.00668888526347678,1134.3039507528415,1,1466.6319999999998,1587.5074958789587,1345.756504121041
2021-03-25 00:00:00+05:30,1395.95,1400.0,1322.5,1332.1,1236673,1402.3833333333332,1406.625,1398.1416666666664,0.006049225722876705,1134.3039507528415,1,1459.704,1590.377179864823,1329.030820135177
2021-03-26 00:00:00+05:30,1359.95,1394.4,1352.5,1366.85,1521720,1351.5333333333333,1361.25,1341.8166666666666,0.01437873033098214,1134.3039507528415,1,1454.1659999999997,1588.3288166668558,1320.0031833331436
2021-03-30 00:00:00+05:30,1389.0,1389.15,1342.55,1352.2,695220,1371.25,1373.45,1369.05,0.0032087511394713517,1134.3039507528415,1,1447.3239999999998,1584.1169972476096,1310.5310027523901
2021-03-31 00:00:00+05:30,1350.0,1417.0,1340.15,1406.75,1368518,1361.3,1365.85,1356.75,0.006684786601043054,1134.3039507528415,1,1445.81,1583.5248067565162,1308.0951932434837
2021-04-01 00:00:00+05:30,1380.3,1406.4,1361.3,1391.35,1024026,1387.9666666666665,1378.575,1397.358333333333,0.013532985902639004,1134.3039507528415,1,1441.614,1579.318081333796,1303.909918666204
2021-04-05 00:00:00+05:30,1393.35,1396.0,1317.1,1352.1,710251,1386.3499999999997,1383.85,1388.8499999999995,0.0036065928517326406,1134.3039507528415,1,1435.934,1576.2003201769576,1295.6676798230424
2021-04-06 00:00:00+05:30,1360.0,1386.75,1334.0,1371.0,609250,1355.0666666666666,1356.55,1353.5833333333333,0.0021893141788842103,1134.3039507528415,1,1428.76,1563.1059712830458,1294.4140287169541
2021-04-07 00:00:00+05:30,1371.0,1393.3,1360.25,1368.65,400457,1363.9166666666667,1360.375,1367.4583333333335,0.005193376916967179,1134.3039507528415,1,1421.884,1550.0959954449859,1293.6720045550142
2021-04-08 00:00:00+05:30,1381.0,1407.0,1370.0,1385.55,646730,1374.0666666666668,1376.775,1371.3583333333336,0.00394206976857007,1134.3039507528415,1,1415.708,1535.1510263514167,1296.2649736485835
2021-04-09 00:00:00+05:30,1385.0,1396.8,1355.0,1362.1,440293,1387.5166666666667,1388.5,1386.5333333333333,0.0014174003915869097,1134.3039507528415,1,1409.854,1524.8026734851053,1294.9053265148948
2021-04-12 00:00:00+05:30,1305.0,1321.7,1244.55,1269.45,1024560,1371.3,1375.9,1366.6999999999998,0.006708962298549021,1134.3039507528415,1,1399.6519999999998,1517.3295542913154,1281.9744457086842
2021-04-13 00:00:00+05:30,1276.1,1316.9,1272.05,1304.0,727731,1278.5666666666666,1283.125,1274.0083333333332,0.007130380373856236,1134.3039507528415,1,1390.7879999999998,1502.4103536035038,1279.1656463964957
2021-04-15 00:00:00+05:30,1291.0,1354.9,1278.0,1347.75,1214044,1297.6499999999999,1294.475,1300.8249999999998,0.004893461256887381,1134.3039507528415,1,1384.792,1488.6427917349972,1280.9412082650026
2021-04-16 00:00:00+05:30,1346.0,1354.85,1329.0,1336.9,291390,1326.8833333333334,1316.45,1337.3166666666668,0.015726074887267245,1134.3039507528415,1,1378.9279999999999,1476.1673997512628,1281.688600248737
2021-04-19 00:00:00+05:30,1280.0,1319.5,1280.0,1302.95,687636,1340.25,1341.925,1338.575,0.0024995336690915196,1134.3039507528415,1,1372.524,1467.8279311675337,1277.220068832466
2021-04-20 00:00:00+05:30,1313.1,1352.0,1313.1,1327.55,688204,1300.8166666666666,1299.75,1301.8833333333332,0.0016399953875128794,1134.3039507528415,1,1367.092,1456.3586821607375,1277.8253178392627
2021-04-22 00:00:00+05:30,1311.0,1336.55,1286.35,1330.25,665791,1330.8833333333332,1332.55,1329.2166666666665,0.0025046022065546582,1134.3039507528415,1,1362.3,1445.9225806824102,1278.6774193175897
2021-04-23 00:00:00+05:30,1325.0,1335.0,1300.05,1312.95,651780,1317.7166666666665,1311.4499999999998,1323.9833333333331,0.009511402299432077,1134.3039507528415,1,1357.646,1438.7479403959383,1276.5440596040617
2021-04-26 00:00:00+05:30,1316.2,1375.85,1316.2,1366.25,1086164,1316.0,1317.525,1314.475,0.0023176291793314454,1134.3039507528415,1,1355.444,1432.3964597136853,1278.4915402863146
2021-04-27 00:00:00+05:30,1375.0,1385.0,1360.2,1367.05,444623,1352.7666666666667,1346.025,1359.5083333333332,0.009967227656900515,1134.3039507528415,1,1354.53,1430.3583377108214,1278.7016622891786
2021-04-28 00:00:00+05:30,1368.0,1391.45,1347.45,1355.7,622291,1370.75,1372.6,1368.9,0.0026992522341782368,1134.3039507528415,1,1354.9160000000002,1430.665945055996,1279.1660549440044
2021-04-29 00:00:00+05:30,1364.0,1397.0,1358.1,1379.75,898427,1364.8666666666668,1369.45,1360.2833333333335,0.0067161627509401516,1134.3039507528415,1,1357.396,1432.1697864226917,1282.6222135773082
2021-04-30 00:00:00+05:30,1366.0,1394.0,1357.9,1368.35,407058,1378.2833333333335,1377.55,1379.016666666667,0.0010641256635673495,1134.3039507528415,1,1355.65,1427.2116377676361,1284.088362232364
2021-05-03 00:00:00+05:30,1335.55,1357.0,1300.0,1309.7,1058171,1373.4166666666667,1375.95,1370.8833333333334,0.003689096535404361,1134.3039507528415,1,1350.4460000000001,1415.3888235911134,1285.503176408887
2021-05-04 00:00:00+05:30,1309.7,1345.0,1280.15,1283.85,774417,1322.2333333333333,1328.5,1315.9666666666667,0.009478911941916432,1134.3039507528415,1,1346.0439999999999,1413.4794821736045,1278.6085178263952
2021-05-05 00:00:00+05:30,1288.0,1308.0,1210.15,1223.4,1105279,1303.0,1312.575,1293.425,0.014696853415195771,1134.3039507528415,1,1341.6960000000001,1424.4453947771622,1258.9466052228381
2021-05-06 00:00:00+05:30,1220.0,1258.25,1200.0,1254.5,1625142,1247.1833333333334,1259.075,1235.2916666666667,0.019069636915182184,1134.3039507528415,1,1337.2020000000002,1425.9823198011065,1248.421680198894
2021-05-07 00:00:00+05:30,1260.0,1271.95,1235.9,1246.4,622902,1237.5833333333333,1229.125,1246.0416666666665,0.013669113191030785,1134.3039507528415,1,1332.97,1428.3299286911792,1237.6100713088208
2021-05-10 00:00:00+05:30,1254.0,1256.95,1223.95,1242.35,662015,1251.4166666666667,1253.9250000000002,1248.9083333333333,0.004008790037957151,1134.3039507528415,1,1326.394,1423.1591810104592,1229.6288189895408
2021-05-11 00:00:00+05:30,1240.0,1268.0,1228.25,1259.05,428700,1241.0833333333333,1240.45,1241.7166666666665,0.001020613711139266,1134.3039507528415,1,1321.102,1417.5490237176195,1224.6549762823806
2021-05-12 00:00:00+05:30,1259.0,1269.0,1235.75,1240.35,608094,1251.7666666666667,1248.125,1255.4083333333333,0.005818443266849495,1134.3039507528415,1,1316.632,1417.1889803841939,1216.0750196158062
2021-05-14 00:00:00+05:30,1258.0,1259.5,1215.15,1221.2,527041,1248.3666666666666,1252.375,1244.3583333333331,0.006421724386531906,1134.3039507528415,1,1310.64,1415.2932942624707,1205.9867057375295
2021-05-17 00:00:00+05:30,1225.35,1253.0,1218.55,1249.0,452983,1231.95,1237.325,1226.575,0.008726003490401396,1134.3039507528415,1,1305.854,1410.4015085116205,1201.3064914883796
2021-05-18 00:00:00+05:30,1258.0,1269.8,1245.45,1253.0,562790,1240.1833333333334,1235.775,1244.5916666666667,0.0071091639676929,1134.3039507528415,1,1300.5520000000001,1401.7867350665151,1199.3172649334851
2021-05-19 00:00:00+05:30,1253.0,1314.65,1253.0,1281.05,1748872,1256.0833333333333,1257.625,1254.5416666666665,0.0024547203609103577,1134.3039507528415,1,1297.31,1395.6012854732683,1199.0187145267316
2021-05-20 00:00:00+05:30,1289.95,1301.55,1253.05,1288.65,663731,1282.8999999999999,1283.825,1281.9749999999997,0.0014420453659680131,1134.3039507528415,1,1298.078,1395.7848475798269,1200.371152420173
2021-05-21 00:00:00+05:30,1306.2,1327.95,1300.0,1305.25,1392137,1281.0833333333333,1277.3,1284.8666666666666,0.005906459376829459,1134.3039507528415,1,1298.128,1395.848196806942,1200.4078031930578
2021-05-24 00:00:00+05:30,1309.95,1363.65,1308.0,1352.35,1862871,1311.0666666666666,1313.975,1308.1583333333333,0.004436591070883713,1134.3039507528415,1,1298.312,1396.4217886247213,1200.2022113752785
2021-05-25 00:00:00+05:30,1364.95,1364.95,1335.6,1343.0,566190,1341.3333333333333,1335.825,1346.8416666666665,0.008213220675944153,1134.3039507528415,1,1298.556,1397.0779257626825,1200.0340742373176
2021-05-26 00:00:00+05:30,1347.0,1359.7,1334.55,1348.55,795763,1347.8500000000001,1350.275,1345.4250000000002,0.0035983232555550754,1134.3039507528415,1,1300.38,1400.829374313569,1199.9306256864313
2021-05-27 00:00:00+05:30,1358.55,1384.6,1337.75,1361.65,1211222,1347.6000000000001,1347.125,1348.0750000000003,0.0007049569605226126,1134.3039507528415,1,1301.744,1404.5309809654289,1198.957019034571
2021-05-28 00:00:00+05:30,1376.95,1376.95,1347.55,1359.85,545217,1361.3333333333333,1361.175,1361.4916666666666,0.00023261508325166948,1134.3039507528415,1,1302.928,1407.6645765336418,1198.1914234663584
2021-05-31 00:00:00+05:30,1370.0,1394.9,1350.85,1369.7,1078254,1361.45,1362.25,1360.65,0.0011752175988834763,1134.3039507528415,1,1305.198,1413.116619264645,1197.2793807353553
2021-06-01 00:00:00+05:30,1380.0,1386.95,1351.6,1361.1,475091,1371.8166666666666,1372.875,1370.7583333333332,0.0015429661397903909,1134.3039507528415,1,1304.992,1412.4624077594729,1197.521592240527
2021-06-02 00:00:00+05:30,1362.0,1394.55,1361.1,1390.65,808854,1366.55,1369.275,1363.8249999999998,0.0039881453294795454,1134.3039507528415,1,1305.9360000000001,1415.9546330399871,1195.9173669600132
2021-06-03 00:00:00+05:30,1399.85,1429.7,1392.15,1406.6,1638946,1382.0999999999997,1377.8249999999998,1386.3749999999995,0.006186238332971369,1134.3039507528415,1,1307.972,1423.3522585539974,1192.5917414460025
2021-06-04 00:00:00+05:30,1419.5,1425.0,1403.05,1408.95,663211,1409.4833333333336,1410.9250000000002,1408.041666666667,0.002045666851919648,1134.3039507528415,1,1309.14,1427.9434645958918,1190.3365354041084
2021-06-07 00:00:00+05:30,1417.0,1426.0,1400.7,1403.8,510046,1412.3333333333333,1414.025,1410.6416666666664,0.0023955628982773192,1134.3039507528415,1,1310.558,1432.9466062670347,1188.1693937329653
2021-06-08 00:00:00+05:30,1411.25,1417.5,1372.0,1407.2,476595,1410.1666666666667,1413.35,1406.9833333333336,0.004514832762084624,1134.3039507528415,1,1314.4579999999999,1442.5687385974616,1186.3472614025382
2021-06-09 00:00:00+05:30,1410.2,1442.95,1392.6,1403.5,1053127,1398.8999999999999,1394.75,1403.0499999999997,0.005933233254699927,1134.3039507528415,1,1319.244,1451.3023153610065,1187.1856846389933
2021-06-10 00:00:00+05:30,1410.0,1445.9,1402.0,1438.95,878558,1413.0166666666667,1417.775,1408.2583333333332,0.006734999587171804,1134.3039507528415,1,1327.866,1461.8995621252636,1193.8324378747363
2021-06-11 00:00:00+05:30,1448.0,1450.0,1418.6,1421.75,727261,1428.95,1423.95,1433.95,0.006998145491444767,1134.3039507528415,1,1334.556,1469.9629165736626,1199.1490834263375
2021-06-14 00:00:00+05:30,1424.45,1426.95,1380.75,1410.2,531951,1430.1166666666668,1434.3,1425.9333333333336,0.005850338550467677,1134.3039507528415,1,1341.108,1474.6572558720814,1207.5587441279185
2021-06-15 00:00:00+05:30,1423.0,1439.0,1412.05,1432.35,620809,1405.9666666666665,1403.85,1408.083333333333,0.0030109770264822224,1134.3039507528415,1,1348.7079999999999,1480.5255911780614,1216.8904088219383
2021-06-16 00:00:00+05:30,1432.35,1441.95,1397.65,1410.65,529836,1427.8,1425.525,1430.0749999999998,0.003186720829247603,1134.3039507528415,1,1354.7720000000002,1483.4441013428573,1226.099898657143
2021-06-17 00:00:00+05:30,1399.9,1427.0,1381.0,1392.05,497764,1416.75,1419.8000000000002,1413.6999999999998,0.004305629080642572,1134.3039507528415,1,1360.84,1481.408602878139,1240.271397121861
2021-06-18 00:00:00+05:30,1399.4,1404.6,1331.35,1387.1,887842,1400.0166666666667,1404.0,1396.0333333333333,0.005690408447518503,1134.3039507528415,1,1367.476,1474.017462801983,1260.9345371980173
2021-06-21 00:00:00+05:30,1360.0,1422.0,1352.0,1419.6,542572,1374.3499999999997,1367.975,1380.7249999999995,0.009277112816967692,1134.3039507528415,1,1374.3,1471.0143794892267,1277.5856205107732
2021-06-22 00:00:00+05:30,1429.95,1429.95,1396.3,1401.9,460800,1397.8666666666668,1387.0,1408.7333333333336,0.015547500953834587,1134.3039507528415,1,1380.256,1463.7992023326021,1296.712797667398
2021-06-23 00:00:00+05:30,1415.0,1416.5,1396.4,1405.3,383816,1409.3833333333332,1413.125,1405.6416666666664,0.0053096507929001405,1134.3039507528415,1,1385.226,1458.7536988351058,1311.6983011648945
2021-06-24 00:00:00+05:30,1409.7,1416.45,1380.05,1383.55,360758,1406.0666666666666,1406.45,1405.6833333333332,0.0005452562704472611,1134.3039507528415,1,1389.022,1451.1253466407886,1326.9186533592112
2021-06-25 00:00:00+05:30,1390.45,1411.25,1386.0,1401.05,302288,1393.3500000000001,1398.25,1388.4500000000003,0.007033408691283401,1134.3039507528415,1,1392.854,1444.800094521012,1340.9079054789881
2021-06-28 00:00:00+05:30,1401.05,1414.6,1395.0,1402.0,255858,1399.4333333333334,1398.625,1400.2416666666668,0.0011552294976538988,1134.3039507528415,1,1394.84,1444.170639565952,1345.509360434048
2021-06-29 00:00:00+05:30,1409.05,1413.65,1393.95,1406.05,304321,1403.8666666666668,1404.8,1402.9333333333336,0.0013296609364609646,1134.3039507528415,1,1397.3619999999999,1442.0631702753496,1352.66082972465
2021-06-30 00:00:00+05:30,1410.0,1414.0,1387.0,1397.8,288328,1404.5500000000002,1403.8000000000002,1405.3000000000002,0.0010679577088747285,1134.3039507528415,1,1399.332,1439.350544501091,1359.3134554989092
2021-07-01 00:00:00+05:30,1402.85,1402.85,1383.05,1385.8,328968,1399.6000000000001,1400.5,1398.7000000000003,0.0012860817376391304,1134.3039507528415,1,1400.2980000000002,1437.7127081237552,1362.8832918762453
2021-07-02 00:00:00+05:30,1388.0,1398.8,1383.05,1388.4,305514,1390.5666666666666,1392.9499999999998,1388.1833333333334,0.003427859146151275,1134.3039507528415,1,1401.44,1435.4330463475364,1367.4469536524637
2021-07-05 00:00:00+05:30,1394.0,1448.0,1390.0,1443.6,1409751,1390.0833333333333,1390.925,1389.2416666666666,0.0012109585756250063,1135.7704068621229,1,1404.396,1439.6632870516817,1369.1287129483183
2021-07-06 00:00:00+05:30,1452.3,1460.0,1421.45,1433.75,845973,1427.2,1419.0,1435.4,0.011491031390134592,1158.030590587638,1,1407.3020000000001,1439.673907326966,1374.9300926730343
2021-07-07 00:00:00+05:30,1432.0,1497.0,1423.45,1482.1,2099024,1438.3999999999999,1440.725,1436.0749999999998,0.003232758620689719,1168.2443669641325,1,1410.96,1453.9158936583283,1368.0041063416718
2021-07-08 00:00:00+05:30,1502.0,1502.0,1444.55,1454.65,501729,1467.5166666666664,1460.225,1474.808333333333,0.00993742263006646,1176.8875922855673,1,1412.882,1459.0642639547434,1366.6997360452567
2021-07-09 00:00:00+05:30,1454.65,1487.95,1438.2,1480.45,722075,1467.0666666666668,1473.275,1460.8583333333336,0.008463600836135496,1176.8875922855673,1,1415.7420000000002,1468.9216854445901,1362.5623145554102
2021-07-12 00:00:00+05:30,1490.0,1545.0,1480.5,1514.0,2277786,1468.8666666666668,1463.075,1474.6583333333335,0.00788589842508974,1208.1525650503788,1,1420.15,1485.5126866031796,1354.7873133968205
2021-07-13 00:00:00+05:30,1527.0,1549.0,1504.2,1514.15,1399422,1513.1666666666667,1512.75,1513.5833333333335,0.0005507214450931721,1221.6424624483636,1,1424.428,1499.1675695999477,1349.6884304000525
2021-07-14 00:00:00+05:30,1518.9,1518.9,1490.55,1501.25,348146,1522.45,1526.6,1518.3000000000002,0.00545173897336512,1221.6424624483636,1,1428.3380000000002,1508.3319561716094,1348.344043828391
2021-07-15 00:00:00+05:30,1508.75,1559.5,1495.05,1553.8,1290880,1503.5666666666666,1504.725,1502.4083333333333,0.0015407808100737842,1221.6424624483636,1,1432.9319999999998,1526.8208145839812,1339.0431854160183
2021-07-16 00:00:00+05:30,1566.8,1588.0,1537.15,1577.8,1699328,1536.1166666666668,1527.275,1544.9583333333335,0.01151171243503644,1253.8902672567156,1,1439.174,1548.7054169358962,1329.6425830641037
2021-07-19 00:00:00+05:30,1565.0,1596.8,1548.05,1568.95,1095880,1567.6499999999999,1562.575,1572.7249999999997,0.006474659522214548,1262.4376565664468,1,1445.524,1565.5082160285467,1325.539783971453
2021-07-20 00:00:00+05:30,1573.0,1574.95,1513.8,1545.9,564104,1571.2666666666667,1572.425,1570.1083333333333,0.0014743943315371501,1262.4376565664468,1,1450.066,1576.1531879930112,1323.9788120069888
2021-07-22 00:00:00+05:30,1546.0,1590.0,1546.0,1555.3,907522,1544.8833333333332,1544.375,1545.3916666666664,0.0006580863711389798,1262.4376565664468,1,1455.852,1587.3334039474207,1324.3705960525795
2021-07-23 00:00:00+05:30,1556.5,1580.0,1544.0,1561.55,483303,1563.7666666666667,1568.0,1559.5333333333333,0.005414277492379531,1262.4376565664468,1,1462.6319999999998,1597.6864538472707,1327.577546152729
2021-07-26 00:00:00+05:30,1557.05,1582.0,1535.05,1541.1,448253,1561.8500000000001,1562.0,1561.7000000000003,0.00019207990524040537,1262.4376565664468,1,1468.7920000000001,1603.5520317007404,1334.03196829926
2021-07-27 00:00:00+05:30,1549.0,1573.6,1520.0,1532.75,624588,1552.7166666666665,1558.525,1546.9083333333328,0.007481510900250472,1262.4376565664468,1,1473.3180000000002,1608.7641188221519,1337.8718811778485
2021-07-28 00:00:00+05:30,1542.8,1552.3,1515.75,1541.85,524528,1542.1166666666668,1546.8,1537.4333333333336,0.006073902752709803,1262.4376565664468,1,1478.9160000000002,1613.6590049241306,1344.1729950758697
2021-07-29 00:00:00+05:30,1540.0,1578.0,1538.0,1564.05,622122,1536.6333333333332,1534.025,1539.2416666666663,0.00339486756762592,1262.4376565664468,1,1485.2659999999998,1620.4952297396685,1350.0367702603312
2021-07-30 00:00:00+05:30,1565.0,1624.0,1555.0,1602.35,1339435,1560.0166666666667,1558.0,1562.0333333333333,0.0025854424632215274,1271.18034496525,1,1494.0180000000003,1630.1009067296256,1357.9350932703749
2021-08-02 00:00:00+05:30,1601.0,1675.0,1601.0,1657.7,2207454,1593.7833333333335,1589.5,1598.066666666667,0.005375050979326169,1311.69313116664,1,1504.2839999999999,1649.20050760346,1359.3674923965398
2021-08-03 00:00:00+05:30,1660.0,1697.85,1605.95,1659.55,4419464,1644.5666666666666,1638.0,1651.1333333333332,0.007985892940389492,1312.9134059199744,1,1514.586,1665.4486912658774,1363.7233087341226
2021-08-04 00:00:00+05:30,1641.0,1678.65,1621.05,1637.35,1351552,1654.45,1651.9,1657.0,0.003082595424461246,1312.9134059199744,1,1523.8380000000002,1675.3097908522352,1372.3662091477652
2021-08-05 00:00:00+05:30,1634.0,1645.3,1600.0,1604.7,561956,1645.6833333333332,1649.85,1641.5166666666664,0.0050637526458108505,1312.9134059199744,1,1532.114,1677.6276708903429,1386.6003291096572
2021-08-06 00:00:00+05:30,1610.0,1626.1,1578.75,1582.6,473497,1616.6666666666667,1622.65,1610.6833333333334,0.007402061855670121,1312.9134059199744,1,1539.9859999999999,1673.8102235769848,1406.161776423015
2021-08-09 00:00:00+05:30,1588.0,1608.4,1560.0,1562.95,390077,1595.8166666666666,1602.425,1589.2083333333333,0.008282070831026975,1312.9134059199744,1,1546.968,1665.8030718600478,1428.1329281399524
2021-08-10 00:00:00+05:30,1570.0,1582.0,1518.2,1548.7,450444,1577.1166666666668,1584.2,1570.0333333333335,0.008982637090893622,1312.9134059199744,1,1551.1719999999998,1662.2664141889345,1440.077585811065
2021-08-11 00:00:00+05:30,1554.0,1564.15,1494.1,1546.0,810532,1549.6333333333332,1550.1,1549.1666666666665,0.0006022930155521052,1312.9134059199744,1,1555.6619999999998,1655.9592593044417,1455.3647406955579
2021-08-12 00:00:00+05:30,1530.0,1568.5,1520.95,1557.0,463899,1534.75,1529.125,1540.375,0.007330184069066623,1312.9134059199744,1,1558.658,1654.3559819222035,1462.9600180777963
2021-08-13 00:00:00+05:30,1557.0,1567.15,1540.0,1546.45,236760,1548.8166666666666,1544.725,1552.9083333333333,0.005283603611359249,1312.9134059199744,1,1562.33,1648.3369113500903,1476.3230886499096
2021-08-16 00:00:00+05:30,1546.45,1561.3,1517.0,1546.75,341245,1551.2,1553.575,1548.825,0.003062145435791645,1312.9134059199744,1,1564.9820000000002,1644.575974043154,1485.3880259568464
2021-08-17 00:00:00+05:30,1548.75,1556.6,1507.8,1522.95,477050,1541.6833333333334,1539.15,1544.2166666666667,0.003286450957286909,1312.9134059199744,1,1565.34,1644.0895523795673,1486.5904476204325
2021-08-18 00:00:00+05:30,1530.0,1530.15,1496.45,1507.1,525931,1529.1166666666666,1532.1999999999998,1526.0333333333333,0.0040328294113158025,1312.9134059199744,1,1565.058,1644.5854225910925,1485.5305774089074
2021-08-20 00:00:00+05:30,1505.0,1510.9,1465.0,1484.95,787847,1511.2333333333336,1513.3000000000002,1509.166666666667,0.0027350728985154806,1312.9134059199744,1,1564.406,1646.2487972150404,1482.5632027849595
2021-08-23 00:00:00+05:30,1490.0,1506.9,1468.0,1475.85,1210796,1486.95,1487.95,1485.95,0.0013450351390430074,1312.9134059199744,1,1561.2880000000002,1650.148026018353,1472.4279739816475
2021-08-24 00:00:00+05:30,1482.0,1491.8,1451.7,1459.05,695322,1483.5833333333333,1487.45,1479.7166666666665,0.005212604617199512,1312.9134059199744,1,1556.5379999999998,1653.670117365897,1459.4058826341025
2021-08-25 00:00:00+05:30,1465.0,1468.35,1431.4,1440.5,652734,1467.5166666666667,1471.75,1463.2833333333333,0.005769383652655868,1312.9134059199744,1,1551.4,1658.4456612851852,1444.354338714815
2021-08-26 00:00:00+05:30,1440.0,1477.75,1433.3,1465.25,756332,1446.75,1449.875,1443.625,0.0043200276481769485,1312.9134059199744,1,1548.174,1660.4228169023738,1435.9251830976261
2021-08-27 00:00:00+05:30,1462.0,1485.0,1459.35,1473.7,586448,1458.7666666666667,1455.525,1462.0083333333332,0.004444393665881992,1312.9134059199744,1,1544.91,1660.8258211806428,1428.9941788193573
2021-08-30 00:00:00+05:30,1466.0,1504.95,1466.0,1494.35,581027,1472.6833333333334,1472.175,1473.1916666666668,0.0006903498149637593,1312.9134059199744,1,1542.2220000000002,1659.5773750962555,1424.8666249037449
2021-08-31 00:00:00+05:30,1495.0,1515.5,1455.75,1489.0,554834,1488.4333333333332,1485.475,1491.3916666666664,0.003975096857993762,1312.9134059199744,1,1540.138,1659.334994190218,1420.941005809782
2021-09-01 00:00:00+05:30,1494.0,1572.8,1477.45,1560.55,1496573,1486.75,1485.625,1487.875,0.0015133680847486128,1312.9134059199744,1,1541.25,1660.6690437073703,1421.8309562926297
2021-09-02 00:00:00+05:30,1568.3,1609.75,1560.0,1595.4,1477203,1536.9333333333334,1525.125,1548.7416666666668,0.015366096989676491,1312.9134059199744,1,1543.3919999999998,1664.683604589859,1422.1003954101407
2021-09-03 00:00:00+05:30,1603.0,1616.0,1566.0,1580.4,772024,1588.3833333333332,1584.875,1591.8916666666664,0.004417489480918601,1312.9134059199744,1,1544.046,1665.9508675647644,1422.1411324352357
2021-09-06 00:00:00+05:30,1580.9,1613.85,1577.55,1605.25,656360,1587.4666666666665,1591.0,1583.933333333333,0.0044515370401480734,1312.9134059199744,1,1544.1619999999998,1666.2938739067845,1422.0301260932151
2021-09-07 00:00:00+05:30,1612.95,1612.95,1563.35,1577.3,456386,1598.8833333333332,1595.6999999999998,1602.0666666666666,0.0039819457329595374,1312.9134059199744,1,1540.9460000000001,1654.910836401334,1426.9811635986662
2021-09-08 00:00:00+05:30,1577.3,1595.0,1565.0,1583.15,332605,1584.5333333333335,1588.15,1580.916666666667,0.004564961292493975,1312.9134059199744,1,1537.89,1642.6989232841504,1433.0810767158498
2021-09-09 00:00:00+05:30,1577.0,1586.5,1565.0,1581.55,269829,1581.05,1580.0,1582.1,0.0013282312387336954,1312.9134059199744,1,1535.658,1634.0816137518987,1437.2343862481011
2021-09-13 00:00:00+05:30,1574.1,1610.0,1573.9,1605.9,596095,1577.6833333333334,1575.75,1579.6166666666668,0.0024508509312177905,1312.9134059199744,1,1535.7060000000001,1634.2653275950227,1437.1466724049776
2021-09-14 00:00:00+05:30,1614.0,1629.0,1606.0,1615.8,566580,1596.6000000000001,1591.95,1601.2500000000002,0.005824877865464225,1312.9134059199744,1,1537.0340000000003,1638.9233859829521,1435.1446140170485
2021-09-15 00:00:00+05:30,1618.0,1647.0,1610.0,1633.2,507427,1616.9333333333334,1617.5,1616.3666666666668,0.000700915312937997,1316.0782505905615,1,1539.844,1648.1124822835477,1431.5755177164524
2021-09-16 00:00:00+05:30,1634.5,1645.0,1611.55,1640.45,452237,1630.0666666666666,1628.5,1631.6333333333332,0.0019222117704796606,1318.984120566939,1,1543.514,1658.7315803251515,1428.2964196748483
2021-09-17 00:00:00+05:30,1639.9,1655.7,1606.0,1629.55,641005,1632.3333333333333,1628.275,1636.3916666666664,0.004972432101286298,1320.0147557442613,1,1546.856,1666.9133906762206,1426.7986093237794
2021-09-20 00:00:00+05:30,1614.0,1675.0,1602.05,1644.95,1001594,1630.4166666666667,1630.85,1629.9833333333336,0.0005315614617938154,1320.0147557442613,1,1550.374,1676.4192176640693,1424.3287823359308
2021-09-21 00:00:00+05:30,1655.0,1758.6,1651.0,1723.65,4137923,1640.6666666666667,1638.525,1642.8083333333334,0.002610727346607052,1366.9032788939112,1,1557.4619999999998,1700.5979697070668,1414.3260302929327
2021-09-22 00:00:00+05:30,1738.95,1973.0,1726.7,1951.1,5971823,1711.0833333333333,1704.8,1717.3666666666666,0.007344275069400442,1455.6511477381548,1,1573.6359999999997,1783.910328475879,1363.3616715241205
2021-09-23 00:00:00+05:30,1960.0,2314.3,1957.05,2199.3,11219241,1883.5999999999997,1849.85,1917.3499999999995,0.03583563389254595,1655.5481018286287,1,1600.69,1922.4188249442088,1278.9611750557913
2021-09-24 00:00:00+05:30,2199.85,2273.75,2152.35,2191.45,5607060,2156.8833333333337,2135.675,2178.091666666667,0.01966572137265976,1718.1361777554835,1,1628.0639999999999,2021.7011674727637,1234.426832527236
2021-09-27 00:00:00+05:30,2192.5,2328.9,2187.0,2285.7,4089990,2205.85,2213.05,2198.6499999999996,0.0065280957454045135,1743.1007306452639,1,1660.094,2125.676532593288,1194.5114674067122
2021-09-28 00:00:00+05:30,2282.55,2309.0,2163.15,2234.2,2750782,2267.2,2257.95,2276.45,0.00815984474241355,1743.1007306452639,1,1690.4279999999999,2200.7130027817584,1180.1429972182416
2021-09-29 00:00:00+05:30,2229.7,2410.0,2198.0,2309.5,5653173,2235.45,2236.075,2234.825,0.0005591715314589904,1743.1007306452639,1,1724.4460000000001,2279.8883325026445,1169.0036674973558
2021-09-30 00:00:00+05:30,2325.0,2349.8,2290.0,2311.9,2356351,2305.8333333333335,2304.0,2307.666666666667,0.0015901698590532576,1753.0284160281685,1,1759.3020000000001,2347.496458647799,1171.107541352201
2021-10-01 00:00:00+05:30,2312.0,2340.0,2205.0,2233.3,2125602,2317.2333333333336,2319.9,2314.566666666667,0.002301595293237494,1753.0284160281685,1,1790.0240000000003,2393.605444459633,1186.4425555403675
2021-10-04 00:00:00+05:30,2239.95,2387.0,2237.6,2337.55,2543257,2259.4333333333334,2272.5,2246.366666666667,0.011566321939129227,1753.0284160281685,1,1824.578,2450.2699849766145,1198.8860150233854
2021-10-05 00:00:00+05:30,2345.0,2347.5,2260.0,2285.45,1527266,2320.7166666666667,2312.3,2329.133333333333,0.007253506459929632,1753.0284160281685,1,1856.2220000000002,2491.848843410484,1220.5951565895168
2021-10-06 00:00:00+05:30,2296.9,2319.65,2260.5,2287.05,1227796,2297.65,2303.75,2291.55,0.005309773028964297,1753.0284160281685,1,1888.144,2526.9453389591276,1249.3426610408724
2021-10-07 00:00:00+05:30,2308.45,2498.0,2308.45,2476.8,3823955,2289.0666666666666,2290.075,2288.0583333333334,0.0008809995340166695,1773.2878689201025,1,1924.7939999999999,2588.846670995286,1260.7413290047139
2021-10-08 00:00:00+05:30,2499.0,2499.8,2314.3,2359.5,2624058,2427.75,2403.225,2452.275,0.020203892493049193,1773.2878689201025,1,1955.3580000000002,2626.2561601882458,1284.4598398117546
2021-10-11 00:00:00+05:30,2373.5,2440.0,2336.4,2368.95,1867611,2391.2000000000003,2407.05,2375.3500000000004,0.013256942121110662,1773.2878689201025,1,1986.9,2658.4646840029427,1315.3353159970575
2021-10-12 00:00:00+05:30,2380.0,2448.0,2354.55,2435.6,1449348,2381.7833333333333,2388.2,2375.366666666667,0.005388119546278222,1773.2878689201025,1,2020.114,2695.01728226789,1345.21071773211
2021-10-13 00:00:00+05:30,2440.0,2479.9,2403.25,2458.05,883199,2412.7166666666667,2401.275,2424.1583333333333,0.00948446771619815,1787.27174406102,1,2055.344,2726.046930555675,1384.6410694443252
2021-10-14 00:00:00+05:30,2472.5,2598.0,2462.2,2502.75,2115023,2447.0666666666666,2441.575,2452.5583333333334,0.0044883670244647645,1862.7828742985794,1,2092.1279999999997,2756.04287651955,1428.2131234804494
2021-10-18 00:00:00+05:30,2524.95,2557.1,2456.95,2502.8,1266336,2520.983333333333,2530.1,2511.8666666666663,0.007232627480017815,1862.7828742985794,1,2128.978,2777.534187900454,1480.421812099546
2021-10-19 00:00:00+05:30,2517.0,2542.0,2353.4,2390.35,1149290,2505.6166666666663,2507.0249999999996,2504.208333333333,0.0011241410963368724,1862.7828742985794,1,2160.356,2779.9038753542527,1540.808124645748
2021-10-20 00:00:00+05:30,2385.0,2410.9,2262.1,2309.7,1742910,2428.5833333333335,2447.7,2409.466666666667,0.015743060083038534,1862.7828742985794,1,2188.1119999999996,2768.525620295016,1607.6983797049834
2021-10-21 00:00:00+05:30,2308.0,2359.6,2200.1,2282.9,1517569,2327.5666666666666,2336.5,2318.633333333333,0.007676113824165489,1862.7828742985794,1,2214.1,2749.214619497512,1678.985380502488
2021-10-22 00:00:00+05:30,2294.35,2434.8,2291.55,2350.9,2165332,2280.866666666667,2279.85,2281.8833333333337,0.0008914740011108749,1862.7828742985794,1,2242.518,2725.694688080009,1759.341311919991
2021-10-25 00:00:00+05:30,2368.0,2371.0,2206.45,2279.4,1077690,2359.0833333333335,2363.175,2354.991666666667,0.003468861492811499,1862.7828742985794,1,2268.512,2681.8615395231086,1855.1624604768917
2021-10-26 00:00:00+05:30,2286.2,2363.5,2266.1,2345.25,1014326,2285.616666666667,2288.725,2282.5083333333337,0.0027199078293966947,1862.7828742985794,1,2296.5240000000003,2622.788643649853,1970.259356350148
2021-10-27 00:00:00+05:30,2356.85,2395.35,2320.0,2383.4,974226,2324.9500000000003,2314.8,2335.1000000000004,0.008731370567109048,1862.7828742985794,1,2322.9139999999998,2551.7391306477602,2094.0888693522393
2021-10-28 00:00:00+05:30,2389.05,2389.85,2255.0,2270.45,1247808,2366.25,2357.675,2374.825,0.007247754886423512,1862.7828742985794,1,2335.688,2508.977732598225,2162.3982674017752
2021-10-29 00:00:00+05:30,2275.0,2314.25,2186.3,2233.3,957077,2305.1,2322.425,2287.7749999999996,0.01503188581840291,1862.7828742985794,1,2337.048,2506.52658739075,2167.5694126092494
2021-11-01 00:00:00+05:30,2247.1,2438.5,2240.0,2345.3,2611892,2244.616666666667,2250.275,2238.9583333333335,0.005041692345389311,1862.7828742985794,1,2343.202,2501.9174547735165,2184.486545226484
2021-11-02 00:00:00+05:30,2359.0,2430.75,2271.0,2349.85,3675408,2341.266666666667,2339.25,2343.2833333333338,0.0017227142002906222,1862.7828742985794,1,2345.768,2502.746637731266,2188.789362268734
2021-11-03 00:00:00+05:30,2335.0,2454.8,2315.0,2428.45,2388164,2350.5333333333333,2350.875,2350.1916666666666,0.0002907141641613509,1862.7828742985794,1,2353.538,2506.8449607811854,2200.2310392188147
2021-11-04 00:00:00+05:30,2440.1,2464.1,2412.5,2429.9,175681,2399.4166666666665,2384.9,2413.933333333333,0.012100163234119202,1862.7828742985794,1,2358.354,2513.3796054204067,2203.328394579593
2021-11-08 00:00:00+05:30,2439.0,2471.55,2407.8,2446.8,1158106,2435.5,2438.3,2432.7,0.0022993225210430563,1862.7828742985794,1,2363.75,2521.3026147036717,2206.1973852963283
2021-11-09 00:00:00+05:30,2451.0,2484.0,2410.0,2420.95,1347552,2442.05,2439.675,2444.425,0.001945087119428349,1862.7828742985794,1,2371.256,2520.916309554549,2221.5956904454506
2021-11-10 00:00:00+05:30,2416.15,2416.15,2343.0,2369.65,1107542,2438.3166666666666,2447.0,2429.633333333333,0.00712240001640481,1862.7828742985794,1,2372.54,2521.5710410617985,2223.5089589382014
2021-11-11 00:00:00+05:30,2370.0,2390.0,2278.2,2292.8,1111631,2376.2666666666664,2379.575,2372.958333333333,0.0027844798563573625,1862.7828742985794,1,2372.834,2521.204190321248,2224.4638096787517
2021-11-12 00:00:00+05:30,2320.0,2341.75,2237.9,2291.95,1733393,2320.3333333333335,2334.1,2306.566666666667,0.011866111190920636,1862.7828742985794,1,2373.03,2520.958672000946,2225.1013279990543
2021-11-15 00:00:00+05:30,2303.45,2344.0,2272.35,2337.75,805078,2290.5333333333333,2289.825,2291.241666666667,0.0006184876884569692,1862.7828742985794,1,2367.468,2509.719126898747,2225.2168731012525
2021-11-16 00:00:00+05:30,2343.9,2360.0,2292.55,2322.05,1098037,2318.0333333333333,2308.175,2327.8916666666664,0.008505773572424718,1862.7828742985794,1,2365.97,2509.309792102415,2222.6302078975846
2021-11-17 00:00:00+05:30,2310.2,2325.0,2211.6,2222.2,1309961,2324.866666666667,2326.275,2323.4583333333335,0.001211539012989966,1862.7828742985794,1,2360.1,2514.094212878159,2206.105787121841
2021-11-18 00:00:00+05:30,2222.0,2289.6,2157.65,2177.4,1429851,2252.9333333333334,2268.3,2237.5666666666666,0.013641474818015139,1862.7828742985794,1,2349.772,2516.2538118112725,2183.2901881887274
2021-11-22 00:00:00+05:30,2161.75,2188.25,2062.35,2116.2,1813157,2208.2166666666667,2223.625,2192.8083333333334,0.013955454250413201,1862.7828742985794,1,2336.098,2520.0038486942826,2152.1921513057173
2021-11-23 00:00:00+05:30,2119.8,2208.0,2107.0,2177.35,1567313,2122.266666666667,2125.3,2119.2333333333336,0.002858578877929229,1862.7828742985794,1,2323.0820000000003,2504.002375590934,2142.1616244090665
2021-11-24 00:00:00+05:30,2199.45,2254.8,2160.5,2182.5,1346587,2164.116666666667,2157.5,2170.7333333333336,0.006114889061742008,1862.7828742985794,1,2310.27,2483.6768949031866,2136.8631050968133
2021-11-25 00:00:00+05:30,2194.0,2269.95,2185.0,2239.35,2350517,2199.266666666667,2207.65,2190.8833333333337,0.0076237533723361225,1862.7828742985794,1,2304.23,2476.5747684148405,2131.8852315851595
2021-11-26 00:00:00+05:30,2232.1,2232.1,2080.0,2095.75,1163577,2231.433333333333,2227.475,2235.391666666666,0.003547794392243877,1862.7828742985794,1,2295.672,2486.352885418453,2104.991114581547
2021-11-29 00:00:00+05:30,2070.5,2121.3,1988.7,2062.1,970295,2135.9500000000003,2156.05,2115.8500000000004,0.018820665277745178,1862.7828742985794,1,2286.84,2498.3820147393076,2075.2979852606927
2021-11-30 00:00:00+05:30,2106.0,2172.95,1960.0,1996.7,15091293,2057.366666666667,2055.0,2059.7333333333336,0.0023006756209395063,1862.7828742985794,1,2272.672,2510.9145253055503,2034.4294746944497
2021-12-01 00:00:00+05:30,1973.8,2031.0,1938.05,1966.5,1381091,2043.2166666666665,2066.475,2019.958333333333,0.02276638959810114,1862.7828742985794,1,2260.156,2526.8473276729596,1993.4646723270403
2021-12-02 00:00:00+05:30,1982.0,2029.0,1943.5,2020.75,1153260,1978.5166666666667,1984.525,1972.5083333333332,0.006073573636815567,1862.7828742985794,1,2247.176,2527.28708813463,1967.0649118653703
2021-12-03 00:00:00+05:30,2031.0,2063.95,2005.1,2020.1,833974,1997.75,1986.25,2009.25,0.011512952071079965,1862.7828742985794,1,2232.6440000000002,2520.565084076812,1944.7229159231883
2021-12-06 00:00:00+05:30,2040.35,2116.65,1952.9,1961.45,2610898,2029.7166666666665,2034.5249999999999,2024.908333333333,0.004737935508240127,1862.7828742985794,1,2220.284,2526.5945858046157,1913.9734141953845
2021-12-07 00:00:00+05:30,1990.0,2008.0,1962.35,2000.15,1664290,2010.3333333333333,2034.775,1985.8916666666664,0.024316033825236446,1862.7828742985794,1,2210.958,2529.084716488834,1892.831283511166
2021-12-08 00:00:00+05:30,2018.2,2049.0,2009.3,2042.8,747803,1990.1666666666667,1985.175,1995.1583333333335,0.005016330290595549,1862.7828742985794,1,2198.8579999999997,2518.6323925707106,1879.0836074292886
2021-12-09 00:00:00+05:30,2055.0,2059.9,2018.0,2044.35,483899,2033.7,2029.15,2038.25,0.004474602940453316,1862.7828742985794,1,2186.6380000000004,2505.746462162895,1867.5295378371059
2021-12-10 00:00:00+05:30,2045.0,2108.0,2026.05,2099.2,1057123,2040.75,2038.95,2042.55,0.001764057331863241,1862.7828742985794,1,2173.468,2478.4335598653192,1868.5024401346805
2021-12-13 00:00:00+05:30,2108.65,2125.0,2055.55,2066.35,832567,2077.75,2067.025,2088.475,0.010323667428708853,1862.7828742985794,1,2158.926,2447.8426262020375,1870.009373797962
2021-12-14 00:00:00+05:30,2079.0,2088.0,2012.0,2082.5,996662,2082.2999999999997,2090.275,2074.3249999999994,0.0076597992604335256,1862.7828742985794,1,2144.354,2409.4927620397443,1879.215237960255
2021-12-15 00:00:00+05:30,2071.0,2074.9,1998.5,2012.9,718574,2060.8333333333335,2050.0,2071.666666666667,0.010513546300040583,1862.7828742985794,1,2128.032,2372.484247901239,1883.5797520987614
2021-12-16 00:00:00+05:30,2036.6,2044.75,1985.0,1998.6,568451,2028.7666666666667,2036.7,2020.8333333333333,0.007820843533838353,1862.7828742985794,1,2113.19,2341.697118488613,1884.6828815113872
2021-12-17 00:00:00+05:30,1999.0,2009.6,1875.0,1884.7,1045683,2009.45,2014.875,2004.025,0.005399487421931329,1862.7828742985794,1,2096.866,2329.9781613643727,1863.7538386356275
2021-12-20 00:00:00+05:30,1845.0,1885.9,1766.35,1806.15,1895623,1923.1000000000001,1942.3,1903.9000000000003,0.01996776038687517,2528.506375611024,-1,2077.4339999999997,2322.921582936428,1831.9464170635717
2021-12-21 00:00:00+05:30,1820.0,1856.8,1792.55,1818.25,1012300,1819.4666666666665,1826.125,1812.808333333333,0.007318994577165687,2516.951120586583,-1,2056.654,2298.4035148619123,1814.9044851380877
2021-12-22 00:00:00+05:30,1820.0,1861.85,1820.0,1852.4,763341,1822.5333333333335,1824.675,1820.391666666667,0.00235020850098737,2516.951120586583,-1,2037.868,2266.8586511278795,1808.8773488721201
2021-12-23 00:00:00+05:30,1874.0,1892.95,1860.0,1875.9,641452,1844.75,1840.925,1848.575,0.004146903374441031,2516.951120586583,-1,2024.016,2248.5823870127733,1799.449612987227
2021-12-24 00:00:00+05:30,1880.0,1885.0,1814.15,1828.7,603674,1876.2833333333335,1876.475,1876.0916666666672,0.00020430460928933474,2504.045338623291,-1,2010.068,2238.084107992332,1782.0518920076681
2021-12-27 00:00:00+05:30,1818.0,1846.55,1785.0,1839.8,541823,1842.6166666666668,1849.575,1835.6583333333335,0.007552665141058376,2461.30052507836,-1,1999.0120000000002,2232.1187468435246,1765.9052531564757
2021-12-28 00:00:00+05:30,1853.0,1865.0,1832.1,1855.75,412175,1823.7833333333335,1815.775,1831.791666666667,0.00878211044806138,2461.30052507836,-1,1986.148,2213.9021542628175,1758.3938457371826
2021-12-29 00:00:00+05:30,1855.75,1868.0,1845.4,1858.35,314229,1850.95,1848.55,1853.3500000000001,0.0025932629190416716,2461.30052507836,-1,1973.1819999999998,2191.4570592806504,1754.9069407193492
2021-12-30 00:00:00+05:30,1858.0,1859.95,1825.0,1840.45,382004,1857.25,1856.7,1857.8,0.0005922735226813348,2437.9453301557273,-1,1957.226,2152.4417946887797,1762.0102053112205
2021-12-31 00:00:00+05:30,1853.25,1881.95,1848.15,1871.8,392238,1841.8,1842.475,1841.125,0.0007329786078835428,2437.9453301557273,-1,1948.2679999999998,2137.702991234386,1758.8330087656138
2022-01-03 00:00:00+05:30,1886.75,1914.4,1875.0,1903.6,664397,1867.3000000000002,1865.0500000000002,1869.5500000000002,0.002409896642210678,2437.9453301557273,-1,1941.9279999999999,2126.2397860148176,1757.616213985182
2022-01-04 00:00:00+05:30,1919.55,1919.55,1872.25,1890.3,458510,1897.6666666666667,1894.7,1900.6333333333334,0.0031266467591779695,2437.9453301557273,-1,1937.672,2121.641717247084,1753.7022827529158
2022-01-05 00:00:00+05:30,1890.0,1928.95,1870.0,1920.7,586019,1894.0333333333335,1895.9,1892.166666666667,0.0019711022333291145,2437.9453301557273,-1,1935.84,2119.5369003548294,1752.1430996451704
2022-01-06 00:00:00+05:30,1909.95,1910.0,1876.75,1903.55,527766,1906.55,1899.475,1913.625,0.007421782801395238,2437.9453301557273,-1,1931.152,2111.900199393444,1750.403800606556
2022-01-07 00:00:00+05:30,1910.0,1932.4,1885.0,1891.5,572626,1896.7666666666667,1893.375,1900.1583333333333,0.0035762613570461854,2437.9453301557273,-1,1926.0079999999998,2103.63050461012,1748.3854953898792
2022-01-10 00:00:00+05:30,1901.8,1947.0,1901.8,1921.5,585189,1902.9666666666665,1908.7,1897.233333333333,0.006025679202648752,2437.9453301557273,-1,1924.41,2101.446181612608,1747.373818387392
2022-01-11 00:00:00+05:30,1923.0,1948.5,1906.6,1913.25,890137,1923.4333333333334,1924.4,1922.4666666666667,0.0010051470460808246,2437.9453301557273,-1,1920.934,2095.2772217666416,1746.5907782333584
2022-01-12 00:00:00+05:30,1930.0,1988.4,1926.85,1956.1,1102410,1922.7833333333335,1927.55,1918.016666666667,0.004958090268447397,2437.9453301557273,-1,1917.4660000000001,2085.3025364751443,1749.629463524856
2022-01-13 00:00:00+05:30,1957.95,1957.95,1912.2,1929.9,435700,1957.1166666666668,1957.625,1956.6083333333336,0.0005194716717619069,2437.9453301557273,-1,1912.888,2072.681865414078,1753.094134585922
2022-01-14 00:00:00+05:30,1920.0,1969.65,1906.05,1964.35,1012320,1933.3500000000001,1935.075,1931.6250000000002,0.0017844673752811535,2437.9453301557273,-1,1907.494,2049.9281484896533,1765.0598515103466
2022-01-17 00:00:00+05:30,1964.95,1989.9,1938.0,1977.95,798294,1946.6833333333332,1937.85,1955.5166666666664,0.009075264766568702,2437.9453301557273,-1,1903.958,2034.3193613919887,1773.5966386080115
2022-01-18 00:00:00+05:30,1983.0,2012.5,1894.8,1903.05,1230549,1968.6166666666668,1963.95,1973.2833333333335,0.0047410618285260294,2437.9453301557273,-1,1896.78,2004.8899551381498,1788.67004486185
2022-01-19 00:00:00+05:30,1898.0,1898.0,1820.4,1851.2,1249679,1936.7833333333335,1953.65,1919.916666666667,0.017417195177570947,2379.93852046003,-1,1890.3120000000001,1988.777280297031,1791.8467197029693
2022-01-20 00:00:00+05:30,1860.5,1879.45,1842.5,1867.0,525825,1856.5333333333335,1859.2,1853.866666666667,0.0028727377190460876,2371.2299796416282,-1,1885.0480000000002,1973.3390979882627,1796.7569020117378
2022-01-21 00:00:00+05:30,1850.0,1858.0,1776.7,1798.85,598677,1862.9833333333333,1860.975,1864.9916666666668,0.002156040043299839,2332.4787804559633,-1,1881.614,1976.1494135547787,1787.0785864452214
2022-01-24 00:00:00+05:30,1798.85,1800.0,1627.0,1655.9,1351199,1811.1833333333332,1817.35,1805.0166666666664,0.006809544404671064,2256.463629237725,-1,1875.6040000000003,2002.22462681875,1748.9833731812505
2022-01-25 00:00:00+05:30,1644.0,1648.5,1560.5,1638.95,3330806,1694.3,1713.5,1675.1,0.022664227114442596,2152.457084068216,-1,1868.432,2024.1931450393622,1712.6708549606378
2022-01-27 00:00:00+05:30,1624.1,1624.1,1548.0,1609.95,1505371,1615.9833333333333,1604.5,1627.4666666666667,0.01421219278251634,2137.554800705487,-1,1858.734,2044.568002744313,1672.899997255687
2022-01-28 00:00:00+05:30,1630.0,1705.75,1620.15,1632.1,1100713,1594.0166666666667,1586.05,1601.9833333333333,0.009995713135579967,2137.554800705487,-1,1848.9820000000002,2054.7119159188414,1643.252084081159
2022-01-31 00:00:00+05:30,1659.0,1725.0,1656.7,1715.15,1147207,1652.6666666666667,1662.95,1642.3833333333334,0.012444534086325093,2137.554800705487,-1,1844.44,2056.6715301739437,1632.2084698260564
2022-02-01 00:00:00+05:30,1749.85,1761.0,1687.3,1721.5,1555314,1698.95,1690.85,1707.0500000000002,0.009535301215456767,2137.554800705487,-1,1839.7079999999999,2057.3487345695507,1622.067265430449
2022-02-02 00:00:00+05:30,1736.0,1786.8,1727.0,1782.2,966243,1723.2666666666667,1724.15,1722.3833333333332,0.0010251847266820064,2137.554800705487,-1,1836.766,2055.445765355585,1618.086234644415
2022-02-03 00:00:00+05:30,1784.9,1792.0,1651.7,1667.85,3044456,1765.3333333333333,1756.9,1773.7666666666664,0.00955438066465238,2137.554800705487,-1,1829.146,2057.354811258404,1600.937188741596
2022-02-04 00:00:00+05:30,1501.1,1574.8,1500.1,1506.9,8765781,1703.8499999999997,1721.85,1685.8499999999995,0.021128620477154948,2132.9000252621026,-1,1815.8039999999999,2076.4984156209985,1555.1095843790013
2022-02-07 00:00:00+05:30,1590.25,1609.7,1532.15,1561.55,5441200,1527.2666666666664,1537.4499999999998,1517.083333333333,0.013335370378453964,2132.9000252621026,-1,1803.394,2081.219616270304,1525.568383729696
2022-02-08 00:00:00+05:30,1570.0,1579.95,1520.0,1551.2,1668512,1567.8000000000002,1570.9250000000002,1564.6750000000002,0.003986477867074882,2132.9000252621026,-1,1789.2980000000002,2080.780376112132,1497.8156238878682
2022-02-09 00:00:00+05:30,1560.0,1564.0,1537.95,1547.15,1037914,1550.3833333333332,1549.975,1550.7916666666665,0.0005267514485664445,2127.7269679502915,-1,1775.5720000000001,2078.817516477943,1472.3264835220568
2022-02-10 00:00:00+05:30,1556.65,1585.0,1542.0,1576.7,1150733,1549.7,1550.975,1548.4250000000002,0.0016454797702779422,2127.7269679502915,-1,1761.8120000000001,2068.6646725058376,1454.9593274941626
2022-02-11 00:00:00+05:30,1569.9,1580.8,1532.25,1560.45,1067208,1567.8999999999999,1563.5,1572.2999999999997,0.005612602844568995,2113.2120136629887,-1,1748.088,2059.0193252536237,1437.156674746376
2022-02-14 00:00:00+05:30,1535.0,1550.0,1459.0,1472.2,1471403,1557.8333333333333,1556.525,1559.1416666666664,0.0016796833208513962,2067.325533116469,-1,1731.316,2054.488769545912,1408.143230454088
2022-02-15 00:00:00+05:30,1496.9,1562.05,1481.1,1554.3,1533031,1493.7333333333333,1504.5,1482.9666666666667,0.014415781487101648,2067.325533116469,-1,1716.628,2037.2586960725614,1395.9973039274385
2022-02-16 00:00:00+05:30,1560.0,1628.0,1560.0,1586.9,2687484,1532.4833333333333,1521.5749999999998,1543.3916666666669,0.014236152649838754,2067.325533116469,-1,1703.5739999999998,2017.6273051823773,1389.5206948176224
2022-02-17 00:00:00+05:30,1598.0,1612.0,1585.0,1606.25,959332,1591.6333333333332,1594.0,1589.2666666666664,0.002973884269827793,2067.325533116469,-1,1689.58,1988.174312069027,1390.9856879309727
2022-02-18 00:00:00+05:30,1600.0,1616.65,1562.55,1569.0,929886,1601.0833333333333,1598.5,1603.6666666666665,0.00322698173111946,2067.325533116469,-1,1675.144,1960.4696109359547,1389.8183890640453
2022-02-21 00:00:00+05:30,1565.0,1599.45,1537.35,1587.2,944807,1582.7333333333333,1589.6,1575.8666666666668,0.008676972326355116,2067.325533116469,-1,1660.0580000000002,1921.5066575677454,1398.609342432255
2022-02-22 00:00:00+05:30,1546.95,1583.7,1530.0,1556.45,785725,1574.6666666666667,1568.4,1580.9333333333334,0.00795935647756137,2067.325533116469,-1,1643.1979999999999,1872.9087946614095,1413.4872053385902
2022-02-23 00:00:00+05:30,1570.0,1609.0,1567.0,1596.85,949354,1556.7166666666665,1556.85,1556.583333333333,0.00017130070768618498,2067.325533116469,-1,1630.95,1835.1729350488736,1426.7270649511265
2022-02-24 00:00:00+05:30,1520.2,1548.0,1443.0,1451.3,1788534,1590.95,1588.0,1593.9,0.0037084760677583146,2042.9520742313894,-1,1614.954,1810.109755067527,1419.798244932473
2022-02-25 00:00:00+05:30,1500.0,1533.35,1457.85,1471.45,1792611,1480.7666666666667,1495.5,1466.0333333333333,0.019899601557751636,2042.9520742313894,-1,1599.1319999999998,1772.9566815155335,1425.3073184844661
2022-02-28 00:00:00+05:30,1465.0,1510.7,1432.0,1502.15,1440261,1487.55,1495.6,1479.5,0.010823165607878667,2019.9728716116483,-1,1587.264,1744.6632973808232,1429.8647026191766
2022-03-02 00:00:00+05:30,1507.0,1519.5,1481.1,1504.7,1473991,1481.6166666666668,1471.35,1491.8833333333337,0.013858735390395912,2019.9728716116483,-1,1581.2159999999997,1739.2197081083125,1423.2122918916868
2022-03-03 00:00:00+05:30,1529.25,1561.95,1516.35,1539.6,1654795,1501.7666666666667,1500.3,1503.2333333333333,0.0019532550551573,2019.9728716116483,-1,1577.2420000000002,1734.2317746478318,1420.2522253521686
2022-03-04 00:00:00+05:30,1520.0,1532.8,1443.45,1466.3,1542081,1539.3,1539.15,1539.4499999999998,0.00019489378288814862,2019.9728716116483,-1,1571.496,1733.705289302361,1409.2867106976391
2022-03-07 00:00:00+05:30,1429.0,1429.0,1350.55,1374.8,1588956,1480.8500000000001,1488.125,1473.5750000000003,0.00982543809298695,1938.2869982126754,-1,1561.204,1738.6604395449688,1383.7475604550311
2022-03-08 00:00:00+05:30,1374.0,1429.0,1368.0,1424.25,1053313,1384.7833333333335,1389.775,1379.791666666667,0.007209310722495543,1938.2869982126754,-1,1549.5680000000002,1723.2295279904486,1375.9064720095519
2022-03-09 00:00:00+05:30,1438.0,1480.0,1425.0,1467.3,884502,1407.0833333333333,1398.5,1415.6666666666665,0.01220017767249027,1938.2869982126754,-1,1539.4,1700.9486279730577,1377.8513720269425
2022-03-10 00:00:00+05:30,1519.0,1519.0,1475.55,1484.0,893869,1457.4333333333334,1452.5,1462.3666666666668,0.006769892276376361,1938.2869982126754,-1,1527.4719999999998,1656.2649410487136,1398.679058951286
2022-03-11 00:00:00+05:30,1480.0,1501.95,1471.0,1492.8,570819,1492.8500000000001,1497.275,1488.4250000000002,0.005928258029942665,1938.2869982126754,-1,1520.47,1636.361742587544,1404.578257412456
2022-03-14 00:00:00+05:30,1500.0,1504.0,1467.9,1487.35,509386,1488.5833333333333,1486.475,1490.6916666666666,0.002832670883950085,1938.2869982126754,-1,1519.6879999999999,1636.1976400474123,1403.1783599525875
2022-03-15 00:00:00+05:30,1494.8,1536.9,1462.0,1470.95,1619139,1486.4166666666667,1485.95,1486.8833333333334,0.0006279082805404904,1938.2869982126754,-1,1516.0640000000003,1632.7757698262592,1399.3522301737414
2022-03-16 00:00:00+05:30,1490.75,1534.75,1490.0,1526.35,972762,1489.95,1499.45,1480.45,0.012752105775361589,1938.2869982126754,-1,1515.07,1630.988450645174,1399.1515493548259
2022-03-17 00:00:00+05:30,1549.0,1604.2,1545.0,1596.4,1652040,1517.0333333333335,1512.375,1521.691666666667,0.006141372415460257,1938.2869982126754,-1,1517.04,1636.686288701228,1397.393711298772
2022-03-21 00:00:00+05:30,1609.75,1639.7,1601.45,1607.8,1206242,1581.8666666666668,1574.6,1589.1333333333337,0.009187457855698177,1938.2869982126754,-1,1518.2839999999999,1640.9931446306166,1395.5748553693832
2022-03-22 00:00:00+05:30,1607.0,1607.0,1545.25,1578.95,872990,1616.3166666666666,1620.575,1612.0583333333332,0.005269181987853172,1938.2869982126754,-1,1519.0240000000003,1642.9583636606799,1395.0896363393208
2022-03-23 00:00:00+05:30,1580.0,1611.0,1551.15,1558.5,1008556,1577.0666666666666,1576.125,1578.0083333333332,0.0011942002029082762,1938.2869982126754,-1,1522.476,1645.8072616329598,1399.1447383670404
2022-03-24 00:00:00+05:30,1548.0,1574.45,1533.2,1569.65,790580,1573.55,1581.075,1566.0249999999999,0.009564360840138656,1938.2869982126754,-1,1523.09,1647.1992712087922,1398.9807287912076
2022-03-25 00:00:00+05:30,1583.8,1635.5,1575.15,1622.95,1786135,1559.1000000000001,1553.825,1564.3750000000002,0.006766724392277712,1938.2869982126754,-1,1524.5320000000002,1652.355481035284,1396.7085189647164
2022-03-28 00:00:00+05:30,1631.55,1651.35,1598.2,1628.95,1374928,1611.2,1605.325,1617.075,0.007292701092353525,1938.2869982126754,-1,1525.44,1655.868487685695,1395.011512314305
2022-03-29 00:00:00+05:30,1637.0,1664.0,1626.9,1632.3,879939,1626.1666666666667,1624.775,1627.5583333333334,0.0017115916777697875,1938.2869982126754,-1,1527.9720000000002,1664.021256021404,1391.9227439785964
2022-03-30 00:00:00+05:30,1647.9,1676.95,1642.6,1665.6,715374,1641.0666666666666,1645.45,1636.6833333333332,0.005342053948651413,1938.2869982126754,-1,1531.108,1675.8126085789165,1386.4033914210834
2022-03-31 00:00:00+05:30,1685.0,1685.0,1657.55,1672.2,822933,1661.7166666666665,1659.775,1663.6583333333328,0.002336940713919997,1938.2869982126754,-1,1535.7379999999998,1690.4507461587357,1381.025253841264
2022-04-01 00:00:00+05:30,1673.2,1698.0,1670.0,1692.15,617371,1671.5833333333333,1671.275,1671.8916666666664,0.0003689117104539607,1938.2869982126754,-1,1539.55,1704.45819991734,1374.64180008266
2022-04-04 00:00:00+05:30,1700.65,1715.15,1658.3,1681.75,878744,1686.7166666666665,1684.0,1689.433333333333,0.0032212483819647284,1938.2869982126754,-1,1548.7679999999998,1718.603428294503,1378.9325717054967
2022-04-05 00:00:00+05:30,1689.0,1693.35,1665.0,1672.05,611044,1685.0666666666666,1686.725,1683.4083333333333,0.001968270295932865,1938.2869982126754,-1,1556.7920000000001,1730.1753756274727,1383.4086243725276
2022-04-06 00:00:00+05:30,1665.0,1690.0,1659.0,1681.65,511082,1676.8,1679.175,1674.425,0.002832776717557252,1938.2869982126754,-1,1563.9720000000002,1742.4998377844117,1385.4441622155887
2022-04-07 00:00:00+05:30,1690.1,1699.0,1662.0,1666.85,682723,1676.8833333333332,1674.5,1679.2666666666664,0.0028425750151569425,1938.2869982126754,-1,1570.458,1751.6629396235576,1389.2530603764426
2022-04-08 00:00:00+05:30,1680.0,1682.5,1658.3,1665.25,377738,1675.95,1680.5,1671.4,0.005429756257644864,1938.2869982126754,-1,1575.484,1759.9278033005637,1391.0401966994361
2022-04-11 00:00:00+05:30,1670.25,1705.0,1664.0,1688.55,584430,1668.6833333333334,1670.4,1666.9666666666667,0.002057510412401031,1938.2869982126754,-1,1584.374,1768.3344090449273,1400.4135909550728
2022-04-12 00:00:00+05:30,1680.0,1682.35,1596.6,1610.95,1008791,1685.8500000000001,1684.5,1687.2000000000003,0.0016015659756207685,1938.2869982126754,-1,1593.82,1756.823460085904,1430.816539914096
2022-04-13 00:00:00+05:30,1624.5,1632.0,1598.0,1603.25,274084,1629.9666666666665,1639.475,1620.458333333333,0.011666905253686301,1938.2869982126754,-1,1600.98,1748.5559329971416,1453.4040670028585
2022-04-18 00:00:00+05:30,1590.0,1609.15,1550.3,1604.85,412593,1611.0833333333333,1615.0,1607.1666666666665,0.004862152795737952,1938.2869982126754,-1,1606.4820000000002,1743.5976792783993,1469.3663207216011
2022-04-19 00:00:00+05:30,1617.8,1628.15,1538.85,1565.95,348395,1588.0999999999997,1579.725,1596.4749999999995,0.010547194761034915,1938.2869982126754,-1,1609.76,1738.6796990377218,1480.8403009622782
2022-04-20 00:00:00+05:30,1575.0,1592.95,1563.0,1575.65,292957,1577.6499999999999,1583.5,1571.7999999999997,0.0074160935568727375,1938.2869982126754,-1,1613.0739999999998,1733.7958890507296,1492.3521109492701
2022-04-21 00:00:00+05:30,1590.0,1605.95,1582.7,1593.9,284595,1577.2,1577.975,1576.4250000000002,0.0009827542480343185,1938.2869982126754,-1,1617.336,1727.0214357514099,1507.6505642485902
2022-04-22 00:00:00+05:30,1580.0,1599.5,1565.05,1574.4,341043,1594.1833333333334,1594.325,1594.0416666666667,0.00017772945395237038,1938.2869982126754,-1,1621.474,1715.4354010962832,1527.5125989037167
2022-04-25 00:00:00+05:30,1560.0,1560.0,1503.55,1510.8,672129,1579.6500000000003,1582.275,1577.0250000000005,0.003323521033139964,1927.6005343633635,-1,1620.8519999999999,1717.4916543038964,1524.2123456961033
2022-04-26 00:00:00+05:30,1518.75,1589.0,1517.05,1582.9,499858,1524.7833333333335,1531.775,1517.791666666667,0.009170701848349899,1927.6005343633635,-1,1620.312,1717.6405622208435,1522.9834377791562
2022-04-27 00:00:00+05:30,1572.05,1581.8,1546.3,1570.4,327072,1562.9833333333336,1553.025,1572.941666666667,0.012742724917092505,1927.6005343633635,-1,1618.816,1717.9998806257179,1519.6321193742822
2022-04-28 00:00:00+05:30,1592.6,1604.5,1565.05,1588.85,362462,1566.1666666666667,1564.05,1568.2833333333335,0.0027029903160584712,1927.6005343633635,-1,1619.2119999999998,1717.8335038618688,1520.5904961381307
2022-04-29 00:00:00+05:30,1597.6,1621.0,1567.0,1573.45,547882,1586.1333333333332,1584.775,1587.4916666666663,0.001712760591795294,1927.6005343633635,-1,1619.81,1717.1243607078452,1522.4956392921547
2022-05-02 00:00:00+05:30,1555.35,1630.0,1544.05,1615.75,989562,1587.1499999999999,1594.0,1580.2999999999997,0.008631824339224568,1927.6005343633635,-1,1621.6540000000002,1716.8199431518265,1526.488056848174
2022-05-04 00:00:00+05:30,1667.0,1668.55,1536.0,1546.95,2131524,1596.6000000000001,1587.025,1606.1750000000002,0.01199423775522992,1927.6005343633635,-1,1618.614,1718.1741909197478,1519.0538090802522
2022-05-05 00:00:00+05:30,1558.35,1564.45,1447.0,1460.25,1653579,1583.8333333333333,1602.275,1565.3916666666664,0.02328738293170599,1927.6005343633635,-1,1611.866,1729.02256778848,1494.70943221152
2022-05-06 00:00:00+05:30,1420.0,1454.95,1409.3,1417.25,876750,1490.5666666666666,1505.725,1475.4083333333333,0.02033902095399956,1865.3264171757883,-1,1603.264,1742.6302011248667,1463.897798875133
2022-05-09 00:00:00+05:30,1404.0,1431.0,1390.0,1395.95,695126,1427.1666666666667,1432.125,1422.2083333333335,0.006948499357701633,1837.8533604887566,-1,1592.4779999999998,1751.2625007044985,1433.6934992955012
2022-05-10 00:00:00+05:30,1395.95,1419.6,1348.1,1360.5,766399,1405.6499999999999,1410.5,1400.7999999999997,0.006900722085867943,1814.1292260692064,-1,1580.01,1759.4090657723084,1400.6109342276916
2022-05-11 00:00:00+05:30,1370.0,1403.0,1321.05,1379.8,1172213,1376.0666666666666,1383.85,1368.2833333333333,0.011312436412964444,1798.0390570264383,-1,1567.516,1757.149886676346,1377.8821133236543
2022-05-12 00:00:00+05:30,1371.9,1374.3,1310.0,1320.95,772999,1367.95,1362.025,1373.875,0.008662597317153338,1780.2674947453809,-1,1553.0840000000003,1759.8861812650375,1346.281818734963
2022-05-13 00:00:00+05:30,1334.9,1390.9,1330.0,1340.9,706967,1335.0833333333333,1342.15,1328.0166666666664,0.01058610573622146,1780.2674947453809,-1,1539.838,1756.642932194767,1323.033067805233
2022-05-16 00:00:00+05:30,1349.7,1393.3,1337.65,1381.15,459207,1353.9333333333334,1360.45,1347.4166666666667,0.009626274065685142,1780.2674947453809,-1,1527.818,1745.1607134825956,1310.4752865174044
2022-05-17 00:00:00+05:30,1388.0,1420.3,1383.6,1416.85,531699,1370.7,1365.475,1375.9250000000002,0.007623841832640456,1780.2674947453809,-1,1517.818,1731.629354010908,1304.006645989092
2022-05-18 00:00:00+05:30,1420.0,1424.25,1357.0,1361.05,737666,1406.9166666666667,1401.9499999999998,1411.8833333333337,0.007060356571699709,1780.2674947453809,-1,1505.65,1719.1387725384593,1292.1612274615409
2022-05-19 00:00:00+05:30,1315.55,1342.8,1292.0,1302.25,767905,1380.7666666666667,1390.625,1370.9083333333333,0.014279506554329743,1752.5636808324548,-1,1490.198,1704.4162596885199,1275.9797403114803
2022-05-20 00:00:00+05:30,1326.0,1349.0,1324.65,1345.05,720882,1312.3500000000001,1317.4,1307.3000000000002,0.007696117651541059,1752.5636808324548,-1,1479.5620000000001,1695.1423057423806,1263.9816942576197
2022-05-23 00:00:00+05:30,1358.0,1389.9,1312.15,1316.15,965830,1339.5666666666666,1336.825,1342.3083333333332,0.004093363525518044,1752.5636808324548,-1,1468.078,1686.6462979390615,1249.5097020609385
2022-05-24 00:00:00+05:30,1316.0,1325.9,1291.5,1298.2,477566,1339.4,1351.025,1327.775,0.017358518739734208,1736.2999183249829,-1,1455.8120000000001,1676.7069855111667,1234.9170144888335
2022-05-25 00:00:00+05:30,1301.0,1325.0,1263.5,1268.75,604802,1305.2,1308.7,1301.7,0.005363162733680662,1721.9659215919835,-1,1443.9240000000002,1671.711590741855,1216.1364092581455
2022-05-26 00:00:00+05:30,1277.1,1297.45,1229.1,1289.15,872769,1285.75,1294.25,1277.25,0.013221854948473654,1693.0202847283042,-1,1432.4640000000002,1661.4146069351616,1203.5133930648387
2022-05-27 00:00:00+05:30,1304.0,1322.25,1286.9,1305.75,551848,1271.9,1263.275,1280.525,0.013562386980108499,1693.0202847283042,-1,1420.938,1645.1837638930533,1196.692236106947
2022-05-30 00:00:00+05:30,1320.0,1360.0,1316.1,1356.85,529268,1304.9666666666667,1304.575,1305.3583333333333,0.0006002707604280847,1693.0202847283042,-1,1412.236,1628.7361921846239,1195.7358078153763
2022-05-31 00:00:00+05:30,1362.0,1411.35,1352.9,1399.5,1142923,1344.3166666666666,1338.05,1350.5833333333333,0.00932320013885615,1693.0202847283042,-1,1407.7840000000003,1620.5388518271188,1195.0291481728818
2022-06-01 00:00:00+05:30,1398.0,1403.1,1358.8,1367.65,919643,1387.9166666666667,1382.125,1393.7083333333335,0.008345842089462733,1693.0202847283042,-1,1399.1740000000002,1599.9707093753761,1198.3772906246243
2022-06-02 00:00:00+05:30,1365.0,1395.95,1357.75,1391.25,385215,1376.5166666666664,1380.9499999999998,1372.083333333333,0.0064413798113596805,1693.0202847283042,-1,1392.0080000000003,1580.2446163741247,1203.7713836258758
2022-06-03 00:00:00+05:30,1404.5,1409.8,1349.0,1355.05,328269,1381.6499999999999,1376.85,1386.4499999999998,0.00694821409184664,1693.0202847283042,-1,1382.656,1553.2497966515177,1212.0622033484822
2022-06-06 00:00:00+05:30,1347.1,1370.0,1331.0,1364.1,334248,1371.2833333333335,1379.4,1363.166666666667,0.011838059238912298,1693.0202847283042,-1,1374.282,1526.112378725667,1222.4516212743329
2022-06-07 00:00:00+05:30,1342.5,1355.0,1318.0,1325.1,454740,1355.0333333333333,1350.5,1359.5666666666666,0.006691102309906231,1693.0202847283042,-1,1362.656,1479.145228068434,1246.1667719315658
2022-06-08 00:00:00+05:30,1309.25,1365.0,1298.05,1345.05,987804,1332.7,1336.5,1328.9,0.005702708786673601,1693.0202847283042,-1,1354.58,1443.5977735060799,1265.56222649392
2022-06-09 00:00:00+05:30,1320.1,1375.9,1308.65,1371.6,673188,1336.0333333333335,1331.525,1340.541666666667,0.006748833611935988,1693.0202847283042,-1,1351.0339999999999,1429.3515112984303,1272.7164887015695
2022-06-10 00:00:00+05:30,1360.0,1362.95,1310.0,1313.4,710798,1352.05,1342.275,1361.8249999999998,0.014459524425871622,1693.0202847283042,-1,1346.88,1421.6442374399676,1272.1157625600326
2022-06-13 00:00:00+05:30,1266.1,1277.6,1231.4,1243.05,1142522,1328.7833333333333,1336.475,1321.0916666666667,0.011577006534799913,1669.1948126152845,-1,1340.764,1423.1030430839457,1258.424956916054
2022-06-14 00:00:00+05:30,1243.05,1273.95,1188.45,1239.5,1594424,1250.6833333333334,1254.5,1246.8666666666668,0.006103330179501775,1653.247020110673,-1,1335.924,1426.8327327817299,1245.01526721827
2022-06-15 00:00:00+05:30,1246.0,1257.95,1225.5,1244.35,474425,1233.9666666666667,1231.2,1236.7333333333333,0.0044841837975093625,1653.247020110673,-1,1330.506,1426.3219165064972,1234.690083493503
2022-06-16 00:00:00+05:30,1269.4,1269.4,1193.6,1197.55,572940,1242.6,1241.725,1243.475,0.0014083373571543538,1650.4050937339964,-1,1325.57,1434.6433257949902,1216.4966742050096
2022-06-17 00:00:00+05:30,1196.2,1223.6,1166.5,1184.75,909732,1220.1833333333334,1231.5,1208.8666666666668,0.018549125131469214,1613.1868899846363,-1,1319.3239999999998,1441.2919568410496,1197.3560431589501
2022-06-20 00:00:00+05:30,1192.45,1198.05,1129.55,1150.9,757936,1191.6166666666666,1195.05,1188.1833333333332,0.005762479544596379,1584.391414385251,-1,1310.114,1445.9961416374508,1174.2318583625492
2022-06-21 00:00:00+05:30,1164.8,1215.0,1155.65,1209.9,553325,1159.5,1163.8,1155.2,0.007416990081931789,1584.391414385251,-1,1301.836,1435.9027699915991,1167.7692300084009
2022-06-22 00:00:00+05:30,1201.1,1207.55,1159.0,1170.35,369459,1193.5166666666667,1185.325,1201.7083333333333,0.013726941391685534,1584.391414385251,-1,1294.208,1435.4394290233604,1152.9765709766398
2022-06-23 00:00:00+05:30,1177.8,1204.75,1162.7,1186.65,389583,1178.9666666666667,1183.275,1174.6583333333333,0.007308660126099229,1584.391414385251,-1,1289.5839999999998,1436.8980827483254,1142.2699172516743
2022-06-24 00:00:00+05:30,1200.0,1206.3,1182.1,1200.25,333037,1184.7,1183.725,1185.6750000000002,0.001645986325652294,1584.391414385251,-1,1283.792,1433.2975308140155,1134.2864691859843
2022-06-27 00:00:00+05:30,1221.9,1229.65,1205.45,1211.3,533924,1196.2166666666665,1194.1999999999998,1198.2333333333331,0.0033717414626669947,1584.391414385251,-1,1279.598,1431.1065251198115,1128.0894748801884
2022-06-28 00:00:00+05:30,1210.9,1210.9,1178.0,1206.8,648609,1215.466666666667,1217.5500000000002,1213.3833333333337,0.0034280386134268163,1584.2987655029583,-1,1275.942,1429.8703279451208,1122.0136720548792
2022-06-29 00:00:00+05:30,1180.15,1217.0,1180.15,1211.35,554007,1198.5666666666666,1194.45,1202.6833333333332,0.006869316127596675,1583.14781488284,-1,1273.646,1429.6335249370304,1117.6584750629695
2022-06-30 00:00:00+05:30,1213.0,1213.85,1165.7,1182.95,846081,1202.8333333333333,1198.575,1207.0916666666665,0.00708050436469427,1572.4469022875264,-1,1269.3980000000001,1429.2028446824463,1109.593155317554
2022-07-01 00:00:00+05:30,1167.0,1233.45,1167.0,1227.8,776473,1187.5,1189.775,1185.225,0.003831578947368574,1572.4469022875264,-1,1266.28,1426.1678632041242,1106.3921367958758
2022-07-04 00:00:00+05:30,1227.8,1248.0,1225.7,1236.55,574775,1209.4166666666667,1200.225,1218.6083333333336,0.01520016536897981,1572.4469022875264,-1,1261.468,1417.3540452509487,1105.5819547490514
2022-07-05 00:00:00+05:30,1236.6,1257.95,1226.0,1233.7,530425,1236.75,1236.85,1236.65,0.00016171417020401706,1572.4469022875264,-1,1254.836,1400.4362816480136,1109.2357183519864
2022-07-06 00:00:00+05:30,1233.0,1283.0,1223.6,1277.9,644831,1239.2166666666665,1241.975,1236.458333333333,0.004451736984385469,1572.4469022875264,-1,1251.246,1389.7980896124666,1112.6939103875336
2022-07-07 00:00:00+05:30,1295.0,1311.0,1285.0,1308.15,481558,1261.5,1253.3,1269.7,0.013000396353547437,1572.4469022875264,-1,1247.922,1376.5081456922205,1119.3358543077795
2022-07-08 00:00:00+05:30,1314.3,1314.3,1286.05,1302.55,317414,1301.3833333333334,1298.0,1304.7666666666669,0.005199595302434751,1572.4469022875264,-1,1245.822,1368.9398559916513,1122.7041440083485
2022-07-11 00:00:00+05:30,1296.85,1309.0,1285.3,1302.55,289345,1300.9666666666665,1300.175,1301.758333333333,0.0012170437367083685,1572.4469022875264,-1,1243.36,1359.1628566140794,1127.5571433859204
2022-07-12 00:00:00+05:30,1298.9,1325.0,1290.0,1301.0,531672,1298.95,1297.15,1300.75,0.0027714692636359437,1572.4469022875264,-1,1242.396,1355.8382105566575,1128.9537894433424
2022-07-13 00:00:00+05:30,1308.0,1340.0,1300.6,1321.95,532991,1305.3333333333333,1307.5,1303.1666666666665,0.0033197139938714137,1572.4469022875264,-1,1241.472,1351.8906545108255,1131.0533454891745
2022-07-14 00:00:00+05:30,1330.0,1339.0,1304.2,1317.45,390598,1320.8500000000001,1320.3,1321.4000000000003,0.0008327970624979094,1572.4469022875264,-1,1239.3059999999998,1341.2266095742223,1137.3853904257774
2022-07-15 00:00:00+05:30,1320.1,1349.0,1314.0,1343.55,399829,1320.2166666666665,1321.6,1318.833333333333,0.0020956156186486153,1572.4469022875264,-1,1240.512,1346.5416912377898,1134.48230876221
2022-07-18 00:00:00+05:30,1357.0,1360.9,1340.5,1352.95,293938,1335.5166666666667,1331.5,1339.5333333333333,0.006015150191561296,1572.4469022875264,-1,1244.9080000000001,1359.7415061904019,1130.0744938095984
2022-07-19 00:00:00+05:30,1341.0,1392.5,1341.0,1385.85,624006,1351.45,1350.7,1352.2,0.0011099189759147582,1572.4469022875264,-1,1250.7620000000002,1378.1328013006946,1123.3911986993057
2022-07-20 00:00:00+05:30,1395.0,1443.15,1392.25,1412.8,877745,1373.1166666666668,1366.75,1379.4833333333336,0.00927330768203739,1572.4469022875264,-1,1257.5,1399.7538238501197,1115.2461761498803
2022-07-21 00:00:00+05:30,1407.25,1453.45,1407.2,1441.6,746554,1416.0666666666666,1417.7,1414.4333333333332,0.0023068593757357555,1572.4469022875264,-1,1267.262,1424.4331583719506,1110.0908416280492
2022-07-22 00:00:00+05:30,1448.95,1471.35,1445.0,1448.95,590736,1434.0833333333333,1430.325,1437.8416666666665,0.005241443430762804,1572.4469022875264,-1,1277.83,1446.496565744313,1109.1634342556868
2022-07-25 00:00:00+05:30,1448.8,1448.95,1415.2,1432.45,333854,1455.1000000000001,1458.175,1452.0250000000003,0.004226513641673861,1572.4469022875264,-1,1289.0919999999999,1459.9383021080075,1118.2456978919922
2022-07-26 00:00:00+05:30,1430.0,1433.95,1397.5,1406.75,492043,1432.2,1432.075,1432.325,0.0001745566261695294,1572.4469022875264,-1,1296.9660000000001,1470.6092681562423,1123.322731843758
2022-07-27 00:00:00+05:30,1404.0,1448.0,1400.05,1441.3,707379,1412.7333333333333,1415.725,1409.7416666666668,0.004235288565900468,1572.4469022875264,-1,1307.8039999999999,1482.3039895013762,1133.3040104986235
2022-07-28 00:00:00+05:30,1450.0,1482.75,1450.0,1460.0,767981,1429.7833333333335,1424.025,1435.541666666667,0.008054833482928797,1572.4469022875264,-1,1318.7379999999998,1495.7399486445852,1141.7360513554145
2022-07-29 00:00:00+05:30,1476.9,1515.0,1470.0,1507.6,768010,1464.25,1466.375,1462.125,0.0029025098173126175,1572.4469022875264,-1,1331.0320000000002,1515.9261099764412,1146.137890023559
2022-08-01 00:00:00+05:30,1513.0,1529.95,1498.0,1512.25,812418,1497.5333333333335,1492.5,1502.566666666667,0.006722165338557,1572.4469022875264,-1,1343.07,1534.2946113866626,1151.8453886133373
2022-08-02 00:00:00+05:30,1514.25,1525.0,1418.55,1464.1,2960220,1513.3999999999999,1513.975,1512.8249999999998,0.0007598784194529477,1572.4469022875264,-1,1353.3619999999999,1541.8182299951372,1164.9057700048625
2022-08-03 00:00:00+05:30,1469.9,1476.1,1410.9,1425.7,925362,1469.2166666666665,1471.775,1466.6583333333328,0.003482581420938988,1572.4469022875264,-1,1361.9360000000001,1543.1324602744216,1180.7395397255787
2022-08-04 00:00:00+05:30,1434.7,1439.95,1369.95,1391.4,1390703,1437.5666666666666,1443.5,1431.6333333333332,0.00825468963758211,1572.4469022875264,-1,1370.2740000000003,1536.3077631205776,1204.240236879423
2022-08-05 00:00:00+05:30,1399.0,1404.35,1370.55,1373.85,671060,1400.4333333333334,1404.95,1395.9166666666667,0.0064503844048270555,1572.4469022875264,-1,1376.116,1531.6310352087537,1220.6009647912463
2022-08-08 00:00:00+05:30,1370.1,1381.0,1357.0,1366.7,813983,1382.9166666666667,1387.4499999999998,1378.3833333333337,0.006556191623982755,1572.4469022875264,-1,1381.322,1526.1464290994438,1236.497570900556
2022-08-10 00:00:00+05:30,1374.0,1374.0,1343.1,1347.15,890021,1368.2333333333333,1369.0,1367.4666666666667,0.0011206665529758348,1572.4469022875264,-1,1385.86,1518.4941464328842,1253.2258535671156
2022-08-11 00:00:00+05:30,1360.0,1391.45,1358.1,1361.05,960508,1354.75,1358.55,1350.95,0.005609891123823516,1572.4469022875264,-1,1389.1860000000001,1514.8092288073342,1263.562771192666
2022-08-12 00:00:00+05:30,1366.8,1372.0,1350.55,1354.55,480073,1370.2,1374.775,1365.625,0.006677857247117275,1572.4469022875264,-1,1391.042,1513.1430554580909,1268.940944541909
2022-08-16 00:00:00+05:30,1355.95,1375.95,1351.35,1363.1,592117,1359.0333333333335,1361.275,1356.791666666667,0.003298913443378716,1572.4469022875264,-1,1393.464,1510.755051730214,1276.1729482697858
2022-08-17 00:00:00+05:30,1368.0,1417.8,1359.9,1390.25,1722808,1363.4666666666667,1363.65,1363.2833333333333,0.00026892235478201735,1572.4469022875264,-1,1396.9719999999998,1508.269630091479,1285.6743699085205
2022-08-18 00:00:00+05:30,1390.0,1417.4,1380.05,1407.25,746107,1389.3166666666666,1388.85,1389.7833333333333,0.0006717930877290231,1572.4469022875264,-1,1401.2219999999998,1505.4242766736872,1297.0197233263123
2022-08-19 00:00:00+05:30,1410.0,1416.1,1355.2,1364.6,728468,1401.5666666666666,1398.725,1404.4083333333333,0.004054986086997927,1572.4469022875264,-1,1402.928,1503.2056748034163,1302.650325196584
2022-08-22 00:00:00+05:30,1354.0,1358.95,1300.0,1302.5,756137,1378.6333333333332,1385.65,1371.6166666666663,0.010179162939142937,1572.4469022875264,-1,1402.33,1504.7939878200125,1299.8660121799874
2022-08-23 00:00:00+05:30,1293.65,1326.8,1285.15,1323.05,477912,1320.4833333333333,1329.475,1311.4916666666668,0.013618750709967148,1572.4469022875264,-1,1401.51,1506.1475458426835,1296.8724541573165
2022-08-24 00:00:00+05:30,1321.0,1349.45,1320.0,1346.15,420235,1311.6666666666667,1305.975,1317.3583333333336,0.008678526048284878,1572.4469022875264,-1,1401.2379999999998,1506.4130209126656,1296.062979087334
2022-08-25 00:00:00+05:30,1350.0,1402.75,1348.05,1382.65,900091,1338.5333333333333,1334.725,1342.3416666666667,0.005690307799581722,1572.4469022875264,-1,1401.11,1506.3673759884773,1295.8526240115225
2022-08-26 00:00:00+05:30,1387.5,1400.8,1377.1,1384.55,327732,1377.8166666666668,1375.4,1380.2333333333336,0.0035079655009738722,1572.4469022875264,-1,1399.98,1505.3176475908767,1294.6423524091233
2022-08-29 00:00:00+05:30,1337.5,1364.4,1305.0,1348.05,370498,1387.4833333333333,1388.9499999999998,1386.0166666666669,0.0021141395091830092,1572.4469022875264,-1,1396.2379999999998,1502.0412599874867,1290.434740012513
2022-08-30 00:00:00+05:30,1357.8,1414.0,1350.3,1407.7,662477,1339.1499999999999,1334.7,1343.5999999999997,0.006646006795354991,1572.4469022875264,-1,1394.588,1498.3178964811002,1290.8581035188997
2022-09-01 00:00:00+05:30,1402.5,1441.0,1384.55,1425.35,874293,1390.6666666666667,1382.15,1399.1833333333334,0.012248322147650984,1572.4469022875264,-1,1394.3040000000003,1497.6558840465902,1290.9521159534104
2022-09-02 00:00:00+05:30,1436.8,1451.0,1415.0,1418.85,493223,1416.9666666666665,1412.775,1421.1583333333328,0.005916394175350697,1572.4469022875264,-1,1394.7880000000002,1498.4812564055146,1291.0947435944859
2022-09-05 00:00:00+05:30,1425.95,1446.0,1418.85,1428.6,245924,1428.2833333333335,1433.0,1423.566666666667,0.0066046652741633466,1572.4469022875264,-1,1394.28,1497.1782060095304,1291.3817939904695
2022-09-06 00:00:00+05:30,1438.0,1444.95,1413.1,1421.35,194629,1431.1499999999999,1432.425,1429.8749999999998,0.0017817838800965533,1572.4469022875264,-1,1392.734,1492.757332157951,1292.710667842049
2022-09-07 00:00:00+05:30,1414.0,1439.55,1410.1,1436.1,262989,1426.4666666666665,1429.025,1423.9083333333328,0.0035869514417913094,1572.4469022875264,-1,1389.874,1480.216539791506,1299.531460208494
2022-09-08 00:00:00+05:30,1442.0,1445.0,1415.0,1418.55,321060,1428.5833333333333,1424.8249999999998,1432.3416666666667,0.0052616228198099834,1572.4469022875264,-1,1386.126,1462.552519585677,1309.699480414323
2022-09-09 00:00:00+05:30,1433.8,1442.9,1365.4,1409.5,383611,1426.1833333333334,1430.0,1422.3666666666668,0.00535228056233996,1572.4469022875264,-1,1383.942,1454.2026386533732,1313.6813613466268
2022-09-12 00:00:00+05:30,1419.95,1483.5,1412.0,1459.6,1261085,1405.9333333333334,1404.15,1407.7166666666667,0.002536867561287832,1572.4469022875264,-1,1385.2979999999998,1459.9040773930637,1310.6919226069358
2022-09-13 00:00:00+05:30,1470.0,1472.0,1436.05,1442.0,587064,1451.7,1447.75,1455.65,0.005441895708479776,1572.4469022875264,-1,1387.322,1465.156064932906,1309.4879350670938
2022-09-14 00:00:00+05:30,1413.1,1427.0,1391.0,1417.0,799051,1450.0166666666667,1454.025,1446.0083333333332,0.005528672084229063,1572.4469022875264,-1,1389.0479999999998,1467.5216362352337,1310.5743637647658
2022-09-15 00:00:00+05:30,1417.0,1420.9,1373.05,1390.7,681165,1411.6666666666667,1409.0,1414.3333333333335,0.0037780401416766126,1572.4469022875264,-1,1390.0079999999998,1467.9499819094933,1312.0660180905063
2022-09-16 00:00:00+05:30,1390.0,1405.0,1316.1,1331.0,986266,1394.8833333333332,1396.975,1392.7916666666665,0.002999056073984726,1572.4469022875264,-1,1389.3619999999999,1468.9641672065516,1309.7598327934481
2022-09-19 00:00:00+05:30,1332.0,1339.9,1306.0,1308.6,575862,1350.7,1360.55,1340.8500000000001,0.014585029984452371,1572.4469022875264,-1,1387.264,1472.3183803456343,1302.2096196543655
2022-09-20 00:00:00+05:30,1316.0,1343.15,1302.1,1311.35,535067,1318.1666666666667,1322.95,1313.3833333333334,0.007257554684536557,1572.4469022875264,-1,1385.536,1474.8284432187847,1296.2435567812154
2022-09-21 00:00:00+05:30,1301.1,1318.65,1272.4,1282.2,688949,1318.8666666666666,1322.625,1315.1083333333331,0.005699337815296123,1572.4469022875264,-1,1382.3,1480.0713986806975,1284.5286013193024
2022-09-22 00:00:00+05:30,1272.0,1286.45,1243.0,1255.75,1102754,1291.0833333333333,1295.525,1286.6416666666664,0.006880526689472924,1572.4469022875264,-1,1376.92,1486.4450692763075,1267.3949307236926
2022-09-23 00:00:00+05:30,1255.0,1256.0,1223.6,1227.95,526101,1261.7333333333333,1264.725,1258.7416666666668,0.004742153651061863,1568.2700321252116,-1,1369.7480000000003,1493.0100573574045,1246.485942642596
2022-09-26 00:00:00+05:30,1219.0,1219.0,1156.75,1165.3,837217,1235.8500000000001,1239.8,1231.9000000000003,0.006392361532548153,1523.1422308402032,-1,1361.7759999999998,1508.8233423628596,1214.72865763714
2022-09-27 00:00:00+05:30,1170.0,1173.85,1131.0,1154.6,1071820,1180.3500000000001,1187.875,1172.8250000000003,0.01275045537340596,1486.279541606595,-1,1355.86,1522.5580647757502,1189.1619352242496
2022-09-28 00:00:00+05:30,1151.0,1180.0,1142.9,1155.25,766298,1153.1499999999999,1152.425,1153.8749999999998,0.0012574253132721833,1486.279541606595,-1,1349.148,1533.1993547463865,1165.0966452536134
2022-09-29 00:00:00+05:30,1170.0,1187.4,1141.0,1162.0,779808,1159.3833333333334,1161.45,1157.3166666666668,0.003565113637997106,1486.279541606595,-1,1341.782,1539.9241992004236,1143.6398007995763
2022-09-30 00:00:00+05:30,1160.0,1206.4,1149.05,1193.9,727351,1163.4666666666667,1164.2,1162.7333333333333,0.0012606005042402277,1486.279541606595,-1,1334.2319999999997,1539.8144503793558,1128.6495496206437
2022-10-03 00:00:00+05:30,1201.8,1217.3,1155.0,1164.35,652772,1183.1166666666666,1177.725,1188.5083333333332,0.009114344880048435,1486.279541606595,-1,1325.424,1540.2874433680622,1110.5605566319377
2022-10-04 00:00:00+05:30,1193.0,1213.55,1180.15,1208.1,558704,1178.8833333333334,1186.15,1171.6166666666668,0.012328050556317392,1486.279541606595,-1,1319.826,1539.2831176699005,1100.3688823300995
2022-10-06 00:00:00+05:30,1225.0,1246.9,1220.0,1230.4,611141,1200.6,1196.85,1204.35,0.006246876561719141,1486.279541606595,-1,1312.734,1531.8327626071416,1093.6352373928582
2022-10-07 00:00:00+05:30,1231.1,1234.2,1210.0,1226.95,386812,1232.4333333333334,1233.45,1231.4166666666667,0.001649852595136967,1486.279541606595,-1,1304.798,1521.3634459602933,1088.2325540397067
2022-10-10 00:00:00+05:30,1211.0,1226.0,1203.55,1218.85,256184,1223.7166666666665,1222.1,1225.333333333333,0.0026422238263212796,1486.279541606595,-1,1296.798,1510.679425991087,1082.916574008913
2022-10-11 00:00:00+05:30,1214.0,1224.6,1171.8,1175.5,545869,1216.1333333333334,1214.775,1217.4916666666668,0.0022338559368490544,1486.279541606595,-1,1286.674,1498.5935906375364,1074.7544093624635
2022-10-12 00:00:00+05:30,1181.4,1200.95,1168.0,1198.9,533880,1190.6333333333332,1198.1999999999998,1183.0666666666666,0.012710322237464555,1486.279541606595,-1,1277.776,1484.9567889163015,1070.5952110836986
2022-10-13 00:00:00+05:30,1195.0,1203.1,1176.0,1180.8,297584,1189.2833333333333,1184.475,1194.0916666666667,0.00808610227447913,1486.279541606595,-1,1267.5639999999999,1467.5659910300424,1067.5620089699573
2022-10-14 00:00:00+05:30,1204.9,1208.0,1175.9,1178.95,346664,1186.6333333333332,1189.55,1183.7166666666665,0.004915868423270445,1486.279541606595,-1,1257.98,1450.962618906422,1064.997381093578
2022-10-17 00:00:00+05:30,1178.95,1190.9,1151.5,1186.95,479423,1187.6166666666668,1191.95,1183.2833333333335,0.007297528663850441,1481.1077492168977,-1,1249.078,1433.6294043944977,1064.5265956055023
2022-10-18 00:00:00+05:30,1192.9,1212.0,1190.0,1204.6,556958,1176.45,1171.2,1181.7,0.00892515619023333,1481.1077492168977,-1,1238.878,1402.7940323579774,1074.9619676420225
2022-10-19 00:00:00+05:30,1206.1,1230.0,1202.2,1215.95,567060,1202.2,1201.0,1203.4,0.00199634004325411,1481.1077492168977,-1,1229.836,1371.3428126133213,1088.3291873866788
2022-10-20 00:00:00+05:30,1206.0,1209.55,1181.35,1206.7,459710,1216.05,1216.1,1216.0,8.223346079512277e-05,1481.1077492168977,-1,1221.424,1340.6796786739387,1102.1683213260612
2022-10-21 00:00:00+05:30,1210.45,1225.0,1190.5,1203.15,343086,1199.1999999999998,1195.4499999999998,1202.9499999999998,0.006254169446297532,1481.1077492168977,-1,1213.922,1311.2129495481556,1116.6310504518444
2022-10-24 00:00:00+05:30,1220.0,1220.0,1200.0,1204.55,71363,1206.2166666666667,1207.75,1204.6833333333334,0.0025423845909385593,1481.1077492168977,-1,1208.864,1293.6229972568212,1124.1050027431788
2022-10-25 00:00:00+05:30,1208.2,1219.0,1190.1,1212.05,339382,1208.1833333333334,1210.0,1206.3666666666668,0.0030072698679835114,1481.1077492168977,-1,1205.0020000000002,1279.3961421348608,1130.6078578651395
2022-10-27 00:00:00+05:30,1218.9,1245.0,1203.8,1241.4,631908,1207.05,1204.55,1209.55,0.004142330475125306,1481.1077492168977,-1,1202.204,1264.698479244025,1139.7095207559748
2022-10-28 00:00:00+05:30,1245.0,1249.0,1229.4,1246.1,361066,1230.0666666666668,1224.4,1235.7333333333336,0.009213592759200166,1481.1077492168977,-1,1200.76,1257.1658436687362,1144.3541563312638
2022-10-31 00:00:00+05:30,1252.35,1269.0,1242.85,1263.0,401807,1241.5,1239.2,1243.8,0.003705195328231904,1481.1077492168977,-1,1201.05,1258.6457428980814,1143.4542571019185
2022-11-01 00:00:00+05:30,1268.0,1271.2,1251.15,1268.15,607554,1258.2833333333333,1255.925,1260.6416666666667,0.0037484933176152938,1481.1077492168977,-1,1202.6580000000001,1265.200265261037,1140.1157347389633
2022-11-02 00:00:00+05:30,1268.0,1276.55,1235.85,1240.85,540404,1263.5000000000002,1261.1750000000002,1265.8250000000003,0.003680253264740871,1481.1077492168977,-1,1205.68,1268.0104612527603,1143.3495387472399
2022-11-03 00:00:00+05:30,1237.0,1253.85,1226.85,1250.35,453021,1251.0833333333333,1256.1999999999998,1245.9666666666667,0.008179577699327081,1481.1077492168977,-1,1209.51,1270.56906648469,1148.45093351531
2022-11-04 00:00:00+05:30,1250.35,1261.95,1237.0,1258.8,411798,1243.6833333333332,1240.35,1247.0166666666664,0.005360421329116348,1481.1077492168977,-1,1213.652,1273.462049188926,1153.8419508110742
2022-11-07 00:00:00+05:30,1262.0,1274.55,1245.0,1260.25,342781,1252.5833333333333,1249.475,1255.6916666666666,0.004963076308961504,1481.1077492168977,-1,1217.5819999999999,1276.1995187463754,1158.9644812536244
2022-11-09 00:00:00+05:30,1272.95,1272.95,1164.25,1169.7,2429502,1259.9333333333334,1259.775,1260.0916666666667,0.0002513360495263818,1481.1077492168977,-1,1216.614,1277.5185254146331,1155.709474585367
2022-11-10 00:00:00+05:30,1165.0,1245.0,1154.25,1235.35,2814496,1202.3,1218.6,1186.0,0.0271146968310737,1481.1077492168977,-1,1219.454,1276.866722771017,1162.0412772289828
2022-11-11 00:00:00+05:30,1247.0,1303.9,1241.05,1292.8,2109118,1211.5333333333333,1199.625,1223.4416666666666,0.019658284267869867,1481.1077492168977,-1,1222.8419999999999,1286.7984081541608,1158.885591845839
2022-11-14 00:00:00+05:30,1299.0,1317.2,1270.1,1309.65,793611,1279.25,1272.475,1286.025,0.010592143834278039,1481.1077492168977,-1,1226.012,1298.4467114578472,1153.5772885421527
2022-11-15 00:00:00+05:30,1317.8,1319.9,1292.55,1311.15,857338,1298.9833333333333,1293.65,1304.3166666666666,0.008211550058378873,1481.1077492168977,-1,1229.38,1309.1360630922914,1149.6239369077089
2022-11-16 00:00:00+05:30,1311.15,1317.0,1280.0,1295.9,609047,1307.8666666666666,1306.225,1309.5083333333332,0.002510449587113852,1481.1077492168977,-1,1232.462,1316.2073247887995,1148.7166752112005
2022-11-17 00:00:00+05:30,1292.8,1301.25,1285.5,1289.7,318576,1297.6333333333334,1298.5,1296.7666666666669,0.0013357651108426528,1481.1077492168977,-1,1237.03,1320.3057827941682,1153.7542172058318
2022-11-18 00:00:00+05:30,1290.15,1296.15,1260.5,1273.95,308972,1292.1499999999999,1293.375,1290.9249999999997,0.0018960646983711435,1481.1077492168977,-1,1240.032,1323.0035511725641,1157.0604488274357
2022-11-21 00:00:00+05:30,1273.8,1278.0,1254.5,1257.75,280407,1276.8666666666668,1278.325,1275.4083333333335,0.00228423745627305,1481.1077492168977,-1,1243.11,1322.7043565837516,1163.5156434162482
2022-11-22 00:00:00+05:30,1258.8,1269.05,1252.25,1264.4,320705,1263.4166666666667,1266.25,1260.5833333333335,0.004485192269639085,1481.1077492168977,-1,1246.528,1322.0423169470623,1171.0136830529377
2022-11-23 00:00:00+05:30,1270.0,1272.05,1259.65,1266.0,215864,1261.9,1260.65,1263.15,0.0019811395514700053,1481.1077492168977,-1,1249.69,1321.4894317524963,1177.8905682475038
2022-11-24 00:00:00+05:30,1268.0,1277.45,1255.6,1269.65,285608,1265.8999999999999,1265.85,1265.9499999999998,7.899518129386924e-05,1481.1077492168977,-1,1252.292,1322.052474080824,1182.531525919176
2022-11-25 00:00:00+05:30,1271.2,1296.95,1264.05,1287.45,508753,1267.5666666666668,1266.525,1268.6083333333336,0.0016435690430484798,1481.1077492168977,-1,1255.152,1324.580095062311,1185.723904937689
2022-11-28 00:00:00+05:30,1288.0,1302.9,1282.05,1291.95,398068,1282.8166666666666,1280.5,1285.1333333333332,0.0036118437292935175,1481.1077492168977,-1,1258.562,1326.4942266967691,1190.6297733032306
2022-11-29 00:00:00+05:30,1292.5,1299.25,1277.0,1278.55,317912,1292.3,1292.475,1292.125,0.0002708349454460335,1481.1077492168977,-1,1261.578,1326.0066214657836,1197.1493785342163
2022-11-30 00:00:00+05:30,1278.55,1316.95,1276.05,1305.15,1049318,1284.9333333333334,1288.125,1281.7416666666668,0.0049678323129603704,1481.1077492168977,-1,1265.602,1327.808825863254,1203.3951741367462
2022-12-01 00:00:00+05:30,1315.0,1333.0,1301.0,1326.5,739360,1299.3833333333334,1296.5,1302.2666666666669,0.004438002642279192,1481.1077492168977,-1,1270.18,1332.7929124061575,1207.5670875938426
2022-12-02 00:00:00+05:30,1327.0,1342.65,1320.05,1333.6,829734,1320.1666666666667,1317.0,1323.3333333333335,0.004797374068930805,1481.1077492168977,-1,1273.868,1340.0267537970683,1207.7092462029316
2022-12-05 00:00:00+05:30,1339.9,1361.85,1331.25,1355.4,833768,1332.1,1331.35,1332.85,0.0011260415884693342,1481.1077492168977,-1,1278.24,1350.63301071223,1205.84698928777
2022-12-06 00:00:00+05:30,1360.4,1362.3,1333.85,1343.75,289129,1349.5,1346.55,1352.45,0.0043719896257873965,1481.1077492168977,-1,1281.47,1357.9455176509518,1204.9944823490482
2022-12-07 00:00:00+05:30,1344.95,1350.2,1302.4,1311.6,486542,1346.6333333333332,1348.0749999999998,1345.1916666666666,0.002141142107477818,1481.1077492168977,-1,1283.208,1360.365535885881,1206.0504641141192
2022-12-08 00:00:00+05:30,1311.6,1323.0,1293.0,1300.65,432629,1321.4,1326.3000000000002,1316.5,0.00741637657030436,1481.1077492168977,-1,1285.6,1361.0453603608662,1210.1546396391336
2022-12-09 00:00:00+05:30,1309.75,1310.0,1264.65,1277.65,407018,1305.55,1308.0,1303.1,0.003753207460457348,1481.1077492168977,-1,1286.692,1360.844106807433,1212.539893192567
2022-12-12 00:00:00+05:30,1275.0,1305.0,1268.55,1299.0,419610,1284.1000000000001,1287.325,1280.8750000000002,0.00502297328868454,1481.1077492168977,-1,1288.3,1361.7026974979867,1214.8973025020132
2022-12-13 00:00:00+05:30,1301.5,1314.25,1298.0,1308.05,357349,1290.8500000000001,1286.775,1294.9250000000002,0.006313669287678731,1481.1077492168977,-1,1290.212,1363.080749296121,1217.343250703879
2022-12-14 00:00:00+05:30,1313.0,1337.0,1308.0,1332.25,473061,1306.7666666666667,1306.125,1307.4083333333333,0.0009820676989005712,1481.1077492168977,-1,1296.714,1352.3898369131605,1241.0381630868394
2022-12-15 00:00:00+05:30,1329.05,1343.8,1305.25,1310.8,494223,1325.75,1322.5,1329.0,0.004902885159343767,1481.1077492168977,-1,1299.7320000000002,1349.6582005762589,1249.8057994237415
2022-12-16 00:00:00+05:30,1306.95,1321.55,1283.9,1293.25,554138,1319.95,1324.525,1315.375,0.0069320807606349415,1481.1077492168977,-1,1299.7500000000002,1349.6665143011894,1249.833485698811
2022-12-19 00:00:00+05:30,1291.1,1318.0,1277.0,1313.6,402355,1299.5666666666666,1302.725,1296.4083333333333,0.004860594557160033,1481.1077492168977,-1,1299.9080000000001,1349.9736423506263,1249.842357649374
2022-12-20 00:00:00+05:30,1309.85,1312.0,1255.0,1275.8,681652,1302.8666666666666,1297.5,1308.2333333333331,0.00823824387248615,1481.1077492168977,-1,1298.494,1349.202392362417,1247.7856076375829
2022-12-21 00:00:00+05:30,1282.2,1299.9,1250.0,1254.4,501324,1280.9333333333334,1283.5,1278.3666666666668,0.0040074945352346295,1481.1077492168977,-1,1296.834,1350.4094325785695,1243.2585674214306
2022-12-22 00:00:00+05:30,1263.0,1272.3,1220.05,1227.45,413617,1268.1000000000001,1274.95,1261.2500000000002,0.010803564387666444,1481.1077492168977,-1,1294.344,1354.4076816718796,1234.2803183281205
2022-12-23 00:00:00+05:30,1218.0,1220.0,1165.25,1173.1,723155,1239.9333333333334,1246.175,1233.6916666666668,0.010067745577719061,1462.332532651398,-1,1290.31,1366.6514959244375,1213.9685040755624
2022-12-26 00:00:00+05:30,1180.0,1212.0,1167.0,1207.1,518521,1186.1166666666666,1192.625,1179.6083333333331,0.010974187474531915,1461.0192313453422,-1,1288.2839999999999,1370.441199173176,1206.1268008268237
2022-12-27 00:00:00+05:30,1214.8,1236.3,1210.3,1233.05,388379,1195.3666666666666,1189.5,1201.2333333333331,0.00981567719807015,1461.0192313453422,-1,1287.03,1371.5307171566074,1202.5292828433926
2022-12-28 00:00:00+05:30,1234.2,1241.15,1218.05,1232.8,330217,1226.55,1223.3,1229.8,0.005299417064122946,1461.0192313453422,-1,1285.702,1372.4954213174074,1198.9085786825926
2022-12-29 00:00:00+05:30,1228.9,1228.9,1202.0,1216.35,475720,1230.6666666666667,1229.6,1231.7333333333336,0.0017334777898160888,1461.0192313453422,-1,1283.57,1374.3622992328148,1192.777700767185
2022-12-30 00:00:00+05:30,1230.65,1242.95,1220.0,1224.7,272850,1215.75,1215.45,1216.05,0.0004935225169647617,1461.0192313453422,-1,1281.06,1374.7090298934327,1187.4109701065672
2023-01-02 00:00:00+05:30,1224.7,1240.0,1213.4,1236.35,282449,1229.2166666666665,1231.475,1226.958333333333,0.0036744268029776793,1461.0192313453422,-1,1278.836,1373.9738936911106,1183.6981063088895
2023-01-03 00:00:00+05:30,1245.15,1264.0,1231.0,1243.1,491347,1229.9166666666667,1226.7,1233.1333333333334,0.0052307066874449975,1461.0192313453422,-1,1277.4180000000001,1373.5818846136174,1181.2541153863829
2023-01-04 00:00:00+05:30,1243.1,1246.35,1208.25,1213.0,330181,1246.0333333333333,1247.5,1244.5666666666666,0.002354137128487783,1461.0192313453422,-1,1273.732,1372.3932624284787,1175.0707375715212
2023-01-05 00:00:00+05:30,1218.95,1220.3,1200.0,1212.55,266029,1222.5333333333333,1227.3,1217.7666666666667,0.007798015050714339,1461.0192313453422,-1,1269.174,1368.1909040920852,1170.1570959079147
2023-01-06 00:00:00+05:30,1212.6,1221.7,1190.15,1199.85,302266,1210.95,1210.15,1211.75,0.001321276683595449,1456.1663033619,-1,1263.8239999999998,1362.7920478537455,1164.8559521462541
2023-01-09 00:00:00+05:30,1208.4,1224.4,1204.0,1216.85,243916,1203.9,1205.9250000000002,1201.875,0.0033640667829555456,1456.1663033619,-1,1258.282,1351.4650580308532,1165.0989419691466
2023-01-10 00:00:00+05:30,1216.85,1229.5,1202.85,1212.25,301912,1215.0833333333333,1214.2,1215.9666666666665,0.0014539469172208416,1456.1663033619,-1,1253.022,1341.0144909522478,1165.029509047752
2023-01-11 00:00:00+05:30,1214.3,1227.2,1207.4,1223.95,185803,1214.8666666666666,1216.175,1213.5583333333332,0.002153871481095419,1456.1663033619,-1,1249.5159999999998,1334.8372645006007,1164.194735499399
2023-01-12 00:00:00+05:30,1235.0,1243.9,1217.7,1237.55,477956,1219.5166666666667,1217.3000000000002,1221.7333333333331,0.0036353200038263295,1456.1663033619,-1,1246.992,1329.8098467721875,1164.1741532278124
2023-01-13 00:00:00+05:30,1244.05,1249.9,1231.55,1243.75,250559,1233.0500000000002,1230.8000000000002,1235.3000000000002,0.003649487044320992,1456.1663033619,-1,1245.636,1327.5062413333535,1163.7657586666464
2023-01-16 00:00:00+05:30,1244.0,1255.0,1227.85,1238.35,182287,1241.7333333333333,1240.725,1242.7416666666668,0.0016240738752283466,1456.1663033619,-1,1243.21,1322.1533569084922,1164.2666430915078
2023-01-17 00:00:00+05:30,1245.8,1248.8,1215.0,1237.45,291984,1240.3999999999999,1241.425,1239.3749999999998,0.0016526926797808628,1456.1663033619,-1,1240.386,1314.7686997088813,1166.0033002911186
2023-01-18 00:00:00+05:30,1240.0,1251.1,1225.1,1247.8,287393,1233.75,1231.9,1235.6,0.0029989868287739153,1456.1663033619,-1,1237.008,1301.395096098377,1172.620903901623
2023-01-19 00:00:00+05:30,1241.0,1258.5,1234.05,1255.25,254542,1241.3333333333333,1238.1,1244.5666666666666,0.00520945220193343,1456.1663033619,-1,1234.7859999999998,1292.3007878026308,1177.2712121973689
2023-01-20 00:00:00+05:30,1256.0,1259.9,1228.0,1231.15,197627,1249.2666666666667,1246.275,1252.2583333333332,0.004789476492875651,1456.1663033619,-1,1232.302,1284.6326677196241,1179.9713322803757
2023-01-23 00:00:00+05:30,1233.9,1242.25,1228.5,1232.55,174236,1239.6833333333334,1243.95,1235.4166666666667,0.006883478307632301,1456.1663033619,-1,1229.06,1269.5441697454912,1188.5758302545087
2023-01-24 00:00:00+05:30,1238.75,1238.75,1210.0,1215.65,206846,1234.4333333333334,1235.375,1233.4916666666668,0.001525666297626343,1445.9260748516879,-1,1226.654,1262.6407299984562,1190.6672700015438
2023-01-25 00:00:00+05:30,1208.05,1210.0,1187.05,1196.35,437605,1221.4666666666667,1224.375,1218.5583333333334,0.0047620347123675955,1419.2220318576203,-1,1224.3319999999999,1260.3491723485035,1188.3148276514962
2023-01-27 00:00:00+05:30,1199.4,1201.95,1158.0,1186.45,625798,1197.8,1198.525,1197.0749999999998,0.001210552679913402,1404.1501505833155,-1,1222.692,1261.6089647323868,1183.7750352676132
2023-01-30 00:00:00+05:30,1190.95,1197.0,1140.8,1165.2,685586,1182.1333333333332,1179.975,1184.2916666666665,0.0036515903451386812,1399.844144559983,-1,1222.376,1262.9898510360915,1181.7621489639084
2023-01-31 00:00:00+05:30,1170.0,1190.0,1151.75,1181.6,444966,1167.6666666666667,1168.9,1166.4333333333334,0.0021124750214102455,1399.844144559983,-1,1221.356,1264.6459001613755,1178.0660998386245
2023-02-01 00:00:00+05:30,1189.0,1206.8,1140.0,1156.45,538646,1174.45,1170.875,1178.025,0.006087956064540926,1399.844144559983,-1,1218.292,1268.1781638531354,1168.4058361468644
2023-02-02 00:00:00+05:30,1150.0,1170.4,1129.0,1156.0,868263,1167.75,1173.4,1162.1,0.009676728751873417,1393.442774681421,-1,1215.22,1270.3385123164796,1160.1014876835204
2023-02-03 00:00:00+05:30,1176.0,1209.7,1132.0,1150.6,883680,1151.8,1149.7,1153.8999999999999,0.003646466400416581,1393.442774681421,-1,1212.59,1273.2389703126273,1151.9410296873725
2023-02-06 00:00:00+05:30,1150.6,1159.75,1137.2,1156.5,283512,1164.1,1170.85,1157.35,0.011596941843484237,1393.442774681421,-1,1209.862,1274.114933193606,1145.6090668063941
2023-02-07 00:00:00+05:30,1159.0,1189.9,1154.85,1174.9,443065,1151.1499999999999,1148.475,1153.8249999999998,0.004647526386656743,1393.442774681421,-1,1207.404,1272.115581158105,1142.692418841895
2023-02-08 00:00:00+05:30,1174.9,1186.95,1167.15,1184.15,285196,1173.2166666666667,1172.375,1174.0583333333334,0.0014348017558564578,1393.442774681421,-1,1205.0459999999998,1268.6698566575621,1141.4221433424375
2023-02-09 00:00:00+05:30,1189.0,1190.5,1165.05,1173.9,261113,1179.4166666666667,1177.0500000000002,1181.7833333333333,0.004013283402811945,1393.442774681421,-1,1203.482,1268.1604346129532,1138.8035653870468
2023-02-10 00:00:00+05:30,1165.1,1211.7,1164.1,1208.75,350826,1176.4833333333333,1177.775,1175.1916666666666,0.0021958095453967204,1393.442774681421,-1,1203.33,1267.9403025838917,1138.7196974161081
2023-02-13 00:00:00+05:30,1211.3,1217.75,1182.5,1185.75,574183,1194.8500000000001,1187.9,1201.8000000000002,0.011633259404946302,1393.442774681421,-1,1202.766,1267.7331468973516,1137.7988531026485
2023-02-14 00:00:00+05:30,1183.4,1183.6,1155.5,1158.7,451759,1195.3333333333333,1200.125,1190.5416666666665,0.008017289459007378,1393.442774681421,-1,1200.44,1267.3581709252585,1133.5218290747416
2023-02-15 00:00:00+05:30,1150.0,1173.25,1143.1,1170.55,577077,1165.9333333333334,1169.55,1162.3166666666668,0.0062038995940303515,1393.442774681421,-1,1198.772,1266.503399394831,1131.040600605169
2023-02-16 00:00:00+05:30,1172.0,1192.5,1168.95,1186.15,292431,1162.3,1158.175,1166.425,0.007097995354039405,1393.442774681421,-1,1197.26,1264.3603666158547,1130.1596333841453
2023-02-17 00:00:00+05:30,1179.0,1186.65,1159.4,1164.05,471558,1182.5333333333333,1180.725,1184.3416666666667,0.0030584056827151775,1393.442774681421,-1,1194.32,1260.5364934135155,1128.1035065864844
2023-02-20 00:00:00+05:30,1164.0,1173.55,1151.0,1153.4,231630,1170.0333333333335,1173.025,1167.041666666667,0.005113814421241378,1393.442774681421,-1,1190.706,1255.585576570614,1125.8264234293858
2023-02-21 00:00:00+05:30,1156.0,1160.1,1141.2,1143.15,268755,1159.3166666666668,1162.275,1156.3583333333336,0.0051035811325635914,1382.9211869534984,-1,1186.8980000000001,1251.318614588672,1122.4773854113282
2023-02-22 00:00:00+05:30,1141.75,1146.7,1103.0,1106.65,762090,1148.15,1150.65,1145.65,0.004354831685755345,1360.0663394753583,-1,1181.6660000000002,1249.944826703322,1113.3871732966784
2023-02-23 00:00:00+05:30,1106.6,1106.6,1084.3,1089.15,1479369,1118.7833333333333,1124.85,1112.7166666666667,0.010845114484484525,1327.515685896344,-1,1175.32,1247.2268286046765,1103.4131713953234
2023-02-24 00:00:00+05:30,1091.3,1104.75,1077.0,1080.5,585601,1093.35,1095.4499999999998,1091.25,0.003841404856633117,1321.4280584604903,-1,1168.33,1241.7566709035782,1094.9033290964217
2023-02-27 00:00:00+05:30,1080.55,1096.7,1061.05,1093.75,430845,1087.4166666666667,1090.875,1083.9583333333335,0.006360640662119563,1310.1879361220708,-1,1162.8339999999998,1237.1924815335976,1088.475518466402
2023-02-28 00:00:00+05:30,1093.75,1109.0,1090.35,1100.4,316964,1083.8333333333333,1078.875,1088.7916666666665,0.00914962325080718,1310.1879361220708,-1,1157.548,1230.097610501935,1084.998389498065
2023-03-01 00:00:00+05:30,1106.0,1124.0,1097.8,1119.25,213547,1099.9166666666667,1099.675,1100.1583333333335,0.0004394272293357762,1310.1879361220708,-1,1153.692,1223.6813859380297,1083.7026140619703
2023-03-02 00:00:00+05:30,1119.25,1128.85,1109.65,1125.15,333066,1113.6833333333334,1110.9,1116.4666666666667,0.004998428637703661,1310.1879361220708,-1,1150.844,1219.438899635341,1082.2491003646592
2023-03-03 00:00:00+05:30,1134.8,1176.9,1129.95,1167.5,1111922,1121.2166666666667,1119.25,1123.1833333333334,0.003508093886105921,1310.1879361220708,-1,1150.086,1217.4989335957316,1082.6730664042684
2023-03-06 00:00:00+05:30,1175.0,1184.0,1162.0,1165.9,296623,1158.1166666666668,1153.4250000000002,1162.8083333333334,0.008102234950422275,1310.1879361220708,-1,1150.114,1217.5525973755573,1082.6754026244428
2023-03-08 00:00:00+05:30,1160.0,1184.6,1157.6,1182.3,307299,1170.6333333333334,1173.0,1168.2666666666669,0.004043395313078209,1310.1879361220708,-1,1150.142,1217.6334257071408,1082.6505742928593
2023-03-09 00:00:00+05:30,1182.3,1190.35,1162.3,1167.6,437605,1174.8333333333333,1171.1,1178.5666666666666,0.006355511420059609,1310.1879361220708,-1,1150.588,1218.3869337967972,1082.7890662032028
2023-03-10 00:00:00+05:30,1155.0,1170.0,1147.5,1162.0,236399,1173.4166666666665,1176.3249999999998,1170.5083333333332,0.0049570343015410325,1310.1879361220708,-1,1150.828,1218.7442430055028,1082.9117569944972
2023-03-13 00:00:00+05:30,1165.0,1171.05,1120.0,1122.25,612428,1159.8333333333333,1158.75,1160.9166666666665,0.0018680844948985617,1310.1879361220708,-1,1149.6940000000002,1218.5281213060975,1080.8598786939028
2023-03-14 00:00:00+05:30,1125.0,1128.15,1105.0,1107.8,330607,1137.7666666666667,1145.525,1130.0083333333332,0.013637828494419078,1310.1879361220708,-1,1147.746,1218.4309569284903,1077.0610430715099
2023-03-15 00:00:00+05:30,1114.0,1120.35,1086.35,1090.45,468846,1113.6499999999999,1116.575,1110.7249999999997,0.0052529969020790775,1310.1879361220708,-1,1144.368,1217.5663490523013,1071.1696509476985
2023-03-16 00:00:00+05:30,1091.0,1111.85,1071.45,1101.8,386256,1099.05,1103.35,1094.75,0.007824939720667766,1310.1879361220708,-1,1141.074,1214.2266137330894,1067.9213862669108
2023-03-17 00:00:00+05:30,1106.0,1130.0,1102.55,1123.35,632526,1095.0333333333335,1091.65,1098.416666666667,0.0061794161517155135,1310.1879361220708,-1,1139.052,1211.251764431628,1066.8522355683717
2023-03-20 00:00:00+05:30,1124.95,1124.95,1080.0,1099.55,325038,1118.6333333333334,1116.275,1120.9916666666668,0.004216454602342171,1310.1879361220708,-1,1134.684,1202.5729076063433,1066.7950923936567
2023-03-21 00:00:00+05:30,1110.0,1114.9,1095.0,1097.45,301416,1101.5,1102.475,1100.525,0.0017703132092599348,1310.1879361220708,-1,1131.152,1197.209438521204,1065.094561478796
2023-03-22 00:00:00+05:30,1100.7,1105.0,1081.9,1084.45,424270,1102.45,1104.95,1099.95,0.004535353077237063,1310.1879361220708,-1,1128.182,1195.6790451500115,1060.6849548499886
2023-03-23 00:00:00+05:30,1080.0,1085.7,1063.6,1066.9,392359,1090.45,1093.45,1087.45,0.00550231555779724,1293.879782006023,-1,1124.036,1193.3235430072586,1054.7484569927415
2023-03-24 00:00:00+05:30,1065.7,1069.15,1035.25,1044.85,375025,1072.0666666666668,1074.65,1069.4833333333336,0.00481935203034623,1272.1525907257821,-1,1118.384,1189.510274863673,1047.257725136327
2023-03-27 00:00:00+05:30,1043.35,1043.35,1015.0,1025.4,605092,1049.75,1052.2,1047.3,0.004667778042391132,1248.6874870967508,-1,1112.838,1190.2047695072167,1035.4712304927832
2023-03-28 00:00:00+05:30,1029.85,1039.8,1008.8,1013.45,612591,1027.9166666666667,1029.175,1026.6583333333335,0.002448317794892346,1243.7119876128806,-1,1107.24,1191.9601180356992,1022.5198819643007
2023-03-29 00:00:00+05:30,1012.95,1027.6,1005.0,1021.7,501795,1020.6833333333334,1024.3,1017.0666666666668,0.007086755604905002,1233.2635081083654,-1,1102.382,1192.0899032414807,1012.6740967585195
2023-03-31 00:00:00+05:30,1030.0,1057.0,1024.9,1031.05,742189,1018.1,1016.3,1019.9000000000001,0.003535998428445277,1233.2635081083654,-1,1099.358,1193.2842250065596,1005.4317749934403
2023-04-03 00:00:00+05:30,1044.6,1047.35,1029.0,1045.5,338649,1037.6499999999999,1040.95,1034.3499999999997,0.006360526188985077,1233.2635081083654,-1,1097.612,1193.8272723011419,1001.3967276988583
2023-04-05 00:00:00+05:30,1044.95,1064.8,1036.9,1056.5,377531,1040.6166666666666,1038.175,1043.0583333333332,0.004692730272114175,1233.2635081083654,-1,1096.652,1194.0032834223714,999.3007165776287
2023-04-06 00:00:00+05:30,1057.6,1129.1,1053.55,1125.35,1375879,1052.7333333333333,1050.85,1054.6166666666668,0.0035779874612122844,1233.2635081083654,-1,1097.9160000000002,1195.9022550360146,999.9297449639857
2023-04-10 00:00:00+05:30,1170.0,1236.8,1160.0,1228.35,4325815,1102.6666666666665,1091.3249999999998,1114.0083333333332,0.02057134220072557,1233.2635081083654,-1,1103.0339999999999,1213.5673785604276,992.5006214395721
2023-04-11 00:00:00+05:30,1232.05,1239.45,1217.15,1233.8,1168208,1208.3833333333334,1198.4,1218.3666666666668,0.01652345420189512,983.4381935480476,1,1107.616,1229.3843660725674,985.8476339274325
2023-04-12 00:00:00+05:30,1233.9,1250.5,1225.8,1247.7,659312,1230.1333333333334,1228.3000000000002,1231.9666666666667,0.002980706698460748,996.1666658061255,1,1112.518,1246.0170273521976,979.0189726478025
2023-04-13 00:00:00+05:30,1247.1,1288.75,1240.0,1283.1,1283169,1241.3333333333333,1238.15,1244.5166666666664,0.005128893662727981,1018.4209991738803,1,1117.142,1265.1571902474295,969.1268097525706
2023-04-17 00:00:00+05:30,1297.1,1301.75,1267.3,1279.3,855422,1270.6166666666666,1264.375,1276.8583333333331,0.009824625837847599,1038.7631592069251,1,1121.678,1281.843711886105,961.5122881138954
2023-04-18 00:00:00+05:30,1280.0,1314.9,1280.0,1307.25,908592,1282.7833333333335,1284.525,1281.041666666667,0.0027154494783476974,1051.5506328386482,1,1126.6760000000002,1301.2470333817805,952.1049666182197
2023-04-19 00:00:00+05:30,1308.9,1311.2,1285.2,1292.9,404199,1300.7166666666667,1297.45,1303.9833333333333,0.005022872006457955,1054.8566075251022,1,1131.6879999999999,1317.5036834715054,945.8723165284944
2023-04-20 00:00:00+05:30,1290.0,1296.85,1269.6,1279.45,338395,1296.4333333333334,1298.2,1294.6666666666667,0.0027254261692335148,1054.8566075251022,1,1136.386,1330.771056051083,942.000943948917
2023-04-21 00:00:00+05:30,1285.95,1286.2,1255.0,1272.55,383077,1281.9666666666665,1283.225,1280.708333333333,0.0019631295665515584,1054.8566075251022,1,1142.398,1343.8316188027775,940.9643811972223
2023-04-24 00:00:00+05:30,1273.0,1290.6,1268.4,1283.4,288459,1271.25,1270.6,1271.9,0.0010226155358900152,1054.8566075251022,1,1149.422,1357.6710894673556,941.1729105326444
2023-04-25 00:00:00+05:30,1283.4,1295.8,1281.0,1291.5,277888,1280.8,1279.5,1282.1,0.0020299812617113593,1056.8041334227157,1,1157.464,1371.4320864427746,943.4959135572253
2023-04-26 00:00:00+05:30,1284.0,1307.7,1284.0,1295.65,343572,1289.4333333333334,1288.4,1290.4666666666667,0.0016027712431817124,1066.8819680858069,1,1165.218,1384.538191282022,945.8978087179783
2023-04-27 00:00:00+05:30,1298.45,1334.1,1293.25,1319.9,961119,1295.7833333333333,1295.85,1295.7166666666667,0.00010289786101062066,1082.4276893623748,1,1173.08,1399.7998200422333,946.3601799577667
2023-04-28 00:00:00+05:30,1331.5,1331.5,1304.15,1315.25,847483,1315.75,1313.675,1317.825,0.003154094622838754,1088.16958178788,1,1181.708,1412.9503208324606,950.4656791675395
2023-05-02 00:00:00+05:30,1320.0,1334.8,1308.65,1328.75,805825,1316.9666666666667,1317.825,1316.1083333333333,0.001303500468247764,1093.9337985163647,1,1190.96,1426.4469915727461,955.473008427254
2023-05-03 00:00:00+05:30,1328.75,1352.0,1276.75,1328.55,2173786,1324.0666666666666,1321.725,1326.4083333333333,0.003537082724938367,1093.9337985163647,1,1200.724,1437.9720577285777,963.4759422714221
2023-05-04 00:00:00+05:30,1340.0,1340.0,1300.3,1326.05,767255,1319.1000000000001,1314.375,1323.8250000000003,0.007163975437798705,1093.9337985163647,1,1211.09,1446.6838539096098,975.4961460903902
2023-05-05 00:00:00+05:30,1345.95,1348.35,1316.0,1324.2,594732,1322.1166666666668,1320.15,1324.0833333333335,0.0029750274181552763,1093.9337985163647,1,1222.264,1451.677017102305,992.8509828976948
2023-05-08 00:00:00+05:30,1325.0,1360.0,1321.05,1341.35,697928,1329.5166666666667,1332.175,1326.8583333333333,0.003998946985746654,1098.5637535016076,1,1234.902,1454.1270505393543,1015.6769494606457
2023-05-09 00:00:00+05:30,1348.0,1358.0,1315.95,1325.5,502075,1340.8,1340.525,1341.0749999999998,0.00041020286396161034,1098.5637535016076,1,1247.384,1449.6292545203037,1045.1387454796964
2023-05-10 00:00:00+05:30,1334.0,1340.05,1313.6,1336.95,510711,1333.1499999999999,1336.975,1329.3249999999998,0.0057382890147395955,1098.5637535016076,1,1259.9940000000001,1442.7542326984249,1077.2337673015754
2023-05-11 00:00:00+05:30,1341.0,1346.5,1328.5,1339.45,364062,1330.1999999999998,1326.8249999999998,1333.5749999999998,0.005074424898511502,1100.4274962179982,1,1272.33,1431.7547759916329,1112.905224008367
2023-05-12 00:00:00+05:30,1336.0,1358.9,1331.35,1338.3,427205,1338.1499999999999,1337.5,1338.7999999999997,0.0009714904906024939,1109.8213963692783,1,1284.0420000000001,1415.6915580850248,1152.3924419149755
2023-05-15 00:00:00+05:30,1338.0,1415.0,1337.8,1388.5,2478303,1342.8500000000001,1345.125,1340.5750000000003,0.003388315895297112,1128.8925405145071,1,1297.3220000000001,1397.7607896381783,1196.883210361822
2023-05-16 00:00:00+05:30,1395.9,1424.0,1385.3,1389.7,1157296,1380.4333333333334,1376.4,1384.4666666666667,0.00584357568879333,1156.206838893927,1,1307.896,1387.1058777677515,1228.6861222322484
2023-05-17 00:00:00+05:30,1389.95,1401.45,1370.0,1383.8,745519,1399.6666666666667,1404.65,1394.6833333333334,0.007120743034055749,1156.206838893927,1,1314.114,1391.7604217847938,1236.4675782152062
2023-05-18 00:00:00+05:30,1391.0,1397.65,1301.4,1309.15,1336663,1385.0833333333333,1385.725,1384.4416666666666,0.000926538716082043,1156.206838893927,1,1317.1280000000002,1387.5873390827796,1246.6686609172207
2023-05-19 00:00:00+05:30,1314.0,1324.8,1286.3,1322.2,845759,1336.0666666666668,1349.525,1322.6083333333336,0.0201462002894066,1156.206838893927,1,1320.1080000000002,1384.62058283453,1255.5954171654703
2023-05-22 00:00:00+05:30,1322.15,1345.65,1316.25,1342.4,477073,1311.1000000000001,1305.55,1316.6500000000003,0.008466173442148091,1156.206838893927,1,1322.48,1385.723516663624,1259.236483336376
2023-05-23 00:00:00+05:30,1345.7,1357.45,1327.15,1345.25,388328,1334.7666666666667,1330.95,1338.5833333333333,0.005718852233848522,1156.206838893927,1,1325.118,1386.4086184010412,1263.8273815989587
2023-05-24 00:00:00+05:30,1346.0,1349.95,1331.2,1337.9,186321,1343.2833333333335,1342.3000000000002,1344.2666666666669,0.0014640743451989752,1156.206838893927,1,1326.344,1387.3815774091836,1265.3064225908165
2023-05-25 00:00:00+05:30,1338.95,1369.9,1333.1,1365.6,579244,1339.6833333333334,1340.575,1338.7916666666667,0.0013311603488386332,1156.206838893927,1,1329.2520000000002,1390.5656622946474,1267.938337705353
2023-05-26 00:00:00+05:30,1369.7,1379.5,1360.0,1372.1,329463,1356.2,1351.5,1360.9,0.006931131101607499,1156.206838893927,1,1332.958,1392.969176825505,1272.9468231744952
2023-05-29 00:00:00+05:30,1382.0,1388.6,1360.5,1374.9,434395,1370.5333333333335,1369.75,1371.316666666667,0.001143107306158474,1156.206838893927,1,1337.0520000000001,1393.9017914154663,1280.202208584534
2023-05-30 00:00:00+05:30,1381.0,1392.6,1376.0,1385.95,365144,1374.6666666666667,1374.55,1374.7833333333335,0.0001697381183318932,1156.206838893927,1,1341.154,1396.7110835806018,1285.5969164193982
2023-05-31 00:00:00+05:30,1384.2,1395.0,1364.0,1390.3,890001,1384.8500000000001,1384.3,1385.4000000000003,0.0007943098530529398,1156.206838893927,1,1345.106,1400.0249025380328,1290.1870974619671
2023-06-01 00:00:00+05:30,1395.0,1423.0,1393.35,1402.7,690024,1383.1000000000001,1379.5,1386.7000000000003,0.005205697346540577,1166.4687367326203,1,1349.388,1404.9049471781539,1293.871052821846
2023-06-02 00:00:00+05:30,1407.0,1442.7,1405.5,1427.45,1059866,1406.3500000000001,1408.175,1404.5250000000003,0.002595370995840037,1180.8619872633153,1,1353.69,1415.6897096765938,1291.6902903234063
2023-06-05 00:00:00+05:30,1427.0,1436.95,1410.65,1414.1,328750,1425.2166666666665,1424.1,1426.333333333333,0.0015670132026707902,1182.927507772783,1,1357.644,1421.9005565213533,1293.3874434786467
2023-06-06 00:00:00+05:30,1414.0,1427.0,1410.45,1421.4,231667,1420.5666666666668,1423.8000000000002,1417.3333333333335,0.0045521740150644315,1182.927507772783,1,1361.35,1429.1051592130211,1293.5948407869787
2023-06-07 00:00:00+05:30,1425.0,1450.0,1421.7,1446.45,419560,1419.6166666666668,1418.725,1420.5083333333337,0.0012562076616930093,1201.4052711633967,1,1366.066,1440.1496431068415,1291.9823568931586
2023-06-08 00:00:00+05:30,1450.0,1451.25,1405.1,1424.7,526252,1439.3833333333332,1435.85,1442.9166666666665,0.004909509859546292,1201.4052711633967,1,1370.0119999999997,1445.6424768197437,1294.3815231802557
2023-06-09 00:00:00+05:30,1430.0,1449.95,1423.55,1429.9,365871,1427.0166666666667,1428.175,1425.8583333333333,0.001623433503462893,1201.4052711633967,1,1374.24,1450.9636495481138,1297.5163504518862
2023-06-12 00:00:00+05:30,1435.9,1443.85,1431.0,1434.9,283256,1434.4666666666665,1436.75,1432.183333333333,0.0031835293024123214,1207.092073188019,1,1377.9820000000002,1457.0147116071682,1298.9492883928322
2023-06-13 00:00:00+05:30,1446.45,1487.0,1445.05,1474.45,1364626,1436.5833333333333,1437.425,1435.7416666666666,0.0011717617031150721,1230.3173902604983,1,1383.94,1468.5121750931226,1299.3678249068776
2023-06-14 00:00:00+05:30,1479.95,1512.0,1468.9,1506.55,1369369,1468.8333333333333,1466.025,1471.6416666666664,0.0038238965165094748,1252.1026946500783,1,1390.724,1485.699715295973,1295.748284704027
2023-06-15 00:00:00+05:30,1511.5,1589.0,1495.0,1569.65,3120677,1495.8166666666666,1490.45,1501.1833333333332,0.0071755674157927924,1286.8665868640753,1,1399.932,1515.6165534372747,1284.2474465627254
2023-06-16 00:00:00+05:30,1579.95,1580.0,1525.0,1536.55,1392650,1551.2166666666665,1542.0,1560.433333333333,0.011883145487950065,1292.1719233895124,1,1407.862,1532.400878363271,1283.3231216367292
2023-06-19 00:00:00+05:30,1529.55,1557.7,1513.9,1521.65,797109,1547.1833333333334,1552.5,1541.8666666666668,0.0068727041613253406,1292.1719233895124,1,1413.1879999999999,1545.1278295587103,1281.2481704412894
2023-06-20 00:00:00+05:30,1523.25,1555.3,1517.25,1526.8,1159153,1531.0833333333333,1535.8000000000002,1526.3666666666663,0.006161214826103858,1292.1719233895124,1,1418.672,1557.4696284522956,1279.8743715477044
2023-06-21 00:00:00+05:30,1530.6,1559.0,1508.4,1529.85,1082814,1533.1166666666668,1536.275,1529.9583333333335,0.0041201474121342835,1292.1719233895124,1,1424.514,1569.1216914136362,1279.9063085863636
2023-06-22 00:00:00+05:30,1535.2,1538.25,1492.0,1497.8,406165,1532.4166666666667,1533.7,1531.1333333333334,0.0016749143509706492,1292.1719233895124,1,1432.06,1571.3924570944669,1292.727542905533
2023-06-23 00:00:00+05:30,1498.9,1519.65,1478.7,1499.45,485432,1509.3500000000001,1515.125,1503.5750000000003,0.007652300659223988,1292.1719233895124,1,1439.15,1573.3439342890783,1304.9560657109218
2023-06-26 00:00:00+05:30,1505.95,1538.7,1490.0,1535.65,583006,1499.2666666666667,1499.1750000000002,1499.3583333333331,0.00012228200453528784,1292.1719233895124,1,1446.88,1580.151416290146,1313.6085837098542
2023-06-27 00:00:00+05:30,1544.2,1566.0,1534.55,1563.3,729872,1521.45,1514.35,1528.5500000000002,0.00933320187978591,1292.1719233895124,1,1455.602,1589.6653088655555,1321.5386911344447
2023-06-28 00:00:00+05:30,1573.0,1595.3,1563.15,1583.1,866868,1554.6166666666668,1550.275,1558.9583333333335,0.005585514113875914,1311.1534661457524,1,1465.41,1599.4715530268886,1331.3484469731115
2023-06-30 00:00:00+05:30,1590.0,1593.9,1564.4,1568.45,660401,1580.5166666666664,1579.225,1581.808333333333,0.001634486613027194,1313.5413274999225,1,1473.524,1606.9930409644917,1340.054959035508
2023-07-03 00:00:00+05:30,1574.9,1585.0,1551.5,1582.15,408377,1575.5833333333333,1579.15,1572.0166666666664,0.004527423705506109,1313.5413274999225,1,1481.9260000000002,1615.243873130279,1348.6081268697212
2023-07-04 00:00:00+05:30,1584.3,1585.8,1548.0,1560.8,601210,1572.8833333333332,1568.25,1577.5166666666664,0.00589151558178701,1313.5413274999225,1,1489.362,1618.6489901574832,1360.075009842517
2023-07-05 00:00:00+05:30,1562.6,1570.0,1497.6,1559.5,1486827,1564.8666666666668,1566.9,1562.8333333333335,0.0025987304562688656,1313.5413274999225,1,1496.3040000000003,1621.197586448549,1371.4104135514517
2023-07-06 00:00:00+05:30,1570.95,1621.0,1568.05,1598.7,1707900,1542.3666666666668,1533.8,1550.9333333333336,0.011108469667826715,1314.1970296258926,1,1504.64,1627.928877032687,1381.3511229673131
2023-07-07 00:00:00+05:30,1598.5,1611.9,1562.45,1581.85,544920,1595.9166666666667,1594.525,1597.3083333333334,0.0017440342540859294,1314.1970296258926,1,1511.806,1631.3295552348616,1392.2824447651385
2023-07-10 00:00:00+05:30,1581.85,1586.6,1552.65,1573.7,218026,1585.4000000000003,1587.1750000000002,1583.6250000000005,0.0022391825406835666,1314.1970296258926,1,1517.6559999999997,1634.3752334449678,1400.9367665550317
2023-07-11 00:00:00+05:30,1577.0,1607.1,1575.0,1599.35,455625,1570.9833333333333,1569.625,1572.3416666666667,0.0017292778408428036,1314.1970296258926,1,1525.066,1638.0073891183426,1412.1246108816574
2023-07-12 00:00:00+05:30,1604.0,1611.7,1582.6,1598.75,524001,1593.8166666666666,1591.05,1596.5833333333333,0.0034717502012987502,1320.91769843497,1,1532.16,1640.3435884040682,1423.976411595932
2023-07-13 00:00:00+05:30,1616.0,1638.5,1595.2,1621.4,920882,1597.6833333333334,1597.15,1598.2166666666667,0.000667633344112792,1339.542990497571,1,1539.158,1646.8919897338847,1431.4240102661151
2023-07-14 00:00:00+05:30,1637.8,1678.0,1637.75,1666.1,1761853,1618.3666666666668,1616.85,1619.8833333333337,0.0018743177277504629,1375.8122708776682,1,1548.8140000000003,1657.053739541357,1440.5742604586437
2023-07-17 00:00:00+05:30,1670.95,1670.95,1609.55,1625.25,862216,1660.6166666666668,1657.875,1663.3583333333336,0.0033019862099422357,1375.8122708776682,1,1556.6280000000002,1657.3450018615563,1455.910998138444
2023-07-18 00:00:00+05:30,1625.25,1636.05,1600.0,1607.65,360251,1635.25,1640.25,1630.25,0.006115272894052897,1375.8122708776682,1,1563.5379999999998,1652.972938497103,1474.1030615028965
2023-07-19 00:00:00+05:30,1609.7,1633.95,1605.4,1607.5,346815,1614.5666666666668,1618.025,1611.1083333333336,0.0042839151888018545,1375.8122708776682,1,1568.86,1652.0746092941654,1485.6453907058344
2023-07-20 00:00:00+05:30,1610.0,1627.0,1601.15,1622.2,309558,1615.6166666666668,1619.6750000000002,1611.5583333333334,0.005023881490039997,1375.8122708776682,1,1573.486,1655.1749883398038,1491.7970116601964
2023-07-21 00:00:00+05:30,1615.95,1638.9,1592.7,1627.05,543510,1616.7833333333335,1614.075,1619.491666666667,0.0033502736915894536,1375.8122708776682,1,1575.7820000000002,1660.0951443132124,1491.468855686788
2023-07-24 00:00:00+05:30,1627.65,1656.95,1616.5,1648.4,611931,1619.5500000000002,1615.8000000000002,1623.3000000000002,0.004630915995183847,1375.8122708776682,1,1580.2559999999999,1667.583632831656,1492.9283671683438
2023-07-25 00:00:00+05:30,1648.95,1659.95,1634.2,1651.95,528491,1640.6166666666668,1636.725,1644.5083333333337,0.004744151081402577,1375.8122708776682,1,1585.468,1673.7307571741362,1497.205242825864
2023-07-26 00:00:00+05:30,1665.0,1680.0,1638.3,1671.3,936190,1648.7,1647.075,1650.325,0.0019712500758173107,1381.7065981766887,1,1591.2479999999998,1682.2683954286094,1500.2276045713902
2023-07-27 00:00:00+05:30,1678.0,1715.15,1673.5,1707.05,928108,1663.2,1659.15,1667.25,0.004870129870129815,1415.7013342496211,1,1598.336,1696.4492795088433,1500.2227204911567
2023-07-28 00:00:00+05:30,1706.95,1769.0,1706.0,1751.95,1726772,1698.5666666666666,1694.325,1702.8083333333332,0.0049944070490804725,1452.3812808796363,1,1608.5019999999997,1715.1377781608983,1501.8662218391012
2023-07-31 00:00:00+05:30,1762.5,1762.95,1734.25,1740.5,291905,1742.3166666666666,1737.5,1747.1333333333332,0.00552903701011099,1466.8500296444506,1,1618.144,1727.1591267301026,1509.1288732698974
2023-08-01 00:00:00+05:30,1749.95,1753.35,1686.45,1692.0,561651,1745.8999999999999,1748.6,1743.1999999999998,0.00309296065066733,1466.8500296444506,1,1624.398,1731.6908682810758,1517.105131718924
2023-08-02 00:00:00+05:30,1685.1,1714.4,1635.1,1659.8,1764832,1710.6000000000001,1719.9,1701.3000000000002,0.010873377762188653,1466.8500296444506,1,1628.2579999999998,1733.402733315465,1523.1132666845347
2023-08-03 00:00:00+05:30,1663.0,1664.55,1554.15,1573.0,2101870,1669.7666666666667,1674.75,1664.7833333333333,0.00596889784999902,1466.8500296444506,1,1627.854,1733.764501537762,1521.943498462238
2023-08-04 00:00:00+05:30,1573.0,1589.95,1531.45,1535.9,1027141,1597.2333333333333,1609.35,1585.1166666666668,0.015172068368219915,1466.8500296444506,1,1626.5520000000001,1736.089783362547,1517.0142166374533
2023-08-07 00:00:00+05:30,1516.35,1566.45,1516.35,1561.65,894488,1552.4333333333334,1560.7,1544.1666666666667,0.010649947394413052,1466.8500296444506,1,1625.7320000000002,1736.8821394690096,1514.5818605309908
2023-08-08 00:00:00+05:30,1571.0,1571.0,1538.3,1560.4,524224,1548.1500000000003,1541.4,1554.9000000000005,0.008720085263056197,1466.8500296444506,1,1625.7159999999997,1736.9036313983718,1514.5283686016276
2023-08-09 00:00:00+05:30,1560.05,1565.2,1521.0,1526.85,950262,1556.5666666666668,1554.65,1558.4833333333336,0.002462684969055925,1466.8500296444506,1,1624.41,1739.3806710425763,1509.4393289574239
2023-08-10 00:00:00+05:30,1532.45,1542.95,1518.0,1528.35,497525,1537.6833333333332,1543.1,1532.2666666666664,0.007045230379033493,1466.8500296444506,1,1621.596,1742.2493212803538,1500.9426787196462
2023-08-11 00:00:00+05:30,1537.0,1540.45,1515.0,1519.95,234703,1529.7666666666664,1530.475,1529.058333333333,0.0009260671562113852,1466.8500296444506,1,1619.12,1745.3461779504562,1492.8938220495436
2023-08-14 00:00:00+05:30,1515.0,1552.85,1495.3,1549.9,515427,1525.1333333333332,1527.725,1522.5416666666665,0.0033986099575993756,1466.8500296444506,1,1618.1680000000001,1746.097558367018,1490.2384416329821
2023-08-16 00:00:00+05:30,1551.0,1562.85,1535.7,1547.5,727732,1532.6833333333332,1524.0749999999998,1541.2916666666665,0.011233022694403082,1466.8500296444506,1,1616.094,1746.82709395857,1485.36090604143
2023-08-17 00:00:00+05:30,1547.5,1565.0,1540.1,1547.75,349532,1548.6833333333334,1549.275,1548.0916666666667,0.0007640899258510308,1466.8500296444506,1,1614.0539999999999,1747.3720765537075,1480.7359234462922
2023-08-18 00:00:00+05:30,1540.0,1548.8,1520.0,1526.0,313169,1550.95,1552.55,1549.3500000000001,0.0020632515554981257,1466.8500296444506,1,1610.2379999999998,1747.887515160716,1472.5884848392836
2023-08-21 00:00:00+05:30,1530.0,1561.8,1526.0,1554.1,597882,1531.6000000000001,1534.4,1528.8000000000002,0.0036563071297988432,1466.8500296444506,1,1605.7579999999998,1743.1335922425092,1468.3824077574905
2023-08-22 00:00:00+05:30,1555.0,1578.9,1554.05,1565.4,340641,1547.3,1543.9,1550.6999999999998,0.004394752148904367,1466.8500296444506,1,1603.364,1741.3819017953115,1465.3460982046886
2023-08-23 00:00:00+05:30,1569.7,1598.6,1562.0,1595.35,477260,1566.1166666666668,1566.475,1565.7583333333337,0.00045760745793708995,1466.8500296444506,1,1602.8719999999998,1740.912970961451,1464.8310290385486
2023-08-24 00:00:00+05:30,1604.75,1642.05,1601.5,1612.7,826306,1585.3166666666666,1580.3,1590.3333333333333,0.006328914307341312,1466.8500296444506,1,1603.0800000000004,1741.163902030542,1464.9960979694588
2023-08-25 00:00:00+05:30,1600.0,1622.0,1586.0,1595.2,504026,1618.75,1621.775,1615.725,0.0037374517374518497,1466.8500296444506,1,1602.0,1739.891049745733,1464.108950254267
2023-08-28 00:00:00+05:30,1595.2,1641.9,1595.2,1631.5,1185770,1601.0666666666666,1604.0,1598.1333333333332,0.0036642238507662316,1466.8500296444506,1,1602.1779999999999,1740.2093531918752,1464.1466468081246
2023-08-29 00:00:00+05:30,1635.5,1647.65,1632.15,1644.5,617075,1622.8666666666668,1618.5500000000002,1627.1833333333334,0.00531980446124135,1466.8500296444506,1,1602.0220000000002,1739.852713790433,1464.1912862095674
2023-08-30 00:00:00+05:30,1648.0,1663.15,1637.0,1658.85,507237,1641.4333333333334,1639.9,1642.9666666666667,0.0018682858477346664,1466.8500296444506,1,1602.2979999999998,1740.554499246799,1464.0415007532006
2023-08-31 00:00:00+05:30,1659.0,1664.45,1625.15,1645.8,593403,1653.0,1650.075,1655.925,0.003539019963702304,1466.8500296444506,1,1601.2780000000002,1737.8491597079715,1464.706840292029
2023-09-01 00:00:00+05:30,1645.8,1657.45,1636.15,1643.65,328723,1645.1333333333334,1644.8000000000002,1645.4666666666667,0.00040523564452720043,1466.8500296444506,1,1598.7420000000002,1729.597583541476,1467.8864164585243
2023-09-04 00:00:00+05:30,1643.5,1674.75,1642.05,1650.5,689277,1645.75,1646.8000000000002,1644.6999999999998,0.0012760139753913802,1466.8500296444506,1,1594.6840000000002,1711.860389157459,1477.5076108425415
2023-09-05 00:00:00+05:30,1652.0,1674.4,1652.0,1659.7,378823,1655.7666666666667,1658.4,1653.1333333333332,0.0031808024480101133,1466.8500296444506,1,1591.4520000000002,1696.155805011949,1486.7481949880514
2023-09-06 00:00:00+05:30,1658.95,1666.65,1616.0,1644.5,243813,1662.0333333333335,1663.2,1660.866666666667,0.0014039028499226028,1466.8500296444506,1,1589.5520000000001,1688.4515307571285,1490.6524692428718
2023-09-07 00:00:00+05:30,1644.0,1662.0,1641.05,1656.35,516758,1642.3833333333332,1641.325,1643.4416666666664,0.0012887774879999595,1466.8500296444506,1,1589.414,1687.929945998504,1490.898054001496
2023-09-08 00:00:00+05:30,1657.5,1702.05,1653.05,1693.25,669455,1653.1333333333332,1651.525,1654.7416666666663,0.00194579989514835,1466.8500296444506,1,1594.224,1700.5012153190899,1487.94678468091
2023-09-11 00:00:00+05:30,1699.0,1702.3,1673.0,1685.95,596640,1682.7833333333335,1677.55,1688.016666666667,0.006219854011707083,1466.8500296444506,1,1600.226,1709.554247475116,1490.8977525248843
2023-09-12 00:00:00+05:30,1690.0,1701.0,1619.1,1624.2,571118,1687.0833333333333,1687.65,1686.5166666666664,0.0006717708076070142,1466.8500296444506,1,1602.7279999999998,1711.2705670600255,1494.1854329399741
2023-09-13 00:00:00+05:30,1624.95,1647.35,1600.0,1642.15,446742,1648.1000000000001,1660.05,1636.1500000000003,0.014501547236211172,1466.8500296444506,1,1605.9980000000003,1714.1678053246849,1497.8281946753157
2023-09-14 00:00:00+05:30,1659.0,1707.9,1655.6,1674.2,569219,1629.8333333333333,1623.675,1635.9916666666666,0.007557009919214607,1466.8500296444506,1,1611.8919999999998,1718.2107986387175,1505.5732013612821
2023-09-15 00:00:00+05:30,1680.85,1684.95,1647.6,1660.85,266282,1679.2333333333333,1681.75,1676.7166666666667,0.0029973996069634773,1466.8500296444506,1,1617.1919999999998,1719.4570778319762,1514.9269221680233
2023-09-18 00:00:00+05:30,1660.0,1660.0,1613.55,1621.35,529820,1664.4666666666665,1666.275,1662.6583333333328,0.0021728681860058736,1466.8500296444506,1,1621.2480000000003,1715.4931419648792,1527.0028580351213
2023-09-20 00:00:00+05:30,1617.6,1634.9,1584.75,1588.4,427123,1631.6333333333332,1636.775,1626.4916666666663,0.00630247808944029,1466.8500296444506,1,1622.7879999999998,1713.5118283141762,1532.0641716858233
2023-09-21 00:00:00+05:30,1580.1,1601.9,1547.5,1553.6,584283,1602.6833333333334,1609.825,1595.5416666666667,0.008912136937011867,1466.8500296444506,1,1623.0320000000002,1712.9740163437546,1533.0899836562457
2023-09-22 00:00:00+05:30,1541.0,1577.45,1536.2,1538.8,435748,1567.6666666666667,1574.7,1560.6333333333334,0.008972995960025477,1466.8500296444506,1,1622.674,1713.8742066663237,1531.4737933336762
2023-09-25 00:00:00+05:30,1551.2,1615.4,1535.0,1595.85,1613808,1550.8166666666666,1556.825,1544.8083333333332,0.007748605573407697,1466.8500296444506,1,1625.4679999999998,1708.5705769996343,1542.3654230003654
2023-09-26 00:00:00+05:30,1595.95,1599.9,1566.1,1572.1,587832,1582.0833333333333,1575.2,1588.9666666666665,0.008701606531472061,1466.8500296444506,1,1626.1879999999999,1707.087474806578,1545.2885251934217
2023-09-27 00:00:00+05:30,1572.0,1587.6,1565.35,1580.35,245141,1579.3666666666668,1583.0,1575.7333333333336,0.004601000401004468,1466.8500296444506,1,1626.786,1706.0844565800633,1547.4875434199369
2023-09-28 00:00:00+05:30,1583.0,1585.0,1532.0,1537.1,337198,1577.7666666666664,1576.475,1579.058333333333,0.0016373354741932883,1466.8500296444506,1,1624.4560000000001,1710.452433972463,1538.4595660275372
2023-09-29 00:00:00+05:30,1551.95,1578.85,1549.5,1554.1,762515,1551.3666666666668,1558.5,1544.2333333333336,0.009196192604370183,1466.8500296444506,1,1622.1119999999999,1712.352187411043,1531.8718125889568
2023-10-03 00:00:00+05:30,1556.0,1563.45,1538.25,1555.7,526373,1560.8166666666666,1564.175,1557.4583333333333,0.004303302758171489,1466.8500296444506,1,1620.532,1713.9296097337624,1527.1343902662375
2023-10-04 00:00:00+05:30,1553.5,1570.3,1532.85,1565.75,453600,1552.4666666666665,1550.85,1554.083333333333,0.0020827070897924517,1466.8500296444506,1,1617.9019999999998,1713.5909188149815,1522.2130811850182
2023-10-05 00:00:00+05:30,1576.35,1606.5,1570.25,1599.35,616796,1556.3,1551.5749999999998,1561.025,0.006072094069267026,1466.8500296444506,1,1616.096,1711.4123067684652,1520.7796932315348
2023-10-06 00:00:00+05:30,1599.35,1686.95,1599.05,1675.0,928774,1592.0333333333335,1588.375,1595.691666666667,0.004595799920437424,1466.8500296444506,1,1616.7420000000002,1713.4178157140668,1520.0661842859336
2023-10-09 00:00:00+05:30,1670.0,1670.0,1623.9,1630.65,614131,1653.6666666666667,1643.0,1664.3333333333335,0.012900624874017426,1466.8500296444506,1,1616.1359999999997,1712.264012649696,1520.0079873503034
2023-10-10 00:00:00+05:30,1641.5,1746.4,1639.15,1722.75,2748993,1641.5166666666667,1646.95,1636.0833333333333,0.006619894203531361,1466.8500296444506,1,1619.2999999999997,1723.693846561855,1514.9061534381444
2023-10-11 00:00:00+05:30,1727.0,1757.9,1722.75,1727.45,750008,1702.7666666666667,1692.775,1712.7583333333332,0.01173580251747144,1466.8500296444506,1,1622.378,1734.5201243956978,1510.235875604302
2023-10-12 00:00:00+05:30,1732.0,1737.65,1692.85,1701.4,554212,1736.0333333333335,1740.325,1731.741666666667,0.004944221501123075,1466.8500296444506,1,1624.046,1739.549135611031,1508.542864388969
2023-10-13 00:00:00+05:30,1700.0,1716.95,1683.1,1688.2,401094,1710.6333333333332,1715.25,1706.0166666666664,0.005397611021259325,1466.8500296444506,1,1625.7939999999999,1743.7784542979293,1507.8095457020704
2023-10-16 00:00:00+05:30,1689.0,1705.0,1672.2,1701.15,451705,1696.0833333333333,1700.025,1692.1416666666664,0.004647963445192552,1466.8500296444506,1,1627.586,1748.692001568792,1506.479998431208
2023-10-17 00:00:00+05:30,1690.0,1715.0,1684.05,1707.5,532339,1692.7833333333335,1688.6,1696.9666666666672,0.0049425502377744195,1466.8500296444506,1,1628.156,1750.6193898599097,1505.6926101400902
2023-10-18 00:00:00+05:30,1706.0,1708.1,1664.05,1675.9,336994,1702.1833333333334,1699.525,1704.8416666666667,0.0031234395041661823,1466.8500296444506,1,1627.754,1749.51988330062,1505.9881166993798
2023-10-19 00:00:00+05:30,1671.7,1686.3,1649.75,1677.8,426006,1682.6833333333332,1686.0749999999998,1679.2916666666665,0.0040312595952892525,1466.8500296444506,1,1629.898,1753.2157148019708,1506.580285198029
2023-10-20 00:00:00+05:30,1656.0,1679.35,1641.0,1649.5,503218,1671.2833333333335,1668.025,1674.541666666667,0.003899199218165808,1466.8500296444506,1,1630.1919999999998,1753.6601065861958,1506.7238934138038
2023-10-23 00:00:00+05:30,1649.0,1659.4,1613.95,1630.2,772689,1656.6166666666668,1660.175,1653.0583333333336,0.004295904302946568,1466.8500296444506,1,1628.432,1750.588089917696,1506.275910082304
2023-10-25 00:00:00+05:30,1632.5,1655.45,1575.85,1582.0,710073,1634.5166666666667,1636.6750000000002,1632.3583333333331,0.00264094380601833,1466.8500296444506,1,1625.2780000000002,1747.9936064401763,1502.5623935598242
2023-10-26 00:00:00+05:30,1583.75,1589.25,1548.8,1576.85,551320,1604.4333333333334,1615.65,1593.2166666666667,0.013982091288720874,1466.8500296444506,1,1623.4979999999998,1747.6721566670785,1499.3238433329211
2023-10-27 00:00:00+05:30,1577.0,1616.35,1577.0,1602.2,548552,1571.6333333333332,1569.025,1574.2416666666663,0.0033192644594792525,1466.8500296444506,1,1624.05,1747.7168104221184,1500.3831895778815
2023-10-30 00:00:00+05:30,1604.1,1645.0,1595.95,1639.35,734835,1598.5166666666667,1596.675,1600.3583333333333,0.0023042195368623373,1466.8500296444506,1,1627.48,1747.8534289616284,1507.1065710383716
2023-10-31 00:00:00+05:30,1635.0,1668.0,1635.0,1659.65,616003,1626.7666666666664,1620.475,1633.058333333333,0.007735180214330901,1466.8500296444506,1,1632.3139999999999,1747.6552970968341,1516.9727029031656
2023-11-01 00:00:00+05:30,1660.0,1698.0,1660.0,1664.25,483222,1654.2166666666665,1651.5,1656.933333333333,0.00328453548003563,1466.8500296444506,1,1635.05,1750.0461634141775,1520.0538365858224
2023-11-02 00:00:00+05:30,1676.95,1726.6,1675.0,1716.0,1252578,1674.0833333333333,1679.0,1669.1666666666665,0.005873861317138823,1466.8500296444506,1,1640.8059999999998,1757.0214183229582,1524.5905816770414
2023-11-03 00:00:00+05:30,1715.75,1804.7,1707.1,1784.4,2615690,1705.8666666666668,1700.8,1710.9333333333336,0.005940284508363491,1466.8500296444506,1,1648.9679999999998,1775.2765108137223,1522.6594891862774
2023-11-06 00:00:00+05:30,1819.0,1837.45,1792.55,1823.5,1383254,1765.4000000000003,1755.9,1774.9000000000005,0.010762433442846069,1481.6766894506334,1,1660.424,1795.7029536327814,1525.1450463672186
2023-11-07 00:00:00+05:30,1823.0,1824.85,1760.0,1764.6,808768,1817.8333333333333,1815.0,1820.6666666666665,0.0031172641422938566,1481.6766894506334,1,1668.844,1802.80095224952,1534.8870477504802
2023-11-08 00:00:00+05:30,1768.0,1782.4,1754.6,1773.1,401113,1783.1499999999999,1792.425,1773.8749999999998,0.010402938619858219,1481.6766894506334,1,1677.54,1809.1941803361374,1545.8858196638625
2023-11-09 00:00:00+05:30,1781.85,1837.7,1780.0,1815.25,1892179,1770.0333333333335,1768.5,1771.566666666667,0.0017325474096535247,1481.6766894506334,1,1687.52,1821.5690507239053,1553.4709492760946
2023-11-10 00:00:00+05:30,1814.35,1861.1,1799.05,1817.65,1367500,1810.9833333333333,1808.85,1813.1166666666668,0.002355994441325732,1488.9907421290834,1,1696.2519999999997,1834.5622873396626,1557.9417126603369
2023-11-12 00:00:00+05:30,1829.95,1844.0,1825.2,1838.4,103986,1825.9333333333332,1830.0749999999998,1821.7916666666665,0.004536492752564882,1499.7811124439202,1,1702.7879999999998,1851.5144718332956,1554.061528166704
2023-11-13 00:00:00+05:30,1830.0,1836.85,1801.05,1821.45,540489,1835.8666666666668,1834.6,1837.1333333333337,0.0013799113951632786,1499.7811124439202,1,1710.4200000000003,1863.0858390078808,1557.7541609921198
2023-11-15 00:00:00+05:30,1835.35,1879.6,1835.35,1863.75,1092596,1819.783333333333,1818.9499999999998,1820.6166666666663,0.0009158599466968679,1522.5842332283169,1,1716.0600000000004,1880.123736395281,1551.9962636047198
2023-11-16 00:00:00+05:30,1865.4,1873.05,1840.0,1853.3,504368,1859.5666666666666,1857.475,1861.6583333333333,0.002249628049545626,1525.7758638991843,1,1721.094,1893.744973515877,1548.443026484123
2023-11-17 00:00:00+05:30,1853.3,1888.0,1843.9,1862.9,427282,1855.45,1856.525,1854.375,0.0011587485515643595,1536.0828293432169,1,1727.5539999999999,1908.652885518327,1546.4551144816728
2023-11-20 00:00:00+05:30,1862.9,1888.0,1846.0,1850.3,710409,1864.9333333333334,1865.95,1863.9166666666667,0.001090298133981538,1538.5675161694883,1,1734.0380000000002,1920.5627764346073,1547.5132235653932
2023-11-21 00:00:00+05:30,1861.95,1914.55,1860.0,1890.85,1021898,1861.4333333333334,1867.0,1855.8666666666668,0.005981054026466994,1553.9898155227088,1,1741.626,1937.3873917399958,1545.8646082600042
2023-11-22 00:00:00+05:30,1890.85,1895.9,1832.4,1861.9,434209,1888.4666666666665,1887.275,1889.6583333333328,0.0012620468104632104,1553.9898155227088,1,1747.8020000000001,1948.545993145449,1547.0580068545512
2023-11-23 00:00:00+05:30,1870.0,1877.15,1842.6,1852.35,301508,1863.4000000000003,1864.15,1862.6500000000005,0.0008049801438228749,1553.9898155227088,1,1754.86,1957.3953085266369,1552.324691473363
2023-11-24 00:00:00+05:30,1860.1,1864.45,1832.2,1841.05,255929,1857.3666666666668,1859.875,1854.8583333333336,0.00270095655138983,1553.9898155227088,1,1761.39,1964.092893911212,1558.6871060887881
2023-11-28 00:00:00+05:30,1841.05,1863.35,1823.15,1839.5,418868,1845.8999999999999,1848.325,1843.4749999999997,0.0026274446069669884,1553.9898155227088,1,1768.99,1968.5658281956512,1569.4141718043488
2023-11-29 00:00:00+05:30,1848.2,1860.55,1837.1,1840.0,269498,1842.0,1843.25,1840.75,0.0013572204125950054,1553.9898155227088,1,1777.3819999999998,1970.445641072005,1584.3183589279947
2023-11-30 00:00:00+05:30,1840.0,1883.0,1825.8,1876.7,912276,1845.8833333333332,1848.8249999999998,1842.9416666666666,0.00318727257952374,1553.9898155227088,1,1789.17,1968.5805125124502,1609.75948748755
2023-12-01 00:00:00+05:30,1885.0,1896.5,1854.55,1872.65,391850,1861.8333333333333,1854.4,1869.2666666666664,0.00798496105988703,1553.9898155227088,1,1801.0020000000002,1960.7843756988862,1641.2196243011142
2023-12-04 00:00:00+05:30,1901.0,1943.0,1872.95,1915.6,1093062,1874.5666666666668,1875.525,1873.6083333333336,0.0010224585237476296,1578.1466635554073,1,1813.5380000000002,1957.3416057405377,1669.7343942594628
2023-12-05 00:00:00+05:30,1924.95,1931.5,1865.1,1907.5,522131,1910.5166666666664,1907.975,1913.058333333333,0.0026607113259064464,1578.1466635554073,1,1824.2640000000001,1953.791110737405,1694.7368892625952
2023-12-06 00:00:00+05:30,1922.9,1943.8,1907.0,1936.7,573789,1901.3666666666668,1898.3,1904.4333333333336,0.003225749899195491,1593.2778851326634,1,1835.346,1953.5537964263776,1717.1382035736224
2023-12-07 00:00:00+05:30,1937.0,1952.0,1905.0,1935.85,465053,1929.1666666666667,1925.4,1932.9333333333334,0.003904967602591777,1596.5027697273567,1,1846.21,1948.3536791973931,1744.066320802607
2023-12-08 00:00:00+05:30,1940.0,1955.0,1903.4,1930.15,430579,1930.95,1928.5,1933.4,0.002537611020482193,1596.5027697273567,1,1854.776,1947.2661643202127,1762.2858356797874
2023-12-11 00:00:00+05:30,1931.2,1965.5,1915.0,1923.95,659536,1929.5166666666667,1929.2,1929.8333333333333,0.00032823418645423053,1606.2712725807319,1,1860.3580000000002,1952.025646113446,1768.6903538865542
2023-12-12 00:00:00+05:30,1924.0,1935.0,1887.0,1899.0,278695,1934.8166666666666,1940.25,1929.3833333333332,0.005616380535623593,1606.2712725807319,1,1863.3780000000002,1954.9641696108097,1771.7918303891906
2023-12-13 00:00:00+05:30,1909.95,1939.95,1895.55,1934.1,341059,1907.0,1911.0,1903.0,0.004195070791819612,1606.2712725807319,1,1870.1580000000001,1956.4324118726984,1783.883588127302
2023-12-14 00:00:00+05:30,1953.0,2072.0,1948.9,2061.45,1982211,1923.2,1917.75,1928.65,0.005667637271214689,1652.0339726179866,1,1881.692,1987.7991220228876,1775.5848779771125
2023-12-15 00:00:00+05:30,2069.0,2075.5,2029.55,2052.1,1023312,2027.45,2010.45,2044.45,0.016769834027966165,1695.579613713267,1,1891.1660000000002,2012.983856556336,1769.3481434436644
2023-12-18 00:00:00+05:30,2052.0,2052.05,1985.0,1988.85,1138208,2052.383333333333,2052.525,2052.2416666666663,0.000138050883931896,1695.579613713267,1,1898.0140000000001,2021.763826731111,1774.2641732688892
2023-12-19 00:00:00+05:30,1990.0,2017.4,1961.35,1976.6,909080,2008.6333333333332,2018.525,1998.7416666666663,0.009849151164141668,1695.579613713267,1,1903.5420000000001,2028.4871613468088,1778.5968386531915
2023-12-20 00:00:00+05:30,1977.8,1997.3,1881.5,1890.7,1037634,1985.1166666666668,1989.375,1980.8583333333336,0.004290260018302748,1695.579613713267,1,1906.312,2026.8471941300963,1785.7768058699035
2023-12-21 00:00:00+05:30,1883.35,1966.7,1864.2,1957.7,539975,1923.1666666666667,1939.4,1906.9333333333334,0.016881878845653883,1695.579613713267,1,1910.07,2030.9207972666297,1789.2192027333701
2023-12-22 00:00:00+05:30,1962.0,1985.0,1937.55,1971.7,390055,1929.5333333333335,1915.45,1943.616666666667,0.014597657464672098,1695.579613713267,1,1914.806,2035.6665157029377,1793.9454842970624
2023-12-26 00:00:00+05:30,1987.3,2005.0,1976.25,1983.7,410360,1964.75,1961.275,1968.225,0.0035373457182846764,1695.579613713267,1,1919.638,2041.4666313802302,1797.8093686197697
2023-12-27 00:00:00+05:30,1985.8,2034.0,1985.8,2005.35,712474,1988.3166666666666,1990.625,1986.0083333333332,0.0023218970821214536,1695.579613713267,1,1925.84,2048.699930001527,1802.980069998473
2023-12-28 00:00:00+05:30,2001.2,2012.8,1993.05,1996.75,381864,2008.3833333333332,2009.9,2006.8666666666663,0.0015103358422614,1695.579613713267,1,1930.0759999999998,2055.1016617498185,1805.050338250181
2023-12-29 00:00:00+05:30,1991.0,2018.45,1981.05,2013.35,640521,2000.8666666666668,2002.925,1998.8083333333336,0.0020574417752305665,1695.579613713267,1,1936.134,2062.032663122291,1810.2353368777092
2024-01-01 00:00:00+05:30,2015.0,2022.0,1995.0,2002.05,208868,2004.2833333333335,1999.75,2008.816666666667,0.004523645193211402,1695.579613713267,1,1942.1219999999998,2065.7305533609224,1818.513446639077
2024-01-02 00:00:00+05:30,2007.95,2028.0,1982.5,2016.0,402722,2006.3500000000001,2008.5,2004.2000000000003,0.0021431953547485366,1695.579613713267,1,1949.12,2068.794441715765,1829.4455582842347
2024-01-03 00:00:00+05:30,2016.0,2060.0,2007.15,2052.35,639760,2008.8333333333333,2005.25,2012.4166666666665,0.0035675765369616768,1695.579613713267,1,1957.6340000000002,2075.168681587947,1840.0993184120532
2024-01-04 00:00:00+05:30,2063.95,2236.8,2055.0,2216.15,3733260,2039.8333333333333,2033.575,2046.0916666666665,0.006136122232208395,1747.6833824884152,1,1972.68,2118.925393773548,1826.4346062264522
2024-01-05 00:00:00+05:30,2210.0,2252.9,2200.0,2244.3,868364,2169.316666666667,2145.9,2192.733333333334,0.021588979632603478,1829.3500471888783,1,1987.384,2163.03515136537,1811.73284863463
2024-01-08 00:00:00+05:30,2225.0,2264.35,2152.95,2161.3,841774,2232.4,2226.45,2238.3500000000004,0.005330585916502663,1829.3500471888783,1,1998.93,2180.7357974872643,1817.1242025127358
2024-01-09 00:00:00+05:30,2180.0,2260.0,2180.0,2241.0,1274126,2192.8666666666663,2208.6499999999996,2177.083333333333,0.014395160064451377,1829.3500471888783,1,2011.9460000000001,2213.5404501616554,1810.351549838345
2024-01-10 00:00:00+05:30,2235.05,2235.05,2170.05,2210.9,818268,2227.0,2220.0,2234.0,0.006286484059272564,1829.3500471888783,1,2024.0819999999999,2235.3614090865935,1812.8025909134064
2024-01-11 00:00:00+05:30,2219.9,2260.0,2211.0,2248.8,554300,2205.3333333333335,2202.55,2208.116666666667,0.0025241837968560787,1829.3500471888783,1,2036.566,2262.117763850297,1811.014236149703
2024-01-12 00:00:00+05:30,2250.0,2285.0,2232.05,2273.8,639680,2239.9333333333334,2235.5,2244.366666666667,0.003958451144379351,1837.4645726640433,1,2050.0840000000003,2289.9265612271106,1810.2414387728902
2024-01-15 00:00:00+05:30,2289.0,2331.7,2279.25,2311.35,644928,2263.616666666667,2258.525,2268.7083333333335,0.004498700457232921,1885.0449897574815,1,2065.3320000000003,2320.7034343930823,1809.9605656069186
2024-01-16 00:00:00+05:30,2309.95,2316.7,2266.2,2304.15,526525,2307.433333333333,2305.475,2309.391666666666,0.0016974127096482648,1885.0449897574815,1,2080.54,2345.5242697217705,1815.5557302782295
2024-01-17 00:00:00+05:30,2290.0,2327.35,2274.05,2318.9,572136,2295.683333333333,2291.45,2299.916666666666,0.0036880812539474422,1885.0449897574815,1,2097.336,2367.3464361241986,1827.325563875801
2024-01-18 00:00:00+05:30,2314.95,2323.0,2230.0,2315.6,822600,2306.7666666666664,2300.7,2312.833333333333,0.005259887577128107,1885.0449897574815,1,2112.596,2387.0647128544524,1838.1272871455474
2024-01-19 00:00:00+05:30,2331.9,2357.2,2305.75,2343.4,497480,2289.5333333333333,2276.5,2302.5666666666666,0.011385143988585712,1908.7156916397523,1,2123.874,2411.8480142720864,1835.8999857279132
2024-01-20 00:00:00+05:30,2340.0,2355.95,2295.05,2309.05,178508,2335.4500000000003,2331.475,2339.4250000000006,0.0034040548930616057,1908.7156916397523,1,2134.152,2429.3954026087285,1838.9085973912713
2024-01-23 00:00:00+05:30,2324.95,2334.75,2254.0,2268.95,2334333,2320.016666666667,2325.5,2314.5333333333338,0.004726977536080736,1908.7156916397523,1,2145.3559999999998,2438.947214200936,1851.7647857990637
2024-01-24 00:00:00+05:30,2251.0,2282.45,2223.35,2266.4,1032225,2285.9,2294.375,2277.425,0.007415022529419404,1908.7156916397523,1,2156.948,2445.8182012738243,1868.0777987261754
2024-01-25 00:00:00+05:30,2267.05,2334.9,2266.4,2326.9,948389,2257.3999999999996,2252.8999999999996,2261.8999999999996,0.003986887569770533,1908.7156916397523,1,2174.396,2449.182411483501,1899.6095885164996
2024-01-29 00:00:00+05:30,2335.1,2444.0,2333.0,2430.4,1572046,2309.4,2300.65,2318.15,0.007577725816229323,1942.8552270056748,1,2193.304,2470.8836547587375,1915.7243452412629
2024-01-30 00:00:00+05:30,2453.7,2453.7,2336.55,2373.15,757442,2402.4666666666667,2388.5,2416.4333333333334,0.011626938979382327,1942.8552270056748,1,2209.362,2480.1697314700964,1938.5542685299038
2024-01-31 00:00:00+05:30,2373.15,2409.35,2361.25,2377.15,433742,2387.7999999999997,2395.125,2380.4749999999995,0.00613535471982601,1942.8552270056748,1,2225.1,2487.212198876702,1962.987801123298
2024-02-01 00:00:00+05:30,2376.0,2377.0,2330.05,2355.1,397334,2382.5833333333335,2385.3,2379.866666666667,0.0022804379000384988,1942.8552270056748,1,2239.09,2489.88376866258,1988.29623133742
2024-02-02 00:00:00+05:30,2364.0,2413.75,2357.2,2375.55,399672,2354.0499999999997,2353.525,2354.5749999999994,0.0004460398037421773,1942.8552270056748,1,2254.2419999999997,2489.957945459741,2018.5260545402584
2024-02-05 00:00:00+05:30,2375.75,2390.55,2316.1,2322.85,743288,2382.1666666666665,2385.475,2378.858333333333,0.0027775834324495017,1942.8552270056748,1,2266.6220000000003,2482.069083210657,2051.1749167893436
2024-02-06 00:00:00+05:30,2344.0,2352.0,2281.5,2300.4,1356658,2343.1666666666665,2353.325,2333.008333333333,0.008670602461056949,1942.8552270056748,1,2278.556,2465.185531039382,2091.926468960618
2024-02-07 00:00:00+05:30,2347.95,2379.8,2290.0,2294.6,915444,2311.2999999999997,2316.75,2305.8499999999995,0.004715960714749512,1942.8552270056748,1,2289.7,2442.4917144349774,2136.908285565022
2024-02-08 00:00:00+05:30,2300.0,2305.1,2208.95,2216.75,720663,2321.4666666666667,2334.9,2308.0333333333333,0.011573143415082471,1942.8552270056748,1,2296.276,2418.792128309622,2173.7598716903776
2024-02-09 00:00:00+05:30,2232.0,2265.45,2175.35,2256.8,599951,2243.6,2257.0249999999996,2230.175,0.011967373863433524,1942.8552270056748,1,2297.902,2417.156915135519,2178.6470848644813
2024-02-12 00:00:00+05:30,2275.0,2297.35,2233.4,2259.15,1276835,2232.5333333333333,2220.3999999999996,2244.666666666667,0.010869565217391602,1942.8552270056748,1,2298.496,2416.8213579583844,2180.170642041616
2024-02-13 00:00:00+05:30,2271.8,2285.95,2217.45,2279.15,355382,2263.2999999999997,2265.375,2261.2249999999995,0.0018336057968455558,1942.8552270056748,1,2303.21,2407.9011992479777,2198.5188007520223
2024-02-14 00:00:00+05:30,2253.05,2329.05,2246.25,2314.15,290461,2260.85,2251.7,2270.0,0.008094300816064836,1942.8552270056748,1,2306.136,2407.7526187982053,2204.5193812017947
2024-02-15 00:00:00+05:30,2328.5,2356.7,2277.8,2283.6,268692,2296.4833333333336,2287.65,2305.316666666667,0.0076929217862094805,1942.8552270056748,1,2309.0440000000003,2403.5013314040784,2214.586668595922
2024-02-16 00:00:00+05:30,2290.0,2324.0,2281.9,2302.9,194019,2306.0333333333333,2317.25,2294.8166666666666,0.009728104537373005,1942.8552270056748,1,2311.208,2402.4702668137265,2219.9457331862736
2024-02-19 00:00:00+05:30,2302.9,2308.1,2270.0,2280.15,372531,2302.933333333333,2302.95,2302.916666666666,1.4474293654653964e-05,1942.8552270056748,1,2311.462,2402.3409404866707,2220.5830595133293
2024-02-20 00:00:00+05:30,2280.15,2338.4,2269.05,2299.4,515676,2286.0833333333335,2289.05,2283.116666666667,0.002595414282069067,1942.8552270056748,1,2310.984,2401.9858932549196,2219.9821067450803
2024-02-21 00:00:00+05:30,2309.5,2369.0,2301.35,2343.35,735873,2302.2833333333333,2303.7250000000004,2300.8416666666662,0.0012523798837389497,1942.8552270056748,1,2312.5519999999997,2404.3759989544114,2220.728001045588
2024-02-22 00:00:00+05:30,2346.45,2392.95,2330.0,2387.4,629888,2337.9,2335.175,2340.625,0.0023311518884468188,1942.8552270056748,1,2315.292,2411.684554401156,2218.8994455988436
2024-02-23 00:00:00+05:30,2429.0,2483.6,2396.55,2468.85,858486,2370.116666666667,2361.475,2378.7583333333337,0.0072921867418623935,1965.3023070512013,1,2321.422,2435.061831326784,2207.782168673216
2024-02-26 00:00:00+05:30,2477.9,2490.0,2396.05,2462.6,1457222,2449.6666666666665,2440.075,2459.258333333333,0.007830997414614259,1965.3023070512013,1,2326.1900000000005,2452.42306698318,2199.956933016821
2024-02-27 00:00:00+05:30,2472.85,2513.85,2460.75,2493.05,777249,2449.5499999999997,2443.025,2456.0749999999994,0.005327509134330499,2009.6277261783875,1,2333.55,2475.4156603973634,2191.684339602637
2024-02-28 00:00:00+05:30,2480.05,2499.2,2340.7,2353.55,761253,2489.2166666666667,2487.3,2491.133333333333,0.0015399757621204918,2009.6277261783875,1,2336.934,2476.4917091241473,2197.376290875853
2024-02-29 00:00:00+05:30,2365.0,2406.7,2336.0,2398.05,466148,2397.8166666666666,2419.95,2375.6833333333334,0.018461239043852294,2009.6277261783875,1,2342.2,2480.6451169235665,2203.754883076433
2024-03-01 00:00:00+05:30,2400.0,2436.0,2392.1,2428.05,1153158,2380.25,2371.35,2389.15,0.00747820607079096,2009.6277261783875,1,2346.246,2488.5251310627814,2203.966868937219
2024-03-02 00:00:00+05:30,2444.8,2455.0,2420.95,2441.5,38344,2418.7166666666667,2414.05,2423.383333333333,0.0038587956423170814,2009.6277261783875,1,2346.69,2490.0817403478322,2203.298259652168
2024-03-04 00:00:00+05:30,2484.0,2541.3,2467.05,2492.05,1625242,2439.15,2437.975,2440.3250000000003,0.0009634503823054604,2011.060888136546,1,2351.446,2505.522009605584,2197.3699903944157
2024-03-05 00:00:00+05:30,2502.65,2524.35,2477.6,2485.85,343306,2500.1333333333337,2504.175,2496.091666666667,0.0032331608980853137,2014.4954526110841,1,2355.794,2518.4236241647877,2193.164375835212
2024-03-06 00:00:00+05:30,2484.0,2507.85,2403.1,2460.4,357881,2495.933333333333,2500.975,2490.891666666666,0.004039904911990414,2014.4954526110841,1,2360.006,2527.720460485613,2192.291539514387
2024-03-07 00:00:00+05:30,2457.2,2481.95,2440.0,2465.45,420622,2457.116666666667,2455.475,2458.7583333333337,0.0013362545531010294,2014.4954526110841,1,2363.6020000000003,2536.2771481365526,2190.926851863448
2024-03-11 00:00:00+05:30,2470.15,2497.0,2407.1,2421.15,712005,2462.4666666666667,2460.975,2463.9583333333335,0.0012115223217912564,2014.4954526110841,1,2367.534,2540.7940120511953,2194.273987948805
2024-03-12 00:00:00+05:30,2438.9,2439.95,2314.0,2319.2,629548,2441.75,2452.05,2431.45,0.008436572130644155,2014.4954526110841,1,2368.286,2540.5341988758673,2196.037801124133
2024-03-13 00:00:00+05:30,2319.2,2342.35,2181.15,2205.25,1014147,2357.7166666666667,2376.975,2338.4583333333335,0.016336427192976153,2014.4954526110841,1,2364.712,2546.377973214524,2183.046026785476
2024-03-14 00:00:00+05:30,2173.0,2211.9,2126.15,2169.0,1040142,2242.9166666666665,2261.75,2224.083333333333,0.016793609511424994,2014.4954526110841,1,2362.802,2551.517666503818,2174.0863334961823
2024-03-15 00:00:00+05:30,2169.0,2234.2,2157.95,2218.25,747820,2169.016666666667,2169.025,2169.0083333333337,7.683973536283323e-06,2014.4954526110841,1,2361.26,2554.002078436392,2168.5179215636085
2024-03-18 00:00:00+05:30,2220.0,2220.0,2132.0,2162.95,730557,2203.4666666666667,2196.075,2210.8583333333336,0.00670912501512787,2014.4954526110841,1,2357.4120000000003,2561.6528994887663,2153.1711005112343
2024-03-19 00:00:00+05:30,2176.15,2176.15,2097.05,2135.55,758302,2171.65,2176.0,2167.3,0.004006170423410687,2014.4954526110841,1,2351.6679999999997,2571.845246562809,2131.4907534371905
2024-03-20 00:00:00+05:30,2136.0,2158.5,2103.05,2139.9,532595,2136.2500000000005,2136.6000000000004,2135.9000000000005,0.00032767700409587735,2014.4954526110841,1,2344.698,2579.716701349446,2109.679298650554
2024-03-21 00:00:00+05:30,2170.0,2230.0,2151.65,2223.55,544468,2133.816666666667,2130.775,2136.858333333334,0.002850916589210541,2014.4954526110841,1,2342.2960000000003,2580.9625689533837,2103.629431046617
2024-03-22 00:00:00+05:30,2238.9,2256.55,2210.0,2246.45,424688,2201.733333333333,2190.825,2212.6416666666664,0.00990885968630773,2014.4954526110841,1,2340.038,2581.2077382010852,2098.868261798915
2024-03-26 00:00:00+05:30,2201.6,2279.85,2201.6,2272.5,406656,2237.6666666666665,2233.275,2242.058333333333,0.00392521972292545,2014.4954526110841,1,2339.732,2581.224106504498,2098.2398934955017
2024-03-27 00:00:00+05:30,2276.95,2291.0,2260.0,2277.0,238094,2251.3166666666666,2240.725,2261.9083333333333,0.009409308626803602,2014.4954526110841,1,2338.8360000000002,2581.0850611250744,2096.586938874926
2024-03-28 00:00:00+05:30,2277.1,2315.0,2248.4,2300.1,428232,2276.0,2275.5,2276.5,0.0004393673110720562,2014.4954526110841,1,2337.106,2579.8186948801404,2094.39330511986
2024-04-01 00:00:00+05:30,2299.95,2414.9,2288.0,2389.7,859720,2287.8333333333335,2281.7,2293.966666666667,0.005361695927733954,2014.4954526110841,1,2337.1980000000003,2579.9886118118657,2094.407388188135
2024-04-02 00:00:00+05:30,2413.6,2508.75,2396.7,2497.75,942608,2364.2,2351.45,2376.95,0.010785889518653245,2014.4954526110841,1,2338.3540000000003,2583.900507073467,2092.8074929265335
2024-04-03 00:00:00+05:30,2465.2,2473.75,2396.95,2401.75,1004964,2467.733333333333,2452.725,2482.7416666666663,0.01216365895828821,2014.4954526110841,1,2335.92,2577.6688514967136,2094.1711485032865
2024-04-04 00:00:00+05:30,2425.0,2426.0,2401.5,2409.6,452052,2424.15,2435.35,2412.9500000000003,0.009240352288430845,2014.4954526110841,1,2332.5820000000003,2567.775884070101,2097.3881159299
2024-04-05 00:00:00+05:30,2408.9,2515.0,2400.0,2500.35,1029534,2412.366666666667,2413.75,2410.9833333333336,0.0011468682206960347,2014.4954526110841,1,2338.4539999999997,2582.608198685953,2094.2998013140464
2024-04-08 00:00:00+05:30,2552.0,2692.0,2526.05,2588.6,3336851,2471.7833333333333,2457.5,2486.0666666666666,0.011557107891063782,2032.1299174126148,1,2346.076,2608.41606041011,2083.73593958989
2024-04-09 00:00:00+05:30,2663.95,2791.8,2644.45,2704.5,3853571,2602.2166666666667,2609.025,2595.4083333333333,0.00523271825943271,2107.4097207161103,1,2357.134,2653.4663711240137,2060.8016288759864
2024-04-10 00:00:00+05:30,2715.75,2723.9,2650.55,2656.2,728195,2713.5833333333335,2718.125,2709.041666666667,0.003347357430212092,2107.4097207161103,1,2365.722,2683.0381125187005,2048.4058874813
2024-04-12 00:00:00+05:30,2670.0,2697.35,2657.2,2671.5,560894,2676.8833333333337,2687.2250000000004,2666.541666666667,0.007726647282598566,2107.4097207161103,1,2372.9,2708.8911427403714,2036.9088572596288
2024-04-15 00:00:00+05:30,2636.0,2668.0,2605.95,2652.3,585173,2675.35,2677.2749999999996,2673.425,0.0014390640476944902,2107.4097207161103,1,2379.558,2730.502151317529,2028.6138486824711
2024-04-16 00:00:00+05:30,2617.85,2634.05,2591.7,2606.9,382394,2642.0833333333335,2636.975,2647.191666666667,0.003866897965620748,2107.4097207161103,1,2385.4179999999997,2746.317254507377,2024.5187454926224
2024-04-18 00:00:00+05:30,2612.0,2636.85,2527.75,2537.6,550092,2610.883333333333,2612.875,2608.8916666666664,0.0015256650048196623,2107.4097207161103,1,2388.304,2752.8525349524543,2023.7554650475458
2024-04-19 00:00:00+05:30,2518.0,2527.0,2477.0,2500.9,511488,2567.4,2582.3,2552.5,0.011607073303731471,2107.4097207161103,1,2391.494,2758.5236580059723,2024.464341994028
2024-04-22 00:00:00+05:30,2525.0,2526.8,2492.6,2503.25,514682,2501.633333333333,2502.0,2501.2666666666664,0.0002931418140149406,2107.4097207161103,1,2398.856,2767.1711512712736,2030.540848728727
2024-04-23 00:00:00+05:30,2523.8,2567.95,2508.95,2535.8,860019,2507.5499999999997,2509.7,2505.3999999999996,0.0017148212398557087,2107.4097207161103,1,2412.078,2775.3410254567357,2048.8149745432643
2024-04-24 00:00:00+05:30,2548.0,2566.0,2530.0,2551.35,316030,2537.5666666666666,2538.45,2536.6833333333334,0.0006962050258120341,2107.4097207161103,1,2427.3720000000003,2780.4640050977955,2074.279994902205
2024-04-25 00:00:00+05:30,2551.35,2581.85,2523.15,2571.35,391604,2549.116666666667,2548.0,2550.2333333333336,0.0008761204861815828,2107.4097207161103,1,2441.496,2788.18842728387,2094.80357271613
2024-04-26 00:00:00+05:30,2571.35,2644.35,2555.0,2634.8,510636,2558.7833333333333,2552.5,2565.0666666666666,0.00491118826004544,2107.4097207161103,1,2460.37,2795.534582854427,2125.205417145573
2024-04-29 00:00:00+05:30,2650.0,2664.5,2582.15,2628.0,511038,2611.3833333333337,2599.675,2623.091666666667,0.008967150233273668,2107.4097207161103,1,2480.068,2793.7524565865233,2166.383543413477
2024-04-30 00:00:00+05:30,2642.95,2680.1,2636.0,2647.6,388571,2624.883333333333,2623.325,2626.4416666666666,0.0011873543586064606,2114.997803178309,1,2500.376,2787.9950384796925,2212.756961520308
2024-05-02 00:00:00+05:30,2650.0,2656.8,2479.35,2532.7,1846888,2654.566666666667,2658.05,2651.083333333334,0.002624408252445311,2114.997803178309,1,2512.7419999999997,2777.353021206568,2248.1309787934315
2024-05-03 00:00:00+05:30,2550.0,2585.0,2487.0,2569.7,2417565,2556.2833333333333,2568.075,2544.491666666667,0.009225633569570287,2114.997803178309,1,2525.672,2767.5883046675094,2283.7556953324906
2024-05-06 00:00:00+05:30,2680.0,2850.0,2645.05,2842.75,5860769,2547.233333333333,2536.0,2558.4666666666662,0.008820026957352256,2116.450153992764,1,2548.482,2798.027782380676,2298.936217619324
2024-05-07 00:00:00+05:30,2834.0,2912.45,2764.1,2781.0,2189535,2779.2666666666664,2747.525,2811.0083333333328,0.02284175681834513,2190.905147833053,1,2568.6420000000003,2808.44470670696,2328.8392932930406
2024-05-08 00:00:00+05:30,2755.0,2837.15,2738.05,2813.35,942489,2819.183333333333,2838.2749999999996,2800.0916666666662,0.013544111474363166,2190.905147833053,1,2589.172,2821.2542407337205,2357.0897592662795
2024-05-09 00:00:00+05:30,2813.35,2852.6,2734.25,2757.4,640074,2796.183333333334,2787.6000000000004,2804.7666666666673,0.006139320859981868,2190.905147833053,1,2603.88,2830.0629312746323,2377.697068725368
2024-05-10 00:00:00+05:30,2773.45,2773.45,2670.2,2690.95,735692,2781.4166666666665,2793.425,2769.408333333333,0.008634688557989274,2190.905147833053,1,2611.6079999999997,2835.9529302836704,2387.263069716329
2024-05-13 00:00:00+05:30,2690.0,2779.0,2626.15,2766.6,854811,2711.5333333333333,2721.825,2701.241666666667,0.007591030905022876,2190.905147833053,1,2626.202,2841.3202251321013,2411.083774867899
2024-05-14 00:00:00+05:30,2777.6,2844.0,2762.5,2822.3,589041,2723.9166666666665,2702.575,2745.258333333333,0.015669838161960437,2190.905147833053,1,2642.71,2852.0706324025264,2433.3493675974737
2024-05-15 00:00:00+05:30,2809.5,2871.9,2776.65,2821.25,729125,2809.6,2803.25,2815.95,0.004520216400911097,2190.905147833053,1,2655.546,2867.7497905787404,2443.342209421259
2024-05-16 00:00:00+05:30,2834.45,2877.0,2816.2,2860.0,574792,2823.2666666666664,2824.275,2822.2583333333328,0.000714302580934851,2190.905147833053,1,2666.402,2891.191201662327,2441.612798337673
2024-05-17 00:00:00+05:30,2900.0,2926.0,2830.25,2852.8,952524,2851.066666666667,2846.6,2855.533333333334,0.003133330215592165,2216.4843963584726,1,2672.3340000000003,2908.3769447706213,2436.2910552293793
2024-05-18 00:00:00+05:30,2869.8,2880.9,2838.5,2856.05,44071,2869.683333333333,2878.125,2861.241666666666,0.005883343690651393,2216.4843963584726,1,2680.328,2926.9436070973343,2433.7123929026657
2024-05-21 00:00:00+05:30,2863.9,2868.95,2780.4,2788.85,572243,2858.4833333333336,2859.7,2857.2666666666673,0.0008512672804339659,2216.4843963584726,1,2685.022,2935.2278705625963,2434.8161294374036
2024-05-22 00:00:00+05:30,2790.0,2837.95,2780.0,2813.35,624902,2812.7333333333336,2824.675,2800.791666666667,0.008491147401104458,2216.4843963584726,1,2691.4640000000004,2946.219874546569,2436.708125453432
2024-05-23 00:00:00+05:30,2824.0,2861.55,2724.0,2814.75,860782,2810.433333333333,2808.975,2811.891666666666,0.001037799627577975,2216.4843963584726,1,2699.778,2956.5109430828597,2443.04505691714
2024-05-24 00:00:00+05:30,2743.25,2783.95,2658.05,2737.0,890760,2800.1,2792.775,2807.4249999999997,0.0052319560015712425,2216.4843963584726,1,2707.7540000000004,2956.0899449133117,2459.418055086689
2024-05-27 00:00:00+05:30,2750.0,2889.0,2740.3,2843.3,1789855,2726.3333333333335,2721.0,2731.666666666667,0.003912458735786882,2216.4843963584726,1,2721.45,2960.22579944372,2482.6742005562796
2024-05-28 00:00:00+05:30,2843.75,2851.95,2757.0,2775.25,445474,2824.2000000000003,2814.65,2833.7500000000005,0.006762977126265973,2216.4843963584726,1,2732.33,2954.5589288098827,2510.101071190117
2024-05-29 00:00:00+05:30,2772.0,2772.0,2712.15,2758.35,434107,2794.7333333333336,2804.475,2784.9916666666672,0.006971446291834402,2216.4843963584726,1,2741.232,2948.589648289105,2533.874351710895
2024-05-30 00:00:00+05:30,2760.0,2775.0,2707.95,2721.75,276512,2747.5,2742.075,2752.925,0.003949044585987394,2216.4843963584726,1,2748.0480000000007,2940.670072421591,2555.42592757841
2024-05-31 00:00:00+05:30,2735.0,2787.0,2735.0,2778.7,611228,2734.9,2741.475,2728.3250000000003,0.004808219678964363,2216.4843963584726,1,2756.342,2935.179576990935,2577.5044230090652
2024-06-03 00:00:00+05:30,2855.0,3007.2,2835.15,2964.75,2080492,2766.9,2761.0,2772.8,0.00426470056742209,2227.0997431557853,1,2769.54,2958.938944030818,2580.1410559691817
2024-06-04 00:00:00+05:30,2949.95,2949.95,2533.15,2583.95,1111523,2935.7000000000003,2921.175,2950.2250000000004,0.009895425281874912,2227.0997431557853,1,2767.778,2963.13703783544,2572.4189621645596
2024-06-05 00:00:00+05:30,2615.0,2682.7,2492.1,2668.2,1378978,2689.016666666667,2741.55,2636.4833333333336,0.039072523413143566,2227.0997431557853,1,2768.6020000000003,2962.0913329979435,2575.112667002057
2024-06-06 00:00:00+05:30,2690.0,2825.9,2690.0,2796.4,941641,2614.333333333333,2587.3999999999996,2641.2666666666664,0.020604360576310134,2227.0997431557853,1,2779.15,2947.1165347621045,2611.1834652378957
2024-06-07 00:00:00+05:30,2796.4,2880.0,2780.6,2873.55,454548,2770.7666666666664,2757.95,2783.583333333333,0.009251350408430836,2227.0997431557853,1,2791.3039999999996,2939.7243730489504,2642.883626951049
2024-06-10 00:00:00+05:30,2900.0,2935.0,2812.0,2845.4,988269,2844.716666666667,2830.3,2859.133333333334,0.010135748727172806,2227.0997431557853,1,2791.41,2939.98089890012,2642.83910109988
2024-06-11 00:00:00+05:30,2845.4,2906.35,2837.45,2855.95,673048,2864.133333333333,2873.5,2854.7666666666664,0.00654066384246552,2227.0997431557853,1,2794.408,2945.028340405902,2643.787659594098
2024-06-12 00:00:00+05:30,2830.0,2943.8,2830.0,2928.2,548063,2866.5833333333335,2871.8999999999996,2861.2666666666673,0.003709410157271654,2227.0997431557853,1,2799.002,2958.4030902848217,2639.600909715178
2024-06-13 00:00:00+05:30,2955.0,3047.95,2935.0,3030.75,1206840,2900.6666666666665,2886.9,2914.433333333333,0.009492070788324357,2227.0997431557853,1,2809.9359999999997,2992.272841082624,2627.5991589173755
2024-06-14 00:00:00+05:30,3044.95,3057.85,2975.65,2998.5,680923,3004.566666666667,2991.475,3017.658333333334,0.008714512353417898,2227.0997431557853,1,2822.238,3012.146296353768,2632.329703646232
2024-06-18 00:00:00+05:30,3006.3,3095.0,2985.0,3088.9,769815,3010.6666666666665,3016.75,3004.583333333333,0.004041186891054131,2244.94415494615,1,2835.13,3050.2635213303383,2619.996478669662
2024-06-19 00:00:00+05:30,3097.0,3098.0,2985.0,3000.8,598412,3056.2999999999997,3040.0,3072.5999999999995,0.010666492163727205,2246.6063887483037,1,2842.27,3066.8665805616624,2617.6734194383375
2024-06-20 00:00:00+05:30,3000.75,3051.0,2982.05,3010.6,339336,3027.933333333333,3041.5,3014.366666666666,0.008961007507871417,2246.6063887483037,1,2849.844,3083.6752764708594,2616.0127235291407
2024-06-21 00:00:00+05:30,3019.95,3039.0,2995.0,3007.3,297622,3014.5499999999997,3016.525,3012.5749999999994,0.0013103116551394828,2253.572287870437,1,2855.7360000000003,3097.5799224293055,2613.892077570695
2024-06-24 00:00:00+05:30,2972.15,3122.55,2956.5,3111.25,1251005,3013.7666666666664,3017.0,3010.533333333333,0.0021457091347484828,2260.1403963556195,1,2866.074,3127.809727970012,2604.3382720299883
2024-06-25 00:00:00+05:30,3105.5,3111.95,3035.0,3077.2,682675,3063.433333333333,3039.525,3087.341666666666,0.015608848459788811,2303.7197805013943,1,2874.92,3149.343719091467,2600.496280908533
2024-06-26 00:00:00+05:30,3085.0,3100.25,3049.75,3066.55,519795,3074.7166666666667,3073.475,3075.9583333333335,0.0008076624946472821,2321.894989281339,1,2886.028,3167.994432158143,2604.0615678418567
2024-06-27 00:00:00+05:30,3030.0,3126.0,3026.05,3110.65,653501,3072.183333333333,3075.0,3069.366666666666,0.0018336579305708064,2325.0581897100856,1,2897.92,3191.462266803255,2604.3777331967453
2024-06-28 00:00:00+05:30,3131.0,3220.0,3087.7,3207.9,784197,3087.566666666667,3076.025,3099.108333333334,0.007476221835965951,2395.8778621216816,1,2913.646,3228.9951562316187,2598.2968437683817
2024-07-01 00:00:00+05:30,3290.0,3290.0,3154.05,3161.65,1073187,3171.866666666667,3153.85,3189.8833333333337,0.011360292572197367,2456.3057476368144,1,2930.632,3251.785143381774,2609.478856618226
2024-07-02 00:00:00+05:30,3194.9,3339.95,3171.1,3301.1,1992663,3201.9,3222.025,3181.775,0.012570661169930353,2470.5105177313417,1,2948.9440000000004,3298.997095766907,2598.890904233094
2024-07-03 00:00:00+05:30,3310.0,3345.0,3271.45,3330.65,720706,3270.7166666666667,3255.5249999999996,3285.9083333333338,0.00928950331986388,2534.017097022088,1,2971.16,3344.0510639851746,2598.268936014825
2024-07-04 00:00:00+05:30,3330.0,3358.05,3296.6,3306.25,325112,3315.7000000000003,3308.225,3323.1750000000006,0.004508851826160607,2566.879413141204,1,2993.0759999999996,3377.5835490754325,2608.5684509245666
2024-07-05 00:00:00+05:30,3308.0,3308.0,3228.05,3281.7,522686,3320.2999999999997,3327.325,3313.2749999999996,0.004231545342288402,2566.879413141204,1,3015.4739999999997,3399.3869277531526,2631.561072246847
2024-07-08 00:00:00+05:30,3298.0,3325.0,3254.8,3312.0,679741,3272.5833333333335,3268.025,3277.141666666667,0.00278577067046934,2566.879413141204,1,3036.8059999999996,3424.9650368083653,2648.646963191634
2024-07-09 00:00:00+05:30,3312.0,3316.35,3246.1,3268.9,238005,3297.2666666666664,3289.9,3304.6333333333328,0.004468347520168018,2566.879413141204,1,3048.972,3446.2923755963175,2651.651624403683
2024-07-10 00:00:00+05:30,3271.25,3324.0,3220.0,3313.9,504469,3277.116666666667,3281.225,3273.0083333333337,0.0025072853677265815,2566.879413141204,1,3078.17,3440.2252576610367,2716.1147423389634
2024-07-11 00:00:00+05:30,3326.65,3332.0,3263.05,3294.1,323791,3285.9666666666667,3272.0,3299.9333333333334,0.008500796315645338,2575.685515556769,1,3103.206,3433.576795706885,2772.835204293115
2024-07-12 00:00:00+05:30,3294.1,3319.6,3245.0,3262.0,488912,3296.383333333333,3297.525,3295.2416666666663,0.0006926783393922909,2575.685515556769,1,3121.83,3432.8463133985115,2810.8136866014884
2024-07-15 00:00:00+05:30,3279.0,3319.6,3202.05,3301.4,607959,3275.5333333333333,3282.3,3268.7666666666664,0.00413164268414317,2575.685515556769,1,3138.9440000000004,3440.3672563290397,2837.520743670961
2024-07-16 00:00:00+05:30,3314.8,3402.7,3297.4,3381.4,914491,3274.35,3260.825,3287.875,0.008261181608563588,2631.080801091634,1,3160.3839999999996,3451.306632629368,2869.4613673706313
2024-07-18 00:00:00+05:30,3381.4,3385.0,3308.15,3362.65,260503,3360.5,3350.05,3370.95,0.006219312602291217,2634.8465690479684,1,3180.652,3453.983020530058,2907.320979469942
2024-07-19 00:00:00+05:30,3364.45,3372.65,3240.0,3245.75,372248,3351.933333333333,3346.575,3357.291666666666,0.0031971598480477663,2634.8465690479684,1,3193.3540000000003,3447.4118704468797,2939.296129553121
2024-07-22 00:00:00+05:30,3240.0,3319.9,3172.0,3242.1,682446,3286.133333333333,3306.325,3265.9416666666666,0.012289012415807803,2634.8465690479684,1,3201.808,3447.591032254067,2956.024967745933
2024-07-23 00:00:00+05:30,3267.9,3315.9,3068.05,3151.75,1130940,3244.6666666666665,3245.95,3243.383333333333,0.0007910417094719353,2634.8465690479684,1,3207.938,3440.416938882652,2975.459061117348
2024-07-24 00:00:00+05:30,3130.05,3199.95,3077.3,3124.65,1134667,3178.566666666667,3191.9750000000004,3165.1583333333338,0.00843671675912621,2634.8465690479684,1,3209.368,3439.3266325929167,2979.409367407083
2024-07-25 00:00:00+05:30,3100.0,3125.0,3063.25,3099.15,490352,3133.9666666666667,3138.625,3129.3083333333334,0.002972803369531671,2634.8465690479684,1,3213.302,3431.940173208624,2994.6638267913763
2024-07-26 00:00:00+05:30,3124.0,3148.85,3080.8,3128.7,978508,3095.7999999999997,3094.125,3097.4749999999995,0.0010821112474964322,2634.8465690479684,1,3218.026,3423.6579277155283,3012.3940722844713
2024-07-29 00:00:00+05:30,3150.0,3187.65,3121.4,3129.85,1250665,3119.4499999999994,3114.825,3124.074999999999,0.002965266312971547,2634.8465690479684,1,3222.928,3413.5257462196355,3032.3302537803643
2024-07-30 00:00:00+05:30,3130.0,3207.0,3100.4,3181.05,1383398,3146.2999999999997,3154.525,3138.0749999999994,0.005228363474557648,2634.8465690479684,1,3225.72,3411.6807657545123,3039.7592342454873
2024-07-31 00:00:00+05:30,3205.0,3298.5,3122.6,3219.55,3507407,3162.816666666667,3153.7,3171.9333333333343,0.005764903646012094,2634.8465690479684,1,3231.414,3407.2790062292243,3055.548993770776
2024-08-01 00:00:00+05:30,3257.5,3286.0,3107.05,3127.2,1355101,3213.5500000000006,3210.55,3216.550000000001,0.001867094023743495,2634.8465690479684,1,3233.84,3402.0476859124014,3065.632314087599
2024-08-02 00:00:00+05:30,3112.95,3133.0,2988.0,3001.55,1461740,3173.4166666666665,3196.525,3150.308333333333,0.0145636931803263,2634.8465690479684,1,3229.4760000000006,3415.0101114081317,3043.9418885918694
2024-08-05 00:00:00+05:30,2925.0,2958.7,2792.55,2835.25,1955739,3040.85,3060.5,3021.2,0.012924017955505922,2634.8465690479684,1,3214.57,3456.0776180993143,2973.062381900686
2024-08-06 00:00:00+05:30,2880.0,3000.6,2880.0,2926.6,1984726,2862.1666666666665,2875.625,2848.708333333333,0.009404297443661669,2634.8465690479684,1,3205.1679999999997,3471.2366571244415,2939.099342875558
2024-08-07 00:00:00+05:30,3055.05,3055.1,2940.0,2977.8,863064,2935.7333333333336,2940.3,2931.166666666667,0.0031110909256062804,2634.8465690479684,1,3192.236,3469.5850674511153,2914.8869325488845
2024-08-08 00:00:00+05:30,2958.05,2969.65,2870.45,2876.55,513992,2990.966666666667,2997.55,2984.383333333334,0.004402144234305317,2634.8465690479684,1,3174.072,3471.53234368299,2876.6116563170103
2024-08-09 00:00:00+05:30,2925.0,2973.9,2911.05,2925.7,773740,2905.5500000000006,2920.05,2891.050000000001,0.009980898625044856,2634.8465690479684,1,3158.85,3466.470934268137,2851.2290657318626
2024-08-12 00:00:00+05:30,2927.0,2965.5,2871.05,2939.55,860881,2936.8833333333337,2942.4750000000004,2931.291666666667,0.0038078915857513553,2634.8465690479684,1,3145.164,3460.0631451496834,2830.264854850317
2024-08-13 00:00:00+05:30,2945.0,2960.0,2891.7,2900.0,279671,2925.366666666667,2918.275,2932.4583333333335,0.004848395072982324,2634.8465690479684,1,3128.684,3449.9914723314114,2807.376527668589
2024-08-14 00:00:00+05:30,2924.0,2924.0,2858.0,2873.7,355322,2917.2333333333336,2925.85,2908.6166666666672,0.005907423700537952,2634.8465690479684,1,3112.8759999999997,3443.7776930993246,2781.974306900675
2024-08-16 00:00:00+05:30,2910.0,2951.45,2897.1,2940.25,651391,2885.2333333333336,2891.0,2879.466666666667,0.003997365897616431,2634.8465690479684,1,3097.93,3424.892769746036,2770.967230253964
2024-08-19 00:00:00+05:30,2959.4,2959.9,2888.0,2926.0,701633,2929.6,2924.2749999999996,2934.925,0.003635308574549613,2634.8465690479684,1,3083.2059999999997,3406.6404277531356,2759.771572246864
2024-08-20 00:00:00+05:30,2939.9,2997.95,2930.1,2978.65,715717,2924.633333333333,2923.95,2925.3166666666666,0.00046729504553281483,2634.8465690479684,1,3071.8719999999994,3389.2524292391035,2754.4915707608952
2024-08-21 00:00:00+05:30,2978.4,2978.4,2913.1,2923.95,529519,2968.8999999999996,2964.0249999999996,2973.7749999999996,0.003284044595641484,2634.8465690479684,1,3056.7740000000003,3364.8165115077427,2748.731488492258
2024-08-22 00:00:00+05:30,2939.8,2947.2,2910.0,2933.15,272859,2938.4833333333336,2945.75,2931.216666666667,0.004945862094390932,2634.8465690479684,1,3038.844,3320.2483103010272,2757.439689698973
2024-08-23 00:00:00+05:30,2933.15,2956.35,2870.5,2883.65,496442,2930.116666666667,2928.6,2931.6333333333337,0.0010352261286525875,2634.8465690479684,1,3019.6839999999997,3274.2376088449655,2765.130391155034
2024-08-26 00:00:00+05:30,2890.0,2904.75,2865.2,2887.7,778614,2903.5,2913.425,2893.575,0.0068365765455486015,2634.8465690479684,1,3005.362,3247.4101179930867,2763.3138820069134
2024-08-27 00:00:00+05:30,2888.95,2927.55,2868.0,2894.3,420161,2885.883333333333,2884.975,2886.7916666666665,0.0006295010770820972,2634.8465690479684,1,2991.45,3216.881804322271,2766.0181956777287
2024-08-28 00:00:00+05:30,2894.3,2904.95,2875.35,2887.7,222426,2896.616666666667,2897.775,2895.4583333333335,0.0007997836556442076,2634.8465690479684,1,2980.8880000000004,3199.94084892919,2761.8351510708108
2024-08-29 00:00:00+05:30,2900.0,2900.0,2836.25,2869.1,395431,2889.3333333333335,2890.1499999999996,2888.5166666666673,0.0005652976465155638,2634.8465690479684,1,2970.6659999999997,3185.7446846156395,2755.58731538436
2024-08-30 00:00:00+05:30,2894.55,2921.95,2876.35,2909.25,501707,2868.4500000000003,2868.125,2868.7750000000005,0.0002266032177658825,2634.8465690479684,1,2963.07,3172.808526742212,2753.3314732577883
2024-09-02 00:00:00+05:30,2940.5,2943.0,2881.0,2886.1,339162,2902.5166666666664,2899.1499999999996,2905.883333333333,0.002319825898214851,2634.8465690479684,1,2953.3660000000004,3153.795919363336,2752.936080636665
2024-09-03 00:00:00+05:30,2881.05,2947.7,2881.05,2892.75,377509,2903.366666666667,2912.0,2894.7333333333336,0.005947118862010685,2634.8465690479684,1,2943.882,3132.0755150423433,2755.688484957657
2024-09-04 00:00:00+05:30,2879.8,2913.6,2856.85,2901.95,326638,2907.1666666666665,2914.375,2899.958333333333,0.004959009344722916,2634.8465690479684,1,2932.718,3094.5815249337916,2770.854475066208
2024-09-05 00:00:00+05:30,2915.0,2929.5,2860.0,2869.5,422163,2890.7999999999997,2885.225,2896.3749999999995,0.0038570637885705123,2634.8465690479684,1,2918.716,3032.25631784345,2805.17568215655
2024-09-06 00:00:00+05:30,2864.15,2893.7,2840.6,2856.45,803602,2886.3333333333335,2894.75,2877.916666666667,0.005832082226584951,2634.8465690479684,1,2907.886,2985.9121777610003,2829.8598222389996
2024-09-09 00:00:00+05:30,2850.0,2911.35,2845.0,2873.0,481936,2863.5833333333335,2867.1499999999996,2860.0166666666673,0.002491051421586812,2634.8465690479684,1,2902.7439999999997,2971.8336363862986,2833.6543636137008
2024-09-10 00:00:00+05:30,2894.75,2905.0,2864.05,2888.6,281997,2876.4500000000003,2878.175,2874.7250000000004,0.0011993950876948384,2634.8465690479684,1,2904.8779999999997,2968.5827883913844,2841.173211608615
2024-09-11 00:00:00+05:30,2887.1,2898.9,2823.05,2832.9,197646,2885.883333333333,2884.525,2887.2416666666663,0.0009413639960033874,2634.8465690479684,1,2901.13,2970.090481436769,2832.169518563231
2024-09-12 00:00:00+05:30,2833.95,2887.0,2822.4,2879.9,343351,2851.616666666667,2860.9750000000004,2842.258333333333,0.00656352829096962,2634.8465690479684,1,2897.2140000000004,2959.0670162238744,2835.3609837761264
2024-09-13 00:00:00+05:30,2884.8,2973.95,2879.9,2950.85,649139,2863.1,2854.7,2871.5,0.005867765708497846,2634.8465690479684,1,2900.1859999999997,2964.857752844583,2835.5142471554163
2024-09-16 00:00:00+05:30,2969.0,2983.95,2828.95,2838.5,1022529,2934.9,2926.925,2942.875,0.005434597430917516,2634.8465690479684,1,2896.698,2964.8041141454332,2828.5918858545665
2024-09-17 00:00:00+05:30,2854.95,2865.0,2830.0,2856.2,230371,2883.7999999999997,2906.45,2861.1499999999996,0.015708440252444757,2634.8465690479684,1,2893.3639999999996,2960.910928990078,2825.817071009921
2024-09-18 00:00:00+05:30,2865.0,2894.0,2850.65,2884.7,505475,2850.4,2847.5,2853.3,0.002034802133034024,2634.8465690479684,1,2892.752,2960.3245830791648,2825.179416920835
2024-09-19 00:00:00+05:30,2908.0,2940.0,2797.5,2911.1,750769,2876.4499999999994,2872.325,2880.574999999999,0.0028681186879657536,2634.8465690479684,1,2894.248,2961.723100474106,2826.772899525894
2024-09-20 00:00:00+05:30,2934.8,3004.7,2897.0,2988.0,1020027,2882.866666666667,2868.75,2896.9833333333336,0.009793492588395894,2634.8465690479684,1,2896.158,2971.0313420116313,2821.2846579883685
2024-09-23 00:00:00+05:30,3001.0,3204.5,3001.0,3192.35,2827062,2963.2333333333336,2950.85,2975.6166666666672,0.008357987333656029,2634.8465690479684,1,2906.812,3044.8201570922206,2768.803842907779
2024-09-24 00:00:00+05:30,3192.35,3242.35,3158.7,3202.6,1117548,3132.616666666667,3102.75,3162.4833333333336,0.019068191128822094,2634.8465690479684,1,2915.77,3094.370232922556,2737.169767077444
2024-09-25 00:00:00+05:30,3198.05,3360.95,3167.05,3327.45,1663667,3201.2166666666667,3200.5249999999996,3201.9083333333338,0.0004321273682404466,2634.8465690479684,1,2931.91,3172.6634140983087,2691.156585901691
2024-09-26 00:00:00+05:30,3332.55,3399.0,3237.55,3305.65,1886418,3285.15,3264.0,3306.3,0.012876124377882343,2634.8465690479684,1,2946.81,3228.630819670925,2664.9891803290748
2024-09-27 00:00:00+05:30,3266.0,3287.0,3179.35,3191.4,814883,3314.066666666667,3318.275,3309.858333333334,0.0025396793466233004,2634.8465690479684,1,2959.12,3255.347012947828,2662.892987052172
2024-09-30 00:00:00+05:30,3150.0,3177.85,3111.0,3160.95,765757,3219.25,3233.175,3205.325,0.00865108332686196,2634.8465690479684,1,2970.05,3274.966560389876,2665.1334396101242
2024-10-01 00:00:00+05:30,3170.0,3279.95,3165.4,3252.45,573089,3149.933333333333,3144.425,3155.4416666666657,0.0034974285170052857,2634.8465690479684,1,2984.376,3306.858624797048,2661.8933752029525
2024-10-03 00:00:00+05:30,3180.0,3261.8,3058.0,3071.15,817899,3232.6,3222.675,3242.5249999999996,0.006140567963867925,2634.8465690479684,1,2991.7139999999995,3313.4110854950245,2670.0169145049745
2024-10-04 00:00:00+05:30,3060.55,3060.55,2889.05,2897.45,1528880,3130.316666666667,3159.9,3100.733333333334,0.01890117613233998,2634.8465690479684,1,2992.848,3313.004387385905,2672.691612614095
2024-10-07 00:00:00+05:30,2926.0,2976.95,2833.4,2855.75,1298319,2949.0166666666664,2974.8,2923.2333333333327,0.01748605467359205,2634.8465690479684,1,2990.708,3313.772934253152,2667.643065746848
2024-10-08 00:00:00+05:30,2865.0,2969.95,2849.15,2951.9,621586,2888.7000000000003,2905.175,2872.2250000000004,0.011406515041368026,2634.8465690479684,1,2993.34,3314.0164076136466,2672.6635923863537
2024-10-09 00:00:00+05:30,2954.95,3011.55,2915.5,2984.35,655374,2923.6666666666665,2909.55,2937.783333333333,0.009656823623303843,2634.8465690479684,1,2997.0039999999995,3315.0820632737714,2678.9259367262275
2024-10-10 00:00:00+05:30,3008.0,3058.65,3000.25,3014.4,342884,2970.4666666666667,2963.525,2977.4083333333333,0.00467378863029374,2634.8465690479684,1,3001.502,3317.2479478504733,2685.7560521495266
2024-10-11 00:00:00+05:30,3029.0,3029.0,2977.0,3014.25,188331,3024.433333333333,3029.45,3019.416666666666,0.0033174258538791043,2634.8465690479684,1,3007.292,3318.4181553518024,2696.1658446481974
2024-10-14 00:00:00+05:30,3025.0,3100.0,3003.6,3091.55,562958,3006.75,3003.0,3010.5,0.002494387627837366,2634.8465690479684,1,3016.6960000000004,3323.194156496894,2710.197843503107
2024-10-15 00:00:00+05:30,3121.7,3165.0,3037.0,3146.65,468150,3065.0500000000006,3051.8,3078.300000000001,0.00864586222084498,2634.8465690479684,1,3027.6420000000003,3332.371684382724,2722.9123156172764
2024-10-16 00:00:00+05:30,3179.0,3235.9,3142.15,3227.85,1191063,3116.2166666666667,3101.0,3131.4333333333334,0.009766115963267444,2634.8465690479684,1,3041.212,3350.151624237479,2732.272375762521
2024-10-17 00:00:00+05:30,3239.65,3239.65,3066.05,3084.2,513893,3201.9666666666667,3189.025,3214.9083333333333,0.008083573637035534,2634.8465690479684,1,3051.264,3348.5722124933573,2753.955787506643
2024-10-18 00:00:00+05:30,3089.9,3150.0,3001.0,3133.65,606394,3129.966666666667,3152.8500000000004,3107.083333333334,0.014622093952012189,2634.8465690479684,1,3061.4139999999998,3351.87497227682,2770.9530277231797
2024-10-21 00:00:00+05:30,3151.05,3175.8,3016.05,3034.6,692787,3094.883333333333,3075.5,3114.2666666666664,0.012526051062775578,2634.8465690479684,1,3064.764,3351.960485382387,2777.567514617613
2024-10-22 00:00:00+05:30,3049.9,3068.7,2899.55,2907.7,585101,3075.4833333333336,3095.925,3055.041666666667,0.013293303491592067,2634.8465690479684,1,3067.532,3347.1870845309195,2787.876915469081
2024-10-23 00:00:00+05:30,2912.85,3012.95,2870.1,2964.3,1072953,2958.65,2984.125,2933.175,0.01722069186960263,2634.8465690479684,1,3071.856,3341.4695743170137,2802.242425682987
2024-10-24 00:00:00+05:30,2984.9,3091.2,2900.65,2924.4,1375110,2949.1166666666663,2941.5249999999996,2956.708333333333,0.005148434276930402,2634.8465690479684,1,3073.4439999999995,3339.0676756315133,2807.8203243684857
2024-10-25 00:00:00+05:30,2944.95,2975.85,2873.0,2929.25,514251,2972.0833333333335,2995.925,2948.241666666667,0.016043740361699164,2634.8465690479684,1,3074.17,3338.1087095520393,2810.231290447961
2024-10-28 00:00:00+05:30,2935.85,3022.8,2935.05,2975.35,628407,2926.0333333333333,2924.425,2927.6416666666664,0.0010993267335754578,2634.8465690479684,1,3073.664,3338.3091171210153,2809.018882878985
2024-10-29 00:00:00+05:30,2979.9,2982.9,2892.55,2945.8,593232,2977.7333333333336,2978.925,2976.541666666667,0.0008003850803742932,2634.8465690479684,1,3063.802,3328.396133691576,2799.2078663084244
2024-10-30 00:00:00+05:30,2954.9,2955.4,2867.0,2873.65,366768,2940.4166666666665,2937.7250000000004,2943.1083333333327,0.001830806291624986,2634.8465690479684,1,3050.6440000000002,3319.010144392312,2782.2778556076883
2024-10-31 00:00:00+05:30,2862.5,2895.0,2834.05,2875.7,406464,2898.683333333333,2911.2,2886.166666666666,0.008636104898201056,2634.8465690479684,1,3032.5739999999996,3284.2716410219105,2780.876358978089
2024-11-01 00:00:00+05:30,2899.85,2900.0,2870.0,2882.7,25589,2868.25,2864.525,2871.975,0.002597402597402534,2634.8465690479684,1,3015.656,3247.754043628106,2783.557956371894
2024-11-04 00:00:00+05:30,2882.0,2893.95,2781.8,2802.8,600220,2884.2333333333336,2885.0,2883.466666666667,0.0005316259664611676,2634.8465690479684,1,3000.112,3235.0811763274364,2765.1428236725637
2024-11-05 00:00:00+05:30,2782.3,2840.95,2733.4,2833.25,525239,2826.183333333333,2837.875,2814.491666666666,0.008273820405612088,2634.8465690479684,1,2987.0039999999995,3221.1814659013826,2752.8265340986163
2024-11-06 00:00:00+05:30,2838.0,2914.0,2837.0,2879.5,298829,2802.5333333333333,2787.175,2817.8916666666664,0.010960321613777859,2634.8465690479684,1,2972.086,3183.093543978866,2761.0784560211337
2024-11-07 00:00:00+05:30,2889.0,2892.95,2804.4,2811.85,228368,2876.8333333333335,2875.5,2878.166666666667,0.0009269451364348426,2634.8465690479684,1,2961.7140000000004,3177.657914051758,2745.770085948243
2024-11-08 00:00:00+05:30,2821.55,2837.95,2675.1,2685.2,513674,2836.4,2848.675,2824.125,0.008655337752080165,2634.8465690479684,1,2953.224,3193.882003182925,2712.5659968170753
2024-11-11 00:00:00+05:30,2670.05,2722.75,2635.05,2678.65,461242,2732.75,2756.5249999999996,2708.9750000000004,0.017400054889762793,2634.8465690479684,1,2946.14,3207.402118187831,2684.8778818121687
2024-11-12 00:00:00+05:30,2680.95,2718.0,2628.45,2645.1,542863,2678.816666666667,2678.9,2678.733333333334,6.221652595339745e-05,2634.8465690479684,1,2933.868,3220.4865463364017,2647.249453663598
2024-11-13 00:00:00+05:30,2625.0,2660.0,2555.0,2569.15,631321,2663.85,2673.225,2654.475,0.007038684610619968,3359.048676182249,-1,2917.26,3236.512587146904,2598.0074128530964
2024-11-14 00:00:00+05:30,2573.6,2621.75,2552.95,2595.3,564858,2594.7166666666667,2607.5,2581.9333333333334,0.00985335585773653,3328.100729134959,-1,2900.4959999999996,3240.8981409098224,2560.093859090177
2024-11-18 00:00:00+05:30,2598.4,2647.3,2594.3,2629.5,357071,2590.0,2587.35,2592.65,0.0020463320463321166,3328.100729134959,-1,2885.1059999999998,3238.101788439452,2532.1102115605477
2024-11-19 00:00:00+05:30,2620.0,2743.8,2620.0,2692.75,514975,2623.7000000000003,2620.8,2626.6000000000004,0.0022106185920647108,3328.100729134959,-1,2869.1539999999995,3219.4242304449945,2518.8837695550046
2024-11-21 00:00:00+05:30,2693.9,2737.35,2641.5,2704.8,430579,2685.516666666667,2681.9,2689.1333333333337,0.0026934606003811467,3328.100729134959,-1,2851.48,3188.290134051797,2514.669865948203
2024-11-22 00:00:00+05:30,2734.8,2870.0,2700.0,2857.15,1297725,2694.55,2689.425,2699.675,0.003803974689651333,3328.100729134959,-1,2836.6519999999996,3136.488674848139,2536.81532515186
2024-11-25 00:00:00+05:30,2913.4,3015.9,2913.4,2943.05,1805773,2809.0499999999997,2785.0,2833.0999999999995,0.01712322671365745,3328.100729134959,-1,2831.006,3116.979785260098,2545.0322147399015
2024-11-26 00:00:00+05:30,2969.0,2974.8,2890.3,2901.95,365838,2957.4500000000003,2964.65,2950.2500000000005,0.004869059493820566,3328.100729134959,-1,2821.738,3081.7144762896605,2561.761523710339
2024-11-27 00:00:00+05:30,2901.95,2914.75,2806.3,2834.1,539286,2922.35,2932.55,2912.1499999999996,0.0069806833541501,3328.100729134959,-1,2813.718,3058.88182421554,2568.55417578446
2024-11-28 00:00:00+05:30,2815.0,2903.15,2779.15,2815.75,1524167,2851.7166666666667,2860.525,2842.9083333333333,0.006177565559925935,3328.100729134959,-1,2810.04,3052.194149252058,2567.8858507479417
2024-11-29 00:00:00+05:30,2824.0,2824.0,2759.0,2776.15,1000949,2832.683333333333,2841.15,2824.216666666666,0.0059778419755123725,3328.100729134959,-1,2802.5139999999997,3036.5833290800565,2568.444670919943
2024-12-02 00:00:00+05:30,2790.65,2910.5,2763.8,2901.4,970580,2786.383333333333,2791.5,2781.2666666666664,0.0036726222163737617,3328.100729134959,-1,2801.594,3033.914090082601,2569.273909917399
2024-12-03 00:00:00+05:30,2960.0,2960.0,2840.0,2862.55,934425,2858.566666666667,2837.15,2879.983333333334,0.014984199540562496,3328.100729134959,-1,2798.9260000000004,3026.810365624296,2571.0416343757047
2024-12-04 00:00:00+05:30,2853.05,2907.7,2807.75,2900.25,1802455,2887.5166666666664,2900.0,2875.033333333333,0.008646414739309032,3328.100729134959,-1,2795.922,3016.2802720570926,2575.5637279429075
2024-12-05 00:00:00+05:30,2900.0,2910.5,2840.6,2860.65,642837,2871.9,2857.725,2886.0750000000003,0.00987151363209038,3328.100729134959,-1,2792.5159999999996,3006.0284646852906,2579.0035353147086
2024-12-06 00:00:00+05:30,2864.0,2870.0,2792.5,2840.7,1216370,2870.5833333333335,2875.55,2865.616666666667,0.0034603884227944587,3328.100729134959,-1,2791.198,3003.0915100091256,2579.304489990874
2024-12-09 00:00:00+05:30,2830.0,2871.65,2818.5,2842.95,2727735,2834.4,2831.25,2837.55,0.002222692633361622,3328.100729134959,-1,2789.888,3000.0736898649084,2579.7023101350915
2024-12-10 00:00:00+05:30,2881.0,2910.1,2843.5,2899.2,985362,2844.3666666666663,2845.075,2843.658333333333,0.0004980604938417351,3328.100729134959,-1,2790.5480000000007,3001.9951309429093,2579.100869057092
2024-12-11 00:00:00+05:30,2877.5,2934.1,2877.5,2912.9,752281,2884.2666666666664,2876.8,2891.7333333333327,0.005177514792899115,3328.100729134959,-1,2794.952,3011.7548883202153,2578.149111679785
2024-12-12 00:00:00+05:30,2910.0,2920.0,2832.0,2880.35,828649,2908.1666666666665,2905.8,2910.533333333333,0.001627600435554817,3328.100729134959,-1,2796.8360000000002,3015.7457248090814,2577.926275190919
2024-12-13 00:00:00+05:30,2880.0,2941.45,2788.0,2926.95,1164104,2877.4500000000003,2876.0,2878.9000000000005,0.0010078367999445848,3328.100729134959,-1,2798.7340000000004,3021.2704432536566,2576.197556746344
2024-12-16 00:00:00+05:30,2926.45,3002.95,2920.5,2972.85,1359384,2885.4666666666667,2864.725,2906.2083333333335,0.014376646180860488,3328.100729134959,-1,2805.1739999999995,3037.9392690931095,2572.4087309068896
2024-12-17 00:00:00+05:30,2972.85,3015.0,2968.1,2992.95,984667,2965.433333333333,2961.725,2969.141666666666,0.0025010397581014788,3328.100729134959,-1,2817.4840000000004,3056.046563232349,2578.921436767652
2024-12-18 00:00:00+05:30,3014.8,3014.8,2965.4,3001.05,621685,2992.0166666666664,2991.55,2992.4833333333327,0.0003119412213610055,3328.100729134959,-1,2830.38,3072.360009091637,2588.399990908363
2024-12-19 00:00:00+05:30,2892.0,3000.05,2892.0,2984.05,701741,2993.75,2990.1000000000004,2997.3999999999996,0.002438413361168859,3328.100729134959,-1,2843.938,3080.802462982502,2607.073537017498
2024-12-20 00:00:00+05:30,2996.0,3001.35,2835.6,2855.95,650971,2958.7000000000003,2946.025,2971.3750000000005,0.008567952141143191,3328.100729134959,-1,2855.41,3064.0246725424395,2646.7953274575602
2024-12-23 00:00:00+05:30,2861.1,2917.05,2856.5,2887.4,401339,2897.633333333333,2918.475,2876.7916666666665,0.014385302948383185,3328.100729134959,-1,2867.094,3046.85106343838,2687.33693656162
2024-12-24 00:00:00+05:30,2890.0,2899.95,2837.95,2864.4,262176,2886.9833333333336,2886.775,2887.191666666667,0.00014432596886033395,3328.100729134959,-1,2876.49,3027.9115255503325,2725.068474449667
2024-12-26 00:00:00+05:30,2868.0,2879.7,2818.0,2855.75,189095,2867.433333333333,2868.95,2865.916666666666,0.0010578566197413802,3328.100729134959,-1,2883.01,3015.0160544065698,2751.0039455934307
2024-12-27 00:00:00+05:30,2855.75,2895.95,2824.05,2830.7,218976,2851.15,2848.85,2853.4500000000003,0.0016133840730934408,3328.100729134959,-1,2888.046,3000.653985223031,2775.4380147769684
2024-12-30 00:00:00+05:30,2830.0,2848.0,2760.3,2825.35,881114,2850.2333333333336,2860.0,2840.466666666667,0.006853240085606856,3328.100729134959,-1,2886.7740000000003,3001.448681146234,2772.099318853767
2024-12-31 00:00:00+05:30,2805.1,2808.0,2753.65,2786.5,358989,2811.2166666666667,2804.15,2818.2833333333333,0.005027479205326239,3328.100729134959,-1,2880.512,2999.236444930226,2761.7875550697745
2025-01-01 00:00:00+05:30,2800.0,2805.95,2767.0,2776.7,204242,2782.7166666666667,2780.825,2784.6083333333336,0.0013595826620270686,3328.100729134959,-1,2875.502,3000.5854456832317,2750.418554316768
2025-01-02 00:00:00+05:30,2798.2,2823.0,2733.05,2811.95,513659,2783.2166666666667,2786.475,2779.9583333333335,0.0023414155084343982,3328.100729134959,-1,2874.616,3001.165142138499,2748.066857861501
2025-01-03 00:00:00+05:30,2817.0,2830.6,2724.0,2734.1,529625,2789.3333333333335,2778.025,2800.641666666667,0.008108269598470406,3328.100729134959,-1,2871.35,3007.646532604428,2735.0534673955717
2025-01-06 00:00:00+05:30,2747.0,2764.7,2603.6,2616.1,640754,2762.9,2777.3,2748.5,0.01042383003366035,3328.100729134959,-1,2864.948,3030.438561616032,2699.4574383839677
2025-01-07 00:00:00+05:30,2635.0,2676.5,2621.65,2652.15,310336,2661.4666666666667,2684.1499999999996,2638.7833333333338,0.01704573919142298,3303.078974632653,-1,2854.978,3039.429079866694,2670.5269201333062
2025-01-08 00:00:00+05:30,2652.0,2657.5,2504.95,2564.25,1138184,2650.1,2649.075,2651.125,0.0007735557148787525,3251.7828156473474,-1,2843.046,3059.7651268346867,2626.326873165313
2025-01-09 00:00:00+05:30,2570.0,2572.5,2489.3,2495.9,441535,2575.5666666666666,2581.225,2569.9083333333333,0.004393855073964282,3197.9315030214534,-1,2826.8719999999994,3081.192416923196,2572.5515830768027
2025-01-10 00:00:00+05:30,2504.95,2520.9,2381.95,2386.5,559640,2519.2333333333336,2530.9,2507.566666666667,0.00926207708694432,3130.6812429005954,-1,2807.906,3114.6402254395293,2501.1717745604706
2025-01-13 00:00:00+05:30,2359.0,2373.5,2240.05,2248.9,1116026,2429.7833333333333,2451.425,2408.1416666666664,0.01781365965415315,2999.8669931845716,-1,2784.2340000000004,3160.6252759031318,2407.842724096869
2025-01-14 00:00:00+05:30,2253.7,2317.5,2248.4,2307.95,723270,2287.4833333333336,2306.775,2268.191666666667,0.016867153859044377,2967.6663134571886,-1,2762.8340000000003,3181.859504445716,2343.8084955542845
2025-01-15 00:00:00+05:30,2309.9,2374.45,2299.25,2306.9,530439,2291.2833333333333,2282.95,2299.616666666667,0.007273944005179181,2967.6663134571886,-1,2739.1419999999994,3190.3868893272756,2287.897110672723
2025-01-16 00:00:00+05:30,2374.0,2418.4,2335.95,2363.65,677423,2326.866666666667,2336.85,2316.8833333333337,0.00858092427585003,2967.6663134571886,-1,2717.172,3185.594470067337,2248.749529932663
2025-01-17 00:00:00+05:30,2362.0,2421.65,2336.0,2407.6,505095,2372.6666666666665,2377.175,2368.158333333333,0.0038002247822424844,2967.6663134571886,-1,2698.262,3176.8667432109137,2219.6572567890867
2025-01-20 00:00:00+05:30,2427.45,2445.0,2392.05,2428.15,521309,2388.4166666666665,2378.825,2398.008333333333,0.008031820243536538,2967.6663134571886,-1,2678.31,3158.701650218844,2197.918349781156
2025-01-21 00:00:00+05:30,2440.0,2446.45,2359.0,2365.85,806390,2421.7333333333336,2418.525,2424.941666666667,0.002649617353961475,2967.6663134571886,-1,2654.03,3133.7783240199838,2174.2816759800166
2025-01-22 00:00:00+05:30,2365.85,2380.1,2200.0,2240.55,1092303,2390.433333333333,2402.725,2378.141666666666,0.010284048917211918,2967.6663134571886,-1,2623.934,3109.2289706889433,2138.639029311057
2025-01-23 00:00:00+05:30,2240.5,2259.95,2196.8,2225.65,1242922,2273.55,2290.05,2257.05,0.01451474566207033,2906.9863333437515,-1,2592.9179999999997,3076.952530074024,2108.8834699259755
2025-01-24 00:00:00+05:30,2244.65,2245.1,2147.05,2155.0,834443,2227.4666666666667,2228.375,2226.5583333333334,0.000815575242427843,2874.995880010001,-1,2559.756,3045.653749177726,2073.858250822274
2025-01-27 00:00:00+05:30,2135.0,2160.5,2080.1,2095.75,2065910,2182.383333333333,2196.075,2168.6916666666666,0.012547444307828542,2794.5760448096016,-1,2529.348,3032.1494975952032,2026.5465024047967
2025-01-28 00:00:00+05:30,2130.2,2212.15,2108.8,2160.95,1581235,2112.116666666667,2120.3,2103.9333333333334,0.007748940636170723,2794.5760448096016,-1,2500.29,3000.9240108302456,1999.6559891697543
2025-01-29 00:00:00+05:30,2160.0,2244.95,2149.1,2237.55,746880,2160.6333333333337,2160.4750000000004,2160.791666666667,0.0001465619648559555,2794.5760448096016,-1,2475.216,2963.019839033661,1987.4121609663391
2025-01-30 00:00:00+05:30,2230.5,2316.75,2230.5,2288.4,924125,2210.5333333333333,2197.0249999999996,2224.041666666667,0.012221786597503167,2794.5760448096016,-1,2452.522,2919.75595602629,1985.28804397371
2025-01-31 00:00:00+05:30,2279.7,2346.45,2249.05,2329.45,614832,2278.5499999999997,2273.625,2283.4749999999995,0.004322924667002899,2794.5760448096016,-1,2432.4719999999998,2875.4619078579285,1989.4820921420708
2025-02-01 00:00:00+05:30,2320.0,2402.7,2258.15,2360.15,489813,2308.3166666666666,2297.75,2318.883333333333,0.009155300760294246,2794.5760448096016,-1,2413.864,2827.3799049129498,2000.34809508705
2025-02-03 00:00:00+05:30,2339.95,2339.95,2279.0,2319.75,596145,2340.3333333333335,2330.425,2350.241666666667,0.008467454778521552,2794.5760448096016,-1,2395.194,2780.941462799142,2009.4465372008583
2025-02-04 00:00:00+05:30,2350.0,2422.0,2328.15,2389.85,2038347,2312.9,2309.475,2316.3250000000003,0.002961649876778228,2794.5760448096016,-1,2379.72,2732.6511592931047,2026.7888407068951
2025-02-05 00:00:00+05:30,2451.0,2522.0,2290.05,2301.35,2311841,2380.0,2375.075,2384.925,0.004138655462185027,2794.5760448096016,-1,2359.296,2665.8623020228642,2052.7296979771354
2025-02-06 00:00:00+05:30,2315.0,2326.95,2241.0,2250.2,989144,2371.133333333333,2406.025,2336.2416666666663,0.029430370849383037,2794.5760448096016,-1,2339.94,2608.1043197742265,2071.7756802257736
2025-02-07 00:00:00+05:30,2255.0,2298.95,2186.65,2196.9,1295363,2272.7166666666667,2283.975,2261.4583333333335,0.00990737956777121,2794.5760448096016,-1,2323.172,2571.8863229972353,2074.4576770027647
2025-02-10 00:00:00+05:30,2205.1,2210.5,2110.0,2122.85,688013,2227.5,2242.8,2212.2,0.0137373737373739,2794.5760448096016,-1,2302.0,2523.7435022722707,2080.2564977277293
2025-02-11 00:00:00+05:30,2122.2,2130.0,2012.0,2025.95,1109405,2147.7833333333333,2160.25,2135.3166666666666,0.011608868057765011,2794.5760448096016,-1,2280.468,2500.7047796349457,2060.231220365054
2025-02-12 00:00:00+05:30,2025.95,2026.95,1921.55,1929.75,1947592,2055.983333333333,2071.0,2040.9666666666662,0.014607770815262978,2699.9627894262367,-1,2257.8219999999997,2500.1185556172245,2015.5254443827748
2025-02-13 00:00:00+05:30,1934.5,2045.8,1904.6,2025.7,1496217,1959.4166666666667,1974.25,1944.5833333333335,0.015140560540977253,2699.9627894262367,-1,2243.39,2496.067869232686,1990.7121307673137
2025-02-14 00:00:00+05:30,2027.7,2062.45,1935.0,1968.15,1123030,1992.033333333333,1975.1999999999998,2008.8666666666663,0.01690065427285346,2699.9627894262367,-1,2232.16,2506.856060401255,1957.4639395987447
2025-02-17 00:00:00+05:30,1966.55,1987.8,1901.0,1974.05,1332516,1988.5333333333335,1998.725,1978.3416666666672,0.010250435832103772,2681.463168065811,-1,2218.804,2509.46644741275,1928.1415525872503
2025-02-18 00:00:00+05:30,1981.0,1994.45,1943.55,1975.85,678901,1954.2833333333335,1944.4,1964.166666666667,0.010114534739930346,2681.463168065811,-1,2205.562,2508.8535670175634,1902.2704329824367
2025-02-19 00:00:00+05:30,1970.0,2070.5,1946.45,2047.5,753991,1971.2833333333335,1969.0,1973.566666666667,0.002316595787854136,2681.463168065811,-1,2192.916,2495.1489799607725,1890.6830200392278
2025-02-20 00:00:00+05:30,2022.3,2093.25,2022.3,2076.95,878591,2021.4833333333333,2008.475,2034.4916666666668,0.012870087147226976,2681.463168065811,-1,2179.69,2471.9612589358867,1887.4187410641132
2025-02-21 00:00:00+05:30,2067.5,2097.0,1978.1,1991.35,827591,2064.1666666666665,2057.775,2070.558333333333,0.006192975373435373,2681.463168065811,-1,2162.2180000000003,2445.0602512708588,1879.3757487291416
2025-02-24 00:00:00+05:30,1980.0,2037.8,1945.1,2033.35,866997,2022.1499999999999,2037.55,2006.7499999999998,0.015231313206240974,2681.463168065811,-1,2148.9179999999997,2423.3533007613396,1874.4826992386597
2025-02-25 00:00:00+05:30,2016.0,2037.45,1980.0,1987.05,544517,2005.4166666666667,1991.4499999999998,2019.3833333333337,0.013928942447538175,2681.463168065811,-1,2138.778,2417.6188651255525,1859.937134874447
2025-02-27 00:00:00+05:30,1985.0,2002.1,1929.2,1939.25,875017,2001.5,2008.725,1994.275,0.007219585311016646,2665.09463741961,-1,2127.3219999999997,2414.3579156342043,1840.286084365795
2025-02-28 00:00:00+05:30,1908.05,1966.45,1905.1,1936.3,2243350,1956.8500000000001,1965.65,1948.0500000000002,0.00899404655441138,2624.4198519228257,-1,2118.574,2414.8833655218577,1822.2646344781422
2025-03-03 00:00:00+05:30,1940.1,2010.0,1913.85,2002.75,1167576,1935.95,1935.775,1936.125,0.00018078979312477546,2624.4198519228257,-1,2114.854,2414.532108536419,1815.1758914635807
2025-03-04 00:00:00+05:30,1991.0,2057.2,1945.55,2008.4,1336739,1975.5333333333335,1961.925,1989.141666666667,0.013776870380994406,2624.4198519228257,-1,2108.752,2410.6315275999445,1806.8724724000554
2025-03-05 00:00:00+05:30,2005.1,2080.0,2005.1,2075.3,768929,2003.7166666666665,2001.375,2006.058333333333,0.0023373231411624763,2624.4198519228257,-1,2102.262,2399.730631327684,1804.7933686723163
2025-03-06 00:00:00+05:30,2111.0,2114.9,2052.3,2064.9,829916,2053.4666666666667,2042.55,2064.383333333333,0.01063242646581387,2624.4198519228257,-1,2093.3219999999997,2381.1546987400234,1805.4893012599762
2025-03-07 00:00:00+05:30,2055.0,2082.85,1997.55,2008.35,717411,2077.366666666667,2083.6000000000004,2071.133333333333,0.006001187400715883,2624.4198519228257,-1,2080.478,2353.2819561002825,1807.6740438997178
2025-03-10 00:00:00+05:30,1996.0,2026.5,1960.6,1974.15,616960,2029.5833333333333,2040.1999999999998,2018.9666666666667,0.010461917470745123,2624.4198519228257,-1,2065.038,2315.562846320608,1814.513153679392
2025-03-11 00:00:00+05:30,1959.0,2061.0,1945.0,2046.1,644198,1987.0833333333333,1993.55,1980.6166666666666,0.006508702033969417,2624.4198519228257,-1,2054.092,2282.040042641221,1826.1439573587793
2025-03-12 00:00:00+05:30,2046.05,2070.45,1987.0,2018.15,582648,2017.3666666666668,2003.0,2031.7333333333336,0.01424299003651637,2624.4198519228257,-1,2039.224,2221.5572753393176,1856.8907246606823
2025-03-13 00:00:00+05:30,2020.0,2028.8,1960.0,1969.1,410231,2025.2,2028.725,2021.6750000000002,0.0034811376654156267,2624.4198519228257,-1,2025.9340000000002,2175.3732872572773,1876.494712742723
2025-03-17 00:00:00+05:30,1984.0,2016.25,1967.0,1973.55,926047,1985.9666666666665,1994.4,1977.5333333333328,0.008492925359606864,2624.4198519228257,-1,2014.868,2134.1747068691557,1895.5612931308442
2025-03-18 00:00:00+05:30,1990.5,2034.0,1988.2,2028.0,1267665,1985.6000000000001,1991.625,1979.5750000000003,0.0060686946011279845,2624.4198519228257,-1,2008.1119999999999,2101.7998018952435,1914.4241981047562
2025-03-19 00:00:00+05:30,2040.0,2115.2,2024.4,2104.6,1172856,2016.7333333333333,2011.1,2022.3666666666668,0.005586592178771055,2624.4198519228257,-1,2007.3819999999998,2097.7063749159793,1917.0576250840204
2025-03-20 00:00:00+05:30,2130.0,2140.45,2087.15,2108.85,1153116,2081.4,2069.8,2093.0,0.011146343807052858,2624.4198519228257,-1,2010.6979999999999,2109.2204176721343,1912.1755823278654
2025-03-21 00:00:00+05:30,2109.25,2178.95,2102.05,2143.95,2847321,2112.15,2113.8,2110.5,0.0015623890348697685,2624.4198519228257,-1,2019.266,2125.1224451318994,1913.4095548681007
2025-03-24 00:00:00+05:30,2199.0,2201.25,2140.4,2189.1,1313018,2141.65,2140.5,2142.8,0.0010739383185862218,2624.4198519228257,-1,2025.802,2150.8742206725497,1900.72977932745
2025-03-25 00:00:00+05:30,2210.0,2218.4,2127.15,2138.4,778170,2176.9166666666665,2170.825,2183.008333333333,0.005596600696704082,2624.4198519228257,-1,2032.612,2162.8206211583674,1902.4033788416325
2025-03-26 00:00:00+05:30,2139.0,2169.85,2116.2,2130.7,632311,2161.316666666667,2172.775,2149.858333333334,0.010603104589023384,2624.4198519228257,-1,2038.878,2172.2493374903447,1905.506662509655
2025-03-27 00:00:00+05:30,2101.05,2142.0,2101.05,2126.2,652883,2138.9166666666665,2143.0249999999996,2134.8083333333334,0.003841508551836791,2624.4198519228257,-1,2044.892,2179.9018416559466,1909.8821583440538
2025-03-28 00:00:00+05:30,2130.0,2166.0,2112.3,2129.6,440627,2123.0833333333335,2121.525,2124.641666666667,0.0014679907367430016,2624.4198519228257,-1,2048.176,2187.213770753,1909.1382292469998
2025-04-01 00:00:00+05:30,2119.0,2133.45,2033.1,2041.45,770973,2135.9666666666667,2139.15,2132.7833333333333,0.0029806957037407517,2624.4198519228257,-1,2046.7559999999999,2185.3135817339626,1908.1984182660372
2025-04-02 00:00:00+05:30,2041.8,2154.0,2041.8,2146.8,1248005,2069.333333333333,2083.2749999999996,2055.3916666666664,0.013474548969072108,2624.4198519228257,-1,2052.974,2194.9380295848355,1911.0099704151648
2025-04-03 00:00:00+05:30,2110.15,2175.45,2110.15,2151.45,641488,2114.2000000000003,2097.9,2130.5000000000005,0.01541954403556918,2624.4198519228257,-1,2057.698,2204.512537372714,1910.8834626272853
2025-04-04 00:00:00+05:30,2148.6,2150.0,2048.9,2067.95,592381,2145.6833333333334,2142.8,2148.5666666666666,0.002687566509503464,2624.4198519228257,-1,2060.934,2204.9161370030474,1916.9518629969527
2025-04-07 00:00:00+05:30,1985.35,1999.0,1900.0,1927.15,1005584,2088.95,2099.45,2078.45,0.010052897388640228,2569.713824466713,-1,2060.45,2206.136323311299,1914.763676688701
2025-04-08 00:00:00+05:30,1985.0,2052.95,1941.25,1974.55,1474704,1942.05,1949.5,1934.6,0.007672305038490302,2569.713824466713,-1,2061.98,2203.152359900812,1920.8076400991881
2025-04-09 00:00:00+05:30,1994.5,1998.0,1925.8,1973.3,745003,1989.5833333333333,1997.1,1982.0666666666666,0.007556020942408362,2569.713824466713,-1,2060.802,2204.4022659606326,1917.201734039368
2025-04-11 00:00:00+05:30,1997.0,2015.0,1934.9,1948.4,996973,1965.7,1961.9,1969.5,0.003866307167929953,2569.713824466713,-1,2058.402,2207.3318988919427,1909.4721011080576
2025-04-15 00:00:00+05:30,2000.0,2024.0,1975.7,2015.6,1604747,1966.1000000000001,1974.95,1957.2500000000002,0.009002593967753327,2569.713824466713,-1,2056.014,2205.69612857908,1906.3318714209206
2025-04-16 00:00:00+05:30,2022.0,2033.9,1989.3,2000.3,695414,2005.0999999999997,1999.85,2010.3499999999995,0.005236646551293974,2569.713824466713,-1,2053.43,2204.632002632121,1902.2279973678785
2025-04-17 00:00:00+05:30,2000.7,2014.9,1975.4,1991.1,1065499,2007.8333333333333,2011.6,2004.0666666666666,0.003751971445173057,2569.713824466713,-1,2052.74,2204.9129042897057,1900.5670957102939
2025-04-21 00:00:00+05:30,2007.0,2052.4,1977.0,2044.7,683576,1993.8,1995.15,1992.4499999999998,0.00135419801384305,2569.713824466713,-1,2055.562,2204.3802066279663,1906.7437933720335
2025-04-22 00:00:00+05:30,2044.0,2099.0,2011.5,2095.0,909754,2024.7,2014.7,2034.7,0.009878006618264434,2569.713824466713,-1,2057.518,2207.070957523294,1907.965042476706
2025-04-23 00:00:00+05:30,2102.1,2180.9,2102.1,2152.4,1500746,2068.5,2055.25,2081.75,0.012811215856901136,2569.713824466713,-1,2062.888,2215.9996593338483,1909.7763406661518
2025-04-24 00:00:00+05:30,2152.4,2172.5,2142.1,2145.6,891676,2145.133333333333,2141.5,2148.7666666666664,0.0033875128197158335,2569.713824466713,-1,2069.948,2221.3779164100824,1918.518083589917
2025-04-25 00:00:00+05:30,2147.1,2171.8,2052.7,2085.3,1141824,2153.4,2157.3,2149.5,0.003622178879910923,2569.713824466713,-1,2074.4179999999997,2220.7122018808836,1928.1237981191157
2025-04-28 00:00:00+05:30,2080.0,2126.4,2072.5,2121.4,645628,2103.266666666667,2112.25,2094.2833333333338,0.008542267583758395,2569.713824466713,-1,2078.154,2224.286101661356,1932.0218983386437
2025-04-29 00:00:00+05:30,2121.4,2160.6,2094.9,2099.1,481960,2106.7666666666664,2099.45,2114.083333333333,0.006945872822492547,2569.713824466713,-1,2077.9339999999997,2223.9226727659543,1931.9453272340452
2025-04-30 00:00:00+05:30,2095.0,2236.8,2085.2,2161.5,2881011,2118.2000000000003,2127.75,2108.6500000000005,0.009017089982059981,2569.713824466713,-1,2080.04,2229.2356701783433,1930.8443298216566
2025-05-02 00:00:00+05:30,2148.9,2265.1,2148.6,2249.3,2376276,2161.1666666666665,2161.0,2161.333333333333,0.00015423768026514854,2569.713824466713,-1,2084.254,2245.8665933705825,1922.6414066294176
2025-05-05 00:00:00+05:30,2260.4,2319.9,2210.0,2219.2,1297632,2221.0,2206.85,2235.15,0.012742008104457534,2569.713824466713,-1,2085.458,2250.587252841419,1920.3287471585813
2025-05-06 00:00:00+05:30,2220.0,2228.9,2077.0,2088.5,1157331,2249.7,2264.95,2234.45,0.013557363203982754,2569.713824466713,-1,2083.462,2247.1835863103124,1919.7404136896873
2025-05-07 00:00:00+05:30,2075.0,2139.0,2066.7,2128.0,691597,2131.4666666666667,2152.95,2109.9833333333336,0.020158263480545276,2569.713824466713,-1,2083.354,2246.9543176523966,1919.753682347603
2025-05-08 00:00:00+05:30,2123.0,2137.7,2006.0,2030.3,625279,2111.233333333333,2102.85,2119.6166666666663,0.007941645483682409,2569.713824466713,-1,2079.518,2243.4168587634613,1915.6191412365388
2025-05-09 00:00:00+05:30,2001.0,2025.0,1948.0,2000.5,1037572,2058.0,2071.85,2044.15,0.013459669582118474,2569.713824466713,-1,2074.354,2239.7440551301825,1908.9639448698174
2025-05-12 00:00:00+05:30,2083.0,2150.0,2072.7,2146.8,1136405,1991.1666666666667,1986.5,1995.8333333333335,0.004687369214028702,2569.713824466713,-1,2078.5679999999998,2245.7486182066714,1911.387381793328
2025-05-13 00:00:00+05:30,2145.0,2158.0,2091.0,2102.4,621486,2123.1666666666665,2111.35,2134.983333333333,0.011131171991522042,2569.713824466713,-1,2076.792,2241.966815707374,1911.617184292626
2025-05-14 00:00:00+05:30,2103.2,2127.0,2087.2,2119.1,969374,2117.133333333333,2124.5,2109.7666666666664,0.0069590956324591,2569.713824466713,-1,2075.498,2238.8093773867727,1912.1866226132274
2025-05-15 00:00:00+05:30,2120.0,2160.0,2082.0,2148.9,1253488,2111.1,2107.1,2115.1,0.0037894936289138365,2569.713824466713,-1,2078.736,2244.5117775308713,1912.9602224691284
2025-05-16 00:00:00+05:30,2165.0,2201.6,2145.1,2176.1,715608,2130.2999999999997,2121.0,2139.5999999999995,0.00873116462470049,2569.713824466713,-1,2088.6940000000004,2246.571137850816,1930.816862149185
2025-05-19 00:00:00+05:30,2175.0,2269.1,2153.8,2231.1,1765103,2174.2666666666664,2173.35,2175.183333333333,0.0008431961734223172,2569.713824466713,-1,2098.956,2259.1560457427086,1938.755954257292
2025-05-20 00:00:00+05:30,2250.0,2254.7,2157.0,2169.0,909364,2218.0,2211.45,2224.55,0.00590622182146094,2569.713824466713,-1,2106.784,2260.6593436258263,1952.908656374174
2025-05-21 00:00:00+05:30,2165.0,2213.9,2155.2,2181.0,450947,2193.5666666666666,2205.85,2181.2833333333333,0.011199416475450913,2569.713824466713,-1,2116.088,2258.211071399286,1973.9649286007145
2025-05-22 00:00:00+05:30,2180.0,2183.8,2141.0,2164.5,546535,2183.366666666667,2184.55,2182.1833333333334,0.0010839529167494181,2569.713824466713,-1,2122.0440000000003,2259.216931207169,1984.8710687928315
2025-05-23 00:00:00+05:30,2151.0,2187.0,2151.0,2182.4,315099,2163.1,2162.4,2163.7999999999997,0.0006472192686420582,2569.713824466713,-1,2129.328,2259.002923034359,1999.6530769656408
2025-05-26 00:00:00+05:30,2190.0,2254.3,2180.0,2246.9,828874,2173.4666666666667,2169.0,2177.9333333333334,0.004110177289736854,2569.713824466713,-1,2139.56,2264.26525891063,2014.8547410893696
2025-05-27 00:00:00+05:30,2252.0,2268.7,2209.0,2245.6,933231,2227.066666666667,2217.15,2236.983333333334,0.008905585822906336,2569.713824466713,-1,2147.5959999999995,2272.7058011187273,2022.4861988812718
2025-05-28 00:00:00+05:30,2264.9,2286.0,2226.2,2232.1,712544,2241.1,2238.85,2243.35,0.0020079425282227476,2569.713824466713,-1,2153.08,2280.4852557784325,2025.6747442215674
2025-05-29 00:00:00+05:30,2230.0,2246.9,2165.5,2239.4,1318865,2248.1,2256.1,2240.1,0.007117121124505138,2569.713824466713,-1,2156.56,2288.377170353365,2024.7428296466353
2025-05-30 00:00:00+05:30,2239.4,2263.7,2188.3,2243.8,1729676,2217.2666666666664,2206.2,2228.333333333333,0.009982260440782893,2569.713824466713,-1,2160.488,2296.5488724945126,2024.4271275054869
2025-06-02 00:00:00+05:30,2249.9,2294.4,2205.4,2281.6,1002711,2231.9333333333334,2226.0,2237.866666666667,0.005316765733743595,2569.713824466713,-1,2168.34,2308.7263469143936,2027.9536530856067
2025-06-03 00:00:00+05:30,2294.0,2333.0,2268.2,2284.4,1461292,2260.4666666666667,2249.9,2271.0333333333333,0.0093491019553484,2569.713824466713,-1,2174.86,2320.9453668235415,2028.7746331764586
2025-06-04 00:00:00+05:30,2295.4,2300.0,2243.3,2263.8,602242,2295.2000000000003,2300.6,2289.8000000000006,0.004705472289996197,2569.713824466713,-1,2181.4480000000003,2328.1267196016142,2034.7692803983862
2025-06-05 00:00:00+05:30,2270.0,2325.0,2249.6,2312.0,1128257,2269.0333333333333,2271.65,2266.4166666666665,0.0023064153604325966,2569.713824466713,-1,2187.4680000000003,2342.493899461894,2032.4421005381066
2025-06-06 00:00:00+05:30,2320.0,2485.0,2319.2,2467.0,3874231,2295.5333333333333,2287.3,2303.7666666666664,0.007173351145703065,2569.713824466713,-1,2196.176,2384.9088887501316,2007.4431112498683
2025-06-09 00:00:00+05:30,2479.0,2493.5,2452.0,2467.3,965164,2423.733333333333,2402.1,2445.3666666666663,0.017851248762239973,2569.713824466713,-1,2206.1,2422.670217712339,1989.5297822876607
2025-06-10 00:00:00+05:30,2482.0,2506.5,2451.0,2458.0,917825,2470.9333333333334,2472.75,2469.116666666667,0.0014704295273040735,2569.713824466713,-1,2220.88,2453.1916045314365,1988.5683954685635
2025-06-11 00:00:00+05:30,2458.0,2476.0,2425.5,2447.7,920228,2471.8333333333335,2478.75,2464.916666666667,0.0055963859483513035,2569.713824466713,-1,2233.668,2478.955277908927,1988.3807220910733
2025-06-12 00:00:00+05:30,2446.0,2460.7,2377.0,2388.7,994463,2449.733333333333,2450.75,2448.7166666666662,0.0008300223153542255,2569.713824466713,-1,2248.004,2485.8526609925975,2010.155339007402
2025-06-13 00:00:00+05:30,2328.0,2418.0,2306.4,2402.0,859500,2408.7999999999997,2418.85,2398.7499999999995,0.008344403852540837,2569.713824466713,-1,2264.064,2486.624861824294,2041.5031381757058
2025-06-16 00:00:00+05:30,2414.0,2442.0,2385.7,2434.4,585135,2375.4666666666667,2362.2,2388.7333333333336,0.011169735069600537,2569.713824466713,-1,2275.568,2502.385394183015,2048.7506058169856
2025-06-17 00:00:00+05:30,2449.9,2483.9,2430.4,2455.7,1637479,2420.7000000000003,2413.85,2427.5500000000006,0.005659519973561666,2569.713824466713,-1,2289.7,2515.622415001198,2063.7775849988016
2025-06-18 00:00:00+05:30,2450.0,2494.0,2441.4,2461.4,762660,2456.6666666666665,2457.15,2456.183333333333,0.00039348710990521783,2569.713824466713,-1,2303.392,2527.782951118743,2079.001048881257
2025-06-19 00:00:00+05:30,2462.0,2475.0,2371.1,2380.1,902612,2465.6,2467.7,2463.5,0.0017034393251134888,2569.713824466713,-1,2312.64,2529.738620907583,2095.5413790924167
2025-06-20 00:00:00+05:30,2380.0,2449.5,2378.9,2432.0,1202350,2408.7333333333336,2423.05,2394.416666666667,0.011887298995322525,2569.713824466713,-1,2322.8759999999997,2537.3737633822197,2108.3782366177797
2025-06-23 00:00:00+05:30,2418.1,2429.0,2390.9,2401.1,597477,2420.133333333333,2414.2,2426.0666666666666,0.004903311112335459,2569.713824466713,-1,2329.676,2542.8794617354397,2116.47253826456
2025-06-24 00:00:00+05:30,2434.0,2450.9,2389.1,2398.7,583573,2407.0,2409.95,2404.05,0.0024511840465308004,2569.713824466713,-1,2338.864,2543.1912972854475,2134.5367027145526
2025-06-25 00:00:00+05:30,2419.0,2420.0,2380.4,2403.3,664206,2412.9,2420.0,2405.8,0.005885034605661162,2569.713824466713,-1,2347.756,2542.9746636978543,2152.5373363021454
2025-06-26 00:00:00+05:30,2403.3,2410.4,2353.0,2391.6,735164,2401.233333333333,2400.2,2402.2666666666664,0.0008606688229659507,2569.713824466713,-1,2356.84,2537.7117114420507,2175.9682885579496
2025-06-27 00:00:00+05:30,2408.0,2408.0,2358.0,2362.3,758444,2385.0,2381.7,2388.3,0.0027672955974844295,2569.713824466713,-1,2364.036,2530.299423566269,2197.772576433731
2025-06-30 00:00:00+05:30,2380.0,2385.0,2335.6,2343.1,739506,2376.1,2383.0,2369.2,0.005807836370523203,2569.713824466713,-1,2367.884,2527.443059209989,2208.324940790011
2025-07-01 00:00:00+05:30,2358.0,2365.0,2300.5,2314.5,521961,2354.566666666667,2360.3,2348.833333333334,0.0048699689964181265,2569.713824466713,-1,2370.64,2523.911482017944,2217.368517982056
2025-07-02 00:00:00+05:30,2300.0,2336.0,2278.1,2290.2,958146,2326.6666666666665,2332.75,2320.583333333333,0.005229226361031649,2569.713824466713,-1,2372.964,2519.370643346458,2226.557356653542
2025-07-03 00:00:00+05:30,2294.1,2306.0,2261.0,2266.1,528778,2301.4333333333334,2307.05,2295.8166666666666,0.004881016178323759,2569.713824466713,-1,2374.0319999999997,2516.8718904507314,2231.192109549268
2025-07-04 00:00:00+05:30,2267.9,2314.0,2263.4,2304.0,606090,2277.7000000000003,2283.5,2271.9000000000005,0.005092856829257344,2569.713824466713,-1,2376.44,2512.274817333323,2240.605182666677
2025-07-07 00:00:00+05:30,2305.0,2319.5,2272.0,2299.0,572733,2293.7999999999997,2288.7,2298.8999999999996,0.004446769552707219,2569.713824466713,-1,2377.136,2511.1864845794194,2243.0855154205806
2025-07-08 00:00:00+05:30,2292.0,2314.5,2259.5,2310.4,557863,2296.8333333333335,2295.75,2297.916666666667,0.0009433277701184108,2569.713824466713,-1,2378.176,2509.7123162627613,2246.6396837372386
2025-07-09 00:00:00+05:30,2279.9,2284.6,2245.3,2255.1,839999,2294.7999999999997,2287.0,2302.5999999999995,0.006797978037301489,2569.713824466713,-1,2377.828,2510.6129813193393,2245.0430186806607
2025-07-10 00:00:00+05:30,2249.9,2276.0,2231.1,2256.2,559166,2261.6666666666665,2264.95,2258.383333333333,0.0029034635224760236,2569.713824466713,-1,2375.5959999999995,2514.468355549897,2236.7236444501023
2025-07-11 00:00:00+05:30,2258.5,2261.4,2196.0,2206.3,812994,2254.4333333333334,2253.55,2255.3166666666666,0.0007836411219374082,2569.713824466713,-1,2365.1679999999997,2513.8273068192384,2216.508693180761
2025-07-14 00:00:00+05:30,2206.3,2270.0,2192.9,2256.9,906438,2221.233333333333,2228.7,2213.7666666666664,0.006722991731320465,2569.713824466713,-1,2356.752,2505.1529285145352,2208.3510714854647
2025-07-15 00:00:00+05:30,2256.0,2297.0,2243.0,2269.7,821248,2239.933333333333,2231.45,2248.416666666666,0.007574630197327114,2569.713824466713,-1,2349.22,2495.3987070676703,2203.0412929323293
2025-07-16 00:00:00+05:30,2275.0,2300.8,2260.0,2289.1,636281,2269.9,2270.0,2269.8,8.810960835271073e-05,2569.713824466713,-1,2342.8759999999997,2485.1215823425646,2200.630417657435
2025-07-17 00:00:00+05:30,2309.0,2349.9,2292.1,2337.0,1475182,2283.2999999999997,2280.4,2286.1999999999994,0.002540183068365643,2569.713824466713,-1,2340.808,2481.8266134663627,2199.7893865336373
2025-07-18 00:00:00+05:30,2350.0,2369.0,2330.2,2365.4,944125,2326.3333333333335,2321.0,2331.666666666667,0.004585184123800101,2569.713824466713,-1,2339.344,2478.5392767013855,2200.1487232986146
2025-07-21 00:00:00+05:30,2371.5,2407.0,2353.4,2403.9,720007,2354.866666666667,2349.6,2360.1333333333337,0.004473006256546906,2569.713824466713,-1,2338.124,2474.4708551011545,2201.777144898845
2025-07-22 00:00:00+05:30,2404.0,2407.9,2351.0,2363.5,538727,2388.1,2380.2,2396.0,0.006616138352665375,2569.713824466713,-1,2334.436,2462.6047622471838,2206.2672377528165
2025-07-23 00:00:00+05:30,2350.0,2365.5,2298.1,2324.1,748280,2374.133333333333,2379.45,2368.8166666666666,0.004478827361563467,2569.713824466713,-1,2328.944,2446.180937250914,2211.7070627490857
2025-07-24 00:00:00+05:30,2312.3,2339.9,2305.7,2312.6,500769,2329.2333333333336,2331.8,2326.666666666667,0.0022038725188545066,2569.713824466713,-1,2326.244,2441.740189789857,2210.747810210143
2025-07-25 00:00:00+05:30,2300.0,2308.9,2225.6,2233.8,734987,2319.4,2322.8,2316.0,0.0029317927050099947,2569.713824466713,-1,2318.3160000000003,2430.858467433295,2205.7735325667054
2025-07-28 00:00:00+05:30,2225.0,2225.0,2100.0,2115.8,1574049,2256.1,2267.25,2244.95,0.00988431363857993,2569.713824466713,-1,2306.9040000000005,2439.60817603065,2174.1998239693507
2025-07-29 00:00:00+05:30,2107.1,2167.7,2104.8,2155.1,709615,2146.9333333333334,2162.5,2131.366666666667,0.01450130418581537,2569.713824466713,-1,2297.16,2437.050986128389,2157.2690138716107
2025-07-30 00:00:00+05:30,2160.0,2166.7,2118.6,2129.4,387200,2142.5333333333333,2136.25,2148.8166666666666,0.005865330761092759,2569.713824466713,-1,2286.2039999999997,2433.817641429146,2138.5903585708534
2025-07-31 00:00:00+05:30,2115.0,2121.1,2090.6,2102.9,630537,2138.233333333333,2142.6499999999996,2133.8166666666666,0.00413113629631925,2558.7902756076487,-1,2274.656,2432.310965846217,2117.0010341537827
2025-08-01 00:00:00+05:30,2105.0,2123.0,2042.0,2050.6,1209172,2104.866666666667,2105.85,2103.8833333333337,0.0009343426345293014,2540.0026645833427,-1,2262.188,2438.359573824983,2086.0164261750174
2025-08-04 00:00:00+05:30,2036.0,2110.0,2036.0,2098.1,934764,2071.866666666667,2082.5,2061.2333333333336,0.010264495784799418,2532.9225580000093,-1,2252.3880000000004,2436.542181663005,2068.2338183369957
2025-08-05 00:00:00+05:30,2100.2,2120.0,2076.0,2114.8,521123,2081.366666666667,2073.0,2089.7333333333336,0.008039589372367631,2532.9225580000093,-1,2244.4,2434.318770004364,2054.481229995636
2025-08-06 00:00:00+05:30,2103.0,2114.5,2054.5,2061.5,605906,2103.6,2098.0,2109.2,0.005324206122836955,2532.9225580000093,-1,2235.252,2437.1211625384376,2033.3828374615625
2025-08-07 00:00:00+05:30,2042.1,2063.9,2009.4,2043.8,1028052,2076.8333333333335,2084.5,2069.166666666667,0.007383035069416433,2486.3827962746964,-1,2226.36,2441.179112743652,2011.5408872563487
2025-08-08 00:00:00+05:30,2053.7,2072.7,1965.5,1971.9,802032,2039.0333333333335,2036.65,2041.416666666667,0.0023377090451358706,2480.859484423708,-1,2213.076,2447.248799650107,1978.9032003498933
2025-08-11 00:00:00+05:30,1973.3,1997.0,1966.7,1990.9,1286199,2003.3666666666668,2019.1,1987.6333333333337,0.015706893396116323,2433.62310504676,-1,2200.752,2447.6245476515533,1953.8794523484466
2025-08-12 00:00:00+05:30,1990.0,1990.9,1945.0,1948.8,1127245,1984.8666666666668,1981.85,1987.8833333333337,0.003039666812212621,2414.5041808448896,-1,2186.288,2447.7117285021536,1924.8642714978464
2025-08-13 00:00:00+05:30,1955.1,1977.9,1948.6,1960.1,1298604,1961.5666666666666,1967.95,1955.1833333333332,0.006508403147144398,2400.146013611094,-1,2174.488,2448.738894299302,1900.2371057006974
2025-08-14 00:00:00+05:30,1961.0,1973.9,1934.8,1936.6,341127,1962.2,1963.25,1961.15,0.0010702272958923193,2384.7181730666503,-1,2161.704,2449.012277527757,1874.3957224722433
2025-08-18 00:00:00+05:30,1971.0,2036.7,1953.9,2002.4,1464481,1948.4333333333332,1954.35,1942.5166666666664,0.006073255435991388,2384.7181730666503,-1,2153.548,2446.8434121427167,1860.2525878572828
2025-08-19 00:00:00+05:30,2011.0,2015.1,1975.7,2010.0,679045,1997.6666666666667,1995.3000000000002,2000.0333333333333,0.0023694310028365365,2384.7181730666503,-1,2143.672,2439.0022559237127,1848.3417440762873
2025-08-20 00:00:00+05:30,2014.9,2047.3,2000.4,2041.8,590689,2000.2666666666667,1995.4,2005.1333333333332,0.004866017864284656,2384.7181730666503,-1,2134.556,2427.8250400570187,1841.2869599429812
2025-08-21 00:00:00+05:30,2067.0,2091.9,2046.8,2053.6,1293234,2029.8333333333333,2023.85,2035.8166666666666,0.005895393710485277,2384.7181730666503,-1,2125.136,2413.0231105415537,1837.2488894584462
2025-08-22 00:00:00+05:30,2066.6,2069.9,2040.4,2052.9,405740,2064.1,2069.35,2058.85,0.005086962840947629,2384.7181730666503,-1,2113.772,2389.4810786752664,1838.0629213247335
2025-08-25 00:00:00+05:30,2074.0,2095.0,2062.0,2068.9,361197,2054.4,2055.15,2053.65,0.0007301401869158878,2384.7181730666503,-1,2101.9120000000003,2358.1235395995345,1845.700460400466
2025-08-26 00:00:00+05:30,2069.0,2070.0,2000.0,2007.1,602959,2075.2999999999997,2078.5,2072.0999999999995,0.003083891485568615,2384.7181730666503,-1,2086.04,2312.939717055714,1859.1402829442861
2025-08-28 00:00:00+05:30,2016.0,2016.0,1963.7,1984.6,1055273,2025.7,2035.0,2016.4,0.009182011156637167,2384.7181730666503,-1,2070.884,2270.617892406778,1871.150107593222
2025-08-29 00:00:00+05:30,1985.0,1998.0,1941.0,1947.7,718751,1988.0999999999997,1989.85,1986.3499999999995,0.0017604748252102284,2383.2973603175974,-1,2055.828,2232.3381925214567,1879.3178074785433
2025-09-01 00:00:00+05:30,1947.7,1959.8,1938.3,1952.2,737807,1962.2333333333333,1969.5,1954.9666666666667,0.007406526576859685,2352.3154659048937,-1,2041.412,2188.019190219174,1894.804809780826
2025-09-02 00:00:00+05:30,1957.2,2002.0,1957.2,1978.2,467127,1950.1000000000001,1949.05,1951.1500000000003,0.0010768678529308054,2352.3154659048937,-1,2031.1879999999999,2156.857271597955,1905.5187284020446
2025-09-03 00:00:00+05:30,1988.0,2017.9,1972.0,2011.9,352798,1979.1333333333332,1979.6,1978.6666666666665,0.00047158688988449185,2352.3154659048937,-1,2027.032,2148.0184881049136,1906.0455118950863
2025-09-04 00:00:00+05:30,2030.0,2058.8,1999.5,2002.8,589581,2000.6000000000001,1994.95,2006.2500000000002,0.005648305508347586,2352.3154659048937,-1,2020.94,2130.2972347856335,1911.5827652143666
2025-09-05 00:00:00+05:30,2003.4,2015.7,1943.1,1961.8,591336,2020.3666666666668,2029.15,2011.5833333333335,0.008694791374502948,2352.3154659048937,-1,2014.2359999999999,2116.4938369415268,1911.9781630584732
2025-09-08 00:00:00+05:30,1973.1,1989.5,1960.6,1964.3,444652,1973.5333333333335,1979.4,1967.666666666667,0.0059453433773602946,2352.3154659048937,-1,2008.692,2106.0310432660995,1911.3529567339003
2025-09-09 00:00:00+05:30,1968.6,1974.0,1947.2,1949.7,353216,1971.4666666666665,1975.05,1967.883333333333,0.003635195455160441,2347.2413049808965,-1,2004.6559999999997,2103.0711220898465,1906.2408779101531
2025-09-10 00:00:00+05:30,1964.0,2002.8,1945.6,1989.1,917722,1956.9666666666665,1960.6,1953.333333333333,0.003713229658144516,2347.2413049808965,-1,2000.296,2091.1317371080304,1909.4602628919695
2025-09-11 00:00:00+05:30,1999.8,2016.8,1981.1,1993.0,318150,1979.1666666666667,1974.1999999999998,1984.1333333333337,0.005018947368421313,2347.2413049808965,-1,1995.4240000000002,2073.314410808771,1917.5335891912298
2025-09-12 00:00:00+05:30,2003.0,2013.6,1986.4,1998.9,280693,1996.9666666666665,1998.9499999999998,1994.9833333333331,0.0019863459580363703,2347.2413049808965,-1,1992.92,2066.0308965883946,1919.8091034116055
2025-09-15 00:00:00+05:30,2014.0,2063.9,2003.2,2036.6,982451,1999.6333333333332,2000.0,1999.2666666666664,0.0003667339012153441,2347.2413049808965,-1,1992.632,2064.99178374732,1920.2722162526802
2025-09-16 00:00:00+05:30,2040.0,2071.8,2028.2,2061.0,399660,2034.5666666666668,2033.5500000000002,2035.5833333333335,0.0009993938103117631,2347.2413049808965,-1,1996.1960000000001,2072.774252369449,1919.6177476305509
2025-09-17 00:00:00+05:30,2071.0,2087.0,2060.1,2081.5,426132,2053.6666666666665,2050.0,2057.333333333333,0.003570848888167358,2347.2413049808965,-1,1999.82,2083.3154561635492,1916.3245438364504
2025-09-18 00:00:00+05:30,2090.0,2106.0,2075.0,2087.6,462646,2076.2000000000003,2073.55,2078.8500000000004,0.0025527405837588776,2347.2413049808965,-1,2005.372,2092.919464063555,1917.824535936445
2025-09-19 00:00:00+05:30,2081.0,2148.0,2078.9,2145.2,1017368,2089.5333333333333,2090.5,2088.5666666666666,0.0009252464665156784,2347.2413049808965,-1,2012.7759999999998,2113.9968086114695,1911.5551913885304
2025-09-22 00:00:00+05:30,2146.0,2154.4,2092.8,2103.7,492664,2124.0333333333333,2113.45,2134.616666666667,0.009965317556221797,2347.2413049808965,-1,2019.46,2121.7402581144574,1917.1797418855426
2025-09-23 00:00:00+05:30,2095.1,2118.3,2085.5,2103.7,368846,2116.9666666666667,2123.6000000000004,2110.333333333333,0.00626682832354501,2347.2413049808965,-1,2023.5120000000002,2130.677432038322,1916.3465679616781
2025-09-24 00:00:00+05:30,2103.7,2115.3,2011.9,2019.1,626753,2102.5,2101.9,2103.1,0.0005707491082044319,2347.2413049808965,-1,2023.876,2130.917125255484,1916.834874744516
2025-09-25 00:00:00+05:30,2020.0,2022.1,1955.3,1967.4,612330,2048.766666666667,2063.6000000000004,2033.9333333333334,0.01448025641442834,2347.2413049808965,-1,2020.9,2129.9013724682404,1911.8986275317595
2025-09-26 00:00:00+05:30,1967.4,1986.2,1948.5,1957.6,387913,1981.5999999999997,1988.6999999999998,1974.4999999999995,0.007165926524021132,2343.639171087827,-1,2017.06,2127.93079326838,1906.1892067316196
2025-09-29 00:00:00+05:30,1974.0,2018.0,1971.8,1996.9,586290,1964.0999999999997,1967.35,1960.8499999999995,0.0033094037981775144,2343.639171087827,-1,2014.82,2124.9643126083224,1904.6756873916777
2025-09-30 00:00:00+05:30,1996.9,2008.7,1959.8,1968.8,566181,1995.5666666666668,1994.9,1996.2333333333336,0.0006681477274626178,2343.639171087827,-1,2010.816,2120.079683701217,1901.552316298783
2025-10-01 00:00:00+05:30,1980.0,2036.0,1975.0,2030.4,599534,1979.1000000000001,1984.25,1973.9500000000003,0.005204385831943674,2343.639171087827,-1,2011.7479999999998,2121.266190196696,1902.2298098033039
2025-10-03 00:00:00+05:30,2040.0,2048.0,2018.5,2033.0,292903,2013.8,2005.5,2022.1,0.00824312245506004,2343.639171087827,-1,2013.684,2122.9249400177414,1904.4430599822585
2025-10-06 00:00:00+05:30,2042.9,2060.0,2025.2,2056.5,198961,2033.1666666666667,2033.25,2033.0833333333335,8.197393228945737e-05,2343.639171087827,-1,2018.0359999999998,2125.061767065506,1911.0102329344938
2025-10-07 00:00:00+05:30,2055.0,2076.1,2033.4,2073.3,288669,2047.2333333333333,2042.6,2051.866666666667,0.004526434049204721,2343.639171087827,-1,2022.88,2128.501088803137,1917.258911196863
2025-10-08 00:00:00+05:30,2072.0,2083.6,2023.1,2033.4,395416,2060.9333333333334,2054.75,2067.116666666667,0.006000517564857405,2343.639171087827,-1,2025.0880000000002,2129.1774433838527,1920.9985566161477
2025-10-09 00:00:00+05:30,2033.4,2074.4,2007.9,2031.5,516348,2046.7,2053.35,2040.0500000000002,0.006498265500561747,2343.639171087827,-1,2025.872,2129.8474974210767,1921.8965025789237
2025-10-10 00:00:00+05:30,2046.9,2103.6,2036.0,2091.9,892776,2037.9333333333334,2041.15,2034.7166666666667,0.0031567928293369397,2343.639171087827,-1,2029.4360000000001,2136.077813637806,1922.7941863621948
2025-10-13 00:00:00+05:30,2090.0,2104.8,2051.0,2096.9,702685,2077.1666666666665,2069.8,2084.533333333333,0.007092995265987002,2343.639171087827,-1,2034.84,2140.915188427646,1928.7648115723537
2025-10-14 00:00:00+05:30,2100.1,2105.0,2052.0,2057.4,311350,2084.2333333333336,2077.9,2090.566666666667,0.006077374574184097,2343.639171087827,-1,2038.5639999999999,2140.9444806394304,1936.1835193605696
2025-10-15 00:00:00+05:30,2067.6,2145.0,2067.4,2135.6,1019818,2071.4666666666667,2078.5,2064.4333333333334,0.006790679711637458,2343.639171087827,-1,2046.0,2148.487337754286,1943.5126622457142
2025-10-16 00:00:00+05:30,2146.2,2213.8,2135.6,2205.3,1296605,2116.0,2106.2,2125.8,0.009262759924385805,2343.639171087827,-1,2054.6479999999997,2171.8944224783054,1937.4015775216938
2025-10-17 00:00:00+05:30,2206.0,2264.0,2182.4,2236.2,1377946,2184.9,2174.7,2195.1000000000004,0.009336811753398575,2343.639171087827,-1,2064.3759999999997,2198.666327633682,1930.0856723663173
2025-10-20 00:00:00+05:30,2239.9,2297.0,2231.0,2291.8,742740,2227.5333333333333,2223.2,2231.866666666667,0.003890701224074598,2343.639171087827,-1,2076.092,2234.4408697274544,1917.743130272546
2025-10-21 00:00:00+05:30,2309.8,2325.0,2279.8,2293.5,191493,2273.266666666667,2264.0,2282.5333333333338,0.008152731751664458,2343.639171087827,-1,2086.368,2265.155692820179,1907.5803071798211
2025-10-23 00:00:00+05:30,2290.0,2333.9,2270.0,2278.8,631108,2299.4333333333334,2302.4,2296.4666666666667,0.0025803458823188585,2343.639171087827,-1,2095.08,2288.6860164353448,1901.473983564655
2025-10-24 00:00:00+05:30,2280.0,2310.0,2263.5,2287.8,400122,2294.233333333333,2301.95,2286.5166666666664,0.006727011201999243,2343.639171087827,-1,2103.332,2310.9950942270757,1895.668905772924
2025-10-27 00:00:00+05:30,2315.0,2352.0,2306.7,2320.3,949508,2287.1,2286.75,2287.45,0.0003060644484280609,2343.639171087827,-1,2112.64,2336.84933076026,1888.4306692397397
2025-10-28 00:00:00+05:30,2324.0,2330.0,2275.3,2296.6,394259,2326.3333333333335,2329.35,2323.316666666667,0.00259349477002415,2343.639171087827,-1,2118.696,2354.00027946802,1883.3917205319801
2025-10-29 00:00:00+05:30,2312.8,2325.6,2276.3,2311.3,631257,2300.633333333333,2302.65,2298.6166666666663,0.0017531404395892832,2343.639171087827,-1,2127.0,2373.964988611674,1880.035011388326
2025-10-30 00:00:00+05:30,2300.0,2311.5,2275.0,2298.9,475090,2304.4,2300.95,2307.8500000000004,0.0029942718278079088,2343.639171087827,-1,2134.808,2390.5205756468863,1879.0954243531135
2025-10-31 00:00:00+05:30,2298.9,2339.0,2282.2,2288.0,393082,2295.133333333333,2293.25,2297.0166666666664,0.0016411537456065403,2343.639171087827,-1,2145.5640000000003,2403.515287680378,1887.6127123196225
2025-11-03 00:00:00+05:30,2281.0,2330.0,2281.0,2307.5,340421,2303.0666666666666,2310.6,2295.5333333333333,0.006542001968389947,2343.639171087827,-1,2159.168,2413.9532599817453,1904.3827400182547
2025-11-04 00:00:00+05:30,2304.0,2327.4,2286.3,2293.2,401283,2306.1666666666665,2305.5,2306.833333333333,0.0005781600057814686,2343.639171087827,-1,2172.592,2418.698278960871,1926.4857210391292
2025-11-06 00:00:00+05:30,2300.0,2312.7,2186.6,2193.7,1250187,2302.3,2306.8500000000004,2297.75,0.003952569169960632,2343.639171087827,-1,2180.464,2415.9483646953367,1944.9796353046634
2025-11-07 00:00:00+05:30,2193.6,2196.1,2136.4,2142.7,591444,2230.9999999999995,2249.6499999999996,2212.3499999999995,0.016718960107575162,2343.639171087827,-1,2187.42,2407.2364179490846,1967.6035820509157
2025-11-10 00:00:00+05:30,2140.0,2182.0,2131.1,2167.7,276221,2158.4,2166.25,2150.55,0.0072739065974795295,2343.639171087827,-1,2192.9120000000003,2403.425621943966,1982.398378056035
2025-11-11 00:00:00+05:30,2171.0,2184.7,2136.0,2158.5,326579,2160.266666666667,2156.55,2163.9833333333336,0.0034409332181212474,2343.639171087827,-1,2197.9320000000002,2398.713367422296,1997.1506325777045
2025-11-12 00:00:00+05:30,2169.4,2210.0,2167.8,2193.8,341974,2159.733333333333,2160.35,2159.1166666666663,0.0005710581553279306,2343.639171087827,-1,2203.4240000000004,2395.7642175728397,2011.0837824271612
2025-11-13 00:00:00+05:30,2193.8,2233.4,2187.1,2206.1,556709,2190.5333333333333,2188.9,2192.1666666666665,0.0014912654452491436,2343.639171087827,-1,2208.736,2393.5977721865916,2023.8742278134082
2025-11-14 00:00:00+05:30,2205.8,2218.5,2176.0,2195.8,272597,2208.866666666667,2210.25,2207.4833333333336,0.001252527691425357,2343.639171087827,-1,2215.232,2385.8573882163128,2044.606611783687
2025-11-17 00:00:00+05:30,2214.8,2218.0,2177.1,2184.6,320144,2196.766666666667,2197.25,2196.2833333333338,0.0004400406658268556,2343.639171087827,-1,2221.356,2375.34284702262,2067.3691529773805
2025-11-18 00:00:00+05:30,2181.6,2184.6,2146.0,2150.8,324330,2193.2333333333336,2197.55,2188.916666666667,0.00393634968159637,2343.639171087827,-1,2223.712,2371.3765963796595,2076.0474036203404
2025-11-19 00:00:00+05:30,2145.0,2149.7,2111.0,2130.4,368577,2160.4666666666667,2165.3,2155.633333333333,0.004474341963156249,2343.639171087827,-1,2225.052,2368.640947986841,2081.463052013159
2025-11-20 00:00:00+05:30,2144.0,2152.8,2113.0,2123.8,361185,2130.366666666667,2130.35,2130.3833333333337,1.5646758774119212e-05,2343.639171087827,-1,2227.708,2360.8723065688696,2094.5436934311306
2025-11-21 00:00:00+05:30,2132.9,2141.3,2080.0,2090.9,597759,2129.866666666667,2132.9,2126.8333333333335,0.002848378615249752,2343.639171087827,-1,2225.92,2365.0499823904534,2086.790017609547
2025-11-24 00:00:00+05:30,2090.9,2097.3,2036.0,2046.4,741236,2104.066666666667,2110.65,2097.483333333334,0.0062577231393172224,2343.639171087827,-1,2219.564,2375.3969760223026,2063.731023977697
2025-11-25 00:00:00+05:30,2046.4,2099.9,2026.0,2094.0,471585,2059.9,2066.65,2053.15,0.006553716199815525,2343.639171087827,-1,2213.876,2377.0716889625687,2050.6803110374317
2025-11-26 00:00:00+05:30,2085.0,2118.7,2080.6,2114.4,427311,2073.2999999999997,2062.95,2083.6499999999996,0.00998408334539132,2343.639171087827,-1,2206.78,2371.228022183203,2042.3319778167975
2025-11-27 00:00:00+05:30,2114.4,2119.8,2086.7,2096.3,287748,2104.566666666666,2099.6499999999996,2109.4833333333327,0.00467237911208944,2343.639171087827,-1,2198.8920000000003,2364.8556868232536,2032.9283131767472
2025-11-28 00:00:00+05:30,2106.2,2129.0,2095.0,2114.6,293364,2100.9333333333334,2103.25,2098.616666666667,0.002205369042330335,2343.639171087827,-1,2192.324,2358.1147334442026,2026.5332665557976
2025-12-01 00:00:00+05:30,2123.0,2127.9,2074.9,2096.5,310613,2112.866666666667,2112.0,2113.7333333333336,0.0008203704288014274,2343.639171087827,-1,2184.672,2349.78713093586,2019.5568690641398
2025-12-02 00:00:00+05:30,2087.5,2109.7,2081.5,2097.7,392005,2099.766666666667,2101.4,2098.1333333333337,0.0015557284142681364,2343.639171087827,-1,2175.768,2334.553860529097,2016.9821394709027
2025-12-03 00:00:00+05:30,2091.0,2097.7,2057.7,2067.8,290444,2096.2999999999997,2095.6,2096.9999999999995,0.0006678433430327893,2343.639171087827,-1,2166.616,2322.8433592427573,2010.3886407572427
2025-12-04 00:00:00+05:30,2078.8,2103.0,2056.0,2079.6,361891,2074.4,2077.7,2071.1000000000004,0.0031816428846892855,2343.639171087827,-1,2157.348,2305.420740178485,2009.2752598215147
2025-12-05 00:00:00+05:30,2080.0,2117.0,2062.8,2082.4,494250,2079.5333333333333,2079.5,2079.5666666666666,3.2058474657746624e-05,2343.639171087827,-1,2148.688,2287.678616316228,2009.6973836837724
2025-12-08 00:00:00+05:30,2086.0,2092.7,1950.1,1975.1,1035902,2087.4,2089.9,2084.9,0.002395324326913864,2343.639171087827,-1,2136.172,2279.0278156462814,1993.3161843537187
2025-12-09 00:00:00+05:30,1970.0,2051.4,1952.0,2043.0,1296198,2005.9666666666665,2021.3999999999999,1990.533333333333,0.015387427507934724,2343.639171087827,-1,2125.5919999999996,2254.636475061755,1996.5475249382446
2025-12-10 00:00:00+05:30,2041.0,2049.2,2001.0,2014.3,359878,2015.4666666666665,2001.7,2029.233333333333,0.013661021434241624,2343.639171087827,-1,2114.436,2231.2332859957096,1997.638714004291
2025-12-11 00:00:00+05:30,2013.9,2046.8,2000.0,2035.6,225728,2021.5,2025.1,2017.9,0.0035617116002967194,2343.639171087827,-1,2108.112,2224.1758075541347,1992.0481924458652
2025-12-12 00:00:00+05:30,2045.0,2081.5,2038.4,2075.1,481256,2027.4666666666665,2023.4,2031.5333333333328,0.004011574378534505,2343.639171087827,-1,2105.408,2221.2722090723582,1989.5437909276416
2025-12-15 00:00:00+05:30,2079.8,2079.8,2041.5,2067.8,407293,2065.0,2059.95,2070.05,0.0048910411622277794,2343.639171087827,-1,2101.4120000000003,2215.280757014218,1987.5432429857824
2025-12-16 00:00:00+05:30,2070.0,2077.0,2015.1,2023.6,237245,2063.0333333333333,2060.65,2065.4166666666665,0.002310513644956338,2343.639171087827,-1,2096.016,2211.3283296788454,1980.7036703211545
2025-12-17 00:00:00+05:30,2024.9,2036.6,2004.9,2014.9,285130,2038.5666666666666,2046.05,2031.0833333333333,0.007341759733145853,2343.639171087827,-1,2088.86,2201.176495671662,1976.5435043283383
2025-12-18 00:00:00+05:30,2015.0,2026.8,1990.2,1999.8,593692,2018.8,2020.75,2016.85,0.0019318406974440712,2343.639171087827,-1,2080.6079999999997,2187.4370585185607,1973.7789414814388
2025-12-19 00:00:00+05:30,2001.3,2049.6,1998.8,2044.8,628062,2005.6000000000001,2008.5,2002.7000000000003,0.002891902672516816,2343.639171087827,-1,2074.5679999999998,2171.2561787188165,1977.879821281183
2025-12-22 00:00:00+05:30,2045.0,2061.5,2026.0,2030.4,231349,2031.0666666666666,2024.1999999999998,2037.9333333333334,0.006761635922011542,2343.639171087827,-1,2068.4,2155.4139666947876,1981.3860333052125
2025-12-23 00:00:00+05:30,2030.4,2042.3,2014.2,2019.5,264149,2039.3,2043.75,2034.85,0.004364242632275825,2343.639171087827,-1,2063.148,2145.3509706516825,1980.9450293483178
2025-12-24 00:00:00+05:30,2025.0,2044.9,2001.8,2006.1,296234,2025.3333333333333,2028.25,2022.4166666666665,0.00288018433179731,2343.639171087827,-1,2058.176,2138.5221766107206,1977.8298233892792
2025-12-26 00:00:00+05:30,2006.0,2019.4,1995.0,2002.6,375373,2017.5999999999997,2023.35,2011.8499999999995,0.0056998413957179105,2343.639171087827,-1,2053.328,2131.855987774811,1974.8000122251885
2025-12-29 00:00:00+05:30,2005.0,2014.0,1989.9,1997.8,197632,2005.6666666666667,2007.2,2004.1333333333334,0.0015290011633704202,2343.639171087827,-1,2049.604,2129.470418073936,1969.7375819260635
2025-12-30 00:00:00+05:30,1995.0,1995.7,1971.0,1977.7,411451,2000.5666666666666,2001.95,1999.1833333333332,0.0013829414999084655,2321.6593583498343,-1,2046.856,2131.555621344848,1962.156378655152
2025-12-31 00:00:00+05:30,1978.5,2016.7,1978.5,2004.4,397188,1981.4666666666665,1983.35,1979.583333333333,0.0019009487921406094,2321.6593583498343,-1,2043.2720000000002,2127.268657457071,1959.2753425429291
2026-01-01 00:00:00+05:30,2010.0,2029.9,1996.6,2015.3,279220,1999.8666666666668,1997.6,2002.1333333333337,0.0022668177878527357,2321.6593583498343,-1,2039.3080000000002,2118.7328307770335,1959.8831692229671
2026-01-02 00:00:00+05:30,2025.0,2071.9,2018.0,2068.5,308290,2013.9333333333334,2013.25,2014.6166666666668,0.0006786057135291409,2321.6593583498343,-1,2038.1959999999997,2115.137608613027,1961.2543913869722
2026-01-05 00:00:00+05:30,2070.0,2128.5,2057.7,2124.2,1387944,2052.7999999999997,2044.95,2060.6499999999996,0.007648090413094112,2321.6593583498343,-1,2038.58,2117.1222179465303,1960.0377820534693
2026-01-06 00:00:00+05:30,2130.0,2143.0,2107.1,2127.9,419219,2103.4666666666667,2093.1,2113.8333333333335,0.009856744421906809,2321.6593583498343,-1,2039.836,2122.9161036106743,1956.7558963893257
2026-01-07 00:00:00+05:30,2128.9,2153.0,2097.9,2138.2,566635,2126.0,2125.05,2126.95,0.0008936970837251346,2321.6593583498343,-1,2041.4560000000001,2130.3613623577367,1952.5506376422636
2026-01-08 00:00:00+05:30,2126.7,2166.2,2088.0,2095.1,441294,2129.7,2125.45,2133.95,0.003991172465605485,2321.6593583498343,-1,2042.5479999999998,2133.3708010136247,1951.725198986375
2026-01-09 00:00:00+05:30,2090.0,2090.0,1982.6,1991.5,1790853,2116.433333333333,2127.1,2105.766666666666,0.010079851322193287,2321.6593583498343,-1,2039.024,2130.655842150861,1947.3921578491388
2026-01-12 00:00:00+05:30,1994.9,1996.2,1910.0,1930.8,1788932,2021.3666666666668,2036.3,2006.4333333333336,0.0147754819346645,2321.6593583498343,-1,2032.96,2132.0673115363343,1933.8526884636656
2026-01-13 00:00:00+05:30,1940.0,1954.7,1857.8,1878.8,2030980,1945.6666666666667,1953.1,1938.2333333333336,0.007640911427102792,2292.889124757109,-1,2029.108,2143.2557627637084,1914.9602372362915
2026-01-14 00:00:00+05:30,1875.0,1876.4,1850.1,1871.4,918048,1897.1000000000001,1906.25,1887.9500000000003,0.009646302250803714,2242.459559766825,-1,2022.244,2151.819714761523,1892.6682852384768
2026-01-16 00:00:00+05:30,1882.3,1940.7,1875.2,1889.0,1215966,1865.9666666666665,1863.25,1868.683333333333,0.0029118062130439664,2242.459559766825,-1,2017.2319999999997,2156.9457155184105,1877.518284481589
2026-01-19 00:00:00+05:30,1889.0,1889.0,1784.1,1797.8,2029945,1901.6333333333332,1907.95,1895.3166666666664,0.006643411803888061,2234.029370281106,-1,2007.72,2171.451770893614,1843.988229106386
2026-01-20 00:00:00+05:30,1800.0,1804.7,1684.1,1694.7,1605449,1823.6333333333332,1836.55,1810.7166666666665,0.014165859365004014,2159.748195469862,-1,1992.504,2194.574827028441,1790.4331729715584
2026-01-21 00:00:00+05:30,1694.7,1706.3,1625.2,1644.4,2824755,1727.8333333333333,1744.4,1711.2666666666664,0.01917623227548973,2087.192267651067,-1,1975.568,2216.745138020911,1734.3908619790889
2026-01-22 00:00:00+05:30,1655.9,1670.0,1603.0,1620.4,1490676,1658.6333333333332,1665.75,1651.5166666666664,0.008581362165638524,2059.8445769450245,-1,1959.44,2236.820460739319,1682.059539260681
2026-01-23 00:00:00+05:30,1638.0,1638.0,1532.6,1541.2,2461081,1631.1333333333332,1636.5,1625.7666666666664,0.006580291821637456,2021.2227938672236,-1,1940.4919999999997,2261.4275619808373,1619.5564380191622
2026-01-27 00:00:00+05:30,1548.9,1552.6,1476.2,1517.9,5007112,1570.6000000000001,1585.3,1555.9000000000003,0.018718960906659643,1954.2778821125348,-1,1921.2160000000001,2281.1104675539696,1561.3215324460307
2026-01-28 00:00:00+05:30,1515.0,1559.3,1509.5,1550.3,1957835,1515.5666666666668,1514.4,1516.7333333333336,0.0015395781555854694,1954.2778821125348,-1,1901.4360000000001,2285.5296630770604,1517.3423369229397
2026-01-29 00:00:00+05:30,1567.0,1582.8,1537.3,1566.5,1223856,1539.7,1534.4,1545.0,0.0068844580113008435,1954.2778821125348,-1,1882.88,2284.674359343127,1481.0856406568735
2026-01-30 00:00:00+05:30,1568.1,1588.6,1550.1,1576.8,1924460,1562.2,1560.05,1564.3500000000001,0.0027525284854693264,1954.2778821125348,-1,1865.1719999999998,2280.1269431732953,1450.2170568267043
2026-02-01 00:00:00+05:30,1580.0,1584.6,1475.0,1516.8,1045646,1571.8333333333333,1569.35,1574.3166666666666,0.003159792174742889,1954.2778821125348,-1,1845.6,2277.914385603755,1413.285614396245
2026-02-02 00:00:00+05:30,1507.9,1568.9,1486.4,1560.1,875047,1525.4666666666665,1529.8,1521.133333333333,0.005681321562800654,1954.2778821125348,-1,1827.9,2269.1939700471235,1386.6060299528767
2026-02-03 00:00:00+05:30,1612.0,1743.1,1610.2,1699.4,3763783,1538.4666666666665,1527.65,1549.2833333333328,0.014061619794600312,1954.2778821125348,-1,1815.964,2254.363240437242,1377.564759562758
2026-02-04 00:00:00+05:30,1703.0,1721.3,1660.6,1711.7,1028678,1684.2333333333336,1676.65,1691.816666666667,0.009005086389455321,1954.2778821125348,-1,1805.3239999999998,2240.404506683476,1370.2434933165237
2026-02-05 00:00:00+05:30,1720.0,1722.2,1649.6,1689.8,1838089,1697.8666666666666,1690.9499999999998,1704.7833333333333,0.008147479189571316,1954.2778821125348,-1,1792.74,2222.2233472906137,1363.2566527093863
2026-02-06 00:00:00+05:30,1695.0,1727.8,1644.2,1699.8,1446287,1687.2,1685.9,1688.5,0.0015410146989093818,1954.2778821125348,-1,1780.1199999999997,2201.161174233529,1359.0788257664703
2026-02-09 00:00:00+05:30,1721.0,1821.4,1715.3,1801.4,3904447,1690.6000000000001,1686.0,1695.2000000000003,0.005441854962735284,1954.2778821125348,-1,1769.4360000000001,2173.8929806740252,1364.979019325975
2026-02-10 00:00:00+05:30,1810.0,1834.9,1801.5,1820.8,1486492,1779.3666666666668,1768.35,1790.3833333333337,0.012382682977089464,1954.2778821125348,-1,1757.3,2135.825087147402,1378.774912852598
2026-02-11 00:00:00+05:30,1821.0,1855.0,1813.2,1852.1,1377672,1819.0666666666666,1818.2,1819.9333333333332,0.000952869603459533,1954.2778821125348,-1,1746.2679999999998,2095.9210427494486,1396.614957250551
2026-02-12 00:00:00+05:30,1850.0,1854.6,1806.5,1821.7,1518515,1840.0999999999997,1834.1,1846.0999999999995,0.006521384707352616,1954.2778821125348,-1,1733.608,2046.5757857926392,1420.6402142073607
2026-02-13 00:00:00+05:30,1787.8,1817.1,1727.1,1806.6,2052670,1827.6000000000001,1830.55,1824.6500000000003,0.0032282775224335937,1954.2778821125348,-1,1722.0680000000002,2000.2053169927885,1443.9306830072119
2026-02-16 00:00:00+05:30,1795.7,1841.9,1786.0,1832.7,1100804,1783.5999999999997,1772.1,1795.0999999999995,0.01289526799730856,1954.2778821125348,-1,1715.7160000000001,1975.6050328119804,1455.8269671880198
2026-02-17 00:00:00+05:30,1830.0,1851.0,1815.2,1845.1,746639,1820.2,1813.95,1826.45,0.006867377211295462,1954.2778821125348,-1,1712.2879999999998,1962.8313284363132,1461.7446715636863
2026-02-18 00:00:00+05:30,1850.1,1894.4,1840.7,1885.1,1207699,1837.0999999999997,1833.1,1841.0999999999995,0.0043546894562079075,1954.2778821125348,-1,1712.54,1963.7644892520361,1461.3155107479638
2026-02-19 00:00:00+05:30,1880.0,1887.0,1806.0,1824.2,1845151,1873.4000000000003,1867.5500000000002,1879.2500000000005,0.0062453293477101905,1954.2778821125348,-1,1710.652,1957.7481731471096,1463.5558268528905
2026-02-20 00:00:00+05:30,1812.2,1834.9,1789.2,1825.7,1044407,1839.0666666666666,1846.5,1831.6333333333332,0.00808381062857978,1954.2778821125348,-1,1708.12,1949.0750995516514,1467.1649004483484
2026-02-23 00:00:00+05:30,1835.0,1853.8,1793.4,1829.7,1419507,1816.6000000000001,1812.0500000000002,1821.15,0.0050093581415831265,1954.2778821125348,-1,1709.396,1952.5649090651727,1466.2270909348272
2026-02-24 00:00:00+05:30,1825.0,1831.2,1749.0,1770.7,1923433,1825.6333333333332,1823.6,1827.6666666666665,0.002227537475579218,1954.2778821125348,-1,1712.4360000000001,1956.6918192059024,1468.1801807940979
2026-02-25 00:00:00+05:30,1789.4,1819.0,1780.0,1797.8,1078579,1783.6333333333332,1790.1,1777.1666666666665,0.007251116634584871,1954.2778821125348,-1,1718.5720000000001,1963.3894864341735,1473.7545135658268
2026-02-26 00:00:00+05:30,1800.0,1810.0,1772.4,1797.8,652717,1798.9333333333334,1799.5,1798.3666666666668,0.0006300029647197666,1954.2778821125348,-1,1725.668,1968.9712722836807,1482.364727716319
2026-02-27 00:00:00+05:30,1794.0,1800.8,1725.0,1731.0,1247988,1793.3999999999999,1791.2,1795.5999999999997,0.00245344039255026,1954.2778821125348,-1,1733.26,1964.6167081369097,1501.9032918630903
2026-03-02 00:00:00+05:30,1665.7,1740.2,1665.7,1733.5,2408197,1752.2666666666667,1762.9,1741.6333333333332,0.012136661086592724,1954.2778821125348,-1,1741.884,1955.9112257820195,1527.8567742179805
2026-03-04 00:00:00+05:30,1698.0,1710.0,1647.0,1693.7,2001315,1713.1333333333332,1702.95,1723.3166666666664,0.011888547301241196,1954.2778821125348,-1,1747.62,1948.0565475654273,1547.1834524345725
2026-03-05 00:00:00+05:30,1697.8,1751.0,1684.6,1743.8,1661321,1683.5666666666666,1678.5,1688.6333333333332,0.006018967667847949,1954.2778821125348,-1,1754.7119999999998,1941.0644773753975,1568.359522624602
2026-03-06 00:00:00+05:30,1743.8,1743.8,1660.2,1667.3,2211721,1726.4666666666665,1717.8,1735.133333333333,0.010039772946673185,1954.2778821125348,-1,1758.332,1933.9250998187238,1582.7389001812764
2026-03-09 00:00:00+05:30,1610.5,1652.4,1590.5,1645.6,2761673,1690.4333333333334,1702.0,1678.8666666666668,0.01368485398221356,1954.2778821125348,-1,1763.484,1916.539845285139,1610.4281547148607
2026-03-10 00:00:00+05:30,1664.0,1689.0,1649.6,1675.4,1595426,1629.5,1621.45,1637.55,0.009880331389996876,1954.2778821125348,-1,1768.096,1902.125877027283,1634.066122972717
2026-03-11 00:00:00+05:30,1688.0,1698.0,1644.3,1651.1,1099518,1671.3333333333333,1669.3,1673.3666666666666,0.002433187076186641,1954.2778821125348,-1,1766.164,1905.390812130238,1626.937187869762
2026-03-12 00:00:00+05:30,1638.9,1649.6,1600.6,1616.3,762875,1664.4666666666665,1671.15,1657.7833333333328,0.008030600392518471,1954.2778821125348,-1,1762.3480000000002,1912.1636212948051,1612.5323787051952
2026-03-13 00:00:00+05:30,1601.0,1606.0,1567.0,1577.4,958388,1622.1666666666667,1625.1,1619.2333333333336,0.003616562211034419,1954.2778821125348,-1,1757.8519999999999,1922.1525550323802,1593.5514449676195
2026-03-16 00:00:00+05:30,1578.0,1593.0,1543.0,1560.0,841218,1583.4666666666665,1586.5,1580.433333333333,0.0038312563152579117,1954.2778821125348,-1,1752.26,1932.7971186209306,1571.7228813790693
2026-03-17 00:00:00+05:30,1556.0,1596.2,1547.5,1584.2,509336,1565.3333333333333,1568.0,1562.6666666666665,0.00340715502555376,1954.2778821125348,-1,1743.5720000000001,1934.4238631398387,1552.7201368601616
2026-03-18 00:00:00+05:30,1585.0,1666.0,1583.0,1643.0,824188,1575.9666666666665,1571.85,1580.083333333333,0.005224306774677842,1954.2778821125348,-1,1736.46,1928.517807964028,1544.4021920359721
2026-03-19 00:00:00+05:30,1612.0,1612.1,1540.3,1552.1,888321,1630.6666666666667,1624.5,1636.8333333333335,0.007563368765331245,1954.2778821125348,-1,1724.46,1923.4795005519484,1525.4404994480517
2026-03-20 00:00:00+05:30,1564.9,1604.5,1543.7,1549.5,966056,1568.1666666666667,1576.1999999999998,1560.1333333333337,0.010245509618450091,1954.2778821125348,-1,1713.5720000000001,1919.774397813281,1507.3696021867192
2026-03-23 00:00:00+05:30,1527.7,1528.0,1486.0,1497.2,1991822,1565.8999999999999,1574.1,1557.6999999999998,0.010473210294399446,1954.2778821125348,-1,1701.1959999999997,1920.3142072214582,1482.0777927785412
2026-03-24 00:00:00+05:30,1525.0,1562.0,1518.3,1540.5,715587,1503.7333333333333,1507.0,1500.4666666666667,0.0043447419755275555,1954.2778821125348,-1,1689.5079999999998,1910.4856815516569,1468.5303184483428
2026-03-25 00:00:00+05:30,1557.0,1603.6,1557.0,1564.9,843509,1540.2666666666667,1540.15,1540.3833333333332,0.00015148891966745224,1954.2778821125348,-1,1678.3,1894.9554499659428,1461.6445500340571
2026-03-27 00:00:00+05:30,1543.2,1548.0,1496.7,1505.2,1684671,1575.1666666666667,1580.3,1570.0333333333335,0.0065178288011849056,1954.2778821125348,-1,1663.1040000000003,1872.7882615361123,1453.4197384638883
2026-03-30 00:00:00+05:30,1489.0,1512.6,1466.0,1471.3,1403012,1516.6333333333332,1522.35,1510.9166666666665,0.007538627222576361,1942.2068482894492,-1,1648.9879999999998,1860.8944421482838,1437.0815578517158
2026-04-01 00:00:00+05:30,1516.8,1538.4,1499.1,1508.1,1101747,1483.3,1489.3,1477.3,0.008090069439762692,1942.2068482894492,-1,1636.2839999999999,1842.289682872933,1430.2783171270667
2026-04-02 00:00:00+05:30,1480.0,1516.8,1434.0,1508.3,1187230,1515.2,1518.75,1511.65,0.00468585005279825,1934.0194313835564,-1,1623.4279999999999,1819.4189673019218,1427.437032698078
2026-04-06 00:00:00+05:30,1517.0,1592.0,1493.8,1584.7,2223294,1486.3666666666668,1475.4,1497.3333333333335,0.014756340965665757,1934.0194313835564,-1,1615.9879999999998,1802.9660078617342,1429.0099921382655
2026-04-07 00:00:00+05:30,1564.2,1611.8,1545.9,1605.0,893011,1556.8333333333333,1542.9,1570.7666666666664,0.01789958248581501,1934.0194313835564,-1,1608.2759999999998,1779.8956285275738,1436.656371472426
2026-04-08 00:00:00+05:30,1698.0,1723.0,1673.5,1702.2,1332784,1587.5666666666666,1578.85,1596.2833333333333,0.010981166145253782,1934.0194313835564,-1,1604.4520000000002,1762.752929826525,1446.1510701734755
2026-04-09 00:00:00+05:30,1702.2,1717.6,1670.8,1695.5,784426,1699.5666666666666,1698.25,1700.8833333333332,0.0015494145566516241,1934.0194313835564,-1,1603.0320000000002,1757.3536559784864,1448.710344021514
2026-04-10 00:00:00+05:30,1738.0,1751.1,1705.6,1716.5,2202543,1694.6333333333332,1694.1999999999998,1695.0666666666666,0.0005114183992604819,1934.0194313835564,-1,1602.352,1754.502642403975,1450.2013575960252
2026-04-13 00:00:00+05:30,1695.9,1722.9,1641.0,1706.8,915224,1724.3999999999999,1728.35,1720.4499999999998,0.004581303641846493,1934.0194313835564,-1,1602.8759999999997,1756.3657654436354,1449.3862345563641
2026-04-15 00:00:00+05:30,1738.0,1754.2,1719.9,1739.9,986674,1690.2333333333333,1681.95,1698.5166666666667,0.009801408089612837,1934.0194313835564,-1,1602.72,1755.6434161269694,1449.7965838730306
2026-04-16 00:00:00+05:30,1750.0,1777.4,1726.0,1747.4,968573,1738.0,1737.0500000000002,1738.9499999999998,0.0010932105868812637,1934.0194313835564,-1,1605.924,1767.2509503088136,1444.5970496911864
2026-04-17 00:00:00+05:30,1747.0,1769.0,1734.5,1758.8,676260,1750.2666666666667,1751.7,1748.8333333333333,0.0016378456616135378,1934.0194313835564,-1,1610.4520000000002,1782.0092079043684,1438.894792095632
2026-04-20 00:00:00+05:30,1764.9,1774.7,1731.6,1759.7,768843,1754.1000000000001,1751.75,1756.4500000000003,0.0026794367481901104,1934.0194313835564,-1,1613.8239999999998,1793.477749462522,1434.1702505374776
2026-04-21 00:00:00+05:30,1770.2,1836.9,1770.2,1805.0,1578436,1755.3333333333333,1753.15,1757.5166666666664,0.002487656665400494,1934.0194313835564,-1,1619.98,1814.2717558723039,1425.6882441276962
2026-04-22 00:00:00+05:30,1810.4,1849.0,1795.6,1832.2,1104833,1804.0333333333335,1803.5500000000002,1804.5166666666669,0.0005358363666599084,1934.0194313835564,-1,1628.6159999999998,1839.9327531833271,1417.2992468166724
2026-04-23 00:00:00+05:30,1829.1,1833.1,1780.4,1791.0,760833,1825.6000000000001,1822.3,1828.9000000000003,0.0036152497808941515,1934.0194313835564,-1,1637.16,1856.6185336685353,1417.7014663314649
2026-04-24 00:00:00+05:30,1795.6,1832.0,1759.8,1769.4,811597,1801.5,1806.75,1796.25,0.005828476269775187,1934.0194313835564,-1,1645.536,1868.5311093991613,1422.5408906008388
2026-04-27 00:00:00+05:30,1784.0,1842.4,1778.1,1828.2,1096981,1787.0666666666668,1795.9,1778.2333333333336,0.009885846452286715,1934.0194313835564,-1,1655.296,1887.8523018624614,1422.7396981375387
2026-04-28 00:00:00+05:30,1829.3,1845.2,1820.0,1824.6,558117,1816.2333333333333,1810.25,1822.2166666666667,0.006588727586396772,1934.0194313835564,-1,1662.56,1904.290004757259,1420.8299952427408
2026-04-29 00:00:00+05:30,1831.0,1883.8,1831.0,1862.3,860344,1829.9333333333332,1832.6,1827.2666666666664,0.0029144959743525184,1934.0194313835564,-1,1674.9679999999998,1924.4649064015523,1425.4710935984474
2026-04-30 00:00:00+05:30,1863.2,1863.2,1815.5,1835.2,1161254,1859.0333333333335,1857.4,1860.666666666667,0.0017571856341110318,1934.0194313835564,-1,1686.396,1938.021597934601,1434.770402065399
2026-05-04 00:00:00+05:30,1854.9,1951.9,1850.2,1899.8,2895216,1837.9666666666665,1839.35,1836.583333333333,0.0015052866392209938,1934.0194313835564,-1,1702.5,1955.1607781194898,1449.8392218805102
2026-05-05 00:00:00+05:30,1920.0,1920.0,1805.4,1809.5,2804012,1900.6333333333334,1901.0500000000002,1900.2166666666667,0.0004384503411144451,1934.0194313835564,-1,1713.26,1960.256272036536,1466.263727963464
2026-05-06 00:00:00+05:30,1819.1,1870.0,1812.7,1867.2,895277,1844.9666666666665,1862.7,1827.233333333333,0.019223472872138877,1934.0194313835564,-1,1725.352,1971.7098413283147,1478.9941586716855
2026-05-07 00:00:00+05:30,1870.0,1890.0,1835.6,1878.6,923911,1849.9666666666665,1841.35,1858.583333333333,0.009315483161858658,1934.0194313835564,-1,1740.2879999999998,1976.5140295224628,1504.0619704775368
2026-05-08 00:00:00+05:30,1869.9,1889.2,1847.0,1873.6,760692,1868.0666666666666,1862.8,1873.3333333333333,0.005638628171728331,1934.0194313835564,-1,1756.38,1970.9347352074717,1541.8252647925285
2026-05-11 00:00:00+05:30,1862.1,1862.1,1784.0,1794.3,859489,1869.9333333333332,1868.1,1871.7666666666664,0.00196085421940168,1934.0194313835564,-1,1767.8280000000002,1957.2394633910756,1578.4165366089248
2026-05-12 00:00:00+05:30,1788.0,1791.8,1710.0,1712.4,844360,1813.4666666666665,1823.05,1803.883333333333,0.010569075803249929,1934.0194313835564,-1,1775.9920000000002,1935.1299770637702,1616.8540229362302
2026-05-13 00:00:00+05:30,1710.0,1756.4,1696.0,1730.6,741800,1738.0666666666668,1750.9,1725.2333333333336,0.014767366038893701,1934.0194313835564,-1,1781.8280000000002,1922.0546339321786,1641.6013660678218
2026-05-14 00:00:00+05:30,1740.0,1748.5,1688.2,1733.5,748162,1727.6666666666667,1726.2,1729.1333333333334,0.0016978583831758019,1934.0194313835564,-1,1786.968,1909.1507447062368,1664.7852552937634
2026-05-15 00:00:00+05:30,1740.0,1740.9,1705.0,1714.1,399861,1723.3999999999999,1718.35,1728.4499999999998,0.0058605082975513,1934.0194313835564,-1,1787.444,1908.3885238774762,1666.4994761225237
2026-05-18 00:00:00+05:30,1682.2,1696.9,1644.3,1686.3,642157,1720.0,1722.95,1717.05,0.0034302325581395876,1934.0194313835564,-1,1787.076,1909.187677148213,1664.964322851787
2026-05-19 00:00:00+05:30,1689.9,1744.0,1686.4,1715.4,497935,1675.8333333333333,1670.6,1681.0666666666666,0.006245648930880177,1934.0194313835564,-1,1787.032,1909.2461166312198,1664.81788336878
2026-05-20 00:00:00+05:30,1683.9,1735.0,1676.3,1719.4,430897,1715.2666666666667,1715.2,1715.3333333333333,7.773329705772401e-05,1934.0194313835564,-1,1787.536,1908.5202155652937,1666.5517844347064
2026-05-21 00:00:00+05:30,1740.0,1762.9,1717.2,1736.9,760318,1710.2333333333336,1705.65,1714.816666666667,0.005359892412341572,1934.0194313835564,-1,1787.4160000000002,1908.5947661925532,1666.2372338074472
2026-05-22 00:00:00+05:30,1743.3,1751.9,1710.1,1732.9,414841,1739.0,1740.0500000000002,1737.9499999999998,0.0012075905692929061,1934.0194313835564,-1,1786.836,1908.9108213840568,1664.7611786159432
2026-05-25 00:00:00+05:30,1759.8,1770.5,1750.0,1767.3,352723,1731.6333333333332,1731.0,1732.2666666666664,0.0007314866503684908,1934.0194313835564,-1,1787.1759999999997,1908.9836421902555,1665.3683578097439
2026-05-26 00:00:00+05:30,1777.0,1790.8,1752.1,1760.2,393643,1762.6000000000001,1760.25,1764.9500000000003,0.002666515375014338,1934.0194313835564,-1,1787.1960000000001,1908.9857530006093,1665.406246999391
2026-05-27 00:00:00+05:30,1758.0,1812.3,1752.7,1788.6,556467,1767.6999999999998,1771.4499999999998,1763.9499999999998,0.004242801380324716,1934.0194313835564,-1,1786.54,1908.115576494415,1664.9644235055848
2026-05-29 00:00:00+05:30,1812.5,1834.8,1750.0,1762.7,2150631,1784.5333333333335,1782.5,1786.566666666667,0.0022788404064556897,1934.0194313835564,-1,1783.76,1904.2052938057327,1663.3147061942673
2026-06-01 00:00:00+05:30,1785.0,1793.6,1708.8,1714.2,539239,1782.5,1792.4,1772.6,0.011107994389901924,1934.0194313835564,-1,1780.688,1904.1185805866162,1657.257419413384
2026-06-02 00:00:00+05:30,1701.0,1737.0,1673.6,1720.5,831566,1738.8666666666666,1751.1999999999998,1726.5333333333333,0.01418548479852769,1934.0194313835564,-1,1778.7320000000002,1904.3466197858718,1653.1173802141286
2026-06-03 00:00:00+05:30,1730.0,1730.0,1665.5,1704.8,689274,1710.3666666666668,1705.3,1715.4333333333336,0.0059246555319524075,1934.0194313835564,-1,1773.7959999999998,1900.936054805513,1646.6559451944865
2026-06-04 00:00:00+05:30,1698.1,1722.2,1683.0,1694.3,419328,1700.1000000000001,1697.75,1702.4500000000003,0.00276454326216121,1934.0194313835564,-1,1768.5839999999998,1897.6347829342722,1639.5332170657275
2026-06-05 00:00:00+05:30,1705.0,1739.0,1695.2,1708.3,639417,1699.8333333333333,1702.6,1697.0666666666666,0.003255221100107836,1934.0194313835564,-1,1762.4240000000002,1887.6380475184335,1637.209952481567
2026-06-08 00:00:00+05:30,1691.0,1695.0,1638.0,1654.6,506107,1714.1666666666667,1717.1,1711.2333333333336,0.0034224598930479334,1934.0194313835564,-1,1755.2,1883.584422730907,1626.8155772690932
2026-06-09 00:00:00+05:30,1657.5,1688.0,1656.0,1684.3,351928,1662.5333333333335,1666.5,1658.566666666667,0.00477183414868851,1934.0194313835564,-1,1746.58,1863.3882462840181,1629.7717537159817
2026-06-10 00:00:00+05:30,1684.3,1687.8,1632.9,1641.5,371125,1676.1000000000001,1672.0,1680.2000000000003,0.0048923095280712795,1934.0194313835564,-1,1739.86,1860.6771908295652,1619.0428091704346
2026-06-11 00:00:00+05:30,1635.9,1639.0,1610.1,1618.0,418358,1654.0666666666666,1660.35,1647.7833333333333,0.007597436620853618,1934.0194313835564,-1,1729.8919999999998,1848.1326484418416,1611.651351558158
2026-06-12 00:00:00+05:30,1650.6,1696.9,1637.4,1691.4,520499,1622.3666666666668,1624.55,1620.1833333333336,0.002691541164142713,1934.0194313835564,-1,1722.404,1824.6555561541581,1620.1524438458418
2026-06-15 00:00:00+05:30,1727.0,1795.3,1723.2,1766.2,1093214,1675.2333333333336,1667.15,1683.316666666667,0.009650396959627694,1934.0194313835564,-1,1718.1080000000002,1801.957959713448,1634.2580402865524
2026-06-16 00:00:00+05:30,1780.0,1797.6,1763.3,1794.5,375321,1761.5666666666666,1759.25,1763.8833333333332,0.0026302344503944665,1934.0194313835564,-1,1718.116,1801.9950687594157,1634.2369312405842
2026-06-17 00:00:00+05:30,1750.0,1794.8,1739.2,1788.3,662046,1785.1333333333332,1780.4499999999998,1789.8166666666666,0.00524704037046726,1934.0194313835564,-1,1721.1519999999998,1809.3661053570622,1632.9378946429374
2026-06-18 00:00:00+05:30,1780.0,1824.7,1778.1,1810.2,493124,1774.1000000000001,1767.0,1781.2000000000003,0.008004058395806478,1934.0194313835564,-1,1724.336,1819.1812529963786,1629.4907470036214
2026-06-19 00:00:00+05:30,1798.0,1800.6,1778.1,1795.9,462447,1804.3333333333333,1801.4,1807.2666666666664,0.0032514317384073526,1934.0194313835564,-1,1726.8319999999999,1825.7091475314044,1627.9548524685954
2026-06-22 00:00:00+05:30,1799.9,1818.4,1793.0,1798.9,254946,1791.5333333333335,1789.35,1793.7166666666672,0.0024373906895400078,1934.0194313835564,-1,1730.224,1832.867745527661,1627.5802544723388
2026-06-23 00:00:00+05:30,1798.9,1832.0,1785.0,1789.7,830797,1803.4333333333334,1805.7,1801.1666666666667,0.0025137238230781857,1934.0194313835564,-1,1734.36,1837.9196678246287,1630.800332175371
2026-06-24 00:00:00+05:30,1788.8,1829.0,1779.0,1820.6,619976,1802.2333333333333,1808.5,1795.9666666666667,0.006954334436902345,1934.0194313835564,-1,1738.5680000000002,1847.1324173011933,1630.0035826988071
2026-06-25 00:00:00+05:30,1835.0,1885.0,1832.0,1850.6,1139521,1809.5333333333335,1804.0,1815.066666666667,0.006115757285488188,1934.0194313835564,-1,1743.816,1860.5441790141003,1627.0878209858997
2026-06-29 00:00:00+05:30,1850.1,1869.3,1825.4,1830.1,630680,1855.8666666666668,1858.5,1853.2333333333336,0.0028378475465190155,1934.0194313835564,-1,1747.5439999999999,1869.0076219447944,1626.0803780552053
2026-06-30 00:00:00+05:30,1845.0,1887.6,1830.2,1866.6,844824,1841.5999999999997,1847.35,1835.8499999999995,0.006244569939183567,1934.0194313835564,-1,1752.8919999999998,1882.7865285373796,1622.99747146262
2026-07-01 00:00:00+05:30,1884.9,1971.0,1873.8,1959.6,1013165,1861.4666666666665,1858.9,1864.0333333333328,0.0027576821144614056,1513.4842167252214,1,1760.5840000000003,1913.6827203602584,1607.4852796397422
2026-07-02 00:00:00+05:30,1962.0,1983.4,1946.6,1968.7,572960,1934.8,1922.4,1947.1999999999998,0.012817862311349869,1562.1368480562123,1,1768.924,1942.3913897190732,1595.4566102809267
2026-07-03 00:00:00+05:30,1980.0,2002.6,1970.5,1996.4,1001835,1966.2333333333333,1965.0,1967.4666666666667,0.0012545137064099024,1590.309374133964,1,1777.236,1972.2536597540573,1582.218340245943
2026-07-06 00:00:00+05:30,2016.0,2051.5,2001.4,2046.4,1382010,1989.8333333333333,1986.55,1993.1166666666666,0.0033001088868414136,1630.6309991686055,1,1788.5840000000003,2010.1124482317107,1567.05555176829
2026-07-07 00:00:00+05:30,2060.0,2061.8,2009.0,2043.1,1055478,2033.1000000000001,2026.45,2039.7500000000002,0.0065417342973784764,1640.6297592018614,1,1801.74,2042.2847949965872,1561.1952050034129
2026-07-08 00:00:00+05:30,2021.0,2075.1,1972.4,1979.5,1082521,2037.9666666666665,2035.4,2040.5333333333328,0.002518850488231452,1640.6297592018614,1,1812.1,2059.955338453604,1564.244661546396
2026-07-09 00:00:00+05:30,1990.0,2044.5,1984.1,2029.9,498659,2009.0,2023.75,1994.25,0.014683922349427576,1640.6297592018614,1,1825.1040000000003,2082.98695937489,1567.2210406251104
2026-07-10 00:00:00+05:30,2048.4,2138.0,2022.0,2133.0,1296667,2019.5,2014.3,2024.7,0.0051497895518693194,1654.2790266372178,1,1842.652,2121.403382389311,1563.900617610689
2026-07-13 00:00:00+05:30,2117.8,2168.3,2110.5,2162.6,1443535,2097.6666666666665,2080.0,2115.333333333333,0.01684411250595886,1714.5238655717292,1,1860.8239999999998,2160.6106723120834,1561.0373276879163
2026-07-14 00:00:00+05:30,2145.0,2158.4,2101.0,2107.4,936136,2147.133333333333,2139.4,2154.8666666666663,0.007203402986928111,1714.5238655717292,1,1878.9360000000001,2181.398051199739,1576.4739488002615
2026-07-15 00:00:00+05:30,2108.6,2132.8,2090.0,2104.4,622796,2122.2666666666664,2129.7,2114.833333333333,0.007005088898661866,1714.5238655717292,1,1895.74,2199.7563311402105,1591.7236688597898
2026-07-16 00:00:00+05:30,2107.4,2122.7,2078.0,2090.3,338231,2109.066666666667,2111.4,2106.733333333334,0.0022126691111389206,1714.5238655717292,1,1913.692,2208.3974986659646,1618.9865013340357
2026-07-17 00:00:00+05:30,2090.3,2143.0,2086.6,2102.1,900280,2097.0,2100.35,2093.65,0.0031950405340962413,1714.5238655717292,1,1933.056,2210.619836722213,1655.4921632777866
2026-07-20 00:00:00+05:30,2090.0,2127.0,2065.5,2118.7,362804,2110.566666666667,2114.8,2106.333333333334,0.0040115608762257724,1714.5238655717292,1,1950.1480000000001,2218.557592198111,1681.7384078018893
2026-07-21 00:00:00+05:30,2115.0,2168.9,2107.0,2164.3,706428,2103.733333333333,2096.25,2111.2166666666662,0.007114336417796731,1721.642315681101,1,1966.072,2236.170663573067,1695.9733364269327
2026-07-22 00:00:00+05:30,2165.0,2166.0,2076.0,2081.1,928740,2146.733333333333,2137.95,2155.5166666666664,0.008182975683984942,1721.642315681101,1,1977.5359999999998,2241.7985838365266,1713.273416163473
2026-07-23 00:00:00+05:30,2074.0,2085.9,2029.3,2041.0,1056531,2107.7000000000003,2121.0,2094.4000000000005,0.01262039189637968,1721.642315681101,1,1987.644,2241.298909386666,1733.9890906133342
2026-07-24 00:00:00+05:30,2018.0,2104.4,1965.2,2028.7,569927,2052.0666666666666,2057.6,2046.5333333333333,0.005392937201520389,1721.642315681101,1,1996.384,2239.832430218718,1752.9355697812819
2026-07-27 00:00:00+05:30,2050.6,2086.5,2025.1,2078.8,732918,2032.7666666666667,2034.8000000000002,2030.7333333333331,0.0020005575324272638,1721.642315681101,1,2007.7,2238.8075524511446,1776.5924475488555
2026-07-28 00:00:00+05:30,2073.0,2144.4,2058.8,2136.6,929586,2063.4666666666667,2055.8,2071.133333333333,0.007430860687516007,1721.642315681101,1,2021.208,2241.1254384717117,1801.2905615282884
2026-07-29 00:00:00+05:30,2159.7,2180.0,2139.4,2156.0,770545,2113.266666666667,2101.6000000000004,2124.9333333333334,0.01104135777153839,1721.642315681101,1,2035.86,2240.400030311818,1831.3199696881813
2026-07-30 00:00:00+05:30,2154.0,2154.0,2100.9,2110.9,523448,2158.4666666666667,2159.7,2157.2333333333336,0.0011427865460046833,1721.642315681101,1,2047.4720000000002,2233.9775797126727,1860.9664202873275
2026-07-31 00:00:00+05:30,2125.0,2134.0,2096.1,2105.7,585747,2121.933333333333,2127.45,2116.416666666666,0.005199660686795262,1721.642315681101,1,2057.676,2227.113160316031,1888.2388396839688
2026-08-03 00:00:00+05:30,2125.0,2126.6,2060.0,2089.7,366499,2111.9333333333334,2115.05,2108.8166666666666,0.002951482054357891,1721.642315681101,1,2068.06,2210.0289881627705,1926.0910118372296
2026-08-04 00:00:00+05:30,2088.0,2088.0,1990.0,2033.6,1202012,2092.1,2093.3,2090.8999999999996,0.0011471726972900654,1721.642315681101,1,2074.74,2191.6712687007243,1957.808731299275
2026-08-05 00:00:00+05:30,2055.7,2143.9,2055.7,2099.0,1901625,2037.2,2039.0,2035.4,0.0017671313567641414,1721.642315681101,1,2080.316,2187.654562390044,1972.977437609956
2026-08-06 00:00:00+05:30,2099.0,2109.0,2072.2,2081.9,291365,2099.5333333333333,2099.8,2099.2666666666664,0.0002540247039026567,1721.642315681101,1,2084.844,2182.0379105909497,1987.6500894090505
2026-08-07 00:00:00+05:30,2081.0,2108.6,2062.3,2070.0,486095,2087.7000000000003,2090.6,2084.8000000000006,0.0027781769411310397,1721.642315681101,1,2087.788,2178.3179299898197,1997.2580700101803
2026-08-10 00:00:00+05:30,2070.0,2120.0,2057.6,2108.4,364012,2080.2999999999997,2085.45,2075.1499999999996,0.004951208960246207,1721.642315681101,1,2090.268,2179.5146733495526,2001.0213266504475
2026-08-11 00:00:00+05:30,2108.0,2108.0,2030.1,2037.9,568576,2095.3333333333335,2088.8,2101.866666666667,0.00623608017817369,1721.642315681101,1,2090.06,2179.768470056967,2000.351529943033
2026-08-12 00:00:00+05:30,2035.0,2042.0,1984.0,2015.0,466920,2058.6666666666665,2069.05,2048.283333333333,0.010087435233160946,1721.642315681101,1,2091.48,2175.057642943324,2007.9023570566758
2026-08-13 00:00:00+05:30,2014.6,2029.1,1990.0,2028.0,311120,2013.6666666666667,2013.0,2014.3333333333335,0.0006621420294653955,1721.642315681101,1,2091.404,2175.20863910764,2007.59936089236
2026-08-14 00:00:00+05:30,2019.0,2032.2,1988.2,1990.0,447214,2015.7,2009.55,2021.8500000000001,0.006102098526566543,1721.642315681101,1,2085.6839999999997,2176.572673529552,1994.7953264704472
2026-08-17 00:00:00+05:30,1990.0,2057.0,1970.9,2054.0,765350,2003.4666666666665,2010.2,1996.733333333333,0.006721682417143861,1721.642315681101,1,2081.34,2167.359290859443,1995.3207091405575
2026-08-18 00:00:00+05:30,2045.1,2055.2,1990.1,1997.4,687150,2027.3,2013.95,2040.6499999999999,0.013170226409510096,1721.642315681101,1,2076.94,2168.2667014621748,1985.6132985378251
2026-08-19 00:00:00+05:30,1997.4,2009.8,1970.0,2007.3,424483,2014.2333333333333,2022.6499999999999,2005.8166666666668,0.00835719132175999,1721.642315681101,1,2073.056,2167.5839485441265,1978.5280514558733
2026-08-20 00:00:00+05:30,2011.0,2041.9,2001.3,2020.0,285777,1995.7,1989.9,2001.5,0.005812496868266728,1721.642315681101,1,2070.244,2166.7153276365625,1973.7726723634378
2026-08-21 00:00:00+05:30,2020.0,2039.8,2013.2,2035.0,277201,2021.0666666666666,2021.6,2020.5333333333333,0.0005277741126797431,1721.642315681101,1,2067.56,2164.070492693597,1971.049507306403
2026-08-24 00:00:00+05:30,2035.0,2047.9,2028.3,2039.9,261818,2029.3333333333333,2026.5,2032.1666666666665,0.0027923784494085983,1721.642315681101,1,2064.408,2159.1629415279263,1969.6530584720738
2026-08-25 00:00:00+05:30,2035.1,2049.0,2011.5,2049.0,384390,2038.7,2038.1,2039.3000000000002,0.0005886103889734992,1721.642315681101,1,2059.7960000000003,2145.439773480391,1974.1522265196095
2026-08-26 00:00:00+05:30,2055.0,2088.5,2035.1,2035.1,700923,2036.5,2030.25,2042.75,0.006137981831573778,1721.642315681101,1,2057.956,2143.6664349304124,1972.245565069588
2026-08-27 00:00:00+05:30,2035.0,2095.0,2023.9,2069.4,1142681,2052.9,2061.8,2044.0,0.008670661016123621,1721.642315681101,1,2059.092,2144.6260291577596,1973.5579708422406
2026-08-28 00:00:00+05:30,2075.4,2083.3,2024.5,2029.1,329143,2062.7666666666664,2059.45,2066.083333333333,0.0032157458429616596,1721.642315681101,1,2059.1079999999997,2144.619429317726,1973.5965706822738
2026-08-31 00:00:00+05:30,2025.0,2025.0,1962.6,2014.7,707158,2045.6333333333332,2053.9,2037.3666666666663,0.00808225651387529,1721.642315681101,1,2056.544,2143.3736922484486,1969.714307751551
2026-09-01 00:00:00+05:30,2023.2,2023.2,1965.0,1978.0,329259,2000.7666666666667,1993.8,2007.7333333333333,0.0069639971344318315,1721.642315681101,1,2050.2,2135.874042743179,1964.525957256821
2026-09-02 00:00:00+05:30,1950.0,1970.7,1908.9,1970.7,770610,1988.7333333333333,1994.1,1983.3666666666668,0.005397070161911998,1721.642315681101,1,2042.7879999999998,2122.4155594499775,1963.160440550022
2026-09-03 00:00:00+05:30,1964.0,2056.7,1960.0,2001.5,1323927,1950.1000000000001,1939.8000000000002,1960.4,0.010563560843033643,1721.642315681101,1,2038.412,2114.5331102386162,1962.290889761384
2026-09-04 00:00:00+05:30,2000.0,2021.7,1971.0,1982.0,307319,2006.0666666666666,2008.35,2003.7833333333333,0.0022764281678907014,1721.642315681101,1,2033.464,2107.4993619290085,1959.4286380709914
2026-09-07 00:00:00+05:30,1982.0,1984.0,1891.1,1922.2,752808,1991.5666666666666,1996.35,1986.7833333333333,0.0048035884646927575,1721.642315681101,1,2026.7640000000001,2109.083045280901,1944.4449547190993
2026-09-08 00:00:00+05:30,1920.0,1926.3,1885.1,1906.6,507608,1932.4333333333334,1937.55,1927.3166666666668,0.005295568626774423,1721.642315681101,1,2021.6840000000002,2116.4258839582517,1926.942116041749
2026-09-09 00:00:00+05:30,1905.5,1908.2,1855.0,1857.1,538632,1906.0,1905.6999999999998,1906.3000000000002,0.0003147953830012402,1721.642315681101,1,2012.0080000000003,2121.4572820623252,1902.5587179376755
2026-09-10 00:00:00+05:30,1850.0,1874.8,1836.0,1872.0,686220,1873.4333333333332,1881.6,1865.2666666666664,0.00871839581517009,1721.642315681101,1,2003.612,2122.1529204619146,1885.0710795380855
2026-09-11 00:00:00+05:30,1855.0,1855.0,1719.0,1748.0,2684348,1860.9333333333334,1855.4,1866.4666666666667,0.005946836712760589,1721.642315681101,1,1990.7320000000002,2142.8411473382102,1838.6228526617901
2026-09-15 00:00:00+05:30,1754.0,1759.7,1657.4,1659.3,1071741,1774.0,1787.0,1761.0,0.014656144306651634,2161.258893759192,-1,1972.7679999999998,2165.6581176938735,1779.8778823061261
2026-09-16 00:00:00+05:30,1666.9,1703.7,1647.6,1665.3,783588,1692.1333333333334,1708.5500000000002,1675.7166666666667,0.019403514301473572,2125.9585380088242,-1,1957.864,2183.175303790901,1732.552696209099
2026-09-17 00:00:00+05:30,1664.0,1695.3,1657.7,1678.2,570025,1672.2,1675.65,1668.75,0.004126300681736689,2119.324196488471,-1,1944.392,2193.451818806557,1695.332181193443
2026-09-18 00:00:00+05:30,1686.9,1721.3,1686.6,1691.1,659676,1677.0666666666666,1676.5,1677.6333333333332,0.000675783113372483,2119.324196488471,-1,1930.9160000000002,2196.3421279074737,1665.4898720925266
2026-09-21 00:00:00+05:30,1704.0,1720.9,1696.0,1696.9,398829,1699.6666666666667,1703.9499999999998,1695.3833333333337,0.005040203961560787,2119.324196488471,-1,1919.192,2198.6644167855457,1639.7195832144541
2026-09-22 00:00:00+05:30,1710.0,1732.0,1690.2,1699.5,473583,1704.6000000000001,1708.45,1700.7500000000002,0.004517188783292161,2119.324196488471,-1,1905.0120000000002,2191.5694333775923,1618.454566622408
2026-09-23 00:00:00+05:30,1700.9,1720.0,1700.9,1707.6,307495,1707.2333333333333,1711.1,1703.3666666666668,0.004529745982779031,2119.324196488471,-1,1893.42,2187.439417045801,1599.400582954199
2026-09-24 00:00:00+05:30,1680.0,1707.9,1665.7,1671.2,481036,1709.5,1710.45,1708.55,0.0011114360924247388,2093.611717523437,-1,1879.976,2182.549205846043,1577.402794153957
2026-09-25 00:00:00+05:30,1666.0,1700.1,1666.0,1700.1,273610,1681.6000000000001,1686.8000000000002,1676.4,0.0061845861084681795,2083.1372488224997,-1,1867.18,2172.0330452528747,1562.3269547471252
2026-09-28 00:00:00+05:30,1708.0,1708.0,1667.0,1669.8,422392,1688.7333333333333,1683.05,1694.4166666666667,0.0067308831076547245,2083.0637588695995,-1,1852.5720000000001,2158.8546382019567,1546.2893617980435
2026-09-29 00:00:00+05:30,1666.0,1671.3,1634.4,1634.4,410924,1681.6000000000001,1687.5,1675.7000000000003,0.0070171265461463645,2042.9232085148153,-1,1836.352,2144.17964590587,1528.52435409413
2026-09-30 00:00:00+05:30,1640.6,1659.6,1623.4,1628.5,832521,1646.7,1652.85,1640.5500000000002,0.007469484423392073,2026.1062801742228,-1,1819.5320000000002,2124.988273636586,1514.075726363414
2026-10-01 00:00:00+05:30,1623.3,1632.9,1566.6,1595.8,496337,1637.1666666666667,1641.5,1632.8333333333335,0.005293698462791315,1987.536028967254,-1,1801.96,2106.3319198611266,1497.5880801388735
2026-10-05 00:00:00+05:30,1581.0,1616.7,1578.0,1599.9,509332,1598.4333333333334,1599.75,1597.1166666666668,0.0016474464579900394,1980.4605878085636,-1,1783.18,2076.982938038317,1489.377061961683
2026-10-06 00:00:00+05:30,1597.1,1620.0,1583.7,1610.0,371383,1598.2,1597.35,1599.0500000000002,0.0010636966587412545,1979.800164296221,-1,1766.4160000000002,2049.8209861522314,1483.011013847769
2026-10-07 00:00:00+05:30,1604.8,1604.8,1570.1,1580.2,196039,1604.5666666666666,1601.85,1607.2833333333333,0.003386168643662917,1961.4541577243722,-1,1749.0359999999998,2022.5230403071148,1475.5489596928849
2026-10-08 00:00:00+05:30,1579.0,1580.4,1530.0,1535.0,854442,1585.033333333333,1587.4499999999998,1582.6166666666663,0.0030493575319132,1928.3559914153975,-1,1731.3159999999998,2000.5390877468435,1462.092912253156
