date,open,high,low,close,volume,cpr_pp,cpr_bc,cpr_tc,cpr_width,supertrend,supertrend_dir,bb_middle,bb_upper,bb_lower
2018-08-06 00:00:00+05:30,828.9,885.6,828.9,871.9,38611132,,,,,,1,,,
2018-08-07 00:00:00+05:30,873.9,880.7,843.1,849.9,7016758,862.1333333333333,857.25,867.0166666666667,0.011328487472935337,,1,,,
2018-08-08 00:00:00+05:30,846.5,864.1,836.7,854.8,3356966,857.9000000000001,861.9000000000001,853.9000000000001,0.009325096165054201,,1,,,
2018-08-09 00:00:00+05:30,854.8,858.2,835.7,840.1,1349690,851.8666666666668,850.4000000000001,853.3333333333335,0.0034434183753326735,,1,,,
2018-08-10 00:00:00+05:30,835.7,848.9,835.7,840.1,1174764,844.6666666666666,846.95,842.3833333333332,0.005406471981057814,,1,,,
2018-08-13 00:00:00+05:30,835.2,836.2,818.6,819.1,1453006,841.5666666666666,842.3,840.8333333333333,0.0017427813205529732,,1,,,
2018-08-14 00:00:00+05:30,820.1,839.1,820.1,829.8,1141172,824.6333333333333,827.4000000000001,821.8666666666666,0.006710052952827759,,1,,,
2018-08-16 00:00:00+05:30,829.4,836.2,820.1,821.5,754376,829.6666666666666,829.6,829.7333333333332,0.0001607071112895284,,1,,,
2018-08-17 00:00:00+05:30,825.9,831.8,823.0,824.0,640096,825.9333333333334,828.1500000000001,823.7166666666667,0.005367664863992324,,1,,,
2018-08-20 00:00:00+05:30,828.4,843.5,826.9,839.1,1586128,826.2666666666668,827.4,825.1333333333336,0.0027432628691299306,,1,,,
2018-08-21 00:00:00+05:30,844.0,851.9,839.1,847.0,1212552,836.5,835.2,837.8,0.003108188882247351,,1,,,
2018-08-23 00:00:00+05:30,854.8,888.1,850.9,881.2,4606210,846.0,845.5,846.5,0.001182033096926714,,1,,,
2018-08-24 00:00:00+05:30,881.2,924.3,875.4,910.1,5400976,873.4,869.5,877.3,0.008930615983512658,,1,,,
2018-08-27 00:00:00+05:30,917.4,946.3,917.4,932.6,3404892,903.2666666666665,899.8499999999999,906.6833333333332,0.007565133958225617,,1,,,
2018-08-28 00:00:00+05:30,937.5,939.0,889.5,895.4,2262978,932.0999999999999,931.8499999999999,932.3499999999999,0.00053642313056539,,1,,,
2018-08-29 00:00:00+05:30,895.9,895.9,868.0,873.9,2044524,907.9666666666667,914.25,901.6833333333334,0.013840449355703152,,1,,,
2018-08-30 00:00:00+05:30,873.9,890.5,873.9,882.7,855636,879.2666666666668,881.95,876.5833333333335,0.00610357115778288,,1,,,
2018-08-31 00:00:00+05:30,883.7,886.1,869.5,871.4,566634,882.3666666666668,882.2,882.5333333333335,0.00037777190132615114,,1,,,
2018-09-03 00:00:00+05:30,869.5,869.5,834.7,836.7,2059600,875.6666666666666,877.8,873.5333333333333,0.004872478111914715,,1,,,
2018-09-04 00:00:00+05:30,840.1,850.9,831.8,834.7,1116832,846.9666666666667,852.1,841.8333333333334,0.012121689165256386,,1,,,
2018-09-05 00:00:00+05:30,836.7,840.1,798.0,807.8,2087822,839.1333333333332,841.3499999999999,836.9166666666665,0.0052832287280528255,,1,,,
2018-09-06 00:00:00+05:30,811.7,823.5,807.3,809.8,1291958,815.2999999999998,819.05,811.5499999999997,0.009199067827793731,,1,,,
2018-09-07 00:00:00+05:30,816.6,818.6,797.1,802.9,1437822,813.5333333333333,815.4,811.6666666666666,0.00458903548307795,,1,,,
2018-09-10 00:00:00+05:30,803.4,803.4,780.9,783.4,1293424,806.1999999999999,807.85,804.5499999999998,0.004093277102456192,,1,,,
2018-09-11 00:00:00+05:30,787.8,799.5,772.1,775.0,1215746,789.2333333333332,792.15,786.3166666666665,0.00739113908012014,,1,845.3960000000001,920.0175299762743,770.7744700237258
2018-09-12 00:00:00+05:30,778.0,785.3,765.3,783.4,1389462,782.1999999999999,785.8,778.5999999999999,0.009204806954743091,595.428,1,841.8559999999999,919.4498983168133,764.2621016831864
2018-09-14 00:00:00+05:30,790.7,796.6,781.4,785.3,842082,778.0,775.3,780.7,0.006940874035989834,603.9211648,1,839.2719999999999,919.8668190890703,758.6771809109296
2018-09-17 00:00:00+05:30,780.4,780.4,766.2,768.2,944622,787.7666666666668,789.0,786.5333333333335,0.003131214826725091,603.9211648,1,835.808,920.7617835767188,750.8542164232812
2018-09-18 00:00:00+05:30,769.2,770.6,733.0,737.9,1662174,771.6,773.3,769.9000000000001,0.0044064282011403106,603.9211648,1,831.72,924.8924594502043,738.5475405497957
2018-09-19 00:00:00+05:30,708.5,711.0,670.8,676.7,11272176,747.1666666666666,751.8,742.5333333333333,0.012402409101048385,603.9211648,1,825.1840000000001,936.2874930864011,714.080506913599
2018-09-21 00:00:00+05:30,684.5,687.0,600.4,664.5,3926744,686.1666666666666,690.9,681.4333333333333,0.013796453728443086,603.9211648,1,819.0,946.734850373733,691.265149626267
2018-09-24 00:00:00+05:30,667.4,679.1,636.6,641.0,1560350,650.6333333333333,643.7,657.5666666666666,0.02131256724217413,603.9211648,1,811.448,956.84001760757,666.05598239243
2018-09-25 00:00:00+05:30,645.4,675.7,632.2,671.3,1926458,652.2333333333333,657.85,646.6166666666667,0.01722287524914399,603.9211648,1,805.44,960.7491162810476,650.1308837189525
2018-09-26 00:00:00+05:30,680.6,693.3,677.2,690.9,1400668,659.7333333333333,653.95,665.5166666666667,0.017532336297493845,603.9211648,1,800.1159999999999,961.5208691211014,638.7111308788983
2018-09-27 00:00:00+05:30,691.4,694.3,655.7,658.6,917764,687.1333333333333,685.25,689.0166666666667,0.0054817114582322475,603.9211648,1,792.8960000000001,962.6138315204386,623.1781684795616
2018-09-28 00:00:00+05:30,669.4,669.4,628.3,637.6,1270154,669.5333333333333,675.0,664.0666666666666,0.01632978193766812,603.9211648,1,784.52,963.1644782242091,605.8755217757908
2018-10-01 00:00:00+05:30,641.0,641.0,615.5,624.8,1056068,645.0999999999999,648.8499999999999,641.3499999999999,0.011626104479925594,603.9211648,1,774.2639999999999,958.8696890130959,589.6583109869039
2018-10-03 00:00:00+05:30,624.3,634.6,614.6,619.5,1000372,627.1,628.25,625.95,0.0036676766066017453,603.9211648,1,762.64,948.1632255002049,577.116774499795
2018-10-04 00:00:00+05:30,613.6,628.7,607.7,620.9,1004420,622.9,624.6,621.1999999999999,0.005458340022475664,603.9211648,1,750.172,930.1433178926018,570.2006821073983
2018-10-05 00:00:00+05:30,621.9,633.6,616.0,623.4,688898,619.1,618.2,620.0,0.0029074462930059027,603.9211648,1,739.2920000000001,915.6806973249702,562.9033026750301
2018-10-08 00:00:00+05:30,623.4,625.3,600.9,611.6,678450,624.3333333333334,624.8,623.8666666666668,0.0014949279231177253,603.9211648,1,728.8,903.1054606144048,554.4945393855951
2018-10-09 00:00:00+05:30,615.0,616.5,600.4,609.7,549878,612.5999999999999,613.0999999999999,612.0999999999999,0.0016323865491348355,603.9211648,1,717.88,886.3595061721153,549.4004938278847
2018-10-10 00:00:00+05:30,607.7,641.5,607.7,636.1,619512,608.8666666666667,608.45,609.2833333333333,0.0013686630898936672,603.9211648,1,708.4680000000001,867.6224328757445,549.3135671242557
2018-10-11 00:00:00+05:30,615.0,666.9,600.4,647.3,1119954,628.4333333333334,624.6,632.2666666666668,0.012199649923089284,603.9211648,1,700.8919999999999,852.774332560439,549.0096674395609
2018-10-12 00:00:00+05:30,656.6,665.0,654.2,657.6,493012,638.1999999999999,633.65,642.7499999999999,0.014258853024130226,603.9211648,1,693.808,836.2953655591955,551.3206344408045
2018-10-15 00:00:00+05:30,661.0,678.2,650.8,665.4,519234,658.9333333333334,659.6,658.2666666666668,0.0020234722784296705,603.9211648,1,688.112,823.1043176480789,553.119682351921
2018-10-16 00:00:00+05:30,669.4,675.7,663.5,667.4,343310,664.8000000000001,664.5,665.1000000000001,0.0009025270758124795,603.9211648,1,682.416,808.0842576309541,556.747742369046
2018-10-17 00:00:00+05:30,672.3,677.2,648.3,649.3,320452,668.8666666666667,669.6,668.1333333333333,0.00219276387919869,603.9211648,1,676.2719999999999,792.4372274305863,560.1067725694136
2018-10-19 00:00:00+05:30,648.8,648.8,636.6,639.5,269054,658.2666666666667,662.75,653.7833333333333,0.013621632570386922,603.9211648,1,670.5160000000001,778.8763127348748,562.1556872651254
2018-10-22 00:00:00+05:30,643.9,655.7,640.0,647.8,359560,641.6333333333333,642.7,640.5666666666666,0.003324848044054402,603.9211648,1,665.428,765.2992374209905,565.5567625790095
2018-10-23 00:00:00+05:30,640.5,660.6,638.0,656.6,543042,647.8333333333334,647.85,647.8166666666667,5.145356315920198e-05,603.9211648,1,660.3560000000001,747.8605704863459,572.8514295136544
2018-10-24 00:00:00+05:30,660.6,662.0,649.3,659.1,601748,651.7333333333332,649.3,654.1666666666665,0.0074672667757772525,603.9211648,1,655.308,726.4248935204558,584.1911064795441
2018-10-25 00:00:00+05:30,653.2,655.2,645.4,650.3,409784,656.8000000000001,655.65,657.9500000000002,0.003501827040195161,603.9211648,1,650.5920000000001,704.7540360030887,596.4299639969115
2018-10-26 00:00:00+05:30,645.4,655.7,637.1,648.8,391810,650.3,650.3,650.3,0.0,603.9211648,1,647.0279999999999,687.8152733092058,606.240726690794
2018-10-29 00:00:00+05:30,655.7,664.0,648.3,660.6,346768,647.2,646.4000000000001,648.0,0.0024721878862792165,603.9211648,1,646.384,685.7609752012501,607.00702479875
2018-10-30 00:00:00+05:30,660.6,673.8,651.3,658.1,771972,657.6333333333333,656.15,659.1166666666667,0.004511125753966289,603.9211648,1,646.128,685.1117923245016,607.1442076754985
2018-10-31 00:00:00+05:30,660.1,679.1,656.6,672.8,507304,661.0666666666666,662.55,659.5833333333333,0.004487696651875803,603.9211648,1,647.4,687.6849847958251,607.1150152041748
2018-11-01 00:00:00+05:30,678.2,691.9,672.8,683.5,535440,669.5,667.85,671.15,0.004929051530993211,603.9211648,1,647.8879999999999,689.5898875352167,606.1861124647832
2018-11-02 00:00:00+05:30,689.4,696.8,684.5,689.9,537812,682.7333333333332,682.3499999999999,683.1166666666666,0.001122937213162755,603.9211648,1,647.848,689.3863820580419,606.309617941958
2018-11-05 00:00:00+05:30,689.4,689.4,678.7,684.5,305166,690.4,690.65,690.15,0.0007242178447276941,603.9211648,1,648.8839999999999,692.6742520659548,605.093747934045
2018-11-06 00:00:00+05:30,686.5,690.9,668.4,673.8,192166,684.1999999999999,684.05,684.3499999999999,0.0004384682841273817,603.9211648,1,650.332,694.9207418974775,605.7432581025225
2018-11-09 00:00:00+05:30,681.1,681.1,670.8,674.7,234052,677.6999999999999,679.65,675.7499999999999,0.005754758742806686,603.9211648,1,652.328,696.6329259563747,608.0230740436252
2018-11-12 00:00:00+05:30,677.7,679.6,671.3,673.3,180858,675.5333333333334,675.95,675.1166666666668,0.001233593210302858,603.9211648,1,654.48,697.4025535121089,611.5574464878912
2018-11-13 00:00:00+05:30,672.3,673.8,665.4,669.4,168692,674.7333333333333,675.45,674.0166666666667,0.0021242960181801114,603.9211648,1,656.42,697.4381618310699,615.40183816893
2018-11-14 00:00:00+05:30,671.8,676.2,668.9,672.8,591872,669.5333333333333,669.5999999999999,669.4666666666667,0.00019914368216650215,603.9211648,1,658.3960000000001,697.5795263344156,619.2124736655845
2018-11-15 00:00:00+05:30,670.8,677.2,670.8,672.8,186874,672.6333333333333,672.55,672.7166666666667,0.0002477823479856422,603.9211648,1,660.8439999999999,695.4011332144294,626.2868667855705
2018-11-16 00:00:00+05:30,674.7,676.2,668.4,672.8,177010,673.6,674.0,673.2,0.0011876484560569395,603.9211648,1,663.3679999999999,691.1721562360705,635.5638437639294
2018-11-19 00:00:00+05:30,676.2,682.6,669.8,674.3,504538,672.4666666666666,672.3,672.6333333333332,0.0004956875185881693,603.9211648,1,664.8960000000001,690.6619918497196,639.1300081502806
2018-11-20 00:00:00+05:30,672.8,679.1,672.3,674.7,149620,675.5666666666667,676.2,674.9333333333334,0.001874969161691397,603.9211648,1,665.992,690.9904268304989,640.993573169501
2018-11-21 00:00:00+05:30,673.3,681.6,672.3,679.1,188902,675.3666666666667,675.7,675.0333333333333,0.0009871181086818159,603.9211648,1,666.852,692.114343200895,641.589656799105
2018-11-22 00:00:00+05:30,686.0,693.3,681.6,683.1,339252,677.6666666666666,676.95,678.3833333333332,0.0021151008362024102,603.9211648,1,667.56,693.6000307219442,641.5199692780557
2018-11-26 00:00:00+05:30,685.0,722.2,685.0,707.5,1365024,686.0,687.45,684.55,0.004227405247813544,603.9211648,1,669.164,699.545251060478,638.782748939522
2018-11-27 00:00:00+05:30,710.0,714.9,693.8,708.5,402550,704.9,703.6,706.1999999999999,0.0036884664491415933,603.9211648,1,671.5319999999999,704.4717860345173,638.5922139654825
2018-11-28 00:00:00+05:30,712.4,712.4,698.7,702.6,379394,705.7333333333332,704.3499999999999,707.1166666666666,0.003920272057434326,603.9211648,1,674.056,706.4568434458083,641.6551565541918
2018-11-29 00:00:00+05:30,706.5,714.9,704.6,712.4,294870,704.5666666666666,705.55,703.5833333333333,0.002791313809906842,603.9211648,1,676.64,710.5228570223907,642.7571429776093
2018-11-30 00:00:00+05:30,715.4,738.8,713.9,730.0,686384,710.6333333333333,709.75,711.5166666666667,0.002486045311693773,603.9211648,1,679.576,718.3687531376643,640.7832468623358
2018-12-03 00:00:00+05:30,734.9,751.6,733.0,749.1,426822,727.5666666666666,726.3499999999999,728.7833333333333,0.003344481605351254,603.9211648,1,683.176,729.6445796641101,636.70742033589
2018-12-04 00:00:00+05:30,750.1,765.3,747.2,757.9,427562,744.5666666666666,742.3,746.8333333333333,0.0060885526256882795,616.658605798395,1,687.48,740.4487303982239,634.5112696017761
2018-12-05 00:00:00+05:30,755.5,757.9,746.7,751.6,327196,756.8000000000001,756.25,757.3500000000001,0.0014534883720932034,616.658605798395,1,691.592,747.7746427288687,635.4093572711313
2018-12-06 00:00:00+05:30,748.1,760.4,729.5,744.2,633510,752.0666666666666,752.3,751.8333333333333,0.000620512365925047,616.658605798395,1,694.936,753.2531982866093,636.6188017133908
2018-12-07 00:00:00+05:30,749.1,756.5,740.3,744.2,209980,744.7000000000002,744.95,744.4500000000003,0.0006714113065660971,616.658605798395,1,698.38,757.7488403120668,639.0111596879332
2018-12-10 00:00:00+05:30,728.6,735.9,722.7,725.6,226750,747.0,748.4,745.6,0.003748326639892844,616.658605798395,1,700.492,759.8272487481065,641.1567512518934
2018-12-11 00:00:00+05:30,709.0,737.4,709.0,731.5,331400,728.0666666666666,729.3,726.8333333333333,0.0033879681347862337,616.658605798395,1,702.4119999999999,762.524968850321,642.2990311496789
2018-12-12 00:00:00+05:30,741.8,754.0,739.8,752.1,256936,725.9666666666667,723.2,728.7333333333333,0.007622021213095141,616.658605798395,1,704.9,767.8188683941444,641.9811316058556
2018-12-13 00:00:00+05:30,757.4,758.9,740.8,744.7,276430,748.6333333333333,746.9,750.3666666666667,0.004630660314350635,616.658605798395,1,707.308,771.5143154526069,643.1016845473931
2018-12-14 00:00:00+05:30,744.7,753.0,741.8,750.6,199090,748.1333333333332,749.8499999999999,746.4166666666665,0.004589199786134461,616.658605798395,1,710.38,775.22541618341,645.53458381659
2018-12-17 00:00:00+05:30,747.2,756.5,745.2,755.0,176808,748.4666666666667,747.4,749.5333333333334,0.0028502716665183567,616.658605798395,1,713.592,779.0024070007184,648.1815929992815
2018-12-18 00:00:00+05:30,754.0,768.2,747.6,765.3,399470,752.2333333333332,750.85,753.6166666666664,0.0036779368103865263,620.546921860961,1,717.2720000000002,783.5471481627891,650.9968518372112
2018-12-19 00:00:00+05:30,768.2,768.2,749.6,755.5,192550,760.3666666666668,757.9000000000001,762.8333333333335,0.006488097847529779,621.8330449865225,1,720.716,785.6166546654161,655.8153453345839
2018-12-20 00:00:00+05:30,749.1,755.5,742.3,743.7,152276,757.7666666666668,758.9000000000001,756.6333333333334,0.0029912462059560785,621.8330449865225,1,723.552,785.9787153068268,661.1252846931733
2018-12-21 00:00:00+05:30,748.6,751.6,699.2,732.5,1568548,747.1666666666666,748.9,745.4333333333333,0.004639750167298725,621.8330449865225,1,725.94,784.8888999049142,666.9911000950859
2018-12-24 00:00:00+05:30,727.6,738.4,715.8,717.3,222248,727.7666666666668,725.4000000000001,730.1333333333334,0.00650391609032201,621.8330449865225,1,727.7200000000001,782.6965913821473,672.743408617853
2018-12-26 00:00:00+05:30,714.4,714.4,699.7,703.6,309218,723.8333333333334,727.0999999999999,720.5666666666668,0.009026018880957507,621.8330449865225,1,728.8919999999999,780.4033943123225,677.3806056876774
2018-12-27 00:00:00+05:30,712.9,717.8,708.0,713.4,161312,705.9,707.05,704.75,0.003258251877036343,621.8330449865225,1,730.4400000000002,777.4756800737439,683.4043199262564
2018-12-28 00:00:00+05:30,718.3,733.5,715.8,729.5,248088,713.0666666666666,712.9,713.2333333333332,0.00046746447269996853,621.8330449865225,1,732.456,774.5809600118453,690.3310399881548
2018-12-31 00:00:00+05:30,733.0,737.4,718.3,722.7,161410,726.2666666666668,724.65,727.8833333333336,0.00445199192215932,621.8330449865225,1,734.04,771.3219312804413,696.7580687195587
2019-01-01 00:00:00+05:30,722.7,729.1,716.3,727.1,124404,726.1333333333332,727.8499999999999,724.4166666666665,0.004728240910760275,621.8330449865225,1,734.8240000000001,770.6358764657697,699.0121235342305
2019-01-02 00:00:00+05:30,727.1,732.0,721.7,723.2,117280,724.1666666666666,722.7,725.6333333333332,0.004050632911392175,621.8330449865225,1,735.4120000000001,769.9352360012724,700.8887639987279
2019-01-03 00:00:00+05:30,727.1,732.0,721.2,729.5,218530,725.6333333333333,726.85,724.4166666666666,0.0033533924387891875,621.8330449865225,1,736.488,768.4341206408469,704.5418793591532
2019-01-04 00:00:00+05:30,728.6,734.4,726.1,731.5,92258,727.5666666666666,726.6,728.5333333333332,0.0026572593576760437,621.8330449865225,1,737.2520000000001,767.737465126836,706.7665348731641
2019-01-07 00:00:00+05:30,734.9,734.9,721.7,724.2,79144,730.6666666666666,730.25,731.0833333333333,0.0011405109489050057,621.8330449865225,1,737.02,767.8094527395265,706.2305472604735
2019-01-08 00:00:00+05:30,722.7,726.6,714.4,715.8,119750,726.9333333333334,728.3,725.5666666666668,0.0037600880410855477,621.8330449865225,1,735.688,767.1457720762221,704.2302279237779
2019-01-09 00:00:00+05:30,718.8,722.7,715.8,720.7,115650,718.9333333333334,720.5,717.3666666666668,0.004358308605341078,621.8330449865225,1,734.2,764.8225015307299,703.5774984692702
2019-01-10 00:00:00+05:30,718.3,726.6,716.8,724.2,100888,719.7333333333332,719.25,720.2166666666665,0.00134309003334541,621.8330449865225,1,733.1039999999999,763.112184483563,703.0958155164368
2019-01-11 00:00:00+05:30,723.7,726.1,718.3,718.8,67100,722.5333333333334,721.7,723.3666666666668,0.0023066986528880915,621.8330449865225,1,732.0880000000001,762.2442501647597,701.9317498352405
2019-01-14 00:00:00+05:30,718.3,718.3,709.0,711.4,78992,721.0666666666666,722.2,719.9333333333332,0.0031434911242606495,621.8330449865225,1,730.7760000000001,761.557827366152,699.9941726338482
2019-01-15 00:00:00+05:30,715.4,715.4,708.5,710.5,86674,712.9,713.65,712.15,0.0021040819189227103,621.8330449865225,1,730.172,761.9139858231898,698.4300141768102
2019-01-16 00:00:00+05:30,709.0,712.9,706.5,708.0,78260,711.4666666666667,711.95,710.9833333333333,0.0013586956521739555,621.8330449865225,1,729.232,762.1317371418007,696.3322628581992
2019-01-17 00:00:00+05:30,711.9,712.4,706.1,708.5,75394,709.1333333333333,709.7,708.5666666666666,0.0015981949797876838,621.8330449865225,1,727.488,759.9737787962611,695.002221203739
2019-01-18 00:00:00+05:30,712.4,717.3,706.5,713.4,375526,709.0,709.25,708.75,0.0007052186177715092,621.8330449865225,1,726.2360000000001,758.3827077007836,694.0892922992166
2019-01-21 00:00:00+05:30,717.3,717.8,708.5,711.4,134360,712.4,711.9,712.9,0.001403705783267827,621.8330449865225,1,724.668,755.713397468862,693.622602531138
2019-01-22 00:00:00+05:30,719.8,724.7,710.5,714.4,376698,712.5666666666666,713.15,711.9833333333332,0.001637273705384398,621.8330449865225,1,723.0440000000001,751.7307819038602,694.35721809614
2019-01-23 00:00:00+05:30,711.4,714.4,698.7,700.7,332850,716.5333333333333,717.6,715.4666666666666,0.002977298101972608,621.8330449865225,1,720.46,744.7584114707045,696.1615885292956
2019-01-24 00:00:00+05:30,698.7,704.6,694.8,699.2,96832,704.6,706.55,702.6500000000001,0.005535055350553312,621.8330449865225,1,718.2079999999999,739.3266302586052,697.0893697413945
2019-01-25 00:00:00+05:30,703.6,703.6,682.1,684.0,130600,699.5333333333334,699.7,699.3666666666668,0.00047650814828922736,621.8330449865225,1,715.82,738.324257374988,693.3157426250121
2019-01-28 00:00:00+05:30,685.0,686.0,660.6,664.5,197074,689.9,692.85,686.9499999999999,0.008551964052761402,621.8330449865225,1,713.1,742.3186789571282,683.8813210428718
2019-01-29 00:00:00+05:30,665.0,672.8,654.2,666.4,115258,670.3666666666667,673.3,667.4333333333334,0.008751429565909045,621.8330449865225,1,711.064,745.4626920681549,676.6653079318451
2019-01-30 00:00:00+05:30,669.4,671.3,651.3,659.6,169334,664.4666666666667,663.5,665.4333333333334,0.002909601685562447,621.8330449865225,1,709.304,749.1252598494793,669.4827401505206
2019-01-31 00:00:00+05:30,662.5,663.0,650.3,654.7,191344,660.7333333333332,661.3,660.1666666666665,0.0017152658662094233,621.8330449865225,1,706.9559999999999,752.1007832645121,661.8112167354877
2019-02-01 00:00:00+05:30,658.6,662.0,649.3,653.7,216346,656.0,656.65,655.35,0.0019817073170731014,621.8330449865225,1,703.924,752.6451914468416,655.2028085531583
2019-02-04 00:00:00+05:30,653.7,653.7,643.4,649.3,116722,655.0,655.65,654.35,0.0019847328244274117,621.8330449865225,1,700.988,753.5263005435066,648.4496994564935
2019-02-05 00:00:00+05:30,653.2,656.1,645.9,654.7,159206,648.8,648.55,649.05,0.0007706535141800247,621.8330449865225,1,698.092,752.5019673221723,643.6820326778277
2019-02-06 00:00:00+05:30,657.6,657.6,644.9,647.8,257568,652.2333333333333,651.0,653.4666666666667,0.0037818776511473863,621.8330449865225,1,695.0759999999999,751.8904285899266,638.2615714100732
2019-02-07 00:00:00+05:30,647.8,655.7,647.3,648.8,158372,650.1,651.25,648.95,0.0035379172435009297,621.8330449865225,1,691.8479999999998,749.6340916138122,634.0619083861875
2019-02-08 00:00:00+05:30,648.8,649.8,643.9,646.4,137258,650.6,651.5,649.7,0.0027666769136181287,621.8330449865225,1,688.444,746.5112184283003,630.3767815716997
2019-02-11 00:00:00+05:30,646.4,647.3,634.1,636.1,151680,646.6999999999999,646.8499999999999,646.55,0.0004638936137311807,621.8330449865225,1,684.92,744.5518035950613,625.2881964049386
2019-02-12 00:00:00+05:30,642.4,642.4,634.1,635.6,79498,639.1666666666666,640.7,637.6333333333332,0.004797913950456584,621.8330449865225,1,681.712,742.96074712188,620.46325287812
2019-02-13 00:00:00+05:30,636.6,644.9,634.1,643.4,102716,637.3666666666667,638.25,636.4833333333333,0.0027718215574499003,621.8330449865225,1,678.62,739.4871208453303,617.7528791546697
2019-02-14 00:00:00+05:30,637.1,643.4,631.2,633.2,118518,640.8000000000001,639.5,642.1000000000001,0.004057428214731798,621.8330449865225,1,674.98,735.3909129214256,614.5690870785744
2019-02-15 00:00:00+05:30,635.6,638.0,626.8,633.6,90880,635.9333333333333,637.3,634.5666666666666,0.004298144459586983,621.8330449865225,1,671.572,731.3194557115205,611.8245442884795
2019-02-18 00:00:00+05:30,635.1,641.0,634.1,636.6,76608,632.8000000000001,632.4,633.2000000000002,0.0012642225031608437,621.8330449865225,1,668.58,727.5362006917012,609.6237993082989
2019-02-19 00:00:00+05:30,635.1,637.1,627.8,629.7,87488,637.2333333333332,637.55,636.9166666666665,0.000993879792854694,621.8330449865225,1,665.3480000000001,723.6124761754551,607.0835238245451
2019-02-20 00:00:00+05:30,629.7,643.4,629.7,639.0,231946,631.5333333333334,632.45,630.6166666666668,0.0029029874379815114,621.8330449865225,1,662.5880000000001,719.0174481986153,606.1585518013849
2019-02-21 00:00:00+05:30,642.4,649.8,637.1,647.8,206806,637.3666666666667,636.55,638.1833333333334,0.0025626274776425493,621.8330449865225,1,660.16,713.6242459967426,606.6957540032573
2019-02-22 00:00:00+05:30,649.8,660.6,645.4,646.9,223832,644.9,643.45,646.3499999999999,0.004496821212590888,621.8330449865225,1,657.5,706.5381076307012,608.4618923692988
2019-02-25 00:00:00+05:30,647.8,650.8,640.5,643.4,109108,650.9666666666667,653.0,648.9333333333334,0.006247119668185682,621.8330449865225,1,654.78,698.8494724270697,610.7105275729302
2019-02-26 00:00:00+05:30,642.4,648.8,634.1,647.3,248218,644.9,645.65,644.15,0.0023259420065126378,621.8330449865225,1,652.096,688.8863239453023,615.3056760546978
2019-02-27 00:00:00+05:30,648.3,656.1,643.4,648.8,179122,643.4,641.45,645.3499999999999,0.006061548026111072,621.8330449865225,1,650.02,681.0046929950951,619.0353070049049
2019-02-28 00:00:00+05:30,649.3,660.1,647.3,658.1,108676,649.4333333333333,649.75,649.1166666666666,0.0009752091567008769,621.8330449865225,1,648.376,672.3071198233661,624.4448801766339
2019-03-01 00:00:00+05:30,660.6,680.1,658.1,677.7,277520,655.1666666666666,653.7,656.6333333333332,0.004477232256423048,621.8330449865225,1,648.124,670.6401474502258,625.6078525497743
2019-03-05 00:00:00+05:30,681.1,713.4,680.6,707.5,460392,671.9666666666667,669.1,674.8333333333334,0.008532169254427326,621.8330449865225,1,649.844,681.7237279787689,617.9642720212312
2019-03-06 00:00:00+05:30,710.5,732.0,710.5,722.2,573582,700.5,697.0,704.0,0.009992862241256246,621.8330449865225,1,652.076,694.3867089990263,609.7652910009738
2019-03-07 00:00:00+05:30,723.2,729.5,714.9,718.3,380812,721.5666666666666,721.25,721.8833333333332,0.0008777197764122679,621.8330449865225,1,654.424,704.0302989548733,604.8177010451267
2019-03-08 00:00:00+05:30,717.3,717.3,706.5,714.9,200560,720.9,722.2,719.5999999999999,0.0036066028575393763,621.8330449865225,1,656.832,711.8115807914196,601.8524192085804
2019-03-11 00:00:00+05:30,719.3,721.2,715.8,719.3,281878,712.9,711.9,713.9,0.0028054425585636133,621.8330449865225,1,659.456,719.6058416955541,599.306158304446
2019-03-12 00:00:00+05:30,722.2,732.0,720.2,724.7,285372,718.7666666666668,718.5,719.0333333333335,0.0007420117794372726,624.9606636179032,1,662.472,727.634873355924,597.309126644076
2019-03-13 00:00:00+05:30,723.7,724.7,719.3,720.7,190490,725.6333333333333,726.1,725.1666666666666,0.001286232716247959,624.9606636179032,1,665.112,734.0404921059512,596.1835078940487
2019-03-14 00:00:00+05:30,719.3,726.1,717.3,724.2,175262,721.5666666666666,722.0,721.1333333333332,0.001201090220354028,624.9606636179032,1,668.168,740.4483590472554,595.8876409527446
2019-03-15 00:00:00+05:30,727.6,731.0,721.2,727.6,207068,722.5333333333334,721.7,723.3666666666668,0.0023066986528880915,630.1154888866491,1,671.32,746.7510068870895,595.8889931129106
2019-03-18 00:00:00+05:30,727.1,730.5,719.8,720.7,146018,726.6,726.1,727.1,0.0013762730525736305,630.1154888866491,1,674.2919999999999,751.3976816583584,597.1863183416415
2019-03-19 00:00:00+05:30,720.7,722.7,714.4,716.8,93336,723.6666666666666,725.15,722.1833333333333,0.00409949332105025,630.1154888866491,1,677.52,754.7167253191486,600.3232746808513
2019-03-20 00:00:00+05:30,714.4,716.8,709.5,711.0,128610,717.9666666666666,718.55,717.3833333333332,0.0016249593760157054,630.1154888866491,1,680.536,756.8323250491139,604.239674950886
2019-03-22 00:00:00+05:30,711.4,718.8,710.5,714.4,91138,712.4333333333334,713.15,711.7166666666668,0.0020118841529029614,630.1154888866491,1,683.3760000000001,759.2159426160124,607.5360573839878
2019-03-25 00:00:00+05:30,711.0,711.0,704.6,706.1,108098,714.5666666666666,714.65,714.4833333333332,0.00023324159164072743,630.1154888866491,1,686.2919999999999,759.7595747796265,612.8244252203733
2019-03-26 00:00:00+05:30,706.1,710.0,704.1,705.6,95278,707.2333333333332,707.8,706.6666666666665,0.0016024885704860813,630.1154888866491,1,689.172,759.739154285829,618.604845714171
2019-03-27 00:00:00+05:30,703.6,738.8,701.7,719.3,355570,706.5666666666666,707.05,706.0833333333333,0.0013681181299240888,630.1154888866491,1,692.48,760.5900051387457,624.3699948612543
2019-03-28 00:00:00+05:30,718.8,739.3,715.8,731.5,501668,719.9333333333334,720.25,719.6166666666668,0.0008797110843594945,630.1154888866491,1,696.5520000000001,761.2485623816285,631.8554376183718
2019-03-29 00:00:00+05:30,730.0,740.8,726.1,736.9,240000,728.8666666666667,727.55,730.1833333333334,0.0036129150278973376,635.7763611596521,1,700.4680000000001,762.5552088597958,638.3807911402043
2019-04-01 00:00:00+05:30,738.8,755.0,737.4,747.2,310454,734.6,733.45,735.75,0.0031309556221072073,647.3653067132659,1,704.4440000000001,765.2484493108842,643.6395506891159
2019-04-02 00:00:00+05:30,748.6,758.4,748.6,753.5,189724,746.5333333333334,746.2,746.8666666666668,0.0008930166101090495,655.4826944447353,1,708.7080000000001,767.6968374525202,649.71916254748
2019-04-03 00:00:00+05:30,755.5,757.4,746.7,750.1,198712,753.5,753.5,753.5,0.0,655.4826944447353,1,712.9759999999999,767.7347956039922,658.2172043960076
2019-04-04 00:00:00+05:30,749.1,753.0,744.2,748.1,84656,751.4,752.05,750.75,0.0017301038062283133,655.4826944447353,1,717.008,766.4119972471841,667.604002752816
2019-04-05 00:00:00+05:30,748.1,756.5,741.8,745.7,190014,748.4333333333334,748.6,748.2666666666668,0.000445374782879692,655.4826944447353,1,720.8840000000001,762.9316560107665,678.8363439892338
2019-04-08 00:00:00+05:30,745.7,749.6,721.7,732.5,274172,748.0,749.15,746.85,0.003074866310160367,655.4826944447353,1,723.8600000000001,757.3782815788595,690.3417184211407
2019-04-09 00:00:00+05:30,736.4,749.1,727.6,743.7,124386,734.6,735.6500000000001,733.55,0.0028586986114894314,655.4826944447353,1,726.5,755.0947127979927,697.9052872020073
2019-04-10 00:00:00+05:30,744.2,748.1,737.4,739.3,67536,740.1333333333333,738.35,741.9166666666666,0.0048189515402629335,655.4826944447353,1,727.7720000000002,755.6940354558847,699.8499645441157
2019-04-11 00:00:00+05:30,732.0,752.5,730.0,748.6,157312,741.6,742.75,740.45,0.003101402373246972,655.4826944447353,1,728.828,757.8042120367667,699.8517879632333
2019-04-12 00:00:00+05:30,748.1,762.3,744.2,757.9,178142,743.6999999999999,741.25,746.1499999999999,0.006588678230469092,655.4826944447353,1,730.4120000000001,761.1866555464014,699.6373444535989
2019-04-15 00:00:00+05:30,762.8,762.8,758.4,759.9,112780,754.8000000000001,753.25,756.3500000000001,0.004107048224695464,659.3082160359295,1,732.212,764.3794777376099,700.04452226239
2019-04-16 00:00:00+05:30,761.3,762.3,756.9,758.9,71854,760.3666666666667,760.5999999999999,760.1333333333334,0.0006137389855768746,660.8478873944923,1,733.796,767.1425910701472,700.4494089298529
2019-04-18 00:00:00+05:30,754.5,763.3,735.4,761.3,150978,759.3666666666667,759.5999999999999,759.1333333333334,0.0006145472103943676,660.8478873944923,1,735.26,770.0625746173988,700.4574253826012
2019-04-22 00:00:00+05:30,761.3,768.2,746.7,756.9,207730,753.3333333333334,749.3499999999999,757.3166666666668,0.010575221238938394,660.8478873944923,1,736.7079999999999,771.976112282905,701.4398877170947
2019-04-23 00:00:00+05:30,758.9,763.3,756.9,758.9,127218,757.2666666666668,757.45,757.0833333333335,0.0004841975526013212,660.8478873944923,1,738.096,774.0111658216914,702.1808341783086
2019-04-24 00:00:00+05:30,757.9,766.2,757.4,764.8,142226,759.6999999999999,760.0999999999999,759.3,0.0010530472554955306,661.2813232337794,1,739.584,776.6988565401994,702.4691434598005
2019-04-25 00:00:00+05:30,762.3,780.4,762.3,774.1,297910,762.7999999999998,761.8,763.7999999999997,0.00262191924488696,669.7840703044282,1,741.72,780.3570599295491,703.082940070451
2019-04-26 00:00:00+05:30,778.0,780.4,766.2,774.6,154288,772.2666666666665,771.3499999999999,773.1833333333332,0.0023739640883976925,671.8207074922511,1,744.0319999999999,783.3391889607938,704.7248110392061
2019-04-30 00:00:00+05:30,785.3,834.7,783.4,814.2,1597998,773.7333333333332,773.3,774.1666666666665,0.0011201102877820446,694.801879192561,1,748.16,793.8774277491584,702.4425722508415
2019-05-02 00:00:00+05:30,814.2,825.4,800.5,815.2,694042,810.7666666666668,809.05,812.4833333333336,0.004234674998972521,696.2998040248588,1,752.192,802.806177302407,701.577822697593
2019-05-03 00:00:00+05:30,817.1,823.5,792.7,798.5,214514,813.7000000000002,812.95,814.4500000000003,0.0018434312400150265,696.2998040248588,1,755.888,805.9913594083218,705.7846405916782
2019-05-06 00:00:00+05:30,794.6,799.5,783.9,786.8,157336,804.9,808.1,801.6999999999999,0.00795129829792532,696.2998040248588,1,759.1360000000001,806.2148234347403,712.0571765652599
2019-05-07 00:00:00+05:30,790.2,802.9,785.3,787.3,200258,790.0666666666666,791.7,788.4333333333332,0.004134672179563175,696.2998040248588,1,761.8559999999999,807.2413572862373,716.4706427137625
2019-05-08 00:00:00+05:30,787.3,799.0,779.0,784.8,193758,791.8333333333334,794.0999999999999,789.5666666666668,0.005725110503051663,696.2998040248588,1,763.988,808.4676517971916,719.5083482028085
2019-05-09 00:00:00+05:30,781.9,787.8,778.5,784.3,151322,787.6,789.0,786.2,0.003555104113763274,696.2998040248588,1,765.8839999999999,809.618093977118,722.1499060228819
2019-05-10 00:00:00+05:30,784.8,791.2,780.9,789.2,167208,783.5333333333333,783.15,783.9166666666666,0.0009784735812132879,696.2998040248588,1,767.564,811.5243050034844,723.6036949965155
2019-05-13 00:00:00+05:30,783.4,786.3,756.5,760.4,151450,787.1,786.05,788.1500000000001,0.0026680218523696306,696.2998040248588,1,767.84,811.5294495273101,724.1505504726899
2019-05-14 00:00:00+05:30,751.6,763.8,744.7,761.3,181116,767.7333333333332,771.4,764.0666666666665,0.009551927752692105,696.2998040248588,1,768.288,811.4673402450683,725.1086597549318
2019-05-15 00:00:00+05:30,766.2,779.5,759.4,766.7,96730,756.6,754.25,758.95,0.0062120010573619424,696.2998040248588,1,769.0319999999999,811.4281779409342,726.6358220590656
2019-05-16 00:00:00+05:30,768.2,773.1,758.9,762.3,82366,768.5333333333334,769.45,767.6166666666668,0.002385496183206008,696.2998040248588,1,769.6959999999999,811.1184858742128,728.2735141257871
2019-05-17 00:00:00+05:30,759.9,770.6,756.5,768.7,126386,764.7666666666668,766.0,763.5333333333335,0.003225384648912264,696.2998040248588,1,771.1439999999999,809.6956206663136,732.5923793336862
2019-05-20 00:00:00+05:30,785.3,799.5,778.0,789.2,182582,765.2666666666668,763.55,766.9833333333336,0.004486453523826493,696.2998040248588,1,772.964,810.4424366803012,735.4855633196989
2019-05-21 00:00:00+05:30,793.6,799.5,789.2,795.6,220716,788.9,788.75,789.05,0.0003802763341360813,696.2998040248588,1,775.2159999999999,811.062993960433,739.3690060395668
2019-05-22 00:00:00+05:30,797.1,821.0,797.1,818.1,517750,794.7666666666668,794.35,795.1833333333335,0.001048525772763685,696.2998040248588,1,777.9960000000001,815.8773085307162,740.114691469284
2019-05-23 00:00:00+05:30,823.0,841.6,821.5,837.2,902740,812.0666666666666,809.05,815.0833333333333,0.007429603480830765,705.2347805064676,1,781.1679999999999,824.6530492008377,737.6829507991621
2019-05-24 00:00:00+05:30,845.5,847.5,838.2,844.0,319830,833.4333333333334,831.55,835.3166666666668,0.004519457665080445,718.7033892862089,1,784.5319999999999,833.5724802586521,735.4915197413477
2019-05-27 00:00:00+05:30,849.4,849.4,829.8,838.2,203296,843.2333333333332,842.85,843.6166666666664,0.0009091987192154298,718.7033892862089,1,787.704,839.8618674410604,735.5461325589395
2019-05-28 00:00:00+05:30,840.6,854.8,833.3,847.5,175388,839.1333333333332,839.5999999999999,838.6666666666665,0.0011122586795901256,718.7033892862089,1,791.1519999999999,847.1290558711264,735.1749441288734
2019-05-29 00:00:00+05:30,844.5,854.3,836.7,847.0,207034,845.1999999999999,844.05,846.3499999999999,0.002721249408423988,719.8980834235233,1,794.7560000000001,853.0037764039041,736.5082235960961
2019-05-30 00:00:00+05:30,847.5,849.9,840.1,844.5,115758,846.0,845.5,846.5,0.001182033096926714,721.6781600865825,1,798.18,857.6452705366685,738.7147294633314
2019-05-31 00:00:00+05:30,845.5,852.8,842.1,851.4,225754,844.8333333333334,845.0,844.6666666666667,0.0003945551390805968,726.0650336831192,1,801.6440000000001,862.9874939989496,740.3005060010506
2019-06-03 00:00:00+05:30,854.3,859.2,845.5,856.8,237138,848.7666666666668,847.45,850.0833333333335,0.0031025409417587547,731.9844323357944,1,804.952,868.8629911048102,741.0410088951897
2019-06-04 00:00:00+05:30,854.8,871.9,854.8,869.5,356286,853.8333333333334,852.35,855.3166666666667,0.0034745266445442478,743.0110550423625,1,808.748,876.173576630824,741.3224233691761
2019-06-06 00:00:00+05:30,871.0,883.7,857.3,868.0,386808,865.4,863.3499999999999,867.45,0.0047376935521147865,747.582612840668,1,810.9,882.2067738717654,739.5932261282345
2019-06-07 00:00:00+05:30,869.0,877.8,857.7,873.9,181296,869.6666666666666,870.5,868.8333333333333,0.0019164430816405625,747.582612840668,1,813.2479999999999,888.7111379151376,737.7848620848623
2019-06-10 00:00:00+05:30,882.2,882.2,871.0,878.8,127854,869.8000000000001,867.75,871.8500000000001,0.004713727293630877,754.7804559939597,1,816.46,895.8712536105498,737.0487463894502
2019-06-11 00:00:00+05:30,878.8,891.5,874.4,886.6,339150,877.3333333333334,876.6,878.0666666666667,0.0016717325227963871,761.2152377542013,1,820.452,903.4507203756723,737.4532796243277
2019-06-12 00:00:00+05:30,886.6,898.4,882.2,893.9,229976,884.1666666666666,882.95,885.3833333333332,0.0027521206409046183,768.8986282440333,1,824.716,911.3378758513056,738.0941241486944
2019-06-13 00:00:00+05:30,891.0,912.1,879.8,910.6,415334,891.5,890.3,892.7,0.002692091979809412,770.360683114272,1,829.748,921.0020913274521,738.493908672548
2019-06-14 00:00:00+05:30,903.2,936.0,903.2,930.2,796732,900.8333333333334,895.95,905.7166666666667,0.010841813135985182,789.8502557897011,1,835.5840000000001,932.9240584343308,738.2439415656693
2019-06-17 00:00:00+05:30,929.2,939.5,918.4,927.7,332114,923.1333333333333,919.6,926.6666666666666,0.007655087744637762,798.482245558113,1,841.1240000000001,942.9362865669901,739.3117134330101
2019-06-18 00:00:00+05:30,905.7,905.7,864.6,869.0,2282134,928.5333333333334,928.95,928.1166666666668,0.0008974727168293267,798.482245558113,1,845.4680000000001,942.2769536354922,748.659046364508
2019-06-19 00:00:00+05:30,867.0,880.7,854.8,866.1,531740,879.7666666666668,885.1500000000001,874.3833333333334,0.01223809343386502,798.482245558113,1,849.66,940.4141205676019,758.905879432398
2019-06-20 00:00:00+05:30,867.0,878.8,865.1,874.9,214508,867.1999999999999,867.75,866.6499999999999,0.0012684501845020024,798.482245558113,1,853.988,938.6174004705151,769.358599529485
2019-06-21 00:00:00+05:30,874.9,909.6,874.9,899.3,437630,872.9333333333334,871.95,873.9166666666667,0.0022529402779899537,798.482245558113,1,859.4680000000001,937.0917843962711,781.844215603729
2019-06-24 00:00:00+05:30,905.2,934.1,898.4,928.7,550336,894.6,892.25,896.95,0.0052537446903644595,798.482245558113,1,865.868,938.7397387194702,792.9962612805299
2019-06-25 00:00:00+05:30,935.0,947.3,919.9,938.0,826018,920.4,916.25,924.55,0.009017818339852188,798.482245558113,1,871.82,942.9578380329251,800.682161967075
2019-06-26 00:00:00+05:30,935.0,953.2,934.6,950.7,548262,935.0666666666666,933.5999999999999,936.5333333333333,0.0031370312277200136,798.482245558113,1,878.0240000000001,948.5409773600561,807.5070226399441
2019-06-27 00:00:00+05:30,953.6,985.0,952.2,978.1,1112266,946.1666666666666,943.9000000000001,948.4333333333332,0.00479126299101611,813.630750917157,1,884.424,960.822267624329,808.0257323756709
2019-06-28 00:00:00+05:30,975.2,994.3,975.2,990.3,677960,971.7666666666668,968.6,974.9333333333335,0.006517339553390887,830.6315208804707,1,890.548,974.9483624636682,806.1476375363318
2019-07-01 00:00:00+05:30,1001.6,1008.0,993.8,999.6,486598,986.6,984.75,988.45,0.0037502533954997417,847.9902600452518,1,896.7720000000002,989.1005874688797,804.4434125311207
2019-07-02 00:00:00+05:30,1003.1,1006.0,953.2,961.0,589188,1000.4666666666667,1000.9,1000.0333333333334,0.000866262410874819,847.9902600452518,1,901.6840000000001,994.0917170803311,809.276282919669
2019-07-03 00:00:00+05:30,961.5,979.1,948.3,971.7,556684,973.4,979.6,967.1999999999999,0.012738853503184808,847.9902600452518,1,906.6519999999999,1000.2205608738237,813.0834391261761
2019-07-04 00:00:00+05:30,968.3,979.1,958.5,966.4,215444,966.3666666666668,963.7,969.0333333333335,0.00551895415818718,847.9902600452518,1,911.428,1004.5175744108782,818.3384255891218
2019-07-05 00:00:00+05:30,967.3,974.2,939.0,948.3,252272,968.0,968.8,967.2,0.0016528925619833771,847.9902600452518,1,915.58,1005.56634563087,825.59365436913
2019-07-08 00:00:00+05:30,941.4,941.9,905.7,914.5,473306,953.8333333333334,956.6,951.0666666666667,0.005801153241306975,847.9902600452518,1,918.1039999999999,1004.2039136817126,832.0040863182872
2019-07-09 00:00:00+05:30,913.5,946.3,912.5,934.6,387800,920.6999999999999,923.8,917.5999999999999,0.006734006734006784,847.9902600452518,1,921.216,1003.7792301693578,838.6527698306422
2019-07-10 00:00:00+05:30,939.0,950.7,924.8,934.1,183942,931.1333333333333,929.4,932.8666666666667,0.003723061502112154,847.9902600452518,1,923.8,1003.7287883055807,843.8712116944192
2019-07-11 00:00:00+05:30,935.5,939.5,918.4,921.8,198344,936.5333333333333,937.75,935.3166666666666,0.0025982346241458505,847.9902600452518,1,925.952,1002.5845282370242,849.3194717629758
2019-07-12 00:00:00+05:30,922.3,943.9,922.3,934.6,205432,926.5666666666666,928.95,924.1833333333332,0.005144440047487368,847.9902600452518,1,928.3800000000001,1002.051052659768,854.7089473402323
2019-07-15 00:00:00+05:30,940.9,943.9,924.8,929.2,206950,933.5999999999999,933.0999999999999,934.0999999999999,0.0010711225364181663,847.9902600452518,1,930.396,1001.2336053801812,859.5583946198187
2019-07-16 00:00:00+05:30,933.1,967.3,919.9,956.1,1782014,932.6333333333332,934.3499999999999,930.9166666666665,0.003681332427892413,847.9902600452518,1,933.176,1002.3559804567641,863.996019543236
2019-07-17 00:00:00+05:30,978.6,1021.7,976.1,996.7,2329750,947.7666666666665,943.5999999999999,951.9333333333332,0.008792600147715603,847.9902600452518,1,937.288,1008.8216747553083,865.7543252446917
2019-07-18 00:00:00+05:30,991.8,1053.0,991.8,1042.2,2265926,998.1666666666666,998.9000000000001,997.4333333333332,0.0014693604942396972,847.9902600452518,1,942.552,1024.1198391524392,860.9841608475609
2019-07-19 00:00:00+05:30,1053.9,1138.1,1052.0,1113.6,5216296,1029.0,1022.4,1035.6,0.012827988338192353,877.7696545138667,1,949.888,1055.219952531025,844.556047468975
2019-07-22 00:00:00+05:30,1100.9,1101.9,1047.1,1058.8,1124642,1101.2333333333333,1095.05,1107.4166666666667,0.011229833217301923,877.7696545138667,1,955.132,1068.286516940324,841.9774830596759
2019-07-23 00:00:00+05:30,1052.0,1058.8,1023.6,1030.0,780098,1069.2666666666667,1074.5,1064.0333333333333,0.009788640189538029,877.7696545138667,1,961.572,1072.6930585982604,850.4509414017397
2019-07-24 00:00:00+05:30,1027.0,1062.3,984.5,991.3,1854178,1037.4666666666667,1041.2,1033.7333333333333,0.00719701837810053,877.7696545138667,1,966.58,1071.129440935846,862.030559064154
2019-07-25 00:00:00+05:30,994.3,1025.1,991.8,1004.5,842452,1012.6999999999999,1023.4,1001.9999999999999,0.02113162832033188,877.7696545138667,1,971.7639999999999,1070.2948216549416,873.2331783450581
2019-07-26 00:00:00+05:30,1005.0,1060.3,1003.6,1054.4,1035756,1007.1333333333332,1008.4499999999999,1005.8166666666665,0.002614681935526683,877.7696545138667,1,977.9680000000001,1076.9972517592548,878.9387482407452
2019-07-29 00:00:00+05:30,1062.8,1066.2,1028.5,1044.2,516720,1039.4333333333334,1031.95,1046.9166666666667,0.01439887117980954,877.7696545138667,1,982.5880000000001,1082.7623970483369,882.4136029516633
2019-07-30 00:00:00+05:30,1047.6,1074.5,1014.3,1025.6,751242,1046.3,1047.35,1045.25,0.00200707254133605,877.7696545138667,1,986.092,1085.9103777868474,886.2736222131525
2019-07-31 00:00:00+05:30,1018.7,1044.2,1006.0,1032.4,612150,1038.1333333333334,1044.4,1031.8666666666668,0.012072951451322856,877.7696545138667,1,989.36,1089.6779106640374,889.0420893359626
2019-08-01 00:00:00+05:30,1037.3,1050.5,1022.1,1026.1,606146,1027.5333333333333,1025.1,1029.9666666666667,0.004736261597353002,877.7696545138667,1,991.28,1092.4957300027904,890.0642699972096
2019-08-02 00:00:00+05:30,1014.3,1049.5,1010.9,1033.9,616080,1032.8999999999999,1036.3,1029.4999999999998,0.006583405944428486,877.7696545138667,1,993.0240000000001,1095.605374995648,890.4426250043522
2019-08-05 00:00:00+05:30,1024.6,1028.0,982.5,987.4,850604,1031.4333333333334,1030.2,1032.6666666666667,0.0023914940374236793,877.7696545138667,1,992.536,1095.1036733478816,889.9683266521183
2019-08-06 00:00:00+05:30,986.9,1014.8,986.9,997.7,576242,999.3000000000001,1005.25,993.3500000000001,0.011908335835084423,877.7696545138667,1,994.0039999999999,1095.7716330470435,892.2363669529562
2019-08-07 00:00:00+05:30,996.7,1044.7,996.7,1019.2,935622,999.7999999999998,1000.8499999999999,998.7499999999998,0.00210042008401694,877.7696545138667,1,995.9040000000001,1097.7086675550672,894.0993324449331
2019-08-08 00:00:00+05:30,1027.0,1051.5,1024.1,1039.3,485046,1020.2000000000002,1020.7,1019.7000000000003,0.0009801999607917786,877.7696545138667,1,998.82,1101.2515107767024,896.3884892232977
2019-08-09 00:00:00+05:30,1047.1,1074.0,1043.2,1070.6,1063420,1038.3,1037.8,1038.8,0.0009631127805065974,877.7696545138667,1,1003.712,1107.695188179617,899.728811820383
2019-08-13 00:00:00+05:30,1075.5,1085.8,1056.9,1065.2,462878,1062.6,1058.6,1066.6,0.007528703180877095,877.7696545138667,1,1009.74,1109.7333757805866,909.7466242194135
2019-08-14 00:00:00+05:30,1070.6,1080.4,1048.6,1056.9,510874,1069.3,1071.35,1067.25,0.003834284111100635,877.7696545138667,1,1014.632,1111.3555023352521,917.9084976647478
2019-08-16 00:00:00+05:30,1056.9,1089.7,1052.5,1086.2,532060,1061.9666666666667,1064.5,1059.4333333333334,0.004771022317084597,877.7696545138667,1,1020.716,1115.5275382007774,925.9044617992225
2019-08-19 00:00:00+05:30,1093.1,1121.5,1092.6,1102.4,690376,1076.1333333333332,1071.1,1081.1666666666665,0.00935447899888484,877.7696545138667,1,1027.94,1118.9485007018434,936.9314992981567
2019-08-20 00:00:00+05:30,1112.7,1112.7,1086.2,1091.1,331780,1105.5,1107.05,1103.95,0.0028041610131161548,877.7696545138667,1,1034.2,1120.049225972034,948.350774027966
2019-08-21 00:00:00+05:30,1093.1,1094.6,1053.5,1056.9,586530,1096.6666666666667,1099.45,1093.8833333333334,0.005075987841945233,877.7696545138667,1,1039.308,1114.0352998575306,964.5807001424693
2019-08-22 00:00:00+05:30,1055.9,1056.4,1021.2,1027.0,465466,1068.3333333333333,1074.05,1062.6166666666666,0.010702028081123303,877.7696545138667,1,1042.144,1108.9905725074764,975.2974274925238
2019-08-23 00:00:00+05:30,1020.7,1051.0,996.7,1045.1,741750,1034.8666666666668,1038.8000000000002,1030.9333333333334,0.007601623397539252,877.7696545138667,1,1044.08,1108.3018405217201,979.8581594782797
2019-08-26 00:00:00+05:30,1075.0,1081.3,1051.5,1077.4,519148,1030.9333333333334,1023.85,1038.0166666666669,0.013741593378168833,877.7696545138667,1,1045.488,1111.0134532528946,979.9625467471056
2019-08-27 00:00:00+05:30,1090.2,1163.1,1087.7,1158.2,2055956,1070.0666666666668,1066.4,1073.7333333333336,0.0068531555666315035,877.7696545138667,1,1047.272,1121.9125684865626,972.6314315134373
2019-08-28 00:00:00+05:30,1156.7,1190.5,1135.2,1152.8,1680712,1136.3333333333333,1125.4,1147.2666666666664,0.019243179818128193,887.6576282789431,1,1051.032,1136.3267026725412,965.7372973274587
2019-08-29 00:00:00+05:30,1152.8,1178.7,1138.1,1168.4,788996,1159.5,1162.85,1156.15,0.005778352738249088,887.6576282789431,1,1056.568,1152.9311750410766,960.2048249589234
2019-08-30 00:00:00+05:30,1172.4,1245.8,1172.4,1225.7,1755444,1161.7333333333333,1158.4,1165.0666666666666,0.00573855158957866,922.897430221874,1,1065.9440000000002,1179.2115569437124,952.676443056288
2019-09-03 00:00:00+05:30,1236.9,1296.2,1231.1,1273.6,3194988,1214.6333333333332,1209.1,1220.1666666666665,0.00911111720958309,969.1555330129991,1,1076.708,1213.3146928960546,940.1013071039456
2019-09-04 00:00:00+05:30,1267.8,1269.2,1229.6,1236.0,1469136,1266.9666666666667,1263.65,1270.2833333333333,0.005235602094240742,969.1555330129991,1,1083.972,1233.7402638745502,934.2037361254498
2019-09-05 00:00:00+05:30,1246.2,1276.6,1240.4,1251.1,2023522,1244.9333333333334,1249.4,1240.4666666666667,0.007175752382992444,969.1555330129991,1,1092.2479999999998,1254.6442967065345,929.8517032934652
2019-09-06 00:00:00+05:30,1260.9,1269.7,1246.7,1254.1,502624,1256.0333333333333,1258.5,1253.5666666666666,0.003927708924922423,969.1555330129991,1,1101.388,1273.1991085581974,929.5768914418024
2019-09-09 00:00:00+05:30,1259.0,1273.6,1252.1,1271.2,672222,1256.8333333333333,1258.2,1255.4666666666665,0.002174777880917843,979.143041205557,1,1110.94,1292.6165741640807,929.2634258359195
2019-09-11 00:00:00+05:30,1282.9,1291.7,1273.6,1276.6,633272,1265.6333333333332,1262.85,1268.4166666666665,0.004398324949300698,1004.5513195573349,1,1120.96,1310.2852270565033,931.6347729434967
2019-09-12 00:00:00+05:30,1279.5,1295.7,1260.4,1279.5,519620,1280.6333333333334,1282.65,1278.6166666666668,0.003149483328561365,1004.5513195573349,1,1130.7839999999999,1326.403211162903,935.1647888370968
2019-09-13 00:00:00+05:30,1287.3,1289.3,1269.2,1280.0,310498,1278.5333333333335,1278.0500000000002,1279.0166666666669,0.0007560746688914617,1007.8376161040399,1,1142.488,1337.403294997587,947.5727050024132
2019-09-16 00:00:00+05:30,1280.0,1286.9,1258.0,1276.1,511480,1279.5,1279.25,1279.75,0.00039077764751856197,1007.8376161040399,1,1153.624,1345.9729186244524,961.2750813755475
2019-09-17 00:00:00+05:30,1270.2,1299.1,1224.7,1236.0,633936,1273.6666666666667,1272.45,1274.8833333333334,0.0019104946349123742,1007.8376161040399,1,1162.2959999999998,1349.0896057149603,975.5023942850393
2019-09-18 00:00:00+05:30,1243.8,1276.6,1236.9,1268.7,473286,1253.2666666666667,1261.9,1244.6333333333332,0.013777328581307686,1007.8376161040399,1,1171.472,1355.7165724139413,987.2274275860586
2019-09-19 00:00:00+05:30,1274.6,1281.5,1240.9,1252.6,336784,1260.7333333333333,1256.75,1264.7166666666667,0.0063190735550737905,1007.8376161040399,1,1178.7520000000002,1360.8484677965942,996.6555322034062
2019-09-20 00:00:00+05:30,1263.4,1360.2,1237.9,1341.7,1317434,1258.3333333333333,1261.2,1255.4666666666665,0.0045562913907286695,1007.8376161040399,1,1189.812,1376.5072281768225,1003.1167718231771
2019-09-23 00:00:00+05:30,1378.8,1428.8,1378.8,1419.9,1043540,1313.2666666666667,1299.0500000000002,1327.4833333333331,0.021650845220569273,1089.2615912305769,1,1204.3319999999999,1403.4695622628633,1005.1944377371365
2019-09-24 00:00:00+05:30,1413.1,1414.6,1394.5,1407.2,807702,1409.1666666666667,1403.8,1414.5333333333335,0.007616794795978882,1095.4811275813538,1,1217.172,1425.3746591184554,1008.9693408815447
2019-09-25 00:00:00+05:30,1403.3,1403.3,1369.1,1376.4,377828,1405.4333333333334,1404.55,1406.3166666666668,0.0012570263026825976,1095.4811275813538,1,1228.132,1439.8318155502163,1016.4321844497837
2019-09-26 00:00:00+05:30,1380.3,1401.3,1359.3,1368.1,598778,1382.9333333333332,1386.1999999999998,1379.6666666666665,0.004724257616660218,1095.4811275813538,1,1239.212,1450.0576066034944,1028.3663933965056
2019-09-27 00:00:00+05:30,1371.0,1382.3,1333.8,1346.5,475822,1376.2333333333333,1380.3,1372.1666666666667,0.005909850558287024,1095.4811275813538,1,1250.796,1451.899957037139,1049.692042962861
2019-09-30 00:00:00+05:30,1344.6,1363.7,1338.7,1345.6,381722,1354.2,1358.05,1350.3500000000001,0.00568601388273506,1095.4811275813538,1,1263.54,1445.7971458132583,1081.2828541867416
2019-10-01 00:00:00+05:30,1353.9,1357.8,1299.6,1318.2,457960,1349.3333333333333,1351.2,1347.4666666666665,0.002766798418972512,1095.4811275813538,1,1274.464,1434.4133707896196,1114.5146292103802
2019-10-03 00:00:00+05:30,1306.4,1320.6,1272.7,1299.6,370906,1325.1999999999998,1328.6999999999998,1321.6999999999998,0.005282221551463931,1095.4811275813538,1,1283.3519999999999,1421.7551458601833,1144.9488541398164
2019-10-04 00:00:00+05:30,1299.6,1307.4,1276.1,1285.9,491728,1297.6333333333334,1296.65,1298.6166666666668,0.0015155796449947572,1095.4811275813538,1,1288.46,1417.0913305536221,1159.828669446378
2019-10-07 00:00:00+05:30,1285.9,1323.6,1265.8,1292.7,732754,1289.8,1291.75,1287.85,0.0030237246084664996,1095.4811275813538,1,1294.056,1410.1553240979256,1177.9566759020745
2019-10-09 00:00:00+05:30,1304.0,1344.1,1289.8,1300.6,1030532,1294.033333333333,1294.6999999999998,1293.3666666666663,0.0010303701604802698,1095.4811275813538,1,1299.344,1403.4965047994292,1195.191495200571
2019-10-10 00:00:00+05:30,1303.0,1326.0,1301.5,1307.9,586358,1311.4999999999998,1316.9499999999998,1306.0499999999997,0.00831109416698444,1095.4811275813538,1,1302.632,1402.3739826552246,1202.8900173447755
2019-10-11 00:00:00+05:30,1316.2,1320.6,1301.5,1309.4,314588,1311.8,1313.75,1309.85,0.002973014178990769,1095.4811275813538,1,1304.0639999999999,1403.123236903961,1205.0047630960387
2019-10-14 00:00:00+05:30,1317.2,1324.5,1308.4,1312.8,457682,1310.5,1311.05,1309.95,0.0008393742846241199,1095.4811275813538,1,1307.136,1402.246258205911,1212.0257417940888
2019-10-15 00:00:00+05:30,1311.3,1318.2,1297.6,1299.1,468690,1315.2333333333333,1316.45,1314.0166666666667,0.0018501153154066913,1095.4811275813538,1,1309.056,1401.4634816018436,1216.6485183981565
2019-10-16 00:00:00+05:30,1306.9,1310.8,1302.0,1306.4,430024,1304.9666666666667,1307.9,1302.0333333333333,0.0044956448440574125,1095.4811275813538,1,1311.148,1400.81147965585,1221.4845203441498
2019-10-17 00:00:00+05:30,1310.3,1313.8,1301.5,1305.0,357916,1306.4,1306.4,1306.4,0.0,1095.4811275813538,1,1312.5,1400.7209770972588,1224.2790229027412
2019-10-18 00:00:00+05:30,1310.3,1406.2,1282.9,1384.7,2598026,1306.7666666666667,1307.65,1305.8833333333332,0.001351937351733448,1095.4811275813538,1,1316.8239999999998,1408.1256850665693,1225.5223149334304
2019-10-22 00:00:00+05:30,1388.1,1476.7,1385.2,1450.8,1613690,1357.9333333333334,1344.5500000000002,1371.3166666666666,0.019711326034660335,1123.2030068822337,1,1323.6760000000002,1427.5857497638938,1219.7662502361065
2019-10-23 00:00:00+05:30,1455.7,1497.7,1417.5,1482.1,1060428,1437.5666666666666,1430.95,1444.1833333333332,0.00920537018573037,1139.7068866069442,1,1331.76,1451.1179624490755,1212.4020375509244
2019-10-24 00:00:00+05:30,1503.1,1507.5,1433.6,1441.0,919446,1465.7666666666664,1457.6,1473.933333333333,0.011143201510017306,1144.6806111426663,1,1338.356,1462.7985532364025,1213.9134467635974
2019-10-25 00:00:00+05:30,1441.0,1442.0,1384.2,1392.1,906548,1460.7,1470.55,1450.8500000000001,0.013486684466351625,1144.6806111426663,1,1344.6,1463.4102083155938,1225.789791684406
2019-10-27 00:00:00+05:30,1411.6,1484.0,1405.3,1467.9,690950,1406.0999999999997,1413.1,1399.0999999999995,0.00995661759476599,1144.6806111426663,1,1352.568,1476.5544601639822,1228.5815398360178
2019-10-29 00:00:00+05:30,1473.8,1473.8,1436.6,1446.9,847852,1452.4000000000003,1444.65,1460.1500000000005,0.010671991187001137,1144.6806111426663,1,1360.34,1482.6339671447233,1238.0460328552765
2019-10-30 00:00:00+05:30,1445.9,1465.0,1428.8,1434.1,659420,1452.4333333333332,1455.1999999999998,1449.6666666666665,0.0038096986666054464,1144.6806111426663,1,1364.036,1489.3997380425244,1238.6722619574757
2019-10-31 00:00:00+05:30,1445.4,1447.8,1426.3,1438.0,493682,1442.6333333333332,1446.9,1438.3666666666663,0.005915108944291984,1144.6806111426663,1,1364.76,1491.6061745579846,1237.9138254420154
2019-11-01 00:00:00+05:30,1443.4,1443.4,1422.4,1426.3,403432,1437.3666666666668,1437.05,1437.6833333333336,0.00044062057930034095,1144.6806111426663,1,1365.524,1493.6074887719515,1237.4405112280483
2019-11-04 00:00:00+05:30,1433.6,1433.6,1406.7,1415.5,460034,1430.7,1432.9,1428.5,0.0030754176277347387,1144.6806111426663,1,1367.0880000000002,1496.611302243244,1237.5646977567565
2019-11-05 00:00:00+05:30,1419.5,1475.7,1410.2,1444.9,2443486,1418.6000000000001,1420.15,1417.0500000000002,0.002185253066403432,1144.6806111426663,1,1370.16,1503.2281269124753,1237.0918730875248
2019-11-06 00:00:00+05:30,1444.4,1446.9,1404.8,1409.2,1472294,1443.6000000000001,1442.95,1444.2500000000002,0.0009005264616238444,1144.6806111426663,1,1372.6680000000001,1506.2204552525884,1239.1155447474118
2019-11-07 00:00:00+05:30,1418.0,1459.6,1389.1,1448.8,2544660,1420.3,1425.85,1414.75,0.007815250299232492,1144.6806111426663,1,1376.7959999999998,1513.0980232278102,1240.4939767721894
2019-11-08 00:00:00+05:30,1457.6,1560.4,1449.3,1533.0,4525822,1432.5,1424.35,1440.65,0.011378708551483548,1159.964587068338,1,1385.388,1532.4850544368394,1238.2909455631604
2019-11-11 00:00:00+05:30,1539.3,1613.7,1536.9,1607.3,2827102,1514.2333333333333,1504.85,1523.6166666666668,0.01239351046734335,1221.6140035856047,1,1397.6960000000001,1564.229037971432,1231.1629620285682
2019-11-13 00:00:00+05:30,1625.9,1753.2,1621.5,1727.2,3532352,1585.966666666667,1575.3000000000002,1596.6333333333337,0.013451312553857888,1306.9594434421801,1,1415.348,1619.9422491469252,1210.7537508530747
2019-11-14 00:00:00+05:30,1776.2,1812.4,1698.8,1731.1,3170720,1700.6333333333332,1687.35,1713.9166666666665,0.0156216311570199,1358.617065704493,1,1432.8840000000002,1665.6367627676932,1200.1312372323073
2019-11-15 00:00:00+05:30,1740.9,1748.3,1672.9,1680.2,1850508,1747.4333333333332,1755.6,1739.2666666666664,0.009347042328748919,1358.617065704493,1,1448.068,1693.50275040017,1202.63324959983
2019-11-18 00:00:00+05:30,1679.3,1679.8,1649.9,1655.8,1045884,1700.4666666666665,1710.6,1690.333333333333,0.011918296938095551,1358.617065704493,1,1461.9840000000002,1713.428783155256,1210.5392168447443
2019-11-19 00:00:00+05:30,1663.6,1731.1,1662.1,1721.4,1655346,1661.8333333333333,1664.85,1658.8166666666666,0.0036305285327449424,1358.617065704493,1,1478.464,1741.4858295427082,1215.4421704572917
2019-11-20 00:00:00+05:30,1737.5,1754.6,1716.9,1741.4,1214150,1704.8666666666668,1696.6,1713.1333333333337,0.009697728072576794,1358.617065704493,1,1495.608,1768.8758915350159,1222.340108464984
2019-11-21 00:00:00+05:30,1751.2,1823.6,1751.2,1810.4,2326514,1737.6333333333332,1735.75,1739.5166666666664,0.0021676993611999605,1385.6926747635891,1,1516.06,1803.5991813301155,1228.5208186698844
2019-11-22 00:00:00+05:30,1818.7,1846.1,1768.3,1781.0,1860228,1795.0666666666668,1787.4,1802.7333333333336,0.00854192973334332,1399.7769677730453,1,1535.0439999999999,1827.3365826222637,1242.751417377736
2019-11-25 00:00:00+05:30,1774.7,1774.7,1712.5,1723.3,1322802,1798.4666666666665,1807.1999999999998,1789.7333333333331,0.00971197686918488,1399.7769677730453,1,1551.776,1837.2901455269646,1266.2618544730356
2019-11-26 00:00:00+05:30,1740.9,1772.2,1652.4,1718.9,14346580,1736.8333333333333,1743.6,1730.0666666666666,0.0077919585452451605,1399.7769677730453,1,1565.144,1849.4081030028108,1280.8798969971892
2019-11-27 00:00:00+05:30,1762.5,1772.2,1731.1,1750.2,1315316,1714.5,1712.3000000000002,1716.6999999999998,0.0025663458734322755,1399.7769677730453,1,1577.12,1866.2908311707672,1287.9491688292326
2019-11-28 00:00:00+05:30,1740.9,1771.7,1737.0,1758.0,911276,1751.1666666666667,1751.65,1750.6833333333334,0.0005520129437518018,1399.7769677730453,1,1588.156,1882.9827292088562,1293.3292707911437
2019-11-29 00:00:00+05:30,1758.0,1768.3,1693.0,1698.8,1366324,1755.5666666666666,1754.35,1756.7833333333333,0.001386067176790055,1399.7769677730453,1,1598.4679999999998,1890.000852186494,1306.9351478135056
2019-12-02 00:00:00+05:30,1697.9,1704.7,1616.2,1634.3,1708360,1720.0333333333335,1730.65,1709.416666666667,0.012344722001511474,1399.7769677730453,1,1608.156,1887.4539832651717,1328.8580167348282
2019-12-03 00:00:00+05:30,1627.9,1675.4,1618.6,1653.3,1798590,1651.7333333333333,1660.45,1643.0166666666667,0.010554568937681664,1399.7769677730453,1,1615.5720000000001,1889.3711469380285,1341.7728530619718
2019-12-04 00:00:00+05:30,1608.3,1645.0,1572.6,1604.9,3710998,1649.1000000000001,1647.0,1651.2000000000003,0.002546843732945408,1399.7769677730453,1,1621.8919999999998,1886.9813942503017,1356.802605749698
2019-12-05 00:00:00+05:30,1524.7,1559.9,1523.2,1537.4,6213760,1607.5,1608.8,1606.2,0.0016174183514773928,1399.7769677730453,1,1626.024,1882.3514922750032,1369.6965077249965
2019-12-06 00:00:00+05:30,1549.1,1568.2,1525.1,1528.6,2565862,1540.1666666666667,1541.5500000000002,1538.7833333333333,0.0017963423871876715,1399.7769677730453,1,1629.648,1877.6669419862762,1381.6290580137236
2019-12-09 00:00:00+05:30,1535.9,1543.7,1419.5,1433.2,3811990,1540.6333333333332,1546.65,1534.6166666666663,0.0078106406456222065,1399.7769677730453,1,1629.924,1877.0509230496586,1382.7970769503413
2019-12-10 00:00:00+05:30,1424.3,1455.2,1361.2,1388.1,6681080,1465.4666666666665,1481.6,1449.333333333333,0.022018014739332327,1868.1848704565998,-1,1628.828,1879.9596436930876,1377.6963563069123
2019-12-11 00:00:00+05:30,1402.3,1463.5,1390.6,1453.7,3863736,1401.5,1408.2,1394.8,0.009561184445237311,1868.1848704565998,-1,1629.18,1879.3020821918608,1379.0579178081393
2019-12-12 00:00:00+05:30,1481.1,1488.4,1456.2,1470.3,2068694,1435.9333333333334,1427.05,1444.8166666666668,0.012372904963090356,1868.1848704565998,-1,1631.624,1874.1800308382208,1389.0679691617793
2019-12-13 00:00:00+05:30,1478.2,1507.0,1474.7,1501.2,1585838,1471.6333333333334,1472.3000000000002,1470.9666666666667,0.0009060227864731827,1868.1848704565998,-1,1633.72,1870.763422182502,1396.6765778174981
2019-12-16 00:00:00+05:30,1506.5,1520.7,1501.7,1508.5,998370,1494.3,1490.85,1497.75,0.004617546677374082,1868.1848704565998,-1,1632.74,1871.636268702531,1393.843731297469
2019-12-17 00:00:00+05:30,1520.2,1521.7,1485.5,1514.4,1334534,1510.3,1511.2,1509.3999999999999,0.0011918161954579765,1868.1848704565998,-1,1629.024,1872.2385935095012,1385.8094064904985
2019-12-18 00:00:00+05:30,1520.2,1520.2,1501.2,1511.0,875900,1507.2,1503.6,1510.8000000000002,0.004777070063694449,1868.1848704565998,-1,1620.376,1864.385772132167,1376.366227867833
2019-12-19 00:00:00+05:30,1510.5,1517.8,1503.1,1509.0,664924,1510.8,1510.7,1510.8999999999999,0.00013238019592256957,1868.1848704565998,-1,1611.4919999999997,1854.9016065154208,1368.0823934845787
2019-12-20 00:00:00+05:30,1516.8,1565.8,1512.4,1559.9,2109998,1509.9666666666665,1510.4499999999998,1509.4833333333331,0.000640190732687276,1868.1848704565998,-1,1606.68,1849.2210612659064,1364.1389387340937
2019-12-23 00:00:00+05:30,1560.9,1570.6,1537.9,1549.6,1069198,1546.0333333333335,1539.1,1552.9666666666672,0.008969189970031204,1868.1848704565998,-1,1602.4319999999998,1845.1030545244162,1359.7609454755834
2019-12-24 00:00:00+05:30,1549.6,1557.9,1537.9,1542.3,567850,1552.7,1554.25,1551.15,0.0019965221871577955,1868.1848704565998,-1,1595.2680000000003,1834.010423343637,1356.5255766563635
2019-12-26 00:00:00+05:30,1546.7,1551.1,1527.6,1547.2,707094,1546.0333333333335,1547.9,1544.166666666667,0.0024147819150081634,1868.1848704565998,-1,1587.5,1819.2531721465584,1355.7468278534416
2019-12-27 00:00:00+05:30,1556.0,1576.5,1538.8,1553.0,1368650,1541.9666666666665,1539.35,1544.583333333333,0.003393934153353805,1868.1848704565998,-1,1577.204,1790.5732497432384,1363.8347502567615
2019-12-30 00:00:00+05:30,1553.0,1569.7,1546.7,1553.0,541272,1556.1000000000001,1557.65,1554.5500000000002,0.0019921598868966705,1868.1848704565998,-1,1568.0839999999998,1764.6602523195324,1371.5077476804672
2019-12-31 00:00:00+05:30,1553.5,1555.0,1529.5,1536.9,642638,1556.4666666666665,1558.2,1554.733333333333,0.002227266886538197,1868.1848704565998,-1,1560.628,1746.9629802479196,1374.2930197520802
2020-01-01 00:00:00+05:30,1535.9,1544.2,1521.7,1526.1,435310,1540.4666666666665,1542.25,1538.683333333333,0.002315315705197815,1868.1848704565998,-1,1552.9160000000002,1728.0318764247056,1377.8001235752947
2020-01-02 00:00:00+05:30,1523.2,1542.8,1517.8,1523.2,644782,1530.6666666666667,1532.95,1528.3833333333334,0.0029834494773518768,1868.1848704565998,-1,1543.836,1699.5591993506196,1388.1128006493805
2020-01-03 00:00:00+05:30,1522.7,1545.7,1520.2,1532.5,684400,1527.9333333333334,1530.3,1525.5666666666668,0.0030978663990574116,1867.4002205857043,-1,1534.816,1663.6811969151986,1405.9508030848015
2020-01-06 00:00:00+05:30,1518.8,1521.7,1458.1,1471.3,1206376,1532.8,1532.95,1532.6499999999999,0.00019572025052203934,1831.8042117622763,-1,1525.7160000000001,1638.0457101215568,1413.3862898784434
2020-01-07 00:00:00+05:30,1480.1,1512.9,1477.2,1486.5,764634,1483.7,1489.9,1477.5,0.00835748466671166,1831.8042117622763,-1,1519.8039999999999,1623.9084779824238,1415.6995220175759
2020-01-08 00:00:00+05:30,1453.2,1493.3,1442.0,1489.4,745164,1492.2,1495.0500000000002,1489.35,0.00381986328910352,1808.2950015601139,-1,1513.2479999999998,1602.479906759819,1424.0160932401807
2020-01-09 00:00:00+05:30,1511.9,1524.7,1496.3,1504.1,567604,1474.9000000000003,1467.65,1482.1500000000005,0.009831174994915216,1808.2950015601139,-1,1509.2160000000001,1590.2510576972281,1428.180942302772
2020-01-10 00:00:00+05:30,1501.2,1505.6,1474.7,1479.1,728918,1508.3666666666668,1510.5,1506.2333333333336,0.0028286667697949817,1808.2950015601139,-1,1506.884,1587.8960322914634,1425.8719677085367
2020-01-13 00:00:00+05:30,1484.0,1493.8,1467.4,1470.8,643896,1486.4666666666665,1490.15,1482.7833333333328,0.004955823653406676,1806.7879105002887,-1,1504.5720000000001,1586.2692659517634,1422.8747340482369
2020-01-14 00:00:00+05:30,1476.7,1514.9,1471.3,1509.0,933256,1477.3333333333333,1480.6,1474.0666666666666,0.004422382671480124,1806.7879105002887,-1,1507.604,1583.93076028755,1431.2772397124502
2020-01-15 00:00:00+05:30,1514.9,1542.3,1510.5,1538.8,733022,1498.3999999999999,1493.1,1503.6999999999998,0.007074212493326155,1806.7879105002887,-1,1513.632,1573.2234818073275,1454.0405181926726
2020-01-16 00:00:00+05:30,1547.6,1565.8,1545.2,1558.4,742112,1530.5333333333335,1526.4,1534.666666666667,0.005401167349072357,1806.7879105002887,-1,1517.82,1574.6263376745324,1461.0136623254675
2020-01-17 00:00:00+05:30,1564.8,1570.6,1556.5,1567.2,486016,1556.4666666666665,1555.5,1557.433333333333,0.0012421296097997212,1806.7879105002887,-1,1521.6960000000001,1578.226557541855,1465.1654424581452
2020-01-20 00:00:00+05:30,1575.1,1577.5,1538.4,1558.4,520502,1564.7666666666667,1563.55,1565.9833333333333,0.0015550774343352964,1806.7879105002887,-1,1523.9840000000002,1581.6303335867335,1466.3376664132668
2020-01-21 00:00:00+05:30,1550.1,1556.0,1523.7,1527.1,724472,1558.1000000000001,1557.95,1558.2500000000002,0.0001925421988320274,1806.7879105002887,-1,1524.728,1582.0348797265472,1467.421120273453
2020-01-22 00:00:00+05:30,1541.8,1566.7,1508.0,1526.1,1320400,1535.5999999999997,1539.85,1531.3499999999995,0.005535295649909127,1806.7879105002887,-1,1525.1960000000001,1582.3487491551627,1468.0432508448375
2020-01-23 00:00:00+05:30,1523.2,1556.0,1523.2,1548.1,871544,1533.5999999999997,1537.35,1529.8499999999995,0.004890453834116104,1806.7879105002887,-1,1526.68,1584.2066755513729,1469.1533244486272
2020-01-24 00:00:00+05:30,1549.1,1558.4,1533.9,1541.3,1010980,1542.4333333333332,1539.6,1545.2666666666664,0.003673848680656008,1806.7879105002887,-1,1527.9720000000002,1585.3028578689778,1470.6411421310227
2020-01-27 00:00:00+05:30,1536.4,1538.8,1518.8,1527.1,345716,1544.5333333333335,1546.15,1542.916666666667,0.002093404696132459,1806.7879105002887,-1,1526.66,1582.4897411779145,1470.8302588220856
2020-01-28 00:00:00+05:30,1532.0,1546.2,1526.6,1533.5,524968,1528.2333333333333,1528.8,1527.6666666666667,0.0007415970510610588,1806.7879105002887,-1,1526.016,1581.139386833475,1470.892613166525
2020-01-29 00:00:00+05:30,1536.9,1539.3,1519.3,1526.1,266558,1535.4333333333334,1536.4,1534.4666666666667,0.0012591450839068627,1806.7879105002887,-1,1525.368,1580.0898631261118,1470.646136873888
2020-01-30 00:00:00+05:30,1527.6,1537.4,1515.4,1532.0,449614,1528.2333333333333,1529.3,1527.1666666666667,0.0013959473902326513,1803.0878391080744,-1,1524.76,1578.8319816540222,1470.6880183459778
2020-01-31 00:00:00+05:30,1527.1,1533.9,1517.8,1524.7,392250,1528.2666666666667,1526.4,1530.1333333333332,0.0024428546501481774,1795.9783255437512,-1,1523.6280000000002,1576.4584312304278,1470.7975687695725
2020-02-01 00:00:00+05:30,1524.7,1549.1,1462.5,1467.4,725558,1525.4666666666665,1525.85,1525.083333333333,0.0005025784459401794,1789.3711925220014,-1,1520.204,1575.9891157208888,1464.4188842791111
2020-02-03 00:00:00+05:30,1441.0,1485.0,1437.1,1477.2,635012,1493.0,1505.8,1480.2,0.017146684527796323,1746.6903448211212,-1,1517.816,1575.6127384546305,1460.0192615453695
2020-02-04 00:00:00+05:30,1484.5,1542.3,1484.5,1530.0,748718,1466.4333333333334,1461.05,1471.8166666666668,0.007342077148637428,1746.6903448211212,-1,1517.9720000000002,1575.8782834586455,1460.065716541355
2020-02-05 00:00:00+05:30,1539.3,1551.1,1524.7,1532.0,724240,1518.9333333333334,1513.4,1524.4666666666667,0.007285814606741533,1746.6903448211212,-1,1518.3239999999998,1576.459655978005,1460.1883440219947
2020-02-06 00:00:00+05:30,1539.3,1602.0,1520.2,1593.6,1932304,1535.9333333333334,1537.9,1533.9666666666667,0.0025608750379791183,1746.6903448211212,-1,1520.7679999999998,1585.809100113643,1455.7268998863567
2020-02-07 00:00:00+05:30,1606.4,1622.5,1581.4,1591.7,1194750,1571.9333333333332,1561.1,1582.7666666666664,0.013783451376224512,1746.6903448211212,-1,1525.5839999999998,1593.0454836480262,1458.1225163519734
2020-02-10 00:00:00+05:30,1594.6,1602.9,1574.6,1586.3,546502,1598.5333333333335,1601.95,1595.116666666667,0.004274751855867689,1746.6903448211212,-1,1529.576,1599.0938199887837,1460.0581800112163
2020-02-11 00:00:00+05:30,1599.5,1641.6,1592.2,1596.6,1194614,1587.9333333333334,1588.75,1587.1166666666668,0.0010285906209327924,1746.6903448211212,-1,1533.864,1606.1113280889535,1461.6166719110465
2020-02-12 00:00:00+05:30,1602.5,1625.0,1599.5,1612.7,614000,1610.1333333333332,1616.9,1603.3666666666663,0.00840510102683034,1746.6903448211212,-1,1538.208,1615.6474611551043,1460.7685388448958
2020-02-13 00:00:00+05:30,1613.7,1618.6,1593.6,1607.3,413392,1612.3999999999999,1612.25,1612.5499999999997,0.00018605805011146564,1746.6903448211212,-1,1543.336,1621.415936065502,1465.2560639344981
2020-02-14 00:00:00+05:30,1615.2,1622.5,1593.6,1598.0,414046,1606.5,1606.1,1606.9,0.000497976968565317,1746.6903448211212,-1,1548.424,1623.4519580955848,1473.3960419044151
2020-02-17 00:00:00+05:30,1598.0,1602.0,1541.3,1557.9,344906,1604.7,1608.05,1601.3500000000001,0.0041752352464634,1746.6903448211212,-1,1550.38,1623.7256038218572,1477.034396178143
2020-02-18 00:00:00+05:30,1558.4,1558.9,1528.1,1546.7,397028,1567.0666666666668,1571.65,1562.4833333333336,0.005849570322470761,1746.6903448211212,-1,1550.6959999999997,1623.9072664553264,1477.484733544673
2020-02-19 00:00:00+05:30,1554.0,1621.0,1554.0,1612.7,1007270,1544.5666666666666,1543.5,1545.6333333333332,0.0013811856615662723,1746.6903448211212,-1,1552.8680000000002,1629.982475320739,1475.7535246792613
2020-02-20 00:00:00+05:30,1619.6,1655.3,1606.4,1625.4,986198,1595.8999999999999,1587.5,1604.2999999999997,0.010526975374396721,1746.6903448211212,-1,1555.1960000000001,1637.2559874237918,1473.1360125762085
2020-02-24 00:00:00+05:30,1613.7,1628.4,1566.7,1574.6,550278,1629.0333333333335,1630.85,1627.2166666666672,0.0022303615641174257,1746.6903448211212,-1,1555.844,1638.2500789990206,1473.4379210009795
2020-02-25 00:00:00+05:30,1583.9,1606.4,1561.8,1567.7,442664,1589.9000000000003,1597.5500000000002,1582.2500000000005,0.009623246745078133,1746.6903448211212,-1,1557.4679999999998,1639.1411773839661,1475.7948226160336
2020-02-26 00:00:00+05:30,1560.9,1592.2,1549.1,1572.1,791892,1578.6333333333332,1584.1,1573.1666666666665,0.006925821913469496,1746.6903448211212,-1,1559.308,1640.13985352318,1478.47614647682
2020-02-27 00:00:00+05:30,1567.2,1568.2,1530.5,1559.4,556550,1571.1333333333332,1570.65,1571.6166666666663,0.0006152671107902421,1746.6903448211212,-1,1559.76,1640.4623766687996,1479.0576233312004
2020-02-28 00:00:00+05:30,1512.9,1526.6,1488.9,1509.0,827372,1552.7,1549.35,1556.0500000000002,0.0043150640819219896,1746.6903448211212,-1,1558.4679999999998,1641.316811119972,1475.6191888800277
2020-03-02 00:00:00+05:30,1541.8,1546.7,1449.8,1465.4,887300,1508.1666666666667,1507.75,1508.5833333333335,0.000552547242789359,1746.6903448211212,-1,1556.0,1645.8220106654978,1466.1779893345022
2020-03-03 00:00:00+05:30,1467.9,1489.9,1453.7,1470.8,571364,1487.3,1498.25,1476.35,0.01472466886304047,1746.6903448211212,-1,1553.4920000000002,1649.0078612168306,1457.9761387831697
2020-03-04 00:00:00+05:30,1479.1,1479.1,1438.5,1449.3,632772,1471.466666666667,1471.8000000000002,1471.1333333333337,0.0004530627038781136,1746.6903448211212,-1,1550.42,1653.8725746416824,1446.9674253583178
2020-03-05 00:00:00+05:30,1455.2,1485.0,1449.3,1465.9,540190,1455.6333333333332,1458.8,1452.4666666666665,0.004350912546657917,1746.6903448211212,-1,1547.776,1656.2341287686306,1439.3178712313695
2020-03-06 00:00:00+05:30,1393.0,1440.5,1378.4,1428.3,753686,1466.7333333333336,1467.15,1466.316666666667,0.0005681559929092064,1740.6746473178246,-1,1543.92,1661.8284933327234,1426.0115066672768
2020-03-09 00:00:00+05:30,1393.0,1412.1,1333.8,1368.1,934292,1415.7333333333333,1409.45,1422.0166666666667,0.008876436240346538,1717.3856614251115,-1,1539.948,1673.5462169940636,1406.3497830059366
2020-03-11 00:00:00+05:30,1373.5,1422.9,1357.3,1403.3,770736,1371.3333333333333,1372.9499999999998,1369.7166666666667,0.0023578026251821495,1717.3856614251115,-1,1536.9919999999997,1679.0173151518868,1394.9666848481127
2020-03-12 00:00:00+05:30,1354.4,1354.4,1169.9,1190.0,1568250,1394.5,1390.1,1398.9,0.006310505557547638,1662.567185569383,-1,1523.3919999999998,1720.0848563623824,1326.6991436376172
2020-03-13 00:00:00+05:30,1040.2,1344.1,961.5,1287.8,2160674,1238.1000000000001,1262.15,1214.0500000000002,0.0388498505774977,1644.3284981466074,-1,1513.624,1730.8223961634912,1296.4256038365088
2020-03-16 00:00:00+05:30,1224.7,1287.3,1165.5,1209.1,975610,1197.8,1152.8,1242.8,0.07513775254633495,1644.3284981466074,-1,1498.244,1743.2810556793256,1253.2069443206742
2020-03-17 00:00:00+05:30,1227.2,1260.4,1157.7,1172.8,989384,1220.6333333333334,1226.4,1214.8666666666668,0.009448646877304106,1644.3284981466074,-1,1481.4880000000003,1754.3778463189738,1208.5981536810268
2020-03-18 00:00:00+05:30,1167.0,1200.7,1062.3,1107.3,1975976,1196.966666666667,1209.0500000000002,1184.8833333333337,0.02018992453145438,1644.3284981466074,-1,1462.328,1768.3433957956904,1156.3126042043095
2020-03-19 00:00:00+05:30,1051.5,1114.1,994.3,1104.3,1509514,1123.4333333333334,1131.5,1115.3666666666668,0.014360739400053299,1599.2223882267872,-1,1442.636,1773.8747894193448,1111.3972105806552
2020-03-20 00:00:00+05:30,1110.7,1216.4,1091.1,1164.0,1424386,1070.8999999999999,1054.1999999999998,1087.6,0.031188719768419176,1599.2223882267872,-1,1424.6879999999999,1765.6061922749109,1083.7698077250889
2020-03-23 00:00:00+05:30,984.5,1104.8,984.5,1014.3,1199498,1157.1666666666667,1153.75,1160.5833333333335,0.0059052282874839275,1599.2223882267872,-1,1400.968,1769.1881068708676,1032.7478931291325
2020-03-24 00:00:00+05:30,1052.0,1082.3,960.5,973.2,1274186,1034.5333333333335,1044.65,1024.416666666667,0.019557932723288873,1599.2223882267872,-1,1375.976,1771.1390844296989,980.8129155703014
2020-03-25 00:00:00+05:30,973.2,1023.1,942.4,979.1,1324476,1005.3333333333334,1021.4,989.2666666666668,0.03196286472148529,1578.3584243874066,-1,1352.8239999999998,1769.8564659975445,935.7915340024551
2020-03-26 00:00:00+05:30,1003.1,1080.9,984.5,1030.5,1637880,981.5333333333333,982.75,980.3166666666666,0.0024791143109421255,1578.3584243874066,-1,1332.1760000000002,1759.7499647078544,904.602035292146
2020-03-27 00:00:00+05:30,1078.4,1080.4,994.3,1000.6,1353740,1031.9666666666667,1032.7,1031.2333333333333,0.001421234535999254,1578.3584243874066,-1,1307.692,1738.2979207024368,877.0860792975631
2020-03-30 00:00:00+05:30,965.4,1000.1,946.3,984.0,885944,1025.1,1037.35,1012.8499999999999,0.023900107306604235,1564.7731813588166,-1,1282.036,1710.2913439432994,853.7806560567008
2020-03-31 00:00:00+05:30,1010.9,1027.0,985.4,1014.8,931970,976.8000000000001,973.2,980.4000000000001,0.007371007371007417,1564.7731813588166,-1,1259.644,1682.8796963395143,836.4083036604857
2020-04-01 00:00:00+05:30,1020.7,1066.2,1015.8,1050.0,837378,1009.0666666666666,1006.2,1011.9333333333332,0.005681818181817972,1564.7731813588166,-1,1238.9360000000001,1650.3500333240881,827.5219666759122
2020-04-03 00:00:00+05:30,1052.0,1068.1,1025.6,1045.6,1040514,1044.0,1041.0,1047.0,0.005747126436781609,1564.7731813588166,-1,1217.876,1612.4749124364052,823.2770875635947
2020-04-07 00:00:00+05:30,1080.9,1083.3,1048.1,1077.4,1353690,1046.4333333333332,1046.85,1046.0166666666664,0.0007963558755137945,1564.7731813588166,-1,1198.596,1571.042783226804,826.149216773196
2020-04-08 00:00:00+05:30,1065.7,1171.9,1063.2,1113.6,1202072,1069.6,1065.6999999999998,1073.5,0.007292445774121337,1564.7731813588166,-1,1182.78,1534.142791427883,831.417208572117
2020-04-09 00:00:00+05:30,1138.1,1193.4,1130.3,1175.3,737936,1116.2333333333333,1117.5500000000002,1114.9166666666665,0.0023591244363487325,1564.7731813588166,-1,1171.1760000000002,1503.0589638532147,839.2930361467857
2020-04-13 00:00:00+05:30,1176.8,1240.9,1134.2,1222.8,1038662,1166.3333333333333,1161.85,1170.8166666666666,0.007687910831666217,1564.7731813588166,-1,1161.256,1470.7962323705178,851.7157676294823
2020-04-15 00:00:00+05:30,1241.8,1301.5,1241.8,1256.5,1186810,1199.3000000000002,1187.5500000000002,1211.0500000000002,0.01959476361210706,1564.7731813588166,-1,1153.544,1442.946120683305,864.1418793166952
2020-04-16 00:00:00+05:30,1263.4,1287.3,1230.6,1249.2,778280,1266.6000000000001,1271.65,1261.5500000000002,0.007974103900205202,1564.7731813588166,-1,1144.876,1408.137198234746,881.614801765254
2020-04-17 00:00:00+05:30,1286.9,1311.3,1272.7,1285.9,613492,1255.6999999999998,1258.9499999999998,1252.4499999999998,0.005176395635900295,1564.7731813588166,-1,1139.18,1383.1186349063926,895.2413650936076
2020-04-20 00:00:00+05:30,1296.6,1354.4,1296.6,1341.2,728470,1289.9666666666667,1292.0,1287.9333333333334,0.003152536241246497,1564.7731813588166,-1,1138.104,1378.2011901876285,898.0068098123714
2020-04-21 00:00:00+05:30,1304.0,1311.3,1253.6,1261.4,959788,1330.7333333333333,1325.5,1335.9666666666667,0.007865337407945516,1564.7731813588166,-1,1132.428,1353.1030336218269,911.7529663781735
2020-04-22 00:00:00+05:30,1247.7,1270.7,1236.9,1261.4,813344,1275.4333333333332,1282.4499999999998,1268.4166666666665,0.011002796435198471,1564.7731813588166,-1,1135.2839999999999,1360.6635070009565,909.9044929990431
2020-04-23 00:00:00+05:30,1261.4,1282.9,1236.9,1244.8,592260,1256.3333333333335,1253.8000000000002,1258.8666666666668,0.004032899973467715,1564.7731813588166,-1,1133.5639999999999,1354.8812122000327,912.2467877999671
2020-04-24 00:00:00+05:30,1206.1,1210.0,1134.7,1166.0,1245564,1254.8666666666668,1259.9,1249.8333333333335,0.008022100621579932,1564.7731813588166,-1,1131.84,1351.4415591929946,912.2384408070053
2020-04-27 00:00:00+05:30,1160.6,1258.5,1008.4,1226.2,2263056,1170.2333333333333,1172.35,1168.1166666666668,0.0036175121770585248,1564.7731813588166,-1,1133.9759999999999,1356.153336593979,911.7986634060208
2020-04-28 00:00:00+05:30,1241.3,1266.8,1192.9,1199.3,829104,1164.3666666666668,1133.45,1195.2833333333335,0.05310469210729737,1564.7731813588166,-1,1137.656,1360.988706641894,914.323293358106
2020-04-29 00:00:00+05:30,1207.6,1224.2,1181.7,1206.1,833948,1219.6666666666667,1229.85,1209.4833333333336,0.016698551516807596,1564.7731813588166,-1,1141.728,1366.1888795848272,917.2671204151729
2020-04-30 00:00:00+05:30,1227.2,1236.9,1203.7,1215.4,919808,1204.0,1202.95,1205.05,0.0017441860465115524,1564.7731813588166,-1,1143.7839999999999,1369.9583163491252,917.6096836508744
2020-05-04 00:00:00+05:30,1159.6,1236.5,1157.7,1227.2,1297212,1218.6666666666667,1220.3000000000002,1217.0333333333333,0.0026805251641139594,1564.7731813588166,-1,1152.3,1374.3258363344098,930.27416366559
2020-05-05 00:00:00+05:30,1248.2,1248.2,1206.1,1214.4,515086,1207.1333333333332,1197.1,1217.1666666666665,0.01662340531286238,1564.7731813588166,-1,1161.948,1372.6797545696286,951.2162454303716
2020-05-06 00:00:00+05:30,1222.3,1248.7,1202.2,1244.8,463972,1222.9,1227.15,1218.65,0.0069506909804562915,1564.7731813588166,-1,1172.576,1371.83719766777,973.3148023322301
2020-05-07 00:00:00+05:30,1234.5,1275.1,1234.5,1266.3,471472,1231.8999999999999,1225.45,1238.3499999999997,0.010471629190680768,1564.7731813588166,-1,1182.008,1375.7215775932962,988.2944224067038
2020-05-08 00:00:00+05:30,1272.7,1296.6,1228.6,1258.0,793122,1258.6333333333332,1254.8,1262.4666666666665,0.0060912630101431576,1564.7731813588166,-1,1192.3039999999999,1373.299765519511,1011.3082344804886
2020-05-11 00:00:00+05:30,1212.5,1270.7,1201.2,1221.3,934448,1261.0666666666666,1262.6,1259.5333333333333,0.002431803764009256,1564.7731813588166,-1,1201.7959999999998,1361.7682123870072,1041.8237876129924
2020-05-12 00:00:00+05:30,1228.6,1229.6,1188.0,1216.4,537930,1231.0666666666666,1235.95,1226.1833333333332,0.007933499404310798,1564.7731813588166,-1,1209.86,1350.4669699552398,1069.25303004476
2020-05-13 00:00:00+05:30,1251.6,1277.6,1214.9,1223.7,444760,1211.3333333333333,1208.8,1213.8666666666666,0.0041827187671986295,1564.7731813588166,-1,1216.808,1341.3834122770368,1092.2325877229632
2020-05-14 00:00:00+05:30,1224.7,1224.7,1196.3,1201.2,300166,1238.7333333333333,1246.25,1231.2166666666667,0.012136052957321971,1564.7731813588166,-1,1223.0320000000002,1326.536152109921,1119.5278478900793
2020-05-15 00:00:00+05:30,1201.2,1229.1,1179.7,1213.9,583156,1207.3999999999999,1210.5,1204.2999999999997,0.005135000828226166,1564.7731813588166,-1,1228.492,1313.4261941975878,1143.557805802412
2020-05-18 00:00:00+05:30,1214.9,1229.6,1187.0,1194.9,501606,1207.5666666666668,1204.4,1210.7333333333336,0.005244706986501905,1564.7731813588166,-1,1231.7440000000001,1304.1320891859536,1159.3559108140466
2020-05-19 00:00:00+05:30,1206.6,1212.5,1188.5,1195.8,245510,1203.8333333333333,1208.3,1199.3666666666666,0.007420739304997974,1564.7731813588166,-1,1232.5639999999999,1302.808666815307,1162.3193331846926
2020-05-20 00:00:00+05:30,1197.8,1205.6,1171.9,1189.0,406156,1198.9333333333334,1200.5,1197.3666666666668,0.0026134341637009664,1564.7731813588166,-1,1231.212,1303.4297223678063,1158.9942776321936
2020-05-21 00:00:00+05:30,1198.3,1198.8,1176.8,1181.2,308252,1188.8333333333333,1188.75,1188.9166666666665,0.00014019346698431102,1564.7731813588166,-1,1228.2,1302.2066591597918,1154.1933408402083
2020-05-22 00:00:00+05:30,1179.2,1188.5,1159.6,1171.4,253122,1185.6000000000001,1187.8,1183.4000000000003,0.003711201079621825,1564.7731813588166,-1,1225.088,1301.7944914071397,1148.3815085928602
2020-05-26 00:00:00+05:30,1176.8,1187.0,1168.0,1172.4,196732,1173.1666666666667,1174.05,1172.2833333333335,0.0015058957238242,1564.7731813588166,-1,1220.548,1295.740470261281,1145.355529738719
2020-05-27 00:00:00+05:30,1171.9,1186.1,1148.9,1177.3,319666,1175.8,1177.5,1174.1,0.0028916482394965907,1564.7731813588166,-1,1213.992,1272.7469193173954,1155.2370806826045
2020-05-28 00:00:00+05:30,1172.4,1212.5,1172.4,1201.2,464354,1170.7666666666667,1167.5,1174.0333333333333,0.0055803889189419776,1564.7731813588166,-1,1211.5839999999998,1267.2214458076,1155.9465541923996
2020-05-29 00:00:00+05:30,1191.0,1219.8,1172.8,1212.5,584406,1195.3666666666668,1192.45,1198.2833333333335,0.004879953152449863,1564.7731813588166,-1,1209.628,1261.4285257115569,1157.827474288443
2020-06-01 00:00:00+05:30,1236.0,1290.8,1226.2,1275.1,857956,1201.7,1196.3,1207.1000000000001,0.008987268036947809,1564.7731813588166,-1,1210.8400000000001,1267.101361519196,1154.5786384808043
2020-06-02 00:00:00+05:30,1284.9,1295.2,1267.8,1279.0,497446,1264.0333333333333,1258.5,1269.5666666666666,0.008755043379657662,1564.7731813588166,-1,1215.3600000000001,1274.5651078876954,1156.1548921123049
2020-06-03 00:00:00+05:30,1284.9,1289.3,1260.9,1269.7,553010,1280.6666666666667,1281.5,1279.8333333333335,0.0013014055179592777,1564.7731813588166,-1,1217.1,1279.9234605859435,1154.2765394140563
2020-06-04 00:00:00+05:30,1267.8,1324.5,1253.6,1317.7,1493058,1273.3,1275.1,1271.5,0.002827299143956577,1564.7731813588166,-1,1221.836,1295.494886877237,1148.177113122763
2020-06-05 00:00:00+05:30,1325.5,1334.8,1282.0,1311.3,405116,1298.6000000000001,1289.05,1308.1500000000003,0.014708147235484647,1564.7731813588166,-1,1226.0439999999999,1307.2584830433188,1144.829516956681
2020-06-08 00:00:00+05:30,1330.4,1331.9,1284.4,1289.8,538674,1309.3666666666668,1308.4,1310.3333333333335,0.001476540821262234,1564.7731813588166,-1,1229.0200000000002,1313.82926364492,1144.2107363550804
2020-06-09 00:00:00+05:30,1289.8,1289.8,1258.5,1265.3,647222,1302.0333333333335,1308.15,1295.916666666667,0.009395560789534154,1564.7731813588166,-1,1230.544,1316.5288187530423,1144.559181246958
2020-06-10 00:00:00+05:30,1263.4,1275.1,1247.7,1255.5,406042,1271.2,1274.15,1268.25,0.004641283826305924,1564.7731813588166,-1,1232.188,1318.446482620514,1145.9295173794862
2020-06-11 00:00:00+05:30,1256.0,1277.6,1250.2,1267.8,474510,1259.4333333333334,1261.4,1257.4666666666667,0.0031230976894370964,1564.7731813588166,-1,1233.108,1320.369701473175,1145.846298526825
2020-06-12 00:00:00+05:30,1215.4,1284.9,1215.4,1278.0,528684,1265.2,1263.9,1266.5,0.0020550110654441265,1564.7731813588166,-1,1233.576,1321.6663042110395,1145.4856957889606
2020-06-15 00:00:00+05:30,1278.0,1287.8,1242.8,1251.6,551582,1259.4333333333334,1250.15,1268.7166666666667,0.01474207977132568,1564.7731813588166,-1,1233.32,1321.161748616438,1145.4782513835619
2020-06-16 00:00:00+05:30,1248.7,1259.5,1216.4,1219.8,1317062,1260.7333333333333,1265.3,1256.1666666666667,0.00724446089577485,1564.7731813588166,-1,1233.26,1321.1365497729257,1145.3834502270743
2020-06-17 00:00:00+05:30,1179.7,1195.8,1155.2,1160.1,4783252,1231.8999999999999,1237.95,1225.8499999999997,0.009822225830018967,1555.2509013199797,-1,1231.008,1323.2733897406472,1138.742610259353
2020-06-18 00:00:00+05:30,1154.7,1171.4,1153.8,1165.0,3263956,1170.3666666666666,1175.5,1165.2333333333331,0.00877217965879657,1532.0888652671804,-1,1228.66,1324.4693607117465,1132.8506392882537
2020-06-19 00:00:00+05:30,1162.1,1181.7,1157.7,1174.3,2049730,1163.3999999999999,1162.6,1164.1999999999998,0.0013752793536186258,1531.1293106564933,-1,1227.5839999999998,1325.1901257093707,1129.977874290629
2020-06-22 00:00:00+05:30,1183.6,1206.1,1176.8,1181.7,2137692,1171.2333333333333,1169.7,1172.7666666666667,0.002618322565956063,1531.1293106564933,-1,1226.296,1325.4283072262194,1127.1636927737807
2020-06-23 00:00:00+05:30,1195.8,1226.7,1187.0,1203.2,2232488,1188.1999999999998,1191.4499999999998,1184.9499999999998,0.005470459518599563,1531.1293106564933,-1,1226.628,1325.3924068680287,1127.8635931319711
2020-06-24 00:00:00+05:30,1213.5,1220.3,1171.9,1175.3,1304814,1205.6333333333332,1206.85,1204.4166666666665,0.0020183029666289314,1531.1293106564933,-1,1225.808,1325.9138946515816,1125.7021053484184
2020-06-25 00:00:00+05:30,1171.9,1185.6,1164.5,1175.8,712074,1189.1666666666667,1196.1,1182.2333333333336,0.01166082690960028,1520.4365110332637,-1,1225.28,1326.292030966581,1124.267969033419
2020-06-26 00:00:00+05:30,1186.1,1202.2,1176.8,1194.9,923854,1175.3,1175.05,1175.55,0.0004254232961796988,1520.4365110332637,-1,1225.828,1326.0228744397314,1125.6331255602686
2020-06-29 00:00:00+05:30,1188.0,1200.2,1176.8,1192.4,699002,1191.3,1189.5,1193.1,0.003021908839083278,1520.4365110332637,-1,1226.668,1325.3644756411977,1127.971524358802
2020-06-30 00:00:00+05:30,1194.9,1198.8,1185.1,1192.9,776538,1189.8,1188.5,1191.1,0.002185241217011186,1514.4642674255256,-1,1227.488,1324.696778533595,1130.279221466405
2020-07-01 00:00:00+05:30,1193.4,1198.8,1184.1,1189.0,490716,1192.2666666666667,1191.9499999999998,1192.5833333333335,0.0005312010735856074,1505.1796967285045,-1,1227.9560000000001,1324.3026089491143,1131.609391050886
2020-07-02 00:00:00+05:30,1200.2,1214.4,1193.4,1208.6,857880,1190.6333333333332,1191.4499999999998,1189.8166666666666,0.0013718189199024712,1505.1796967285045,-1,1228.252,1324.3130325990385,1132.1909674009614
2020-07-03 00:00:00+05:30,1213.9,1230.1,1200.7,1221.8,856056,1205.4666666666667,1203.9,1207.0333333333333,0.002599269992257393,1505.1796967285045,-1,1228.624,1324.510020336614,1132.737979663386
2020-07-06 00:00:00+05:30,1233.5,1258.0,1226.7,1244.3,1006966,1217.5333333333335,1215.4,1219.666666666667,0.0035043530635713287,1505.1796967285045,-1,1227.392,1321.6351564836066,1133.1488435163935
2020-07-07 00:00:00+05:30,1248.7,1261.4,1248.7,1258.0,843654,1243.0,1242.35,1243.65,0.0010458567980693339,1505.1796967285045,-1,1226.552,1319.3027648701266,1133.8012351298732
2020-07-08 00:00:00+05:30,1261.4,1264.3,1224.7,1228.1,707392,1256.0333333333335,1255.0500000000002,1257.0166666666669,0.0015657758552055652,1505.1796967285045,-1,1224.888,1315.9601264932005,1133.8158735067993
2020-07-09 00:00:00+05:30,1222.3,1225.7,1190.0,1195.4,886540,1239.0333333333333,1244.5,1233.5666666666666,0.008824083290737451,1500.9079003764518,-1,1219.996,1303.418308383271,1136.573691616729
2020-07-10 00:00:00+05:30,1194.9,1199.8,1175.3,1180.7,601996,1203.7,1207.85,1199.5500000000002,0.006895405832017718,1475.7455843613939,-1,1214.7720000000002,1290.6888075197687,1138.8551924802316
2020-07-13 00:00:00+05:30,1187.0,1190.5,1161.6,1174.8,598242,1185.2666666666667,1187.55,1182.9833333333333,0.003852860115866983,1460.809760986938,-1,1210.172,1281.1205113585452,1139.2234886414549
2020-07-14 00:00:00+05:30,1179.2,1182.6,1162.6,1172.4,760474,1175.6333333333332,1176.05,1175.2166666666665,0.000708837789560366,1451.5693705474605,-1,1206.456,1275.1617279707712,1137.7502720292287
2020-07-15 00:00:00+05:30,1197.8,1200.7,1145.4,1166.0,2723436,1172.5333333333333,1172.6,1172.4666666666667,0.00011371389583796799,1451.5693705474605,-1,1202.876,1270.3017465364205,1135.4502534635794
2020-07-16 00:00:00+05:30,1159.1,1179.2,1147.9,1176.3,764184,1170.7,1173.0500000000002,1168.35,0.004014692064576982,1444.2768118965398,-1,1199.2160000000001,1261.915554830905,1136.5164451690953
2020-07-17 00:00:00+05:30,1180.2,1193.4,1165.5,1188.0,744042,1167.8000000000002,1163.5500000000002,1172.0500000000002,0.007278643603356738,1444.2768118965398,-1,1195.616,1249.527176726108,1141.7048232738919
2020-07-20 00:00:00+05:30,1193.4,1193.9,1172.8,1182.6,722758,1182.3,1179.45,1185.1499999999999,0.004821111393047296,1444.2768118965398,-1,1192.856,1241.8618961349923,1143.8501038650077
2020-07-21 00:00:00+05:30,1186.5,1211.5,1185.6,1206.6,993052,1183.1,1183.35,1182.85,0.00042261854450173275,1444.2768118965398,-1,1192.328,1240.4375589669419,1144.218441033058
2020-07-22 00:00:00+05:30,1212.5,1214.4,1192.4,1203.2,617246,1201.2333333333333,1198.55,1203.9166666666667,0.00446763049088447,1444.2768118965398,-1,1194.052,1240.4779623916797,1147.62603760832
2020-07-23 00:00:00+05:30,1205.6,1213.5,1189.0,1198.3,1005732,1203.3333333333333,1203.4,1203.2666666666664,0.00011080332410000014,1444.2768118965398,-1,1195.384,1240.285195707839,1150.482804292161
2020-07-24 00:00:00+05:30,1191.0,1195.8,1177.3,1184.1,598622,1200.2666666666667,1201.25,1199.2833333333333,0.0016385247722728534,1442.9806694906713,-1,1195.776,1240.1014971319405,1151.4505028680596
2020-07-27 00:00:00+05:30,1181.7,1182.6,1158.2,1161.1,679084,1185.7333333333333,1186.55,1184.9166666666667,0.0013774879118406713,1423.8254427110446,-1,1194.952,1241.024989744466,1148.879010255534
2020-07-28 00:00:00+05:30,1162.6,1171.9,1148.4,1155.7,749640,1167.3,1170.4,1164.1999999999998,0.005311402381564528,1410.0184250026027,-1,1193.052,1241.4659523690605,1144.6380476309394
2020-07-29 00:00:00+05:30,1146.4,1164.0,1143.0,1145.9,1366826,1158.6666666666667,1160.15,1157.1833333333334,0.002560414269275055,1399.2536880024986,-1,1191.876,1243.292799744769,1140.459200255231
2020-07-30 00:00:00+05:30,1155.2,1162.1,1145.4,1158.2,618744,1150.9666666666667,1153.5,1148.4333333333334,0.004402096788206962,1394.3495404823987,-1,1191.172,1243.9148332950901,1138.42916670491
2020-07-31 00:00:00+05:30,1158.2,1166.0,1146.9,1162.1,435992,1155.2333333333333,1153.75,1156.7166666666667,0.0025680237758606028,1392.7735588631026,-1,1189.86,1243.785192628248,1135.9348073717517
2020-08-03 00:00:00+05:30,1162.1,1170.4,1150.3,1165.0,567076,1158.3333333333333,1156.45,1160.2166666666665,0.00325179856115087,1392.7735588631026,-1,1188.7640000000001,1243.5451319342133,1133.982868065787
2020-08-04 00:00:00+05:30,1169.9,1171.4,1155.7,1167.0,463216,1161.8999999999999,1160.35,1163.4499999999998,0.002668043721490584,1391.1446718482357,-1,1187.728,1243.1331411332349,1132.3228588667653
2020-08-05 00:00:00+05:30,1169.4,1171.9,1145.4,1146.4,1080110,1164.7,1163.5500000000002,1165.85,0.0019747574482697062,1384.5608849743062,-1,1186.024,1243.740002079091,1128.3079979209087
2020-08-06 00:00:00+05:30,1152.8,1154.7,1137.1,1143.0,656098,1154.5666666666668,1158.65,1150.4833333333336,0.007073360856887012,1367.702449575334,-1,1183.4,1242.7145648217506,1124.0854351782496
2020-08-07 00:00:00+05:30,1143.5,1145.0,1129.8,1137.6,729520,1144.9333333333334,1145.9,1143.9666666666667,0.001688599045068179,1354.5863515923206,-1,1180.032,1239.8027010498759,1120.261298950124
2020-08-10 00:00:00+05:30,1145.0,1150.3,1134.2,1135.2,956276,1137.4666666666667,1137.4,1137.5333333333333,0.0001172195522212039,1354.5863515923206,-1,1175.668,1231.8559337935967,1119.480066206403
2020-08-11 00:00:00+05:30,1134.2,1142.0,1122.4,1124.9,846894,1139.8999999999999,1142.25,1137.5499999999997,0.0041231686990089245,1342.1746216274826,-1,1170.344,1219.0422243618145,1121.6457756381856
2020-08-12 00:00:00+05:30,1125.4,1127.3,1117.1,1119.0,744974,1129.7666666666667,1132.2,1127.3333333333333,0.00430767415100474,1326.631636762383,-1,1165.98,1212.7069857790293,1119.2530142209707
2020-08-13 00:00:00+05:30,1123.9,1130.8,1113.2,1118.0,676352,1121.1333333333332,1122.1999999999998,1120.0666666666666,0.0019028364155317943,1323.1823712918879,-1,1162.884,1211.6171240122528,1114.1508759877472
2020-08-14 00:00:00+05:30,1124.4,1140.6,1116.6,1126.4,881790,1120.6666666666667,1122.0,1119.3333333333335,0.0023795359904817204,1323.1823712918879,-1,1160.7120000000002,1210.8940149455323,1110.5299850544682
2020-08-17 00:00:00+05:30,1135.7,1144.5,1120.0,1140.1,500752,1127.8666666666666,1128.6,1127.1333333333332,0.0013003901170351375,1323.1823712918879,-1,1159.3239999999998,1209.7893316247262,1108.8586683752735
2020-08-18 00:00:00+05:30,1145.4,1162.6,1141.0,1159.6,668544,1134.8666666666666,1132.25,1137.4833333333331,0.004611408094930202,1323.1823712918879,-1,1158.812,1208.9952265203583,1108.6287734796415
2020-08-19 00:00:00+05:30,1164.5,1172.8,1150.8,1167.5,712192,1154.3999999999999,1151.8,1156.9999999999998,0.0045045045045043475,1323.1823712918879,-1,1158.872,1209.0930320880964,1108.6509679119038
2020-08-20 00:00:00+05:30,1157.7,1161.6,1145.4,1152.8,516814,1163.7,1161.8,1165.6000000000001,0.003265446420899013,1323.1823712918879,-1,1157.932,1207.6906083406038,1108.1733916593962
2020-08-21 00:00:00+05:30,1157.7,1159.6,1147.4,1152.3,538470,1153.2666666666667,1153.5,1153.0333333333333,0.0004046476674952572,1323.1823712918879,-1,1156.5040000000001,1204.755258387669,1108.2527416123312
2020-08-24 00:00:00+05:30,1152.8,1200.2,1152.8,1189.0,1623770,1153.1000000000001,1153.5,1152.7000000000003,0.0006937819790128584,1323.1823712918879,-1,1156.76,1205.6263483390524,1107.8936516609476
2020-08-25 00:00:00+05:30,1200.7,1208.1,1182.1,1196.3,847554,1180.6666666666667,1176.5,1184.8333333333335,0.0070581592320724034,1323.1823712918879,-1,1156.348,1203.6760338065465,1109.0199661934535
2020-08-26 00:00:00+05:30,1196.8,1199.8,1169.9,1187.0,678086,1195.5,1195.1,1195.9,0.000669176076955401,1323.1823712918879,-1,1155.7,1200.8372661998221,1110.562733800178
2020-08-27 00:00:00+05:30,1192.9,1205.1,1181.7,1200.2,670058,1185.5666666666666,1184.85,1186.2833333333333,0.0012089858576771115,1323.1823712918879,-1,1155.776,1201.2053748140297,1110.3466251859704
2020-08-28 00:00:00+05:30,1208.1,1211.5,1188.5,1201.2,647702,1195.6666666666667,1193.4,1197.9333333333334,0.0037914691943127707,1323.1823712918879,-1,1156.46,1204.038684302885,1108.881315697115
2020-08-31 00:00:00+05:30,1212.5,1214.4,1147.9,1157.7,1064692,1200.3999999999999,1200.0,1200.7999999999997,0.0006664445184936082,1323.1823712918879,-1,1156.3239999999998,1203.8682793193207,1108.779720680679
2020-09-01 00:00:00+05:30,1159.6,1169.4,1144.0,1161.1,402734,1173.3333333333333,1181.15,1165.5166666666664,0.013323863636363922,1323.1823712918879,-1,1156.54,1204.1200294240514,1108.9599705759485
2020-09-02 00:00:00+05:30,1162.6,1171.9,1153.3,1166.5,340306,1158.1666666666667,1156.7,1159.6333333333334,0.0025327385235286172,1323.1823712918879,-1,1157.364,1204.8919077594796,1109.8360922405204
2020-09-03 00:00:00+05:30,1171.9,1194.9,1167.5,1187.5,341794,1163.8999999999999,1162.6,1165.1999999999998,0.00223386888907974,1323.1823712918879,-1,1158.536,1207.5115491647987,1109.5604508352014
2020-09-04 00:00:00+05:30,1156.2,1171.9,1147.9,1160.6,484092,1183.3,1181.2,1185.3999999999999,0.003549395757626822,1323.1823712918879,-1,1158.4759999999999,1207.4376104309652,1109.5143895690346
2020-09-07 00:00:00+05:30,1159.6,1169.4,1152.8,1163.6,203702,1160.1333333333334,1159.9,1160.3666666666668,0.0004022526146420213,1323.1823712918879,-1,1158.42,1207.3548301314474,1109.4851698685527
2020-09-08 00:00:00+05:30,1167.0,1167.0,1154.7,1164.5,265548,1161.9333333333332,1161.1,1162.7666666666664,0.0014343909575992731,1323.1823712918879,-1,1158.32,1207.1944677719728,1109.445532228027
2020-09-09 00:00:00+05:30,1148.9,1152.8,1132.2,1138.6,717108,1162.0666666666666,1160.85,1163.2833333333333,0.0020939705123057145,1323.1823712918879,-1,1158.008,1207.2808215550278,1108.7351784449722
2020-09-10 00:00:00+05:30,1150.3,1159.6,1143.0,1152.3,504610,1141.2,1142.5,1139.9,0.0022783035401331133,1323.1823712918879,-1,1158.38,1207.3333655634995,1109.4266344365008
2020-09-11 00:00:00+05:30,1147.4,1156.7,1135.2,1137.6,562976,1151.6333333333332,1151.3,1151.9666666666665,0.000578887956235939,1323.1823712918879,-1,1158.38,1207.3333655634995,1109.4266344365008
2020-09-14 00:00:00+05:30,1139.1,1147.9,1121.5,1128.8,665434,1143.1666666666667,1145.95,1140.3833333333334,0.004869514506487773,1323.1823712918879,-1,1158.124,1207.6234555120923,1108.6245444879078
2020-09-15 00:00:00+05:30,1128.8,1135.2,1106.3,1108.3,862084,1132.7333333333333,1134.7,1130.7666666666667,0.003472426578777053,1313.1741553450656,-1,1157.46,1209.1224428380388,1105.7975571619613
2020-09-16 00:00:00+05:30,1116.1,1116.1,1099.0,1100.4,1109294,1116.6000000000001,1120.75,1112.4500000000003,0.007433279598781772,1297.065189131263,-1,1156.7160000000001,1211.0396723353053,1102.392327664695
2020-09-17 00:00:00+05:30,1097.5,1120.5,1081.3,1085.3,978350,1105.1666666666667,1107.55,1102.7833333333335,0.004313074950987565,1293.8105815660126,-1,1155.4080000000001,1214.741199340619,1096.0748006593813
2020-09-18 00:00:00+05:30,1092.1,1092.6,1047.6,1064.2,1782378,1095.7,1100.9,1090.5,0.009491649174044072,1267.894158303372,-1,1152.92,1221.418595605995,1084.421404394005
2020-09-21 00:00:00+05:30,1056.4,1060.3,1036.8,1039.8,980308,1068.1333333333332,1070.1,1066.1666666666665,0.003682436649606848,1246.1043919712372,-1,1148.9080000000001,1230.4479174882686,1067.3680825117317
2020-09-22 00:00:00+05:30,1037.3,1038.8,1019.2,1033.9,1026790,1045.6333333333332,1048.55,1042.7166666666665,0.005578756096783594,1224.4202162923875,-1,1143.88,1236.8619251252287,1050.8980748747715
2020-09-23 00:00:00+05:30,1042.2,1081.3,1024.1,1029.5,973240,1030.6333333333334,1029.0,1032.2666666666669,0.0031695721077656573,1224.4202162923875,-1,1138.36,1240.9647640219187,1035.7552359780811
2020-09-24 00:00:00+05:30,1027.0,1027.0,1008.4,1009.9,981242,1044.9666666666665,1052.6999999999998,1037.2333333333331,0.014801110083256276,1219.0826313350644,-1,1132.644,1246.6790834436213,1018.6089165563789
2020-09-25 00:00:00+05:30,1020.7,1023.6,994.3,1013.8,747638,1015.1,1017.7,1012.5,0.005122648014973939,1210.481326081662,-1,1127.104,1249.901556718339,1004.3064432816611
2020-09-28 00:00:00+05:30,1022.1,1095.0,1022.1,1081.3,906508,1010.5666666666666,1008.95,1012.1833333333332,0.0031995250189660466,1210.481326081662,-1,1122.7959999999998,1244.1537650420178,1001.4382349579819
2020-09-29 00:00:00+05:30,1104.3,1114.1,1061.3,1082.8,899978,1066.1333333333332,1058.55,1073.7166666666665,0.014225862931465593,1210.481326081662,-1,1118.2559999999999,1236.7328140017007,999.7791859982989
2020-09-30 00:00:00+05:30,1092.1,1100.9,1066.7,1090.2,582560,1086.0666666666666,1087.6999999999998,1084.4333333333334,0.003007795715425472,1210.481326081662,-1,1114.384,1229.9115299484658,998.8564700515343
2020-10-01 00:00:00+05:30,1097.0,1097.0,1079.9,1092.6,382272,1085.9333333333334,1083.8000000000002,1088.0666666666666,0.003929031861992532,1210.481326081662,-1,1110.08,1220.3983466155726,999.7616533844272
2020-10-05 00:00:00+05:30,1104.8,1115.6,1090.2,1104.8,464344,1089.8333333333333,1088.45,1091.2166666666665,0.0025386144670436683,1210.481326081662,-1,1106.224,1210.082877790941,1002.3651222090588
2020-10-06 00:00:00+05:30,1108.7,1117.1,1099.5,1113.6,327712,1103.5333333333335,1102.9,1104.166666666667,0.001147828188244015,1210.481326081662,-1,1104.46,1206.2389762180464,1002.6810237819536
2020-10-07 00:00:00+05:30,1113.6,1125.9,1100.4,1118.0,461184,1110.0666666666666,1108.3,1111.8333333333333,0.003182992012491715,1210.481326081662,-1,1102.7359999999999,1202.0491915507382,1003.4228084492614
2020-10-08 00:00:00+05:30,1123.4,1131.7,1114.6,1127.3,362190,1114.7666666666667,1113.15,1116.3833333333332,0.0029004574948417795,1210.481326081662,-1,1101.168,1197.600786457686,1004.7352135423139
2020-10-09 00:00:00+05:30,1127.3,1140.1,1119.0,1137.1,409302,1124.5333333333335,1123.15,1125.916666666667,0.002460279819777281,1210.481326081662,-1,1099.152,1190.240354820985,1008.063645179015
2020-10-12 00:00:00+05:30,1140.6,1140.6,1096.0,1106.3,470332,1132.0666666666666,1129.55,1134.5833333333333,0.004446145692244247,1210.481326081662,-1,1096.98,1184.6284797357814,1009.3315202642186
2020-10-13 00:00:00+05:30,1097.5,1101.4,1084.3,1097.5,333058,1114.3,1118.3,1110.3,0.007179395135959795,1210.481326081662,-1,1094.336,1177.6679891517879,1011.0040108482121
2020-10-14 00:00:00+05:30,1100.9,1120.5,1088.2,1116.1,654840,1094.3999999999999,1092.85,1095.9499999999998,0.002832602339181204,1210.481326081662,-1,1092.3999999999999,1171.2500957513284,1013.5499042486713
2020-10-15 00:00:00+05:30,1116.1,1117.1,1090.2,1093.1,466228,1108.2666666666667,1104.35,1112.1833333333334,0.007068094321463082,1210.481326081662,-1,1090.58,1167.1479828648612,1014.0120171351386
2020-10-16 00:00:00+05:30,1097.5,1104.8,1085.8,1097.0,232844,1100.1333333333334,1103.65,1096.6166666666668,0.006393164464913316,1210.481326081662,-1,1088.368,1160.7570979636691,1015.9789020363307
2020-10-19 00:00:00+05:30,1100.4,1121.5,1097.5,1118.5,570066,1095.8666666666666,1095.3,1096.4333333333332,0.0010341890740964948,1210.481326081662,-1,1087.604,1158.2815094071213,1016.9264905928788
2020-10-20 00:00:00+05:30,1119.0,1130.8,1108.7,1127.3,305486,1112.5,1109.5,1115.5,0.005393258426966292,1210.481326081662,-1,1087.5439999999999,1158.0839309327255,1017.0040690672743
2020-10-21 00:00:00+05:30,1130.3,1131.3,1113.6,1122.4,323252,1122.2666666666667,1119.75,1124.7833333333333,0.004484970892241864,1210.481326081662,-1,1088.108,1159.522775389927,1016.6932246100731
2020-10-22 00:00:00+05:30,1124.9,1134.7,1110.7,1132.2,243762,1122.4333333333332,1122.4499999999998,1122.4166666666665,2.9697383660472506e-05,1210.481326081662,-1,1089.3799999999999,1162.7317552618456,1016.0282447381542
2020-10-23 00:00:00+05:30,1116.6,1131.7,1102.9,1108.7,663188,1125.8666666666668,1122.7,1129.0333333333335,0.00562529606821425,1210.481326081662,-1,1090.3159999999998,1164.0319017851214,1016.6000982148781
2020-10-26 00:00:00+05:30,1108.7,1109.2,1092.6,1107.3,299124,1114.4333333333334,1117.3000000000002,1111.5666666666666,0.005144617593395964,1210.481326081662,-1,1092.04,1165.2463603793665,1018.8336396206333
2020-10-27 00:00:00+05:30,1099.9,1119.0,1088.2,1102.4,642288,1103.0333333333335,1100.9,1105.166666666667,0.0038681212414253528,1210.481326081662,-1,1094.5439999999999,1164.6483583238137,1024.439641676186
2020-10-28 00:00:00+05:30,1105.3,1106.8,1090.2,1096.0,282254,1103.2,1103.6,1102.8000000000002,0.0007251631617111377,1210.481326081662,-1,1097.028,1162.6164750851374,1031.4395249148627
2020-10-29 00:00:00+05:30,1085.3,1093.1,1074.5,1086.7,607486,1097.6666666666667,1098.5,1096.8333333333335,0.0015183723048890205,1210.481326081662,-1,1099.316,1159.0518366141605,1039.5801633858396
2020-10-30 00:00:00+05:30,1086.7,1091.1,1078.4,1080.9,352650,1084.7666666666667,1083.8,1085.7333333333333,0.0017822573210829308,1210.481326081662,-1,1102.156,1150.2302785280617,1054.0817214719382
2020-11-02 00:00:00+05:30,1082.3,1089.2,1069.1,1081.3,300112,1083.4666666666667,1084.75,1082.1833333333334,0.0023689392074821,1210.481326081662,-1,1104.856,1138.0597144909066,1071.6522855090934
2020-11-03 00:00:00+05:30,1081.3,1090.2,1078.9,1083.8,223436,1079.8666666666668,1079.15,1080.5833333333335,0.0013273243610322821,1210.481326081662,-1,1104.9560000000001,1137.8892940349679,1072.0227059650324
2020-11-04 00:00:00+05:30,1094.1,1095.0,1074.0,1087.7,274204,1084.3000000000002,1084.5500000000002,1084.0500000000002,0.0004611269943742506,1210.481326081662,-1,1105.152,1137.610422389168,1072.693577610832
2020-11-05 00:00:00+05:30,1094.6,1114.1,1087.7,1110.7,335636,1085.5666666666666,1084.5,1086.6333333333332,0.0019651794761567343,1210.481326081662,-1,1105.972,1137.909665287144,1074.034334712856
2020-11-06 00:00:00+05:30,1115.6,1145.4,1110.7,1142.0,586940,1104.1666666666667,1100.9,1107.4333333333334,0.0059169811320754434,1210.481326081662,-1,1107.9479999999999,1142.3495869400472,1073.5464130599526
2020-11-09 00:00:00+05:30,1152.8,1209.5,1151.8,1204.7,2007948,1132.7,1128.0500000000002,1137.35,0.008210470557075772,1210.481326081662,-1,1111.944,1163.0885349572525,1060.7994650427474
2020-11-10 00:00:00+05:30,1212.5,1212.5,1156.2,1175.8,877160,1188.6666666666667,1180.65,1196.6833333333334,0.013488502523836205,1210.481326081662,-1,1114.432,1171.3791536074773,1057.4848463925227
2020-11-11 00:00:00+05:30,1176.8,1199.3,1158.2,1173.8,611412,1181.5,1184.35,1178.65,0.004824375793482707,1210.481326081662,-1,1116.664,1178.1858954193838,1055.1421045806162
2020-11-12 00:00:00+05:30,1173.8,1183.1,1160.1,1169.9,414116,1177.1000000000001,1178.75,1175.4500000000003,0.0028035001274315918,1210.481326081662,-1,1118.368,1183.2423454995394,1053.4936545004605
2020-11-13 00:00:00+05:30,1159.6,1169.4,1152.8,1154.7,304828,1171.0333333333333,1171.6,1170.4666666666667,0.0009678062110385803,1210.481326081662,-1,1119.072,1185.1156103191943,1053.0283896808055
2020-11-14 00:00:00+05:30,1170.4,1181.7,1161.6,1177.3,169310,1158.9666666666665,1161.1,1156.833333333333,0.0036814403635424195,1210.481326081662,-1,1121.912,1191.5243281035307,1052.2996718964694
2020-11-17 00:00:00+05:30,1205.6,1212.5,1191.0,1203.2,1115420,1173.5333333333335,1171.65,1175.416666666667,0.0032096801681533362,1210.481326081662,-1,1126.14,1201.8780960943277,1050.4019039056725
2020-11-18 00:00:00+05:30,1200.7,1200.7,1182.1,1186.1,495538,1202.2333333333333,1201.75,1202.7166666666667,0.0008040591122078606,1210.481326081662,-1,1128.94,1208.0854559655422,1049.7945440344579
2020-11-19 00:00:00+05:30,1181.2,1183.6,1157.7,1164.5,425482,1189.6333333333334,1191.4,1187.8666666666668,0.0029701028328056006,1210.481326081662,-1,1131.7959999999998,1210.7148034374163,1052.8771965625833
2020-11-20 00:00:00+05:30,1169.4,1171.9,1152.8,1157.2,302264,1168.6000000000001,1170.65,1166.5500000000002,0.003508471675509078,1210.481326081662,-1,1134.204,1212.399395874652,1056.0086041253478
2020-11-23 00:00:00+05:30,1171.4,1189.0,1159.6,1166.0,576768,1160.6333333333332,1162.35,1158.9166666666665,0.0029581550302996014,1210.481326081662,-1,1136.104,1214.9860583909522,1057.221941609048
2020-11-24 00:00:00+05:30,1177.3,1192.4,1167.0,1187.5,512604,1171.5333333333333,1174.3,1168.7666666666667,0.004723154839811048,1210.481326081662,-1,1138.512,1219.8104097261044,1057.2135902738955
2020-11-25 00:00:00+05:30,1191.0,1233.5,1191.0,1207.1,2326142,1182.3,1179.7,1184.8999999999999,0.004398206884885239,1210.481326081662,-1,1141.9,1227.1916877543972,1056.608312245603
2020-11-26 00:00:00+05:30,1214.9,1227.2,1203.7,1224.2,759828,1210.5333333333333,1212.25,1208.8166666666666,0.0028362154422293707,1014.9791987103747,1,1145.58,1236.6249032071182,1054.5350967928816
2020-11-27 00:00:00+05:30,1228.6,1237.9,1200.7,1219.3,1139782,1218.3666666666668,1215.45,1221.2833333333335,0.004787830702306491,1016.4320307619598,1,1150.0040000000001,1244.146487411336,1055.8615125886643
2020-12-01 00:00:00+05:30,1224.2,1224.2,1200.7,1206.1,747448,1219.3000000000002,1219.3000000000002,1219.3000000000002,0.0,1016.4320307619598,1,1153.9560000000001,1248.8877410353016,1059.0242589646987
2020-12-02 00:00:00+05:30,1208.1,1243.3,1206.1,1227.2,1029372,1210.3333333333333,1212.45,1208.2166666666665,0.0034976590470946647,1021.0040795502218,1,1158.948,1255.6197186357704,1062.2762813642298
2020-12-03 00:00:00+05:30,1229.6,1237.9,1221.8,1232.5,494840,1225.533333333333,1224.6999999999998,1226.3666666666663,0.0013599521296849117,1029.793916368213,1,1164.4080000000001,1261.6590470071842,1067.156952992816
2020-12-04 00:00:00+05:30,1236.9,1254.1,1227.2,1244.3,706354,1230.7333333333333,1229.85,1231.6166666666668,0.0014354585342074202,1041.0641597134847,1,1170.712,1267.4274394292531,1073.9965605707469
2020-12-07 00:00:00+05:30,1254.6,1307.4,1248.7,1302.0,1541020,1241.8666666666668,1240.65,1243.0833333333335,0.0019594159330041283,1068.7795933249454,1,1179.556,1282.0658329722253,1077.0461670277748
2020-12-08 00:00:00+05:30,1313.8,1366.6,1311.3,1358.8,2673668,1286.0333333333335,1278.0500000000002,1294.0166666666669,0.012415437650657082,1119.9624095919473,1,1190.656,1307.3234464278423,1073.9885535721576
2020-12-09 00:00:00+05:30,1358.8,1375.4,1333.3,1350.5,990282,1345.5666666666666,1338.9499999999998,1352.1833333333334,0.00983476602175062,1132.3339132082695,1,1201.3239999999998,1325.4899055296316,1077.158094470368
2020-12-10 00:00:00+05:30,1351.0,1368.1,1323.6,1363.7,853064,1353.0666666666666,1354.35,1351.7833333333333,0.0018969255025620365,1132.3339132082695,1,1212.364,1343.0641683854822,1081.663831614518
2020-12-11 00:00:00+05:30,1363.7,1387.2,1335.3,1363.2,741332,1351.8,1345.85,1357.75,0.00880307737831047,1132.3339132082695,1,1222.4640000000002,1359.0694274763393,1085.858572523661
2020-12-14 00:00:00+05:30,1368.1,1370.0,1346.5,1365.1,409326,1361.8999999999999,1361.25,1362.5499999999997,0.0009545487921284435,1132.3339132082695,1,1231.388,1374.7818053891913,1087.9941946108086
2020-12-15 00:00:00+05:30,1363.7,1363.7,1335.3,1340.2,486138,1360.5333333333333,1358.25,1362.8166666666666,0.0033565268522147734,1132.3339132082695,1,1236.808,1385.8875966723592,1087.7284033276408
2020-12-16 00:00:00+05:30,1355.8,1381.3,1347.0,1374.9,1017274,1346.3999999999999,1349.5,1343.2999999999997,0.004604872251931278,1134.101934712431,1,1244.7720000000002,1401.0621560047634,1088.4818439952369
2020-12-17 00:00:00+05:30,1374.4,1374.9,1355.4,1363.2,327700,1367.7333333333336,1364.15,1371.316666666667,0.005239812829011724,1138.843857323934,1,1252.348,1412.4577635498633,1092.2382364501366
2020-12-18 00:00:00+05:30,1382.8,1392.5,1363.2,1374.4,880222,1364.5,1365.15,1363.85,0.0009527299377062527,1152.3921030309764,1,1260.528,1423.817098423603,1097.238901576397
2020-12-21 00:00:00+05:30,1374.4,1417.0,1296.6,1337.7,1599608,1376.7,1377.85,1375.5500000000002,0.001670661727318753,1152.3921030309764,1,1267.848,1427.8790981778013,1107.8169018221986
2020-12-22 00:00:00+05:30,1338.2,1395.5,1286.4,1383.7,1226046,1350.4333333333334,1356.8,1344.0666666666668,0.009429072149680192,1152.3921030309764,1,1276.104,1437.884547458565,1114.323452541435
2020-12-23 00:00:00+05:30,1383.2,1432.7,1371.5,1411.6,1528720,1355.2,1340.95,1369.45,0.021030106257378983,1152.3921030309764,1,1284.44,1451.7183835407104,1117.1616164592897
2020-12-24 00:00:00+05:30,1426.3,1436.1,1383.2,1388.6,795240,1405.2666666666664,1402.1,1408.433333333333,0.004506855163906991,1152.3921030309764,1,1292.54,1459.5974320405796,1125.4825679594203
2020-12-28 00:00:00+05:30,1404.3,1409.2,1383.7,1390.6,452342,1402.6333333333332,1409.65,1395.6166666666663,0.010004990612895096,1152.3921030309764,1,1301.584,1464.3613122274503,1138.8066877725498
2020-12-29 00:00:00+05:30,1399.9,1404.3,1381.8,1396.5,457756,1394.5,1396.45,1392.55,0.002796701326640438,1152.3921030309764,1,1311.156,1466.834931959314,1155.477068040686
2020-12-30 00:00:00+05:30,1404.8,1405.8,1381.3,1396.9,474702,1394.2,1393.05,1395.3500000000001,0.0016496915794005035,1152.3921030309764,1,1320.392,1467.7005134810363,1173.0834865189638
2020-12-31 00:00:00+05:30,1396.5,1406.7,1392.5,1401.3,423120,1394.6666666666667,1393.55,1395.7833333333335,0.0016013384321225447,1152.3921030309764,1,1328.944,1469.0474712489042,1188.8405287510957
2021-01-01 00:00:00+05:30,1411.1,1448.3,1409.7,1440.0,1450678,1400.1666666666667,1399.6,1400.7333333333336,0.000809427449113439,1165.1600935544254,1,1338.26,1475.6638834967646,1200.8561165032354
2021-01-04 00:00:00+05:30,1448.3,1457.1,1426.8,1453.2,684088,1432.6666666666667,1429.0,1436.3333333333335,0.005118659841786983,1180.1796898122482,1,1347.42,1483.715443797628,1211.124556202372
2021-01-05 00:00:00+05:30,1441.0,1498.2,1435.1,1485.0,857026,1445.6999999999998,1441.9499999999998,1449.4499999999998,0.005187798298402158,1197.6825022197586,1,1358.0479999999998,1494.1611660934834,1221.9348339065161
2021-01-06 00:00:00+05:30,1498.2,1507.5,1465.9,1488.9,733380,1472.7666666666667,1466.65,1478.8833333333332,0.008306362175497219,1216.8432021309682,1,1369.36,1499.9754539095284,1238.7445460904714
2021-01-07 00:00:00+05:30,1498.2,1499.7,1454.2,1471.3,669854,1487.4333333333334,1486.7,1488.1666666666667,0.0009860385899648366,1216.8432021309682,1,1379.1240000000003,1502.0395063285025,1256.208493671498
2021-01-08 00:00:00+05:30,1471.3,1510.5,1466.4,1507.0,936812,1475.0666666666666,1476.95,1473.1833333333332,0.0025535569013831324,1216.8432021309682,1,1390.1040000000003,1507.58833059771,1272.6196694022906
2021-01-11 00:00:00+05:30,1512.9,1534.9,1507.0,1528.6,677092,1494.6333333333332,1488.45,1500.8166666666664,0.008274047146457103,1250.7907120805442,1,1401.476,1515.2865974678625,1287.6654025321377
2021-01-12 00:00:00+05:30,1528.6,1553.5,1518.8,1542.8,549074,1523.5,1520.95,1526.05,0.003347554972103649,1267.0810835973225,1,1411.108,1530.2468691569284,1291.9691308430715
2021-01-13 00:00:00+05:30,1546.7,1565.3,1524.2,1558.9,880954,1538.3666666666668,1536.15,1540.5833333333335,0.0028818443804034975,1274.9358402534294,1,1419.1119999999999,1549.4762198764354,1288.7477801235643
2021-01-14 00:00:00+05:30,1565.3,1603.9,1558.4,1592.2,870978,1549.4666666666665,1544.75,1554.183333333333,0.006088116341106364,1309.3884066432925,1,1428.78,1572.520198970196,1285.039801029804
2021-01-15 00:00:00+05:30,1602.9,1613.2,1549.1,1558.4,884380,1584.8333333333333,1581.15,1588.5166666666664,0.004648227994531286,1309.3884066432925,1,1436.568,1586.3317576451373,1286.8042423548627
2021-01-18 00:00:00+05:30,1557.9,1580.4,1516.3,1530.0,650196,1573.5666666666668,1581.15,1565.9833333333336,0.009638401084584816,1309.3884066432925,1,1443.24,1594.1922732521487,1292.2877267478514
2021-01-19 00:00:00+05:30,1532.0,1549.6,1518.3,1539.3,583124,1542.2333333333333,1548.35,1536.1166666666668,0.007932219508504845,1309.3884066432925,1,1450.2079999999999,1602.1680044221876,1298.2479955778122
2021-01-20 00:00:00+05:30,1540.8,1557.4,1527.1,1540.3,421346,1535.7333333333333,1533.9499999999998,1537.5166666666669,0.002322451814551394,1309.3884066432925,1,1458.2120000000002,1607.2017856364364,1309.222214363564
2021-01-21 00:00:00+05:30,1540.3,1540.3,1478.2,1487.5,1180998,1541.6000000000001,1542.25,1540.9500000000003,0.0008432797093926615,1309.3884066432925,1,1462.7160000000001,1608.1241007921883,1317.307899207812
2021-01-22 00:00:00+05:30,1488.9,1505.1,1474.7,1489.4,757146,1502.0,1509.25,1494.75,0.009653794940079893,1309.3884066432925,1,1467.764,1607.660257333751,1327.867742666249
2021-01-25 00:00:00+05:30,1489.4,1498.2,1404.8,1418.5,1229680,1489.7333333333336,1489.9,1489.566666666667,0.0002237536919357134,1309.3884066432925,1,1469.5279999999998,1605.7342144837417,1333.321785516258
2021-01-27 00:00:00+05:30,1419.0,1428.3,1388.6,1402.3,666846,1440.5,1451.5,1429.5,0.015272474835126693,1309.3884066432925,1,1472.112,1600.4396346855622,1343.784365314438
2021-01-28 00:00:00+05:30,1390.6,1412.1,1381.8,1402.8,439416,1406.3999999999999,1408.4499999999998,1404.35,0.002915244596131904,1309.3884066432925,1,1472.876,1599.3024311605411,1346.4495688394588
2021-01-29 00:00:00+05:30,1411.1,1421.9,1370.0,1381.8,692266,1398.8999999999999,1396.9499999999998,1400.85,0.0027879047823290383,1309.3884066432925,1,1471.684,1600.929399825259,1342.438600174741
2021-02-01 00:00:00+05:30,1388.1,1433.6,1365.6,1419.9,899428,1391.2333333333333,1395.95,1386.5166666666667,0.006780554424132108,1309.3884066432925,1,1472.9360000000001,1599.5167426743542,1346.355257325646
2021-02-02 00:00:00+05:30,1440.5,1458.6,1417.0,1430.2,425492,1406.3666666666668,1399.6,1413.1333333333337,0.009622905358963114,1309.3884066432925,1,1474.52,1597.8901422548868,1351.1498577451132
2021-02-03 00:00:00+05:30,1441.0,1476.7,1422.4,1453.2,714580,1435.2666666666667,1437.8,1432.7333333333333,0.003530122160806312,1309.3884066432925,1,1476.7880000000002,1596.363934970173,1357.2120650298275
2021-02-04 00:00:00+05:30,1452.7,1473.8,1442.0,1451.7,578598,1450.7666666666667,1449.5500000000002,1451.9833333333331,0.0016772740849662978,1309.3884066432925,1,1478.98,1594.560081328882,1363.399918671118
2021-02-05 00:00:00+05:30,1453.2,1465.4,1409.2,1424.8,485682,1455.8333333333333,1457.9,1453.7666666666664,0.002839152833428964,1309.3884066432925,1,1479.92,1593.3194144605297,1366.5205855394704
2021-02-08 00:00:00+05:30,1433.2,1486.0,1427.3,1482.6,583368,1433.1333333333334,1437.3000000000002,1428.9666666666667,0.005814764850909535,1309.3884066432925,1,1481.624,1593.8469250019396,1369.4010749980605
2021-02-09 00:00:00+05:30,1487.0,1493.3,1437.1,1445.9,624882,1465.3,1456.65,1473.9499999999998,0.01180645601583275,1309.3884066432925,1,1481.332,1593.8867364795947,1368.7772635204055
2021-02-10 00:00:00+05:30,1440.0,1454.7,1433.2,1440.5,444718,1458.7666666666664,1465.1999999999998,1452.333333333333,0.008820236272650496,1309.3884066432925,1,1479.5520000000001,1593.2203895548407,1365.8836104451595
2021-02-11 00:00:00+05:30,1442.5,1448.3,1428.8,1430.7,386122,1442.8,1443.95,1441.6499999999999,0.0015941225395066413,1309.3884066432925,1,1477.224,1592.4050995606092,1362.0429004393907
2021-02-12 00:00:00+05:30,1436.1,1453.7,1429.2,1440.0,377150,1435.9333333333334,1438.55,1433.3166666666668,0.0036445517433491255,1309.3884066432925,1,1475.9719999999998,1592.0603321612941,1359.8836678387054
2021-02-15 00:00:00+05:30,1444.4,1463.5,1441.0,1443.4,334730,1440.9666666666665,1441.45,1440.483333333333,0.0006708459598883748,1309.3884066432925,1,1473.4279999999999,1589.4724951903838,1357.383504809616
2021-02-16 00:00:00+05:30,1450.3,1464.0,1431.7,1441.0,378556,1449.3,1452.25,1446.35,0.004070930794176562,1309.3884066432925,1,1469.924,1584.3723852921967,1355.4756147078033
2021-02-17 00:00:00+05:30,1441.0,1452.2,1430.2,1434.6,369214,1445.5666666666666,1447.85,1443.2833333333333,0.0031590840962021395,1309.3884066432925,1,1465.596,1576.8318140887689,1354.3601859112312
2021-02-18 00:00:00+05:30,1439.0,1447.3,1420.9,1428.8,376690,1439.0,1441.2,1436.8,0.0030576789437109734,1309.3884066432925,1,1460.392,1565.6954156330708,1355.0885843669294
2021-02-19 00:00:00+05:30,1431.2,1440.0,1394.0,1409.2,289368,1432.3333333333333,1434.1,1430.5666666666666,0.0024668373283686083,1309.3884066432925,1,1453.072,1545.3435734340285,1360.8004265659713
2021-02-22 00:00:00+05:30,1407.2,1420.4,1371.0,1377.9,302540,1414.3999999999999,1417.0,1411.7999999999997,0.0036764705882354875,1309.3884066432925,1,1445.852,1532.0762679527722,1359.627732047228
2021-02-23 00:00:00+05:30,1386.7,1407.2,1375.4,1384.7,290736,1389.7666666666667,1395.7,1383.8333333333333,0.008538603602523292,1309.3884066432925,1,1440.04,1522.2889878356661,1357.7910121643338
2021-02-24 00:00:00+05:30,1400.4,1421.4,1400.4,1405.3,350930,1389.1000000000001,1391.3000000000002,1386.9,0.0031675185371824134,1309.3884066432925,1,1434.68,1507.2518182216186,1362.1081817783815
2021-02-25 00:00:00+05:30,1407.2,1423.9,1407.2,1418.0,507262,1409.0333333333335,1410.9,1407.166666666667,0.0026495706276168916,1309.3884066432925,1,1429.7879999999998,1488.3590186354286,1371.216981364571
2021-02-26 00:00:00+05:30,1404.8,1433.6,1391.1,1410.6,690800,1416.3666666666668,1415.5500000000002,1417.1833333333334,0.0011531853804334178,1309.3884066432925,1,1426.7119999999998,1480.7371591759966,1372.686840824003
2021-03-01 00:00:00+05:30,1409.7,1431.2,1407.2,1411.6,253936,1411.7666666666664,1412.35,1411.183333333333,0.0008263877411283522,1309.3884066432925,1,1423.6,1471.430467277582,1375.7695327224178
2021-03-02 00:00:00+05:30,1417.0,1419.0,1389.1,1409.2,381826,1416.6666666666667,1419.2,1414.1333333333334,0.0035764705882352513,1309.3884066432925,1,1423.228,1471.3550824379772,1375.100917562023
2021-03-03 00:00:00+05:30,1417.0,1546.7,1409.2,1531.5,2923464,1405.7666666666667,1404.05,1407.4833333333333,0.0024423209162260646,1309.3884066432925,1,1428.396,1491.7596988818657,1365.0323011181342
2021-03-04 00:00:00+05:30,1503.1,1550.1,1498.2,1514.9,969154,1495.8,1477.95,1513.6499999999999,0.023866827115924468,1309.3884066432925,1,1432.88,1503.781193219802,1361.9788067801983
2021-03-05 00:00:00+05:30,1514.4,1541.8,1496.3,1507.0,757240,1521.0666666666668,1524.15,1517.9833333333336,0.004054172510518834,1309.3884066432925,1,1437.8880000000001,1511.2923338229537,1364.4836661770466
2021-03-08 00:00:00+05:30,1524.7,1534.4,1507.0,1512.9,308234,1515.0333333333335,1519.05,1511.016666666667,0.005302413588259563,1309.3884066432925,1,1441.608,1520.2296238956658,1362.986376104334
2021-03-09 00:00:00+05:30,1526.6,1559.4,1510.5,1513.9,1091538,1518.1000000000001,1520.7,1515.5000000000002,0.0034253342994531436,1309.3884066432925,1,1444.9560000000001,1528.3339458609498,1361.5780541390504
2021-03-10 00:00:00+05:30,1527.1,1531.5,1493.8,1497.7,299822,1527.9333333333334,1534.95,1520.9166666666667,0.009184519394388914,1309.3884066432925,1,1446.736,1532.6047534321503,1360.8672465678499
2021-03-12 00:00:00+05:30,1497.7,1514.9,1465.0,1471.3,455594,1507.6666666666667,1512.65,1502.6833333333334,0.006610656643820493,1309.3884066432925,1,1447.52,1533.9120366700045,1361.1279633299955
2021-03-15 00:00:00+05:30,1471.3,1482.6,1409.7,1443.4,485246,1483.7333333333333,1489.95,1477.5166666666667,0.008379762760603923,1309.3884066432925,1,1448.264,1534.1796214898745,1362.3483785101253
2021-03-16 00:00:00+05:30,1442.9,1455.2,1424.3,1428.8,307046,1445.2333333333336,1446.15,1444.316666666667,0.0012685379523488917,1309.3884066432925,1,1446.112,1531.170517645157,1361.0534823548433
2021-03-17 00:00:00+05:30,1428.3,1434.6,1394.5,1399.9,358372,1436.1000000000001,1439.75,1432.4500000000003,0.005083211475523798,1309.3884066432925,1,1444.272,1531.238025918122,1357.3059740818778
2021-03-18 00:00:00+05:30,1412.1,1414.1,1363.2,1366.6,508674,1409.6666666666667,1414.55,1404.7833333333335,0.006928351856230615,1309.3884066432925,1,1441.316,1533.46333732448,1349.16866267552
2021-03-19 00:00:00+05:30,1357.3,1407.2,1331.9,1378.8,814954,1381.3,1388.65,1373.9499999999998,0.010642148700499727,1309.3884066432925,1,1439.24,1534.5352296811943,1343.9447703188057
2021-03-22 00:00:00+05:30,1387.6,1388.1,1369.1,1384.7,317550,1372.6333333333334,1369.5500000000002,1375.7166666666667,0.004492581170013731,1309.3884066432925,1,1437.0280000000002,1534.6878917877327,1339.3681082122678
2021-03-23 00:00:00+05:30,1396.9,1412.1,1383.2,1391.1,361306,1380.6333333333332,1378.6,1382.6666666666665,0.0029455081001472315,1309.3884066432925,1,1434.9360000000001,1534.1879683230095,1335.6840316769908
2021-03-24 00:00:00+05:30,1383.2,1401.8,1362.7,1368.1,418192,1395.4666666666665,1397.65,1393.2833333333328,0.003129180202561086,1309.3884066432925,1,1432.02,1534.6152513520567,1329.4247486479433
2021-03-25 00:00:00+05:30,1366.6,1366.6,1336.8,1348.5,457640,1377.5333333333335,1382.25,1372.816666666667,0.006847989159366697,1309.3884066432925,1,1428.576,1536.2485150444243,1320.9034849555758
2021-03-26 00:00:00+05:30,1352.4,1375.9,1352.4,1371.0,370020,1350.6333333333332,1351.6999999999998,1349.5666666666666,0.001579505910807186,1309.3884066432925,1,1426.264,1536.274819540588,1316.2531804594119
2021-03-30 00:00:00+05:30,1373.5,1398.4,1373.5,1389.1,361846,1366.4333333333334,1364.15,1368.7166666666667,0.003342034005805825,1309.3884066432925,1,1425.46,1536.2489525178023,1314.6710474821978
2021-03-31 00:00:00+05:30,1385.7,1428.3,1380.8,1401.8,502160,1387.0,1385.95,1388.05,0.0015140591204036834,1309.3884066432925,1,1426.4160000000002,1535.9522541626827,1316.8797458373176
2021-04-01 00:00:00+05:30,1409.7,1428.8,1388.6,1423.4,242986,1403.6333333333332,1404.55,1402.7166666666665,0.0013061340806004547,1309.3884066432925,1,1427.9640000000002,1536.184262501954,1319.7437374980464
2021-04-05 00:00:00+05:30,1410.2,1415.5,1369.1,1394.0,297450,1413.5999999999997,1408.6999999999998,1418.4999999999995,0.006932654216185434,1309.3884066432925,1,1427.5120000000002,1536.2005064024336,1318.8234935975668
2021-04-06 00:00:00+05:30,1397.4,1399.9,1364.2,1384.7,514648,1392.8666666666668,1392.3,1393.4333333333336,0.0008136696501222898,1309.3884066432925,1,1426.18,1536.111236689086,1316.2487633109142
2021-04-07 00:00:00+05:30,1378.4,1407.2,1372.0,1392.5,495440,1382.9333333333334,1382.0500000000002,1383.8166666666666,0.0012774778249130525,1309.3884066432925,1,1425.4560000000001,1536.0246983553295,1314.8873016446707
2021-04-08 00:00:00+05:30,1396.5,1461.0,1389.6,1443.4,925066,1390.5666666666666,1389.6,1391.5333333333333,0.0013903204928446874,1309.3884066432925,1,1426.728,1537.3614708123714,1316.0945291876287
2021-04-09 00:00:00+05:30,1445.9,1465.0,1412.6,1418.0,719968,1431.3333333333333,1425.3,1437.3666666666666,0.008430367955286405,1309.3884066432925,1,1427.08,1537.5440249130538,1316.615975086946
2021-04-12 00:00:00+05:30,1383.2,1399.9,1323.6,1366.1,660320,1431.8666666666668,1438.8,1424.9333333333336,0.009684328149734378,1309.3884066432925,1,1420.464,1524.7598235788564,1316.1681764211435
2021-04-13 00:00:00+05:30,1365.1,1388.1,1357.8,1379.8,381076,1363.2,1361.75,1364.65,0.0021273474178404423,1309.3884066432925,1,1415.06,1513.0317836930205,1317.0882163069793
2021-04-15 00:00:00+05:30,1371.5,1420.9,1371.5,1416.5,628876,1375.2333333333333,1372.9499999999998,1377.5166666666669,0.0033206486172046397,1309.3884066432925,1,1411.44,1501.9602209453342,1320.919779054666
2021-04-16 00:00:00+05:30,1414.6,1429.7,1403.8,1407.2,232872,1402.9666666666665,1396.2,1409.733333333333,0.009646225854736047,1309.3884066432925,1,1407.2120000000002,1487.699401647663,1326.7245983523374
2021-04-19 00:00:00+05:30,1369.1,1378.8,1346.1,1353.9,438840,1413.5666666666666,1416.75,1410.3833333333332,0.004503973400617908,1309.3884066432925,1,1400.8120000000001,1471.1537104141798,1330.4702895858204
2021-04-20 00:00:00+05:30,1361.2,1371.0,1332.8,1340.7,472132,1359.6,1362.4499999999998,1356.75,0.0041924095322152235,1309.3884066432925,1,1394.532,1456.7122983588245,1332.3517016411754
2021-04-22 00:00:00+05:30,1331.4,1368.1,1331.4,1336.8,531066,1348.1666666666667,1351.9,1344.4333333333334,0.005538385461738185,1309.3884066432925,1,1389.152,1446.9530136934686,1331.3509863065315
2021-04-23 00:00:00+05:30,1333.8,1366.6,1333.8,1355.4,513392,1345.4333333333334,1349.75,1341.1166666666668,0.006416767831925188,1309.3884066432925,1,1385.632,1440.429918792529,1330.8340812074712
2021-04-26 00:00:00+05:30,1372.5,1372.5,1351.0,1360.2,248986,1351.9333333333332,1350.1999999999998,1353.6666666666665,0.002564229005375041,1309.3884066432925,1,1382.888,1435.594958022567,1330.1810419774329
2021-04-27 00:00:00+05:30,1363.7,1383.2,1363.2,1375.9,500172,1361.2333333333333,1361.75,1360.7166666666667,0.0007591155079951781,1309.3884066432925,1,1381.928,1434.2333043580923,1329.622695641908
2021-04-28 00:00:00+05:30,1370.0,1371.0,1334.3,1347.5,1248656,1374.1000000000001,1373.2,1375.0000000000002,0.0013099483298160118,1309.3884066432925,1,1381.164,1434.8814498277113,1327.4465501722887
2021-04-29 00:00:00+05:30,1370.5,1371.0,1335.3,1341.2,594772,1350.9333333333334,1352.65,1349.2166666666667,0.002541452822739879,1309.3884066432925,1,1379.66,1435.6167833242112,1323.703216675789
2021-04-30 00:00:00+05:30,1334.8,1356.8,1324.0,1333.3,652952,1349.1666666666667,1353.15,1345.1833333333334,0.00590487955528106,1309.3884066432925,1,1377.604,1436.3753257974734,1318.8326742025267
2021-05-03 00:00:00+05:30,1329.9,1331.4,1313.8,1322.6,498032,1338.0333333333335,1340.4,1335.666666666667,0.003537530206023607,1309.3884066432925,1,1374.864,1437.1453456501447,1312.5826543498554
2021-05-04 00:00:00+05:30,1323.1,1339.7,1308.4,1310.3,565742,1322.6,1322.6,1322.6,0.0,1309.3884066432925,1,1372.5520000000001,1439.7623115897618,1305.3416884102385
2021-05-05 00:00:00+05:30,1310.3,1320.6,1304.0,1311.3,391988,1319.466666666667,1324.0500000000002,1314.8833333333337,0.006947251414712899,1309.3884066432925,1,1371.0639999999999,1441.8884224543544,1300.2395775456453
2021-05-06 00:00:00+05:30,1313.8,1329.4,1308.9,1312.3,553472,1311.9666666666665,1312.3,1311.633333333333,0.0005081429914380218,1309.3884066432925,1,1368.7160000000001,1443.1912239069677,1294.2407760930325
2021-05-07 00:00:00+05:30,1315.2,1320.1,1296.6,1305.9,841404,1316.8666666666668,1319.15,1314.5833333333335,0.0034678276717460175,1573.0688612891859,-1,1365.3880000000001,1443.279664663127,1287.4963353368732
2021-05-10 00:00:00+05:30,1306.4,1347.0,1306.4,1342.1,1254722,1307.5333333333333,1308.35,1306.7166666666667,0.0012491714679038486,1573.0688612891859,-1,1363.0,1439.9346527904888,1286.0653472095112
2021-05-11 00:00:00+05:30,1342.1,1354.4,1325.5,1343.1,481234,1331.8333333333333,1326.7,1336.9666666666665,0.007708672256288142,1573.0688612891859,-1,1359.7880000000002,1432.9817772217912,1286.5942227782093
2021-05-12 00:00:00+05:30,1340.2,1361.2,1328.0,1351.9,466338,1341.0,1339.95,1342.05,0.0015659955257270016,1573.0688612891859,-1,1358.104,1429.9974429276633,1286.2105570723368
2021-05-14 00:00:00+05:30,1357.8,1364.2,1338.2,1344.6,342316,1347.0333333333333,1344.6,1349.4666666666667,0.0036128776818193965,1573.0688612891859,-1,1356.5,1427.7346657182668,1285.2653342817332
2021-05-17 00:00:00+05:30,1342.6,1361.7,1341.7,1355.4,283720,1349.0,1351.2,1346.8,0.0032616753150482513,1573.0688612891859,-1,1355.016,1424.718239390089,1285.3137606099112
2021-05-18 00:00:00+05:30,1365.1,1366.1,1353.4,1361.7,309684,1352.9333333333334,1351.7,1354.1666666666667,0.0018231989750665445,1573.0688612891859,-1,1351.7479999999998,1411.522191621412,1291.9738083785876
2021-05-19 00:00:00+05:30,1354.9,1377.9,1354.4,1368.1,267334,1360.3999999999999,1359.75,1361.0499999999997,0.0009556012937369356,1573.0688612891859,-1,1349.7519999999997,1403.5805015952824,1295.923498404717
2021-05-20 00:00:00+05:30,1368.1,1373.0,1349.0,1351.0,243636,1366.8,1366.15,1367.4499999999998,0.0009511267193442546,1573.0688612891859,-1,1349.148,1402.5665022627306,1295.7294977372692
2021-05-21 00:00:00+05:30,1358.8,1361.2,1344.6,1351.4,260270,1357.6666666666667,1361.0,1354.3333333333335,0.004910385465258911,1573.0688612891859,-1,1348.0120000000002,1399.9625401703718,1296.0614598296286
2021-05-24 00:00:00+05:30,1354.4,1358.8,1340.2,1354.9,244082,1352.4,1352.9,1351.9,0.0007394262052647146,1573.0688612891859,-1,1345.5480000000002,1389.4987404259982,1301.5972595740022
2021-05-25 00:00:00+05:30,1361.7,1363.2,1351.0,1356.8,267106,1351.3,1349.5,1353.1,0.002664101235846895,1573.0688612891859,-1,1343.5320000000002,1379.9670477424347,1307.0969522575656
2021-05-26 00:00:00+05:30,1357.3,1361.7,1351.9,1354.4,174936,1357.0,1357.1,1356.9,0.00014738393515093448,1573.0688612891859,-1,1343.552,1380.0103321614345,1307.0936678385654
2021-05-27 00:00:00+05:30,1359.8,1375.9,1344.6,1364.2,522684,1356.0000000000002,1356.8000000000002,1355.2000000000003,0.0011799410029497853,1573.0688612891859,-1,1344.4920000000002,1381.809402696242,1307.1745973037584
2021-05-28 00:00:00+05:30,1375.9,1432.2,1375.9,1426.3,1868816,1361.5666666666666,1360.25,1362.8833333333332,0.0019340465640070596,1573.0688612891859,-1,1348.072,1397.0889773037197,1299.05502269628
2021-05-31 00:00:00+05:30,1433.6,1446.4,1408.2,1432.2,721202,1411.466666666667,1404.0500000000002,1418.8833333333337,0.01050916304553194,1573.0688612891859,-1,1351.144,1410.2094438398065,1292.0785561601936
2021-06-01 00:00:00+05:30,1433.6,1446.4,1418.0,1423.9,397466,1428.9333333333334,1427.3000000000002,1430.5666666666666,0.002286087524493625,1573.0688612891859,-1,1353.692,1419.2403435640695,1288.1436564359306
2021-06-02 00:00:00+05:30,1423.9,1452.2,1423.9,1447.8,738116,1429.4333333333334,1432.2,1426.6666666666667,0.0038709978313084224,1573.0688612891859,-1,1356.568,1431.4118314358184,1281.7241685641816
2021-06-03 00:00:00+05:30,1462.5,1479.1,1448.3,1465.4,581134,1441.3000000000002,1438.0500000000002,1444.5500000000002,0.004509817525844723,1573.0688612891859,-1,1361.2839999999999,1447.2757703968996,1275.2922296031002
2021-06-04 00:00:00+05:30,1478.7,1488.9,1469.9,1473.3,446564,1464.2666666666664,1463.6999999999998,1464.833333333333,0.0007739938080494529,1573.0688612891859,-1,1366.568,1462.6199479448126,1270.5160520551874
2021-06-07 00:00:00+05:30,1473.8,1474.3,1442.9,1456.6,285052,1477.3666666666668,1479.4,1475.3333333333335,0.0027526454728006625,1573.0688612891859,-1,1371.5,1472.7349662912616,1270.2650337087384
2021-06-08 00:00:00+05:30,1465.0,1505.1,1465.0,1473.8,1074912,1457.9333333333332,1458.6,1457.2666666666664,0.0009145365585990341,1573.0688612891859,-1,1377.5479999999998,1484.2909528540065,1270.805047145993
2021-06-09 00:00:00+05:30,1477.7,1483.1,1445.9,1455.2,424836,1481.3,1485.05,1477.55,0.005063120232228448,1573.0688612891859,-1,1383.344,1490.5862018423372,1276.1017981576629
2021-06-10 00:00:00+05:30,1455.2,1495.8,1448.3,1478.2,765066,1461.3999999999999,1464.5,1458.2999999999997,0.004242507184891387,1573.0688612891859,-1,1390.02,1499.2527130487586,1280.7872869512414
2021-06-11 00:00:00+05:30,1479.1,1491.4,1460.6,1485.5,561326,1474.1000000000001,1472.05,1476.1500000000003,0.0027813581168172874,1573.0688612891859,-1,1396.948,1507.5462006363227,1286.3497993636774
2021-06-14 00:00:00+05:30,1486.5,1486.5,1448.3,1481.6,242392,1479.1666666666667,1476.0,1482.3333333333335,0.004281690140845173,1573.0688612891859,-1,1403.976,1512.854769721154,1295.0972302788462
2021-06-15 00:00:00+05:30,1488.4,1498.2,1474.7,1481.1,299806,1472.1333333333332,1467.4,1476.8666666666663,0.006430576940494232,1573.0688612891859,-1,1409.536,1519.399768440701,1299.672231559299
2021-06-16 00:00:00+05:30,1482.1,1484.0,1462.5,1467.4,210026,1484.6666666666667,1486.45,1482.8833333333334,0.002402334979793403,1573.0688612891859,-1,1414.5079999999998,1523.1389557354248,1305.8770442645748
2021-06-17 00:00:00+05:30,1452.7,1455.2,1433.2,1446.9,362698,1471.3,1473.25,1469.35,0.0026507170529464358,1573.0688612891859,-1,1418.3080000000002,1524.532485614155,1312.0835143858455
2021-06-18 00:00:00+05:30,1446.9,1454.7,1402.3,1414.6,620882,1445.1000000000001,1444.2,1446.0000000000002,0.0012455885405855524,1573.0688612891859,-1,1421.108,1523.0159101149254,1319.2000898850745
2021-06-21 00:00:00+05:30,1403.3,1433.6,1396.5,1427.8,258726,1423.8666666666668,1428.5,1419.2333333333336,0.006508100009364002,1573.0688612891859,-1,1424.0040000000001,1522.3301589608363,1325.677841039164
2021-06-22 00:00:00+05:30,1440.5,1443.4,1418.5,1422.4,227204,1419.3,1415.05,1423.55,0.005988867751708589,1573.0688612891859,-1,1426.4319999999998,1521.42556980339,1331.4384301966095
2021-06-23 00:00:00+05:30,1431.7,1434.6,1410.2,1415.1,235808,1428.1000000000001,1430.95,1425.2500000000002,0.003991317134654308,1573.0688612891859,-1,1428.3120000000001,1520.4302252542436,1336.1937747457566
2021-06-24 00:00:00+05:30,1417.0,1426.3,1400.9,1409.2,239732,1419.9666666666665,1422.4,1417.5333333333328,0.0034273105002468906,1573.0688612891859,-1,1430.64,1517.62384217768,1343.6561578223202
2021-06-25 00:00:00+05:30,1415.5,1441.0,1409.7,1433.6,365940,1412.1333333333332,1413.6,1410.6666666666665,0.0020772353885374806,1573.0688612891859,-1,1433.9279999999999,1514.672724062885,1353.1832759371148
2021-06-28 00:00:00+05:30,1441.0,1450.3,1419.0,1427.8,383678,1428.0999999999997,1425.35,1430.8499999999995,0.0038512709194030857,1573.0688612891859,-1,1436.844,1510.9549887667908,1362.7330112332093
2021-06-29 00:00:00+05:30,1413.6,1429.7,1407.2,1414.1,453606,1432.3666666666668,1434.65,1430.0833333333335,0.0031881966907914214,1573.0688612891859,-1,1439.136,1506.434329964356,1371.837670035644
2021-06-30 00:00:00+05:30,1422.9,1422.9,1398.9,1401.3,400658,1417.0,1418.45,1415.55,0.0020465772759351384,1573.0688612891859,-1,1441.0120000000002,1500.9720485656185,1381.0519514343819
2021-07-01 00:00:00+05:30,1402.3,1406.2,1387.6,1390.1,288014,1407.7,1410.9,1404.5,0.004546423243588897,1573.0688612891859,-1,1442.0480000000002,1497.379961685732,1386.7160383142684
2021-07-02 00:00:00+05:30,1390.1,1399.9,1377.4,1381.3,419694,1394.6333333333332,1396.9,1392.3666666666663,0.0032505557016184123,1573.0688612891859,-1,1440.2479999999998,1500.2433096832685,1380.252690316731
2021-07-05 00:00:00+05:30,1385.7,1395.5,1378.4,1382.3,274472,1386.2,1388.65,1383.75,0.003534843456932687,1573.0688612891859,-1,1438.2520000000002,1502.3645041157447,1374.1394958842557
2021-07-06 00:00:00+05:30,1378.8,1409.7,1378.8,1386.2,462864,1385.3999999999999,1386.95,1383.8499999999997,0.0022376209037103826,1573.0688612891859,-1,1436.744,1503.8399451531268,1369.648054846873
2021-07-07 00:00:00+05:30,1392.1,1399.9,1388.1,1392.1,204066,1391.5666666666666,1394.25,1388.8833333333332,0.0038565645435601034,1573.0688612891859,-1,1434.5159999999998,1503.663278876261,1365.3687211237386
2021-07-08 00:00:00+05:30,1394.5,1419.0,1391.1,1409.7,637040,1393.3666666666668,1394.0,1392.7333333333336,0.0009090691610246817,1573.0688612891859,-1,1432.2879999999998,1500.8985839065042,1363.6774160934954
2021-07-09 00:00:00+05:30,1416.0,1416.0,1393.0,1402.8,277814,1406.6000000000001,1405.05,1408.1500000000003,0.002203895919238137,1573.0688612891859,-1,1429.4679999999998,1496.8891532383682,1362.0468467616315
2021-07-12 00:00:00+05:30,1405.8,1425.8,1405.8,1409.7,370218,1403.9333333333334,1404.5,1403.3666666666668,0.0008072558051188651,1573.0688612891859,-1,1427.592,1494.4969695014622,1360.687030498538
2021-07-13 00:00:00+05:30,1419.9,1423.9,1402.3,1410.6,230606,1413.7666666666667,1415.8,1411.7333333333333,0.002876476552000523,1573.0688612891859,-1,1425.0639999999999,1489.5254583762392,1360.6025416237605
2021-07-14 00:00:00+05:30,1409.7,1422.4,1407.2,1420.4,250842,1412.2666666666664,1413.1,1411.433333333333,0.0011801359516618462,1573.0688612891859,-1,1423.672,1486.9626064435447,1360.3813935564554
2021-07-15 00:00:00+05:30,1423.9,1487.5,1418.0,1482.1,1658294,1416.6666666666667,1414.8000000000002,1418.5333333333333,0.002635294117646909,1573.0688612891859,-1,1423.828,1487.6722484801228,1359.9837515198772
2021-07-16 00:00:00+05:30,1502.1,1579.5,1469.9,1486.0,6842622,1462.5333333333335,1452.75,1472.316666666667,0.013378612453277686,1573.0688612891859,-1,1423.848,1487.7697802004268,1359.9262197995731
2021-07-19 00:00:00+05:30,1465.0,1465.0,1426.8,1437.1,1516844,1511.8,1524.7,1498.8999999999999,0.017065749437756437,1573.0688612891859,-1,1422.068,1481.798828756947,1362.337171243053
2021-07-20 00:00:00+05:30,1431.7,1431.7,1375.9,1382.3,1439792,1442.9666666666665,1445.9,1440.0333333333328,0.004065697983321798,1573.0688612891859,-1,1418.116,1474.6913778245607,1361.5406221754392
2021-07-22 00:00:00+05:30,1392.1,1402.3,1375.9,1386.2,1060900,1396.6333333333334,1403.8000000000002,1389.4666666666667,0.01026277476789433,1573.0688612891859,-1,1414.868,1469.0245351919032,1360.7114648080967
2021-07-23 00:00:00+05:30,1388.6,1398.4,1384.7,1392.5,473306,1388.1333333333332,1389.1,1387.1666666666665,0.0013927576601671747,1573.0688612891859,-1,1412.6919999999998,1465.8885689118376,1359.495431088162
2021-07-26 00:00:00+05:30,1392.5,1393.0,1373.9,1377.9,386134,1391.8666666666668,1391.5500000000002,1392.1833333333334,0.0004550244276270802,1573.0688612891859,-1,1411.224,1466.1270936832518,1356.320906316748
2021-07-27 00:00:00+05:30,1380.3,1387.6,1356.8,1375.9,308234,1381.6000000000001,1383.45,1379.7500000000002,0.002678054429646654,1573.0688612891859,-1,1409.148,1465.297746072373,1352.9982539276268
2021-07-28 00:00:00+05:30,1386.7,1386.7,1351.9,1357.8,425278,1373.4333333333332,1372.1999999999998,1374.6666666666665,0.0017959857291944983,1573.0688612891859,-1,1406.5640000000003,1465.8922901826109,1347.2357098173898
2021-07-29 00:00:00+05:30,1365.1,1371.0,1349.5,1357.8,323790,1365.466666666667,1369.3000000000002,1361.6333333333337,0.0056146860658137735,1573.0688612891859,-1,1404.272,1466.4623791915765,1342.0816208084234
2021-07-30 00:00:00+05:30,1357.8,1373.5,1354.9,1371.0,450304,1359.4333333333334,1360.25,1358.6166666666668,0.0012014810092439586,1573.0688612891859,-1,1402.744,1466.2384301178622,1339.2495698821376
2021-08-02 00:00:00+05:30,1388.1,1390.1,1360.7,1379.3,485942,1366.4666666666665,1364.2,1368.733333333333,0.0033175586671216634,1573.0688612891859,-1,1400.5720000000001,1463.4073154204875,1337.7366845795127
2021-08-03 00:00:00+05:30,1378.8,1398.4,1371.5,1393.5,385508,1376.7,1375.4,1378.0,0.0018885741265344004,1573.0688612891859,-1,1399.2,1461.088053774474,1337.311946225526
2021-08-04 00:00:00+05:30,1399.9,1411.6,1393.0,1402.8,620588,1387.8,1384.95,1390.6499999999999,0.004107220060527323,1573.0688612891859,-1,1398.7479999999998,1460.3585996074714,1337.1374003925282
2021-08-05 00:00:00+05:30,1409.7,1409.7,1373.5,1404.8,421122,1402.4666666666665,1402.3,1402.633333333333,0.00023767647478230988,1573.0688612891859,-1,1398.888,1460.537053715302,1337.238946284698
2021-08-06 00:00:00+05:30,1404.8,1406.7,1392.1,1403.8,269808,1396.0,1391.6,1400.4,0.006303724928366892,1573.0688612891859,-1,1399.4359999999997,1461.0063533853115,1337.8656466146879
2021-08-09 00:00:00+05:30,1417.0,1431.2,1407.7,1425.8,909278,1400.8666666666668,1399.4,1402.3333333333335,0.0020939418455242424,1573.0688612891859,-1,1401.2160000000001,1463.1580549868354,1339.2739450131648
2021-08-10 00:00:00+05:30,1428.8,1435.6,1413.1,1433.2,747818,1421.5666666666666,1419.45,1423.6833333333332,0.0029779351419793572,1573.0688612891859,-1,1403.2519999999997,1465.9150894864918,1340.5889105135077
2021-08-11 00:00:00+05:30,1438.0,1441.5,1375.4,1415.1,857588,1427.3,1424.35,1430.25,0.00413367897428718,1573.0688612891859,-1,1404.4080000000001,1466.8359916703405,1341.9800083296598
2021-08-12 00:00:00+05:30,1411.6,1428.3,1404.8,1426.8,362912,1410.6666666666667,1408.45,1412.8833333333334,0.0031427221172023114,1573.0688612891859,-1,1405.796,1468.6094884876811,1342.982511512319
2021-08-13 00:00:00+05:30,1426.8,1438.0,1407.7,1411.6,227912,1419.9666666666665,1416.55,1423.383333333333,0.0048123195380171116,1573.0688612891859,-1,1405.8719999999998,1468.7087922796193,1343.0352077203804
2021-08-16 00:00:00+05:30,1403.3,1422.4,1388.1,1416.5,310344,1419.0999999999997,1422.85,1415.3499999999995,0.00528503981396692,1573.0688612891859,-1,1406.42,1469.3789072331474,1343.4610927668527
2021-08-17 00:00:00+05:30,1416.5,1433.6,1404.3,1430.2,422780,1409.0,1405.25,1412.75,0.00532292405961675,1573.0688612891859,-1,1407.24,1470.8787554874546,1343.6012445125455
2021-08-18 00:00:00+05:30,1439.5,1452.7,1422.4,1439.0,667946,1422.6999999999998,1418.9499999999998,1426.4499999999998,0.005271666549518522,1573.0688612891859,-1,1408.376,1473.2166854990908,1343.5353145009092
2021-08-20 00:00:00+05:30,1407.2,1421.9,1399.9,1411.1,492412,1438.0333333333335,1437.5500000000002,1438.5166666666669,0.0006722143668436268,1573.0688612891859,-1,1408.004,1472.6709617037325,1343.3370382962673
2021-08-23 00:00:00+05:30,1421.4,1421.4,1369.5,1395.5,701356,1410.9666666666665,1410.9,1411.0333333333328,9.449786198546434e-05,1573.0688612891859,-1,1404.54,1461.8147762980534,1347.2652237019465
2021-08-24 00:00:00+05:30,1399.9,1411.1,1388.6,1403.3,228746,1395.4666666666665,1395.45,1395.483333333333,2.3886871774924715e-05,1573.0688612891859,-1,1401.2320000000002,1447.8705838549172,1354.5934161450832
2021-08-25 00:00:00+05:30,1405.3,1428.8,1405.3,1421.4,420986,1401.0,1399.85,1402.15,0.0016416845110636558,1573.0688612891859,-1,1400.604,1445.6907778399848,1355.5172221600153
2021-08-26 00:00:00+05:30,1423.9,1435.1,1419.9,1430.2,376014,1418.5,1417.05,1419.95,0.0020444131124427853,1573.0688612891859,-1,1402.52,1448.396739204003,1356.6432607959969
2021-08-27 00:00:00+05:30,1431.2,1466.4,1424.8,1455.2,949566,1428.3999999999999,1427.5,1429.2999999999997,0.0012601512181459867,1573.0688612891859,-1,1405.28,1455.0355946602194,1355.5244053397805
2021-08-30 00:00:00+05:30,1469.4,1485.5,1460.6,1470.8,804084,1448.8,1445.6,1452.0,0.004417448923246888,1573.0688612891859,-1,1408.412,1464.0636686541563,1352.7603313458437
2021-08-31 00:00:00+05:30,1474.3,1481.1,1461.5,1476.7,796836,1472.3,1473.05,1471.55,0.0010188141003871494,1573.0688612891859,-1,1412.364,1472.6284009012945,1352.0995990987055
2021-09-01 00:00:00+05:30,1477.2,1494.3,1465.9,1488.0,606884,1473.1000000000001,1471.3,1474.9000000000003,0.0024438259452856993,1573.0688612891859,-1,1416.848,1482.07040400347,1351.62559599653
2021-09-02 00:00:00+05:30,1488.9,1501.7,1487.5,1494.3,400628,1482.7333333333333,1480.1,1485.3666666666668,0.003551998561215916,1573.0688612891859,-1,1422.308,1489.6627247339916,1354.9532752660084
2021-09-03 00:00:00+05:30,1493.3,1536.4,1480.1,1519.8,858910,1494.5,1494.6,1494.4,0.0001338240214117217,1573.0688612891859,-1,1428.7879999999998,1501.062771697956,1356.5132283020437
2021-09-06 00:00:00+05:30,1535.4,1566.7,1513.4,1531.5,1075482,1512.1000000000001,1508.25,1515.9500000000003,0.0050922558031878,1573.0688612891859,-1,1435.2079999999999,1514.0269402617896,1356.38905973821
2021-09-07 00:00:00+05:30,1541.8,1541.8,1488.9,1501.2,533058,1537.2,1540.0500000000002,1534.35,0.0037080405932866725,1573.0688612891859,-1,1440.0839999999998,1519.5446957935271,1360.6233042064725
2021-09-08 00:00:00+05:30,1508.0,1584.3,1501.2,1569.7,1634028,1510.6333333333332,1515.35,1505.9166666666665,0.006244621461197331,1573.0688612891859,-1,1447.1319999999998,1539.0892895641848,1355.1747104358149
2021-09-09 00:00:00+05:30,1582.9,1616.2,1547.2,1560.4,2528166,1551.7333333333333,1542.75,1560.7166666666667,0.01157844990548206,1573.0688612891859,-1,1453.4360000000001,1553.6132010788447,1353.2587989211556
2021-09-13 00:00:00+05:30,1564.8,1592.7,1516.8,1585.8,1190824,1574.6000000000001,1581.7,1567.5000000000002,0.00901816334307114,1288.3630951373,1,1460.6760000000002,1571.3582664024873,1349.993733597513
2021-09-14 00:00:00+05:30,1591.7,1602.9,1563.3,1570.2,596666,1565.1000000000001,1554.75,1575.4500000000003,0.013225991949396379,1316.280571331808,1,1467.332,1583.4141050118883,1351.249894988112
2021-09-15 00:00:00+05:30,1574.6,1580.9,1551.1,1563.8,671402,1578.8,1583.1,1574.5,0.005447175069673112,1316.280571331808,1,1472.852,1593.5423491750314,1352.1616508249688
2021-09-16 00:00:00+05:30,1565.3,1584.8,1537.9,1579.5,564260,1565.2666666666667,1566.0,1564.5333333333333,0.0009370075386515804,1316.280571331808,1,1478.7040000000002,1605.184904234556,1352.2230957654444
2021-09-17 00:00:00+05:30,1583.9,1597.1,1552.5,1570.2,983494,1567.3999999999999,1561.35,1573.4499999999998,0.007719790736251059,1316.280571331808,1,1484.908,1613.4989349215207,1356.3170650784791
2021-09-20 00:00:00+05:30,1563.3,1565.8,1513.9,1545.2,1241302,1573.2666666666667,1574.8,1571.7333333333333,0.0019492351370820411,1316.280571331808,1,1489.644,1618.0468171653204,1361.2411828346796
2021-09-21 00:00:00+05:30,1541.8,1552.5,1513.9,1538.8,438936,1541.6333333333332,1539.85,1543.4166666666665,0.0023135635365088584,1316.280571331808,1,1494.7320000000002,1620.413358617699,1369.0506413823014
2021-09-22 00:00:00+05:30,1537.4,1556.0,1519.3,1543.2,602460,1535.0666666666666,1533.2,1536.9333333333332,0.0024320333536001397,1316.280571331808,1,1499.8,1622.640097687972,1376.959902312028
2021-09-23 00:00:00+05:30,1549.1,1580.9,1549.1,1556.5,680992,1539.5,1537.65,1541.35,0.0024033777200388557,1316.280571331808,1,1504.8519999999999,1626.206503764757,1383.4974962352428
2021-09-24 00:00:00+05:30,1562.8,1567.7,1531.5,1540.8,652676,1562.1666666666667,1565.0,1559.3333333333335,0.0036274405206443068,1316.280571331808,1,1508.924,1627.9765703040064,1389.8714296959936
2021-09-27 00:00:00+05:30,1551.1,1555.0,1512.9,1521.7,651624,1546.6666666666667,1549.6,1543.7333333333336,0.003793103448275646,1316.280571331808,1,1513.348,1625.5541405805864,1401.1418594194135
2021-09-28 00:00:00+05:30,1521.7,1526.1,1460.1,1476.7,880566,1529.8666666666668,1533.95,1525.7833333333335,0.005338155830573371,1316.280571331808,1,1516.596,1619.2644369024397,1413.9275630975603
2021-09-29 00:00:00+05:30,1397.4,1410.6,1381.3,1395.5,14676574,1487.6333333333332,1493.1,1482.1666666666665,0.00734948127898904,1316.280571331808,1,1516.2839999999999,1620.3654093678128,1412.202590632187
2021-09-30 00:00:00+05:30,1401.8,1409.2,1395.5,1396.9,1150352,1395.8,1395.9499999999998,1395.65,0.0002149305058029282,1316.280571331808,1,1515.3040000000003,1623.3272786763591,1407.2807213236415
2021-10-01 00:00:00+05:30,1392.1,1416.0,1383.7,1408.2,1056834,1400.5333333333335,1402.35,1398.7166666666672,0.0025942498095959327,1316.280571331808,1,1514.424,1625.5208194683821,1403.3271805316178
2021-10-04 00:00:00+05:30,1407.2,1412.1,1394.0,1396.9,2150638,1402.6333333333332,1399.85,1405.4166666666665,0.00396872549252592,1316.280571331808,1,1512.092,1630.2844521447555,1393.8995478552447
2021-10-05 00:00:00+05:30,1396.9,1404.3,1393.0,1395.5,1510840,1401.0,1403.05,1398.95,0.0029264810849392643,1316.280571331808,1,1509.08,1634.9186013907909,1383.241398609209
2021-10-06 00:00:00+05:30,1397.4,1404.8,1385.7,1390.1,978346,1397.6000000000001,1398.65,1396.5500000000002,0.0015025758443044568,1316.280571331808,1,1505.616,1639.34931887002,1371.88268112998
2021-10-07 00:00:00+05:30,1395.5,1402.8,1395.5,1396.9,577550,1393.5333333333335,1395.25,1391.816666666667,0.0024637611826050843,1316.280571331808,1,1501.9720000000002,1642.2321185796966,1361.7118814203038
2021-10-08 00:00:00+05:30,1399.9,1402.8,1386.7,1389.6,672946,1398.4000000000003,1399.15,1397.6500000000005,0.0010726544622422375,1316.280571331808,1,1497.7839999999999,1644.80005550412,1350.7679444958796
2021-10-11 00:00:00+05:30,1396.5,1402.8,1390.1,1399.4,568470,1393.0333333333335,1394.75,1391.316666666667,0.0024646454978341785,1316.280571331808,1,1492.968,1644.5994555228915,1341.3365444771086
2021-10-12 00:00:00+05:30,1398.4,1402.3,1390.6,1396.0,456558,1397.4333333333332,1396.4499999999998,1398.4166666666665,0.0014073420318202637,1316.280571331808,1,1487.5480000000002,1642.9233042925123,1332.1726957074882
2021-10-13 00:00:00+05:30,1397.4,1402.3,1392.1,1393.0,396112,1396.3,1396.4499999999998,1396.15,0.00021485354150234704,1316.280571331808,1,1483.22,1642.8039290153954,1323.6360709846047
2021-10-14 00:00:00+05:30,1401.3,1423.9,1394.0,1417.0,1308386,1395.8,1397.1999999999998,1394.4,0.002006018054162292,1316.280571331808,1,1477.112,1634.6645544825944,1319.5594455174057
2021-10-18 00:00:00+05:30,1430.7,1430.7,1407.2,1408.2,615494,1411.6333333333332,1408.95,1414.3166666666664,0.0038017426621641598,1316.280571331808,1,1471.024,1626.9870343895338,1315.060965610466
2021-10-19 00:00:00+05:30,1409.7,1418.0,1393.0,1395.0,658074,1415.3666666666668,1418.95,1411.7833333333335,0.00506347000777173,1316.280571331808,1,1463.3919999999998,1614.7474007757603,1312.0365992242394
2021-10-20 00:00:00+05:30,1393.0,1399.4,1368.1,1373.9,605694,1402.0,1405.5,1398.5,0.004992867332382311,1316.280571331808,1,1455.54,1604.2611511520508,1306.818848847949
2021-10-21 00:00:00+05:30,1387.2,1387.2,1357.3,1365.1,496420,1380.4666666666665,1383.75,1377.183333333333,0.00475684551118008,1316.280571331808,1,1447.5919999999999,1593.5329625293436,1301.651037470656
2021-10-22 00:00:00+05:30,1369.1,1376.9,1328.9,1335.8,1000004,1369.8666666666668,1372.25,1367.4833333333336,0.0034796573875801222,1316.280571331808,1,1437.844,1579.7394102710566,1295.9485897289435
2021-10-25 00:00:00+05:30,1337.7,1346.1,1309.9,1329.9,677834,1347.2,1352.9,1341.5,0.008461995249406244,1316.280571331808,1,1428.2320000000002,1565.4404279626863,1291.0235720373141
2021-10-26 00:00:00+05:30,1310.3,1330.4,1286.9,1314.3,1550560,1328.6333333333334,1328.0,1329.2666666666669,0.0009533605961014166,1543.2069204055576,-1,1418.996,1554.5422132853284,1283.4497867146717
2021-10-27 00:00:00+05:30,1325.5,1325.5,1295.7,1297.6,963468,1310.5333333333335,1308.65,1312.416666666667,0.0028741479295962546,1543.2069204055576,-1,1409.348,1543.7424894108083,1274.9535105891916
2021-10-28 00:00:00+05:30,1297.6,1303.5,1259.0,1262.9,1012330,1306.2666666666667,1310.6,1301.9333333333334,0.006634684086965281,1517.8878978457617,-1,1398.136,1532.761214636754,1263.510785363246
2021-10-29 00:00:00+05:30,1265.3,1282.5,1248.7,1271.2,625946,1275.1333333333334,1281.25,1269.0166666666669,0.00959376797197662,1502.2363819319312,-1,1386.7240000000002,1513.878976685902,1259.5690233140983
2021-11-01 00:00:00+05:30,1277.6,1280.0,1263.4,1275.6,344078,1267.4666666666665,1265.6,1269.333333333333,0.0029455081001471084,1502.2363819319312,-1,1376.116,1493.99615174741,1258.23584825259
2021-11-02 00:00:00+05:30,1277.6,1289.3,1270.7,1280.0,475276,1273.0,1271.7,1274.3,0.0020424194815395987,1502.2363819319312,-1,1366.448,1474.1922471039293,1258.703752896071
2021-11-03 00:00:00+05:30,1273.6,1282.5,1259.0,1261.9,783754,1280.0,1280.0,1280.0,0.0,1495.9740028049291,-1,1357.856,1463.2955459777434,1252.4164540222566
2021-11-04 00:00:00+05:30,1276.6,1277.6,1268.7,1275.1,132766,1267.8,1270.75,1264.85,0.004653730872377419,1493.761042692732,-1,1353.04,1462.0985164028593,1243.9814835971406
2021-11-08 00:00:00+05:30,1286.4,1286.4,1268.3,1279.5,580026,1273.8,1273.15,1274.4499999999998,0.0010205683780811173,1493.761042692732,-1,1348.344,1459.533295599859,1237.154704400141
2021-11-09 00:00:00+05:30,1282.5,1287.8,1271.7,1283.9,574092,1278.0666666666666,1277.35,1278.7833333333333,0.001121485577173904,1492.4384169456218,-1,1343.372,1454.5269479959975,1232.2170520040027
2021-11-10 00:00:00+05:30,1283.9,1296.2,1277.6,1291.3,433488,1281.1333333333334,1279.75,1282.5166666666669,0.0021595462351045,1492.4384169456218,-1,1339.148,1449.8704150025321,1228.4255849974677
2021-11-11 00:00:00+05:30,1291.7,1295.2,1268.7,1271.7,464478,1288.3666666666668,1286.9,1289.8333333333335,0.0022767845592611266,1490.3833250570851,-1,1334.1960000000001,1445.4666319564737,1222.9253680435265
2021-11-12 00:00:00+05:30,1277.6,1289.8,1274.1,1286.4,270618,1278.5333333333335,1281.95,1275.116666666667,0.005344665762853032,1487.1139920548014,-1,1330.0480000000002,1440.401078724579,1219.6949212754214
2021-11-15 00:00:00+05:30,1286.4,1290.8,1277.6,1287.3,305646,1283.4333333333332,1281.9499999999998,1284.9166666666665,0.002311508194166712,1484.8534323726094,-1,1325.664,1433.7298892342683,1217.5981107657317
2021-11-16 00:00:00+05:30,1290.8,1290.8,1275.1,1278.0,295664,1285.2333333333333,1284.1999999999998,1286.2666666666669,0.0016080089218562601,1479.973295077705,-1,1321.2,1427.5389599346977,1214.8610400653024
2021-11-17 00:00:00+05:30,1273.6,1283.9,1269.7,1271.7,365986,1281.3,1282.9499999999998,1279.65,0.002575509248419361,1469.9183632745971,-1,1316.092,1419.1318434781094,1213.0521565218908
2021-11-18 00:00:00+05:30,1272.7,1275.6,1243.8,1249.7,632878,1275.1000000000001,1276.8000000000002,1273.4,0.002666457532742601,1453.997628743613,-1,1310.24,1411.0558876367875,1209.4241123632125
2021-11-22 00:00:00+05:30,1248.7,1255.0,1198.8,1205.6,849488,1256.3666666666666,1259.6999999999998,1253.0333333333333,0.0053063065453290035,1429.1617235938688,-1,1302.744,1405.6766627266265,1199.8113372733733
2021-11-23 00:00:00+05:30,1205.6,1247.2,1191.4,1224.7,817122,1219.8,1226.9,1212.6999999999998,0.011641252664371432,1429.095254650114,-1,1295.052,1391.1992557278343,1198.9047442721655
2021-11-24 00:00:00+05:30,1229.6,1234.5,1216.4,1219.3,751484,1221.1000000000001,1219.3000000000002,1222.9,0.002948161493735082,1429.095254650114,-1,1287.4959999999999,1376.297269900794,1198.6947300992058
2021-11-25 00:00:00+05:30,1223.7,1223.7,1211.5,1216.4,721268,1223.3999999999999,1225.45,1221.3499999999997,0.003351316004577705,1419.2285866855448,-1,1280.3519999999999,1361.8450891793518,1198.858910820648
2021-11-26 00:00:00+05:30,1212.5,1220.3,1194.9,1207.1,655912,1217.2,1217.6,1216.8000000000002,0.0006572461386787111,1408.275443218123,-1,1273.68,1350.6306439218927,1196.7293560781075
2021-11-29 00:00:00+05:30,1194.9,1213.5,1164.5,1204.7,943148,1207.4333333333332,1207.6,1207.2666666666664,0.00027606769179815447,1395.368425489398,-1,1267.264,1339.2420606573558,1195.285939342644
2021-11-30 00:00:00+05:30,1200.7,1235.5,1200.7,1206.1,1107604,1194.2333333333333,1189.0,1199.4666666666667,0.008764339743768692,1395.368425489398,-1,1262.076,1332.2201094889233,1191.9318905110767
2021-12-01 00:00:00+05:30,1221.8,1227.2,1209.5,1225.2,457644,1214.1,1218.1,1210.1,0.006589243060703402,1395.368425489398,-1,1257.888,1323.702875400582,1192.073124599418
2021-12-02 00:00:00+05:30,1222.3,1233.0,1220.3,1228.1,500200,1220.6333333333332,1218.35,1222.9166666666665,0.0037412272317648813,1395.368425489398,-1,1254.44,1317.0247010058702,1191.85529899413
2021-12-03 00:00:00+05:30,1217.4,1259.0,1217.4,1238.9,947620,1227.1333333333334,1226.65,1227.6166666666668,0.0007877437931222064,1395.368425489398,-1,1252.0919999999999,1312.3861567981025,1191.7978432018972
2021-12-06 00:00:00+05:30,1248.2,1248.2,1212.0,1213.9,524698,1238.4333333333334,1238.2,1238.6666666666667,0.00037682017602887815,1395.368425489398,-1,1250.132,1312.0570313200908,1188.2069686799093
2021-12-07 00:00:00+05:30,1220.8,1227.2,1209.1,1211.0,451922,1224.7,1230.1,1219.3000000000002,0.008818486159875665,1395.368425489398,-1,1247.7240000000002,1310.8548806844499,1184.5931193155504
2021-12-08 00:00:00+05:30,1223.7,1236.9,1218.8,1234.0,238746,1215.7666666666667,1218.15,1213.3833333333332,0.003920708469278819,1395.368425489398,-1,1246.06,1308.3515467779878,1183.768453222012
2021-12-09 00:00:00+05:30,1243.8,1244.8,1225.2,1237.9,275472,1229.8999999999999,1227.85,1231.9499999999998,0.003333604358077819,1395.368425489398,-1,1244.376,1305.1644799612088,1183.5875200387911
2021-12-10 00:00:00+05:30,1244.8,1244.8,1222.3,1224.7,428140,1235.9666666666667,1235.0,1236.9333333333334,0.0015642277299819794,1395.368425489398,-1,1242.888,1303.7089784859984,1182.0670215140015
2021-12-13 00:00:00+05:30,1234.5,1234.5,1205.6,1207.6,642680,1230.6000000000001,1233.55,1227.6500000000003,0.004794409231269003,1395.368425489398,-1,1240.188,1301.0423525476554,1179.3336474523448
2021-12-14 00:00:00+05:30,1202.7,1207.1,1189.0,1194.4,484058,1215.8999999999999,1220.05,1211.7499999999998,0.006826219261452573,1393.513821560609,-1,1236.7839999999999,1297.9810634589142,1175.5869365410856
2021-12-15 00:00:00+05:30,1195.4,1199.8,1177.3,1180.2,423182,1196.8333333333333,1198.05,1195.6166666666666,0.002033143016293046,1382.4952686981846,-1,1232.636,1294.5500534611845,1170.7219465388155
2021-12-16 00:00:00+05:30,1193.4,1193.4,1158.2,1170.9,553550,1185.7666666666667,1188.55,1182.9833333333333,0.004694571725747004,1371.8434579502575,-1,1227.82,1289.4621414293376,1166.1778585706622
2021-12-17 00:00:00+05:30,1169.4,1175.8,1142.0,1151.8,2454116,1174.1666666666667,1175.8000000000002,1172.5333333333333,0.0027821149751598682,1356.5657196322472,-1,1223.0240000000001,1288.7835688549926,1157.2644311450076
2021-12-20 00:00:00+05:30,1150.8,1151.3,1095.0,1111.2,838108,1156.5333333333335,1158.9,1154.166666666667,0.004092690800092045,1328.8130908469573,-1,1216.016,1290.0833138165183,1141.9486861834819
2021-12-21 00:00:00+05:30,1121.5,1134.2,1112.2,1117.6,365958,1119.1666666666667,1123.15,1115.1833333333334,0.007118391660461679,1327.0765672130788,-1,1209.228,1286.934803202774,1131.5211967972261
2021-12-22 00:00:00+05:30,1121.5,1139.6,1120.5,1132.2,493456,1121.3333333333333,1123.2,1119.4666666666665,0.0033293697978599075,1327.0765672130788,-1,1203.396,1281.4658042523145,1125.3261957476855
2021-12-23 00:00:00+05:30,1134.7,1145.0,1126.4,1142.0,677950,1130.7666666666667,1130.05,1131.4833333333333,0.0012675765704684675,1327.0765672130788,-1,1198.208,1274.6532624038584,1121.7627375961417
2021-12-24 00:00:00+05:30,1147.4,1147.9,1117.1,1128.3,560112,1137.8,1135.7,1139.8999999999999,0.003691334153629652,1327.0765672130788,-1,1193.3519999999999,1271.5010088484478,1115.202991151552
2021-12-27 00:00:00+05:30,1123.9,1141.0,1117.1,1139.1,281260,1131.1000000000001,1132.5,1129.7000000000003,0.002475466360180114,1327.0765672130788,-1,1190.692,1271.4749669175058,1109.9090330824943
2021-12-28 00:00:00+05:30,1142.0,1165.5,1137.6,1161.1,309802,1132.3999999999999,1129.05,1135.7499999999998,0.005916637230660384,1327.0765672130788,-1,1188.1480000000001,1268.4914053547327,1107.8045946452676
2021-12-29 00:00:00+05:30,1159.6,1168.9,1155.7,1161.6,221490,1154.7333333333333,1151.55,1157.9166666666667,0.005513538479302685,1327.0765672130788,-1,1185.84,1265.7853013002946,1105.8946986997053
2021-12-30 00:00:00+05:30,1162.6,1164.5,1144.0,1156.7,553036,1162.0666666666668,1162.3000000000002,1161.8333333333335,0.0004015833859216599,1327.0765672130788,-1,1183.452,1263.1694835528249,1103.734516447175
2021-12-31 00:00:00+05:30,1160.1,1176.8,1158.2,1174.8,235330,1155.0666666666666,1154.25,1155.8833333333332,0.0014140597945283494,1327.0765672130788,-1,1182.16,1261.3477566293864,1102.9722433706138
2022-01-03 00:00:00+05:30,1184.1,1188.5,1176.8,1184.6,320478,1169.9333333333334,1167.5,1172.3666666666668,0.004159781184113158,1327.0765672130788,-1,1181.356,1260.018439931615,1102.693560068385
2022-01-04 00:00:00+05:30,1188.5,1191.9,1177.7,1189.0,281850,1183.3,1182.65,1183.9499999999998,0.001098622496408119,1327.0765672130788,-1,1180.672,1258.7571744186753,1102.5868255813248
2022-01-05 00:00:00+05:30,1191.0,1196.3,1185.1,1191.0,262040,1186.2,1184.8000000000002,1187.6,0.0023604788399930257,1327.0765672130788,-1,1179.304,1255.393662477862,1103.214337522138
2022-01-06 00:00:00+05:30,1185.1,1185.1,1172.4,1176.8,321872,1190.8,1190.6999999999998,1190.9,0.00016795431642616129,1327.0765672130788,-1,1177.252,1250.6878848519916,1103.8161151480083
2022-01-07 00:00:00+05:30,1185.1,1185.1,1169.4,1172.4,466362,1178.1000000000001,1178.75,1177.4500000000003,0.0011034716917067541,1327.0765672130788,-1,1174.5919999999999,1243.586328346575,1105.5976716534246
2022-01-10 00:00:00+05:30,1181.7,1214.9,1174.3,1209.5,571308,1175.6333333333334,1177.25,1174.0166666666669,0.0027502906234935388,1327.0765672130788,-1,1174.416,1243.0297404314545,1105.8022595685454
2022-01-11 00:00:00+05:30,1200.7,1218.8,1191.4,1194.4,324198,1199.5666666666666,1194.6,1204.5333333333333,0.00828076805513107,1327.0765672130788,-1,1173.752,1241.248942034399,1106.2550579656008
2022-01-12 00:00:00+05:30,1205.1,1205.1,1184.1,1196.3,325920,1201.5333333333333,1205.1,1197.9666666666667,0.005936858458636086,1327.0765672130788,-1,1172.244,1235.8625150407886,1108.6254849592112
2022-01-13 00:00:00+05:30,1202.7,1204.2,1185.1,1188.0,380320,1195.1666666666667,1194.6,1195.7333333333336,0.0009482638404688328,1327.0765672130788,-1,1170.2479999999998,1228.3976860180267,1112.098313981973
2022-01-14 00:00:00+05:30,1186.1,1200.2,1179.2,1186.5,1178016,1192.4333333333334,1194.65,1190.2166666666667,0.0037178877924692313,1327.0765672130788,-1,1168.72,1222.940881586296,1114.499118413704
2022-01-17 00:00:00+05:30,1193.4,1198.3,1183.1,1195.4,361658,1188.6333333333334,1189.7,1187.5666666666668,0.0017947783168343575,1327.0765672130788,-1,1168.232,1221.2506599603869,1115.213340039613
2022-01-18 00:00:00+05:30,1197.8,1203.2,1167.5,1176.3,750070,1192.2666666666667,1190.6999999999998,1193.8333333333335,0.002628047416685585,1327.0765672130788,-1,1167.508,1219.5631068003433,1115.4528931996567
2022-01-19 00:00:00+05:30,1183.1,1183.1,1147.4,1149.9,529226,1182.3333333333333,1185.35,1179.3166666666666,0.00510290386241892,1327.0765672130788,-1,1166.296,1218.523302591606,1114.0686974083942
2022-01-20 00:00:00+05:30,1146.9,1152.3,1131.7,1149.4,483362,1160.1333333333334,1165.25,1155.0166666666669,0.008820825192506425,1319.1104382825506,-1,1165.436,1218.038444962142,1112.8335550378579
2022-01-21 00:00:00+05:30,1147.4,1147.4,1127.3,1138.1,443462,1144.4666666666667,1142.0,1146.9333333333334,0.0043105959107590675,1313.5640207512483,-1,1164.888,1218.32606343792,1111.4499365620798
2022-01-24 00:00:00+05:30,1143.0,1143.0,1073.5,1084.8,836278,1137.6,1137.35,1137.85,0.000439521800281294,1296.8754599211986,-1,1163.8319999999999,1222.2805748671017,1105.383425132898
2022-01-25 00:00:00+05:30,1068.6,1082.3,1042.7,1071.6,1141066,1100.4333333333334,1108.25,1092.6166666666668,0.014206524702389856,1255.3684415243506,-1,1161.992,1228.4885303154626,1095.4954696845373
2022-01-27 00:00:00+05:30,1073.5,1073.5,1017.3,1028.0,1967572,1065.5333333333333,1062.5,1068.5666666666666,0.005693549396233441,1246.2897038633769,-1,1157.8239999999998,1241.9840053231655,1073.6639946768341
2022-01-28 00:00:00+05:30,1044.7,1081.3,1028.5,1049.1,1610088,1039.6000000000001,1045.4,1033.8000000000002,0.01115813774528656,1246.2897038633769,-1,1154.108,1248.3361982423273,1059.8798017576726
2022-01-31 00:00:00+05:30,1070.6,1070.6,1053.0,1059.3,925676,1052.9666666666667,1054.9,1051.0333333333333,0.0036721643610118596,1246.2897038633769,-1,1151.348,1252.2444002529098,1050.45159974709
2022-02-01 00:00:00+05:30,1070.6,1071.1,1050.0,1064.2,723238,1060.9666666666665,1061.8,1060.133333333333,0.0015708944673099722,1246.2897038633769,-1,1148.3519999999999,1254.8195593032704,1041.8844406967294
2022-02-02 00:00:00+05:30,1069.1,1109.2,1066.7,1102.4,465478,1061.7666666666667,1060.55,1062.9833333333333,0.002291777854519255,1246.2897038633769,-1,1146.004,1253.823945909815,1038.1840540901849
2022-02-03 00:00:00+05:30,1105.3,1120.5,1095.5,1108.7,708646,1092.7666666666667,1087.95,1097.5833333333333,0.008815544642039971,1246.2897038633769,-1,1143.888,1252.474221151652,1035.3017788483478
2022-02-04 00:00:00+05:30,1110.7,1113.6,1099.9,1104.8,325362,1108.2333333333333,1108.0,1108.4666666666667,0.00042109062471804704,1246.2897038633769,-1,1141.812,1251.3196445915787,1032.304355408421
2022-02-07 00:00:00+05:30,1105.8,1106.8,1054.9,1061.3,695744,1106.1000000000001,1106.75,1105.4500000000003,0.0011753006057316038,1246.2897038633769,-1,1137.272,1250.2875461164328,1024.256453883567
2022-02-08 00:00:00+05:30,1066.2,1070.1,1045.1,1061.3,552252,1074.3333333333333,1080.85,1067.8166666666666,0.012131554452373537,1246.2897038633769,-1,1132.34,1247.4065198917376,1017.2734801082622
2022-02-09 00:00:00+05:30,1062.3,1077.9,1062.3,1072.5,403778,1058.8333333333333,1057.6,1060.0666666666666,0.002329608059184666,1246.2897038633769,-1,1127.68,1242.6265823763183,1012.7334176236818
2022-02-10 00:00:00+05:30,1077.4,1078.4,1058.4,1066.7,409024,1070.8999999999999,1070.1,1071.6999999999998,0.0014940704080678956,1246.2897038633769,-1,1122.7079999999999,1237.02027293688,1008.3957270631197
2022-02-11 00:00:00+05:30,1056.9,1068.1,1052.0,1062.3,504344,1067.8333333333333,1068.4,1067.2666666666664,0.0010613391602937415,1246.2897038633769,-1,1118.128,1232.5792964714506,1003.6767035285494
2022-02-14 00:00:00+05:30,1033.4,1049.1,1025.6,1043.2,919224,1060.8,1060.05,1061.55,0.001414027149321267,1237.0795636020844,-1,1112.96,1228.8015607629488,997.1184392370513
2022-02-15 00:00:00+05:30,1043.2,1061.8,1040.7,1057.4,541674,1039.3,1037.35,1041.25,0.003752525738477909,1237.0795636020844,-1,1106.876,1217.6637145535371,996.0882854464628
2022-02-16 00:00:00+05:30,1064.7,1072.1,1052.5,1059.3,680230,1053.3,1051.25,1055.35,0.0038925282445646152,1237.0795636020844,-1,1101.472,1207.7432984017607,995.2007015982391
2022-02-17 00:00:00+05:30,1061.3,1066.2,1048.1,1059.3,516916,1061.3,1062.3,1060.3,0.0018844812965231321,1237.0795636020844,-1,1095.992,1196.0881924550388,995.895807544961
2022-02-18 00:00:00+05:30,1056.9,1063.2,1047.6,1056.4,278678,1057.8666666666668,1057.15,1058.5833333333335,0.0013549281572977632,1237.0795636020844,-1,1090.728,1184.5615636326163,996.8944363673837
2022-02-21 00:00:00+05:30,1052.0,1054.4,1037.8,1042.7,351516,1055.7333333333333,1055.4,1056.0666666666666,0.0006314725940892729,1232.8993525091823,-1,1084.976,1172.0041661072803,997.94783389272
2022-02-22 00:00:00+05:30,1033.4,1052.0,1011.9,1048.1,588930,1044.9666666666665,1046.1,1043.833333333333,0.002169128201856722,1222.505378408815,-1,1079.0839999999998,1154.5933356876908,1003.5746643123088
2022-02-23 00:00:00+05:30,1056.4,1059.3,1043.2,1048.6,392026,1037.3333333333333,1031.95,1042.7166666666665,0.010379177377891798,1222.505378408815,-1,1073.976,1139.0438484045424,1008.9081515954579
2022-02-24 00:00:00+05:30,1018.7,1031.4,965.4,970.8,1213858,1050.3666666666666,1051.25,1049.4833333333331,0.0016819523341057526,1201.639516741564,-1,1066.812,1136.1623181246962,997.4616818753036
2022-02-25 00:00:00+05:30,986.9,1013.3,985.4,999.6,658860,989.2000000000002,998.4000000000001,980.0000000000002,0.01860088960776371,1201.639516741564,-1,1060.82,1126.3739350458586,995.2660649541413
2022-02-28 00:00:00+05:30,997.2,1016.3,975.2,1002.1,557100,999.4333333333333,999.3499999999999,999.5166666666667,0.00016676116466004983,1201.639516741564,-1,1055.38,1116.8216666440353,993.9383333559649
2022-03-02 00:00:00+05:30,994.3,1020.2,986.9,1017.3,571486,997.8666666666667,995.75,999.9833333333333,0.004242383752004291,1201.639516741564,-1,1052.68,1114.6432665374962,990.716733462504
2022-03-03 00:00:00+05:30,1025.6,1028.5,999.1,1003.1,570808,1008.1333333333332,1003.55,1012.7166666666665,0.009092712604152741,1201.639516741564,-1,1049.94,1114.3251659933935,985.5548340066066
2022-03-04 00:00:00+05:30,995.2,1010.9,983.5,999.6,382966,1010.2333333333332,1013.8,1006.6666666666665,0.007061074999175214,1201.639516741564,-1,1048.804,1115.6525447560143,981.9554552439859
2022-03-07 00:00:00+05:30,999.1,999.1,954.6,979.1,606024,998.0,997.2,998.8,0.0016032064128255602,1191.2155398814298,-1,1046.004,1118.217139635366,973.7908603646339
2022-03-08 00:00:00+05:30,975.2,1013.3,963.9,1010.4,513640,977.6,976.85,978.35,0.0015343698854337151,1191.2155398814298,-1,1044.048,1117.3553774186262,970.7406225813738
2022-03-09 00:00:00+05:30,1020.7,1035.4,999.1,1024.6,517234,995.8666666666667,988.5999999999999,1003.1333333333334,0.014593653768911698,1191.2155398814298,-1,1042.464,1115.6724340496157,969.2555659503843
2022-03-10 00:00:00+05:30,1049.5,1049.5,1028.0,1041.7,637904,1019.6999999999999,1017.25,1022.1499999999999,0.004805334902422148,1191.2155398814298,-1,1040.036,1109.0375624170713,971.034437582929
2022-03-11 00:00:00+05:30,1043.7,1046.6,1028.0,1041.2,568852,1039.7333333333333,1038.75,1040.7166666666667,0.001891510643754838,1191.2155398814298,-1,1037.336,1100.406700138789,974.2652998612112
2022-03-14 00:00:00+05:30,1039.8,1044.2,1017.3,1034.9,482520,1038.6000000000001,1037.3,1039.9000000000003,0.002503369921047914,1191.2155398814298,-1,1034.54,1091.279488894394,977.800511105606
2022-03-15 00:00:00+05:30,1033.4,1044.2,1017.7,1024.1,520738,1032.1333333333334,1030.75,1033.5166666666669,0.0026805322309781153,1191.2155398814298,-1,1033.0520000000001,1088.8496377994363,977.2543622005638
2022-03-16 00:00:00+05:30,1032.4,1069.6,1030.5,1060.8,961796,1028.6666666666667,1030.95,1026.3833333333334,0.004439403758911152,1191.2155398814298,-1,1033.032,1088.7894668003944,977.2745331996056
2022-03-17 00:00:00+05:30,1078.4,1080.4,1069.6,1075.0,757724,1053.6333333333332,1050.05,1057.2166666666665,0.0068018602296812765,1191.2155398814298,-1,1033.132,1089.180456749469,977.0835432505312
2022-03-21 00:00:00+05:30,1078.9,1083.3,1030.5,1033.9,735788,1075.0,1075.0,1075.0,0.0,1191.2155398814298,-1,1031.82,1086.173921661616,977.4660783383838
2022-03-22 00:00:00+05:30,1033.9,1040.7,1018.7,1037.8,554896,1049.2333333333333,1056.9,1041.5666666666666,0.014613845029704373,1191.2155398814298,-1,1030.84,1083.8266398254987,977.8533601745013
2022-03-23 00:00:00+05:30,1042.2,1077.4,1042.2,1065.7,1190516,1032.3999999999999,1029.7,1035.0999999999997,0.005230530802014371,1191.2155398814298,-1,1031.74,1086.2774733554563,977.2025266445437
2022-03-24 00:00:00+05:30,1047.1,1068.6,1042.2,1047.1,578194,1061.7666666666667,1059.8000000000002,1063.7333333333331,0.003704517627852578,1191.2155398814298,-1,1031.328,1085.2358478887545,977.4201521112453
2022-03-25 00:00:00+05:30,1048.1,1055.9,1029.0,1031.4,432250,1052.6333333333334,1055.4,1049.8666666666668,0.005256657905570128,1191.2155398814298,-1,1030.212,1082.8986759626864,977.5253240373135
2022-03-28 00:00:00+05:30,1033.4,1040.7,1000.1,1006.0,878392,1038.7666666666667,1042.45,1035.0833333333333,0.007091743413663756,1191.2155398814298,-1,1028.08,1080.1964235150222,975.9635764849777
2022-03-29 00:00:00+05:30,1007.0,1014.8,1001.1,1006.0,1049630,1015.6,1020.4000000000001,1010.8,0.009452540370224633,1191.2155398814298,-1,1026.0639999999999,1077.5377332626767,974.5902667373231
2022-03-30 00:00:00+05:30,1014.3,1042.2,1013.3,1039.3,879084,1007.3000000000001,1007.95,1006.6500000000001,0.0012905787749428715,1191.2155398814298,-1,1025.928,1077.242918532501,974.6130814674992
2022-03-31 00:00:00+05:30,1039.3,1052.5,1025.6,1030.5,827048,1031.6000000000001,1027.75,1035.4500000000003,0.007464133385033222,1191.2155398814298,-1,1025.2240000000002,1075.7801796024703,974.66782039753
2022-04-01 00:00:00+05:30,1037.3,1100.9,1036.8,1093.6,1497586,1036.2,1039.05,1033.3500000000001,0.005500868558193223,1191.2155398814298,-1,1027.024,1083.6241916604279,970.4238083395719
2022-04-04 00:00:00+05:30,1104.8,1191.0,1099.0,1131.3,4182148,1077.1,1068.85,1085.35,0.015318911893046143,1191.2155398814298,-1,1033.444,1098.8098278919274,968.0781721080725
2022-04-05 00:00:00+05:30,1140.6,1141.5,1115.1,1124.4,719118,1140.4333333333334,1145.0,1135.8666666666668,0.008008651682109033,1191.2155398814298,-1,1038.4360000000001,1111.3292343636706,965.5427656363296
2022-04-06 00:00:00+05:30,1119.0,1129.3,1107.3,1116.6,371754,1127.0,1128.3,1125.7,0.0023070097604258287,1191.2155398814298,-1,1043.0159999999998,1120.448596340281,965.5834036597187
2022-04-07 00:00:00+05:30,1114.1,1130.8,1095.5,1098.5,352644,1117.7333333333333,1118.3,1117.1666666666667,0.0010139568173683753,1191.2155398814298,-1,1046.264,1125.890344987051,966.6376550129488
2022-04-08 00:00:00+05:30,1099.9,1114.6,1084.3,1091.6,487762,1108.2666666666667,1113.15,1103.3833333333332,0.008812560153994417,1191.2155398814298,-1,1049.804,1129.308615815667,970.299384184333
2022-04-11 00:00:00+05:30,1091.6,1098.5,1080.4,1083.8,291488,1096.8333333333333,1099.4499999999998,1094.2166666666667,0.004771311350858339,1191.2155398814298,-1,1053.172,1131.0003756993347,975.3436243006654
2022-04-12 00:00:00+05:30,1083.3,1083.3,1061.8,1066.7,325994,1087.5666666666666,1089.45,1085.6833333333332,0.0034633892175194277,1191.2155398814298,-1,1056.6760000000002,1128.5060723652477,984.8459276347525
2022-04-13 00:00:00+05:30,1068.6,1072.1,1053.5,1055.9,292608,1070.6000000000001,1072.55,1068.6500000000003,0.003642817111899529,1191.2155398814298,-1,1058.4959999999999,1127.8052427890875,989.1867572109122
2022-04-18 00:00:00+05:30,1033.9,1068.6,1033.9,1049.1,629102,1060.5,1062.8,1058.2,0.004337576614804252,1191.2155398814298,-1,1059.476,1127.5217558999582,991.430244100042
2022-04-19 00:00:00+05:30,1052.5,1061.3,998.2,1013.3,412086,1050.5333333333333,1051.25,1049.8166666666666,0.0013643863434446572,1191.2155398814298,-1,1058.34,1128.4517736189628,988.2282263810371
2022-04-20 00:00:00+05:30,1022.6,1032.4,1002.1,1007.0,489726,1024.2666666666667,1029.75,1018.7833333333333,0.010706847175214817,1191.2155398814298,-1,1056.972,1129.6555446576233,984.2884553423767
2022-04-21 00:00:00+05:30,1010.9,1015.8,1001.1,1005.0,825382,1013.8333333333334,1017.25,1010.4166666666667,0.00674009534769021,1191.2155398814298,-1,1055.776,1130.818671167788,980.7333288322122
2022-04-22 00:00:00+05:30,1005.5,1005.5,980.1,983.0,632786,1007.3000000000001,1008.45,1006.1500000000001,0.0022833316787451152,1191.2155398814298,-1,1054.132,1133.5515687724176,974.7124312275826
2022-04-25 00:00:00+05:30,979.6,979.6,953.2,962.9,1034722,989.5333333333333,992.8,986.2666666666667,0.0066024388600686885,1191.2155398814298,-1,1050.216,1137.2259889437805,963.2060110562194
2022-04-26 00:00:00+05:30,975.2,1005.5,958.0,1002.6,1649262,965.2333333333335,966.4000000000001,964.0666666666668,0.0024173774907620856,1191.2155398814298,-1,1047.32,1135.6471011637811,958.9928988362187
2022-04-27 00:00:00+05:30,989.4,1022.6,983.0,995.2,878176,988.6999999999999,981.75,995.6499999999999,0.01405886517649425,1191.2155398814298,-1,1045.7720000000002,1136.3143396207372,955.2296603792632
2022-04-28 00:00:00+05:30,983.5,1005.0,982.0,985.9,808210,1000.2666666666668,1002.8,997.7333333333336,0.00506531591575551,1191.2155398814298,-1,1043.696,1137.2056398025193,950.1863601974807
2022-04-29 00:00:00+05:30,995.2,1003.1,977.6,980.6,564870,990.9666666666667,993.5,988.4333333333334,0.005112852770022476,1191.2155398814298,-1,1040.2920000000001,1136.5064092326975,944.0775907673028
2022-05-02 00:00:00+05:30,975.2,979.1,964.9,974.2,428378,987.1,990.35,983.85,0.006584945800830716,1191.2155398814298,-1,1037.376,1136.9485308305307,937.8034691694693
2022-05-04 00:00:00+05:30,979.6,987.9,948.7,958.5,599054,972.7333333333332,972.0,973.4666666666665,0.001507778767733332,1191.2155398814298,-1,1034.46,1138.7211643901842,930.1988356098158
2022-05-05 00:00:00+05:30,963.4,971.7,932.6,936.5,774850,965.0333333333333,968.3,961.7666666666667,0.006770059756139653,1179.3198666499948,-1,1031.68,1142.3383354293615,921.0216645706387
2022-05-06 00:00:00+05:30,931.6,954.1,921.8,940.4,1008670,946.9333333333334,952.1500000000001,941.7166666666667,0.0110180230920868,1165.0770719839948,-1,1029.056,1145.0100333752866,913.1019666247133
2022-05-09 00:00:00+05:30,939.5,947.3,918.4,928.2,723322,938.7666666666668,937.95,939.5833333333335,0.0017398714625573687,1158.983989104635,-1,1024.612,1146.9928000627435,902.2311999372567
2022-05-10 00:00:00+05:30,924.8,944.8,915.0,920.9,342030,931.2999999999998,932.8499999999999,929.7499999999998,0.003328680339310788,1155.3326295404495,-1,1020.2279999999998,1149.1296061342805,891.3263938657192
2022-05-11 00:00:00+05:30,926.7,926.7,884.7,901.3,1026448,926.9,929.9,923.9,0.006473190203905492,1133.8753243588317,-1,1012.5360000000001,1145.880004799606,879.1919952003941
2022-05-12 00:00:00+05:30,900.8,912.5,875.4,883.7,804694,904.2333333333332,905.7,902.7666666666664,0.0032440004423640156,1123.3863113844784,-1,1002.632,1136.0009585473226,869.2630414526772
2022-05-13 00:00:00+05:30,892.0,893.9,841.1,849.9,1050734,890.5333333333334,893.95,887.1166666666668,0.007673304386884178,1102.542858929099,-1,991.6519999999999,1128.271824271581,855.0321757284189
2022-05-16 00:00:00+05:30,856.3,867.5,841.6,846.0,710618,861.6333333333333,867.5,855.7666666666667,0.013617548067623523,1087.4431445719351,-1,980.828,1119.0044844827,842.6515155173
2022-05-17 00:00:00+05:30,851.4,871.9,837.7,870.0,711520,851.6999999999999,854.55,848.8499999999999,0.006692497358224781,1087.4431445719351,-1,971.688,1107.733454992065,835.642545007935
2022-05-18 00:00:00+05:30,873.4,879.3,850.4,852.4,773028,859.8666666666667,854.8,864.9333333333334,0.011784772832997488,1087.4431445719351,-1,962.12,1096.7242257880416,827.5157742119584
2022-05-19 00:00:00+05:30,842.1,842.1,817.1,819.6,908994,860.6999999999999,864.8499999999999,856.55,0.009643313581968113,1062.1265107559957,-1,951.552,1087.7596194050768,815.3443805949232
2022-05-20 00:00:00+05:30,828.4,833.8,818.6,819.6,922912,826.2666666666668,829.6,822.9333333333335,0.008068420203324005,1053.6814503257558,-1,941.6679999999999,1078.8762530462302,804.4597469537695
2022-05-23 00:00:00+05:30,822.0,844.5,817.6,833.3,1010950,824.0,826.2,821.8,0.0053398058252428285,1053.6814503257558,-1,932.7640000000001,1068.0419642661677,797.4860357338325
2022-05-24 00:00:00+05:30,833.8,835.2,811.7,817.6,1556362,831.7999999999998,831.05,832.5499999999997,0.0018033181053135044,1046.9076246202167,-1,923.5039999999999,1057.3461694982514,789.6618305017485
2022-05-25 00:00:00+05:30,822.5,825.9,813.2,818.6,789928,821.5,823.45,819.55,0.004747413268411553,1037.6253196354078,-1,915.7159999999999,1050.4073470717356,781.0246529282641
2022-05-26 00:00:00+05:30,819.1,837.7,812.2,834.7,1438536,819.2333333333332,819.55,818.9166666666665,0.000773080522439809,1037.6253196354078,-1,908.824,1041.747632571484,775.900367428516
2022-05-27 00:00:00+05:30,841.6,871.4,836.7,868.0,1946848,828.2000000000002,824.95,831.4500000000003,0.007848345810191048,1037.6253196354078,-1,903.3439999999999,1031.1534466618134,775.5345533381864
2022-05-30 00:00:00+05:30,874.4,885.6,869.0,881.7,1463004,858.6999999999999,854.05,863.3499999999999,0.01083032490974724,1037.6253196354078,-1,899.2919999999999,1023.1036365451931,775.4803634548067
2022-05-31 00:00:00+05:30,877.3,934.1,868.5,911.1,13577036,878.7666666666668,877.3,880.2333333333336,0.0033380116071770522,1037.6253196354078,-1,897.22,1018.4103494507672,776.0296505492329
2022-06-01 00:00:00+05:30,891.0,907.2,881.2,890.5,1351464,904.5666666666666,901.3,907.8333333333333,0.007222611195047319,1037.6253196354078,-1,892.7359999999999,1006.0369709402311,779.4350290597687
2022-06-02 00:00:00+05:30,881.2,907.6,881.2,905.2,816324,892.9666666666667,894.2,891.7333333333333,0.002762327821120643,1037.6253196354078,-1,889.136,994.6362692697945,783.6357307302054
2022-06-03 00:00:00+05:30,905.7,911.6,892.0,894.4,1210156,898.0,894.4000000000001,901.5999999999999,0.008017817371937437,1037.6253196354078,-1,885.4760000000001,983.3689747019633,787.5830252980369
2022-06-06 00:00:00+05:30,886.6,900.3,872.9,892.5,1145434,899.3333333333334,901.8,896.8666666666668,0.005485544848035396,1037.6253196354078,-1,881.952,971.9157815123357,791.9882184876643
2022-06-07 00:00:00+05:30,881.2,901.8,870.0,898.4,1095938,888.5666666666666,886.5999999999999,890.5333333333333,0.004426604644183585,1037.6253196354078,-1,878.92,961.0080307962087,796.8319692037912
2022-06-08 00:00:00+05:30,899.3,921.3,892.0,913.0,1499808,890.0666666666666,885.9,894.2333333333332,0.009362594562204994,1037.6253196354078,-1,877.1,953.8968124338461,800.303187566154
2022-06-09 00:00:00+05:30,889.1,905.7,884.2,903.2,1141286,908.7666666666668,906.65,910.8833333333336,0.004658328137035809,1037.6253196354078,-1,875.768,949.4911951559301,802.04480484407
2022-06-10 00:00:00+05:30,891.5,899.3,885.1,897.4,1056070,897.7000000000002,894.95,900.4500000000003,0.006126768408154424,1037.6253196354078,-1,874.048,943.5446156298232,804.5513843701768
2022-06-13 00:00:00+05:30,880.7,887.1,864.6,871.0,1202352,893.9333333333334,892.2,895.6666666666667,0.0038779923931688007,1037.6253196354078,-1,871.76,937.6472977135913,805.8727022864086
2022-06-14 00:00:00+05:30,867.0,876.8,864.1,874.4,1091066,874.2333333333332,875.85,872.6166666666664,0.003698478667022812,1037.6253196354078,-1,869.9,932.6857818299609,807.1142181700391
2022-06-15 00:00:00+05:30,871.9,880.2,863.6,878.3,739502,871.7666666666668,870.45,873.0833333333335,0.0030206859633695243,1037.6253196354078,-1,868.98,930.5608801496005,807.3991198503995
2022-06-16 00:00:00+05:30,883.2,891.5,852.8,857.3,1167180,874.0333333333334,871.9000000000001,876.1666666666667,0.0048815834636359995,1037.6253196354078,-1,867.9240000000001,929.3642416661872,806.483758333813
2022-06-17 00:00:00+05:30,848.9,854.8,823.0,849.4,1566354,867.1999999999999,872.15,862.2499999999999,0.01141605166051671,1037.6253196354078,-1,867.904,929.3680182220417,806.4399817779583
2022-06-20 00:00:00+05:30,848.9,862.1,843.5,858.2,569824,842.4,838.9,845.9,0.008309591642924977,1037.6253196354078,-1,868.3919999999999,929.344228375995,807.4397716240048
2022-06-21 00:00:00+05:30,862.6,894.9,856.8,891.0,575904,854.6,852.8,856.4000000000001,0.004212497074654969,1037.6253196354078,-1,869.232,930.8251611788147,807.6388388211852
2022-06-22 00:00:00+05:30,884.2,888.1,873.9,878.3,497476,880.9,875.8499999999999,885.95,0.011465546600068268,1037.6253196354078,-1,870.2679999999999,931.5644134676689,808.9715865323309
2022-06-23 00:00:00+05:30,877.8,883.7,866.5,871.9,558512,880.1,881.0,879.2,0.0020452221338483744,1037.6253196354078,-1,872.36,930.0610502504019,814.6589497495982
2022-06-24 00:00:00+05:30,881.2,887.6,867.5,872.4,612724,874.0333333333333,875.1,872.9666666666666,0.00244079173181813,1037.6253196354078,-1,874.4720000000001,928.0088141002001,820.9351858998001
2022-06-27 00:00:00+05:30,871.0,884.7,841.1,844.5,2570418,875.8333333333334,877.55,874.1166666666668,0.003920076117982683,1037.6253196354078,-1,874.92,927.2449233157523,822.5950766842476
2022-06-28 00:00:00+05:30,842.1,860.2,837.7,840.6,1487020,856.7666666666668,862.9000000000001,850.6333333333334,0.014317394856631502,1037.6253196354078,-1,875.84,924.8019934234643,826.8780065765358
2022-06-29 00:00:00+05:30,849.9,852.4,834.7,838.2,1114752,846.1666666666666,848.95,843.3833333333332,0.006578688201694111,1037.6253196354078,-1,876.6240000000001,922.420009607818,830.8279903921823
2022-06-30 00:00:00+05:30,840.6,863.6,840.6,860.7,1267064,841.7666666666668,843.55,839.9833333333336,0.004237120342137225,1037.6253196354078,-1,877.6640000000001,920.7023598200411,834.6256401799591
2022-07-01 00:00:00+05:30,855.8,883.2,854.8,880.7,895768,854.9666666666667,852.1,857.8333333333334,0.00670591446060277,1037.6253196354078,-1,878.172,921.0415703733933,835.3024296266068
2022-07-04 00:00:00+05:30,882.7,901.3,880.2,898.4,454204,872.9,869.0,876.8,0.008935731469813215,1037.6253196354078,-1,878.84,922.4231527083494,835.2568472916506
2022-07-05 00:00:00+05:30,902.8,909.6,892.0,894.4,521942,893.3000000000001,890.75,895.8500000000001,0.005709168252546889,1037.6253196354078,-1,878.1720000000001,920.2425510303743,836.101448969626
2022-07-06 00:00:00+05:30,898.4,919.9,893.5,917.9,442132,898.6666666666666,900.8,896.5333333333333,0.0047477744807121495,1037.6253196354078,-1,879.268,923.9148353189709,834.6211646810292
2022-07-07 00:00:00+05:30,918.4,924.3,912.1,915.5,403752,910.4333333333334,906.7,914.1666666666667,0.008201222860908757,1037.6253196354078,-1,879.68,925.4523409932165,833.9076590067834
2022-07-08 00:00:00+05:30,919.9,942.9,919.4,939.9,1269312,917.3000000000001,918.2,916.4000000000001,0.0019622806061266266,1037.6253196354078,-1,881.5,932.7583729745616,830.2416270254384
2022-07-11 00:00:00+05:30,936.5,945.3,929.2,940.9,899494,934.0666666666666,931.15,936.9833333333332,0.006245093141103338,1037.6253196354078,-1,883.4359999999999,939.6285797236541,827.2434202763458
2022-07-12 00:00:00+05:30,939.0,939.0,916.9,920.9,382724,938.4666666666667,937.25,939.6833333333334,0.002592882006109321,1037.6253196354078,-1,884.336,942.1556058097875,826.5163941902125
2022-07-13 00:00:00+05:30,925.8,928.7,910.6,916.0,276530,925.6,927.95,923.25,0.005077787381158216,1037.6253196354078,-1,884.456,942.5249818750011,826.3870181249989
2022-07-14 00:00:00+05:30,916.0,928.2,907.6,911.6,531770,918.4333333333334,919.6500000000001,917.2166666666667,0.002649439262512315,1037.6253196354078,-1,884.7919999999999,943.3857585754591,826.1982414245407
2022-07-15 00:00:00+05:30,916.5,920.9,905.2,911.6,254356,915.8000000000001,917.9000000000001,913.7,0.0045861541821358865,1037.6253196354078,-1,885.36,944.7021536515081,826.017846348492
2022-07-18 00:00:00+05:30,917.4,929.2,914.5,927.2,294758,912.5666666666666,913.05,912.0833333333333,0.0010592833400299853,1037.6253196354078,-1,887.6080000000001,948.8319932052717,826.3840067947284
2022-07-19 00:00:00+05:30,925.8,930.2,919.9,927.7,179236,923.6333333333333,921.85,925.4166666666666,0.0038615612255945065,1037.6253196354078,-1,889.74,952.6642592328199,826.8157407671802
2022-07-20 00:00:00+05:30,933.6,938.5,920.9,922.8,212444,925.9333333333334,925.05,926.8166666666668,0.00190798473612234,1037.6253196354078,-1,891.52,955.5568893685435,827.4831106314565
2022-07-21 00:00:00+05:30,922.3,930.2,908.1,924.8,546774,927.4,929.7,925.0999999999999,0.0049601035152039424,1037.6253196354078,-1,894.22,957.9492020976179,830.4907979023822
2022-07-22 00:00:00+05:30,930.6,931.6,899.3,913.5,1346888,921.0333333333334,919.1500000000001,922.9166666666667,0.004089609496579912,1037.6253196354078,-1,896.7840000000001,958.2101880308309,835.3578119691693
2022-07-25 00:00:00+05:30,907.6,915.5,883.7,893.5,1300298,914.8000000000001,915.45,914.1500000000001,0.0014210756449496659,1037.6253196354078,-1,898.196,957.5991239582478,838.7928760417523
2022-07-26 00:00:00+05:30,895.9,907.2,887.6,894.4,1063332,897.5666666666666,899.6,895.5333333333332,0.00453076837375144,1037.6253196354078,-1,898.332,957.6841482677665,838.9798517322334
2022-07-27 00:00:00+05:30,893.5,920.4,889.5,915.5,1269298,896.4000000000001,897.4000000000001,895.4000000000001,0.002231146809460062,1037.6253196354078,-1,899.82,958.9535302514481,840.686469748552
2022-07-28 00:00:00+05:30,924.3,940.4,918.4,934.1,897814,908.4666666666667,904.95,911.9833333333333,0.00774198282820867,1037.6253196354078,-1,902.308,961.7664606595131,842.8495393404869
2022-07-29 00:00:00+05:30,945.8,953.2,930.6,935.0,730708,930.9666666666667,929.4,932.5333333333334,0.0033656772530345942,1037.6253196354078,-1,904.812,964.2940395077272,845.3299604922728
2022-08-01 00:00:00+05:30,941.9,971.3,933.1,960.5,789388,939.6,941.9000000000001,937.3,0.004895700297999294,1037.6253196354078,-1,909.452,967.4707313201412,851.4332686798588
2022-08-02 00:00:00+05:30,960.5,969.3,957.1,965.4,585892,954.9666666666667,952.2,957.7333333333333,0.005794268560857241,1037.6253196354078,-1,914.444,969.2967652538924,859.5912347461075
2022-08-03 00:00:00+05:30,965.4,976.1,955.1,961.5,1076640,963.9333333333334,963.2,964.6666666666667,0.0015215436752196178,1037.6253196354078,-1,919.3759999999999,967.7051474784992,871.0468525215006
2022-08-04 00:00:00+05:30,961.5,971.7,943.9,954.6,648396,964.2333333333332,965.6,962.8666666666664,0.0028347218861273994,1037.6253196354078,-1,923.132,967.0288507298469,879.235149270153
2022-08-05 00:00:00+05:30,957.1,964.9,948.7,961.5,383160,956.7333333333332,957.8,955.6666666666665,0.002229809769354163,1037.6253196354078,-1,926.364,969.1730039127098,883.5549960872903
2022-08-08 00:00:00+05:30,960.5,968.8,953.2,962.9,446366,958.3666666666667,956.8,959.9333333333334,0.003269451497339334,1037.6253196354078,-1,928.944,972.4692599762292,885.4187400237707
2022-08-10 00:00:00+05:30,966.4,967.3,950.2,953.2,249620,961.6333333333333,961.0,962.2666666666667,0.0013172033692675498,1037.6253196354078,-1,931.2959999999999,973.4330518190143,889.1589481809856
2022-08-11 00:00:00+05:30,960.0,982.5,953.6,973.7,889022,956.9,958.75,955.05,0.0038666527327829926,1037.6253196354078,-1,933.528,978.4121538184497,888.6438461815503
2022-08-12 00:00:00+05:30,975.7,979.6,935.5,939.5,1864974,969.9333333333334,968.05,971.8166666666668,0.0038834284143242272,1037.6253196354078,-1,934.488,978.811874198881,890.1641258011191
2022-08-16 00:00:00+05:30,945.8,1065.7,929.7,1047.6,10922088,951.5333333333333,957.55,945.5166666666667,0.012646255167098686,793.1526995445265,1,938.7959999999999,1001.5078484498592,876.0841515501406
2022-08-17 00:00:00+05:30,1044.7,1058.4,1034.9,1043.2,1546116,1014.3333333333334,997.7,1030.9666666666667,0.03279658232007885,843.7045915627456,1,942.888,1017.782065345647,867.9939346543531
2022-08-18 00:00:00+05:30,1037.3,1053.5,1032.4,1047.6,928660,1045.5,1046.65,1044.35,0.0021999043519848704,843.7045915627456,1,947.956,1032.7107252723877,863.2012747276123
2022-08-19 00:00:00+05:30,1051.0,1062.8,1028.0,1035.8,1051182,1044.5,1042.95,1046.05,0.0029679272379127897,843.7045915627456,1,952.748,1043.0960579979328,862.3999420020673
2022-08-22 00:00:00+05:30,1028.0,1031.4,1007.5,1010.4,1040126,1042.2,1045.4,1039.0,0.0061408558817886115,843.7045915627456,1,956.7,1048.139562553622,865.2604374463782
2022-08-23 00:00:00+05:30,1004.0,1040.2,1002.1,1036.8,1906038,1016.4333333333334,1019.45,1013.4166666666667,0.005935788541632476,843.7045915627456,1,961.7079999999999,1056.375805213798,867.0401947862017
2022-08-24 00:00:00+05:30,1025.6,1032.4,1009.4,1015.3,879180,1026.3666666666668,1021.1500000000001,1031.5833333333335,0.010165308044558534,843.7045915627456,1,965.232,1061.051241825416,869.412758174584
2022-08-25 00:00:00+05:30,1020.7,1022.1,1010.9,1015.3,528602,1019.0333333333334,1020.9000000000001,1017.1666666666667,0.0036636027607863807,843.7045915627456,1,968.7360000000001,1065.213560168142,872.2584398318581
2022-08-26 00:00:00+05:30,1021.7,1027.5,1001.1,1003.6,643744,1016.1,1016.5,1015.7,0.0007873240822753218,843.7045915627456,1,971.9679999999998,1067.4823837544764,876.4536162455234
2022-08-29 00:00:00+05:30,977.6,991.8,975.2,982.0,584042,1010.7333333333332,1014.3,1007.1666666666665,0.007057581953697091,843.7045915627456,1,974.2559999999999,1067.8625652398234,880.6494347601764
2022-08-30 00:00:00+05:30,988.4,1000.1,982.5,996.7,662106,983.0,983.5,982.5,0.001017293997965412,843.7045915627456,1,977.584,1068.181336472974,886.9866635270259
2022-09-01 00:00:00+05:30,990.3,991.8,975.2,980.1,439428,993.1,991.3,994.9000000000001,0.003625012586849397,843.7045915627456,1,981.0479999999999,1064.8911510858052,897.2048489141946
2022-09-02 00:00:00+05:30,984.5,984.5,961.5,967.3,560312,982.3666666666667,983.5,981.2333333333333,0.0023073529910759573,843.7045915627456,1,983.964,1060.283347586291,907.6446524137091
2022-09-05 00:00:00+05:30,970.3,974.7,959.5,961.5,419436,971.1,973.0,969.2,0.003913088250437601,843.7045915627456,1,985.8040000000001,1057.5108360478766,914.0971639521234
2022-09-06 00:00:00+05:30,967.8,968.8,946.3,947.8,664098,965.2333333333332,967.1,963.3666666666664,0.003867803985219715,843.7045915627456,1,986.352,1056.6657908521297,916.0382091478701
2022-09-07 00:00:00+05:30,944.3,968.3,943.9,965.4,549996,954.2999999999998,957.55,951.0499999999997,0.006811275280310414,843.7045915627456,1,987.5679999999999,1055.2911711011602,919.8448288988396
2022-09-08 00:00:00+05:30,970.3,978.1,965.9,970.8,337060,959.1999999999999,956.0999999999999,962.3,0.006463719766472108,843.7045915627456,1,987.98,1055.1626406149462,920.7973593850538
2022-09-09 00:00:00+05:30,972.7,984.0,963.4,967.8,389858,971.6,972.0,971.2,0.0008233841086866555,843.7045915627456,1,988.076,1055.1360514166,921.0159485834001
2022-09-12 00:00:00+05:30,974.7,986.9,970.3,978.6,317286,971.7333333333332,973.7,969.7666666666664,0.0040477497255765865,843.7045915627456,1,988.76,1055.0664159791268,922.4535840208732
2022-09-13 00:00:00+05:30,983.5,993.8,979.6,982.5,418618,978.5999999999999,978.5999999999999,978.5999999999999,0.0,843.7045915627456,1,989.8759999999999,1054.7691744946796,924.98282550532
2022-09-14 00:00:00+05:30,962.9,982.0,962.9,975.7,362474,985.3000000000001,986.7,983.9000000000001,0.002841774078960676,843.7045915627456,1,990.444,1054.5778869553137,926.3101130446863
2022-09-15 00:00:00+05:30,981.5,985.9,962.9,965.4,411116,973.5333333333334,972.45,974.6166666666668,0.0022255700883380904,843.7045915627456,1,990.5440000000001,1054.513369670155,926.574630329845
2022-09-16 00:00:00+05:30,968.3,968.3,924.8,933.6,704046,971.4,974.4,968.4,0.006176652254478073,843.7045915627456,1,989.76,1055.9816641288708,923.5383358711292
2022-09-19 00:00:00+05:30,938.5,947.8,927.7,932.1,287422,942.2333333333332,946.55,937.9166666666665,0.009162627799200594,843.7045915627456,1,988.0959999999999,1057.8449321495104,918.3470678504895
2022-09-20 00:00:00+05:30,937.0,940.4,931.6,933.6,535040,935.8666666666667,937.75,933.9833333333333,0.004024789856104842,843.7045915627456,1,987.86,1058.3015332030545,917.4184667969456
2022-09-21 00:00:00+05:30,933.6,939.0,925.8,931.6,395122,935.1999999999999,936.0,934.3999999999999,0.0017108639863132342,843.7045915627456,1,983.22,1052.583552388824,913.856447611176
2022-09-22 00:00:00+05:30,929.7,930.2,914.0,920.9,389762,932.1333333333333,932.4,931.8666666666667,0.0005721642111285614,843.7045915627456,1,978.328,1047.3306438913557,909.3253561086441
2022-09-23 00:00:00+05:30,924.3,924.3,902.8,906.2,371136,921.6999999999999,922.1,921.2999999999998,0.000867961375718978,843.7045915627456,1,972.672,1041.2140868080146,904.1299131919853
2022-09-26 00:00:00+05:30,905.7,906.2,887.1,889.1,741134,911.1,913.55,908.6500000000001,0.005378114367248232,843.7045915627456,1,966.804,1037.797982392859,895.8100176071409
2022-09-27 00:00:00+05:30,891.0,899.8,874.9,894.4,485374,894.1333333333333,896.6500000000001,891.6166666666666,0.005629287205487843,843.7045915627456,1,962.1640000000001,1036.2497855192055,888.0782144807947
2022-09-28 00:00:00+05:30,889.5,899.8,879.3,893.0,395950,889.6999999999999,887.3499999999999,892.05,0.005282679554906199,843.7045915627456,1,956.4120000000001,1028.7339318325905,884.0900681674098
2022-09-29 00:00:00+05:30,897.4,908.1,884.2,896.9,1252934,890.6999999999999,889.55,891.8499999999999,0.0025822386886717803,843.7045915627456,1,951.6759999999999,1023.4573631522693,879.8946368477306
2022-09-30 00:00:00+05:30,900.3,916.9,892.0,907.6,653374,896.4000000000001,896.1500000000001,896.6500000000001,0.0005577867023650155,843.7045915627456,1,947.368,1016.226387317727,878.5096126822731
2022-10-03 00:00:00+05:30,910.1,912.5,878.8,882.7,781916,905.5,904.45,906.55,0.0023191606847044826,843.7045915627456,1,942.5320000000002,1011.8942080386593,873.169791961341
2022-10-04 00:00:00+05:30,895.4,920.4,892.5,909.1,361406,891.3333333333334,895.65,887.0166666666668,0.009685863874345413,843.7045915627456,1,939.6160000000001,1008.2213917414537,871.0106082585465
2022-10-06 00:00:00+05:30,913.0,922.8,910.6,917.9,390740,907.3333333333334,906.45,908.2166666666667,0.001947097722263025,843.7045915627456,1,936.4639999999999,1001.4335283652142,871.4944716347857
2022-10-07 00:00:00+05:30,913.0,924.8,906.2,920.9,307562,917.1,916.7,917.5,0.0008723149056809012,843.7045915627456,1,934.096,996.8073381773858,871.3846618226142
2022-10-10 00:00:00+05:30,910.1,921.3,906.7,920.4,455792,917.3000000000001,915.5,919.1000000000001,0.0039245612122535,843.7045915627456,1,932.22,993.6386160703618,870.8013839296383
2022-10-11 00:00:00+05:30,924.8,932.6,912.5,915.0,596638,916.1333333333333,914.0,918.2666666666667,0.004657255130257588,843.7045915627456,1,930.36,990.9296425612579,869.7903574387421
2022-10-12 00:00:00+05:30,915.5,926.7,907.2,924.8,218128,920.0333333333333,922.55,917.5166666666667,0.00547081627477262,843.7045915627456,1,929.44,989.6195446975014,869.2604553024987
2022-10-13 00:00:00+05:30,924.3,928.7,915.5,922.3,297862,919.5666666666666,916.95,922.1833333333332,0.005691086381266308,843.7045915627456,1,927.716,986.1193062077705,869.3126937922295
2022-10-14 00:00:00+05:30,929.7,931.6,907.6,911.1,424174,922.1666666666666,922.1,922.2333333333332,0.000144587023314526,843.7045915627456,1,925.3279999999999,981.321871664662,869.3341283353377
2022-10-17 00:00:00+05:30,909.1,923.3,907.6,919.4,256152,916.7666666666668,919.6,913.9333333333335,0.006181143875213447,843.7045915627456,1,923.3919999999999,976.6585424445655,870.1254575554344
2022-10-18 00:00:00+05:30,922.8,934.6,922.8,929.2,256372,916.7666666666668,915.45,918.0833333333335,0.0028724139184817354,843.7045915627456,1,921.416,969.7837141903435,873.0482858096566
2022-10-19 00:00:00+05:30,933.6,955.1,931.6,941.4,899214,928.8666666666668,928.7,929.0333333333335,0.00035886025981499126,843.7045915627456,1,919.7719999999999,962.1455963071201,877.3984036928798
2022-10-20 00:00:00+05:30,933.6,984.0,920.4,977.6,1352236,942.6999999999999,943.35,942.0499999999998,0.0013790177150739174,843.7045915627456,1,919.8480000000001,962.6274387994839,877.0685612005162
2022-10-21 00:00:00+05:30,977.6,1005.0,976.1,993.8,1215872,960.6666666666666,952.2,969.1333333333332,0.017626648160999132,843.7045915627456,1,920.9839999999999,969.6455307609486,872.3224692390512
2022-10-24 00:00:00+05:30,1003.1,1003.1,988.4,989.9,82958,991.6333333333332,990.55,992.7166666666665,0.0021849473931895343,843.7045915627456,1,923.2360000000001,978.7526535014379,867.7193464985623
2022-10-25 00:00:00+05:30,991.8,995.7,978.6,989.4,328664,993.8000000000001,995.75,991.8500000000001,0.003924330851277785,843.7045915627456,1,925.528,986.7566082154302,864.2993917845698
2022-10-27 00:00:00+05:30,991.8,1013.3,987.9,998.2,712260,987.9000000000001,987.1500000000001,988.6500000000001,0.0015183723048891587,843.7045915627456,1,928.112,995.6161052381157,860.6078947618843
2022-10-28 00:00:00+05:30,1000.1,1007.5,987.4,993.8,460058,999.7999999999998,1000.5999999999999,998.9999999999998,0.0016003200640129392,843.7045915627456,1,930.6,1002.8529113600174,858.3470886399826
2022-10-31 00:00:00+05:30,998.7,1005.0,992.3,996.2,209184,996.2333333333332,997.45,995.0166666666664,0.002442533543012301,843.7045915627456,1,933.612,1010.1474677518761,857.0765322481238
2022-11-01 00:00:00+05:30,997.7,1007.5,995.7,1004.0,237362,997.8333333333334,998.65,997.0166666666668,0.0016368799064638837,843.7045915627456,1,937.5239999999999,1017.9537910975675,857.0942089024322
2022-11-02 00:00:00+05:30,1004.0,1015.8,999.6,1011.4,290154,1002.4,1001.6,1003.1999999999999,0.0015961691939344663,850.4133018559988,1,942.416,1025.309120197024,859.522879802976
2022-11-03 00:00:00+05:30,1010.4,1014.3,999.1,1008.0,340766,1008.9333333333334,1007.7,1010.1666666666667,0.0024448262191093203,851.4487697817589,1,946.96,1031.268917677777,862.6510823222231
2022-11-04 00:00:00+05:30,1007.0,1014.8,994.7,1003.1,192728,1007.1333333333333,1006.7,1007.5666666666666,0.0008605282319453503,851.4487697817589,1,951.3639999999999,1035.4402488221142,867.2877511778856
2022-11-07 00:00:00+05:30,1003.1,1009.4,998.2,1003.1,164952,1004.1999999999999,1004.75,1003.6499999999999,0.001095399322844191,852.181586230869,1,955.612,1038.9803358595934,872.2436641404065
2022-11-09 00:00:00+05:30,1005.0,1019.2,999.6,1008.4,316028,1003.5666666666666,1003.8,1003.3333333333333,0.000465008137642439,858.3583227816343,1,959.6439999999999,1043.0842699899626,876.2037300100371
2022-11-10 00:00:00+05:30,1006.5,1008.4,989.9,1001.1,163298,1009.0666666666667,1009.4000000000001,1008.7333333333333,0.000660676532769631,858.3583227816343,1,964.38,1043.1218262424602,885.6381737575398
2022-11-11 00:00:00+05:30,1006.0,1032.4,1004.5,1009.9,1345344,999.8000000000001,999.15,1000.4500000000002,0.001300260052010584,865.5131902755542,1,968.4119999999999,1045.7284783471007,891.0955216528992
2022-11-14 00:00:00+05:30,1014.8,1014.8,989.4,995.2,313790,1015.6,1018.45,1012.75,0.005612445844820841,865.5131902755542,1,971.5040000000001,1046.645050937538,896.3629490624625
2022-11-15 00:00:00+05:30,995.2,1004.5,990.3,998.7,157966,999.7999999999998,1002.0999999999999,997.4999999999998,0.004600920184036944,865.5131902755542,1,974.6160000000001,1047.5272925135578,901.7047074864424
2022-11-16 00:00:00+05:30,999.6,1007.5,989.4,995.7,275166,997.8333333333334,997.4,998.2666666666668,0.0008685485217973488,865.5131902755542,1,977.6279999999999,1047.4892457947717,907.7667542052283
2022-11-17 00:00:00+05:30,995.7,995.7,975.7,983.5,433848,997.5333333333334,998.45,996.6166666666668,0.0018378667379535427,865.5131902755542,1,980.3679999999999,1045.395052093705,915.3409479062948
2022-11-18 00:00:00+05:30,983.5,988.4,975.2,985.9,270904,984.9666666666667,985.7,984.2333333333333,0.0014890520829808423,865.5131902755542,1,982.812,1043.7666800828074,921.8573199171927
2022-11-21 00:00:00+05:30,983.0,999.6,976.6,994.7,302092,983.1666666666666,981.8,984.5333333333333,0.002780132225800999,865.5131902755542,1,985.7080000000001,1041.5530118094475,929.8629881905526
2022-11-22 00:00:00+05:30,992.3,1026.5,989.4,1011.4,732076,990.3000000000001,988.1,992.5000000000001,0.004443098051095719,865.5131902755542,1,989.72,1037.3569268529911,942.0830731470088
2022-11-23 00:00:00+05:30,1011.4,1026.1,1004.0,1022.1,668864,1009.1,1007.95,1010.25,0.002279258745416663,865.5131902755542,1,993.828,1033.5563785724655,954.0996214275344
2022-11-24 00:00:00+05:30,1025.6,1026.5,1014.3,1020.2,400450,1017.4,1015.05,1019.75,0.004619618635738201,870.0677330836909,1,997.4680000000001,1028.586134648418,966.3498653515821
2022-11-25 00:00:00+05:30,1021.7,1040.7,1020.7,1038.8,619012,1020.3333333333334,1020.4,1020.2666666666668,0.00013067624959151787,880.6410237603433,1,1001.364,1027.4019956217253,975.3260043782749
2022-11-28 00:00:00+05:30,1040.7,1042.7,1030.5,1040.2,532162,1033.3999999999999,1030.7,1036.0999999999997,0.005225469324559354,889.1273828099294,1,1003.868,1032.2203950310538,975.5156049689463
2022-11-29 00:00:00+05:30,1039.3,1048.6,1032.9,1044.2,340700,1037.8,1036.6,1039.0,0.0023125843129698314,894.7802874975324,1,1005.8839999999999,1038.003311574143,973.7646884258568
2022-11-30 00:00:00+05:30,1042.7,1052.0,1038.3,1050.5,586172,1041.8999999999999,1040.75,1043.0499999999997,0.0022075055187635354,901.1830759976311,1,1008.3079999999999,1044.1655367809449,972.4504632190549
2022-12-01 00:00:00+05:30,1052.0,1058.4,1047.1,1056.4,882018,1046.9333333333334,1045.15,1048.7166666666667,0.0034067753438613785,911.3777529577258,1,1010.988,1050.6097847149365,971.3662152850636
2022-12-02 00:00:00+05:30,1056.4,1071.1,1050.0,1053.9,717518,1053.9666666666667,1052.75,1055.1833333333334,0.0023087384167747816,918.9246428394167,1,1013.216,1055.8598152138939,970.5721847861062
2022-12-05 00:00:00+05:30,1056.9,1059.3,1044.7,1050.0,443760,1058.3333333333333,1060.55,1056.1166666666666,0.004188976377952814,918.9246428394167,1,1015.464,1059.6732073667542,971.2547926332459
2022-12-06 00:00:00+05:30,1044.7,1054.9,1039.8,1053.0,172734,1051.3333333333333,1052.0,1050.6666666666665,0.0012682308180090218,918.9246428394167,1,1017.7360000000001,1063.5602513959218,971.9117486040785
2022-12-07 00:00:00+05:30,1054.4,1102.9,1052.0,1092.1,3790416,1049.2333333333333,1047.35,1051.1166666666668,0.0035899228007753715,930.0705672071742,1,1021.26,1075.1561965262536,967.3638034737464
2022-12-08 00:00:00+05:30,1099.5,1103.9,1078.4,1102.4,763662,1082.3333333333333,1077.45,1087.2166666666665,0.00902371419772075,942.5257445188873,1,1024.9,1087.2669656147907,962.5330343852096
2022-12-09 00:00:00+05:30,1103.4,1103.4,1071.1,1082.3,541712,1094.9,1091.15,1098.65,0.006849940633847839,942.5257445188873,1,1027.872,1093.7185736693748,962.0254263306254
2022-12-12 00:00:00+05:30,1081.8,1081.8,1064.2,1075.0,274230,1085.6000000000001,1087.25,1083.9500000000003,0.0030397936624905367,942.5257445188873,1,1030.748,1098.2748034486776,963.2211965513225
2022-12-13 00:00:00+05:30,1080.4,1092.6,1075.0,1079.9,344990,1073.6666666666667,1073.0,1074.3333333333335,0.0012418503570321188,942.5257445188873,1,1033.8200000000002,1103.0035356135859,964.6364643864146
2022-12-14 00:00:00+05:30,1080.9,1094.6,1076.9,1090.6,531526,1082.5,1083.8,1081.2,0.002401847575057653,942.5257445188873,1,1037.108,1108.910260020115,965.305739979885
2022-12-15 00:00:00+05:30,1089.7,1097.5,1077.4,1084.3,393512,1087.3666666666666,1085.75,1088.9833333333331,0.0029735446491521915,942.5257445188873,1,1040.4360000000001,1112.9628475531383,967.9091524468621
2022-12-16 00:00:00+05:30,1081.3,1103.9,1060.3,1075.0,732356,1086.3999999999999,1087.45,1085.3499999999997,0.0019329896907219846,942.5257445188873,1,1043.04,1115.6690300086411,970.4109699913589
2022-12-19 00:00:00+05:30,1076.0,1104.8,1069.1,1100.4,556018,1079.7333333333333,1082.1,1077.3666666666668,0.004383798468757521,942.5257445188873,1,1047.248,1120.4899796564512,974.0060203435488
2022-12-20 00:00:00+05:30,1101.9,1111.7,1075.0,1092.1,760928,1091.4333333333332,1086.9499999999998,1095.9166666666665,0.00821549644198763,942.5257445188873,1,1050.984,1123.4638163352802,978.5041836647197
2022-12-21 00:00:00+05:30,1091.6,1110.2,1065.2,1070.6,458696,1092.9333333333332,1093.35,1092.5166666666664,0.0007624740758815588,942.5257445188873,1,1053.98,1123.1896409468789,984.7703590531211
2022-12-22 00:00:00+05:30,1073.5,1078.4,1045.1,1048.6,484168,1082.0,1087.7,1076.3,0.010536044362292135,942.5257445188873,1,1056.584,1119.6133056918436,993.5546943081565
2022-12-23 00:00:00+05:30,1035.4,1043.7,990.3,997.2,495826,1057.3666666666666,1061.75,1052.9833333333331,0.008291037483055591,942.5257445188873,1,1057.036,1118.1646611663944,995.9073388336058
2022-12-26 00:00:00+05:30,994.3,1034.9,991.8,1025.6,434092,1010.4,1017.0,1003.8,0.013064133016627124,942.5257445188873,1,1058.272,1115.4296212240836,1001.1143787759162
2022-12-27 00:00:00+05:30,1028.5,1044.7,1027.5,1039.8,195842,1017.4333333333334,1013.35,1021.5166666666668,0.008026733938341652,942.5257445188873,1,1059.4080000000001,1113.858973765359,1004.9570262346411
2022-12-28 00:00:00+05:30,1039.8,1045.1,1014.8,1034.9,356148,1037.3333333333333,1036.1,1038.5666666666666,0.0023778920308483585,942.5257445188873,1,1059.92,1113.1859440918474,1006.6540559081527
2022-12-29 00:00:00+05:30,1032.4,1055.9,1020.2,1048.6,567966,1031.6,1029.9499999999998,1033.25,0.0031989143078714447,942.5257445188873,1,1061.0559999999998,1112.047892061344,1010.0641079386555
2022-12-30 00:00:00+05:30,1056.9,1060.3,1038.3,1047.6,363530,1041.5666666666668,1038.0500000000002,1045.0833333333335,0.0067526482542323765,942.5257445188873,1,1061.4080000000001,1111.8995333892306,1010.9164666107696
2023-01-02 00:00:00+05:30,1052.0,1054.9,1043.7,1052.0,301434,1048.7333333333333,1049.3,1048.1666666666667,0.0010806687432457047,942.5257445188873,1,1061.88,1111.7869213636322,1011.9730786363679
2023-01-03 00:00:00+05:30,1052.0,1056.9,1043.2,1051.5,339002,1050.2,1049.3000000000002,1051.1,0.001713959245857672,942.5257445188873,1,1062.172,1111.746042239823,1012.5979577601769
2023-01-04 00:00:00+05:30,1054.4,1058.4,1040.7,1047.6,244484,1050.5333333333335,1050.0500000000002,1051.0166666666669,0.0009201675339510377,942.5257445188873,1,1062.056,1111.7521674175764,1012.3598325824238
2023-01-05 00:00:00+05:30,1047.1,1058.8,1037.8,1056.4,313906,1048.9,1049.5500000000002,1048.25,0.0012393936504911638,942.5257445188873,1,1062.056,1111.7521674175764,1012.3598325824238
2023-01-06 00:00:00+05:30,1056.9,1073.5,1022.1,1025.6,554884,1051.0,1048.3,1053.7,0.005137963843958222,942.5257445188873,1,1060.924,1112.5630016944149,1009.2849983055851
2023-01-09 00:00:00+05:30,1029.5,1051.0,1029.5,1043.2,328170,1040.3999999999999,1047.8,1032.9999999999998,0.01422529796232236,942.5257445188873,1,1060.652,1112.5890733098795,1008.7149266901206
2023-01-10 00:00:00+05:30,1043.2,1044.2,1025.6,1029.5,168142,1041.2333333333333,1040.25,1042.2166666666667,0.0018887857348657332,942.5257445188873,1,1059.712,1113.0020386938854,1006.4219613061146
2023-01-11 00:00:00+05:30,1030.5,1040.2,1023.1,1029.5,154994,1033.1000000000001,1034.9,1031.3000000000002,0.0034846578259606124,942.5257445188873,1,1057.208,1110.0563996351436,1004.3596003648565
2023-01-12 00:00:00+05:30,1030.0,1035.8,1018.7,1032.9,121008,1030.9333333333334,1031.65,1030.2166666666667,0.001390325918261828,942.5257445188873,1,1054.4279999999999,1104.7252132826052,1004.1307867173946
2023-01-13 00:00:00+05:30,1032.9,1039.8,1023.1,1033.9,159516,1029.1333333333334,1027.25,1031.0166666666669,0.0036600375720673172,942.5257445188873,1,1052.492,1102.0696698120828,1002.9143301879171
2023-01-16 00:00:00+05:30,1033.9,1043.7,1008.4,1014.3,3371700,1032.2666666666667,1031.45,1033.0833333333333,0.0015822784810125407,942.5257445188873,1,1050.0639999999999,1100.9234889474515,999.2045110525482
2023-01-17 00:00:00+05:30,1009.4,1010.4,994.7,1006.5,416212,1022.1333333333332,1026.05,1018.2166666666665,0.007663709887816481,942.5257445188873,1,1047.128,1099.218583256439,995.0374167435609
2023-01-18 00:00:00+05:30,1004.5,1008.0,992.8,994.3,266080,1003.8666666666667,1002.55,1005.1833333333334,0.002623190330721317,942.5257445188873,1,1043.2759999999998,1096.1743411459759,990.3776588540238
2023-01-19 00:00:00+05:30,994.3,997.7,986.9,990.3,225374,998.3666666666667,1000.4,996.3333333333334,0.0040733197556007536,942.5257445188873,1,1039.516,1093.5663670292454,985.4656329707548
2023-01-20 00:00:00+05:30,989.4,993.3,968.3,971.3,282894,991.6333333333332,992.3,990.9666666666665,0.0013445830111938066,942.5257445188873,1,1035.368,1093.6407029062166,977.0952970937833
2023-01-23 00:00:00+05:30,972.7,974.7,959.0,961.0,324428,977.6333333333332,980.8,974.4666666666665,0.00647822973848425,942.5257445188873,1,1029.792,1088.7798881126987,970.8041118873011
2023-01-24 00:00:00+05:30,963.9,965.4,939.9,943.4,604790,964.9,966.85,962.9499999999999,0.004041869623795306,942.5257445188873,1,1023.8439999999999,1086.3824893965018,961.3055106034981
2023-01-25 00:00:00+05:30,948.7,951.2,924.8,928.7,761048,949.5666666666666,952.65,946.4833333333332,0.006494190332432418,1104.914249746535,-1,1018.168,1088.0306932203193,948.3053067796806
2023-01-27 00:00:00+05:30,931.6,940.4,914.0,919.9,361980,934.9,938.0,931.8,0.0066317253182159005,1094.8296797566738,-1,1013.02,1091.57995926677,934.46004073323
2023-01-30 00:00:00+05:30,910.6,922.8,893.9,899.3,451390,924.7666666666668,927.2,922.3333333333335,0.005262588761128818,1077.3664925664066,-1,1009.1039999999999,1099.3228535506664,918.8851464493333
2023-01-31 00:00:00+05:30,900.3,912.5,893.9,908.1,964406,905.3333333333334,908.3499999999999,902.3166666666668,0.006664212076582926,1070.6638328637505,-1,1004.404,1102.5866457985153,906.2213542014847
2023-02-01 00:00:00+05:30,912.1,919.4,878.8,893.9,440378,904.8333333333334,903.2,906.4666666666667,0.003610241296739714,1070.6638328637505,-1,998.568,1104.6666215932933,892.4693784067068
2023-02-02 00:00:00+05:30,891.0,903.7,882.2,887.6,1431272,897.3666666666667,899.0999999999999,895.6333333333334,0.003863155157683373,1064.2179483672326,-1,992.6759999999999,1106.153205182349,879.198794817651
2023-02-03 00:00:00+05:30,890.5,895.9,886.1,891.5,517762,891.1666666666666,892.95,889.3833333333332,0.004002244249111839,1058.161230432543,-1,986.3919999999999,1104.1059573032742,868.6780426967258
2023-02-06 00:00:00+05:30,895.9,919.9,890.0,918.4,374950,891.1666666666666,891.0,891.3333333333333,0.0003740415186084805,1058.161230432543,-1,981.2239999999999,1099.0797664944619,863.368233505538
2023-02-07 00:00:00+05:30,922.3,924.8,909.1,915.0,241960,909.4333333333334,904.95,913.9166666666667,0.009859619543305387,1058.161230432543,-1,975.7439999999999,1092.6631184366236,858.8248815633762
2023-02-08 00:00:00+05:30,919.4,922.3,909.6,917.9,208500,916.3000000000001,916.95,915.6500000000001,0.001418749317908932,1058.161230432543,-1,970.4,1085.1735161088886,855.6264838911112
2023-02-09 00:00:00+05:30,922.8,928.2,911.6,920.9,315894,916.6,915.95,917.25,0.0014182849661793088,1058.161230432543,-1,965.332,1077.1742420376015,853.4897579623985
2023-02-10 00:00:00+05:30,921.8,937.5,920.9,925.3,285786,920.2333333333335,919.9000000000001,920.5666666666668,0.0007244539428406661,1058.161230432543,-1,960.0879999999999,1066.5218189862485,853.6541810137512
2023-02-13 00:00:00+05:30,924.8,924.8,905.2,907.2,208422,927.9,929.2,926.5999999999999,0.0028020260803967413,1058.161230432543,-1,955.352,1060.2294998939126,850.4745001060875
2023-02-14 00:00:00+05:30,900.3,912.1,897.9,906.2,272660,912.4,915.0,909.8,0.005699254712845293,1058.161230432543,-1,949.872,1050.026640751179,849.7173592488209
2023-02-15 00:00:00+05:30,907.6,916.5,903.7,914.0,179454,905.4,905.0,905.8,0.0008835873647006346,1058.161230432543,-1,945.252,1040.8394656217947,849.6645343782051
2023-02-16 00:00:00+05:30,916.0,920.9,907.2,910.1,131960,911.4,910.1,912.6999999999999,0.0028527540048276377,1058.161230432543,-1,940.4759999999999,1030.5192834585562,850.4327165414437
2023-02-17 00:00:00+05:30,908.6,912.5,888.6,891.5,463290,912.7333333333332,914.05,911.4166666666665,0.0028851070046016798,1052.7290295790901,-1,934.82,1018.4672593693183,851.1727406306818
2023-02-20 00:00:00+05:30,891.5,920.9,888.6,892.5,1843700,897.5333333333333,900.55,894.5166666666667,0.006722127311891818,1052.7290295790901,-1,929.164,1003.8952813753257,854.4327186246743
2023-02-21 00:00:00+05:30,898.4,900.3,878.8,880.2,635752,900.6666666666666,904.75,896.5833333333333,0.009067357512953452,1044.5004336600894,-1,923.8,992.3096197624699,855.29038023753
2023-02-22 00:00:00+05:30,881.2,881.7,868.0,873.4,447640,886.4333333333334,889.55,883.3166666666668,0.007031925694731456,1027.438416313686,-1,918.4760000000001,980.8645189437794,856.0874810562208
2023-02-23 00:00:00+05:30,873.4,877.3,847.0,854.8,821366,874.3666666666667,874.85,873.8833333333333,0.001105562121154394,1017.1188796611385,-1,912.8960000000001,972.028379759303,853.7636202406972
2023-02-24 00:00:00+05:30,864.6,889.5,864.6,871.9,2504458,859.6999999999999,862.15,857.2499999999999,0.00569966267302558,1017.1188796611385,-1,908.16,960.2868299438832,856.0331700561168
2023-02-27 00:00:00+05:30,875.8,877.8,855.3,866.1,774822,875.3333333333334,877.05,873.6166666666668,0.003922315308453731,1017.1188796611385,-1,903.952,951.8222285768368,856.0817714231632
2023-02-28 00:00:00+05:30,870.0,872.4,857.3,869.0,820108,866.4,866.55,866.25,0.0003462603878115819,1017.1188796611385,-1,900.2719999999999,943.9999780460823,856.5440219539175
2023-03-01 00:00:00+05:30,869.5,876.3,860.2,869.0,887272,866.2333333333332,864.8499999999999,867.6166666666666,0.00319390464462999,1017.1188796611385,-1,897.296,938.9562440703212,855.6357559296789
2023-03-02 00:00:00+05:30,875.4,875.4,857.7,860.2,706140,868.5,868.25,868.75,0.0005757052389176742,1017.1188796611385,-1,894.556,936.6027579725094,852.5092420274907
2023-03-03 00:00:00+05:30,866.1,868.0,861.2,862.6,725752,864.4333333333334,866.55,862.3166666666668,0.004897235182971258,1014.0131387810998,-1,892.2639999999999,934.7791222037383,849.7488777962615
2023-03-06 00:00:00+05:30,864.6,868.0,860.7,863.1,621150,863.9333333333334,864.6,863.2666666666668,0.0015433289605678573,1009.8306132298558,-1,890.816,934.7171864987592,846.9148135012408
2023-03-08 00:00:00+05:30,854.8,867.5,852.8,864.1,486920,863.9333333333334,864.35,863.5166666666668,0.0009645806003548778,1003.9273887006615,-1,889.056,933.5680776419039,844.5439223580962
2023-03-09 00:00:00+05:30,864.1,871.0,854.8,856.3,358764,861.4666666666667,860.15,862.7833333333334,0.0030568023525771237,1003.9273887006615,-1,887.552,933.8142479349946,841.2897520650055
2023-03-10 00:00:00+05:30,852.4,854.3,840.6,844.0,483118,860.6999999999999,862.9,858.4999999999999,0.00511211804345311,988.7058014265298,-1,885.808,935.118377650135,836.497622349865
2023-03-13 00:00:00+05:30,844.0,844.0,818.1,822.5,695654,846.3000000000001,847.45,845.1500000000001,0.002717712395131696,973.9075693694684,-1,883.048,938.1581041915091,827.9378958084909
2023-03-14 00:00:00+05:30,821.0,832.3,816.6,823.0,497762,828.1999999999999,831.05,825.3499999999999,0.006882395556628889,965.9892665946898,-1,879.232,937.1615771087538,821.3024228912461
2023-03-15 00:00:00+05:30,831.8,831.8,802.0,805.4,2143064,823.9666666666667,824.45,823.4833333333333,0.0011731866175816541,961.1216959309021,-1,874.8480000000001,937.6687639558702,812.02723604413
2023-03-16 00:00:00+05:30,804.4,814.7,789.7,808.3,1311204,813.0666666666666,816.9,809.2333333333332,0.009429321088881695,947.652828093666,-1,870.4639999999999,935.897908762959,805.0300912370409
2023-03-17 00:00:00+05:30,809.8,827.4,801.5,805.9,1697922,804.2333333333332,802.2,806.2666666666664,0.0050565756206735766,947.652828093666,-1,865.864,932.6241049729504,799.1038950270497
2023-03-20 00:00:00+05:30,825.9,826.9,763.3,806.9,12673650,811.6,814.45,808.75,0.00702316412025634,947.652828093666,-1,861.128,927.1450528272767,795.1109471727234
2023-03-21 00:00:00+05:30,815.7,849.4,811.7,847.5,3766286,799.0333333333333,795.0999999999999,802.9666666666667,0.00984522965249692,947.652828093666,-1,858.74,922.1871118333962,795.2928881666038
2023-03-22 00:00:00+05:30,848.4,854.8,842.1,849.4,825532,836.1999999999999,830.55,841.8499999999999,0.01351351351351346,947.652828093666,-1,856.4680000000001,916.9531511033869,795.9828488966133
2023-03-23 00:00:00+05:30,846.5,855.8,836.2,837.7,427420,848.7666666666668,848.45,849.0833333333335,0.0007461807328281499,947.652828093666,-1,853.416,909.5227177439529,797.3092822560473
2023-03-24 00:00:00+05:30,820.1,820.1,794.1,803.4,3935362,843.2333333333332,846.0,840.4666666666665,0.006562042929991933,947.652828093666,-1,849.148,903.5655007143813,794.7304992856187
2023-03-27 00:00:00+05:30,802.0,809.3,784.3,807.3,1526448,805.8666666666667,807.1,804.6333333333333,0.0030608868299140017,947.652828093666,-1,845.78,899.7160806881604,791.8439193118395
2023-03-28 00:00:00+05:30,811.7,814.2,801.5,809.3,1223066,800.2999999999998,796.8,803.7999999999997,0.008746719980007214,947.652828093666,-1,842.4520000000001,894.6868885707611,790.2171114292391
2023-03-29 00:00:00+05:30,812.7,813.7,800.5,805.9,618712,808.3333333333334,807.85,808.8166666666667,0.0011958762886598313,947.652828093666,-1,839.48,891.2384234690343,787.7215765309658
2023-03-31 00:00:00+05:30,806.9,821.5,802.4,820.1,902898,806.6999999999999,807.1,806.2999999999998,0.0009916945580763382,947.652828093666,-1,837.3480000000001,887.7142147078766,786.9817852921235
2023-04-03 00:00:00+05:30,828.4,837.7,819.1,830.8,899034,814.6666666666666,811.95,817.3833333333332,0.006669394435351678,947.652828093666,-1,836.388,886.2999006250006,786.4760993749994
2023-04-05 00:00:00+05:30,828.9,841.6,823.5,838.7,829226,829.2000000000002,828.4000000000001,830.0000000000002,0.0019295706705259722,947.652828093666,-1,835.06,882.8430765020416,787.2769234979583
2023-04-06 00:00:00+05:30,839.1,844.0,831.8,836.2,545278,834.6,832.55,836.6500000000001,0.00491253294991629,947.652828093666,-1,833.8639999999999,879.9460096783981,787.7819903216017
2023-04-10 00:00:00+05:30,837.2,842.6,833.3,840.6,336286,837.3333333333334,837.9,836.7666666666668,0.0013535031847132309,947.652828093666,-1,832.7280000000001,876.638400408104,788.8175995918962
2023-04-11 00:00:00+05:30,841.6,846.5,840.6,845.0,300738,838.8333333333334,837.95,839.7166666666667,0.0021060997417047304,947.652828093666,-1,831.768,873.4576618359999,790.0783381640001
2023-04-12 00:00:00+05:30,844.5,858.2,838.2,857.3,1039048,844.0333333333333,843.55,844.5166666666667,0.0011452944196517084,947.652828093666,-1,831.6519999999999,873.0396163121292,790.2643836878707
2023-04-13 00:00:00+05:30,858.2,869.5,850.4,860.7,734168,851.2333333333332,848.2,854.2666666666664,0.007126913889649974,947.652828093666,-1,831.576,872.7424049438378,790.4095950561623
2023-04-17 00:00:00+05:30,860.7,869.5,856.3,868.0,746624,860.2000000000002,859.95,860.4500000000003,0.0005812601720532752,947.652828093666,-1,831.7719999999999,873.5785839790818,789.965416020918
2023-04-18 00:00:00+05:30,871.4,874.9,862.6,870.0,1181168,864.6,862.9,866.3000000000001,0.0039324543141338085,947.652828093666,-1,832.008,874.6011044184387,789.4148955815614
2023-04-19 00:00:00+05:30,870.0,870.0,847.5,849.4,308242,869.1666666666666,868.75,869.5833333333333,0.0009587727708532207,947.652828093666,-1,831.732,873.777792940555,789.686207059445
2023-04-20 00:00:00+05:30,849.9,853.8,846.5,852.4,384836,855.6333333333333,858.75,852.5166666666667,0.007285052008259007,947.652828093666,-1,832.068,874.6316359349154,789.5043640650846
2023-04-21 00:00:00+05:30,853.3,857.7,846.5,849.9,229222,850.9,850.15,851.65,0.0017628393465742155,947.652828093666,-1,833.1640000000001,876.0951963029219,790.2328036970783
2023-04-24 00:00:00+05:30,856.3,858.2,847.5,855.3,230562,851.3666666666667,852.1,850.6333333333333,0.0017227203320152268,947.652828093666,-1,834.456,878.0252765145345,790.8867234854655
2023-04-25 00:00:00+05:30,857.3,857.3,838.7,848.0,1745618,853.6666666666666,852.85,854.4833333333332,0.0019133151112845125,947.652828093666,-1,836.16,878.3611563822597,793.9588436177403
2023-04-26 00:00:00+05:30,850.4,850.4,831.8,836.2,820700,848.0,848.0,848.0,0.0,947.652828093666,-1,837.2760000000001,877.91794011117,796.6340598888302
2023-04-27 00:00:00+05:30,839.1,839.1,829.8,832.8,434814,839.4666666666666,841.0999999999999,837.8333333333333,0.0038913595933926124,947.652828093666,-1,838.352,876.9891477208126,799.7148522791873
2023-04-28 00:00:00+05:30,832.8,849.4,832.8,847.5,737656,833.9,834.45,833.3499999999999,0.0013191030099533954,947.652828093666,-1,839.9760000000001,876.5463827707597,803.4056172292405
2023-05-02 00:00:00+05:30,851.4,874.9,848.9,869.0,691590,843.2333333333332,841.0999999999999,845.3666666666666,0.005059888524330931,947.652828093666,-1,840.836,879.048034962821,802.623965037179
2023-05-03 00:00:00+05:30,868.0,873.4,859.2,860.7,1005008,864.2666666666668,861.9,866.6333333333336,0.005476704720765476,947.652828093666,-1,841.288,880.1562418434362,802.4197581565638
2023-05-04 00:00:00+05:30,861.2,877.8,859.2,874.4,586264,864.4333333333334,866.3,862.5666666666668,0.004318821578683285,947.652828093666,-1,842.7559999999999,883.6886893326081,801.8233106673916
2023-05-05 00:00:00+05:30,873.9,881.2,863.6,876.3,683020,870.4666666666667,868.5,872.4333333333334,0.00451864900053618,947.652828093666,-1,845.672,885.3416567164346,806.0023432835654
2023-05-08 00:00:00+05:30,880.2,886.1,876.8,882.2,546628,873.7000000000002,872.4000000000001,875.0000000000002,0.0029758498340392995,947.652828093666,-1,848.668,887.5997236196872,809.7362763803128
2023-05-09 00:00:00+05:30,888.1,893.5,872.9,874.9,838278,881.7000000000002,881.45,881.9500000000003,0.0005670863105367214,947.652828093666,-1,851.2919999999999,888.0379132965785,814.5460867034213
2023-05-10 00:00:00+05:30,876.3,888.6,873.4,885.6,363862,880.4333333333334,883.2,877.6666666666667,0.006284784007874875,947.652828093666,-1,854.48,888.6599005264734,820.3000994735266
2023-05-11 00:00:00+05:30,891.5,893.5,878.8,883.2,604038,882.5333333333333,881.0,884.0666666666666,0.0034748451427707426,947.652828093666,-1,857.0039999999999,889.9530506084708,824.054949391529
2023-05-12 00:00:00+05:30,883.7,887.6,873.9,875.4,552918,885.1666666666666,886.15,884.1833333333333,0.002221803803426884,947.652828093666,-1,858.788,890.6814385728404,826.8945614271596
2023-05-15 00:00:00+05:30,875.4,892.0,873.9,885.1,396182,878.9666666666667,880.75,877.1833333333334,0.004057795138230429,947.652828093666,-1,860.6439999999999,893.0418310385048,828.246168961495
2023-05-16 00:00:00+05:30,886.1,893.5,883.2,884.7,415416,883.6666666666666,882.95,884.3833333333332,0.0016220294228591098,947.652828093666,-1,862.5840000000001,894.7018171113712,830.466182888629
2023-05-17 00:00:00+05:30,885.6,887.6,868.5,872.9,394416,887.1333333333333,888.35,885.9166666666666,0.002742917261591712,947.652828093666,-1,863.8759999999999,894.9336382875365,832.8183617124632
2023-05-18 00:00:00+05:30,874.9,881.2,866.5,871.0,326998,876.3333333333334,878.05,874.6166666666668,0.003917839482692849,947.652828093666,-1,864.9159999999999,895.1047756624782,834.7272243375216
2023-05-19 00:00:00+05:30,868.5,871.0,837.7,866.5,1558850,872.9,873.85,871.9499999999999,0.0021766525375187203,947.652828093666,-1,865.284,895.3163388366513,835.2516611633487
2023-05-22 00:00:00+05:30,860.7,876.3,857.3,858.2,543252,858.4,854.35,862.4499999999999,0.009436160298229157,947.652828093666,-1,865.184,895.2932772413992,835.0747227586007
2023-05-23 00:00:00+05:30,853.3,858.2,846.5,848.4,877554,863.9333333333334,866.8,861.0666666666668,0.006636314530441918,947.652828093666,-1,864.4,895.1882055339289,833.611794466071
2023-05-24 00:00:00+05:30,848.4,848.4,835.7,836.7,598192,851.0333333333333,852.35,849.7166666666666,0.0030942775449454853,947.652828093666,-1,863.068,895.6036036366236,830.5323963633764
2023-05-25 00:00:00+05:30,836.7,851.4,835.7,847.5,473976,840.2666666666668,842.05,838.4833333333336,0.004244684227229107,947.652828093666,-1,862.9920000000001,895.663549458198,830.3204505418022
2023-05-26 00:00:00+05:30,848.9,893.5,847.5,891.5,2876044,844.8666666666667,843.55,846.1833333333334,0.003116862621321044,947.652828093666,-1,864.556,898.7572902680506,830.3547097319495
2023-05-29 00:00:00+05:30,888.6,908.6,888.6,899.8,1395728,877.5,870.5,884.5,0.015954415954415956,947.652828093666,-1,866.552,902.8585666787624,830.2454333212377
2023-05-30 00:00:00+05:30,904.2,940.4,902.8,937.0,2787760,899.0,898.6,899.4,0.0008898776418241986,947.652828093666,-1,869.82,915.0887265117915,824.5512734882086
2023-05-31 00:00:00+05:30,941.4,946.3,929.7,942.9,927370,926.7333333333332,921.5999999999999,931.8666666666666,0.01107833968779223,947.652828093666,-1,873.6159999999999,926.2463237307096,820.9856762692901
2023-06-01 00:00:00+05:30,941.4,952.2,934.1,936.5,546834,939.6333333333333,938.0,941.2666666666667,0.003476533399553001,947.652828093666,-1,877.6279999999999,933.4337063748793,821.8222936251206
2023-06-02 00:00:00+05:30,939.0,945.3,926.7,943.9,644040,940.9333333333334,943.1500000000001,938.7166666666667,0.004711633838741739,947.652828093666,-1,882.072,940.5225676961242,823.6214323038758
2023-06-05 00:00:00+05:30,948.3,950.2,938.0,942.9,1000932,938.6333333333333,936.0,941.2666666666667,0.005610994708618898,947.652828093666,-1,885.888,947.1986273332701,824.57737266673
2023-06-06 00:00:00+05:30,944.8,949.2,940.4,947.3,321998,943.6999999999999,944.1,943.2999999999998,0.0008477270318959224,947.652828093666,-1,889.02,954.422996873225,823.617003126775
2023-06-07 00:00:00+05:30,951.2,960.5,946.3,958.5,650232,945.6333333333332,944.8,946.4666666666665,0.0017624872219674807,823.0539587869359,1,892.932,962.6486314734083,823.2153685265918
2023-06-08 00:00:00+05:30,960.5,965.4,953.2,957.6,1038588,955.1,953.4,956.8000000000001,0.003559836666317758,830.7518004354586,1,896.26,969.9503575781728,822.5696424218272
2023-06-09 00:00:00+05:30,934.1,934.1,916.0,929.2,929776,958.7333333333332,959.3,958.1666666666665,0.001182115291009081,830.7518004354586,1,898.3760000000001,972.6876524913755,824.0643475086247
2023-06-12 00:00:00+05:30,928.2,936.5,920.9,934.1,484678,926.4333333333334,925.05,927.8166666666668,0.0029863634728171254,830.7518004354586,1,900.452,975.7335328217944,825.1704671782056
2023-06-13 00:00:00+05:30,941.9,949.7,938.5,949.2,529990,930.5,928.7,932.3,0.0038688876947876507,830.7518004354586,1,903.424,980.2857726571464,826.5622273428536
2023-06-14 00:00:00+05:30,955.1,955.1,914.0,928.7,2123676,945.8000000000001,944.1,947.5000000000001,0.003594840346796459,830.7518004354586,1,905.148,982.2663012260957,828.0296987739043
2023-06-15 00:00:00+05:30,932.1,944.3,913.0,917.4,1136844,932.6,934.55,930.6500000000001,0.004181857173493312,830.7518004354586,1,906.5160000000001,983.2407689862852,829.791231013715
2023-06-16 00:00:00+05:30,924.8,938.5,913.0,921.3,1450668,924.9,928.65,921.15,0.008108984755108661,830.7518004354586,1,908.352,984.2022760970505,832.5017239029495
2023-06-19 00:00:00+05:30,930.6,930.6,905.7,909.1,1474618,924.2666666666668,925.75,922.7833333333335,0.003209751875360433,830.7518004354586,1,909.312,984.5659874292304,834.0580125707696
2023-06-20 00:00:00+05:30,977.6,1021.7,954.1,1010.9,13175512,915.1333333333333,918.1500000000001,912.1166666666666,0.00659284621548794,830.7518004354586,1,914.36,998.7136175869102,830.0063824130898
2023-06-21 00:00:00+05:30,1018.7,1020.7,978.6,984.0,4267908,995.5666666666667,987.9000000000001,1003.2333333333333,0.01540161382127424,830.7518004354586,1,918.8040000000001,1005.6225690736644,831.9854309263358
2023-06-22 00:00:00+05:30,989.4,991.3,961.0,969.3,2954366,994.4333333333334,999.6500000000001,989.2166666666667,0.01049173733784741,830.7518004354586,1,922.7360000000001,1009.4421774961771,836.0298225038231
2023-06-23 00:00:00+05:30,972.7,973.2,958.0,968.3,3322258,973.8666666666667,976.15,971.5833333333334,0.004689211391018557,830.7518004354586,1,926.808,1012.1180870002985,841.4979129997015
2023-06-26 00:00:00+05:30,960.5,970.3,958.0,963.9,1083154,966.5,965.6,967.4,0.0018623900672529276,830.7518004354586,1,931.0360000000001,1012.726320209915,849.3456797900851
2023-06-27 00:00:00+05:30,963.9,988.9,960.0,985.9,2104108,964.0666666666666,964.15,963.9833333333332,0.00017287877740136483,830.7518004354586,1,936.536,1013.6159871302425,859.4560128697574
2023-06-28 00:00:00+05:30,991.3,995.2,979.6,984.5,1066218,978.2666666666668,974.45,982.0833333333335,0.007802916723456561,830.7518004354586,1,942.4479999999999,1010.0856255053225,874.8103744946773
2023-06-30 00:00:00+05:30,1032.4,1128.8,1032.4,1102.4,12373348,986.4333333333334,987.4000000000001,985.4666666666667,0.0019599229547528746,877.3940811896643,1,952.6439999999999,1035.1675593997138,870.120440600286
2023-07-03 00:00:00+05:30,1109.7,1110.7,1083.3,1098.0,1829276,1087.8666666666666,1080.6,1095.1333333333332,0.0133594803284716,894.2503179420778,1,960.904,1057.442033624049,864.3659663759511
2023-07-04 00:00:00+05:30,1099.0,1111.7,1087.7,1100.4,1300530,1097.3333333333333,1097.0,1097.6666666666665,0.0006075334143376505,898.3403052243948,1,968.928,1076.5296880164892,861.3263119835108
2023-07-05 00:00:00+05:30,1093.1,1113.2,1093.1,1101.9,1139106,1099.9333333333334,1099.7,1100.1666666666667,0.00042426813746290407,904.216693015419,1,975.5239999999999,1094.141196459863,856.9068035401366
2023-07-06 00:00:00+05:30,1103.9,1103.9,1078.9,1085.3,1002536,1102.7333333333333,1103.15,1102.3166666666666,0.0007556979626384302,904.216693015419,1,981.22,1106.512030073735,855.9279699262651
2023-07-07 00:00:00+05:30,1084.3,1088.7,1074.5,1081.8,521722,1089.3666666666668,1091.4,1087.3333333333335,0.0037330559040420477,904.216693015419,1,987.0320000000002,1116.8842572156436,857.1797427843567
2023-07-10 00:00:00+05:30,1082.3,1092.6,1065.7,1079.9,476006,1081.6666666666667,1081.6,1081.7333333333336,0.00012326656394483833,904.216693015419,1,992.472,1125.9841330216755,858.9598669783246
2023-07-11 00:00:00+05:30,1081.8,1106.3,1080.9,1096.5,983164,1079.4,1079.15,1079.65,0.0004632203075782842,904.216693015419,1,998.6159999999999,1136.5029296778973,860.7290703221024
2023-07-12 00:00:00+05:30,1100.9,1128.8,1099.0,1117.1,1621344,1094.5666666666666,1093.6,1095.5333333333333,0.0017663002101288737,919.1502653854933,1,1005.408,1149.1198663993944,861.6961336006057
2023-07-13 00:00:00+05:30,1128.8,1139.1,1115.6,1119.0,1010370,1114.9666666666667,1113.9,1116.0333333333333,0.0019133606385840043,933.8102547700734,1,1011.828,1160.8269263853845,862.8290736146154
2023-07-14 00:00:00+05:30,1119.0,1146.4,1118.5,1143.0,715316,1124.5666666666666,1127.35,1121.7833333333333,0.004950054835936752,938.8398445792706,1,1019.2440000000001,1175.010359192212,863.4776408077884
2023-07-17 00:00:00+05:30,1147.9,1152.3,1131.3,1145.0,921168,1135.9666666666667,1132.45,1139.4833333333333,0.006191496229349426,950.0542507960996,1,1027.876,1186.615336322151,869.1366636778488
2023-07-18 00:00:00+05:30,1145.0,1156.2,1133.2,1139.6,921764,1142.8666666666666,1141.8,1143.9333333333332,0.0018666511112406337,954.1840807642557,1,1036.096,1195.8396494387082,876.3523505612918
2023-07-19 00:00:00+05:30,1139.6,1163.6,1134.2,1156.7,841018,1143.0,1144.7,1141.3,0.0029746281714786446,957.7727175336855,1,1044.396,1206.7584930086896,882.0335069913103
2023-07-20 00:00:00+05:30,1162.1,1243.8,1155.2,1210.5,3632144,1151.5,1148.9,1154.1,0.004515848892748431,991.209808832338,1,1055.6680000000001,1223.3765063555115,887.9594936444886
2023-07-21 00:00:00+05:30,1210.0,1210.5,1174.8,1200.7,1328446,1203.1666666666667,1199.5,1206.8333333333335,0.006095027012051656,991.209808832338,1,1067.0,1234.0900499730506,899.9099500269496
2023-07-24 00:00:00+05:30,1209.1,1221.8,1176.8,1199.8,2410862,1195.3333333333333,1192.65,1198.0166666666664,0.004489682097043782,991.209808832338,1,1078.14,1241.9931732985247,914.2868267014755
2023-07-25 00:00:00+05:30,1198.8,1219.3,1183.1,1213.5,1485610,1199.4666666666665,1199.3,1199.633333333333,0.0002779012894617304,991.209808832338,1,1090.316,1247.2060627063302,933.4259372936699
2023-07-26 00:00:00+05:30,1213.5,1213.5,1176.8,1193.9,1282862,1205.3,1201.1999999999998,1209.4,0.00680328548909008,991.209808832338,1,1097.636,1256.0904136841764,939.1815863158236
2023-07-27 00:00:00+05:30,1160.1,1201.2,1150.8,1175.3,3016510,1194.7333333333333,1195.15,1194.3166666666666,0.0006975057195470272,991.209808832338,1,1105.288,1259.4715199494292,951.1044800505709
2023-07-28 00:00:00+05:30,1179.2,1228.1,1174.3,1219.3,2076590,1175.7666666666667,1176.0,1175.5333333333333,0.0003969041476483687,991.209808832338,1,1115.288,1265.266391190184,965.3096088098159
2023-07-31 00:00:00+05:30,1224.7,1240.9,1209.1,1216.9,1178222,1207.2333333333333,1201.1999999999998,1213.2666666666669,0.009995306071734595,996.3111352086726,1,1125.232,1267.6858855349187,982.7781144650812
2023-08-01 00:00:00+05:30,1219.8,1229.6,1211.5,1227.6,835482,1222.3,1225.0,1219.6,0.004417900679047772,996.3111352086726,1,1135.78,1267.5383363586366,1004.0216636413634
2023-08-02 00:00:00+05:30,1224.7,1224.7,1187.5,1196.8,1249000,1222.8999999999999,1220.55,1225.2499999999998,0.0038433232480168606,996.3111352086726,1,1144.2160000000001,1262.862967833129,1025.5690321668712
2023-08-03 00:00:00+05:30,1194.9,1194.9,1146.4,1152.8,1276424,1203.0,1206.1,1199.9,0.005153782211138668,996.3111352086726,1,1150.948,1250.0748943526196,1051.8211056473806
2023-08-04 00:00:00+05:30,1163.1,1170.9,1139.1,1155.7,873656,1164.7,1170.65,1158.75,0.01021722331930977,996.3111352086726,1,1153.08,1250.211185517296,1055.948814482704
2023-08-07 00:00:00+05:30,1167.5,1185.6,1151.3,1177.3,1329226,1155.2333333333333,1155.0,1155.4666666666667,0.00040395879620281353,996.3111352086726,1,1156.252,1251.134396597026,1061.369603402974
2023-08-08 00:00:00+05:30,1185.1,1204.7,1179.2,1197.8,1356486,1171.3999999999999,1168.4499999999998,1174.35,0.005036708212395502,996.3111352086726,1,1160.148,1253.523801918887,1066.7721980811127
2023-08-09 00:00:00+05:30,1204.2,1214.9,1189.0,1211.0,997382,1193.8999999999999,1191.95,1195.8499999999997,0.003266605243319907,996.3111352086726,1,1164.512,1256.782026682532,1072.241973317468
2023-08-10 00:00:00+05:30,1209.1,1247.7,1205.6,1238.9,1379696,1204.9666666666667,1201.95,1207.9833333333333,0.005007054137043877,996.3111352086726,1,1170.656,1261.4536225239135,1079.8583774760864
2023-08-11 00:00:00+05:30,1245.3,1267.8,1225.7,1230.1,2347534,1230.7333333333333,1226.65,1234.8166666666666,0.006635610205297532,1013.2428334131489,1,1176.588,1262.643597284517,1090.532402715483
2023-08-14 00:00:00+05:30,1228.6,1228.6,1191.4,1198.3,1446058,1241.2,1246.75,1235.65,0.008942958427328318,1013.2428334131489,1,1181.324,1258.1061704303474,1104.5418295696527
2023-08-16 00:00:00+05:30,1195.8,1229.1,1185.1,1226.2,1621806,1206.1000000000001,1210.0,1202.2000000000003,0.006467125445651045,1013.2428334131489,1,1186.512,1256.931027428635,1116.092972571365
2023-08-17 00:00:00+05:30,1224.7,1232.5,1214.4,1222.3,976068,1213.4666666666665,1207.1,1219.833333333333,0.010493352378859292,1013.2428334131489,1,1190.72,1256.462309055849,1124.9776909441512
2023-08-18 00:00:00+05:30,1206.1,1214.4,1188.5,1201.7,1197650,1223.0666666666666,1223.45,1222.6833333333332,0.0006268396380684174,1013.2428334131489,1,1194.0279999999998,1252.9734668655246,1135.082533134475
2023-08-21 00:00:00+05:30,1195.8,1208.1,1181.7,1187.5,908582,1201.5333333333335,1201.45,1201.616666666667,0.00013871164623006975,1013.2428334131489,1,1195.808,1251.05377580227,1140.56222419773
2023-08-22 00:00:00+05:30,1191.0,1220.8,1182.6,1200.7,1396386,1192.4333333333334,1194.9,1189.9666666666667,0.0041371984457552295,1013.2428334131489,1,1198.0359999999998,1249.2515876271532,1146.8204123728465
2023-08-23 00:00:00+05:30,1205.6,1223.7,1200.2,1216.4,1158304,1201.3666666666666,1201.6999999999998,1201.0333333333333,0.0005549235592795831,1013.2428334131489,1,1201.108,1246.856037597197,1155.359962402803
2023-08-24 00:00:00+05:30,1227.2,1231.6,1189.0,1198.3,1128098,1213.4333333333334,1211.95,1214.9166666666667,0.0024448534461445734,1013.2428334131489,1,1202.772,1244.8140939534953,1160.7299060465045
2023-08-25 00:00:00+05:30,1195.8,1215.9,1187.0,1200.2,1311594,1206.3,1210.3,1202.3,0.006631849457017326,1013.2428334131489,1,1202.36,1244.2928224663513,1160.4271775336485
2023-08-28 00:00:00+05:30,1195.8,1223.7,1191.9,1213.9,1341948,1201.0333333333335,1201.45,1200.616666666667,0.000693846965113122,1013.2428334131489,1,1202.888,1245.0556774792556,1160.7203225207443
2023-08-29 00:00:00+05:30,1213.9,1225.2,1186.5,1189.5,1403424,1209.8333333333335,1207.8000000000002,1211.8666666666668,0.0033613445378150755,1013.2428334131489,1,1202.4759999999999,1244.956424856568,1159.9955751434318
2023-08-30 00:00:00+05:30,1200.7,1218.8,1194.9,1197.8,2145634,1200.3999999999999,1205.85,1194.9499999999998,0.009080306564478583,1013.2428334131489,1,1201.848,1244.1216653721267,1159.5743346278732
2023-08-31 00:00:00+05:30,1198.3,1228.6,1160.6,1212.5,21147286,1203.8333333333333,1206.85,1200.8166666666666,0.005011767963450065,1013.2428334131489,1,1202.592,1244.9345996367078,1160.2494003632924
2023-09-01 00:00:00+05:30,1186.1,1186.1,1163.1,1167.5,2482368,1200.5666666666666,1194.6,1206.5333333333333,0.009939750673293219,1013.2428334131489,1,1202.28,1245.52767739422,1159.0323226057799
2023-09-04 00:00:00+05:30,1173.3,1200.2,1164.0,1178.2,1238872,1172.2333333333333,1174.6,1169.8666666666668,0.004037876418232822,1013.2428334131489,1,1200.636,1244.2934989663238,1156.9785010336761
2023-09-05 00:00:00+05:30,1173.3,1192.9,1171.9,1187.0,948218,1180.8,1182.1,1179.5,0.0022018970189701128,1013.2428334131489,1,1199.44,1242.8874763363144,1155.9925236636857
2023-09-06 00:00:00+05:30,1188.5,1192.9,1174.8,1180.2,352634,1183.9333333333334,1182.4,1185.4666666666667,0.0025902359367080967,1013.2428334131489,1,1197.5439999999999,1240.0369953756453,1155.0510046243544
2023-09-07 00:00:00+05:30,1186.1,1213.9,1180.2,1211.5,1503244,1182.6333333333332,1183.85,1181.4166666666665,0.0020575551734829567,1013.2428334131489,1,1198.132,1240.9729419130185,1155.2910580869816
2023-09-08 00:00:00+05:30,1211.5,1222.8,1205.6,1217.9,640430,1201.8666666666668,1197.0500000000002,1206.6833333333334,0.008015309518526635,1013.2428334131489,1,1200.736,1240.003651011928,1161.4683489880722
2023-09-11 00:00:00+05:30,1218.4,1290.8,1213.0,1279.5,2426732,1215.4333333333332,1214.1999999999998,1216.6666666666665,0.0020294545155363224,1013.2428334131489,1,1205.688,1251.6438856295304,1159.7321143704698
2023-09-12 00:00:00+05:30,1288.8,1288.8,1242.8,1263.4,1123864,1261.1000000000001,1251.9,1270.3000000000002,0.014590436920149146,1017.4522485638271,1,1209.132,1258.815662344823,1159.448337655177
2023-09-13 00:00:00+05:30,1263.4,1266.8,1228.1,1260.4,608116,1265.0,1265.8,1264.2,0.0012648221343872798,1017.4522485638271,1,1211.636,1264.9594021419707,1158.3125978580292
2023-09-14 00:00:00+05:30,1263.4,1291.3,1260.9,1280.0,998006,1251.7666666666667,1247.4499999999998,1256.0833333333335,0.006896919021117088,1028.168152276423,1,1214.396,1274.0670309613824,1154.7249690386175
2023-09-15 00:00:00+05:30,1287.8,1323.1,1271.7,1309.4,1301094,1277.3999999999999,1276.1,1278.6999999999998,0.0020353843745106537,1044.9934261853664,1,1217.2160000000001,1287.050608726578,1147.3813912734222
2023-09-18 00:00:00+05:30,1308.4,1308.4,1263.4,1272.2,1426032,1301.4,1297.4,1305.4,0.006147226064238512,1044.9934261853664,1,1218.9,1291.8567543137317,1145.9432456862685
2023-09-20 00:00:00+05:30,1260.9,1307.4,1259.0,1289.3,1393160,1281.3333333333333,1285.9,1276.7666666666664,0.00712799167533845,1044.9934261853664,1,1222.54,1299.9659491384775,1145.1140508615224
2023-09-21 00:00:00+05:30,1286.9,1311.3,1271.7,1285.4,1314084,1285.2333333333333,1283.2,1287.2666666666667,0.0031641465881681193,1044.9934261853664,1,1224.9080000000001,1306.1633096357036,1143.6526903642966
2023-09-22 00:00:00+05:30,1292.2,1314.7,1271.7,1276.1,1173830,1289.4666666666667,1291.5,1287.4333333333334,0.0031537586599110273,1044.9934261853664,1,1227.06,1310.7386233155996,1143.3813766844003
2023-09-25 00:00:00+05:30,1276.1,1298.1,1271.2,1282.9,610708,1287.5,1293.2,1281.8,0.008854368932038906,1044.9934261853664,1,1230.308,1316.0746027308646,1144.5413972691354
2023-09-26 00:00:00+05:30,1283.4,1311.3,1272.2,1278.5,1608594,1284.0666666666668,1284.65,1283.4833333333336,0.0009085717252477921,1044.9934261853664,1,1233.948,1319.8625085768049,1148.0334914231953
2023-09-27 00:00:00+05:30,1284.4,1302.0,1275.1,1282.5,2231738,1287.3333333333333,1291.75,1282.9166666666665,0.006861729673744293,1044.9934261853664,1,1237.22,1324.0461343144666,1150.3938656855335
2023-09-28 00:00:00+05:30,1282.5,1288.3,1230.6,1238.4,3433218,1286.5333333333333,1288.55,1284.5166666666667,0.003135039900507801,1044.9934261853664,1,1238.1,1324.5091846969624,1151.6908153030374
2023-09-29 00:00:00+05:30,1251.1,1273.6,1240.9,1271.7,866700,1252.4333333333332,1259.4499999999998,1245.4166666666665,0.01120485454980968,1044.9934261853664,1,1241.036,1326.8220945374817,1155.2499054625184
2023-10-03 00:00:00+05:30,1272.7,1283.9,1259.9,1278.0,939806,1262.0666666666666,1257.25,1266.8833333333332,0.007632982938038043,1044.9934261853664,1,1244.1480000000001,1329.4258821500257,1158.8701178499746
2023-10-04 00:00:00+05:30,1276.6,1281.5,1257.5,1277.6,875812,1273.9333333333334,1271.9,1275.9666666666667,0.003192213093306771,1044.9934261853664,1,1246.6960000000001,1332.0130741176326,1161.3789258823676
2023-10-05 00:00:00+05:30,1284.9,1296.6,1269.7,1271.7,631764,1272.2,1269.5,1274.9,0.004244615626473896,1044.9934261853664,1,1249.9840000000002,1332.5210836411948,1167.4469163588055
2023-10-06 00:00:00+05:30,1273.6,1314.7,1272.2,1309.4,960630,1279.3333333333333,1283.15,1275.5166666666664,0.005966649296508859,1044.9934261853664,1,1254.448,1337.2839558645487,1171.6120441354515
2023-10-09 00:00:00+05:30,1304.0,1306.9,1283.9,1291.7,824556,1298.7666666666667,1293.45,1304.0833333333333,0.008187254574852972,1045.162569297175,1,1257.616,1339.848250218472,1175.383749781528
2023-10-10 00:00:00+05:30,1294.7,1330.4,1292.7,1327.0,1700342,1294.1666666666667,1295.4,1292.9333333333334,0.0019059884095299654,1060.4860665252882,1,1263.9959999999999,1341.9077753359095,1186.0842246640902
2023-10-11 00:00:00+05:30,1341.2,1344.6,1317.2,1319.6,1403308,1316.7,1311.5500000000002,1321.85,0.007822586769954983,1082.2066238642765,1,1269.652,1342.1724769978325,1197.1315230021676
2023-10-12 00:00:00+05:30,1325.5,1335.3,1309.9,1323.6,2436808,1327.1333333333334,1330.9,1323.3666666666668,0.005676395237856007,1082.2066238642765,1,1275.116,1342.290725723244,1207.941274276756
2023-10-13 00:00:00+05:30,1336.8,1397.4,1333.3,1371.5,5301926,1322.9333333333332,1322.6,1323.2666666666664,0.0005039306591411877,1108.662664553317,1,1282.768,1348.5187711285039,1217.0172288714962
2023-10-16 00:00:00+05:30,1376.4,1376.4,1354.4,1373.0,891964,1367.3999999999999,1365.35,1369.4499999999998,0.0029983911072106986,1112.8201579711845,1,1289.228,1357.3915332417034,1221.0644667582967
2023-10-17 00:00:00+05:30,1376.4,1407.2,1376.4,1392.5,1482018,1367.9333333333334,1365.4,1370.4666666666667,0.0037038842048832342,1139.747351652337,1,1296.212,1369.3115883982437,1223.1124116017563
2023-10-18 00:00:00+05:30,1394.5,1394.5,1371.5,1374.4,500464,1392.0333333333335,1391.8000000000002,1392.2666666666669,0.000335241014343548,1139.747351652337,1,1300.008,1378.8709377083594,1221.1450622916407
2023-10-19 00:00:00+05:30,1372.5,1383.2,1358.8,1376.9,846032,1380.1333333333332,1383.0,1377.2666666666664,0.0041541880011594845,1139.747351652337,1,1304.548,1387.4242570582944,1221.6717429417056
2023-10-20 00:00:00+05:30,1374.4,1389.6,1370.0,1382.8,964020,1372.9666666666665,1371.0,1374.933333333333,0.0028648425550508194,1139.747351652337,1,1309.4440000000002,1395.7022370327172,1223.1857629672832
2023-10-23 00:00:00+05:30,1372.5,1387.6,1353.4,1358.8,1472334,1380.8,1379.8,1381.8,0.0014484356894553883,1139.747351652337,1,1312.596,1400.0705307846365,1225.1214692153635
2023-10-25 00:00:00+05:30,1349.5,1376.4,1334.8,1351.0,1010856,1366.6000000000001,1370.5,1362.7000000000003,0.005707595492462847,1139.747351652337,1,1314.26,1403.0015483299244,1225.5184516700756
2023-10-26 00:00:00+05:30,1344.6,1344.6,1294.2,1302.0,1165360,1354.0666666666666,1355.6,1352.5333333333333,0.0022647826301018703,1139.747351652337,1,1315.4519999999998,1402.689498726134,1228.2145012738656
2023-10-27 00:00:00+05:30,1312.3,1337.3,1312.3,1322.1,644314,1313.6000000000001,1319.4,1307.8000000000002,0.008830694275273986,1139.747351652337,1,1316.764,1403.3731150860706,1230.1548849139292
2023-10-30 00:00:00+05:30,1327.5,1328.9,1292.2,1300.6,782822,1323.8999999999999,1324.8,1322.9999999999998,0.0013596193065942912,1139.747351652337,1,1317.372,1403.3026235517482,1231.441376448252
2023-10-31 00:00:00+05:30,1319.6,1329.9,1301.0,1313.3,1493156,1307.2333333333333,1310.5500000000002,1303.9166666666665,0.005074330009944922,1139.747351652337,1,1318.86,1403.153107666002,1234.5668923339979
2023-11-01 00:00:00+05:30,1319.6,1333.8,1303.0,1307.9,494626,1314.7333333333333,1315.45,1314.0166666666667,0.001090208407281624,1139.747351652337,1,1319.86,1403.00834935218,1236.7116506478199
2023-11-02 00:00:00+05:30,1317.2,1334.8,1309.4,1311.3,872670,1314.9,1318.4,1311.4,0.0053235987527568635,1139.747351652337,1,1321.172,1402.6875351082979,1239.6564648917022
2023-11-03 00:00:00+05:30,1320.6,1328.4,1304.0,1323.6,752506,1318.5,1322.1,1314.9,0.005460750853242183,1139.747351652337,1,1322.816,1402.7886889381127,1242.8433110618873
2023-11-06 00:00:00+05:30,1330.4,1347.0,1325.0,1329.4,1028830,1318.6666666666667,1316.2,1321.1333333333334,0.003741152679474262,1139.747351652337,1,1326.4560000000001,1398.632164043208,1254.2798359567923
2023-11-07 00:00:00+05:30,1339.2,1339.7,1319.6,1333.3,1125030,1333.8,1336.0,1331.6,0.00329884540410863,1139.747351652337,1,1328.92,1397.5705120155123,1260.2694879844878
2023-11-08 00:00:00+05:30,1337.3,1339.7,1314.3,1318.7,459652,1330.8666666666668,1329.65,1332.0833333333335,0.0018283825076391778,1139.747351652337,1,1330.5479999999998,1396.154002652135,1264.9419973478646
2023-11-09 00:00:00+05:30,1320.6,1328.4,1308.9,1327.0,291048,1324.2333333333333,1327.0,1321.4666666666667,0.004178518387998064,1139.747351652337,1,1332.524,1394.5077470309107,1270.5402529690891
2023-11-10 00:00:00+05:30,1324.5,1339.2,1316.7,1330.4,649250,1321.4333333333334,1318.65,1324.2166666666667,0.00421259743208128,1139.747351652337,1,1334.872,1391.6938695925423,1278.0501304074578
2023-11-12 00:00:00+05:30,1343.6,1343.6,1330.4,1333.8,54912,1328.7666666666667,1327.95,1329.5833333333333,0.0012292100444019859,1139.747351652337,1,1335.848,1391.716477552121,1279.979522447879
2023-11-13 00:00:00+05:30,1333.8,1340.2,1315.2,1335.8,840820,1335.9333333333334,1337.0,1334.8666666666668,0.0015968860721591986,1139.747351652337,1,1337.612,1390.4986053362459,1284.7253946637543
2023-11-15 00:00:00+05:30,1341.7,1351.9,1328.9,1330.4,620668,1330.3999999999999,1327.7,1333.0999999999997,0.00405892964521921,1139.747351652337,1,1337.7480000000003,1390.542154827896,1284.9538451721046
2023-11-16 00:00:00+05:30,1324.0,1351.9,1324.0,1347.5,488696,1337.0666666666668,1340.4,1333.7333333333336,0.004986039090546356,1139.747351652337,1,1338.864,1391.2544687514037,1286.4735312485964
2023-11-17 00:00:00+05:30,1348.0,1426.3,1340.7,1396.0,2673806,1341.1333333333334,1337.95,1344.3166666666668,0.004747228712034687,1153.1520031545115,1,1341.76,1398.2954685130646,1285.2245314869353
2023-11-20 00:00:00+05:30,1394.5,1411.1,1379.3,1382.8,680696,1387.6666666666667,1383.5,1391.8333333333335,0.006005284650492542,1165.1619230283309,1,1342.2120000000002,1399.8610435652818,1284.5629564347187
2023-11-21 00:00:00+05:30,1391.6,1401.3,1378.8,1382.8,885784,1391.0666666666666,1395.1999999999998,1386.9333333333334,0.005942681874820108,1165.1619230283309,1,1342.604,1401.2104427856846,1283.9975572143155
2023-11-22 00:00:00+05:30,1383.2,1394.5,1360.7,1370.5,615294,1387.6333333333332,1390.05,1385.2166666666665,0.003483148766485012,1165.1619230283309,1,1341.724,1397.9182140793137,1285.5297859206862
2023-11-23 00:00:00+05:30,1373.5,1385.7,1364.2,1370.5,397090,1375.2333333333333,1377.6,1372.8666666666668,0.0034418401725766204,1165.1619230283309,1,1341.568,1397.4191083506114,1285.7168916493886
2023-11-24 00:00:00+05:30,1371.0,1390.6,1360.2,1364.7,492292,1373.4666666666665,1374.95,1371.983333333333,0.002159984467527778,1165.1619230283309,1,1341.08,1395.8912397231784,1286.2687602768215
2023-11-28 00:00:00+05:30,1369.1,1411.1,1368.1,1392.1,1131592,1371.8333333333333,1375.4,1368.2666666666664,0.005199854209695299,1165.1619230283309,1,1341.4519999999998,1397.5030087687253,1285.4009912312742
2023-11-29 00:00:00+05:30,1395.0,1415.5,1384.2,1408.7,529216,1390.4333333333332,1389.6,1391.2666666666664,0.0011986670822044796,1172.2037495650181,1,1343.4479999999999,1405.1018237580743,1281.7941762419255
2023-11-30 00:00:00+05:30,1411.1,1441.0,1400.4,1426.3,2303334,1402.8,1399.85,1405.75,0.004205873966353073,1190.7915995824176,1,1346.46,1416.1313197807508,1276.7886802192493
2023-12-01 00:00:00+05:30,1436.1,1440.0,1404.8,1406.2,496440,1422.5666666666666,1420.7,1424.4333333333332,0.0026243644117438817,1191.831935599121,1,1350.628,1421.6163938682341,1279.6396061317657
2023-12-04 00:00:00+05:30,1418.0,1437.6,1415.5,1418.5,748316,1417.0,1422.4,1411.6,0.007621736062103163,1196.412658175156,1,1354.484,1429.2283574859766,1279.7396425140232
2023-12-05 00:00:00+05:30,1417.0,1457.1,1407.7,1455.2,1270268,1423.8666666666668,1426.55,1421.1833333333336,0.003769079501825779,1197.63615184815,1,1360.668,1441.8602896831424,1279.4757103168574
2023-12-06 00:00:00+05:30,1464.5,1464.5,1434.6,1437.1,829826,1440.0,1432.4,1447.6,0.01055555555555543,1215.8047057742237,1,1365.62,1449.7020932184207,1281.537906781579
2023-12-07 00:00:00+05:30,1437.1,1452.7,1430.7,1439.0,1209934,1445.3999999999999,1449.55,1441.2499999999998,0.005742355057423677,1215.8047057742237,1,1370.864,1456.235449653799,1285.4925503462011
2023-12-08 00:00:00+05:30,1439.0,1446.9,1427.8,1434.6,974538,1440.8,1441.7,1439.8999999999999,0.0012493059411439354,1215.8047057742237,1,1375.796,1461.0795924195916,1290.5124075804085
2023-12-11 00:00:00+05:30,1438.0,1445.9,1424.8,1429.2,436790,1436.4333333333332,1437.35,1435.5166666666664,0.0012763093773931857,1215.8047057742237,1,1380.02,1465.0043091399284,1295.0356908600716
2023-12-12 00:00:00+05:30,1435.6,1455.2,1431.2,1448.8,1009402,1433.3,1435.35,1431.25,0.0028605316402706407,1221.338867873149,1,1384.796,1471.271549931705,1298.320450068295
2023-12-13 00:00:00+05:30,1453.7,1455.2,1422.9,1446.4,767166,1445.0666666666666,1443.2,1446.9333333333332,0.0025835024912343983,1221.338867873149,1,1389.32,1476.3778474348562,1302.2621525651437
2023-12-14 00:00:00+05:30,1456.2,1472.3,1456.2,1464.5,777614,1441.5,1439.0500000000002,1443.9499999999998,0.0033992369060004413,1243.8485406318941,1,1395.152,1482.039257891998,1308.264742108002
2023-12-15 00:00:00+05:30,1469.9,1474.7,1448.8,1452.7,770918,1464.3333333333333,1464.25,1464.4166666666665,0.00011381743683121905,1243.8485406318941,1,1400.18,1485.2388314050368,1315.1211685949634
2023-12-18 00:00:00+05:30,1452.7,1470.8,1449.3,1454.2,950546,1458.7333333333333,1461.75,1455.7166666666667,0.004136008409122049,1243.9460950463535,1,1405.132,1487.7439937054564,1322.5200062945437
2023-12-19 00:00:00+05:30,1457.6,1504.1,1446.9,1499.2,1921968,1458.1000000000001,1460.05,1456.1500000000003,0.00267471366847242,1252.0242512444995,1,1411.7479999999998,1496.9028071690036,1326.593192830996
2023-12-20 00:00:00+05:30,1503.1,1571.1,1486.5,1496.8,2335116,1483.3999999999999,1475.5,1491.2999999999997,0.010651206687339711,1290.5752811947195,1,1418.188,1503.7447988180372,1332.631201181963
2023-12-21 00:00:00+05:30,1479.6,1516.3,1465.0,1512.4,573692,1518.1333333333332,1528.8,1507.4666666666665,0.014052344985069484,1290.5752811947195,1,1425.4679999999998,1510.8790010712314,1340.0569989287683
2023-12-22 00:00:00+05:30,1524.7,1551.1,1508.0,1547.2,829196,1497.9000000000003,1490.65,1505.1500000000005,0.00968021897322949,1290.5752811947195,1,1433.4560000000001,1525.315424426619,1341.5965755733812
2023-12-26 00:00:00+05:30,1547.2,1580.4,1531.0,1534.9,1151172,1535.4333333333334,1529.55,1541.3166666666668,0.007663417493433045,1306.2788727830914,1,1439.0120000000002,1537.6869543906134,1340.337045609387
2023-12-27 00:00:00+05:30,1551.1,1560.4,1537.9,1543.7,725380,1548.7666666666667,1555.7,1541.8333333333333,0.00895336073865234,1306.2788727830914,1,1445.4479999999999,1549.4625392913385,1341.4334607086612
2023-12-28 00:00:00+05:30,1546.7,1553.5,1534.4,1543.7,1220506,1547.3333333333333,1549.15,1545.5166666666664,0.0023481258078416633,1306.2788727830914,1,1451.8840000000002,1559.4475875935223,1344.3204124064782
2023-12-29 00:00:00+05:30,1544.2,1549.1,1531.5,1539.3,580172,1543.8666666666668,1543.95,1543.7833333333335,0.00010795405475419838,1306.2788727830914,1,1458.636,1566.109157653384,1351.162842346616
2024-01-01 00:00:00+05:30,1539.3,1550.6,1528.1,1547.2,303928,1539.9666666666665,1540.3,1539.633333333333,0.00043290980324269137,1306.2788727830914,1,1465.7040000000002,1572.3002172686677,1359.1077827313327
2024-01-02 00:00:00+05:30,1551.1,1570.6,1538.4,1566.2,748530,1541.9666666666665,1539.35,1544.583333333333,0.003393934153353805,1320.7272752963165,1,1473.764,1579.0565506196367,1368.471449380363
2024-01-03 00:00:00+05:30,1565.8,1574.1,1550.1,1555.0,366900,1558.3999999999999,1554.5,1562.2999999999997,0.005005133470225698,1330.9581842844639,1,1480.28,1584.7095590337747,1375.8504409662253
2024-01-04 00:00:00+05:30,1558.4,1609.8,1555.0,1597.6,1209976,1559.7333333333333,1562.1,1557.3666666666668,0.003034706787484904,1345.1598569130854,1,1487.836,1597.6522374878525,1378.0197625121475
2024-01-05 00:00:00+05:30,1603.9,1603.9,1579.0,1586.8,609926,1587.4666666666665,1582.4,1592.5333333333328,0.006383336133041801,1356.727462636562,1,1494.256,1607.6398236080804,1380.8721763919198
2024-01-08 00:00:00+05:30,1573.1,1620.6,1573.1,1608.8,896504,1589.8999999999999,1591.45,1588.3499999999997,0.001949808164035703,1358.2163641310995,1,1502.36,1618.3420123984235,1386.3779876015763
2024-01-09 00:00:00+05:30,1624.5,1656.8,1605.9,1640.1,932218,1600.8333333333333,1596.85,1604.8166666666666,0.00497657470067675,1388.0097095658555,1,1511.2240000000002,1633.8939412895754,1388.554058710425
2024-01-10 00:00:00+05:30,1642.6,1654.8,1615.2,1642.1,921458,1634.2666666666664,1631.35,1637.183333333333,0.0035693889206166052,1390.3053211832214,1,1518.7,1649.3243713860002,1388.075628614
2024-01-11 00:00:00+05:30,1647.5,1701.3,1639.1,1681.7,2238284,1637.3666666666668,1635.0,1639.7333333333336,0.0028908206266160556,1417.8771083358922,1,1528.484,1669.4289898931756,1387.5390101068242
2024-01-12 00:00:00+05:30,1702.8,1709.6,1638.2,1659.2,2237674,1674.033333333333,1670.1999999999998,1677.8666666666663,0.004579757471973786,1417.8771083358922,1,1537.2920000000001,1682.2328587803565,1392.3511412196438
2024-01-15 00:00:00+05:30,1671.4,1697.9,1662.1,1682.2,1162702,1669.0,1673.9,1664.1,0.005871779508687946,1417.8771083358922,1,1547.1960000000001,1696.487408781574,1397.9045912184263
2024-01-16 00:00:00+05:30,1688.1,1688.1,1641.6,1650.4,1037288,1680.7333333333333,1680.0,1681.4666666666667,0.0008726349609297709,1417.8771083358922,1,1556.0440000000003,1702.5064793453494,1409.5815206546513
2024-01-17 00:00:00+05:30,1629.4,1632.3,1576.5,1601.5,770634,1660.0333333333335,1664.85,1655.2166666666672,0.005803096323366653,1417.8771083358922,1,1562.152,1702.8375457535942,1421.4664542464059
2024-01-18 00:00:00+05:30,1590.2,1641.1,1563.8,1634.3,1300702,1603.4333333333334,1604.4,1602.4666666666667,0.0012057460033678112,1417.8771083358922,1,1569.668,1704.7811048565848,1434.554895143415
2024-01-19 00:00:00+05:30,1642.6,1675.8,1633.8,1671.0,803434,1613.0666666666666,1602.4499999999998,1623.6833333333334,0.013163332782278213,1417.8771083358922,1,1577.9279999999999,1711.553967775677,1444.3020322243228
2024-01-20 00:00:00+05:30,1680.2,1686.1,1630.8,1635.7,300028,1660.2,1654.8,1665.6000000000001,0.006505240332490171,1417.8771083358922,1,1585.2480000000003,1710.4137220807127,1460.082277919288
2024-01-23 00:00:00+05:30,1631.3,1663.6,1601.0,1617.1,1833300,1650.8666666666666,1658.4499999999998,1643.2833333333333,0.009187093647780873,1417.8771083358922,1,1591.764,1705.3913752930428,1478.136624706957
2024-01-24 00:00:00+05:30,1610.8,1654.8,1598.5,1649.9,803830,1627.2333333333333,1632.3,1622.1666666666667,0.00622733883688052,1417.8771083358922,1,1597.7920000000001,1707.042653746263,1488.5413462537372
2024-01-25 00:00:00+05:30,1648.0,1678.3,1636.2,1647.0,650550,1634.4000000000003,1626.65,1642.1500000000005,0.009483602545276831,1417.8771083358922,1,1603.8,1706.4978480786513,1501.1021519213486
2024-01-29 00:00:00+05:30,1646.5,1699.8,1636.2,1685.6,1409190,1653.8333333333333,1657.25,1650.4166666666665,0.004131814975309978,1417.8771083358922,1,1610.728,1711.1711384614478,1510.2848615385524
2024-01-30 00:00:00+05:30,1693.0,1697.4,1670.5,1686.1,1149726,1673.8666666666668,1668.0,1679.7333333333336,0.007009718018161686,1417.8771083358922,1,1616.2839999999999,1717.4203860140624,1515.1476139859374
2024-01-31 00:00:00+05:30,1694.4,1735.1,1692.0,1720.4,1506634,1684.6666666666667,1683.95,1685.3833333333334,0.0008508112386229089,1417.8771083358922,1,1623.704,1727.0627380727205,1520.3452619272794
2024-02-01 00:00:00+05:30,1720.4,1729.7,1697.9,1723.3,374652,1715.8333333333333,1713.55,1718.1166666666666,0.002661486158329251,1417.8771083358922,1,1630.888,1735.9574295405905,1525.8185704594093
2024-02-02 00:00:00+05:30,1728.2,1737.0,1705.7,1713.0,429416,1716.966666666667,1713.8000000000002,1720.1333333333337,0.003688675765400309,1425.1511697096255,1,1637.66,1741.1908958716429,1534.1291041283573
2024-02-05 00:00:00+05:30,1716.5,1732.1,1687.1,1709.1,1124312,1718.5666666666666,1721.35,1715.7833333333333,0.0032391333863490543,1425.1511697096255,1,1644.4520000000002,1743.460882348933,1545.4431176510675
2024-02-06 00:00:00+05:30,1714.5,1743.4,1705.7,1740.9,698934,1709.4333333333332,1709.6,1709.2666666666664,0.0001949963925668262,1428.9211580043911,1,1652.2,1749.8612266971118,1554.5387733028883
2024-02-07 00:00:00+05:30,1743.9,1757.6,1734.1,1749.7,519448,1730.0,1724.5500000000002,1735.4499999999998,0.0063005780346818705,1455.4663116842153,1,1659.54,1757.8245501591398,1561.2554498408601
2024-02-08 00:00:00+05:30,1758.0,1764.9,1739.0,1749.7,355616,1747.1333333333332,1745.85,1748.4166666666665,0.0014690731483954322,1465.9296592168466,1,1667.328,1762.0342577868237,1572.6217422131763
2024-02-09 00:00:00+05:30,1761.5,1772.2,1718.4,1746.8,511562,1751.2,1751.95,1750.45,0.0008565555047967108,1465.9296592168466,1,1673.296,1768.4769641471662,1578.115035852834
2024-02-12 00:00:00+05:30,1749.2,1769.8,1716.5,1746.3,1638454,1745.8000000000002,1745.3000000000002,1746.3000000000002,0.0005728032993470042,1465.9296592168466,1,1679.6759999999997,1772.1545515456635,1587.197448454336
2024-02-13 00:00:00+05:30,1753.2,1814.8,1739.9,1808.4,1431082,1744.2,1743.15,1745.25,0.0012039903680770032,1475.115485376876,1,1687.66,1788.3810961019778,1586.9389038980223
2024-02-14 00:00:00+05:30,1801.1,1823.6,1767.8,1814.8,749592,1787.7,1777.35,1798.0500000000002,0.011579124014096477,1489.930865961801,1,1694.648,1804.9830841028531,1584.3129158971467
2024-02-15 00:00:00+05:30,1814.8,1834.4,1788.4,1816.8,634966,1802.0666666666666,1795.6999999999998,1808.4333333333334,0.007065961303688493,1504.981631323329,1,1701.6359999999997,1819.6363102368102,1583.6356897631892
2024-02-16 00:00:00+05:30,1831.9,1863.2,1816.8,1861.3,536504,1813.2,1811.4,1815.0,0.0019854401058900886,1532.8463660703958,1,1708.82,1841.9847761233555,1575.6552238766444
2024-02-19 00:00:00+05:30,1866.2,1868.1,1772.2,1793.8,2124130,1847.1000000000001,1840.0,1854.2000000000003,0.007687726706729615,1532.8463660703958,1,1714.2040000000002,1849.7710341048416,1578.6369658951587
2024-02-20 00:00:00+05:30,1799.1,1839.8,1788.9,1812.8,1312970,1811.3666666666668,1820.15,1802.5833333333335,0.009698018071069693,1532.8463660703958,1,1719.4279999999999,1859.6448551351195,1579.2111448648802
2024-02-21 00:00:00+05:30,1815.3,1830.0,1789.4,1796.7,470884,1813.8333333333333,1814.35,1813.3166666666666,0.0005696958559220636,1532.8463660703958,1,1725.28,1865.6963751133856,1584.8636248866144
2024-02-22 00:00:00+05:30,1802.6,1821.7,1784.5,1816.8,406832,1805.3666666666668,1809.7,1801.0333333333335,0.004800502206384584,1532.8463660703958,1,1733.8919999999998,1869.2020134653117,1598.581986534688
2024-02-23 00:00:00+05:30,1817.3,1843.7,1813.3,1833.9,380830,1807.6666666666667,1803.1,1812.2333333333336,0.00505255393693546,1532.8463660703958,1,1741.876,1876.2899430862092,1607.4620569137908
2024-02-26 00:00:00+05:30,1834.9,1877.9,1797.7,1863.7,2308838,1830.3,1828.5,1832.1,0.001966890673660006,1532.8463660703958,1,1749.5840000000003,1888.8689014645256,1610.299098535475
2024-02-27 00:00:00+05:30,1878.4,1953.3,1854.4,1875.0,2879020,1846.4333333333334,1837.8000000000002,1855.0666666666666,0.009351362085461931,1564.4356714666499,1,1759.1559999999997,1898.7100334636814,1619.601966536318
2024-02-28 00:00:00+05:30,1875.0,1882.3,1837.8,1842.7,539766,1894.2333333333333,1903.85,1884.6166666666668,0.01015362415753064,1564.4356714666499,1,1768.18,1898.7079617552583,1637.6520382447418
2024-02-29 00:00:00+05:30,1832.4,1838.3,1783.0,1802.6,3165748,1854.2666666666667,1860.05,1848.4833333333333,0.006237865822966818,1564.4356714666499,1,1774.2879999999998,1896.1052837654083,1652.4707162345912
2024-03-01 00:00:00+05:30,1802.6,1829.0,1787.9,1817.7,503454,1807.9666666666665,1810.65,1805.2833333333328,0.002968343811648764,1564.4356714666499,1,1781.1159999999998,1892.3011742633967,1669.9308257366029
2024-03-02 00:00:00+05:30,1827.5,1854.0,1799.6,1809.4,81996,1811.5333333333335,1808.45,1814.616666666667,0.003404114378243276,1564.4356714666499,1,1786.068,1890.625746264836,1681.510253735164
2024-03-04 00:00:00+05:30,1810.9,1861.8,1810.9,1852.5,1019990,1821.0,1826.8,1815.2,0.006370126304228396,1564.4356714666499,1,1792.724,1892.0328641359959,1693.415135864004
2024-03-05 00:00:00+05:30,1850.5,1852.0,1810.9,1822.6,516942,1841.7333333333333,1836.35,1847.1166666666668,0.005845942228335741,1564.4356714666499,1,1796.8120000000001,1892.2127013809734,1701.4112986190269
2024-03-06 00:00:00+05:30,1821.7,1832.9,1792.3,1807.5,345596,1828.5,1831.45,1825.55,0.003226688542521242,1564.4356714666499,1,1800.18,1890.7865957862978,1709.5734042137024
2024-03-07 00:00:00+05:30,1810.9,1819.2,1791.3,1799.1,291510,1810.8999999999999,1812.6,1809.1999999999998,0.0018775194654592144,1564.4356714666499,1,1803.624,1886.9681113455624,1720.2798886544376
2024-03-11 00:00:00+05:30,1801.1,1841.7,1788.9,1809.9,1111168,1803.2,1805.25,1801.15,0.002273735581188947,1564.4356714666499,1,1807.6559999999997,1881.5339334847786,1733.7780665152209
2024-03-12 00:00:00+05:30,1799.1,1810.9,1757.6,1771.7,786888,1813.5,1815.3000000000002,1811.6999999999998,0.001985111662531218,1564.4356714666499,1,1808.8880000000001,1879.2137635861952,1738.562236413805
2024-03-13 00:00:00+05:30,1771.7,1801.6,1722.3,1746.3,678648,1780.0666666666666,1784.25,1775.8833333333332,0.004700198494438479,1564.4356714666499,1,1808.7520000000002,1879.54666917771,1737.9573308222903
2024-03-14 00:00:00+05:30,1721.8,1814.8,1720.4,1803.6,620838,1756.7333333333333,1761.9499999999998,1751.5166666666669,0.005939053546354753,1564.4356714666499,1,1810.9080000000001,1877.5382974928175,1744.2777025071828
2024-03-15 00:00:00+05:30,1801.1,1840.3,1767.3,1833.9,1278930,1779.5999999999997,1767.6,1791.5999999999995,0.013486176668914109,1564.4356714666499,1,1814.392,1876.182379056786,1752.6016209432141
2024-03-18 00:00:00+05:30,1834.9,1836.8,1784.5,1796.7,1056494,1813.8333333333333,1803.8,1823.8666666666666,0.011063125976293268,1564.4356714666499,1,1816.408,1872.1756585843555,1760.6403414156443
2024-03-19 00:00:00+05:30,1788.9,1791.3,1751.2,1761.0,764134,1806.0,1810.65,1801.35,0.005149501661129669,1564.4356714666499,1,1814.5120000000002,1874.3166772751204,1754.70732272488
2024-03-20 00:00:00+05:30,1758.0,1775.2,1722.3,1734.6,465324,1767.8333333333333,1771.25,1764.4166666666665,0.0038653719242010853,1564.4356714666499,1,1811.3039999999999,1878.8108110340083,1743.7971889659914
2024-03-21 00:00:00+05:30,1743.4,1768.3,1739.5,1763.4,417580,1744.0333333333335,1748.75,1739.316666666667,0.005408918025266875,1564.4356714666499,1,1809.1680000000001,1879.176953027319,1739.1590469726812
2024-03-22 00:00:00+05:30,1763.4,1834.4,1761.5,1812.4,1686008,1757.0666666666668,1753.9,1760.2333333333336,0.0036044923357111194,1564.4356714666499,1,1807.2120000000002,1873.941167715336,1740.4828322846645
2024-03-26 00:00:00+05:30,1812.8,1853.0,1800.1,1830.5,989612,1802.7666666666667,1797.95,1807.5833333333333,0.005343638481593039,1564.4356714666499,1,1808.68,1875.7780893914378,1741.5819106085623
2024-03-27 00:00:00+05:30,1830.0,1842.7,1814.3,1823.1,305874,1827.8666666666668,1826.55,1829.1833333333336,0.0014406594208186227,1564.4356714666499,1,1809.092,1876.4123427203203,1741.7716572796799
2024-03-28 00:00:00+05:30,1825.1,1830.0,1798.2,1803.1,662492,1826.7,1828.5,1824.9,0.0019707669568073075,1564.4356714666499,1,1809.348,1876.5264279659873,1742.1695720340126
2024-04-01 00:00:00+05:30,1824.6,1836.8,1811.4,1817.7,1484820,1810.4333333333332,1814.1,1806.7666666666664,0.004050595621674453,1564.4356714666499,1,1809.3840000000002,1876.5793255515694,1742.1886744484311
2024-04-02 00:00:00+05:30,1831.0,1831.0,1756.6,1804.5,1434838,1821.9666666666665,1824.1,1819.833333333333,0.0023417918366601363,1564.4356714666499,1,1808.2079999999999,1874.6710043255748,1741.744995674425
2024-04-03 00:00:00+05:30,1801.1,1815.8,1787.9,1798.2,360558,1797.3666666666668,1793.8,1800.9333333333336,0.003968769125201869,1564.4356714666499,1,1805.5880000000002,1868.1435834756696,1743.0324165243308
2024-04-04 00:00:00+05:30,1803.1,1805.0,1772.2,1776.6,449102,1800.6333333333332,1801.85,1799.4166666666665,0.0013513763675744056,1564.4356714666499,1,1801.6519999999998,1858.351181510684,1744.9528184893156
2024-04-05 00:00:00+05:30,1776.6,1779.6,1758.5,1764.9,511864,1784.5999999999997,1788.6,1780.5999999999995,0.004482797265493924,1564.4356714666499,1,1798.54,1854.4200715817506,1742.6599284182494
2024-04-08 00:00:00+05:30,1762.9,1770.8,1737.0,1758.0,1431236,1767.6666666666667,1769.05,1766.2833333333335,0.0015651518008672962,1564.4356714666499,1,1796.756,1854.8091916089168,1738.7028083910834
2024-04-09 00:00:00+05:30,1762.5,1789.4,1753.6,1779.1,731756,1755.2666666666667,1753.9,1756.6333333333332,0.0015572182764251137,1564.4356714666499,1,1795.2119999999998,1853.0075934650868,1737.4164065349128
2024-04-10 00:00:00+05:30,1785.9,1803.6,1776.2,1780.1,1052856,1774.0333333333335,1771.5,1776.566666666667,0.0028560154826104698,1564.4356714666499,1,1794.04,1851.8255345218995,1736.2544654781004
2024-04-12 00:00:00+05:30,1780.1,1792.3,1758.0,1767.3,949218,1786.6333333333332,1789.9,1783.3666666666663,0.0036567846415047436,1564.4356714666499,1,1790.632,1844.1138016149578,1737.1501983850424
2024-04-15 00:00:00+05:30,1743.4,1779.6,1727.7,1751.7,1201260,1772.5333333333335,1775.15,1769.916666666667,0.002952459756280909,1564.4356714666499,1,1787.7959999999998,1841.7138183533211,1733.8781816466785
2024-04-16 00:00:00+05:30,1753.2,1813.3,1753.2,1790.8,2934572,1753.0,1753.65,1752.35,0.0007415858528238346,1564.4356714666499,1,1787.128,1840.4634522244046,1733.7925477755953
2024-04-18 00:00:00+05:30,1793.8,1836.8,1791.3,1811.9,1205268,1785.7666666666667,1783.25,1788.2833333333333,0.002818583988202996,1564.4356714666499,1,1787.64,1841.6666008553357,1733.6133991446645
2024-04-19 00:00:00+05:30,1809.9,1809.9,1750.7,1781.0,973044,1813.3333333333333,1814.05,1812.6166666666666,0.0007904411764706217,1564.4356714666499,1,1786.4840000000002,1839.7878589220497,1733.1801410779506
2024-04-22 00:00:00+05:30,1791.3,1801.6,1740.9,1751.7,1533888,1780.5333333333335,1780.3000000000002,1780.7666666666669,0.0002620937546802626,1564.4356714666499,1,1785.684,1840.4321413016166,1730.9358586983833
2024-04-23 00:00:00+05:30,1753.2,1776.2,1746.3,1751.2,659864,1764.7333333333333,1771.25,1758.2166666666667,0.00738544067092288,1564.4356714666499,1,1785.88,1840.0952450882755,1731.6647549117247
2024-04-24 00:00:00+05:30,1751.2,1761.0,1728.2,1758.0,798326,1757.8999999999999,1761.25,1754.5499999999997,0.003811365834234185,1564.4356714666499,1,1784.0559999999998,1838.8292804931546,1729.282719506845
2024-04-25 00:00:00+05:30,1758.0,1779.6,1746.3,1771.3,675132,1749.0666666666666,1744.6,1753.5333333333333,0.005107485897240468,1564.4356714666499,1,1781.5520000000001,1832.5770799507638,1730.5269200492364
2024-04-26 00:00:00+05:30,1774.7,1818.2,1774.7,1785.4,717404,1765.7333333333333,1762.9499999999998,1768.5166666666669,0.0031526089254702828,1564.4356714666499,1,1781.1,1831.7793527975823,1730.4206472024175
2024-04-29 00:00:00+05:30,1792.3,1818.2,1781.0,1810.9,637550,1792.7666666666667,1796.45,1789.0833333333333,0.004109105107561937,1564.4356714666499,1,1783.096,1834.378604613863,1731.813395386137
2024-04-30 00:00:00+05:30,1819.2,1894.1,1815.8,1870.6,3433536,1803.3666666666668,1799.6,1807.1333333333337,0.0041773719524595245,1564.4356714666499,1,1788.536,1846.5044846790197,1730.5675153209804
2024-05-02 00:00:00+05:30,1882.8,1897.0,1869.6,1891.6,468392,1860.1666666666667,1854.9499999999998,1865.3833333333337,0.005608816414300071,1564.4356714666499,1,1793.664,1863.3319181257891,1723.9960818742109
2024-05-03 00:00:00+05:30,1892.1,1913.2,1871.1,1881.8,531308,1886.0666666666666,1883.3,1888.8333333333333,0.002933795199886874,1569.9758999453543,1,1796.44,1873.9609700660515,1718.9190299339487
2024-05-06 00:00:00+05:30,1897.0,1897.0,1859.8,1867.2,447032,1888.7,1892.15,1885.25,0.0036533065071213486,1569.9758999453543,1,1797.908,1879.2491565198184,1716.5668434801814
2024-05-07 00:00:00+05:30,1867.2,1888.7,1801.6,1808.4,1028066,1874.6666666666667,1878.4,1870.9333333333334,0.0039829302987197885,1569.9758999453543,1,1797.32,1878.1350481035656,1716.5049518964342
2024-05-08 00:00:00+05:30,1817.3,1817.3,1780.6,1784.5,453526,1832.9000000000003,1845.15,1820.6500000000005,0.013366795788095118,1569.9758999453543,1,1796.576,1877.5068896280131,1715.645110371987
2024-05-09 00:00:00+05:30,1791.3,1795.7,1730.2,1737.0,435590,1794.1333333333332,1798.9499999999998,1789.3166666666666,0.005369351961949992,1569.9758999453543,1,1793.348,1877.0416149534817,1709.6543850465182
2024-05-10 00:00:00+05:30,1741.9,1777.1,1737.0,1748.3,338488,1754.3,1762.95,1745.6499999999999,0.009861483212677526,1569.9758999453543,1,1791.1,1876.476811840111,1705.7231881598889
2024-05-13 00:00:00+05:30,1748.3,1773.7,1694.4,1764.4,945940,1754.1333333333332,1757.05,1751.2166666666665,0.0033254788689572163,1569.9758999453543,1,1789.7479999999998,1875.7008078888741,1703.7951921111255
2024-05-14 00:00:00+05:30,1769.8,1787.4,1749.7,1766.4,352882,1744.1666666666667,1734.0500000000002,1754.2833333333333,0.011600573339703652,1569.9758999453543,1,1789.34,1875.634732168202,1703.045267831798
2024-05-15 00:00:00+05:30,1766.4,1809.9,1765.4,1807.0,292902,1767.8333333333333,1768.5500000000002,1767.1166666666663,0.0008107853304424524,1569.9758999453543,1,1791.024,1876.9877557112397,1705.06024428876
2024-05-16 00:00:00+05:30,1814.8,1854.0,1808.4,1851.5,519840,1794.1000000000001,1787.65,1800.5500000000002,0.007190234658045867,1569.9758999453543,1,1794.764,1882.7668341360757,1706.7611658639241
2024-05-17 00:00:00+05:30,1851.5,1861.3,1813.3,1817.7,567618,1837.9666666666665,1831.2,1844.733333333333,0.0073632093436584905,1569.9758999453543,1,1796.3080000000002,1884.5115993822342,1708.1044006177663
2024-05-18 00:00:00+05:30,1828.0,1828.0,1807.0,1818.7,48194,1830.7666666666667,1837.3,1824.2333333333333,0.007137264898130076,1569.9758999453543,1,1797.852,1886.2178960458255,1709.4861039541747
2024-05-21 00:00:00+05:30,1818.7,1830.0,1806.0,1823.6,449644,1817.8999999999999,1817.5,1818.2999999999997,0.0004400682105724887,1569.9758999453543,1,1800.104,1888.1095176450976,1712.0984823549024
2024-05-22 00:00:00+05:30,1824.1,1836.8,1809.4,1824.6,495070,1819.8666666666668,1818.0,1821.7333333333336,0.0020514323393656542,1569.9758999453543,1,1803.02,1889.2296050332068,1716.8103949667932
2024-05-23 00:00:00+05:30,1826.5,1841.7,1806.5,1838.3,345272,1823.5999999999997,1823.1,1824.0999999999995,0.0005483658697080201,1569.9758999453543,1,1804.92,1892.0573169197992,1717.782683080201
2024-05-24 00:00:00+05:30,1844.2,1846.6,1826.1,1832.9,308854,1828.8333333333333,1824.1,1833.5666666666666,0.005176341930192307,1569.9758999453543,1,1805.76,1893.5526830663096,1717.9673169336904
2024-05-27 00:00:00+05:30,1841.2,1930.8,1821.2,1882.8,2289480,1835.2,1836.35,1834.0500000000002,0.00125326939843054,1569.9758999453543,1,1809.8319999999999,1901.9882103386494,1717.6757896613503
2024-05-28 00:00:00+05:30,1885.8,1941.0,1878.9,1926.9,1694452,1878.2666666666667,1876.0,1880.5333333333333,0.002413572797614806,1580.0175660468205,1,1816.84,1916.5817304841926,1717.0982695158073
2024-05-29 00:00:00+05:30,1911.7,1920.5,1863.7,1870.1,642100,1915.6000000000001,1909.95,1921.2500000000002,0.005898935059511475,1580.0175660468205,1,1821.596,1919.6899220134524,1723.5020779865476
2024-05-30 00:00:00+05:30,1859.3,1859.8,1789.4,1800.6,1215110,1884.7666666666664,1892.1,1877.433333333333,0.0077816882726422214,1580.0175660468205,1,1823.3,1918.3485349701996,1728.2514650298003
2024-05-31 00:00:00+05:30,1810.9,1875.5,1808.0,1865.7,1269932,1816.5999999999997,1824.6,1808.5999999999995,0.008807662666520125,1580.0175660468205,1,1827.076,1921.0557472649357,1733.0962527350644
2024-06-03 00:00:00+05:30,1921.0,2011.0,1921.0,1964.5,2950286,1849.7333333333333,1841.75,1857.7166666666667,0.0086318748648454,1588.4751403334396,1,1834.24,1940.8732781076392,1727.6067218923608
2024-06-04 00:00:00+05:30,1957.2,1958.7,1640.6,1660.7,3167694,1965.5,1966.0,1965.0,0.0005087763927753752,1588.4751403334396,1,1828.2319999999997,1954.555758272073,1701.9082417279265
2024-06-05 00:00:00+05:30,1684.7,1796.7,1652.8,1779.6,1916838,1753.3333333333333,1799.65,1707.0166666666664,0.05283269961977206,1588.4751403334396,1,1824.592,1951.066888195172,1698.1171118048283
2024-06-06 00:00:00+05:30,1800.6,1829.5,1777.6,1806.0,903012,1743.0333333333335,1724.75,1761.316666666667,0.020978753513989246,1588.4751403334396,1,1821.168,1944.8041464296798,1697.53185357032
2024-06-07 00:00:00+05:30,1824.6,1844.2,1794.3,1836.3,626870,1804.3666666666668,1803.55,1805.1833333333336,0.0009052114315274058,1588.4751403334396,1,1819.348,1940.6784792044493,1698.0175207955506
2024-06-10 00:00:00+05:30,1855.9,1870.6,1796.7,1820.7,1866114,1824.9333333333334,1819.25,1830.6166666666668,0.006228538028786506,1588.4751403334396,1,1817.4879999999998,1937.2426200527616,1697.733379947238
2024-06-11 00:00:00+05:30,1830.0,1849.1,1793.8,1832.9,1173968,1829.3333333333333,1833.65,1825.0166666666664,0.004719387755102223,1588.4751403334396,1,1818.4679999999998,1938.310052318797,1698.6259476812027
2024-06-12 00:00:00+05:30,1838.3,1935.7,1832.9,1922.9,1277902,1825.2666666666664,1821.4499999999998,1829.083333333333,0.004182037327878966,1588.4751403334396,1,1824.004,1949.7015860387987,1698.306413961201
2024-06-13 00:00:00+05:30,1935.7,1964.5,1909.2,1919.0,939574,1897.1666666666667,1884.3000000000002,1910.0333333333333,0.013564086796099334,1588.4751403334396,1,1831.2839999999999,1957.0640325011132,1705.5039674988866
2024-06-14 00:00:00+05:30,1920.5,1933.2,1899.5,1927.8,788392,1930.8999999999999,1936.85,1924.9499999999998,0.006162929203998183,1588.4751403334396,1,1838.4640000000002,1964.967146269099,1711.9608537309014
2024-06-18 00:00:00+05:30,1894.6,1907.3,1880.9,1902.4,756348,1920.1666666666667,1916.35,1923.9833333333336,0.0039753493620347195,1588.4751403334396,1,1843.9840000000002,1969.1140850154788,1718.8539149845215
2024-06-19 00:00:00+05:30,1905.3,1916.6,1866.2,1873.0,337688,1896.8666666666668,1894.1,1899.6333333333337,0.0029170913436195258,1588.4751403334396,1,1848.2480000000003,1969.7240700054992,1726.7719299945013
2024-06-20 00:00:00+05:30,1874.5,1887.7,1856.9,1869.1,397838,1885.2666666666667,1891.4,1879.1333333333332,0.006506594999823303,1588.4751403334396,1,1850.7320000000002,1971.2687159996526,1730.1952840003478
2024-06-21 00:00:00+05:30,1880.4,1896.5,1865.7,1879.4,393214,1871.2333333333336,1872.3000000000002,1870.166666666667,0.0011400680478115387,1588.4751403334396,1,1851.8480000000002,1972.9079867172507,1730.7880132827497
2024-06-24 00:00:00+05:30,1856.4,1918.5,1828.0,1906.3,1162756,1880.5333333333335,1881.1,1879.9666666666672,0.0006026659103797277,1588.4751403334396,1,1855.3919999999998,1977.429330944186,1733.3546690558137
2024-06-25 00:00:00+05:30,1918.5,1982.6,1914.1,1975.8,2904328,1884.2666666666667,1873.25,1895.2833333333333,0.011693320124540035,1588.4751403334396,1,1861.6760000000002,1991.442871334639,1731.9091286653613
2024-06-26 00:00:00+05:30,1982.6,1994.4,1935.7,1942.5,1031658,1957.5,1948.35,1966.65,0.00934865900383151,1588.4751403334396,1,1866.432,1998.9544535842158,1733.9095464157842
2024-06-27 00:00:00+05:30,1931.3,1953.3,1916.1,1942.0,607586,1957.5333333333335,1965.0500000000002,1950.0166666666669,0.007679732997309523,1588.4751403334396,1,1871.1280000000002,2005.6928099020715,1736.5631900979288
2024-06-28 00:00:00+05:30,1934.2,1965.5,1913.2,1918.0,545160,1937.1333333333332,1934.6999999999998,1939.5666666666666,0.002512303403654948,1588.4751403334396,1,1874.316,2009.3942135504485,1739.2377864495515
2024-07-01 00:00:00+05:30,1921.0,1981.2,1912.7,1973.8,1101036,1932.2333333333333,1939.35,1925.1166666666668,0.007366260113512751,1588.4751403334396,1,1879.9519999999998,2019.3369015639082,1740.5670984360913
2024-07-02 00:00:00+05:30,1973.8,1976.3,1934.2,1967.0,895980,1955.8999999999999,1946.95,1964.8499999999997,0.009151797126642281,1588.4751403334396,1,1883.32,2026.825595709646,1739.8144042903539
2024-07-03 00:00:00+05:30,1971.4,2015.4,1957.7,1981.7,955596,1959.1666666666667,1955.25,1963.0833333333335,0.003998298596342059,1588.4751403334396,1,1885.5120000000002,2033.2257157611994,1737.798284238801
2024-07-04 00:00:00+05:30,1989.5,2040.4,1972.8,2027.2,847864,1984.9333333333334,1986.5500000000002,1983.3166666666666,0.0016289379995970859,1588.4751403334396,1,1891.796,2049.388705211822,1734.203294788178
2024-07-05 00:00:00+05:30,2031.6,2048.2,2017.9,2034.0,816536,2013.4666666666665,2006.6,2020.333333333333,0.006820740348321199,1610.8824078160405,1,1901.132,2063.587101194084,1738.676898805916
2024-07-08 00:00:00+05:30,2032.1,2042.3,1970.9,1997.3,1450420,2033.3666666666668,2033.05,2033.6833333333336,0.000311470303765676,1610.8824078160405,1,1906.396,2072.4070789555326,1740.3849210444675
2024-07-09 00:00:00+05:30,1997.3,2016.9,1984.1,2011.0,566662,2003.5,2006.6,2000.4,0.0030945844771648706,1610.8824078160405,1,1908.256,2077.8330841121524,1738.6789158878478
2024-07-10 00:00:00+05:30,2017.4,2017.4,1945.0,1997.8,644216,2004.0,2000.5,2007.5,0.003493013972055888,1610.8824078160405,1,1921.74,2061.4059557658193,1782.074044234181
2024-07-11 00:00:00+05:30,2007.1,2016.4,1984.1,2008.1,403540,1986.7333333333333,1981.2,1992.2666666666667,0.005570282876413512,1610.8824078160405,1,1930.88,2061.773483412963,1799.9865165870374
2024-07-12 00:00:00+05:30,2007.1,2017.4,1988.5,2002.2,668850,2002.8666666666668,2000.25,2005.4833333333336,0.0026129214792132488,1610.8824078160405,1,1938.7279999999998,2062.0381133888836,1815.4178866111158
2024-07-15 00:00:00+05:30,2003.2,2063.4,1981.2,2015.4,3190482,2002.7,2002.95,2002.45,0.00024966295501073553,1610.8824078160405,1,1945.892,2065.315735262214,1826.4682647377865
2024-07-16 00:00:00+05:30,2028.6,2054.6,1957.7,1963.6,1636448,2020.0,2022.3000000000002,2017.6999999999998,0.0022772277227724575,1610.8824078160405,1,1951.6080000000002,2059.6534707240394,1843.5625292759612
2024-07-18 00:00:00+05:30,1963.6,2003.2,1950.3,1999.3,1378636,1991.9666666666665,2006.15,1977.7833333333328,0.014240532806774165,1610.8824078160405,1,1958.2640000000001,2056.273613895674,1860.2543861043264
2024-07-19 00:00:00+05:30,2001.2,2016.4,1941.5,1952.8,1113458,1984.2666666666667,1976.75,1991.7833333333333,0.007576266630829174,1610.8824078160405,1,1959.46,2056.438562579464,1862.481437420536
2024-07-22 00:00:00+05:30,1940.6,1990.5,1910.2,1947.4,1841682,1970.2333333333333,1978.95,1961.5166666666667,0.008848359754343848,1610.8824078160405,1,1960.596,2056.309263114257,1864.882736885743
2024-07-23 00:00:00+05:30,1947.9,1968.9,1778.6,1900.4,3027068,1949.3666666666668,1950.35,1948.3833333333337,0.0010088746772453834,1610.8824078160405,1,1959.5,2057.2951982460236,1861.7048017539767
2024-07-24 00:00:00+05:30,1900.4,1962.1,1892.6,1949.9,1416578,1882.6333333333332,1873.75,1891.5166666666664,0.009437135926627468,1610.8824078160405,1,1961.4,2056.492275185627,1866.3077248143732
2024-07-25 00:00:00+05:30,1942.5,1962.1,1922.0,1949.4,1044172,1934.8666666666668,1927.35,1942.3833333333337,0.00776969989318838,1610.8824078160405,1,1964.4559999999997,2052.6483730034456,1876.263626996554
2024-07-26 00:00:00+05:30,1949.4,1995.4,1945.0,1971.9,762104,1944.5,1942.05,1946.95,0.0025199280020571308,1610.8824078160405,1,1968.568,2047.7152292880733,1889.4207707119267
2024-07-29 00:00:00+05:30,1973.8,2025.2,1971.9,1991.4,941626,1970.7666666666667,1970.2,1971.3333333333333,0.0005750723068855836,1610.8824078160405,1,1973.0479999999998,2043.7251616859273,1902.3708383140722
2024-07-30 00:00:00+05:30,1993.4,2006.1,1965.5,1971.9,1263734,1996.1666666666667,1998.5500000000002,1993.7833333333333,0.0023879101611422953,1610.8824078160405,1,1975.672,2040.902999256325,1910.441000743675
2024-07-31 00:00:00+05:30,1971.9,1997.8,1968.9,1975.8,1237700,1981.1666666666667,1985.8,1976.5333333333335,0.004677378648944102,1610.8824078160405,1,1975.6719999999998,2040.9029992563248,1910.4410007436747
2024-08-01 00:00:00+05:30,1988.0,2022.8,1978.7,2009.1,994864,1980.8333333333333,1983.35,1978.3166666666666,0.0025410180900294335,1610.8824078160405,1,1978.336,2043.3700189130168,1913.3019810869832
2024-08-02 00:00:00+05:30,1993.4,1997.8,1968.9,1980.7,1619870,2003.5333333333335,2000.75,2006.316666666667,0.002778424782883769,1610.8824078160405,1,1979.884,2043.204484647376,1916.563515352624
2024-08-05 00:00:00+05:30,1945.0,1954.3,1899.9,1935.2,1630134,1982.4666666666665,1983.35,1981.583333333333,0.0008911457107308467,1610.8824078160405,1,1980.572,2041.5171824509416,1919.6268175490582
2024-08-06 00:00:00+05:30,1945.0,1978.2,1902.9,1913.6,1409020,1929.8,1927.1,1932.5,0.002798217431858271,1610.8824078160405,1,1978.1640000000002,2044.5072258484515,1911.820774151549
2024-08-07 00:00:00+05:30,1953.8,1967.0,1931.3,1954.3,915732,1931.5666666666668,1940.5500000000002,1922.5833333333335,0.009301603189121108,1610.8824078160405,1,1977.656,2044.5257858227362,1910.7862141772637
2024-08-08 00:00:00+05:30,1952.8,2007.6,1947.9,1973.3,772820,1950.8666666666668,1949.15,1952.5833333333335,0.0017599015822028126,1610.8824078160405,1,1977.32,2044.1895446371414,1910.4504553628585
2024-08-09 00:00:00+05:30,2000.7,2012.0,1975.3,1985.1,1489786,1976.2666666666667,1977.75,1974.7833333333333,0.0015011469437323053,1610.8824078160405,1,1975.636,2039.4466167967264,1911.8253832032735
2024-08-12 00:00:00+05:30,1983.6,2025.2,1954.7,2021.3,840346,1990.8,1993.65,1987.9499999999998,0.0028631705846897094,1610.8824078160405,1,1975.1280000000002,2037.2518896398053,1913.004110360195
2024-08-13 00:00:00+05:30,2021.8,2043.8,1981.7,1989.5,1051192,2000.3999999999999,1989.95,2010.8499999999997,0.010447910417916236,1610.8824078160405,1,1974.816,2036.5685819377513,1913.0634180622487
2024-08-14 00:00:00+05:30,2014.0,2017.9,1985.6,1990.5,732968,2005.0,2012.75,1997.25,0.0077306733167082295,1610.8824078160405,1,1973.996,2034.3330925383277,1913.6589074616725
2024-08-16 00:00:00+05:30,2000.3,2038.9,1998.8,2025.2,940164,1998.0,2001.75,1994.25,0.0037537537537537537,1610.8824078160405,1,1975.092,2038.0570295321038,1912.1269704678964
2024-08-19 00:00:00+05:30,2036.0,2038.4,1998.8,2015.4,1768752,2020.9666666666665,2018.85,2023.083333333333,0.002094707153342355,1610.8824078160405,1,1975.384,2039.022722300017,1911.745277699983
2024-08-20 00:00:00+05:30,2024.2,2073.2,2005.6,2064.8,1905824,2017.5333333333335,2018.6,2016.4666666666672,0.0010573968212005207,1625.6601102175666,1,1977.888,2049.9226210094744,1905.8533789905255
2024-08-21 00:00:00+05:30,2065.8,2111.3,2058.5,2108.4,1658900,2047.8666666666668,2039.3999999999999,2056.333333333334,0.00826876749788434,1672.9257058088642,1,1981.608,2068.979792610536,1894.2362073894637
2024-08-22 00:00:00+05:30,2110.8,2131.9,2096.6,2125.5,1683236,2092.7333333333336,2084.9,2100.566666666667,0.007486222165589007,1708.8706775765095,1,1988.0839999999998,2091.6551107209843,1884.5128892790153
2024-08-23 00:00:00+05:30,2123.1,2130.9,2102.5,2106.4,991610,2118.0,2114.25,2121.75,0.0035410764872521247,1719.5838504734488,1,1992.3680000000002,2105.8282340204637,1878.9077659795366
2024-08-26 00:00:00+05:30,2105.9,2129.4,2096.6,2115.7,1065858,2113.2666666666664,2116.7,2109.833333333333,0.0032493138584813977,1722.584496454511,1,1998.884,2120.8947232007836,1876.8732767992165
2024-08-27 00:00:00+05:30,2115.7,2174.4,2105.9,2164.7,1658922,2113.9,2113.0,2114.8,0.0008515066937888178,1746.1711165963306,1,2007.576,2143.8092855655254,1871.3427144344744
2024-08-28 00:00:00+05:30,2165.6,2166.1,2142.6,2149.0,277566,2148.3333333333335,2140.15,2156.516666666667,0.007618308766485704,1769.5502719324772,1,2017.52,2157.2562658724564,1877.7837341275435
2024-08-29 00:00:00+05:30,2149.0,2158.3,2125.5,2139.2,1017062,2152.5666666666666,2154.35,2150.7833333333333,0.0016569366802421633,1769.5502719324772,1,2025.0919999999999,2169.7787393508393,1880.4052606491605
2024-08-30 00:00:00+05:30,2139.2,2151.4,2118.2,2123.1,1232220,2141.0,2141.9,2140.1,0.0008407286314807015,1769.5502719324772,1,2032.04,2178.195259912114,1885.884740087886
2024-09-02 00:00:00+05:30,2128.4,2151.4,2109.4,2114.7,448112,2130.9,2134.8,2127.0,0.003660425172462425,1769.5502719324772,1,2037.7520000000002,2185.2151790786347,1890.2888209213656
2024-09-03 00:00:00+05:30,2115.2,2146.1,2094.2,2142.1,1030320,2125.1666666666665,2130.4,2119.933333333333,0.004925103913418784,1769.5502719324772,1,2043.78,2195.4323709012733,1892.1276290987266
2024-09-04 00:00:00+05:30,2121.1,2168.6,2119.6,2163.2,701830,2127.4666666666667,2120.1499999999996,2134.7833333333338,0.006878290298320751,1775.8111670267974,1,2051.432,2207.057619690259,1895.8063803097407
2024-09-05 00:00:00+05:30,2168.1,2183.2,2157.8,2168.1,748700,2150.4666666666667,2144.1,2156.8333333333335,0.0059211953994482945,1809.8307203457257,1,2059.124,2218.0115756501336,1900.236424349866
2024-09-06 00:00:00+05:30,2164.2,2180.3,2115.7,2122.1,648946,2169.7000000000003,2170.5,2168.9000000000005,0.0007374291376685506,1809.8307203457257,1,2063.644,2223.0105970521327,1904.2774029478667
2024-09-09 00:00:00+05:30,2122.1,2122.1,2099.1,2113.8,639202,2139.366666666667,2148.0,2130.7333333333336,0.008070924416883387,1809.8307203457257,1,2068.968,2225.767486937862,1912.1685130621377
2024-09-10 00:00:00+05:30,2127.5,2136.3,2076.6,2101.5,1025578,2111.6666666666665,2110.6,2112.733333333333,0.0010102604577742127,1809.8307203457257,1,2075.62,2222.9814440753644,1928.2585559246356
2024-09-11 00:00:00+05:30,2101.5,2141.7,2101.5,2114.3,555186,2104.7999999999997,2106.45,2103.1499999999996,0.001567844925883781,1809.8307203457257,1,2083.6479999999997,2215.9238707549357,1951.3721292450637
2024-09-12 00:00:00+05:30,2114.3,2129.4,2097.6,2106.9,466108,2119.1666666666665,2121.6,2116.733333333333,0.002296500196618225,1809.8307203457257,1,2089.752,2211.2321662164504,1968.2718337835497
2024-09-13 00:00:00+05:30,2115.2,2137.3,2106.9,2124.0,636528,2111.2999999999997,2113.5,2109.0999999999995,0.0020840240610053265,1809.8307203457257,1,2095.78,2208.1631873545875,1983.396812645413
2024-09-16 00:00:00+05:30,2131.4,2144.1,2111.8,2128.9,764594,2122.7333333333336,2122.1000000000004,2123.366666666667,0.0005967149272948827,1809.8307203457257,1,2101.532,2205.0362912345963,1998.0277087654042
2024-09-17 00:00:00+05:30,2132.4,2139.2,2113.3,2123.6,557156,2128.2666666666664,2127.95,2128.583333333333,0.00029758175667203926,1809.8307203457257,1,2105.624,2204.0827837421116,2007.165216257888
2024-09-18 00:00:00+05:30,2123.6,2154.4,2109.4,2128.9,380498,2125.366666666667,2126.25,2124.4833333333336,0.0008312291212495526,1809.8307203457257,1,2111.2,2197.796092290448,2024.6039077095518
2024-09-19 00:00:00+05:30,2132.4,2154.4,2065.3,2108.4,897240,2130.9,2131.9,2129.9,0.0009385705570416256,1809.8307203457257,1,2115.9159999999997,2187.1916380257353,2044.6403619742641
2024-09-20 00:00:00+05:30,2109.4,2120.6,2094.2,2103.0,1475934,2109.366666666667,2109.8500000000004,2108.883333333333,0.0004582734154013772,1809.8307203457257,1,2119.028,2180.277222558132,2057.7787774418675
2024-09-23 00:00:00+05:30,2106.4,2128.9,2079.5,2119.6,831256,2105.933333333333,2107.3999999999996,2104.4666666666662,0.0013928899300389666,1809.8307203457257,1,2123.196,2167.5111073108874,2078.8808926891124
2024-09-24 00:00:00+05:30,2123.6,2177.9,2108.4,2151.4,1116268,2109.3333333333335,2104.2,2114.466666666667,0.004867256637168457,1809.8307203457257,1,2126.66,2165.3574314389907,2087.962568561009
2024-09-25 00:00:00+05:30,2156.3,2164.2,2125.5,2147.5,522548,2145.9,2143.15,2148.65,0.0025630271680879817,1809.8307203457257,1,2128.224,2167.003470032162,2089.444529967838
2024-09-26 00:00:00+05:30,2156.8,2180.8,2121.1,2174.4,536208,2145.733333333333,2144.85,2146.6166666666663,0.0008233393400856387,1809.8307203457257,1,2130.18,2172.941103820824,2087.4188961791756
2024-09-27 00:00:00+05:30,2173.5,2173.5,2118.7,2123.1,993054,2158.7666666666664,2150.95,2166.583333333333,0.007241789293269249,1809.8307203457257,1,2130.848,2172.612448804878,2089.083551195122
2024-09-30 00:00:00+05:30,2123.1,2123.1,2053.6,2064.8,797224,2138.433333333333,2146.1,2130.766666666666,0.007170358362041031,1809.8307203457257,1,2128.812,2177.688867984511,2079.9351320154888
2024-10-01 00:00:00+05:30,2073.6,2108.9,2065.8,2096.6,671976,2080.5,2088.35,2072.65,0.0075462629175678045,1809.8307203457257,1,2126.0879999999997,2174.246216578019,2077.9297834219806
2024-10-03 00:00:00+05:30,2061.4,2089.3,2017.9,2029.6,462290,2090.433333333334,2087.3500000000004,2093.5166666666673,0.0029499465820485233,1809.8307203457257,1,2121.312,2181.5910927600567,2061.032907239943
2024-10-04 00:00:00+05:30,2029.1,2060.4,2010.0,2026.7,571368,2045.6000000000004,2053.6000000000004,2037.6000000000004,0.007821666014861164,1809.8307203457257,1,2116.812,2187.0515972651865,2046.5724027348133
2024-10-07 00:00:00+05:30,2018.8,2035.5,1970.4,1985.1,966506,2032.3666666666668,2035.2,2029.5333333333335,0.0027882107887355536,1809.8307203457257,1,2111.292,2198.3614053268757,2024.2225946731241
2024-10-08 00:00:00+05:30,1968.9,2018.4,1968.9,2012.0,743846,1997.0,2002.95,1991.05,0.005958938407611462,1809.8307203457257,1,2107.1839999999997,2202.5210052811385,2011.846994718861
2024-10-09 00:00:00+05:30,2041.4,2107.9,2036.0,2098.6,1384092,1999.7666666666667,1993.65,2005.8833333333332,0.006117380361042015,1809.8307203457257,1,2105.444,2199.7507519108567,2011.137248089143
2024-10-10 00:00:00+05:30,2094.2,2134.3,2090.3,2118.2,771062,2080.8333333333335,2071.95,2089.716666666667,0.008538245895074409,1809.8307203457257,1,2103.6440000000002,2195.1487378881334,2012.139262111867
2024-10-11 00:00:00+05:30,2118.7,2139.7,2086.9,2136.8,1435862,2114.266666666667,2112.3,2116.2333333333336,0.0018603771205146277,1809.8307203457257,1,2102.3920000000003,2191.1501328328623,2013.6338671671383
2024-10-14 00:00:00+05:30,2150.0,2162.2,2120.1,2152.9,994138,2121.1333333333337,2113.3,2128.966666666667,0.007385988622434689,1809.8307203457257,1,2103.624,2194.276960767842,2012.9710392321574
2024-10-15 00:00:00+05:30,2161.2,2211.1,2144.6,2187.7,3133600,2145.066666666666,2141.1499999999996,2148.9833333333327,0.0036517901541520226,1809.8307203457257,1,2106.58,2203.0032503080865,2010.1567496919135
2024-10-16 00:00:00+05:30,2190.1,2335.9,2190.1,2318.8,6730060,2181.133333333333,2177.85,2184.4166666666665,0.0030106672372160986,1864.5165242923003,1,2115.272,2242.5397620765593,1988.0042379234405
2024-10-17 00:00:00+05:30,2316.8,2316.8,2252.7,2271.3,1340284,2281.6,2263.0,2300.2,0.016304347826086876,1883.6978633206081,1,2121.552,2262.7410094305346,1980.3629905694654
2024-10-18 00:00:00+05:30,2256.6,2281.6,2211.6,2262.0,687266,2280.266666666667,2284.75,2275.7833333333338,0.003932288621213706,1883.6978633206081,1,2127.756,2279.0905018691224,1976.4214981308771
2024-10-21 00:00:00+05:30,2277.2,2305.6,2204.8,2210.6,1214348,2251.733333333333,2246.6,2256.8666666666663,0.004559450497394492,1883.6978633206081,1,2131.22,2285.97780303421,1976.4621969657896
2024-10-22 00:00:00+05:30,2210.6,2232.2,2156.8,2166.6,1134084,2240.3333333333335,2255.2,2225.466666666667,0.013271834548429994,1883.6978633206081,1,2132.728,2288.0994879377017,1977.3565120622984
2024-10-23 00:00:00+05:30,2154.9,2195.0,2132.4,2160.7,959870,2185.2000000000003,2194.5,2175.9000000000005,0.008511806699615345,1883.6978633206081,1,2134.212,2289.9147559935127,1978.5092440064873
2024-10-24 00:00:00+05:30,2160.7,2180.8,2094.7,2129.9,876938,2162.7,2163.7,2161.7,0.0009247699634715866,1883.6978633206081,1,2134.252,2289.9497905558565,1978.5542094441435
2024-10-25 00:00:00+05:30,2137.3,2168.6,2067.8,2085.4,1132414,2135.133333333333,2137.75,2132.5166666666664,0.002451056920723254,1883.6978633206081,1,2133.3320000000003,2289.89932450922,1976.7646754907805
2024-10-28 00:00:00+05:30,2096.6,2119.6,2067.8,2083.4,805170,2107.2666666666664,2118.2,2096.333333333333,0.010376791420165201,1883.6978633206081,1,2132.5480000000002,2289.909292521304,1975.1867074786962
2024-10-29 00:00:00+05:30,2084.4,2130.4,2025.2,2122.6,1342094,2090.2666666666664,2093.7,2086.833333333333,0.0032850672960388415,1883.6978633206081,1,2132.668,2289.9941856906707,1975.3418143093295
2024-10-30 00:00:00+05:30,2131.9,2131.9,2094.7,2105.9,651610,2092.7333333333336,2077.8,2107.666666666667,0.014271606511420527,1883.6978633206081,1,2130.848,2288.317937397509,1973.378062602491
2024-10-31 00:00:00+05:30,2113.8,2113.8,2045.3,2064.8,1040584,2110.8333333333335,2113.3,2108.366666666667,0.00233714962495068,1883.6978633206081,1,2127.54,2286.934534410611,1968.1454655893888
2024-11-01 00:00:00+05:30,2084.4,2093.7,2070.2,2076.1,110624,2074.6333333333337,2079.55,2069.716666666667,0.004739793377142802,1883.6978633206081,1,2123.608,2283.0345013853585,1964.1814986146421
2024-11-04 00:00:00+05:30,2085.4,2085.4,2030.1,2057.0,1120384,2080.0,2081.95,2078.05,0.0018749999999998252,1883.6978633206081,1,2120.9640000000004,2282.5148131083706,1959.41318689163
2024-11-05 00:00:00+05:30,2062.4,2078.5,2009.1,2062.4,1719128,2057.5,2057.75,2057.25,0.00024301336573511544,1883.6978633206081,1,2120.868,2282.5549936141297,1959.1810063858702
2024-11-06 00:00:00+05:30,2065.3,2165.6,2065.3,2160.7,1237050,2050.0,2043.8,2056.2,0.006048780487804811,1883.6978633206081,1,2123.4320000000002,2285.5307720618994,1961.333227938101
2024-11-07 00:00:00+05:30,2165.6,2179.8,2141.2,2169.5,553968,2130.5333333333333,2115.45,2145.616666666667,0.014159208961762456,1883.6978633206081,1,2129.0280000000002,2287.399719899657,1970.656280100343
2024-11-08 00:00:00+05:30,2175.4,2186.7,2142.1,2153.9,531956,2163.5,2160.5,2166.5,0.0027732840305061245,1883.6978633206081,1,2134.116,2287.0920313773872,1981.139968622613
2024-11-11 00:00:00+05:30,2153.9,2161.2,2109.9,2137.3,594912,2160.8999999999996,2164.3999999999996,2157.3999999999996,0.0032393909944930356,1883.6978633206081,1,2140.2039999999997,2280.5682060354957,1999.8397939645038
2024-11-12 00:00:00+05:30,2149.0,2180.3,2103.5,2111.8,955806,2136.1333333333337,2135.55,2136.716666666667,0.0005461581674054224,1883.6978633206081,1,2144.196,2275.1068457537995,2013.2851542462004
2024-11-13 00:00:00+05:30,2094.7,2100.1,2026.7,2040.9,728754,2131.866666666667,2141.9,2121.8333333333335,0.009412721245856497,1883.6978633206081,1,2141.8880000000004,2277.8692965961686,2005.906703403832
2024-11-14 00:00:00+05:30,2040.9,2094.2,2040.4,2055.1,787290,2055.9,2063.4,2048.4,0.0072960747118050485,1883.6978633206081,1,2139.364,2279.295398963832,1999.4326010361679
2024-11-18 00:00:00+05:30,2053.6,2055.1,2001.2,2008.6,1369562,2063.2333333333336,2067.3,2059.166666666667,0.003942032731796312,1883.6978633206081,1,2134.236,2283.267657093301,1985.2043429066987
2024-11-19 00:00:00+05:30,2008.6,2031.1,1993.9,2012.5,910972,2021.6333333333332,2028.15,2015.1166666666663,0.006446932348431347,1883.6978633206081,1,2128.62,2284.82398970569,1972.4160102943097
2024-11-21 00:00:00+05:30,2017.4,2035.5,1982.1,2023.7,1747022,2012.5,2012.5,2012.5,0.0,1883.6978633206081,1,2122.06,2281.529099200991,1962.5909007990088
2024-11-22 00:00:00+05:30,2029.1,2036.5,2010.0,2028.6,945050,2013.7666666666667,2008.8,2018.7333333333333,0.004932713157764087,1883.6978633206081,1,2110.452,2252.2120577877135,1968.691942212287
2024-11-25 00:00:00+05:30,2067.8,2100.6,2052.1,2085.9,1409054,2025.0333333333335,2023.25,2026.816666666667,0.001761287880035091,1883.6978633206081,1,2103.0359999999996,2228.864618429894,1977.207381570105
2024-11-26 00:00:00+05:30,2101.5,2101.5,2032.5,2035.5,538878,2079.5333333333333,2076.35,2082.7166666666667,0.0030615843298176454,1883.6978633206081,1,2093.9759999999997,2204.389568441456,1983.562431558543
2024-11-27 00:00:00+05:30,2035.5,2045.3,2017.9,2037.4,591086,2056.5,2067.0,2046.0,0.010211524434719184,1883.6978633206081,1,2087.048,2188.709778382912,1985.3862216170874
2024-11-28 00:00:00+05:30,2045.3,2055.5,2011.0,2021.8,378764,2033.5333333333335,2031.6,2035.4666666666672,0.001901452316165906,1883.6978633206081,1,2081.256,2180.6015235829805,1981.9104764170195
2024-11-29 00:00:00+05:30,2033.5,2034.5,2011.5,2019.3,687334,2029.4333333333334,2033.25,2025.6166666666668,0.0037613126817009077,1883.6978633206081,1,2075.6,2172.2743150995993,1978.9256849004003
2024-12-02 00:00:00+05:30,2014.4,2063.4,2007.6,2041.4,675400,2021.7666666666667,2023.0,2020.5333333333333,0.0012200550673503521,1883.6978633206081,1,2072.06,2166.9872395046687,1977.1327604953312
2024-12-03 00:00:00+05:30,2046.2,2057.5,2036.9,2045.3,739190,2037.4666666666665,2035.5,2039.433333333333,0.0019305019305017373,1883.6978633206081,1,2070.456,2165.7817166559835,1975.130283344017
2024-12-04 00:00:00+05:30,2052.6,2099.6,2046.2,2095.2,995192,2046.5666666666666,2047.2,2045.9333333333332,0.0006189227486686055,1883.6978633206081,1,2070.928,2166.621552886162,1975.2344471138374
2024-12-05 00:00:00+05:30,2110.8,2110.8,2073.6,2092.7,791510,2080.3333333333335,2072.9,2087.766666666667,0.007146290658548367,1883.6978633206081,1,2069.732,2163.541265555044,1975.9227344449557
2024-12-06 00:00:00+05:30,2105.9,2116.7,2088.3,2096.2,410454,2092.3666666666663,2092.2,2092.533333333333,0.00015930923515621715,1883.6978633206081,1,2069.344,2162.6304677001804,1976.0575322998195
2024-12-09 00:00:00+05:30,2092.2,2166.6,2080.5,2146.6,1193452,2100.4,2102.5,2098.3,0.0019996191201675003,1883.6978633206081,1,2072.616,2170.652706268503,1974.579293731497
2024-12-10 00:00:00+05:30,2149.5,2151.9,2113.3,2140.2,619290,2131.2333333333336,2123.55,2138.916666666667,0.007210222562835347,1883.6978633206081,1,2075.18,2176.7367466984674,1973.6232533015323
2024-12-11 00:00:00+05:30,2146.1,2185.2,2137.7,2182.3,659634,2135.1333333333337,2132.6000000000004,2137.666666666667,0.0023729977831204634,1883.6978633206081,1,2080.192,2189.719902125333,1970.6640978746668
2024-12-12 00:00:00+05:30,2183.7,2199.9,2161.2,2181.8,566166,2168.4,2161.45,2175.3500000000004,0.006410256410256662,1883.6978633206081,1,2084.9680000000003,2201.1847866703283,1968.7512133296725
2024-12-13 00:00:00+05:30,2179.8,2181.8,2113.3,2179.8,383296,2180.9666666666667,2180.55,2181.383333333333,0.00038209356707256573,1883.6978633206081,1,2085.732,2204.160249602772,1967.303750397228
2024-12-16 00:00:00+05:30,2185.2,2198.9,2159.3,2169.5,367930,2158.3,2147.55,2169.05,0.009961543807626372,1883.6978633206081,1,2085.732,2204.160249602772,1967.303750397228
2024-12-17 00:00:00+05:30,2161.2,2165.1,2114.3,2120.6,625680,2175.9,2179.1000000000004,2172.7,0.0029413116411602306,1883.6978633206081,1,2084.4,2200.456786100497,1968.343213899503
2024-12-18 00:00:00+05:30,2118.2,2120.6,2084.4,2098.1,356458,2133.3333333333335,2139.7,2126.966666666667,0.005968749999999687,1883.6978633206081,1,2082.8320000000003,2197.0319470401655,1968.6320529598352
2024-12-19 00:00:00+05:30,2070.7,2116.7,2052.1,2110.3,789838,2101.0333333333333,2102.5,2099.5666666666666,0.0013961384080849394,1883.6978633206081,1,2082.772,2196.912566250464,1968.631433749536
2024-12-20 00:00:00+05:30,2112.8,2130.4,2024.2,2047.2,837392,2093.0333333333333,2084.3999999999996,2101.666666666667,0.008249589909382236,1883.6978633206081,1,2083.024,2196.8209740194197,1969.22702598058
2024-12-23 00:00:00+05:30,2053.1,2079.5,2036.5,2040.9,530572,2067.266666666667,2077.3,2057.2333333333336,0.009706859298913188,1883.6978633206081,1,2082.456,2196.9444704063103,1967.96752959369
2024-12-24 00:00:00+05:30,2041.4,2055.1,2022.3,2025.2,225676,2052.2999999999997,2058.0,2046.5999999999995,0.005554743458558957,1883.6978633206081,1,2083.12,2196.0696029208448,1970.170397079155
2024-12-26 00:00:00+05:30,2063.4,2063.4,2023.7,2050.6,572788,2034.1999999999998,2038.6999999999998,2029.6999999999998,0.004424343722347852,1883.6978633206081,1,2084.644,2194.73296882057,1974.5550311794295
2024-12-27 00:00:00+05:30,2051.1,2077.1,2042.8,2047.7,419692,2045.9000000000003,2043.5500000000002,2048.2500000000005,0.002297277481792987,1883.6978633206081,1,2085.6040000000003,2193.955302419383,1977.252697580618
2024-12-30 00:00:00+05:30,2040.9,2064.8,2006.6,2048.7,1026418,2055.8666666666663,2059.95,2051.783333333333,0.0039723717491408185,1883.6978633206081,1,2086.408,2193.344480884572,1979.4715191154278
2024-12-31 00:00:00+05:30,2031.6,2043.3,2008.6,2016.9,795528,2040.0333333333335,2035.7,2044.366666666667,0.00424829659646099,1883.6978633206081,1,2083.648,2194.0016006842393,1973.294399315761
2025-01-01 00:00:00+05:30,2017.4,2025.7,1991.0,1999.3,594116,2022.9333333333332,2025.9499999999998,2019.9166666666665,0.002982467703664631,1883.6978633206081,1,2082.2,2195.9407015978736,1968.459298402126
2025-01-02 00:00:00+05:30,2007.6,2061.9,1997.8,2056.5,607908,2005.3333333333333,2008.35,2002.3166666666666,0.0030086436170212614,1883.6978633206081,1,2082.964,2195.743272989218,1970.184727010782
2025-01-03 00:00:00+05:30,2064.3,2070.2,1998.3,2029.1,953024,2038.7333333333333,2029.85,2047.6166666666668,0.008714561328929832,1883.6978633206081,1,2083.256,2195.436527080133,1971.0754729198663
2025-01-06 00:00:00+05:30,2017.4,2035.5,1931.7,1971.4,1650778,2032.5333333333335,2034.25,2030.816666666667,0.0016891891891889952,1883.6978633206081,1,2081.34,2199.311223609729,1963.3687763902715
2025-01-07 00:00:00+05:30,1965.0,1983.6,1951.3,1955.7,577822,1979.5333333333335,1983.6,1975.4666666666672,0.004108712491159241,1883.6978633206081,1,2077.9120000000003,2204.9578099426217,1950.8661900573786
2025-01-08 00:00:00+05:30,1959.1,1960.1,1917.1,1951.3,995150,1963.533333333333,1967.4499999999998,1959.6166666666663,0.0039894068515941425,1883.6978633206081,1,2074.152,2210.0888102611534,1938.2151897388464
2025-01-09 00:00:00+05:30,1951.3,1959.6,1893.1,1897.5,358956,1942.8333333333333,1938.6,1947.0666666666666,0.004357896542849806,1883.6978633206081,1,2066.244,2218.397660015056,1914.0903399849444
2025-01-10 00:00:00+05:30,1901.9,1911.2,1840.7,1846.6,947064,1916.7333333333333,1926.35,1907.1166666666668,0.010034433584918675,2259.948699962513,-1,2056.3999999999996,2230.670162678461,1882.129837321538
2025-01-13 00:00:00+05:30,1825.1,1875.5,1821.2,1841.7,796840,1866.1666666666667,1875.95,1856.3833333333334,0.01048495132624807,2232.192751964012,-1,2046.22,2238.7751557346046,1853.6648442653955
2025-01-14 00:00:00+05:30,1850.0,1895.5,1831.4,1856.4,1325996,1846.1333333333332,1848.35,1843.9166666666665,0.0024014155712841585,2232.192751964012,-1,2034.612,2236.333053497096,1832.8909465029042
2025-01-15 00:00:00+05:30,1874.0,1976.3,1844.7,1944.0,3728602,1861.1000000000001,1863.45,1858.7500000000002,0.002525388211272805,2232.192751964012,-1,2026.7640000000001,2226.701221186998,1826.8267788130024
2025-01-16 00:00:00+05:30,1944.0,1977.7,1942.5,1964.5,715796,1921.6666666666667,1910.5,1932.8333333333335,0.011621856027753764,2232.192751964012,-1,2018.0520000000001,2208.894746741863,1827.2092532581373
2025-01-17 00:00:00+05:30,1964.5,1968.9,1923.9,1936.2,595028,1961.5666666666666,1960.1,1963.0333333333333,0.0014954033340697371,2232.192751964012,-1,2008.2279999999998,2189.381870684507,1827.0741293154929
2025-01-20 00:00:00+05:30,1939.6,1964.5,1921.5,1940.6,823842,1943.0,1946.4,1939.6,0.003499742665980536,2232.192751964012,-1,1998.66,2167.397647251523,1829.9223527484771
2025-01-21 00:00:00+05:30,1942.5,1962.1,1926.9,1935.7,821218,1942.2,1943.0,1941.4,0.0008238080527236685,2232.192751964012,-1,1989.3080000000002,2144.5078032987794,1834.1081967012212
2025-01-22 00:00:00+05:30,1949.9,1949.9,1885.3,1897.5,1012250,1941.5666666666666,1944.5,1938.6333333333332,0.003021614847116652,2232.192751964012,-1,1980.3840000000002,2129.913284676882,1830.8547153231182
2025-01-23 00:00:00+05:30,1893.1,1937.1,1875.0,1922.0,597190,1910.8999999999999,1917.6,1904.1999999999998,0.007012402532837978,2232.192751964012,-1,1973.34,2116.4790820145927,1830.2009179854074
2025-01-24 00:00:00+05:30,1935.2,1942.5,1855.9,1862.3,593050,1911.3666666666668,1906.05,1916.6833333333336,0.00556320957081338,2232.192751964012,-1,1963.42,2101.50209731888,1825.33790268112
2025-01-27 00:00:00+05:30,1854.0,1855.9,1777.1,1784.0,1153368,1886.8999999999999,1899.2,1874.5999999999997,0.013037256876358242,2225.321778994788,-1,1952.8919999999998,2103.394166575704,1802.3898334242958
2025-01-28 00:00:00+05:30,1813.8,1813.8,1758.5,1771.7,717374,1805.6666666666667,1816.5,1794.8333333333335,0.011999261583902444,2194.1029078349966,-1,1942.124,2103.9903772868884,1780.2576227131115
2025-01-29 00:00:00+05:30,1777.1,1822.6,1768.3,1818.2,258272,1781.3333333333333,1786.15,1776.5166666666664,0.005407934131736714,2194.1029078349966,-1,1933.844,2099.008694338656,1768.6793056613442
2025-01-30 00:00:00+05:30,1830.0,1831.0,1803.6,1810.4,811496,1803.033333333333,1795.4499999999998,1810.6166666666663,0.008411750568486356,2194.1029078349966,-1,1924.236,2089.0606183553355,1759.4113816446647
2025-01-31 00:00:00+05:30,1810.4,1921.0,1803.1,1858.8,718238,1815.0,1817.3,1812.7,0.002534435261707939,2194.1029078349966,-1,1916.6799999999996,2075.3776496359733,1757.982350364026
2025-02-01 00:00:00+05:30,1858.8,1924.9,1811.4,1876.9,502460,1860.9666666666665,1862.05,1859.883333333333,0.0011642694656900374,2194.1029078349966,-1,1909.808,2059.676453464972,1759.939546535028
2025-02-03 00:00:00+05:30,1873.0,1873.0,1818.2,1830.5,815874,1871.0666666666668,1868.15,1873.9833333333336,0.0031176512506236108,2194.1029078349966,-1,1902.3519999999999,2048.672045051875,1756.0319549481248
2025-02-04 00:00:00+05:30,1846.6,1884.8,1844.2,1857.9,1078436,1840.5666666666666,1845.6,1835.5333333333333,0.0054693300976148326,2194.1029078349966,-1,1896.6960000000001,2038.4490413641379,1754.9429586358624
2025-02-05 00:00:00+05:30,1868.1,1939.6,1863.7,1917.6,1567432,1862.3,1864.5,1860.1,0.002362669816893138,2194.1029078349966,-1,1891.14,2017.45070263435,1764.8292973656503
2025-02-06 00:00:00+05:30,1928.3,1942.5,1883.8,1890.2,549530,1906.9666666666665,1901.65,1912.2833333333328,0.005576045727070614,2194.1029078349966,-1,1885.5840000000003,1998.6582436454185,1772.5097563545821
2025-02-07 00:00:00+05:30,1890.2,1906.8,1844.7,1883.8,495928,1905.5,1913.15,1897.85,0.008029388611912979,2194.1029078349966,-1,1882.08,1989.5922318621629,1774.567768137837
2025-02-10 00:00:00+05:30,1884.8,1899.5,1842.2,1859.8,462162,1878.4333333333334,1875.75,1881.1166666666668,0.002856990754707001,2194.1029078349966,-1,1878.244,1981.7440456810702,1774.7439543189296
2025-02-11 00:00:00+05:30,1859.3,1859.3,1752.2,1769.8,1233914,1867.1666666666667,1870.85,1863.4833333333336,0.00394537177541712,2194.1029078349966,-1,1870.984,1978.357630729262,1763.610369270738
2025-02-12 00:00:00+05:30,1769.8,1809.4,1711.1,1778.6,1542350,1793.7666666666667,1805.75,1781.7833333333333,0.013361083752996505,2194.1029078349966,-1,1866.228,1978.8854066095262,1753.570593390474
2025-02-13 00:00:00+05:30,1792.3,1815.3,1767.8,1804.0,890224,1766.3666666666668,1760.25,1772.4833333333336,0.006925704364892289,2194.1029078349966,-1,1864.5240000000003,1979.5805395620096,1749.4674604379911
2025-02-14 00:00:00+05:30,1808.4,1820.2,1774.7,1802.1,1322252,1795.7,1791.55,1799.8500000000001,0.004622152920866616,2194.1029078349966,-1,1862.94,1980.2775574996524,1745.6024425003477
2025-02-17 00:00:00+05:30,1798.7,1822.6,1754.6,1791.8,838260,1799.0,1797.45,1800.55,0.0017231795441911668,2194.1029078349966,-1,1860.3559999999998,1980.9557290875243,1739.7562709124752
2025-02-18 00:00:00+05:30,1788.9,1804.0,1769.8,1795.2,921626,1789.6666666666667,1788.6,1790.7333333333336,0.0011920283106725649,2194.1029078349966,-1,1854.404,1972.5667146606938,1736.2412853393062
2025-02-19 00:00:00+05:30,1791.8,1840.3,1777.6,1821.2,468990,1789.6666666666667,1786.9,1792.4333333333334,0.0030918234308064648,2194.1029078349966,-1,1848.6719999999998,1958.5265586854946,1738.817441314505
2025-02-20 00:00:00+05:30,1808.4,1870.1,1806.0,1863.2,480598,1813.033333333333,1808.9499999999998,1817.1166666666663,0.0045044216874114374,2194.1029078349966,-1,1845.7520000000002,1949.8764658280893,1741.627534171911
2025-02-21 00:00:00+05:30,1855.9,1886.7,1814.3,1821.7,935990,1846.4333333333334,1838.05,1854.8166666666668,0.00908056974708007,2194.1029078349966,-1,1840.996,1937.973333104108,1744.0186668958922
2025-02-24 00:00:00+05:30,1819.2,1830.0,1787.9,1817.3,440498,1840.8999999999999,1850.5,1831.2999999999997,0.010429681134227972,2194.1029078349966,-1,1836.26,1925.533225549351,1746.986774450649
2025-02-25 00:00:00+05:30,1816.8,1843.2,1796.2,1808.4,434252,1811.7333333333333,1808.95,1814.5166666666667,0.0030725640270826866,2194.1029078349966,-1,1832.6959999999997,1918.9690267000376,1746.4229732999618
2025-02-27 00:00:00+05:30,1798.7,1807.5,1751.2,1771.7,1480148,1815.9333333333334,1819.7,1812.1666666666667,0.004148463599985298,2194.1029078349966,-1,1826.684,1908.0332948708574,1745.3347051291425
2025-02-28 00:00:00+05:30,1762.9,1766.4,1729.7,1742.9,1271818,1776.8,1779.35,1774.25,0.002870328680774375,2171.7131893376827,-1,1821.9080000000001,1908.2020817436858,1735.6139182563145
2025-03-03 00:00:00+05:30,1745.8,1792.8,1739.9,1783.0,736396,1746.3333333333333,1748.0500000000002,1744.6166666666663,0.0019660240503915913,2171.7131893376827,-1,1821.8680000000002,1908.233228558639,1735.5027714413613
2025-03-04 00:00:00+05:30,1767.8,1801.1,1754.6,1774.7,741638,1771.8999999999999,1766.35,1777.4499999999998,0.006264461877081048,2171.7131893376827,-1,1821.9879999999998,1908.081982507408,1735.8940174925917
2025-03-05 00:00:00+05:30,1767.3,1863.7,1762.5,1855.9,997838,1776.8,1777.85,1775.75,0.0011819000450247125,2171.7131893376827,-1,1823.496,1910.5866742193782,1736.405325780622
2025-03-06 00:00:00+05:30,1865.2,1878.9,1831.4,1845.1,862932,1827.3666666666668,1813.1,1841.6333333333337,0.015614454314952531,2171.7131893376827,-1,1824.884,1912.2013280396611,1737.566671960339
2025-03-07 00:00:00+05:30,1845.1,1876.5,1834.9,1841.7,712230,1851.8,1855.15,1848.4499999999998,0.003618101306836739,2171.7131893376827,-1,1824.2,1910.7080435565724,1737.6919564434277
2025-03-10 00:00:00+05:30,1837.8,1852.5,1792.8,1801.1,887760,1851.0333333333335,1855.7,1846.366666666667,0.005042228665069796,2171.7131893376827,-1,1821.1680000000001,1905.3575522258311,1736.9784477741691
2025-03-11 00:00:00+05:30,1787.4,1822.1,1766.9,1815.3,527654,1815.4666666666665,1822.65,1808.2833333333328,0.007913484136310541,2171.7131893376827,-1,1820.56,1904.6907173390669,1736.429282660933
2025-03-12 00:00:00+05:30,1810.9,1832.4,1762.0,1809.4,599140,1801.4333333333334,1794.5,1808.3666666666668,0.007697574153914543,2171.7131893376827,-1,1818.62,1901.4437067510626,1735.7962932489372
2025-03-13 00:00:00+05:30,1806.0,1811.9,1758.0,1788.9,859344,1801.2666666666667,1797.2,1805.3333333333333,0.004515341056293652,2171.7131893376827,-1,1813.4720000000002,1886.4621148374645,1740.481885162536
2025-03-17 00:00:00+05:30,1789.9,1822.1,1785.9,1799.6,484400,1786.2666666666667,1784.95,1787.5833333333333,0.001474210644174001,2171.7131893376827,-1,1809.848,1875.907539689483,1743.788460310517
2025-03-18 00:00:00+05:30,1802.1,1843.7,1798.2,1838.3,832958,1802.5333333333335,1804.0,1801.066666666667,0.001627339300243882,2171.7131893376827,-1,1808.0280000000002,1868.0705854205703,1747.9854145794302
2025-03-19 00:00:00+05:30,1825.1,1914.1,1825.1,1909.2,813080,1826.7333333333333,1820.95,1832.5166666666667,0.006331885697602244,2171.7131893376827,-1,1810.004,1879.2742182469951,1740.7337817530047
2025-03-20 00:00:00+05:30,1919.0,1942.0,1894.6,1905.8,836320,1882.8,1869.6,1896.0,0.014021669853409864,2171.7131893376827,-1,1815.4440000000002,1892.1881897213475,1738.6998102786529
2025-03-21 00:00:00+05:30,1899.5,1956.7,1892.6,1918.5,1709870,1914.1333333333332,1918.3,1909.9666666666665,0.0043535803845082995,2171.7131893376827,-1,1821.04,1906.1663719418718,1735.913628058128
2025-03-24 00:00:00+05:30,1925.9,1983.6,1917.6,1969.4,593836,1922.6000000000001,1924.65,1920.5500000000002,0.002132528867159008,2171.7131893376827,-1,1827.6559999999997,1930.35296127922,1724.9590387207795
2025-03-25 00:00:00+05:30,1983.6,1988.5,1946.4,1975.3,1233648,1956.8666666666668,1950.6,1963.1333333333337,0.006404796783974597,2171.7131893376827,-1,1834.5839999999998,1951.7931283816467,1717.374871618353
2025-03-26 00:00:00+05:30,1976.3,2011.5,1949.9,1955.2,1112578,1970.0666666666666,1967.45,1972.6833333333332,0.0026564244864808913,2171.7131893376827,-1,1841.12,1966.0277355490248,1716.212264450975
2025-03-27 00:00:00+05:30,1955.2,1988.0,1947.9,1956.2,1924882,1972.2,1980.7,1963.7,0.008619815434540106,2171.7131893376827,-1,1847.56,1978.7758892816905,1716.3441107183094
2025-03-28 00:00:00+05:30,1967.0,1981.7,1918.5,1927.8,524930,1964.0333333333335,1967.95,1960.116666666667,0.003988391235722253,2171.7131893376827,-1,1851.8240000000003,1986.2258604632568,1717.4221395367438
2025-04-01 00:00:00+05:30,1927.8,1954.7,1883.8,1909.7,622060,1942.6666666666667,1950.1,1935.2333333333336,0.007652711050102779,2171.7131893376827,-1,1853.684,1989.9383818597573,1717.4296181402426
2025-04-02 00:00:00+05:30,1916.1,1965.0,1894.1,1957.2,605100,1916.0666666666666,1919.25,1912.8833333333332,0.003322779304825922,2171.7131893376827,-1,1859.104,2000.5202817216757,1717.6877182783244
2025-04-03 00:00:00+05:30,1938.6,1963.6,1928.8,1942.0,876714,1938.7666666666667,1929.55,1947.9833333333333,0.009507762666987635,2171.7131893376827,-1,1864.0919999999999,2008.0326535485515,1720.1513464514483
2025-04-04 00:00:00+05:30,1942.5,1948.9,1863.2,1876.0,836150,1944.8,1946.1999999999998,1943.4,0.0014397367338542407,2171.7131893376827,-1,1866.796,2008.979323691578,1724.6126763084221
2025-04-07 00:00:00+05:30,1753.2,1808.4,1713.0,1792.3,1869488,1896.0333333333335,1906.0500000000002,1886.0166666666669,0.010565918320704613,2171.7131893376827,-1,1867.62,2007.8141739159796,1727.4258260840202
2025-04-08 00:00:00+05:30,1815.3,1863.7,1813.3,1842.7,1292042,1771.2333333333333,1760.7,1781.7666666666667,0.0118937839923217,2171.7131893376827,-1,1871.6119999999999,2002.7653858654965,1740.4586141345033
2025-04-09 00:00:00+05:30,1842.7,1849.1,1816.3,1825.1,964922,1839.8999999999999,1838.5,1841.2999999999997,0.001521821838143229,2171.7131893376827,-1,1873.2959999999998,2000.8878176686253,1745.7041823313743
2025-04-11 00:00:00+05:30,1813.3,1936.2,1813.3,1915.1,1333996,1830.1666666666667,1832.6999999999998,1827.6333333333337,0.0027684181768506426,2171.7131893376827,-1,1878.912,2000.8863359235193,1756.9376640764808
2025-04-15 00:00:00+05:30,1935.2,1989.0,1923.9,1985.1,1014002,1888.2,1874.75,1901.65,0.014246372206334122,2171.7131893376827,-1,1884.08,2012.4946409097627,1755.6653590902372
2025-04-16 00:00:00+05:30,1985.1,1987.5,1957.7,1983.6,811810,1966.0,1956.45,1975.55,0.00971515768056964,2171.7131893376827,-1,1889.62,2022.6956176013587,1756.5443823986411
2025-04-17 00:00:00+05:30,1983.6,2042.8,1950.3,2025.7,1570204,1976.2666666666664,1972.6,1979.933333333333,0.0037107003103493278,2171.7131893376827,-1,1896.98,2038.7116901754252,1755.2483098245748
2025-04-21 00:00:00+05:30,2034.0,2159.8,2019.8,2142.1,2154574,2006.2666666666667,1996.55,2015.9833333333333,0.00968631620921117,2171.7131893376827,-1,1910.62,2076.409649857831,1744.830350142169
2025-04-22 00:00:00+05:30,2139.2,2175.4,2130.4,2165.6,1129072,2107.2333333333336,2089.8,2124.666666666667,0.016546182197826588,2171.7131893376827,-1,1924.632,2113.442717661847,1735.8212823381532
2025-04-23 00:00:00+05:30,2165.6,2221.4,2156.8,2190.1,1645778,2157.133333333333,2152.9,2161.3666666666663,0.003924962141113009,1718.7594642977533,1,1939.86,2149.3190518454167,1730.4009481545831
2025-04-24 00:00:00+05:30,2186.2,2209.2,2166.6,2184.2,1124494,2189.433333333334,2189.1000000000004,2189.7666666666673,0.00030449279113330834,1724.4450857258425,1,1955.6719999999998,2176.531944906224,1734.8120550937758
2025-04-25 00:00:00+05:30,2187.2,2209.7,2097.6,2105.0,1451192,2186.6666666666665,2187.8999999999996,2185.4333333333334,0.001128048780487611,1724.4450857258425,1,1967.888,2186.6404944405886,1749.135505559411
2025-04-28 00:00:00+05:30,2103.5,2134.3,2085.4,2127.5,849918,2137.433333333333,2153.6499999999996,2121.2166666666662,0.015173962540742042,1724.4450857258425,1,1979.4559999999997,2200.1518310797446,1758.7601689202547
2025-04-29 00:00:00+05:30,2134.3,2158.3,2108.9,2121.1,536718,2115.7333333333336,2109.8500000000004,2121.616666666667,0.005561507436349772,1724.4450857258425,1,1987.932,2213.4084251623194,1762.4555748376806
2025-04-30 00:00:00+05:30,2111.3,2142.1,2093.7,2101.0,569200,2129.433333333334,2133.6000000000004,2125.2666666666673,0.003913404192038427,1724.4450857258425,1,1995.74,2222.8125698977724,1768.6674301022276
2025-05-02 00:00:00+05:30,2102.0,2158.8,2099.1,2105.0,976436,2112.2666666666664,2117.8999999999996,2106.633333333333,0.005333922484534666,1724.4450857258425,1,2003.2,2231.8806122083342,1774.519387791666
2025-05-05 00:00:00+05:30,2114.7,2151.0,2096.6,2144.6,478010,2120.9666666666667,2128.95,2112.9833333333336,0.007528013955900411,1724.4450857258425,1,2010.208,2244.9730258108693,1775.4429741891306
2025-05-06 00:00:00+05:30,2144.6,2151.0,2070.7,2083.4,690696,2130.7333333333336,2123.8,2137.666666666667,0.00650793154156634,1724.4450857258425,1,2014.5320000000002,2250.5446892859322,1778.5193107140678
2025-05-07 00:00:00+05:30,2066.3,2132.4,2065.3,2127.5,667894,2101.7000000000003,2110.85,2092.5500000000006,0.008707236998619817,1724.4450857258425,1,2021.4240000000002,2260.151099626284,1782.6969003737163
2025-05-08 00:00:00+05:30,2125.5,2137.3,2041.8,2059.5,842560,2108.4,2098.8500000000004,2117.95,0.009059002086890275,1724.4450857258425,1,2025.556,2263.197815040993,1787.914184959007
2025-05-09 00:00:00+05:30,2032.5,2057.5,2005.1,2051.6,566858,2079.5333333333333,2089.55,2069.5166666666664,0.009633571634661827,1724.4450857258425,1,2030.5080000000003,2264.932981057859,1796.0830189421417
2025-05-12 00:00:00+05:30,2109.4,2182.8,2089.3,2175.4,854130,2038.0666666666666,2031.3,2044.8333333333333,0.006640280003925274,1724.4450857258425,1,2041.136,2276.777917357623,1805.4940826423767
2025-05-13 00:00:00+05:30,2175.9,2196.0,2156.3,2159.8,938474,2149.1666666666665,2136.05,2162.283333333333,0.012206281504458783,1724.4450857258425,1,2049.24,2286.7061171619575,1811.773882838042
2025-05-14 00:00:00+05:30,2168.1,2203.8,2153.4,2194.5,1213162,2170.7000000000003,2176.15,2165.2500000000005,0.005021421661215108,1724.4450857258425,1,2059.34,2299.1693660083693,1819.5106339916313
2025-05-15 00:00:00+05:30,2204.8,2263.5,2181.3,2258.6,2404438,2183.9,2178.6000000000004,2189.2,0.004853702092586407,1747.7931507968833,1,2074.644,2314.551969554943,1834.7360304450567
2025-05-16 00:00:00+05:30,2266.9,2291.9,2251.7,2275.2,1996018,2234.4666666666667,2222.4,2246.5333333333333,0.010800489303935262,1804.921424765008,1,2093.96,2316.9939310508034,1870.9260689491964
2025-05-19 00:00:00+05:30,2286.5,2327.1,2275.7,2311.4,1785064,2272.9333333333334,2271.8,2274.0666666666666,0.0009972429166421176,1838.664567774407,1,2112.708,2326.7219129682317,1898.6940870317685
2025-05-20 00:00:00+05:30,2315.8,2320.7,2276.2,2288.9,1954260,2304.733333333333,2301.3999999999996,2308.0666666666666,0.0028925978421221418,1841.763985063431,1,2131.26,2321.4107023388897,1941.1092976611108
2025-05-21 00:00:00+05:30,2286.0,2320.7,2254.7,2312.9,852190,2295.2666666666664,2298.45,2292.083333333333,0.002773824392227536,1841.763985063431,1,2147.172,2328.686169320117,1965.6578306798829
2025-05-22 00:00:00+05:30,2312.9,2338.8,2281.1,2297.7,1267304,2296.1,2287.7,2304.5,0.0073167544967554475,1855.1713686344578,1,2159.676,2337.8461683671303,1981.5058316328696
2025-05-23 00:00:00+05:30,2305.6,2321.7,2290.9,2311.9,741624,2305.8666666666663,2309.95,2301.783333333333,0.003541690759801219,1861.0885138890799,1,2172.808,2345.440306779383,2000.175693220617
2025-05-26 00:00:00+05:30,2310.0,2349.1,2305.6,2320.3,577424,2308.1666666666665,2306.3,2310.033333333333,0.0016174453029096686,1887.7669733335165,1,2184.592,2355.6608836228565,2013.5231163771437
2025-05-27 00:00:00+05:30,2320.3,2327.1,2293.3,2309.5,309984,2325.0,2327.35,2322.65,0.002021505376344008,1887.7669733335165,1,2191.288,2368.185279300644,2014.3907206993558
2025-05-28 00:00:00+05:30,2320.7,2345.7,2305.6,2318.3,597830,2309.9666666666667,2310.2,2309.7333333333336,0.0002020231172165149,1900.2168426241685,1,2197.396,2380.750751059169,2014.041248940831
2025-05-29 00:00:00+05:30,2319.8,2339.3,2299.2,2327.1,571128,2323.2,2325.6499999999996,2320.75,0.0021091597796141686,1900.2168426241685,1,2202.876,2393.091736720098,2012.6602632799024
2025-05-30 00:00:00+05:30,2334.9,2345.2,2291.9,2297.3,1029842,2321.866666666667,2319.25,2324.4833333333336,0.0022539336166304018,1900.7679221624342,1,2207.4,2400.9740065193914,2013.8259934806088
2025-06-02 00:00:00+05:30,2281.1,2317.3,2281.1,2315.4,690620,2311.4666666666667,2318.55,2304.383333333333,0.006128864790032434,1900.7679221624342,1,2215.8160000000003,2409.144989486753,2022.4870105132475
2025-06-03 00:00:00+05:30,2324.2,2372.1,2295.8,2300.2,1027216,2304.6,2299.2,2310.0,0.004686279614683755,1917.827477064899,1,2222.724,2415.2767649657844,2030.171235034216
2025-06-04 00:00:00+05:30,2306.1,2315.8,2269.9,2276.2,861856,2322.7,2333.95,2311.45,0.009687002195720499,1917.827477064899,1,2228.928,2417.9459040831007,2039.910095916899
2025-06-05 00:00:00+05:30,2287.0,2355.5,2273.8,2346.7,1773732,2287.3,2292.8500000000004,2281.75,0.004852883312202318,1917.827477064899,1,2238.756,2425.6842136435475,2051.827786356452
2025-06-06 00:00:00+05:30,2365.8,2523.8,2358.9,2489.5,4772156,2325.3333333333335,2314.65,2336.016666666667,0.009188646788990878,1989.7980603484912,1,2254.136,2457.0967873850686,2051.1752126149313
2025-06-09 00:00:00+05:30,2496.9,2583.0,2485.6,2552.7,1731976,2457.4,2441.3500000000004,2473.45,0.013062586473508364,2073.5381379345513,1,2270.46,2499.5232262061418,2041.396773793858
2025-06-10 00:00:00+05:30,2563.9,2563.9,2498.4,2505.7,1011332,2540.4333333333334,2534.3,2546.5666666666666,0.004828572553238853,2073.5381379345513,1,2287.352,2520.984252020061,2053.719747979939
2025-06-11 00:00:00+05:30,2505.2,2547.8,2490.0,2507.2,777532,2522.6666666666665,2531.15,2514.183333333333,0.006725687103594273,2073.5381379345513,1,2302.54,2541.9271441827327,2063.152855817267
2025-06-12 00:00:00+05:30,2504.7,2515.0,2456.8,2461.7,618352,2515.0,2518.9,2511.1,0.0031013916500994758,2073.5381379345513,1,2318.6279999999997,2544.17857983513,2093.077420164869
2025-06-13 00:00:00+05:30,2412.7,2457.7,2411.3,2431.3,1067046,2477.8333333333335,2485.9,2469.766666666667,0.006511064774332365,2073.5381379345513,1,2333.816,2535.2432250118204,2132.388774988179
2025-06-16 00:00:00+05:30,2299.7,2457.7,2299.7,2431.8,1212002,2433.4333333333334,2434.5,2432.366666666667,0.0008766763009738827,2073.5381379345513,1,2344.0719999999997,2538.167395267281,2149.9766047327184
2025-06-17 00:00:00+05:30,2424.5,2446.0,2407.8,2438.7,578248,2396.4,2378.7,2414.1000000000004,0.014772158237356262,2073.5381379345513,1,2355.228,2537.3678453495595,2173.0881546504406
2025-06-18 00:00:00+05:30,2452.4,2452.4,2401.0,2418.6,781590,2430.8333333333335,2426.9,2434.766666666667,0.0032362015769626827,2073.5381379345513,1,2364.192,2535.5475174015733,2192.8364825984268
2025-06-19 00:00:00+05:30,2414.2,2449.4,2382.9,2386.8,465524,2424.0,2426.7,2421.3,0.0022277227722770775,2073.5381379345513,1,2369.32,2535.318072277845,2203.321927722155
2025-06-20 00:00:00+05:30,2381.9,2434.3,2381.4,2426.4,814140,2406.366666666667,2416.15,2396.5833333333335,0.008131207491238494,2073.5381379345513,1,2375.368,2538.19605379897,2212.53994620103
2025-06-23 00:00:00+05:30,2407.8,2440.1,2402.5,2416.2,426042,2414.0333333333333,2407.8500000000004,2420.2166666666662,0.005122823490423722,2073.5381379345513,1,2379.56,2540.974804773168,2218.1451952268317
2025-06-24 00:00:00+05:30,2444.0,2493.0,2438.7,2477.3,809230,2419.6,2421.3,2417.8999999999996,0.0014051909406515729,2073.5381379345513,1,2387.096,2548.468220459283,2225.723779540717
2025-06-25 00:00:00+05:30,2493.5,2507.2,2478.3,2491.5,514844,2469.6666666666665,2465.85,2473.483333333333,0.0030908354703738207,2073.5381379345513,1,2394.24,2557.6415618039164,2230.838438196083
2025-06-26 00:00:00+05:30,2485.6,2509.6,2452.4,2483.2,734016,2492.3333333333335,2492.75,2491.916666666667,0.0003343587000132527,2073.5381379345513,1,2401.66,2563.693547143666,2239.626452856334
2025-06-27 00:00:00+05:30,2494.9,2534.6,2474.9,2518.9,646350,2481.733333333333,2481.0,2482.4666666666662,0.0005909847955728157,2073.5381379345513,1,2409.94,2573.9240675186406,2245.9559324813595
2025-06-30 00:00:00+05:30,2519.9,2554.1,2518.4,2540.4,388280,2509.4666666666667,2504.75,2514.1833333333334,0.003759098878911878,2099.7629128458016,1,2418.744,2586.1305282988974,2251.357471701103
2025-07-01 00:00:00+05:30,2541.4,2554.1,2504.2,2516.5,347666,2537.633333333333,2536.25,2539.0166666666664,0.0010902546992603702,2099.7629128458016,1,2427.024,2592.4432663989205,2261.6047336010793
2025-07-02 00:00:00+05:30,2495.9,2519.4,2468.0,2483.7,252610,2524.933333333333,2529.1499999999996,2520.7166666666662,0.0033400221788034254,2099.7629128458016,1,2433.64,2594.2981762623886,2272.981823737611
2025-07-03 00:00:00+05:30,2485.1,2506.2,2463.6,2468.5,655578,2490.3666666666663,2493.7,2487.033333333333,0.0026769819705265508,2099.7629128458016,1,2439.296,2594.4133747068854,2284.1786252931142
2025-07-04 00:00:00+05:30,2468.5,2487.6,2438.7,2463.1,459094,2479.433333333333,2484.8999999999996,2473.9666666666662,0.004409609722651706,2099.7629128458016,1,2445.9280000000003,2589.976841938962,2301.8791580610387
2025-07-07 00:00:00+05:30,2462.6,2502.8,2438.7,2446.0,734382,2463.133333333333,2463.1499999999996,2463.116666666667,1.3532898475998703e-05,2099.7629128458016,1,2451.152,2584.9985523797895,2317.3054476202105
2025-07-08 00:00:00+05:30,2457.3,2529.7,2456.8,2499.8,1744412,2462.5,2470.75,2454.25,0.006700507614213198,2099.7629128458016,1,2459.136,2579.1057545882095,2339.1662454117904
2025-07-09 00:00:00+05:30,2507.7,2531.1,2482.2,2515.5,781838,2495.4333333333334,2493.25,2497.616666666667,0.0017498630832320857,2099.7629128458016,1,2468.708,2564.5206324862993,2372.895367513701
2025-07-10 00:00:00+05:30,2516.0,2561.0,2516.0,2548.3,1330220,2509.6,2506.6499999999996,2512.55,0.0023509722664968704,2117.140891728028,1,2476.772,2563.6729646894337,2389.871035310566
2025-07-11 00:00:00+05:30,2544.3,2554.1,2490.5,2503.2,473158,2541.766666666667,2538.5,2545.0333333333338,0.00257039067315401,2117.140891728028,1,2477.32,2564.706534431537,2389.9334655684634
2025-07-14 00:00:00+05:30,2501.3,2518.4,2471.9,2491.5,331236,2515.9333333333334,2522.3,2509.5666666666666,0.005061077400037193,2117.140891728028,1,2474.872,2556.9418730592065,2392.802126940793
2025-07-15 00:00:00+05:30,2507.2,2593.3,2500.3,2585.5,1814928,2493.9333333333334,2495.15,2492.7166666666667,0.0009757010345104362,2117.140891728028,1,2478.064,2570.2638851189854,2385.8641148810143
2025-07-16 00:00:00+05:30,2585.5,2625.1,2582.5,2619.7,1613654,2559.7000000000003,2546.8,2572.6000000000004,0.010079306168691713,2178.873640176533,1,2482.564,2589.7727441207753,2375.3552558792244
2025-07-17 00:00:00+05:30,2633.4,2714.6,2613.8,2696.0,3217284,2609.1,2603.8,2614.3999999999996,0.004062703614272912,2228.0466945694716,1,2491.936,2627.4406730410187,2356.4313269589816
2025-07-18 00:00:00+05:30,2704.8,2752.8,2696.0,2735.2,3387632,2674.7999999999997,2664.2,2685.3999999999996,0.007925826229998437,2289.788826786693,1,2504.092,2667.3419523551315,2340.8420476448687
2025-07-21 00:00:00+05:30,2735.2,2767.0,2709.2,2750.8,819598,2728.0,2724.4,2731.6,0.0026392961876832177,2304.6892737152248,1,2516.8520000000003,2703.6713490620073,2330.0326509379934
2025-07-22 00:00:00+05:30,2764.5,2764.5,2718.5,2736.2,605784,2742.3333333333335,2738.1,2746.566666666667,0.003087395162270749,2312.545702766616,1,2528.752,2731.374700564254,2326.129299435746
2025-07-23 00:00:00+05:30,2739.6,2749.9,2726.9,2739.6,890700,2739.7333333333336,2741.5,2737.966666666667,0.0012896632275645494,2320.1638746559515,1,2541.5919999999996,2755.0591940696054,2328.124805930394
2025-07-24 00:00:00+05:30,2730.3,2741.5,2709.7,2722.0,377622,2738.7999999999997,2738.4,2739.1999999999994,0.0002920987293702616,2320.1638746559515,1,2555.0,2769.99530785566,2340.00469214434
2025-07-25 00:00:00+05:30,2716.1,2735.2,2693.1,2716.6,800432,2724.4,2725.6,2723.2000000000003,0.0008809279107325048,2320.1638746559515,1,2566.6079999999997,2783.9010181665976,2349.314981833402
2025-07-28 00:00:00+05:30,2703.4,2764.5,2695.1,2722.5,973040,2714.9666666666667,2714.1499999999996,2715.7833333333338,0.000601603457378527,2320.8170370076077,1,2578.86,2795.3884498627112,2362.331550137289
2025-07-29 00:00:00+05:30,2708.8,2775.8,2699.9,2753.8,1632592,2727.366666666667,2729.8,2724.9333333333334,0.0017843829823639852,2323.974355527304,1,2589.92,2812.723964057977,2367.1160359420232
2025-07-30 00:00:00+05:30,2756.7,2786.6,2731.3,2774.3,773452,2743.1666666666665,2737.8500000000004,2748.4833333333327,0.0038762986815720165,2346.145381306211,1,2601.232,2831.491156395457,2370.972843604543
2025-07-31 00:00:00+05:30,2742.5,2785.6,2724.4,2764.5,1122856,2764.066666666667,2758.95,2769.1833333333343,0.0037022744265699636,2346.145381306211,1,2612.4840000000004,2846.0409116424244,2378.9270883575764
2025-08-01 00:00:00+05:30,2761.6,2778.2,2733.2,2747.4,559116,2758.1666666666665,2755.0,2761.333333333333,0.0022962112514350224,2346.2087034118044,1,2621.6240000000003,2857.6870646584653,2385.5609353415352
2025-08-04 00:00:00+05:30,2746.9,2801.2,2741.0,2781.7,796510,2752.933333333333,2755.7,2750.166666666666,0.0020099772364025373,2361.1323552753324,1,2631.276,2872.9316312109154,2389.6203687890843
2025-08-05 00:00:00+05:30,2789.0,2791.0,2753.8,2776.3,879702,2774.633333333333,2771.1,2778.1666666666665,0.0025468830716370715,2368.415061064319,1,2641.6679999999997,2885.0253880200585,2398.310611979941
2025-08-06 00:00:00+05:30,2784.6,2795.8,2765.0,2779.7,834734,2773.7000000000003,2772.4,2775.0000000000005,0.0009373760680680547,2383.9504586217463,1,2653.508,2893.753513889323,2413.2624861106765
2025-08-07 00:00:00+05:30,2769.9,2788.5,2728.8,2771.4,769596,2780.1666666666665,2780.4,2779.933333333333,0.0001678556441462089,2383.9504586217463,1,2665.6240000000003,2897.740365851149,2433.5076341488516
2025-08-08 00:00:00+05:30,2772.9,2772.9,2705.8,2721.5,504560,2762.9,2758.65,2767.15,0.0030764776141011256,2383.9504586217463,1,2675.96,2893.647070814837,2458.272929185163
2025-08-11 00:00:00+05:30,2724.4,2746.9,2665.7,2691.6,1468858,2733.4,2739.3500000000004,2727.45,0.004353552352381849,2383.9504586217463,1,2685.7839999999997,2882.2011534666544,2489.366846533345
2025-08-12 00:00:00+05:30,2708.8,2730.3,2664.7,2674.5,927894,2701.4,2706.3,2696.5,0.0036277485748131273,2383.9504586217463,1,2692.772,2874.073777332554,2511.470222667446
2025-08-13 00:00:00+05:30,2690.7,2700.9,2677.9,2682.3,596870,2689.8333333333335,2697.5,2682.166666666667,0.005700477105148905,2383.9504586217463,1,2699.4440000000004,2865.8223647471714,2533.0656352528295
2025-08-14 00:00:00+05:30,2683.8,2705.8,2644.2,2686.7,1737370,2687.0333333333333,2689.4,2684.6666666666665,0.0017615461909665836,2383.9504586217463,1,2704.98,2859.6733586161427,2550.2866413838574
2025-08-18 00:00:00+05:30,2700.9,2804.2,2699.0,2797.3,1141554,2678.9,2675.0,2682.8,0.0029116428384785478,2383.9504586217463,1,2716.744,2851.746661662435,2581.741338337565
2025-08-19 00:00:00+05:30,2798.8,2808.6,2760.1,2798.3,788962,2766.8333333333335,2751.6,2782.066666666667,0.011011384856334131,2383.9504586217463,1,2729.0160000000005,2831.826282442669,2626.2057175573323
2025-08-20 00:00:00+05:30,2793.9,2797.8,2759.6,2793.9,552500,2789.0,2784.35,2793.65,0.00333452850484051,2383.9504586217463,1,2737.3520000000003,2824.931068183789,2649.7729318162114
2025-08-21 00:00:00+05:30,2807.6,2842.8,2782.1,2835.0,950302,2783.7666666666664,2778.7,2788.833333333333,0.003640151832648766,2402.586468892781,1,2745.9640000000004,2827.7217471310237,2664.206252868977
2025-08-22 00:00:00+05:30,2841.8,2872.2,2835.0,2851.6,1186878,2819.9666666666667,2812.45,2827.4833333333336,0.005331032281705608,2449.71501013707,1,2752.1880000000006,2841.1564585903348,2663.2195414096664
2025-08-25 00:00:00+05:30,2857.5,2900.6,2850.7,2882.9,957974,2852.933333333333,2853.6,2852.266666666666,0.00046735523671564,2473.9484097315867,1,2758.0959999999995,2860.3862455561602,2655.805754443839
2025-08-26 00:00:00+05:30,2878.1,2897.6,2806.6,2818.4,915742,2878.066666666666,2875.6499999999996,2880.4833333333327,0.0016793680943224727,2473.9484097315867,1,2760.8,2865.716073124853,2655.883926875147
2025-08-28 00:00:00+05:30,2811.0,2811.0,2724.9,2731.3,926700,2840.866666666667,2852.1,2829.6333333333337,0.007908384765212344,2473.9484097315867,1,2760.604,2865.7212827652024,2655.486717234797
2025-08-29 00:00:00+05:30,2735.2,2748.9,2666.7,2673.0,928214,2755.7333333333336,2767.95,2743.5166666666673,0.008866363460421599,2473.9484097315867,1,2757.94,2868.2966146632803,2647.58338533672
2025-09-01 00:00:00+05:30,2673.0,2735.2,2662.8,2730.3,590140,2696.2000000000003,2707.8,2684.6000000000004,0.008604702915213936,2473.9484097315867,1,2758.272,2868.243392934434,2648.300607065566
2025-09-02 00:00:00+05:30,2738.1,2739.6,2697.0,2705.8,300678,2709.4333333333334,2699.0,2719.866666666667,0.007701487395888483,2473.9484097315867,1,2757.84,2868.5452013228814,2647.134798677119
2025-09-03 00:00:00+05:30,2710.7,2759.6,2709.7,2739.1,641778,2714.1333333333337,2718.3,2709.966666666667,0.0030703478089996916,2473.9484097315867,1,2758.5039999999995,2868.5505425896677,2648.4574574103312
2025-09-04 00:00:00+05:30,2759.6,2764.5,2715.6,2725.4,572552,2736.133333333333,2734.6499999999996,2737.616666666667,0.0010842551532578158,2473.9484097315867,1,2757.368,2868.169078983644,2646.566921016356
2025-09-05 00:00:00+05:30,2734.7,2760.6,2712.7,2726.4,524070,2735.1666666666665,2740.05,2730.283333333333,0.003570775699226373,2473.9484097315867,1,2755.452,2866.6714532621872,2644.232546737813
2025-09-08 00:00:00+05:30,2728.3,2811.0,2724.4,2794.9,844332,2733.233333333333,2736.6499999999996,2729.8166666666666,0.0025000914667608685,2473.9484097315867,1,2756.6680000000006,2868.9165487832242,2644.419451216777
2025-09-09 00:00:00+05:30,2793.9,2802.7,2755.2,2765.5,498592,2776.7666666666664,2767.7,2785.833333333333,0.0065303770572487955,2473.9484097315867,1,2757.3920000000003,2869.625583850556,2645.1584161494447
2025-09-10 00:00:00+05:30,2774.3,2854.1,2774.3,2839.9,969338,2774.4666666666667,2778.95,2769.9833333333336,0.00323185236802253,2473.9484097315867,1,2759.72,2876.2076371120106,2643.232362887989
2025-09-11 00:00:00+05:30,2825.7,2856.5,2800.7,2837.4,741338,2822.7666666666664,2814.2,2831.333333333333,0.0060696952162771324,2473.9484097315867,1,2762.1639999999998,2882.4426881202958,2641.8853118797037
2025-09-12 00:00:00+05:30,2852.6,2857.0,2833.5,2837.0,359580,2831.5333333333333,2828.6,2834.4666666666667,0.0020719045040379024,2473.9484097315867,1,2764.4559999999997,2888.120126794876,2640.7918732051235
2025-09-15 00:00:00+05:30,2833.5,2833.5,2795.8,2810.5,350410,2842.5,2845.25,2839.75,0.0019349164467897977,2473.9484097315867,1,2766.02,2890.9780921746933,2641.0619078253067
2025-09-16 00:00:00+05:30,2822.3,2857.5,2813.5,2828.1,413052,2813.2666666666664,2814.65,2811.8833333333328,0.0009834356264368826,2473.9484097315867,1,2770.284,2896.146231729534,2644.421768270466
2025-09-17 00:00:00+05:30,2841.8,2857.5,2824.7,2841.8,309696,2833.0333333333333,2835.5,2830.5666666666666,0.0017413608499723715,2473.9484097315867,1,2776.292,2900.889976484125,2651.694023515875
2025-09-18 00:00:00+05:30,2852.6,2872.2,2840.9,2862.4,311378,2841.3333333333335,2841.1,2841.566666666667,0.0001642421398406212,2473.9484097315867,1,2783.808,2905.57487129075,2662.04112870925
2025-09-19 00:00:00+05:30,2871.2,2886.9,2858.0,2865.3,709726,2858.5,2856.55,2860.45,0.0013643519328317775,2486.5792887294074,1,2791.1279999999997,2909.562677624155,2672.693322375844
2025-09-22 00:00:00+05:30,2874.6,2889.3,2842.8,2851.6,318136,2870.066666666667,2872.45,2867.6833333333343,0.0016608208868547237,2486.5792887294074,1,2797.724,2910.3872544174774,2685.060745582523
2025-09-23 00:00:00+05:30,2852.6,2888.8,2843.3,2879.0,635528,2861.2333333333336,2866.05,2856.416666666667,0.0033668464648111693,2486.5792887294074,1,2800.992,2918.069696184786,2683.914303815214
2025-09-24 00:00:00+05:30,2869.2,2886.9,2809.5,2833.0,562108,2870.366666666667,2866.05,2874.6833333333334,0.0030077458164461724,2486.5792887294074,1,2802.38,2920.1180278412075,2684.6419721587927
2025-09-25 00:00:00+05:30,2834.5,2846.7,2808.6,2814.0,495084,2843.133333333333,2848.2,2838.0666666666666,0.0035641428470935396,2486.5792887294074,1,2803.184,2920.953927298682,2685.414072701318
2025-09-26 00:00:00+05:30,2812.0,2828.1,2744.5,2750.3,444412,2823.1,2827.6499999999996,2818.55,0.0032234068931314705,2486.5792887294074,1,2799.796,2918.5788065670154,2681.0131934329843
2025-09-29 00:00:00+05:30,2750.8,2782.1,2717.1,2751.3,716636,2774.3000000000006,2786.3,2762.300000000001,0.008650830840211616,2486.5792887294074,1,2795.7839999999997,2914.071293383259,2677.49670661674
2025-09-30 00:00:00+05:30,2742.5,2754.3,2660.8,2706.8,1120878,2750.1666666666665,2749.6,2750.733333333333,0.00041209623659167765,2486.5792887294074,1,2788.74,2906.409217724678,2671.0707822753216
2025-10-01 00:00:00+05:30,2702.9,2735.2,2702.9,2718.5,486324,2707.3,2707.55,2707.05,0.00018468584937022124,2486.5792887294074,1,2784.744,2904.872279168304,2664.6157208316963
2025-10-03 00:00:00+05:30,2732.2,2756.7,2718.1,2735.7,871432,2718.866666666667,2719.05,2718.6833333333334,0.00013486011328253975,2486.5792887294074,1,2784.92,2904.7470754042592,2665.092924595741
2025-10-06 00:00:00+05:30,2738.6,2778.2,2735.7,2769.9,537854,2736.8333333333335,2737.3999999999996,2736.2666666666673,0.0004141038913582495,2486.5792887294074,1,2788.7960000000003,2899.838139460377,2677.7538605396235
2025-10-07 00:00:00+05:30,2783.1,2783.1,2703.4,2718.5,682296,2761.2666666666664,2756.95,2765.583333333333,0.0031265844177792365,2486.5792887294074,1,2788.324,2900.4517168943426,2676.1962831056576
2025-10-08 00:00:00+05:30,2705.8,2723.4,2662.8,2679.4,658820,2735.0,2743.25,2726.75,0.00603290676416819,2486.5792887294074,1,2787.268,2902.9262928455105,2671.6097071544896
2025-10-09 00:00:00+05:30,2688.2,2705.8,2656.9,2680.9,832926,2688.5333333333333,2693.1000000000004,2683.9666666666662,0.003397143423924118,2486.5792887294074,1,2784.94,2906.5714169938756,2663.3085830061245
2025-10-10 00:00:00+05:30,2688.7,2715.1,2667.7,2700.9,883626,2681.2000000000003,2681.3500000000004,2681.05,0.00011189019841868636,2486.5792887294074,1,2783.96,2907.8680045837964,2660.0519954162037
2025-10-13 00:00:00+05:30,2716.6,2781.7,2715.6,2773.8,1287142,2694.566666666666,2691.3999999999996,2697.7333333333327,0.0023504088474336124,2486.5792887294074,1,2785.856,2907.6148840945,2664.0971159055002
2025-10-14 00:00:00+05:30,2788.0,2794.9,2734.2,2737.1,620692,2757.033333333333,2748.6499999999996,2765.416666666666,0.006081416014798428,2486.5792887294074,1,2783.544,2906.7150236051402,2660.3729763948595
2025-10-15 00:00:00+05:30,2748.4,2842.3,2745.5,2820.3,2416320,2755.4,2764.55,2746.25,0.006641503955868542,2486.5792887294074,1,2785.736,2909.4936196277945,2661.9783803722053
2025-10-16 00:00:00+05:30,2833.0,2903.5,2720.5,2839.9,3245468,2802.7000000000003,2793.9,2811.5000000000005,0.006279658900346224,2486.5792887294074,1,2785.7360000000003,2909.493619627795,2661.9783803722057
2025-10-17 00:00:00+05:30,2839.9,2884.4,2790.5,2796.8,965010,2821.2999999999997,2812.0,2830.5999999999995,0.006592705490376584,2486.5792887294074,1,2784.112,2906.1690269338806,2662.0549730661196
2025-10-20 00:00:00+05:30,2810.0,2824.2,2778.2,2796.8,514468,2823.9,2837.45,2810.3500000000004,0.009596657105421387,2486.5792887294074,1,2782.5040000000004,2902.7778140076143,2662.2301859923864
2025-10-21 00:00:00+05:30,2808.6,2815.4,2779.7,2792.9,84866,2799.7333333333336,2801.2,2798.2666666666673,0.0010477188303644933,2486.5792887294074,1,2781.8000000000006,2901.61525779273,2661.984742207271
2025-10-23 00:00:00+05:30,2811.0,2811.0,2738.1,2745.9,658268,2796.0,2797.55,2794.45,0.0011087267525037067,2486.5792887294074,1,2778.512,2897.573628680018,2659.4503713199824
2025-10-24 00:00:00+05:30,2747.9,2759.6,2694.1,2712.7,605608,2765.0,2774.55,2755.45,0.006907775768535394,2486.5792887294074,1,2773.348,2892.1804012377884,2654.5155987622115
2025-10-27 00:00:00+05:30,2720.5,2743.0,2716.6,2720.0,721390,2722.133333333333,2726.85,2717.4166666666665,0.0034654192789968876,2486.5792887294074,1,2767.652,2882.446956265243,2652.857043734757
2025-10-28 00:00:00+05:30,2727.8,2781.2,2712.7,2762.6,886968,2726.5333333333333,2729.8,2723.2666666666664,0.0023962051934081465,2486.5792887294074,1,2763.5440000000003,2871.1954832965125,2655.892516703488
2025-10-29 00:00:00+05:30,2653.0,2676.0,2587.4,2641.2,4400454,2752.1666666666665,2746.95,2757.383333333333,0.0037909525828135632,2486.5792887294074,1,2755.1279999999997,2866.7514601861976,2643.504539813802
2025-10-30 00:00:00+05:30,2643.2,2651.5,2613.3,2624.6,1488562,2634.8666666666663,2631.7,2638.033333333333,0.00240366368949714,2486.5792887294074,1,2744.952,2855.931812506331,2633.9721874936695
2025-10-31 00:00:00+05:30,2637.3,2665.7,2622.6,2631.9,932400,2629.7999999999997,2632.4,2627.1999999999994,0.0019773366795956832,2486.5792887294074,1,2736.908,2850.3197442945866,2623.496255705413
2025-11-03 00:00:00+05:30,2631.9,2655.9,2598.2,2644.2,931202,2640.066666666666,2644.1499999999996,2635.9833333333327,0.003093356228378187,2486.5792887294074,1,2730.116,2844.579767961487,2615.652232038513
2025-11-04 00:00:00+05:30,2639.8,2678.4,2637.8,2643.2,1240214,2632.766666666667,2627.05,2638.4833333333336,0.004342706658394867,2486.5792887294074,1,2725.8320000000003,2844.8784745548624,2606.7855254451383
2025-11-06 00:00:00+05:30,2564.9,2654.4,2564.9,2636.3,978448,2653.1333333333337,2658.1000000000004,2648.166666666667,0.003744000804080732,2486.5792887294074,1,2721.232,2844.7884676734557,2597.6755323265443
2025-11-07 00:00:00+05:30,2632.9,2664.7,2591.3,2657.9,909932,2618.5333333333333,2609.65,2627.4166666666665,0.006784968684759824,2486.5792887294074,1,2719.2760000000003,2845.209802038777,2593.3421979612235
2025-11-10 00:00:00+05:30,2657.9,2696.0,2650.0,2689.2,369724,2637.9666666666667,2628.0,2647.9333333333334,0.007556324947244744,2486.5792887294074,1,2718.1040000000003,2844.58902810982,2591.6189718901805
2025-11-11 00:00:00+05:30,2703.4,2703.4,2654.4,2681.4,594370,2678.4,2673.0,2683.8,0.004032258064516197,2486.5792887294074,1,2715.9320000000002,2842.997346589627,2588.8666534103736
2025-11-12 00:00:00+05:30,2693.6,2702.9,2667.7,2684.3,653398,2679.7333333333336,2678.9,2680.566666666667,0.0006219524330780313,2486.5792887294074,1,2712.508,2838.177381091585,2586.8386189084144
2025-11-13 00:00:00+05:30,2691.1,2726.4,2674.0,2680.4,878676,2684.9666666666667,2685.3,2684.633333333333,0.00024829606823187247,2486.5792887294074,1,2710.9840000000004,2837.248429575167,2584.719570424834
2025-11-14 00:00:00+05:30,2683.8,2690.2,2624.6,2648.6,814572,2693.6,2700.2,2687.0,0.004900504900504833,2486.5792887294074,1,2709.752,2837.8133492976795,2581.6906507023205
2025-11-17 00:00:00+05:30,2660.8,2676.0,2646.1,2660.8,626530,2654.4666666666667,2657.3999999999996,2651.5333333333338,0.002210111259009674,2486.5792887294074,1,2708.948,2837.9725758913482,2579.9234241086515
2025-11-18 00:00:00+05:30,2671.6,2690.2,2634.9,2640.3,532134,2660.9666666666667,2661.05,2660.883333333333,6.263387991843935e-05,2486.5792887294074,1,2706.5240000000003,2838.3097446613347,2574.738255338666
2025-11-19 00:00:00+05:30,2640.3,2647.6,2612.9,2638.3,853640,2655.1333333333337,2662.55,2647.716666666667,0.005586662314510142,2486.5792887294074,1,2701.1040000000003,2832.521386733806,2569.6866132661944
2025-11-20 00:00:00+05:30,2649.1,2652.0,2632.4,2641.7,723608,2632.9333333333334,2630.25,2635.616666666667,0.0020382842963488587,2486.5792887294074,1,2697.288,2829.838299222382,2564.737700777618
2025-11-21 00:00:00+05:30,2642.2,2654.9,2618.7,2639.3,849466,2642.0333333333333,2642.2,2641.866666666667,0.00012616545337544195,2486.5792887294074,1,2690.048,2814.4538534954977,2565.642146504502
2025-11-24 00:00:00+05:30,2652.0,2667.2,2617.7,2628.0,1086588,2637.6333333333337,2636.8,2638.466666666667,0.0006318795890256302,2486.5792887294074,1,2681.572,2792.0823581748964,2571.061641825104
2025-11-25 00:00:00+05:30,2632.9,2636.3,2599.2,2610.9,790564,2637.633333333333,2642.45,2632.8166666666666,0.0036522640245674324,2486.5792887294074,1,2674.136,2777.4127602897393,2570.8592397102607
2025-11-26 00:00:00+05:30,2624.6,2639.8,2601.6,2621.7,430478,2615.4666666666667,2617.75,2613.1833333333334,0.0017460236541598463,2486.5792887294074,1,2667.132,2759.3402290467866,2574.9237709532135
2025-11-27 00:00:00+05:30,2647.6,2647.6,2599.6,2622.6,271818,2621.0333333333333,2620.7,2621.366666666667,0.0002543526090220027,2486.5792887294074,1,2660.32,2738.4431438175975,2582.196856182403
2025-11-28 00:00:00+05:30,2622.6,2637.3,2602.1,2615.8,298038,2623.2666666666664,2623.6,2622.933333333333,0.00025413606444902155,2486.5792887294074,1,2655.116,2726.811147506266,2583.420852493734
2025-12-01 00:00:00+05:30,2622.5,2634.7,2581.6,2592.1,333366,2618.4,2619.7,2617.1000000000004,0.000992972807821362,2486.5792887294074,1,2650.292,2722.0689192982363,2578.5150807017635
2025-12-02 00:00:00+05:30,2592.3,2592.3,2536.0,2543.4,819741,2602.7999999999997,2608.1499999999996,2597.45,0.004110957430459436,2486.5792887294074,1,2643.228,2720.707009182784,2565.748990817216
2025-12-03 00:00:00+05:30,2563.9,2571.6,2520.4,2540.6,483519,2557.2333333333336,2564.15,2550.316666666667,0.0054094920291459635,2486.5792887294074,1,2634.348,2705.7120832908713,2562.9839167091286
2025-12-04 00:00:00+05:30,2550.8,2553.2,2528.1,2540.4,533045,2544.2000000000003,2546.0,2542.4000000000005,0.0014149830988127718,2486.5792887294074,1,2630.316,2710.518796559388,2550.1132034406114
2025-12-05 00:00:00+05:30,2527.7,2541.1,2509.1,2522.3,471729,2540.566666666666,2540.6499999999996,2540.4833333333327,6.560216224738701e-05,2486.5792887294074,1,2626.224,2716.927230901368,2535.520769098632
2025-12-08 00:00:00+05:30,2523.7,2549.3,2488.0,2496.9,746623,2524.1666666666665,2525.1,2523.233333333333,0.000739517992736925,2486.5792887294074,1,2620.824,2724.6567159230035,2516.9912840769966
2025-12-09 00:00:00+05:30,2494.0,2510.1,2456.3,2504.1,809645,2511.4,2518.65,2504.15,0.005773672055427252,2486.5792887294074,1,2615.22,2728.1274948794253,2502.3125051205743
2025-12-10 00:00:00+05:30,2504.2,2569.6,2504.2,2553.5,751288,2490.1666666666665,2483.2,2497.133333333333,0.005595341677263929,2486.5792887294074,1,2611.6319999999996,2726.439856455678,2496.824143544321
2025-12-11 00:00:00+05:30,2549.2,2613.3,2544.6,2607.7,895280,2542.433333333333,2536.8999999999996,2547.9666666666662,0.004352785389325164,2486.5792887294074,1,2610.4880000000003,2724.8589798154576,2496.117020184543
2025-12-12 00:00:00+05:30,2618.7,2623.9,2596.8,2617.5,1304915,2588.5333333333333,2578.95,2598.116666666667,0.007404450396621113,2486.5792887294074,1,2608.8720000000003,2721.6482318219046,2496.095768178096
2025-12-15 00:00:00+05:30,2612.7,2612.7,2541.6,2551.2,626759,2612.7333333333336,2610.3500000000004,2615.116666666667,0.0018243984588297403,2486.5792887294074,1,2603.3520000000003,2713.335418677309,2493.3685813226916
2025-12-16 00:00:00+05:30,2552.2,2552.2,2508.2,2528.4,989338,2568.4999999999995,2577.1499999999996,2559.8499999999995,0.006735448705470191,2486.5792887294074,1,2597.232,2706.1849472017557,2488.2790527982443
2025-12-17 00:00:00+05:30,2526.1,2546.0,2481.3,2486.8,501390,2529.6,2530.2,2529.0,0.000474383301707708,2486.5792887294074,1,2589.3320000000003,2700.504870359405,2478.159129640596
2025-12-18 00:00:00+05:30,2547.2,2670.8,2547.2,2664.6,2915803,2504.7000000000003,2513.65,2495.7500000000005,0.007146564458817277,2486.5792887294074,1,2588.7,2697.9580065713676,2479.441993428632
2025-12-19 00:00:00+05:30,2660.8,2679.5,2576.1,2615.0,2244048,2627.5333333333333,2609.0,2646.0666666666666,0.01410702052622229,2486.5792887294074,1,2587.356,2694.438563734481,2480.2734362655196
2025-12-22 00:00:00+05:30,2604.0,2617.4,2584.7,2605.8,522476,2623.5333333333333,2627.8,2619.2666666666664,0.003252610982644433,2486.5792887294074,1,2585.156,2688.3000791124205,2482.0119208875794
2025-12-23 00:00:00+05:30,2621.7,2655.6,2608.2,2651.3,493486,2602.6333333333337,2601.05,2604.216666666667,0.0012167164026179777,2486.5792887294074,1,2585.596,2689.7660222518416,2481.4259777481584
2025-12-24 00:00:00+05:30,2651.0,2665.7,2584.7,2599.2,1008479,2638.3666666666663,2631.8999999999996,2644.833333333333,0.004902022716074363,2486.5792887294074,1,2584.0319999999997,2686.1436364766973,2481.920363523302
2025-12-26 00:00:00+05:30,2599.2,2616.7,2586.2,2590.5,407924,2616.5333333333333,2625.2,2607.866666666667,0.006624541377904491,2486.5792887294074,1,2581.984,2681.4053607629135,2482.5626392370864
2025-12-29 00:00:00+05:30,2590.5,2599.9,2568.9,2590.5,573768,2597.7999999999997,2601.45,2594.1499999999996,0.0028100700592810003,2486.5792887294074,1,2580.0319999999997,2676.7550557000213,2483.308944299978
2025-12-30 00:00:00+05:30,2590.3,2598.2,2566.5,2573.9,1265693,2586.4333333333334,2584.4,2588.4666666666667,0.0015723067802507723,2486.5792887294074,1,2577.868,2672.601761162268,2483.134238837732
2025-12-31 00:00:00+05:30,2583.5,2624.6,2583.4,2615.0,502461,2579.5333333333333,2582.35,2576.7166666666667,0.0021838575452923833,2486.5792887294074,1,2578.0319999999997,2673.0078153634363,2483.056184636563
2026-01-01 00:00:00+05:30,2617.5,2624.6,2579.1,2591.5,344128,2607.6666666666665,2604.0,2611.333333333333,0.002812220375814789,2486.5792887294074,1,2576.824,2670.3038764224134,2483.3441235775867
2026-01-02 00:00:00+05:30,2591.5,2607.8,2570.9,2600.3,347752,2598.4,2601.85,2594.9500000000003,0.002655480295566362,2486.5792887294074,1,2575.9320000000002,2668.0635011489003,2483.8004988511
2026-01-05 00:00:00+05:30,2600.1,2629.1,2580.4,2603.8,981827,2593.0000000000005,2589.3500000000004,2596.6500000000005,0.0028152718858465795,2486.5792887294074,1,2575.4519999999998,2666.869934695276,2484.0340653047238
2026-01-06 00:00:00+05:30,2616.0,2616.5,2560.2,2566.0,930786,2604.4333333333334,2604.75,2604.116666666667,0.00024317509886982917,2486.5792887294074,1,2574.408,2665.637537672564,2483.1784623274357
2026-01-07 00:00:00+05:30,2591.7,2591.7,2551.9,2568.4,501844,2580.9,2588.35,2573.4500000000003,0.0057731798984848835,2486.5792887294074,1,2575.408,2665.8002814401193,2485.0157185598805
2026-01-08 00:00:00+05:30,2563.0,2569.0,2512.1,2527.7,831429,2570.6666666666665,2571.8,2569.533333333333,0.0008817427385894711,2486.5792887294074,1,2574.8920000000003,2666.2156691331984,2483.568330866802
2026-01-09 00:00:00+05:30,2526.7,2536.1,2464.2,2469.4,1138292,2536.266666666667,2540.55,2531.9833333333336,0.0033776679634107635,2886.9217558554815,-1,2572.0519999999997,2671.5405339320564,2472.563466067943
2026-01-12 00:00:00+05:30,2459.2,2479.3,2411.7,2434.3,879934,2489.8999999999996,2500.1499999999996,2479.6499999999996,0.008233262380015262,2835.7288856212626,-1,2568.532,2680.283792397036,2456.7802076029643
2026-01-13 00:00:00+05:30,2448.4,2458.7,2402.6,2432.5,975174,2441.766666666667,2445.5,2438.0333333333338,0.0030578952397852274,2820.977730196412,-1,2565.956,2686.793452207295,2445.118547792705
2026-01-14 00:00:00+05:30,2444.8,2547.6,2433.9,2499.4,2340909,2431.2666666666664,2430.6499999999996,2431.883333333333,0.0005072801557488178,2820.977730196412,-1,2565.768,2687.0037798009744,2444.5322201990257
2026-01-16 00:00:00+05:30,2525.0,2638.3,2524.8,2540.8,2869514,2493.633333333333,2490.75,2496.5166666666664,0.0023125559758851574,2820.977730196412,-1,2565.26,2686.803184094997,2443.7168159050034
2026-01-19 00:00:00+05:30,2525.0,2543.2,2488.7,2524.4,814597,2567.9666666666667,2581.55,2554.383333333333,0.010579057360557758,2820.977730196412,-1,2561.928,2683.2015686947097,2440.65443130529
2026-01-20 00:00:00+05:30,2541.4,2541.4,2466.1,2472.8,827106,2518.7666666666664,2515.95,2521.583333333333,0.0022365443404840516,2820.977730196412,-1,2556.14,2680.0357755532887,2432.244224446711
2026-01-21 00:00:00+05:30,2476.8,2479.4,2401.6,2423.0,1087574,2493.4333333333334,2503.75,2483.116666666667,0.008275069181717262,2820.977730196412,-1,2551.012,2685.4637557488604,2416.56024425114
2026-01-22 00:00:00+05:30,2455.3,2464.6,2430.8,2445.4,684139,2434.6666666666665,2440.5,2428.833333333333,0.0047918948521359405,2820.977730196412,-1,2547.692,2688.1768737193843,2407.2071262806157
2026-01-23 00:00:00+05:30,2459.2,2459.2,2368.2,2377.7,417907,2446.933333333333,2447.7,2446.166666666666,0.0006266346992155179,2820.977730196412,-1,2543.328,2697.2439928790754,2389.4120071209245
2026-01-27 00:00:00+05:30,2380.9,2395.9,2355.8,2384.6,1437206,2401.7,2413.7,2389.7,0.00999292168047633,2808.1359182938486,-1,2532.1279999999997,2689.818842042118,2374.4371579578815
2026-01-28 00:00:00+05:30,2407.3,2428.6,2375.5,2424.6,1300327,2378.766666666667,2375.8500000000004,2381.6833333333334,0.0024522511665707844,2808.1359182938486,-1,2524.512,2683.8403032733127,2365.1836967266877
2026-01-29 00:00:00+05:30,2433.7,2500.3,2418.1,2489.7,1550271,2409.566666666667,2402.05,2417.083333333334,0.006239019464080854,2808.1359182938486,-1,2519.8680000000004,2676.1878743089087,2363.548125691092
2026-01-30 00:00:00+05:30,2489.7,2498.9,2452.5,2461.9,1084243,2469.3666666666663,2459.2,2479.533333333333,0.008234230099485576,2808.1359182938486,-1,2512.292,2660.548760196469,2364.0352398035307
2026-02-01 00:00:00+05:30,2461.2,2510.0,2388.8,2407.9,583126,2471.1,2475.7,2466.5,0.003723038323013969,2808.1359182938486,-1,2504.64,2653.908231047178,2355.3717689528216
2026-02-02 00:00:00+05:30,2416.1,2525.2,2379.9,2515.3,1442403,2435.566666666667,2449.4,2421.733333333334,0.011359437228844508,2808.1359182938486,-1,2501.632,2646.8335285868366,2356.4304714131636
2026-02-03 00:00:00+05:30,2691.1,2710.6,2601.8,2614.1,2576323,2473.4666666666667,2452.55,2494.383333333333,0.016912834887607014,2808.1359182938486,-1,2502.576,2650.3601808041503,2354.7918191958497
2026-02-04 00:00:00+05:30,2622.6,2686.2,2603.5,2666.7,2931893,2642.1666666666665,2656.2,2628.133333333333,0.01062259509241151,2808.1359182938486,-1,2506.288,2665.287937811163,2347.288062188837
2026-02-05 00:00:00+05:30,2666.7,2713.2,2662.7,2703.2,2336539,2652.133333333333,2644.85,2659.4166666666665,0.005492433764013853,2808.1359182938486,-1,2509.8160000000003,2681.700144050443,2337.9318559495573
2026-02-06 00:00:00+05:30,2713.3,2713.3,2640.1,2661.6,479617,2693.0333333333333,2687.95,2698.116666666667,0.0037751729771881657,2808.1359182938486,-1,2512.62,2691.8720192353585,2333.3679807646413
2026-02-09 00:00:00+05:30,2691.1,2698.1,2656.9,2687.8,604024,2671.6666666666665,2676.7,2666.633333333333,0.0037679351216468896,2808.1359182938486,-1,2516.12,2705.2292974973816,2327.010702502618
2026-02-10 00:00:00+05:30,2694.1,2763.9,2676.5,2756.5,916277,2680.9333333333334,2677.5,2684.366666666667,0.002561297060725166,2808.1359182938486,-1,2522.228,2731.1017840514046,2313.3542159485955
2026-02-11 00:00:00+05:30,2771.4,2772.1,2753.9,2766.4,669732,2732.2999999999997,2720.2,2744.3999999999996,0.008857006917249138,2808.1359182938486,-1,2530.244,2759.599333611304,2300.8886663886965
2026-02-12 00:00:00+05:30,2769.1,2783.0,2759.2,2775.0,574333,2764.133333333333,2763.0,2765.2666666666664,0.0008200279774250245,2808.1359182938486,-1,2538.5080000000003,2786.8678867449253,2290.1481132550753
2026-02-13 00:00:00+05:30,2756.7,2771.8,2737.5,2753.0,1046968,2772.4,2771.1,2773.7000000000003,0.0009378156110230716,2808.1359182938486,-1,2547.52,2809.627171973511,2285.412828026489
2026-02-16 00:00:00+05:30,2747.7,2786.7,2730.8,2781.4,272866,2754.1,2754.65,2753.5499999999997,0.0003994045241641058,2808.1359182938486,-1,2560.0,2835.413701910328,2284.586298089672
2026-02-17 00:00:00+05:30,2764.5,2807.6,2762.8,2802.3,344823,2766.2999999999997,2758.75,2773.8499999999995,0.0054585547482194465,2808.1359182938486,-1,2574.72,2860.8168395490416,2288.623160450958
2026-02-18 00:00:00+05:30,2803.8,2839.4,2740.1,2752.4,1032735,2790.9,2785.2,2796.6000000000004,0.00408470385897042,2808.1359182938486,-1,2587.516,2875.633052213071,2299.398947786929
2026-02-19 00:00:00+05:30,2754.7,2766.3,2666.7,2673.7,337142,2777.2999999999997,2789.75,2764.8499999999995,0.008965542073236793,2808.1359182938486,-1,2594.488,2882.1738026110243,2306.8021973889754
2026-02-20 00:00:00+05:30,2683.6,2697.4,2643.6,2657.6,456524,2702.233333333333,2716.5,2687.9666666666662,0.010559167108688034,2808.1359182938486,-1,2599.16,2887.000105614122,2311.319894385878
2026-02-23 00:00:00+05:30,2680.4,2712.7,2654.7,2668.4,924223,2666.2000000000003,2670.5,2661.9000000000005,0.003225564473782707,2808.1359182938486,-1,2604.92,2892.3083003880793,2317.531699611921
2026-02-24 00:00:00+05:30,2661.6,2669.5,2609.4,2624.0,654112,2678.6,2683.7,2673.5,0.003807959381766527,2808.1359182938486,-1,2610.968,2893.299468851682,2328.6365311483178
2026-02-25 00:00:00+05:30,2631.4,2707.5,2625.4,2685.2,849803,2634.2999999999997,2639.45,2629.1499999999996,0.003909957104354167,2808.1359182938486,-1,2621.4559999999997,2894.4021724515433,2348.509827548456
2026-02-26 00:00:00+05:30,2696.0,2703.9,2681.9,2694.9,579732,2672.7,2666.45,2678.95,0.004676918471957197,2808.1359182938486,-1,2631.4359999999997,2896.020467450278,2366.8515325497215
2026-02-27 00:00:00+05:30,2660.5,2692.8,2629.6,2640.8,1193019,2693.566666666667,2692.9,2694.233333333334,0.0004950066207137771,2808.1359182938486,-1,2641.96,2885.424244602666,2398.495755397334
2026-03-02 00:00:00+05:30,2568.8,2632.6,2545.7,2593.1,816022,2654.4,2661.2,2647.6000000000004,0.005123568414707449,2808.1359182938486,-1,2650.3,2871.1644760932513,2429.435523906749
2026-03-04 00:00:00+05:30,2544.3,2568.8,2484.7,2492.7,1001078,2590.4666666666667,2589.1499999999996,2591.7833333333338,0.0010165478549556534,2808.1359182938486,-1,2653.0239999999994,2864.1519216398106,2441.8960783601883
2026-03-05 00:00:00+05:30,2524.8,2532.6,2469.4,2504.2,600390,2515.4,2526.75,2504.05,0.009024409636638236,2808.1359182938486,-1,2653.6040000000003,2863.0066512151798,2444.2013487848208
2026-03-06 00:00:00+05:30,2504.3,2504.4,2441.8,2450.2,689587,2502.0666666666666,2501.0,2503.133333333333,0.000852628493778428,2808.1359182938486,-1,2653.136,2864.2952678902498,2441.97673210975
2026-03-09 00:00:00+05:30,2401.3,2416.5,2356.5,2408.4,615536,2465.4666666666667,2473.1000000000004,2457.833333333333,0.0061922016115951006,2808.1359182938486,-1,2653.1560000000004,2864.222428064594,2442.0895719354066
2026-03-10 00:00:00+05:30,2453.5,2495.8,2414.7,2480.4,1570912,2393.7999999999997,2386.5,2401.0999999999995,0.006099089314061098,2808.1359182938486,-1,2651.76,2866.877872804531,2436.6421271954696
2026-03-11 00:00:00+05:30,2495.4,2496.7,2387.6,2395.8,1185276,2463.633333333333,2455.25,2472.0166666666664,0.006805666427633884,2808.1359182938486,-1,2643.028,2880.148786233402,2405.9072137665976
2026-03-12 00:00:00+05:30,2386.8,2426.3,2356.9,2377.0,848681,2426.7,2442.1499999999996,2411.25,0.012733341574978217,2808.1359182938486,-1,2631.44,2890.134463798411,2372.745536201589
2026-03-13 00:00:00+05:30,2365.4,2365.4,2306.8,2330.0,1177208,2386.7333333333336,2391.6000000000004,2381.866666666667,0.0040780983771404045,2808.1359182938486,-1,2616.512,2898.905514486343,2334.1184855136576
2026-03-16 00:00:00+05:30,2333.0,2346.5,2273.3,2316.5,1973365,2334.066666666667,2336.1000000000004,2332.0333333333338,0.0017423095598525914,2807.939877252695,-1,2602.708,2907.765009334237,2297.650990665763
2026-03-17 00:00:00+05:30,2328.1,2356.4,2305.1,2332.4,1214120,2312.1,2309.9,2314.2999999999997,0.001903031875783762,2807.939877252695,-1,2588.492,2909.090694544987,2267.8933054550134
2026-03-18 00:00:00+05:30,2335.4,2448.1,2332.0,2416.1,1251975,2331.2999999999997,2330.75,2331.8499999999995,0.00047183974606419354,2807.939877252695,-1,2574.876,2894.6895570859224,2255.062442914078
2026-03-19 00:00:00+05:30,2327.2,2388.8,2322.2,2349.6,1095550,2398.7333333333336,2390.05,2407.416666666667,0.007239932186431777,2807.939877252695,-1,2558.2039999999997,2879.7934002232523,2236.614599776747
2026-03-20 00:00:00+05:30,2357.7,2390.7,2329.1,2334.8,771952,2353.5333333333333,2355.5,2351.5666666666666,0.0016712460697391415,2807.939877252695,-1,2540.5959999999995,2860.9785687142667,2220.2134312857324
2026-03-23 00:00:00+05:30,2309.4,2310.8,2188.7,2206.3,1483046,2351.5333333333333,2359.8999999999996,2343.166666666667,0.007115924361409293,2778.495917303743,-1,2518.728,2852.4858308653643,2184.970169134636
2026-03-24 00:00:00+05:30,2250.8,2311.2,2235.4,2301.4,822856,2235.266666666667,2249.75,2220.7833333333338,0.012958931074591952,2778.495917303743,-1,2499.5280000000002,2825.7753148762367,2173.2806851237638
2026-03-25 00:00:00+05:30,2324.4,2367.7,2315.0,2335.2,826687,2282.6666666666665,2273.3,2292.033333333333,0.008206775700934288,2778.495917303743,-1,2480.844,2788.5682146077474,2173.1197853922527
2026-03-27 00:00:00+05:30,2319.3,2329.6,2250.8,2264.4,5308340,2339.2999999999997,2341.35,2337.2499999999995,0.0017526610524517439,2778.495917303743,-1,2461.324,2759.4295613301365,2163.2184386698636
2026-03-30 00:00:00+05:30,2206.8,2264.0,2158.4,2169.0,2088678,2281.6,2290.2,2273.0,0.007538569424964858,2755.750294167978,-1,2441.136,2747.228576218302,2135.043423781698
2026-04-01 00:00:00+05:30,2236.1,2318.3,2226.5,2290.4,2438152,2197.133333333333,2211.2,2183.0666666666666,0.012804563522165191,2755.750294167978,-1,2426.4480000000003,2724.723148787085,2128.1728512129157
2026-04-02 00:00:00+05:30,2248.8,2307.8,2193.2,2298.3,1124725,2278.4,2272.4,2284.4,0.0052668539325842695,2755.750294167978,-1,2411.6440000000002,2696.867444085437,2126.4205559145635
2026-04-06 00:00:00+05:30,2299.5,2348.6,2265.6,2335.5,885512,2266.4333333333334,2250.5,2282.366666666667,0.014060270910240813,2755.750294167978,-1,2400.1040000000003,2673.1098254615804,2127.09817453842
2026-04-07 00:00:00+05:30,2328.7,2328.7,2281.4,2295.0,861846,2316.5666666666666,2307.1,2326.0333333333333,0.008173014662503444,2755.750294167978,-1,2384.496,2634.136704885961,2134.855295114039
2026-04-08 00:00:00+05:30,2436.7,2504.9,2379.3,2485.0,2035265,2301.7000000000003,2305.05,2298.3500000000004,0.002910891949428604,2755.750294167978,-1,2376.1,2595.732820862365,2156.467179137635
2026-04-09 00:00:00+05:30,2482.7,2494.1,2438.6,2461.2,996857,2456.4,2442.1000000000004,2470.7,0.011643054877055631,2755.750294167978,-1,2368.916,2563.8013092871806,2174.0306907128197
2026-04-10 00:00:00+05:30,2479.7,2570.0,2475.9,2563.2,919481,2464.633333333333,2466.35,2462.9166666666665,0.0013930402088208093,2755.750294167978,-1,2367.72,2557.384470051615,2178.0555299483844
2026-04-13 00:00:00+05:30,2495.1,2537.4,2471.2,2491.6,1006209,2536.3666666666663,2522.95,2549.783333333333,0.01057943777844937,2755.750294167978,-1,2367.676,2557.2249490763797,2178.12705092362
2026-04-15 00:00:00+05:30,2534.8,2620.7,2534.8,2606.7,2160698,2500.066666666667,2504.3,2495.833333333334,0.003386576357963617,2755.750294167978,-1,2371.776,2576.7651492151713,2166.7868507848284
2026-04-16 00:00:00+05:30,2643.4,2665.4,2550.3,2605.2,2949659,2587.4,2577.75,2597.05,0.007459225477313203,2755.750294167978,-1,2377.976,2600.6879702574597,2155.2640297425405
2026-04-17 00:00:00+05:30,2589.7,2739.1,2589.7,2732.6,2259343,2606.9666666666667,2607.8500000000004,2606.083333333333,0.000677671367745656,2755.750294167978,-1,2390.944,2653.434295927219,2128.453704072781
2026-04-20 00:00:00+05:30,2732.0,2749.7,2694.5,2708.9,1049876,2687.133333333333,2664.3999999999996,2709.866666666667,0.0169201379413007,2755.750294167978,-1,2400.084,2688.9818708401267,2111.186129159873
2026-04-21 00:00:00+05:30,2695.1,2756.5,2675.4,2734.2,1593751,2717.7000000000003,2722.1,2713.3000000000006,0.0032380321595464074,2755.750294167978,-1,2413.62,2730.7753411184462,2096.4646588815535
2026-04-22 00:00:00+05:30,2734.2,2751.2,2700.2,2707.2,1161510,2722.0333333333333,2715.95,2728.116666666667,0.004469697897405238,2755.750294167978,-1,2426.828,2763.674279575651,2089.981720424349
2026-04-23 00:00:00+05:30,2686.2,2703.8,2642.2,2650.2,1161552,2719.5333333333333,2725.7,2713.366666666667,0.004535091804966427,2755.750294167978,-1,2439.636,2785.023230244485,2094.248769755515
2026-04-24 00:00:00+05:30,2642.2,2704.8,2635.3,2676.5,1081669,2665.4,2673.0,2657.8,0.005702708786673601,2755.750294167978,-1,2454.0359999999996,2807.6086680838835,2100.4633319161157
2026-04-27 00:00:00+05:30,2691.0,2717.1,2661.4,2697.0,483814,2672.2000000000003,2670.05,2674.3500000000004,0.0016091609909438596,2755.750294167978,-1,2468.62,2830.8915136468167,2106.348486353183
2026-04-28 00:00:00+05:30,2697.0,2729.1,2679.5,2701.1,1098502,2691.8333333333335,2689.25,2694.416666666667,0.001919385796545218,2755.750294167978,-1,2480.02,2852.7491048468787,2107.2908951531213
2026-04-29 00:00:00+05:30,2710.7,2748.2,2701.1,2728.2,832683,2703.2333333333336,2704.3,2702.166666666667,0.0007891783913091281,2755.750294167978,-1,2495.1639999999998,2876.1404460120266,2114.187553987973
2026-04-30 00:00:00+05:30,2710.8,2715.5,2645.8,2654.5,1255481,2725.833333333333,2724.6499999999996,2727.0166666666664,0.0008682360134515885,2755.750294167978,-1,2507.952,2887.999808024141,2127.9041919758592
2026-05-04 00:00:00+05:30,2666.7,2714.9,2666.7,2694.7,489137,2671.9333333333334,2680.65,2663.2166666666667,0.006524613887572067,2755.750294167978,-1,2527.488,2893.453376810366,2161.5226231896336
2026-05-05 00:00:00+05:30,2690.3,2765.0,2649.1,2746.2,981595,2692.1,2690.8,2693.3999999999996,0.0009657887894206956,2755.750294167978,-1,2545.28,2908.7899734532093,2181.770026546791
2026-05-06 00:00:00+05:30,2769.4,2804.7,2747.3,2755.6,940065,2720.1,2707.05,2733.1499999999996,0.009595235469284017,2755.750294167978,-1,2562.096,2924.069110515066,2200.122889484934
2026-05-07 00:00:00+05:30,2769.4,2793.8,2720.5,2773.9,814891,2769.2000000000003,2776.0,2762.4000000000005,0.004911165679618465,2187.047792762881,1,2582.476,2932.277714255307,2232.6742857446934
2026-05-08 00:00:00+05:30,2759.6,2810.9,2755.0,2792.9,1044961,2762.7333333333336,2757.15,2768.316666666667,0.004041890881011668,2219.9998810523653,1,2607.4320000000002,2923.0275777636157,2291.836422236385
2026-05-11 00:00:00+05:30,2784.1,2784.1,2680.3,2688.4,1319247,2786.2666666666664,2782.95,2789.583333333333,0.002380724505909896,2219.9998810523653,1,2623.3520000000003,2912.409481452997,2334.2945185470035
2026-05-12 00:00:00+05:30,2654.9,2700.2,2567.2,2576.4,894165,2717.6,2732.2,2703.0,0.010744774801295194,2219.9998810523653,1,2634.4759999999997,2892.364666086645,2376.5873339133545
2026-05-13 00:00:00+05:30,2573.7,2631.6,2573.7,2595.5,548007,2614.6,2633.7,2595.5,0.01461026543257088,2219.9998810523653,1,2644.8759999999997,2872.9442373675665,2416.807762632433
2026-05-14 00:00:00+05:30,2612.9,2647.1,2562.0,2634.0,649261,2600.2666666666664,2602.6499999999996,2597.883333333333,0.001833145318428786,2219.9998810523653,1,2658.4359999999997,2836.515864150746,2480.3561358492534
2026-05-15 00:00:00+05:30,2642.2,2679.8,2632.6,2645.6,429762,2614.366666666667,2604.55,2624.1833333333334,0.007509785671481892,2219.9998810523653,1,2664.86,2828.447657235954,2501.2723427640462
2026-05-18 00:00:00+05:30,2606.0,2623.1,2544.4,2568.9,990806,2652.6666666666665,2656.2,2649.133333333333,0.0026639859261120657,2219.9998810523653,1,2669.1679999999997,2815.8773531576894,2522.45864684231
2026-05-19 00:00:00+05:30,2568.8,2638.6,2545.2,2596.8,593711,2578.7999999999997,2583.75,2573.8499999999995,0.00383899488134037,2219.9998810523653,1,2670.512,2813.8914776945003,2527.1325223055
2026-05-20 00:00:00+05:30,2573.7,2640.7,2549.4,2627.8,1035717,2593.5333333333333,2591.8999999999996,2595.166666666667,0.0012595429658383674,2219.9998810523653,1,2675.96,2800.8972706599093,2551.022729340091
2026-05-21 00:00:00+05:30,2653.0,2714.8,2647.1,2669.5,898831,2605.9666666666667,2595.05,2616.883333333333,0.008378208981951558,2219.9998810523653,1,2678.472,2800.2227554964134,2556.721244503587
2026-05-22 00:00:00+05:30,2680.4,2707.8,2661.8,2680.1,525571,2677.133333333333,2680.95,2673.3166666666666,0.0028513086136912166,2219.9998810523653,1,2681.468,2799.488170750373,2563.447829249627
2026-05-25 00:00:00+05:30,2708.8,2749.7,2694.1,2699.1,767309,2683.2333333333336,2684.8,2681.666666666667,0.001167745381815426,2219.9998810523653,1,2680.1279999999997,2796.545366676743,2563.7106333232564
2026-05-26 00:00:00+05:30,2699.1,2706.6,2659.2,2681.2,685263,2714.2999999999997,2721.8999999999996,2706.7,0.005599970526470847,2219.9998810523653,1,2679.02,2794.8466981310758,2563.193301868924
2026-05-27 00:00:00+05:30,2669.6,2680.5,2646.1,2658.2,548519,2682.333333333333,2682.8999999999996,2681.7666666666664,0.000422517708462736,2219.9998810523653,1,2675.98,2789.826563408596,2562.133436591404
2026-05-29 00:00:00+05:30,2658.2,2709.1,2595.8,2617.1,2092882,2661.6,2663.3,2659.8999999999996,0.0012774271115120776,2219.9998810523653,1,2672.3759999999997,2787.7355739240897,2557.0164260759097
2026-06-01 00:00:00+05:30,2630.0,2654.3,2539.6,2548.9,912721,2640.6666666666665,2652.45,2628.883333333333,0.008924514011613207,2219.9998810523653,1,2668.324,2793.2355050583724,2543.4124949416278
2026-06-02 00:00:00+05:30,2519.0,2539.2,2485.6,2528.2,1342853,2580.933333333333,2596.95,2564.916666666666,0.012411530712403947,2219.9998810523653,1,2662.3920000000003,2798.7481210358674,2526.035878964133
2026-06-03 00:00:00+05:30,2528.2,2528.3,2410.8,2456.3,1184566,2517.6666666666665,2512.3999999999996,2522.9333333333334,0.004183768039189894,2219.9998810523653,1,2652.764,2810.3279235864243,2495.200076413576
2026-06-04 00:00:00+05:30,2442.1,2494.0,2432.6,2468.9,661317,2465.1333333333337,2469.55,2460.716666666667,0.00358330854314832,2219.9998810523653,1,2643.4759999999997,2815.279546226348,2471.6724537736513
2026-06-05 00:00:00+05:30,2483.8,2506.2,2465.6,2495.9,1100160,2465.1666666666665,2463.3,2467.033333333333,0.001514434453383544,2219.9998810523653,1,2634.184,2811.6866100539073,2456.681389946093
2026-06-08 00:00:00+05:30,2465.0,2478.1,2436.5,2453.0,1025312,2489.233333333333,2485.8999999999996,2492.5666666666666,0.002678200784712952,2219.9998810523653,1,2626.1240000000003,2817.0001548647447,2435.247845135256
2026-06-09 00:00:00+05:30,2468.0,2509.2,2447.1,2503.3,994452,2455.866666666667,2457.3,2454.4333333333334,0.0011672729246973727,2219.9998810523653,1,2618.4680000000003,2813.045850496788,2423.890149503213
2026-06-10 00:00:00+05:30,2503.3,2510.4,2436.3,2447.8,673825,2486.5333333333333,2478.1499999999996,2494.916666666667,0.006742988900209395,2219.9998810523653,1,2606.5319999999997,2804.8766593784435,2408.187340621556
2026-06-11 00:00:00+05:30,2438.0,2450.0,2384.2,2389.8,1069770,2464.8333333333335,2473.3500000000004,2456.3166666666666,0.00691054161877088,2219.9998810523653,1,2591.9,2797.9205348987125,2385.8794651012877
2026-06-12 00:00:00+05:30,2419.9,2463.6,2380.8,2455.9,1107972,2408.0,2417.1,2398.9,0.007558139534883645,2219.9998810523653,1,2579.18,2777.817325797424,2380.5426742025757
2026-06-15 00:00:00+05:30,2500.0,2637.2,2499.0,2622.9,2029867,2433.433333333333,2422.2,2444.666666666666,0.009232497294631554,2219.9998810523653,1,2572.38,2752.017020683245,2392.7429793167553
2026-06-16 00:00:00+05:30,2622.9,2669.0,2622.9,2658.6,680815,2586.366666666667,2568.1,2604.6333333333337,0.014125349589514412,2219.9998810523653,1,2571.188,2748.104634107572,2394.271365892428
2026-06-17 00:00:00+05:30,2677.7,2716.1,2654.6,2711.1,912665,2650.1666666666665,2645.95,2654.383333333333,0.0031821897993837096,2219.9998810523653,1,2576.576,2761.808517922616,2391.343482077384
2026-06-18 00:00:00+05:30,2709.9,2735.0,2681.8,2728.2,609955,2693.933333333333,2685.35,2702.516666666666,0.006372342794921699,2219.9998810523653,1,2581.884,2776.3562637703176,2387.4117362296824
2026-06-19 00:00:00+05:30,2720.1,2729.9,2685.6,2719.0,430133,2715.0,2708.4,2721.6,0.004861878453038607,2219.9998810523653,1,2585.284,2786.1490705721426,2384.4189294278576
2026-06-22 00:00:00+05:30,2730.0,2732.9,2678.7,2689.9,922796,2711.5,2707.75,2715.25,0.0027659966808039832,2219.9998810523653,1,2587.056,2790.779475956876,2383.332524043124
2026-06-23 00:00:00+05:30,2662.0,2725.0,2656.0,2680.0,666444,2700.5,2705.8,2695.2,0.003925199037215465,2219.9998810523653,1,2591.5,2798.2696534793045,2384.7303465206955
2026-06-24 00:00:00+05:30,2671.0,2690.0,2621.0,2625.1,538871,2687.0,2690.5,2683.5,0.0026051358392259025,2219.9998810523653,1,2592.6319999999996,2799.814777044694,2385.4492229553052
2026-06-25 00:00:00+05:30,2638.8,2691.8,2638.8,2649.7,824774,2645.366666666667,2655.5,2635.2333333333336,0.007661193785360476,2219.9998810523653,1,2593.5080000000003,2801.461909662578,2385.5540903374226
2026-06-29 00:00:00+05:30,2638.0,2679.9,2594.4,2606.6,1613740,2660.1,2665.3,2654.8999999999996,0.0039096274576145805,2219.9998810523653,1,2590.992,2796.7174630422583,2385.266536957742
2026-06-30 00:00:00+05:30,2625.8,2669.6,2605.6,2653.2,753577,2626.9666666666667,2637.15,2616.7833333333333,0.007752921620627132,2219.9998810523653,1,2589.9159999999997,2794.041135580975,2385.7908644190243
2026-07-01 00:00:00+05:30,2663.0,2752.4,2655.6,2745.8,1139695,2642.7999999999997,2637.6,2647.9999999999995,0.0039352202209776135,2219.9998810523653,1,2591.784,2800.670814748925,2382.8971852510754
2026-07-02 00:00:00+05:30,2747.0,2770.1,2742.9,2759.6,395005,2717.9333333333334,2704.0,2731.866666666667,0.010252888223895652,2237.693116446389,1,2594.92,2811.30179590703,2378.5382040929703
2026-07-03 00:00:00+05:30,2777.0,2808.3,2765.2,2800.2,504864,2757.5333333333333,2756.5,2758.5666666666666,0.000749462079636368,2275.0593917885335,1,2600.6,2830.3688299137875,2370.8311700862123
2026-07-06 00:00:00+05:30,2821.5,2838.4,2760.3,2773.4,396364,2791.2333333333336,2786.75,2795.716666666667,0.003212438945746976,2286.2590161169924,1,2606.852,2846.3752339126013,2367.3287660873984
2026-07-07 00:00:00+05:30,2785.0,2806.0,2734.2,2783.4,538949,2790.7000000000003,2799.3500000000004,2782.05,0.006199161500698814,2286.2590161169924,1,2616.232,2864.161755987357,2368.302244012643
2026-07-08 00:00:00+05:30,2768.5,2776.1,2645.8,2659.2,651746,2774.5333333333333,2770.1,2778.9666666666667,0.0031957326156951756,2286.2590161169924,1,2621.472,2867.266206733906,2375.6777932660943
2026-07-09 00:00:00+05:30,2675.0,2744.9,2662.3,2737.1,1437375,2693.7,2710.95,2676.45,0.012807662323198575,2286.2590161169924,1,2632.7039999999997,2872.8794524008426,2392.528547599157
2026-07-10 00:00:00+05:30,2755.0,2789.8,2748.0,2761.2,846266,2714.766666666667,2703.6000000000004,2725.9333333333334,0.008226612477438095,2286.2590161169924,1,2644.396,2879.9509870750967,2408.8410129249037
2026-07-13 00:00:00+05:30,2751.0,2758.2,2681.0,2749.0,914005,2766.3333333333335,2768.9,2763.766666666667,0.0018556452584648313,2286.2590161169924,1,2654.52,2885.385155447825,2423.654844552175
2026-07-14 00:00:00+05:30,2735.0,2741.9,2642.0,2659.8,1148370,2729.4,2719.6,2739.2000000000003,0.0071810654356270105,2286.2590161169924,1,2662.792,2878.5043708644175,2447.0796291355823
2026-07-15 00:00:00+05:30,2681.7,2767.3,2673.7,2729.2,1658894,2681.233333333333,2691.95,2670.5166666666664,0.007993833683503884,2286.2590161169924,1,2671.828,2878.8081963086024,2464.8478036913975
2026-07-16 00:00:00+05:30,2722.3,2729.0,2587.6,2602.2,2845724,2723.4,2720.5,2726.3,0.002129690827641985,2286.2590161169924,1,2678.0040000000004,2866.242550610515,2489.7654493894856
2026-07-17 00:00:00+05:30,2601.7,2669.0,2588.4,2651.2,1533879,2639.6,2658.3,2620.8999999999996,0.014168813456584538,2286.2590161169924,1,2688.46,2836.181175191463,2540.738824808537
2026-07-20 00:00:00+05:30,2655.4,2659.0,2603.0,2644.9,655096,2636.2,2628.7,2643.7,0.005690008345345573,2286.2590161169924,1,2696.02,2811.098505377618,2580.941494622382
2026-07-21 00:00:00+05:30,2632.0,2695.0,2578.3,2581.1,1230158,2635.633333333333,2631.0,2640.2666666666664,0.003515916478012783,2286.2590161169924,1,2694.348,2814.720304056816,2573.975695943184
2026-07-22 00:00:00+05:30,2588.0,2593.9,2537.7,2546.0,852280,2618.133333333333,2636.65,2599.6166666666663,0.014144937869219963,2286.2590161169924,1,2689.8439999999996,2822.9793486341878,2556.7086513658114
2026-07-23 00:00:00+05:30,2542.0,2563.2,2497.6,2508.7,828744,2559.2000000000003,2565.8,2552.6000000000004,0.005157861831822373,2286.2590161169924,1,2681.748,2832.216113512289,2531.279886487711
2026-07-24 00:00:00+05:30,2499.9,2530.6,2468.5,2505.7,717284,2523.1666666666665,2530.3999999999996,2515.9333333333334,0.005733535900653773,2286.2590161169924,1,2672.848,2836.9742647596286,2508.7217352403713
2026-07-27 00:00:00+05:30,2515.9,2558.0,2515.9,2552.4,554072,2501.6,2499.55,2503.6499999999996,0.0016389510713141408,2286.2590161169924,1,2666.184,2835.7134351313307,2496.6545648686697
2026-07-28 00:00:00+05:30,2552.4,2558.4,2515.3,2531.2,544077,2542.1,2536.95,2547.25,0.004051768223122687,2286.2590161169924,1,2659.836,2837.048747893452,2482.6232521065476
2026-07-29 00:00:00+05:30,2535.1,2557.2,2528.3,2541.9,470968,2534.9666666666667,2536.8500000000004,2533.083333333333,0.001485884101040382,2286.2590161169924,1,2654.312,2837.185371008325,2471.4386289916747
2026-07-30 00:00:00+05:30,2535.0,2554.9,2529.2,2546.3,293137,2542.4666666666667,2542.75,2542.1833333333334,0.00022288066706870207,2286.2590161169924,1,2651.16,2838.5981220561835,2463.7218779438163
2026-07-31 00:00:00+05:30,2550.1,2630.0,2550.1,2615.8,825760,2543.4666666666667,2542.05,2544.883333333333,0.0011139651918640032,2286.2590161169924,1,2649.8039999999996,2837.7545422603207,2461.8534577396786
2026-08-03 00:00:00+05:30,2640.0,2644.8,2562.2,2600.6,534990,2598.6333333333337,2590.05,2607.216666666667,0.006606036506368848,2286.2590161169924,1,2649.5640000000003,2837.7497795263735,2461.378220473627
2026-08-04 00:00:00+05:30,2589.0,2589.0,2533.0,2556.0,1035685,2602.5333333333333,2603.5,2601.5666666666666,0.0007428659255085022,2286.2590161169924,1,2645.676,2837.384063721767,2453.967936278233
2026-08-05 00:00:00+05:30,2562.0,2581.5,2540.9,2562.0,582394,2559.3333333333335,2561.0,2557.666666666667,0.0013024225058607826,2286.2590161169924,1,2638.324,2828.197829939645,2448.450170060355
2026-08-06 00:00:00+05:30,2560.0,2566.0,2533.9,2538.1,400755,2561.4666666666667,2561.2,2561.7333333333336,0.00020821404403743602,2286.2590161169924,1,2629.4640000000004,2816.52546053089,2442.4025394691107
2026-08-07 00:00:00+05:30,2534.0,2552.4,2521.2,2545.0,310098,2546.0,2549.95,2542.05,0.0031029065200312788,2286.2590161169924,1,2619.256,2795.473248463225,2443.0387515367747
2026-08-10 00:00:00+05:30,2545.0,2574.9,2525.6,2560.0,389795,2539.5333333333333,2536.8,2542.2666666666664,0.0021526264668047575,2286.2590161169924,1,2610.72,2776.6151765421478,2444.824823457852
2026-08-11 00:00:00+05:30,2554.0,2554.1,2504.2,2515.0,1036363,2553.5,2550.25,2556.75,0.0025455257489719993,2286.2590161169924,1,2599.984,2754.1111960944945,2445.8568039055053
2026-08-12 00:00:00+05:30,2520.0,2520.0,2482.3,2490.0,889475,2524.433333333333,2529.1499999999996,2519.7166666666662,0.003736812221884804,2286.2590161169924,1,2593.216,2751.160169173639,2435.2718308263607
2026-08-13 00:00:00+05:30,2490.0,2503.0,2478.2,2499.5,716544,2497.4333333333334,2501.15,2493.7166666666667,0.0029763890928019674,2286.2590161169924,1,2583.712,2734.3037322562946,2433.1202677437054
2026-08-14 00:00:00+05:30,2502.5,2507.2,2470.2,2485.0,1564593,2493.5666666666666,2490.6,2496.5333333333333,0.00237945646797762,2286.2590161169924,1,2572.6639999999998,2709.4425349239855,2435.885465076014
2026-08-17 00:00:00+05:30,2481.6,2539.4,2471.0,2523.0,588681,2487.4666666666667,2488.7,2486.2333333333336,0.0009916380789020591,2286.2590161169924,1,2563.624,2681.101749790981,2446.1462502090185
2026-08-18 00:00:00+05:30,2525.9,2536.9,2491.3,2525.0,672054,2511.133333333333,2505.2,2517.0666666666666,0.004725621897151401,2286.2590161169924,1,2558.232,2669.7821927562322,2446.6818072437677
2026-08-19 00:00:00+05:30,2515.1,2552.6,2501.0,2551.7,792412,2517.7333333333336,2514.1000000000004,2521.366666666667,0.0028861939310489953,2286.2590161169924,1,2551.132,2638.1482232227586,2464.1157767772415
2026-08-20 00:00:00+05:30,2558.7,2624.0,2553.0,2624.0,1149185,2535.1,2526.8,2543.3999999999996,0.00654806516508203,2286.2590161169924,1,2552.0040000000004,2641.4527022597476,2462.555297740253
2026-08-21 00:00:00+05:30,2615.0,2623.9,2596.0,2610.0,708050,2600.3333333333335,2588.5,2612.166666666667,0.009101397256762069,2286.2590161169924,1,2550.356,2633.746629305414,2466.9653706945865
2026-08-24 00:00:00+05:30,2620.0,2629.0,2605.9,2618.0,657607,2609.9666666666667,2609.95,2609.9833333333336,1.2771555192438383e-05,2286.2590161169924,1,2549.28,2628.3452186486134,2470.214781351387
2026-08-25 00:00:00+05:30,2609.9,2698.0,2606.8,2698.0,1157541,2617.633333333333,2617.45,2617.8166666666666,0.0001400756408461032,2286.2590161169924,1,2553.956,2651.6323484982563,2456.279651501744
2026-08-26 00:00:00+05:30,2698.0,2698.0,2651.0,2667.9,608105,2667.6,2652.4,2682.7999999999997,0.01139601139601126,2286.2590161169924,1,2558.832,2666.1295186290554,2451.5344813709444
2026-08-27 00:00:00+05:30,2667.9,2691.0,2559.9,2575.0,2101778,2672.2999999999997,2674.5,2670.0999999999995,0.0016465217228606617,2286.2590161169924,1,2561.484,2666.9559629852047,2456.012037014795
2026-08-28 00:00:00+05:30,2573.0,2589.2,2539.0,2569.0,587652,2608.633333333333,2625.45,2591.8166666666666,0.012893085779271347,2286.2590161169924,1,2564.0159999999996,2667.020041551544,2461.011958448455
2026-08-31 00:00:00+05:30,2546.1,2622.1,2523.1,2622.1,835216,2565.733333333333,2564.1,2567.3666666666663,0.0012731902510002694,2286.2590161169924,1,2566.804,2672.1460710635224,2461.4619289364778
2026-09-01 00:00:00+05:30,2580.5,2580.5,2526.0,2544.9,936933,2589.1,2572.6,2605.6,0.012745741763547178,2286.2590161169924,1,2567.352,2672.088303085187,2462.615696914813
2026-09-02 00:00:00+05:30,2511.5,2528.5,2477.0,2525.7,962353,2550.4666666666667,2553.25,2547.6833333333334,0.002182607104582144,2286.2590161169924,1,2566.7039999999997,2672.2594221058876,2461.148577894112
2026-09-03 00:00:00+05:30,2530.0,2535.4,2486.0,2510.8,746134,2510.4,2502.75,2518.05,0.006094646271510589,2286.2590161169924,1,2565.284,2672.835434095284,2457.732565904716
2026-09-04 00:00:00+05:30,2511.3,2517.8,2456.0,2458.3,844970,2510.733333333333,2510.7,2510.7666666666664,2.6552667215397643e-05,2286.2590161169924,1,2558.984,2672.260407852441,2445.707592147559
2026-09-07 00:00:00+05:30,2468.8,2473.6,2432.0,2432.0,300166,2477.366666666667,2486.9,2467.8333333333335,0.007696344236487644,2286.2590161169924,1,2552.24,2674.5204383372616,2429.959561662738
2026-09-08 00:00:00+05:30,2443.5,2454.0,2433.0,2447.3,550618,2445.866666666667,2452.8,2438.9333333333334,0.005669428696031449,2286.2590161169924,1,2547.8920000000003,2676.874974628255,2418.9090253717454
2026-09-09 00:00:00+05:30,2444.0,2446.4,2410.9,2440.0,455316,2444.766666666667,2443.5,2446.0333333333338,0.0010362270427990772,2286.2590161169924,1,2543.012,2678.555401993433,2407.4685980065674
2026-09-10 00:00:00+05:30,2430.0,2448.1,2401.0,2433.8,370540,2432.4333333333334,2428.65,2436.2166666666667,0.0031107395886149423,2286.2590161169924,1,2538.84,2680.9909507529005,2396.6890492471
2026-09-11 00:00:00+05:30,2405.0,2424.6,2366.1,2403.9,677643,2427.6333333333337,2424.55,2430.716666666667,0.0025401968995868275,2286.2590161169924,1,2533.196,2684.8100202486357,2381.581979751364
2026-09-15 00:00:00+05:30,2416.9,2423.9,2385.0,2409.0,652383,2398.2000000000003,2395.35,2401.0500000000006,0.0023767825869405084,2286.2590161169924,1,2527.156,2685.881786991132,2368.430213008868
2026-09-16 00:00:00+05:30,2383.1,2408.5,2360.0,2373.1,482108,2405.9666666666667,2404.45,2407.4833333333336,0.0012607545130856998,2286.2590161169924,1,2521.48,2691.2995654215215,2351.6604345784785
2026-09-17 00:00:00+05:30,2378.1,2415.0,2378.1,2387.7,492465,2380.5333333333333,2384.25,2376.8166666666666,0.003122549568724121,2286.2590161169924,1,2517.3880000000004,2694.8046920668817,2339.971307933119
2026-09-18 00:00:00+05:30,2405.6,2439.0,2401.2,2425.0,1040790,2393.6,2396.55,2390.6499999999996,0.0024649064171125275,2286.2590161169924,1,2514.4080000000004,2695.3932229988814,2333.4227770011194
2026-09-21 00:00:00+05:30,2434.9,2456.2,2412.4,2440.0,503235,2421.733333333333,2420.1,2423.3666666666663,0.0013488961074711327,2286.2590161169924,1,2512.608,2695.6111861579325,2329.604813842068
2026-09-22 00:00:00+05:30,2438.2,2451.8,2414.1,2430.0,481994,2436.2000000000003,2434.3,2438.1000000000004,0.0015598062556441102,2286.2590161169924,1,2508.8880000000004,2694.655022433895,2323.120977566106
2026-09-23 00:00:00+05:30,2426.4,2454.0,2426.0,2448.3,266881,2431.9666666666667,2432.95,2430.9833333333336,0.0008086733644922116,2286.2590161169924,1,2505.82,2692.949756051664,2318.6902439483365
2026-09-24 00:00:00+05:30,2427.8,2432.0,2380.3,2380.3,680651,2442.766666666667,2440.0,2445.5333333333338,0.0022651911084427866,2286.2590161169924,1,2498.964,2691.353121355537,2306.574878644463
2026-09-25 00:00:00+05:30,2390.0,2395.5,2366.5,2378.0,363424,2397.5333333333333,2406.15,2388.9166666666665,0.0071879431638073475,2286.2590161169924,1,2489.124,2680.08472291431,2298.1632770856895
2026-09-28 00:00:00+05:30,2362.0,2366.2,2300.7,2302.3,877414,2380.0,2381.0,2379.0,0.0008403361344537816,2286.2590161169924,1,2476.816,2674.570398626065,2279.0616013739345
2026-09-29 00:00:00+05:30,2286.1,2303.0,2223.3,2223.3,1311015,2323.0666666666666,2333.45,2312.6833333333334,0.008939333065488045,2663.8951245787325,-1,2461.028,2673.6397326582837,2248.416267341716
2026-09-30 00:00:00+05:30,2255.0,2314.0,2252.6,2280.7,908968,2249.866666666667,2263.15,2236.5833333333335,0.01180810714709017,2663.8951245787325,-1,2444.336,2645.1026576300915,2243.569342369908
2026-10-01 00:00:00+05:30,2282.0,2321.1,2269.7,2308.1,1134071,2282.4333333333334,2283.3,2281.5666666666666,0.0007594234223709678,2663.8951245787325,-1,2429.9440000000004,2615.554974503016,2244.3330254969846
2026-10-05 00:00:00+05:30,2308.1,2369.5,2308.1,2346.0,1244530,2299.633333333333,2295.3999999999996,2303.866666666667,0.003681746365362805,2663.8951245787325,-1,2420.784,2599.324381359399,2242.243618640601
2026-10-06 00:00:00+05:30,2359.0,2366.9,2336.1,2352.4,885381,2341.2000000000003,2338.8,2343.6000000000004,0.0020502306509483093,2663.8951245787325,-1,2412.12,2581.854352445108,2242.385647554892
