date,open,high,low,close,volume,cpr_pp,cpr_bc,cpr_tc,cpr_width,supertrend,supertrend_dir,bb_middle,bb_upper,bb_lower
2015-04-09 00:00:00+05:30,98.57,110.6,98.57,108.04,151263386,,,,,,1,,,
2015-04-10 00:00:00+05:30,108.92,111.39,106.85,108.33,19966068,105.73666666666666,104.585,106.88833333333334,0.021783676428864238,,1,,,
2015-04-13 00:00:00+05:30,107.84,109.12,104.39,106.02,6640499,108.85666666666667,109.12,108.59333333333333,0.004838166396178499,,1,,,
2015-04-15 00:00:00+05:30,106.02,114.44,104.09,108.23,19086313,106.50999999999999,106.755,106.26499999999999,0.004600506994648475,,1,,,
2015-04-16 00:00:00+05:30,108.92,120.01,108.92,118.19,22773223,108.92,109.265,108.575,0.006334924715387419,,1,,,
2015-04-17 00:00:00+05:30,117.15,121.84,114.94,116.81,14318393,115.70666666666666,114.465,116.94833333333332,0.02146231850656822,,1,,,
2015-04-20 00:00:00+05:30,117.01,117.7,110.06,111.09,5755903,117.86333333333334,118.39,117.33666666666669,0.008936904324217143,,1,,,
2015-04-21 00:00:00+05:30,111.73,113.11,107.59,108.63,4689444,112.95,113.88,112.02000000000001,0.01646746347941554,,1,,,
2015-04-22 00:00:00+05:30,109.22,110.8,103.11,108.87,4779676,109.77666666666666,110.35,109.20333333333332,0.010445449852731383,,1,,,
2015-04-23 00:00:00+05:30,109.66,112.32,106.95,107.54,3342799,107.59333333333332,106.955,108.23166666666664,0.011865667017782786,,1,,,
2015-04-24 00:00:00+05:30,108.04,108.33,102.27,103.6,3054830,108.93666666666667,109.63499999999999,108.23833333333334,0.012820905113062454,,1,,,
2015-04-27 00:00:00+05:30,104.29,106.36,99.21,102.91,4926722,104.73333333333333,105.3,104.16666666666667,0.01082113303628255,,1,,,
2015-04-28 00:00:00+05:30,103.01,107.15,101.73,105.87,2710934,102.82666666666667,102.785,102.86833333333334,0.0008104253112034116,,1,,,
2015-04-29 00:00:00+05:30,105.72,105.77,101.78,102.86,4565999,104.91666666666667,104.44,105.39333333333335,0.009086576648133572,,1,,,
2015-04-30 00:00:00+05:30,102.61,105.67,102.57,105.08,2130402,103.47000000000001,103.775,103.16500000000002,0.005895428626654925,,1,,,
2015-05-04 00:00:00+05:30,105.18,107.59,104.24,106.66,1312806,104.44,104.12,104.75999999999999,0.006127920337035488,,1,,,
2015-05-05 00:00:00+05:30,105.52,106.46,103.35,104.29,864014,106.16333333333334,105.91499999999999,106.41166666666669,0.00467832585010548,,1,,,
2015-05-06 00:00:00+05:30,104.14,104.14,98.57,99.81,1572943,104.7,104.905,104.495,0.003915950334288411,,1,,,
2015-05-07 00:00:00+05:30,99.07,102.12,98.82,100.1,1492450,100.83999999999999,101.35499999999999,100.32499999999999,0.010214200714002392,,1,,,
2015-05-08 00:00:00+05:30,101.04,104.73,101.04,102.96,1449842,100.34666666666665,100.47,100.2233333333333,0.0024581450969973907,,1,,,
2015-05-11 00:00:00+05:30,103.01,109.02,103.01,107.1,2120074,102.91000000000001,102.885,102.93500000000002,0.0004858614323196129,,1,,,
2015-05-12 00:00:00+05:30,107.44,107.74,103.75,104.39,1298360,106.37666666666667,106.015,106.73833333333333,0.006799736784382501,,1,,,
2015-05-13 00:00:00+05:30,105.72,113.11,105.67,111.44,4859045,105.29333333333334,105.745,104.84166666666667,0.008579207293909104,,1,,,
2015-05-14 00:00:00+05:30,110.65,113.06,109.12,110.89,2570080,110.07333333333334,109.39,110.75666666666667,0.012415965114166382,,1,,,
2015-05-15 00:00:00+05:30,111.09,116.22,110.99,115.13,4528682,111.02333333333333,111.09,110.95666666666665,0.0012009487495123023,,1,107.3936,116.57897599448168,98.20822400551833
2015-05-18 00:00:00+05:30,118.88,118.88,109.71,110.6,7837663,114.11333333333333,113.60499999999999,114.62166666666667,0.008909271484489221,71.40339999999998,1,107.49600000000001,116.7646188830915,98.22738111690852
2015-05-19 00:00:00+05:30,110.11,113.06,109.61,112.47,2004120,113.06333333333332,114.29499999999999,111.83166666666665,0.0217871989150624,71.40339999999998,1,107.66159999999999,117.12969493826503,98.19350506173495
2015-05-20 00:00:00+05:30,112.37,113.65,106.95,107.99,2125402,111.71333333333332,111.33500000000001,112.09166666666664,0.006773288774840057,71.40339999999998,1,107.74040000000001,117.18529615400827,98.29550384599175
2015-05-21 00:00:00+05:30,108.18,110.5,105.97,108.82,1907184,109.53000000000002,110.30000000000001,108.76000000000002,0.014060074865333625,71.40339999999998,1,107.764,117.21661699213503,98.31138300786496
2015-05-22 00:00:00+05:30,108.82,110.6,107.74,108.48,1254287,108.42999999999999,108.235,108.62499999999999,0.0035967905561190296,71.40339999999998,1,107.37559999999999,115.82772035882121,98.92347964117877
2015-05-25 00:00:00+05:30,109.17,110.01,107.15,107.44,694608,108.94,109.16999999999999,108.71000000000001,0.004222507802459882,71.40339999999998,1,107.0008,114.5264785368497,99.4751214631503
2015-05-26 00:00:00+05:30,107.74,108.68,104.59,105.77,1438788,108.2,108.58000000000001,107.82,0.007024029574861547,71.40339999999998,1,106.788,114.13794095214377,99.43805904785623
2015-05-27 00:00:00+05:30,105.23,107.94,103.9,107.25,1089264,106.34666666666668,106.635,106.05833333333335,0.005422517552657853,71.40339999999998,1,106.73279999999998,114.04721868093425,99.41838131906572
2015-05-28 00:00:00+05:30,107.69,109.27,107.25,108.18,1927652,106.36333333333334,105.92,106.80666666666669,0.008336206086057393,71.40339999999998,1,106.7052,113.9923088807565,99.41809111924351
2015-05-29 00:00:00+05:30,108.28,109.22,107.05,107.4,509434,108.23333333333333,108.25999999999999,108.20666666666668,0.0004927625500460109,71.40339999999998,1,106.69959999999999,113.98434895655299,99.41485104344699
2015-06-01 00:00:00+05:30,107.94,108.13,105.03,105.72,487403,107.88999999999999,108.13499999999999,107.64499999999998,0.004541662804708585,71.40339999999998,1,106.7844,113.97155093482809,99.59724906517192
2015-06-02 00:00:00+05:30,105.97,107.64,103.4,104.24,605525,106.29333333333334,106.58,106.00666666666667,0.005393878575012451,71.40339999999998,1,106.83759999999998,113.92829086619913,99.74690913380083
2015-06-03 00:00:00+05:30,104.24,105.28,95.67,103.45,1604326,105.09333333333335,105.52000000000001,104.66666666666669,0.00811976655671141,71.40339999999998,1,106.7408,113.94682174851006,99.53477825148993
2015-06-04 00:00:00+05:30,103.06,103.99,101.04,103.35,1468058,101.46666666666665,100.475,102.45833333333331,0.01954664914586058,71.40339999999998,1,106.76039999999999,113.92664862532692,99.59415137467306
2015-06-05 00:00:00+05:30,103.6,105.18,102.52,103.45,580370,102.79333333333334,102.515,103.07166666666667,0.005415396588624476,71.40339999999998,1,106.69519999999999,113.95052327605048,99.4398767239495
2015-06-08 00:00:00+05:30,103.21,103.4,100.64,102.27,410084,103.71666666666665,103.85,103.58333333333331,0.002571107183030821,71.40339999999998,1,106.5196,113.97944982154468,99.05975017845532
2015-06-09 00:00:00+05:30,102.71,103.01,100.64,100.99,467301,102.10333333333334,102.02000000000001,102.18666666666667,0.0016323332571576885,71.40339999999998,1,106.3876,114.11265799072086,98.66254200927915
2015-06-10 00:00:00+05:30,102.22,102.52,99.81,100.4,715312,101.54666666666667,101.825,101.26833333333333,0.005481880252100893,71.40339999999998,1,106.41120000000001,114.05895380356874,98.76344619643127
2015-06-11 00:00:00+05:30,100.94,101.33,95.02,96.26,827087,100.91000000000001,101.16499999999999,100.65500000000003,0.005054008522445371,71.40339999999998,1,106.2576,114.53457196805692,97.98062803194307
2015-06-12 00:00:00+05:30,97.09,102.42,95.71,101.09,4060205,97.53666666666668,98.175,96.89833333333335,0.013089094699429024,71.40339999999998,1,106.1828,114.61005771766831,97.75554228233169
2015-06-15 00:00:00+05:30,101.53,103.95,99.41,101.88,1328068,99.74000000000001,99.065,100.41500000000002,0.013535191497894752,71.40339999999998,1,105.97400000000002,114.55723575349066,97.39076424650938
2015-06-16 00:00:00+05:30,101.23,102.52,101.04,101.53,349475,101.74666666666667,101.68,101.81333333333333,0.0013104442405974881,71.40339999999998,1,105.85959999999999,114.59905074704353,97.12014925295644
2015-06-17 00:00:00+05:30,102.32,103.01,101.28,101.92,868928,101.69666666666667,101.78,101.61333333333334,0.0016388606640662478,71.40339999999998,1,105.47879999999999,114.04026589317506,96.91733410682492
2015-06-18 00:00:00+05:30,102.17,105.47,101.92,103.26,1515669,102.07000000000001,102.14500000000001,101.995,0.0014695797002057967,71.40339999999998,1,105.17360000000001,113.48195893302643,96.86524106697358
2015-06-19 00:00:00+05:30,104.24,106.8,102.52,105.67,2938140,103.55,103.695,103.405,0.002800579430226867,71.93230267521574,1,104.79519999999998,112.05017924462913,97.54022075537083
2015-06-22 00:00:00+05:30,106.85,108.04,104.98,105.62,971654,104.99666666666667,104.66,105.33333333333334,0.006412901996888913,74.2346105682071,1,104.596,111.46575516303164,97.72624483696836
2015-06-23 00:00:00+05:30,106.56,106.95,104.34,105.08,576142,106.21333333333332,106.51,105.91666666666664,0.005586241526487844,74.2346105682071,1,104.30040000000001,110.37999861832999,98.22080138167003
2015-06-24 00:00:00+05:30,104.49,106.85,98.72,101.63,826523,105.45666666666666,105.64500000000001,105.26833333333332,0.003571767234567376,74.2346105682071,1,104.046,110.01806028100854,98.07393971899147
2015-06-25 00:00:00+05:30,101.28,105.47,101.28,104.93,716079,102.39999999999999,102.785,102.01499999999999,0.007519531250000101,74.2346105682071,1,103.89040000000001,109.5514175198457,98.22938248015433
2015-06-26 00:00:00+05:30,105.23,107.44,104.64,105.62,870470,103.89333333333333,103.375,104.41166666666666,0.009978182751539994,74.2346105682071,1,103.77600000000001,109.1707292795839,98.38127072041613
2015-06-29 00:00:00+05:30,101.43,105.52,101.43,104.29,527763,105.89999999999999,106.03999999999999,105.75999999999999,0.002644003777148264,74.2346105682071,1,103.65,108.83978689350533,98.46021310649468
2015-06-30 00:00:00+05:30,105.47,106.21,103.75,104.19,459651,103.74666666666667,103.475,104.01833333333335,0.005237116051921515,74.2346105682071,1,103.5868,108.70983260188726,98.46376739811274
2015-07-01 00:00:00+05:30,104.49,106.26,104.04,104.88,448914,104.71666666666665,104.97999999999999,104.45333333333332,0.005029444532866505,74.414430676802,1,103.492,108.42454984769537,98.55945015230463
2015-07-02 00:00:00+05:30,108.18,111.14,106.71,107.4,1632517,105.06,105.15,104.97,0.0017133066818961244,77.66605344972992,1,103.4608,108.28297517724104,98.63862482275897
2015-07-03 00:00:00+05:30,106.46,111.88,106.46,109.17,1896768,108.41666666666667,108.925,107.90833333333335,0.00937740199846258,77.66605344972992,1,103.53160000000001,108.62725989445919,98.43594010554084
2015-07-06 00:00:00+05:30,107.94,114.74,107.44,114.34,2163413,109.17,109.16999999999999,109.17000000000002,2.6034358734454525e-16,78.78085885927109,1,103.87639999999999,110.46543544989702,97.28736455010296
2015-07-07 00:00:00+05:30,115.43,116.41,113.01,114.05,1735523,112.17333333333333,111.09,113.25666666666666,0.01931534529894203,82.74122450490026,1,104.26880000000001,111.97195949724528,96.56564050275475
2015-07-08 00:00:00+05:30,112.62,113.75,108.43,109.86,950094,114.49000000000001,114.71000000000001,114.27000000000001,0.003843130404402111,82.74122450490026,1,104.5252,112.52334202424538,96.52705797575462
2015-07-09 00:00:00+05:30,110.4,113.06,109.66,110.45,686699,110.68,111.09,110.27000000000001,0.00740874593422473,82.74122450490026,1,104.8092,113.11842363641755,96.49997636358246
2015-07-10 00:00:00+05:30,111.14,111.88,109.91,111.39,348278,111.05666666666667,111.36,110.75333333333334,0.005462676711588572,82.74122450490026,1,105.1268,113.80281515904623,96.45078484095377
2015-07-13 00:00:00+05:30,110.89,114.84,110.89,114.2,667104,111.06,110.895,111.22500000000001,0.0029713668287413334,82.74122450490026,1,105.60400000000001,114.88991535606482,96.31808464393521
2015-07-14 00:00:00+05:30,115.33,115.48,111.63,112.08,566119,113.31,112.86500000000001,113.755,0.007854558291412817,82.74122450490026,1,106.0476,115.46805821390872,96.62714178609129
2015-07-15 00:00:00+05:30,113.01,113.36,110.89,111.68,399282,113.06333333333333,113.555,112.57166666666666,0.00869719036528213,82.74122450490026,1,106.49879999999999,115.874474601862,97.12312539813797
2015-07-16 00:00:00+05:30,112.13,112.37,110.2,110.6,269461,111.97666666666667,112.125,111.82833333333335,0.002649361474116506,82.74122450490026,1,107.0724,115.58739248149993,98.55740751850007
2015-07-17 00:00:00+05:30,110.2,112.37,109.66,109.96,594398,111.05666666666666,111.285,110.82833333333332,0.004112014887294874,82.74122450490026,1,107.4272,115.64969503739592,99.20470496260408
2015-07-20 00:00:00+05:30,110.55,111.14,109.42,110.25,226289,110.66333333333334,111.015,110.31166666666668,0.006355613120877004,82.74122450490026,1,107.76199999999999,115.73147576694981,99.79252423305016
2015-07-21 00:00:00+05:30,110.8,110.89,105.47,106.26,524696,110.27,110.28,110.25999999999999,0.00018137299356135153,82.74122450490026,1,107.95120000000001,115.53514793231076,100.36725206768926
2015-07-22 00:00:00+05:30,107.35,108.68,106.21,107.54,695574,107.54,108.18,106.9,0.011902547889157533,82.74122450490026,1,108.176,115.35382139649634,100.99817860350366
2015-07-23 00:00:00+05:30,108.18,108.18,105.33,106.06,313279,107.47666666666667,107.445,107.50833333333335,0.0005892751915146946,82.74122450490026,1,108.288,115.23930261174124,101.33669738825876
2015-07-24 00:00:00+05:30,106.46,109.32,103.11,104.09,1120157,106.52333333333333,106.755,106.29166666666666,0.004349594767969506,82.74122450490026,1,108.22480000000002,115.29782734619349,101.15177265380655
2015-07-27 00:00:00+05:30,104.09,108.43,104.09,107.69,2022814,105.50666666666666,106.215,104.79833333333332,0.013427271578415447,82.74122450490026,1,108.30760000000001,115.30477492706883,101.31042507293118
2015-07-28 00:00:00+05:30,108.63,108.63,102.52,102.96,2667490,106.73666666666668,106.26,107.21333333333335,0.0089316386121609,82.74122450490026,1,108.22279999999999,115.4228278221685,101.02277217783148
2015-07-29 00:00:00+05:30,103.5,104.24,100.45,102.02,2308755,104.70333333333332,105.57499999999999,103.83166666666665,0.016650218076470085,82.74122450490026,1,108.2384,115.38269714947528,101.09410285052472
2015-07-30 00:00:00+05:30,102.52,103.75,101.04,101.92,570761,102.23666666666666,102.345,102.12833333333333,0.0021192657559258115,82.74122450490026,1,108.118,115.57583239286058,100.66016760713941
2015-07-31 00:00:00+05:30,103.26,103.5,102.02,102.91,924976,102.23666666666668,102.39500000000001,102.07833333333335,0.003097388412506891,82.74122450490026,1,108.0096,115.68511844242464,100.33408155757537
2015-08-03 00:00:00+05:30,103.5,103.5,101.78,102.17,411821,102.80999999999999,102.75999999999999,102.85999999999999,0.0009726680284018513,82.74122450490026,1,107.92480000000002,115.80688727685762,100.04271272314242
2015-08-04 00:00:00+05:30,103.01,103.01,100.94,101.33,569081,102.48333333333333,102.64,102.32666666666667,0.003057407708570492,82.74122450490026,1,107.81040000000002,115.98363530555685,99.63716469444319
2015-08-05 00:00:00+05:30,102.27,103.7,101.53,102.42,629288,101.75999999999999,101.975,101.54499999999999,0.004225628930817678,82.74122450490026,1,107.712,116.08087758304545,99.34312241695456
2015-08-06 00:00:00+05:30,102.52,103.01,101.63,101.97,440186,102.55000000000001,102.61500000000001,102.48500000000001,0.0012676743052169228,82.74122450490026,1,107.4948,116.16135201565193,98.82824798434807
2015-08-07 00:00:00+05:30,102.22,102.47,99.41,100.15,715454,102.20333333333333,102.32,102.08666666666667,0.002283030559994652,82.74122450490026,1,107.134,116.23184501956372,98.03615498043628
2015-08-10 00:00:00+05:30,101.04,101.14,95.37,96.16,1047784,100.67666666666666,100.94,100.41333333333333,0.005231268417044706,82.74122450490026,1,106.4068,115.9784175769825,96.83518242301751
2015-08-11 00:00:00+05:30,96.8,100.05,96.01,98.67,710312,97.55666666666666,98.255,96.85833333333332,0.014316465643899363,82.74122450490026,1,105.7916,115.2959311053435,96.2872688946565
2015-08-12 00:00:00+05:30,98.57,100.0,96.11,96.45,381813,98.24333333333334,98.03,98.45666666666668,0.004342957961524207,82.74122450490026,1,105.25519999999999,115.27994876692676,95.23045123307321
2015-08-13 00:00:00+05:30,96.45,98.08,91.52,92.36,1079099,97.52,98.055,96.98499999999999,0.010972108285480123,82.74122450490026,1,104.5316,115.51746536236448,93.54573463763552
2015-08-14 00:00:00+05:30,93.64,99.56,92.41,98.43,1426866,93.98666666666666,94.8,93.17333333333333,0.017307419492126528,82.74122450490026,1,104.0132,114.87805080615465,93.14834919384535
2015-08-17 00:00:00+05:30,98.92,98.97,96.01,97.54,358601,96.8,95.985,97.615,0.016838842975206565,82.74122450490026,1,103.3468,113.66036655284675,93.03323344715325
2015-08-18 00:00:00+05:30,98.08,99.31,96.95,98.13,336125,97.50666666666667,97.49000000000001,97.52333333333334,0.0003418569670449689,82.74122450490026,1,102.7888,112.65163905576883,92.92596094423116
2015-08-19 00:00:00+05:30,98.57,99.76,97.34,98.77,406075,98.13,98.13,98.13,0.0,82.74122450490026,1,102.2724,111.55380554873017,92.99099445126984
2015-08-20 00:00:00+05:30,98.67,100.89,96.4,97.19,371384,98.62333333333333,98.55000000000001,98.69666666666666,0.0014871396221311417,82.74122450490026,1,101.736,110.56949806135705,92.90250193864296
2015-08-21 00:00:00+05:30,96.31,96.31,93.69,95.17,544462,98.16000000000001,98.64500000000001,97.67500000000001,0.009881825590872032,82.74122450490026,1,101.1444,109.671253731594,92.617546268406
2015-08-24 00:00:00+05:30,93.25,93.25,82.85,84.38,658927,95.05666666666667,95.0,95.11333333333334,0.0011922712767823817,82.74122450490026,1,100.10960000000001,110.11586280686244,90.10333719313759
2015-08-25 00:00:00+05:30,85.27,88.27,77.63,85.46,1258126,86.82666666666667,88.05,85.60333333333334,0.028178746928746834,82.74122450490026,1,99.2776,110.48660249620805,88.06859750379196
2015-08-26 00:00:00+05:30,85.02,86.74,82.7,84.58,784507,83.78666666666665,82.94999999999999,84.6233333333333,0.019971355824315543,82.74122450490026,1,98.3592,110.43844887731012,86.27995112268988
2015-08-27 00:00:00+05:30,85.76,88.72,85.22,87.73,495028,84.67333333333333,84.72,84.62666666666667,0.0011022754113849348,82.74122450490026,1,97.626,109.96886579364767,85.28313420635234
2015-08-28 00:00:00+05:30,89.7,97.05,88.22,88.47,1129275,87.22333333333334,86.97,87.47666666666669,0.005808843199449945,82.74122450490026,1,97.00119999999998,109.55160566037596,84.45079433962401
2015-08-31 00:00:00+05:30,89.16,90.93,88.22,90.19,229893,91.24666666666667,92.63499999999999,89.85833333333335,0.030430335354715888,82.74122450490026,1,96.3012,108.33014019604374,84.27225980395625
2015-09-01 00:00:00+05:30,89.9,95.62,88.72,92.26,1209792,89.78000000000002,89.575,89.98500000000003,0.004566718645578357,82.74122450490026,1,95.8732,107.68342163382198,84.06297836617802
2015-09-02 00:00:00+05:30,94.53,94.88,92.66,93.69,425354,92.2,92.17,92.23,0.0006507592190889617,82.74122450490026,1,95.54,107.10523065053165,83.97476934946836
2015-09-03 00:00:00+05:30,95.12,95.96,93.64,94.24,350762,93.74333333333334,93.77,93.71666666666668,0.0005689293460866186,82.74122450490026,1,95.23280000000001,106.50820547563576,83.95739452436426
2015-09-04 00:00:00+05:30,94.14,94.63,91.18,92.95,290980,94.61333333333333,94.8,94.42666666666666,0.003945885005636995,82.74122450490026,1,94.83439999999999,105.69273148140157,83.97606851859841
2015-09-07 00:00:00+05:30,92.91,93.89,89.01,89.8,261508,92.92,92.905,92.935,0.0003228583727938134,82.74122450490026,1,94.33959999999999,104.94004901690471,83.73915098309527
2015-09-08 00:00:00+05:30,90.19,92.41,88.67,91.77,401128,90.89999999999999,91.45,90.34999999999998,0.012101210121012352,82.74122450490026,1,93.9572,104.20525077270777,83.70914922729223
2015-09-09 00:00:00+05:30,93.45,99.26,92.17,96.7,1679028,90.94999999999999,90.53999999999999,91.35999999999999,0.009015942825728348,82.74122450490026,1,93.72839999999998,103.45248256649417,84.00431743350579
2015-09-10 00:00:00+05:30,95.07,95.07,92.46,93.74,382937,96.04333333333334,95.715,96.37166666666667,0.006837191545482938,82.74122450490026,1,93.39920000000001,102.5236987500682,84.27470124993181
2015-09-11 00:00:00+05:30,94.63,95.91,91.97,92.51,327928,93.75666666666666,93.76499999999999,93.74833333333333,0.00017776513670122847,82.74122450490026,1,93.09359999999998,101.79519135790665,84.39200864209332
2015-09-14 00:00:00+05:30,92.95,94.33,91.72,92.71,1516185,93.46333333333332,93.94,92.98666666666665,0.010200078462142168,82.74122450490026,1,92.95559999999999,101.56725550634695,84.34394449365303
2015-09-15 00:00:00+05:30,92.66,93.64,91.18,92.02,1224721,92.92,93.025,92.815,0.0022600086095566933,82.74122450490026,1,92.68959999999998,100.98375115367423,84.39544884632573
2015-09-16 00:00:00+05:30,92.26,93.15,91.67,92.66,446881,92.27999999999999,92.41,92.14999999999998,0.0028175119202429495,82.74122450490026,1,92.53800000000001,100.68899110538074,84.38700889461929
2015-09-18 00:00:00+05:30,93.64,93.64,91.43,91.67,222994,92.49333333333334,92.41,92.57666666666668,0.0018019316707512498,82.74122450490026,1,92.5104,100.66828498080206,84.35251501919795
2015-09-21 00:00:00+05:30,89.45,91.67,89.45,91.08,206487,92.24666666666667,92.535,91.95833333333334,0.00625135506251341,82.74122450490026,1,92.21640000000001,100.02191370250516,84.41088629749486
2015-09-22 00:00:00+05:30,91.43,92.66,89.26,89.55,240691,90.73333333333333,90.56,90.90666666666667,0.0038207200587802794,82.74122450490026,1,91.89679999999998,99.45461073062798,84.338989269372
2015-09-23 00:00:00+05:30,88.72,89.65,87.78,88.12,330720,90.49000000000001,90.96000000000001,90.02000000000001,0.010387888164438034,82.74122450490026,1,91.49640000000001,98.74519660081559,84.24760339918443
2015-09-24 00:00:00+05:30,88.91,89.45,87.24,88.07,228196,88.51666666666667,88.715,88.31833333333333,0.004481265298437304,82.74122450490026,1,91.0684,97.79342117171355,84.34337882828645
2015-09-28 00:00:00+05:30,87.24,91.18,85.51,86.05,295497,88.25333333333333,88.345,88.16166666666666,0.0020773530744825934,82.74122450490026,1,90.62280000000001,97.13934269072148,84.10625730927855
2015-09-29 00:00:00+05:30,85.27,87.43,84.08,85.36,604174,87.58,88.345,86.815,0.017469741950216958,82.74122450490026,1,90.23039999999999,96.78575074271356,83.67504925728642
2015-09-30 00:00:00+05:30,85.31,89.31,84.58,88.42,1402368,85.62333333333333,85.755,85.49166666666667,0.0030754856542218384,82.74122450490026,1,90.392,96.54961512275615,84.23438487724384
2015-10-01 00:00:00+05:30,89.8,89.95,87.24,87.88,1144135,87.43666666666667,86.945,87.92833333333334,0.011246235370363483,82.74122450490026,1,90.4888,96.40457773754181,84.57302226245818
2015-10-05 00:00:00+05:30,88.72,89.95,88.12,89.06,210248,88.35666666666667,88.595,88.11833333333334,0.005394801373222086,82.74122450490026,1,90.66799999999999,96.10935865386534,85.22664134613464
2015-10-06 00:00:00+05:30,89.21,91.57,86.25,90.59,5506216,89.04333333333334,89.035,89.05166666666668,0.00018717478381327364,82.74122450490026,1,90.7824,96.09049880842429,85.4743011915757
2015-10-07 00:00:00+05:30,91.38,93.0,89.45,90.05,1524958,89.46999999999998,88.91,90.02999999999997,0.012518162512573783,82.74122450490026,1,90.84559999999999,96.07916575959405,85.61203424040593
2015-10-08 00:00:00+05:30,90.19,90.88,88.72,89.7,337792,90.83333333333333,91.225,90.44166666666666,0.008623853211009154,82.74122450490026,1,90.82600000000001,96.0728931759657,85.57910682403431
2015-10-09 00:00:00+05:30,90.19,91.67,89.01,90.24,245645,89.76666666666667,89.8,89.73333333333333,0.0007426661715558434,82.74122450490026,1,90.74519999999998,95.96340848951009,85.52699151048988
2015-10-12 00:00:00+05:30,90.93,93.45,88.72,91.97,3012189,90.30666666666667,90.34,90.27333333333334,0.0007382253063634601,82.74122450490026,1,90.6764,95.78162204805975,85.57117795194026
2015-10-13 00:00:00+05:30,93.15,94.78,90.34,94.14,397326,91.38,91.08500000000001,91.67499999999998,0.006456555044867312,82.74122450490026,1,90.6724,95.76659208118376,85.57820791881623
2015-10-14 00:00:00+05:30,94.14,95.52,93.15,93.84,334331,93.08666666666666,92.56,93.61333333333332,0.01131561985246702,82.74122450490026,1,90.70800000000001,95.87724752744492,85.5387524725551
2015-10-15 00:00:00+05:30,93.84,95.62,92.95,95.52,580151,94.17,94.33500000000001,94.005,0.0035043007327175586,82.74122450490026,1,90.9368,96.42174877277768,85.45185122722233
2015-10-16 00:00:00+05:30,96.21,99.26,95.02,97.39,1158241,94.69666666666666,94.285,95.10833333333332,0.008694427822168928,82.74122450490026,1,91.16159999999999,97.19769590381027,85.12550409618972
2015-10-19 00:00:00+05:30,98.72,100.05,97.0,97.59,315352,97.22333333333334,97.14,97.30666666666669,0.0017142661226730784,82.74122450490026,1,91.19720000000001,97.37242927833415,85.02197072166587
2015-10-20 00:00:00+05:30,97.74,100.74,97.69,99.12,1777794,98.21333333333332,98.525,97.90166666666664,0.006346728210698106,82.74122450490026,1,91.41239999999999,98.26491785550355,84.55988214449643
2015-10-21 00:00:00+05:30,99.51,99.51,97.34,98.67,565831,99.18333333333334,99.215,99.15166666666667,0.0006385481431692076,82.74122450490026,1,91.65880000000001,99.07156157986991,84.24603842013012
2015-10-23 00:00:00+05:30,99.07,99.36,96.8,97.83,450821,98.50666666666667,98.42500000000001,98.58833333333334,0.0016580942068218079,82.74122450490026,1,91.8636,99.6544826303568,84.07271736964321
2015-10-26 00:00:00+05:30,98.33,101.38,93.94,96.01,3701758,97.99666666666667,98.08,97.91333333333334,0.0017007381203441327,82.74122450490026,1,92.02320000000002,99.9820234708401,84.06437652915993
2015-10-27 00:00:00+05:30,98.28,100.05,97.59,99.41,2007195,97.11,97.66,96.56,0.011327360724951028,82.74122450490026,1,92.2932,100.76177479390688,83.82462520609312
2015-10-28 00:00:00+05:30,100.25,100.45,98.18,98.97,933928,99.01666666666665,98.82,99.21333333333331,0.0039723952196598225,82.74122450490026,1,92.58519999999999,101.44219203115792,83.72820796884206
2015-10-29 00:00:00+05:30,99.07,99.66,97.39,98.92,372768,99.2,99.315,99.08500000000001,0.002318548387096671,82.74122450490026,1,92.8988,102.07001465455885,83.72758534544114
2015-10-30 00:00:00+05:30,98.87,99.31,96.21,97.83,437406,98.65666666666668,98.525,98.78833333333336,0.0026691894448763348,82.74122450490026,1,93.23,102.4911429100298,83.96885708997021
2015-11-02 00:00:00+05:30,97.49,98.33,95.67,96.11,417421,97.78333333333332,97.75999999999999,97.80666666666664,0.00047724561104468366,82.74122450490026,1,93.5496,102.63306626349187,84.46613373650813
2015-11-03 00:00:00+05:30,97.34,97.34,94.63,95.76,565437,96.70333333333333,97.0,96.40666666666667,0.0061356037365137405,82.74122450490026,1,93.8572,102.69509933411751,85.0193006658825
2015-11-04 00:00:00+05:30,96.45,97.29,94.88,95.71,297270,95.91000000000001,95.985,95.83500000000002,0.001563966218329447,82.74122450490026,1,94.24359999999999,102.50847290646351,85.97872709353646
2015-11-05 00:00:00+05:30,95.86,96.11,94.24,94.58,185386,95.96,96.08500000000001,95.83499999999998,0.0026052521884121346,82.74122450490026,1,94.61240000000002,102.03905745540987,87.18574254459017
2015-11-06 00:00:00+05:30,95.62,96.11,92.66,93.05,151530,94.97666666666667,95.175,94.77833333333335,0.0041764643947634185,82.74122450490026,1,94.7976,101.81709349739671,87.7781065026033
2015-11-09 00:00:00+05:30,89.95,94.14,89.95,90.93,549477,93.94,94.38499999999999,93.495,0.009474132424951952,82.74122450490026,1,94.9196,101.54912301149899,88.29007698850101
2015-11-10 00:00:00+05:30,90.93,92.26,90.1,90.54,216384,91.67333333333333,92.045,91.30166666666666,0.0081085011999128,82.74122450490026,1,94.9788,101.4217740213658,88.53582597863421
2015-11-11 00:00:00+05:30,93.35,93.35,91.57,92.26,179696,90.96666666666668,91.18,90.75333333333336,0.004690362770245306,82.74122450490026,1,95.0456,101.33804901131464,88.75315098868535
2015-11-13 00:00:00+05:30,91.23,92.41,88.32,88.67,685604,92.39333333333333,92.46,92.32666666666667,0.001443105563171864,82.74122450490026,1,94.99040000000001,101.47834939560988,88.50245060439013
2015-11-16 00:00:00+05:30,89.95,91.13,89.01,90.19,843680,89.8,90.365,89.235,0.012583518930957634,82.74122450490026,1,95.01,101.43657233679001,88.58342766321
2015-11-17 00:00:00+05:30,90.69,91.18,89.31,89.75,232425,90.11,90.07,90.15,0.000887803795361364,82.74122450490026,1,94.99040000000001,101.47774517040635,88.50305482959367
2015-11-18 00:00:00+05:30,90.05,90.39,87.93,88.62,301547,90.08,90.245,89.91499999999999,0.0036634103019539577,82.74122450490026,1,94.8564,101.71550286845113,87.99729713154886
2015-11-19 00:00:00+05:30,88.72,92.46,88.72,91.08,705342,88.98,89.16,88.80000000000001,0.0040458530006741425,82.74122450490026,1,94.734,101.74734727501743,87.72065272498256
2015-11-20 00:00:00+05:30,90.93,92.17,89.5,90.29,294693,90.75333333333333,90.59,90.91666666666666,0.0035995004774846155,82.74122450490026,1,94.59199999999998,101.81269027171187,87.3713097282881
2015-11-23 00:00:00+05:30,91.57,91.57,88.96,90.1,124537,90.65333333333335,90.83500000000001,90.47166666666669,0.004007942344462224,82.74122450490026,1,94.3752,101.79416622448133,86.95623377551868
2015-11-24 00:00:00+05:30,90.44,90.88,89.01,90.29,227985,90.21,90.26499999999999,90.155,0.00121937700920059,82.74122450490026,1,94.09120000000001,101.57013108940008,86.61226891059995
2015-11-26 00:00:00+05:30,90.79,90.79,88.57,88.81,306234,90.06,89.945,90.17500000000001,0.0025538529868978257,82.74122450490026,1,93.74,101.35215869513995,86.12784130486004
2015-11-27 00:00:00+05:30,89.7,89.7,88.22,89.06,639194,89.39,89.68,89.1,0.006488421523660504,82.74122450490026,1,93.33760000000001,100.83230059175115,85.84289940824887
2015-11-30 00:00:00+05:30,88.96,89.75,88.52,89.06,342755,88.99333333333334,88.96000000000001,89.02666666666667,0.0007491197842534595,82.74122450490026,1,92.9532,100.298785275524,85.607614724476
2015-12-01 00:00:00+05:30,89.9,90.44,88.67,89.5,464708,89.11,89.13499999999999,89.08500000000001,0.0005611042531700476,82.74122450490026,1,92.62,99.80443873938634,85.43556126061367
2015-12-02 00:00:00+05:30,89.55,90.19,88.96,89.31,177095,89.53666666666668,89.555,89.51833333333335,0.00040951565466656195,82.74122450490026,1,92.35199999999999,99.51042887790297,85.19357112209701
2015-12-03 00:00:00+05:30,89.21,90.19,88.42,88.91,283376,89.48666666666666,89.57499999999999,89.39833333333334,0.001974223347984595,82.74122450490026,1,91.932,98.6000299939334,85.2639700060666
2015-12-04 00:00:00+05:30,88.72,89.11,87.68,88.17,375953,89.17333333333333,89.305,89.04166666666666,0.0029530502392346326,82.74122450490026,1,91.5,97.6688896894008,85.3311103105992
2015-12-07 00:00:00+05:30,89.55,90.93,87.68,87.93,468494,88.32000000000001,88.39500000000001,88.245,0.0016983695652174554,82.74122450490026,1,91.06040000000002,96.58420008327563,85.5365999167244
2015-12-08 00:00:00+05:30,87.73,88.57,85.81,86.15,273596,88.84666666666668,89.305,88.38833333333335,0.01031740076536344,82.74122450490026,1,90.59320000000001,95.70835308079788,85.47804691920214
2015-12-09 00:00:00+05:30,86.0,86.74,83.79,85.76,404342,86.84333333333332,87.19,86.49666666666664,0.00798372548267021,82.74122450490026,1,90.1792,95.1134846938534,85.2449153061466
2015-12-10 00:00:00+05:30,87.14,87.48,85.86,86.4,364364,85.43,85.265,85.59500000000001,0.0038628116586680613,82.74122450490026,1,89.8048,94.39700947257374,85.21259052742626
2015-12-11 00:00:00+05:30,86.99,86.99,83.89,84.38,257953,86.58,86.67,86.49,0.0020790020790021576,82.74122450490026,1,89.35160000000002,93.75568421354501,84.94751578645503
2015-12-14 00:00:00+05:30,85.76,85.76,83.79,84.28,156591,85.08666666666666,85.44,84.73333333333332,0.00830525738462757,82.74122450490026,1,88.93959999999998,93.23594441822303,84.64325558177694
2015-12-15 00:00:00+05:30,84.53,87.24,84.53,85.86,366904,84.61,84.775,84.445,0.0039002481976127233,82.74122450490026,1,88.652,92.76805247779913,84.53594752220087
2015-12-16 00:00:00+05:30,86.74,87.83,86.05,86.69,246952,85.87666666666667,85.88499999999999,85.86833333333334,0.00019407677677271484,82.74122450490026,1,88.4824,92.55823819109597,84.40656180890403
2015-12-17 00:00:00+05:30,87.24,88.32,85.96,86.69,978362,86.85666666666667,86.94,86.77333333333334,0.0019188701692442398,82.74122450490026,1,88.3284,92.37243632031124,84.28436367968877
2015-12-18 00:00:00+05:30,86.55,87.68,86.25,86.79,584586,86.99,87.13999999999999,86.84,0.00344867226117925,82.74122450490026,1,88.10960000000001,91.8603609041362,84.35883909586383
2015-12-21 00:00:00+05:30,86.74,91.23,86.74,90.19,454891,86.90666666666668,86.965,86.84833333333336,0.0013424363301623866,82.74122450490026,1,88.17040000000001,92.00389231902146,84.33690768097857
2015-12-22 00:00:00+05:30,91.43,91.48,88.37,88.72,465255,89.38666666666666,88.985,89.78833333333331,0.008987171837708608,82.74122450490026,1,88.1116,91.86360716417178,84.35959283582821
2015-12-23 00:00:00+05:30,89.45,93.25,89.11,90.0,1098849,89.52333333333335,89.92500000000001,89.1216666666667,0.00897345198644651,82.74122450490026,1,88.1216,91.89230679846584,84.35089320153416
2015-12-24 00:00:00+05:30,90.34,91.67,89.85,90.14,355067,90.78666666666668,91.18,90.39333333333335,0.008665002202966607,82.74122450490026,1,88.1824,92.03149456365993,84.33330543634007
2015-12-28 00:00:00+05:30,89.95,91.38,89.45,89.85,400929,90.55333333333333,90.75999999999999,90.34666666666666,0.004564529190900319,82.74122450490026,1,88.13320000000002,91.86246467819014,84.4039353218099
2015-12-29 00:00:00+05:30,89.95,90.29,88.22,88.67,304680,90.22666666666665,90.41499999999999,90.0383333333333,0.004174671198463429,82.74122450490026,1,88.0684,91.70053955678969,84.4362604432103
2015-12-30 00:00:00+05:30,88.72,90.19,88.47,88.91,315032,89.06,89.255,88.86500000000001,0.004379070289692189,82.74122450490026,1,88.0208,91.57555982873617,84.46604017126381
2015-12-31 00:00:00+05:30,89.8,89.8,88.22,88.62,188048,89.19,89.33,89.05,0.0031393653997085005,82.74122450490026,1,87.954,91.39667802734971,84.51132197265028
2016-01-01 00:00:00+05:30,89.31,89.41,88.37,88.72,281761,88.88,89.00999999999999,88.75,0.002925292529252823,82.74122450490026,1,87.95039999999999,91.38967657509488,84.5111234249051
2016-01-04 00:00:00+05:30,88.96,89.01,87.53,88.62,377215,88.83333333333333,88.89,88.77666666666666,0.0012757973733584684,82.74122450490026,1,87.9328,91.35363741794264,84.51196258205736
2016-01-05 00:00:00+05:30,88.47,89.11,87.83,88.52,358293,88.38666666666667,88.27000000000001,88.50333333333333,0.0026399155227031235,82.74122450490026,1,87.91120000000001,91.31004366218815,84.51235633781187
2016-01-06 00:00:00+05:30,89.21,91.13,89.21,89.75,597133,88.48666666666666,88.47,88.50333333333333,0.00037670458826186365,82.74122450490026,1,87.92120000000001,91.34009488577765,84.50230511422238
2016-01-07 00:00:00+05:30,89.45,89.45,85.96,86.15,364786,90.02999999999999,90.16999999999999,89.88999999999999,0.0031100744196379117,82.74122450490026,1,87.7948,91.23257192960739,84.3570280703926
2016-01-08 00:00:00+05:30,87.48,88.22,86.25,86.84,144263,87.18666666666667,87.705,86.66833333333334,0.011890197277871177,82.74122450490026,1,87.712,91.13803677738528,84.28596322261473
2016-01-11 00:00:00+05:30,86.2,86.5,85.07,85.31,152115,87.10333333333334,87.235,86.97166666666668,0.0030232291148442982,82.74122450490026,1,87.5976,91.14371801270016,84.05148198729984
2016-01-12 00:00:00+05:30,86.15,86.15,84.03,85.56,447368,85.62666666666667,85.785,85.46833333333333,0.003698224852070962,82.74122450490026,1,87.5028,91.13400044062519,83.8715995593748
2016-01-13 00:00:00+05:30,85.86,86.94,81.82,84.18,376249,85.24666666666667,85.09,85.40333333333334,0.003675608039415022,82.74122450490026,1,87.42399999999999,91.24951016205637,83.59848983794362
2016-01-14 00:00:00+05:30,83.29,83.29,81.32,81.86,390695,84.31333333333333,84.38,84.24666666666667,0.0015814027041985343,100.45089220259992,-1,87.26799999999999,91.63233912522807,82.9036608747719
2016-01-15 00:00:00+05:30,82.31,82.85,77.68,78.66,206385,82.15666666666668,82.305,82.00833333333335,0.003610987138393954,99.13265651449592,-1,86.9584,92.47194022022119,81.44485977977881
2016-01-18 00:00:00+05:30,80.34,80.34,73.93,76.74,1038747,79.73,80.265,79.19500000000001,0.013420293490530455,97.04275025391608,-1,86.65279999999998,93.41063757129429,79.89496242870568
2016-01-19 00:00:00+05:30,76.05,79.84,75.16,79.45,921936,77.00333333333333,77.135,76.87166666666666,0.003419765378122371,97.04275025391608,-1,86.45960000000001,93.73415066378652,79.1850493362135
2016-01-20 00:00:00+05:30,79.55,80.09,75.41,79.01,968306,78.14999999999999,77.5,78.79999999999998,0.0166346769033907,97.04275025391608,-1,86.1856,94.02401224738766,78.34718775261233
2016-01-21 00:00:00+05:30,79.84,80.98,75.7,77.08,1881786,78.17,77.75,78.59,0.010745810413202038,97.04275025391608,-1,85.8012,94.40787521404154,77.19452478595845
2016-01-22 00:00:00+05:30,79.3,79.3,76.15,76.39,1096491,77.92,78.34,77.5,0.010780287474332692,97.04275025391608,-1,85.3892,94.74017842153415,76.03822157846585
2016-01-25 00:00:00+05:30,77.87,78.12,75.46,75.9,262591,77.27999999999999,77.725,76.83499999999998,0.011516563146998123,97.04275025391608,-1,84.9536,94.99227701243531,74.91492298756468
2016-01-27 00:00:00+05:30,76.25,78.37,75.8,78.07,283108,76.49333333333333,76.78999999999999,76.19666666666666,0.007756667247690436,97.04275025391608,-1,84.46880000000002,94.6191281838568,74.31847181614323
2016-01-28 00:00:00+05:30,77.87,78.96,76.54,78.27,204884,77.41333333333334,77.08500000000001,77.74166666666667,0.008482604202549081,97.04275025391608,-1,84.0508,94.32633664973258,73.77526335026741
2016-01-29 00:00:00+05:30,77.87,78.61,77.28,78.07,460146,77.92333333333333,77.75,78.09666666666666,0.004448817213500415,97.04275025391608,-1,83.5736,93.80766528022944,73.33953471977055
2016-02-01 00:00:00+05:30,78.37,79.1,76.25,76.39,488649,77.98666666666666,77.945,78.02833333333334,0.0010685587279878118,97.04275025391608,-1,83.0236,93.26488566928968,72.78231433071032
2016-02-02 00:00:00+05:30,77.13,77.77,73.83,74.52,436984,77.24666666666667,77.675,76.81833333333334,0.011090014671614587,96.71992017589577,-1,82.41040000000001,92.77831740707836,72.04248259292166
2016-02-03 00:00:00+05:30,73.93,74.67,72.16,72.6,750713,75.37333333333333,75.8,74.94666666666667,0.0113214222536705,94.20092336885993,-1,81.7676,92.49004193082895,71.04515806917105
2016-02-04 00:00:00+05:30,73.19,74.62,70.09,70.73,1229542,73.14333333333333,73.41499999999999,72.87166666666667,0.0074283370550971475,93.57788643410555,-1,81.0404,92.18427003513587,69.89652996486414
2016-02-05 00:00:00+05:30,70.73,73.63,70.73,72.65,1177179,71.81333333333333,72.355,71.27166666666666,0.01508540660972906,93.36597097674132,-1,80.4016,91.56517172951378,69.23802827048623
2016-02-08 00:00:00+05:30,73.14,73.19,66.78,67.52,3691357,72.33666666666667,72.18,72.49333333333334,0.0043315976222293795,92.11833213767166,-1,79.5536,91.26800532677608,67.83919467322393
2016-02-09 00:00:00+05:30,67.13,68.9,65.55,66.44,1562984,69.16333333333334,69.985,68.34166666666668,0.023760181213552216,89.4109988521648,-1,78.66640000000001,90.85005709300783,66.48274290699219
2016-02-10 00:00:00+05:30,66.44,67.03,61.71,63.28,1018121,66.96333333333332,67.225,66.70166666666665,0.00781522226093893,87.15815889807821,-1,77.6568,90.56834487425887,64.74525512574114
2016-02-11 00:00:00+05:30,62.69,62.69,58.8,60.13,1345395,64.00666666666667,64.37,63.643333333333345,0.01135298406415987,83.87603254215507,-1,76.47200000000001,90.14108570461102,62.80291429538901
2016-02-12 00:00:00+05:30,60.38,61.61,58.21,60.43,1110909,60.54,60.745,60.335,0.006772381896266875,83.06779124046888,-1,75.44319999999999,89.89308993176076,60.993310068239225
2016-02-15 00:00:00+05:30,62.35,62.69,60.52,61.26,668431,60.083333333333336,59.91,60.256666666666675,0.00576976421636635,83.06779124046888,-1,74.42,89.11747406869634,59.722525931303664
2016-02-16 00:00:00+05:30,61.46,61.81,56.53,57.27,1660094,61.49,61.605000000000004,61.375,0.003740445600910782,82.59810840721612,-1,73.29839999999999,88.7602453542907,57.83655464570926
2016-02-17 00:00:00+05:30,57.32,58.16,53.38,57.17,3832252,58.53666666666667,59.17,57.903333333333336,0.021638858834918267,79.59938407092747,-1,72.1628,88.02075903135085,56.30484096864916
2016-02-18 00:00:00+05:30,57.32,59.83,54.22,56.04,913837,56.23666666666666,55.769999999999996,56.70333333333332,0.016596526584079008,79.59938407092747,-1,71.0372,87.31270357561947,54.76169642438053
2016-02-19 00:00:00+05:30,55.45,58.26,54.81,57.27,490946,56.696666666666665,57.025,56.36833333333333,0.011582103592215879,79.59938407092747,-1,70.0536,86.56440216585501,53.54279783414499
2016-02-22 00:00:00+05:30,58.65,60.08,57.17,58.4,991554,56.78,56.535,57.025000000000006,0.008629799225079414,79.59938407092747,-1,69.2432,85.972138969343,52.514261030657
2016-02-23 00:00:00+05:30,58.75,59.0,55.84,56.53,427732,58.550000000000004,58.625,58.47500000000001,0.0025619128949614257,79.59938407092747,-1,68.4348,85.58446786383932,51.28513213616067
2016-02-24 00:00:00+05:30,56.58,56.68,55.3,55.99,240610,57.123333333333335,57.42,56.82666666666667,0.010386882184746461,79.5953654045066,-1,67.49640000000001,84.69973909914015,50.29306090085988
2016-02-25 00:00:00+05:30,56.19,56.68,54.22,54.86,878273,55.99,55.989999999999995,55.99000000000001,2.5381058609040907e-16,78.79995078832633,-1,66.5304,83.75133932861979,49.30946067138021
2016-02-26 00:00:00+05:30,55.45,55.89,53.23,53.92,480038,55.25333333333333,55.45,55.05666666666666,0.007118725868726082,77.72075275679329,-1,65.604,82.94655990331313,48.26144009668687
2016-02-29 00:00:00+05:30,55.69,56.43,53.23,53.92,345697,54.34666666666667,54.56,54.13333333333334,0.007850834151128477,77.72075275679329,-1,64.7052,82.04767698110062,47.36272301889939
2016-03-01 00:00:00+05:30,52.98,57.91,52.98,57.12,1331176,54.526666666666664,54.83,54.22333333333333,0.011126054529893676,77.72075275679329,-1,63.95399999999999,80.91448867220532,46.99351132779467
2016-03-02 00:00:00+05:30,57.91,60.38,57.42,58.75,1230346,56.00333333333333,55.44499999999999,56.56166666666667,0.019939289328016325,77.72075275679329,-1,63.1812,79.23487628426602,47.12752371573397
2016-03-03 00:00:00+05:30,58.9,70.48,58.9,70.09,5353294,58.85,58.900000000000006,58.8,0.001699235344095302,77.72075275679329,-1,62.854000000000006,77.97027679026836,47.737723209731655
2016-03-04 00:00:00+05:30,69.69,75.7,66.24,72.94,5475173,66.49,64.69,68.28999999999999,0.05414348022258978,77.72075275679329,-1,62.6488,77.05593414388878,48.241665856111226
2016-03-08 00:00:00+05:30,71.47,75.61,70.48,71.12,2267206,71.62666666666667,70.97,72.28333333333333,0.018335815338793734,77.72075275679329,-1,62.438,76.17329293462669,48.70270706537331
2016-03-09 00:00:00+05:30,70.68,72.16,68.61,69.54,1015459,72.40333333333334,73.045,71.76166666666667,0.017724782468578767,77.72075275679329,-1,62.2388,75.39986903864599,49.07773096135401
2016-03-10 00:00:00+05:30,69.99,70.92,66.04,66.64,976288,70.10333333333334,70.38499999999999,69.82166666666669,0.008035756740049985,77.72075275679329,-1,62.0004,74.60631033444258,49.39448966555742
2016-03-11 00:00:00+05:30,66.78,67.42,63.09,63.68,1439405,67.86666666666667,68.48,67.25333333333334,0.018074656188605,77.72075275679329,-1,61.7184,73.83653936873175,49.600260631268256
2016-03-14 00:00:00+05:30,64.81,64.96,60.03,62.25,1955169,64.73,65.255,64.20500000000001,0.01622122663370899,77.72075275679329,-1,61.3024,72.57547912506634,50.02932087493366
2016-03-15 00:00:00+05:30,62.2,65.21,61.9,62.25,2084381,62.413333333333334,62.495,62.33166666666667,0.002616962187566656,77.72075275679329,-1,61.0916,72.08536504024015,50.09783495975985
2016-03-16 00:00:00+05:30,62.84,66.04,61.31,65.55,2263586,63.12,63.55499999999999,62.685,0.013783269961977034,77.72075275679329,-1,61.056000000000004,71.98583586336075,50.12616413663926
2016-03-17 00:00:00+05:30,66.54,67.67,65.16,65.45,1141262,64.3,63.675000000000004,64.92499999999998,0.019440124416795938,77.72075275679329,-1,61.142799999999994,72.17588409466757,50.10971590533242
2016-03-18 00:00:00+05:30,65.6,67.13,65.21,65.8,796048,66.09333333333332,66.41499999999999,65.77166666666665,0.009733709905184768,77.72075275679329,-1,61.36959999999999,72.54230743195248,50.196892568047495
2016-03-21 00:00:00+05:30,65.8,67.52,65.8,66.88,561059,66.04666666666667,66.16999999999999,65.92333333333335,0.003734733017058261,77.72075275679329,-1,61.6276,72.99774516002353,50.257454839976475
2016-03-22 00:00:00+05:30,66.78,67.77,66.29,66.98,2011046,66.73333333333333,66.66,66.80666666666667,0.0021978021978023283,77.72075275679329,-1,61.8564,73.41636938404278,50.29643061595723
2016-03-23 00:00:00+05:30,66.54,67.28,65.55,65.9,346777,67.01333333333334,67.03,66.99666666666667,0.0004974134500596613,77.72075275679329,-1,62.201600000000006,73.70841284109576,50.69478715890425
2016-03-28 00:00:00+05:30,66.54,67.03,63.09,63.58,479706,66.24333333333333,66.41499999999999,66.07166666666666,0.0051829114879484795,77.72075275679329,-1,62.458,73.7892424737981,51.1267575262019
2016-03-29 00:00:00+05:30,63.58,65.16,61.71,62.0,741773,64.56666666666666,65.06,64.07333333333332,0.015281362932369832,77.72075275679329,-1,62.696400000000004,73.72421774241876,51.66858225758124
2016-03-30 00:00:00+05:30,62.84,64.96,62.84,64.61,823070,62.95666666666667,63.435,62.47833333333334,0.01519563721077985,77.72075275679329,-1,62.99,73.81324018027901,52.166759819720994
2016-03-31 00:00:00+05:30,64.57,65.01,62.84,63.88,1696952,64.13666666666667,63.9,64.37333333333333,0.007380073800738053,77.72075275679329,-1,63.2092,73.87250968508398,52.54589031491602
2016-04-01 00:00:00+05:30,64.07,66.04,63.83,65.8,791682,63.910000000000004,63.925000000000004,63.895,0.0004694101079643426,77.72075275679329,-1,63.58,73.92854038016984,53.23145961983016
2016-04-04 00:00:00+05:30,65.8,66.54,63.63,63.97,329961,65.22333333333334,64.935,65.51166666666668,0.008841416670925775,77.72075275679329,-1,63.8992,73.77299225222029,54.0254077477797
2016-04-05 00:00:00+05:30,64.07,64.07,60.38,60.62,984562,64.71333333333334,65.08500000000001,64.34166666666667,0.011486556093540837,77.72075275679329,-1,64.1296,73.39927094130128,54.85992905869871
2016-04-06 00:00:00+05:30,61.61,62.54,60.62,61.02,496935,61.69,62.224999999999994,61.155,0.017344788458421027,77.72075275679329,-1,64.4136,72.8084534329079,56.01874656709211
2016-04-07 00:00:00+05:30,61.12,61.9,60.72,61.07,422339,61.39333333333334,61.58,61.20666666666668,0.0060810077098488536,77.72075275679329,-1,64.6996,72.06958123199817,57.32961876800183
2016-04-08 00:00:00+05:30,61.31,61.56,60.13,60.33,344894,61.23,61.31,61.14999999999999,0.002613098154499605,77.72075275679329,-1,64.828,71.76439445245188,57.89160554754812
2016-04-11 00:00:00+05:30,61.02,61.12,59.54,60.33,408855,60.673333333333325,60.845,60.50166666666665,0.005658718822107702,77.72075275679329,-1,64.8912,71.63093131808719,58.15146868191281
2016-04-12 00:00:00+05:30,61.21,63.19,60.43,62.35,2586076,60.330000000000005,60.33,60.33000000000001,2.355520423537544e-16,77.72075275679329,-1,64.5816,71.04297738876204,58.120222611237956
2016-04-13 00:00:00+05:30,62.84,63.88,62.2,62.79,1365409,61.99,61.81,62.17,0.005807388288433609,77.72075275679329,-1,64.1756,69.69153786767087,58.65966213232913
2016-04-18 00:00:00+05:30,62.59,64.42,62.1,62.84,1904896,62.95666666666667,63.040000000000006,62.873333333333335,0.0026473235558850754,77.72075275679329,-1,63.84439999999999,68.59374296087422,59.09505703912576
2016-04-20 00:00:00+05:30,63.58,70.87,63.33,67.77,4649547,63.120000000000005,63.260000000000005,62.980000000000004,0.004435994930291526,77.72075275679329,-1,63.773599999999995,68.22460934171178,59.322590658288206
2016-04-21 00:00:00+05:30,68.11,69.2,66.78,67.18,1861306,67.32333333333332,67.1,67.54666666666665,0.006634648710204363,77.72075275679329,-1,63.795199999999994,68.30647341667577,59.28392658332421
2016-04-22 00:00:00+05:30,67.13,67.92,65.8,66.54,432196,67.72000000000001,67.99000000000001,67.45000000000002,0.007974010632014058,77.72075275679329,-1,63.9096,68.5466834972001,59.272516502799895
2016-04-25 00:00:00+05:30,66.54,68.46,66.29,66.78,836355,66.75333333333333,66.86,66.64666666666666,0.0031958454009788015,77.72075275679329,-1,64.0908,68.8076630932014,59.3739369067986
2016-04-26 00:00:00+05:30,66.64,67.33,64.81,65.21,578954,67.17666666666666,67.375,66.97833333333332,0.005904828065300582,77.72075275679329,-1,64.2092,68.88370248047912,59.534697519520876
2016-04-27 00:00:00+05:30,65.5,69.49,65.4,66.49,2906018,65.78333333333332,66.07,65.49666666666664,0.008715480111477356,77.72075275679329,-1,64.2468,68.97860800963072,59.514991990369275
2016-04-28 00:00:00+05:30,66.83,69.69,66.04,66.39,2108010,67.12666666666667,67.445,66.80833333333334,0.009484556559737652,77.72075275679329,-1,64.2844,69.06850394535962,59.500296054640394
2016-04-29 00:00:00+05:30,66.73,68.11,65.55,66.98,1591301,67.37333333333333,67.86500000000001,66.88166666666666,0.014595289926776398,77.72075275679329,-1,64.3316,69.19717435047552,59.46602564952446
2016-05-02 00:00:00+05:30,67.03,72.06,67.03,71.12,5057622,66.88,66.83,66.92999999999999,0.0014952153110047,77.72075275679329,-1,64.5012,69.96863470377153,59.03376529622846
2016-05-03 00:00:00+05:30,71.17,71.96,69.49,69.69,1587592,70.07000000000001,69.545,70.59500000000001,0.014985014985015145,77.72075275679329,-1,64.6096,70.36898463379599,58.85021536620402
2016-05-04 00:00:00+05:30,69.84,71.96,68.31,70.09,1141770,70.38,70.725,70.035,0.00980392156862742,77.72075275679329,-1,64.7772,70.90886344803799,58.645536551961996
2016-05-05 00:00:00+05:30,70.23,72.5,70.23,71.81,1790832,70.11999999999999,70.13499999999999,70.10499999999999,0.0004278379920137071,77.72075275679329,-1,65.10640000000001,71.80327420816647,58.40952579183355
2016-05-06 00:00:00+05:30,71.96,72.7,57.57,59.54,23188136,71.51333333333334,71.36500000000001,71.66166666666666,0.004148410552810468,77.72075275679329,-1,65.008,71.95227879624696,58.06372120375303
2016-05-09 00:00:00+05:30,61.12,64.42,60.67,61.61,14030477,63.27,65.135,61.405,0.05895369053263796,77.72075275679329,-1,64.888,71.95818302450547,57.817816975494544
2016-05-10 00:00:00+05:30,61.81,62.94,59.54,59.83,3683006,62.23333333333333,62.545,61.92166666666665,0.010016068559186114,77.72075275679329,-1,64.726,72.06175354002609,57.390246459973916
2016-05-11 00:00:00+05:30,59.14,59.54,57.27,57.57,2719070,60.77,61.239999999999995,60.30000000000001,0.015468158630903135,77.72075275679329,-1,64.3968,72.2318856434378,56.561714356562184
2016-05-12 00:00:00+05:30,58.11,59.34,57.27,58.36,2423679,58.126666666666665,58.405,57.84833333333333,0.009576786328707513,77.72075275679329,-1,64.1724,72.35707305150336,55.98772694849663
2016-05-13 00:00:00+05:30,58.65,59.88,57.76,59.14,1540780,58.323333333333345,58.30500000000001,58.34166666666668,0.0006286792021490989,77.72075275679329,-1,64.1132,72.42028944456514,55.80611055543487
2016-05-16 00:00:00+05:30,59.44,60.52,58.95,60.28,2290778,58.92666666666667,58.82,59.03333333333334,0.0036203190406155377,77.72075275679329,-1,64.0836,72.43969455188281,55.7275054481172
2016-05-17 00:00:00+05:30,60.43,62.05,60.13,60.38,1395880,59.916666666666664,59.735,60.09833333333333,0.006063977746870594,77.72075275679329,-1,64.056,72.45616952209927,55.65583047790072
2016-05-18 00:00:00+05:30,60.13,60.13,58.31,59.05,1280221,60.85333333333333,61.09,60.61666666666666,0.007778264680105336,77.72075275679329,-1,64.0048,72.51013220044965,55.49946779955036
2016-05-19 00:00:00+05:30,59.24,60.23,58.16,58.4,1600995,59.163333333333334,59.22,59.10666666666667,0.0019156008789226954,77.72075275679329,-1,63.927600000000005,72.59837718315985,55.25682281684015
2016-05-20 00:00:00+05:30,58.9,59.14,56.93,57.27,1025088,58.93,59.19499999999999,58.665000000000006,0.00899372136433034,77.72075275679329,-1,63.724399999999996,72.76380189171859,54.684998108281405
2016-05-23 00:00:00+05:30,57.81,58.26,57.17,57.91,794441,57.78,58.035,57.525000000000006,0.008826583592938576,77.72075275679329,-1,63.5292,72.84734560092328,54.21105439907673
2016-05-24 00:00:00+05:30,57.76,58.26,56.93,57.07,633529,57.78,57.715,57.845,0.002249913464866657,77.72075275679329,-1,63.2984,72.95314835301292,53.643651646987074
2016-05-25 00:00:00+05:30,57.52,57.86,55.89,56.14,1029852,57.419999999999995,57.595,57.24499999999999,0.006095437129920038,77.72075275679329,-1,62.833200000000005,72.69971504027669,52.966684959723324
2016-05-26 00:00:00+05:30,56.58,57.07,55.69,56.33,894655,56.629999999999995,56.875,56.38499999999999,0.008652657601977911,77.28302961033857,-1,62.3992,72.41609599826245,52.38230400173755
2016-05-27 00:00:00+05:30,56.58,57.67,55.1,55.25,1123850,56.36333333333332,56.379999999999995,56.34666666666665,0.0005914010290380092,77.17150842592504,-1,61.9476,72.1924430422338,51.7027569577662
2016-05-30 00:00:00+05:30,55.69,56.19,55.2,55.6,811780,56.00666666666667,56.385000000000005,55.62833333333333,0.013510296393286658,75.92724808888804,-1,61.5004,71.83806160018824,51.16273839981176
2016-05-31 00:00:00+05:30,56.09,56.09,53.72,53.87,890731,55.663333333333334,55.695,55.63166666666667,0.001137792682196525,74.9915581653325,-1,61.046800000000005,71.6843812589144,50.40921874108561
2016-06-01 00:00:00+05:30,54.31,55.1,53.82,53.97,858779,54.56,54.905,54.215,0.012646627565982362,74.10149583871922,-1,60.54600000000001,71.28971257992353,49.80228742007648
2016-06-02 00:00:00+05:30,54.12,54.76,53.13,53.57,1255817,54.29666666666666,54.46,54.13333333333332,0.006016330038676694,73.25723600517044,-1,60.033199999999994,70.83585999835259,49.230540001647405
2016-06-03 00:00:00+05:30,53.82,54.71,53.72,53.82,728090,53.82,53.945,53.695,0.004645113340765515,73.07394656496362,-1,59.50679999999999,70.18595759973638,48.827642400263606
2016-06-06 00:00:00+05:30,54.02,54.02,52.0,52.79,1288439,54.083333333333336,54.215,53.95166666666667,0.004869029275808975,71.68018870236509,-1,58.77360000000001,68.64952609125888,48.89767390874114
2016-06-07 00:00:00+05:30,52.98,56.93,52.79,56.38,3257628,52.93666666666667,53.010000000000005,52.86333333333333,0.0027706063849885156,71.68018870236509,-1,58.2412,67.08710087215587,49.39529912784413
2016-06-08 00:00:00+05:30,56.88,58.36,55.69,57.37,2633148,55.36666666666667,54.86,55.873333333333335,0.01830222757375079,71.68018870236509,-1,57.732400000000005,65.14002046544017,50.32477953455983
2016-06-09 00:00:00+05:30,57.47,58.36,56.48,57.47,1013215,57.13999999999999,57.025,57.25499999999999,0.0040252012600628245,71.68018870236509,-1,57.15879999999999,61.83418001022465,52.483419989775335
2016-06-10 00:00:00+05:30,57.37,61.81,57.17,59.44,5299275,57.43666666666667,57.42,57.45333333333333,0.0005803493703209002,71.68018870236509,-1,57.154799999999994,61.82218854607245,52.48741145392754
2016-06-13 00:00:00+05:30,59.14,61.02,58.5,59.98,1722144,59.473333333333336,59.49,59.45666666666667,0.000560475283039986,71.68018870236509,-1,57.0896,61.547041346782734,52.63215865321726
2016-06-14 00:00:00+05:30,60.72,62.35,60.43,61.16,1634022,59.833333333333336,59.760000000000005,59.906666666666666,0.0024512534818940585,71.68018870236509,-1,57.14280000000001,61.758729011586766,52.52687098841325
2016-06-15 00:00:00+05:30,61.71,62.1,59.59,60.33,1607228,61.31333333333333,61.39,61.236666666666665,0.0025008154833098184,71.68018870236509,-1,57.2532,62.03380320880203,52.47259679119797
2016-06-16 00:00:00+05:30,60.23,61.21,59.14,59.39,754049,60.673333333333325,60.845,60.50166666666665,0.005658718822107702,71.68018870236509,-1,57.2944,62.129885762569074,52.45891423743093
2016-06-17 00:00:00+05:30,59.78,60.23,56.33,57.32,942011,59.913333333333334,60.175,59.65166666666667,0.008734839212195276,71.68018870236509,-1,57.221599999999995,61.99819185612589,52.4450081438741
2016-06-20 00:00:00+05:30,57.07,57.86,56.19,56.68,683551,57.96,58.28,57.64,0.011042097998619747,71.68018870236509,-1,57.077600000000004,61.690972839908824,52.464227160091184
2016-06-21 00:00:00+05:30,57.47,58.55,56.98,57.47,799655,56.91,57.025,56.794999999999995,0.004041468986118503,71.68018870236509,-1,56.9612,61.3780670163373,52.5443329836627
2016-06-22 00:00:00+05:30,57.42,58.65,57.17,58.26,802930,57.666666666666664,57.765,57.56833333333333,0.0034104046242775586,71.68018870236509,-1,56.92959999999999,61.29726841232348,52.561931587676504
2016-06-23 00:00:00+05:30,58.16,58.26,56.38,57.07,481881,58.026666666666664,57.91,58.14333333333333,0.00402113970588237,71.68018870236509,-1,56.876400000000004,61.203342125798365,52.54945787420164
2016-06-24 00:00:00+05:30,55.2,55.94,53.72,55.55,723862,57.23666666666667,57.32,57.15333333333334,0.002911886319957903,71.68018870236509,-1,56.8076,61.161931287351536,52.453268712648466
2016-06-27 00:00:00+05:30,55.6,57.47,55.45,56.58,500957,55.06999999999999,54.83,55.30999999999999,0.008716179408025963,71.68018870236509,-1,56.7544,61.085995844490625,52.42280415550937
2016-06-28 00:00:00+05:30,56.83,57.91,56.58,56.88,435470,56.5,56.46,56.54,0.001415929203539793,71.68018870236509,-1,56.7468,61.07682067431652,52.41677932568348
2016-06-29 00:00:00+05:30,57.17,59.14,57.17,57.91,799221,57.123333333333335,57.245,57.00166666666667,0.00425978876115992,71.68018870236509,-1,56.81759999999999,61.163471714628535,52.47172828537145
2016-06-30 00:00:00+05:30,57.96,59.09,57.96,58.6,554899,58.07333333333333,58.155,57.99166666666666,0.0028125358741822024,71.68018870236509,-1,56.9084,61.304295103390025,52.512504896609975
2016-07-01 00:00:00+05:30,58.6,59.49,58.16,58.55,386362,58.550000000000004,58.525000000000006,58.575,0.0008539709649871419,71.68018870236509,-1,57.0404,61.42734966463126,52.65345033536874
2016-07-04 00:00:00+05:30,58.9,59.49,57.91,58.06,408761,58.73333333333333,58.825,58.64166666666665,0.0031214528944384454,71.68018870236509,-1,57.1388,61.50239602163265,52.77520397836736
2016-07-05 00:00:00+05:30,58.21,59.49,57.67,57.96,813818,58.48666666666667,58.7,58.27333333333334,0.007295109996580342,71.68018870236509,-1,57.3024,61.46559600307362,53.139203996926376
2016-07-07 00:00:00+05:30,58.06,58.8,56.98,57.67,824762,58.373333333333335,58.58,58.16666666666667,0.007080858839652699,71.68018870236509,-1,57.4504,61.38606047316179,53.51473952683821
2016-07-08 00:00:00+05:30,61.36,61.41,58.16,58.7,3443557,57.81666666666666,57.89,57.743333333333325,0.0025367541078122006,71.68018870236509,-1,57.65560000000001,61.28349671297406,54.02770328702595
2016-07-11 00:00:00+05:30,59.05,60.23,58.11,58.7,2200161,59.423333333333325,59.785,59.06166666666665,0.01217254725977467,71.68018870236509,-1,57.8508,61.14167426681844,54.55992573318156
2016-07-12 00:00:00+05:30,59.14,59.88,58.31,58.6,1068054,59.01333333333334,59.17,58.85666666666668,0.005309534568458851,71.68018870236509,-1,58.0832,60.653365566652795,55.5130344333472
2016-07-13 00:00:00+05:30,58.85,58.85,56.68,56.98,886904,58.93,59.095,58.765,0.005599864245715226,71.68018870236509,-1,58.107200000000006,60.62395041273618,55.590449587263834
2016-07-14 00:00:00+05:30,57.17,58.16,56.68,56.73,840876,57.50333333333333,57.765,57.24166666666666,0.009100921685699506,71.68018870236509,-1,58.0816,60.64049151001126,55.522708489988744
2016-07-15 00:00:00+05:30,57.07,57.86,56.14,56.88,653956,57.19,57.42,56.959999999999994,0.008043364224514914,71.68018870236509,-1,58.058,60.64969133964824,55.46630866035176
2016-07-18 00:00:00+05:30,57.17,58.65,56.93,57.71,907819,56.96,57.0,56.92,0.001404494382022442,71.68018870236509,-1,57.9888,60.52089364755882,55.456706352441174
2016-07-19 00:00:00+05:30,57.96,57.96,56.53,56.68,753712,57.76333333333333,57.79,57.73666666666666,0.0009233077500145711,71.68018870236509,-1,57.8568,60.30250951668587,55.411090483314126
2016-07-20 00:00:00+05:30,56.93,57.52,56.19,56.38,569369,57.05666666666667,57.245000000000005,56.86833333333334,0.006601624116375506,71.68018870236509,-1,57.6656,59.772359255351205,55.55884074464879
2016-07-21 00:00:00+05:30,56.58,57.07,55.94,56.14,460763,56.696666666666665,56.855000000000004,56.53833333333333,0.005585278382033225,71.68018870236509,-1,57.498000000000005,59.38549145693646,55.61050854306355
2016-07-22 00:00:00+05:30,56.33,56.83,55.99,56.29,413099,56.383333333333326,56.504999999999995,56.261666666666656,0.0043156961276974186,71.21422678713631,-1,57.373999999999995,59.15216084761986,55.59583915238013
2016-07-25 00:00:00+05:30,56.63,56.93,56.19,56.78,466582,56.37,56.41,56.33,0.001419194607060463,70.97925771565087,-1,57.352399999999996,59.14571451787136,55.55908548212863
2016-07-26 00:00:00+05:30,56.68,57.67,56.19,56.43,686160,56.63333333333333,56.56,56.70666666666666,0.0025897586815773013,70.97925771565087,-1,57.3424,59.153302802474,55.531497197525994
2016-07-27 00:00:00+05:30,56.48,56.78,55.1,55.25,568444,56.76333333333333,56.93,56.59666666666666,0.005872335427799804,70.09701191074384,-1,57.253600000000006,59.23998469587547,55.26721530412454
2016-07-28 00:00:00+05:30,55.6,56.29,54.95,55.1,1345793,55.71,55.94,55.480000000000004,0.008257045413749664,69.58593143431409,-1,57.1272,59.23950694739386,55.01489305260614
2016-07-29 00:00:00+05:30,55.35,55.55,54.61,54.91,557053,55.446666666666665,55.620000000000005,55.273333333333326,0.006252254418660784,68.75049417694152,-1,57.0408,59.32509714354512,54.75650285645487
2016-08-01 00:00:00+05:30,55.3,55.69,53.87,54.12,636795,55.02333333333333,55.08,54.96666666666667,0.002059732234809409,68.41327440986386,-1,56.983599999999996,59.47644980694956,54.49075019305043
2016-08-02 00:00:00+05:30,54.22,55.45,53.43,53.97,859696,54.56,54.78,54.34,0.008064516129032216,68.0935434334693,-1,56.8792,59.63559718473382,54.122802815266176
2016-08-03 00:00:00+05:30,54.22,54.46,53.23,53.38,356990,54.28333333333333,54.44,54.126666666666665,0.005772182990482025,67.29680169613053,-1,56.739200000000004,59.817905806017954,53.66049419398205
2016-08-04 00:00:00+05:30,53.77,53.97,52.98,53.18,381435,53.69,53.845,53.535,0.005773887129819376,66.66592962828531,-1,56.55,59.88808088577984,53.21191911422015
2016-08-05 00:00:00+05:30,53.48,54.71,53.33,53.87,567551,53.376666666666665,53.474999999999994,53.278333333333336,0.0036845063385997313,66.66592962828531,-1,56.3608,59.748480835026946,52.97311916497305
2016-08-08 00:00:00+05:30,54.36,54.91,50.77,51.46,2672912,53.97,54.019999999999996,53.92,0.0018528812303130317,66.56722474542775,-1,56.077200000000005,59.84956061903009,52.304839380969916
2016-08-09 00:00:00+05:30,51.75,52.24,49.09,49.48,2093580,52.38,52.84,51.92,0.017563955708285638,64.72513575561064,-1,55.73400000000001,60.21665635533323,51.25134364466679
2016-08-10 00:00:00+05:30,49.53,49.58,47.56,47.76,1587068,50.27,50.665000000000006,49.875,0.015715138253431595,62.633330325386204,-1,55.326,60.69340980362126,49.95859019637874
2016-08-11 00:00:00+05:30,48.01,48.5,46.92,47.07,1359561,48.300000000000004,48.57,48.03000000000001,0.011180124223602319,61.653197112370755,-1,54.902,61.07587528218783,48.72812471781217
2016-08-12 00:00:00+05:30,47.07,47.61,45.24,45.54,1050394,47.49666666666667,47.71,47.28333333333334,0.008983086532388145,60.47406922787592,-1,54.37559999999999,61.35585118172764,47.395348818272346
2016-08-16 00:00:00+05:30,45.24,45.84,44.65,44.9,834574,46.129999999999995,46.425,45.834999999999994,0.012789941469759451,59.065306458760894,-1,53.823600000000006,61.49686137701634,46.150338622983675
2016-08-17 00:00:00+05:30,45.1,48.2,44.65,46.53,1918388,45.13,45.245000000000005,45.015,0.005096388211832572,59.065306458760894,-1,53.3408,61.265935547106494,45.41566445289351
2016-08-18 00:00:00+05:30,46.92,47.32,45.93,46.38,503448,46.46,46.425,46.495000000000005,0.0015066724063712309,59.065306458760894,-1,52.916799999999995,61.14614402246079,44.6874559775392
2016-08-19 00:00:00+05:30,46.48,48.79,46.38,47.71,2949357,46.54333333333333,46.625,46.46166666666666,0.00350927451120836,59.065306458760894,-1,52.556,60.875413440862964,44.23658655913703
2016-08-22 00:00:00+05:30,48.01,50.03,47.56,47.76,2434323,47.626666666666665,47.585,47.66833333333333,0.0017497200447927337,59.065306458760894,-1,52.1912,60.520009413116114,43.86239058688389
2016-08-23 00:00:00+05:30,48.01,48.2,46.33,47.07,821625,48.449999999999996,48.795,48.10499999999999,0.014241486068111703,59.065306458760894,-1,51.765600000000006,60.009849544986615,43.5213504550134
2016-08-24 00:00:00+05:30,47.27,48.05,46.43,46.67,1213935,47.199999999999996,47.265,47.13499999999999,0.0027542372881357983,59.065306458760894,-1,51.365199999999994,59.58813012496228,43.14226987503771
2016-08-25 00:00:00+05:30,46.87,47.71,46.23,46.53,2410138,47.04999999999999,47.239999999999995,46.859999999999985,0.008076514346440165,59.065306458760894,-1,50.971199999999996,59.13897731332168,42.80342268667831
2016-08-26 00:00:00+05:30,46.58,47.32,46.33,46.53,633159,46.82333333333333,46.97,46.67666666666666,0.006264682850430766,59.065306458760894,-1,50.5868,58.64922984713744,42.52437015286255
2016-08-29 00:00:00+05:30,46.82,46.92,45.24,45.44,782998,46.72666666666667,46.825,46.62833333333333,0.004208874304465812,59.065306458760894,-1,50.1528,58.107888977504466,42.19771102249553
2016-08-30 00:00:00+05:30,45.84,46.53,45.15,45.59,1141798,45.86666666666667,46.08,45.653333333333336,0.009302325581395253,59.065306458760894,-1,49.705200000000005,57.37240000000088,42.03799999999913
2016-08-31 00:00:00+05:30,46.03,46.92,45.64,46.38,884742,45.75666666666667,45.84,45.67333333333333,0.0036424564726452555,59.065306458760894,-1,49.3032,56.56081552026653,42.04558447973346
2016-09-01 00:00:00+05:30,46.72,46.87,45.39,45.84,1535427,46.31333333333333,46.28,46.346666666666664,0.0014394702749387408,59.065306458760894,-1,48.9268,55.88143637007816,41.97216362992184
2016-09-02 00:00:00+05:30,46.08,47.56,45.79,47.22,1719904,46.03333333333333,46.129999999999995,45.93666666666667,0.004199855177407561,59.065306458760894,-1,48.611599999999996,55.11839074198749,42.1048092580125
2016-09-06 00:00:00+05:30,40.17,45.44,40.17,44.46,11138686,46.85666666666666,46.675,47.03833333333333,0.0077541438429251566,57.41369413513405,-1,48.193599999999996,54.36206659713858,42.025133402861414
2016-09-07 00:00:00+05:30,44.6,45.05,43.86,44.36,2226659,43.35666666666666,42.805,43.908333333333324,0.025447835780733254,57.41369413513405,-1,47.803200000000004,53.6489005602421,41.95749943975791
2016-09-08 00:00:00+05:30,44.36,44.36,41.25,42.14,2594432,44.423333333333325,44.455,44.39166666666665,0.0014256771966687206,57.41369413513405,-1,47.33,53.015360850466315,41.64463914953368
2016-09-09 00:00:00+05:30,41.89,45.1,40.91,44.16,4198506,42.583333333333336,42.805,42.36166666666667,0.010410958904109464,57.41369413513405,-1,46.9612,52.20817038680564,41.714229613194355
2016-09-12 00:00:00+05:30,43.13,45.44,42.88,43.72,6284811,43.38999999999999,43.004999999999995,43.77499999999999,0.017746024429591983,57.41369413513405,-1,46.582800000000006,51.321054598479876,41.844545401520136
2016-09-14 00:00:00+05:30,43.86,50.37,43.37,48.89,12929964,44.01333333333333,44.16,43.86666666666666,0.006664647076643515,57.41369413513405,-1,46.383599999999994,50.21080735785452,42.55639264214547
2016-09-15 00:00:00+05:30,49.09,50.37,47.12,47.81,3474332,47.54333333333333,46.87,48.21666666666666,0.0283250368085255,57.41369413513405,-1,46.2376,49.51854757044606,42.95665242955394
2016-09-16 00:00:00+05:30,48.05,49.78,47.32,49.04,4698530,48.43333333333334,48.745,48.12166666666668,0.01286992429456271,57.41369413513405,-1,46.22,49.43524866845722,43.00475133154278
2016-09-19 00:00:00+05:30,49.19,50.27,48.5,48.99,3081945,48.71333333333333,48.55,48.876666666666665,0.006705898453537731,57.41369413513405,-1,46.2692,49.61230476055057,42.926095239449424
2016-09-20 00:00:00+05:30,48.99,50.77,48.45,49.73,2381590,49.25333333333334,49.385000000000005,49.12166666666667,0.005346507850568532,57.41369413513405,-1,46.375600000000006,49.97348862529343,42.777711374706584
2016-09-21 00:00:00+05:30,49.88,51.26,49.68,50.08,2535490,49.65,49.61,49.69,0.0016112789526686465,57.41369413513405,-1,46.5572,50.41683529883533,42.69756470116467
2016-09-22 00:00:00+05:30,50.52,52.0,50.52,51.31,3107254,50.339999999999996,50.47,50.209999999999994,0.005164878823996924,57.41369413513405,-1,46.813599999999994,51.033631772394074,42.593568227605914
2016-09-23 00:00:00+05:30,51.26,52.24,50.62,50.91,1732641,51.27666666666667,51.260000000000005,51.29333333333334,0.0006500682571669655,57.41369413513405,-1,46.9888,51.50077276587696,42.476827234123036
2016-09-26 00:00:00+05:30,50.77,51.5,50.52,50.77,1023530,51.25666666666666,51.43,51.08333333333332,0.006763347857189535,57.41369413513405,-1,47.16440000000001,51.903898977741775,42.42490102225824
2016-09-27 00:00:00+05:30,51.26,53.13,51.01,51.46,3726697,50.93000000000001,51.010000000000005,50.85000000000001,0.0031415668564695968,57.41369413513405,-1,47.314400000000006,52.3420804353514,42.286719564648614
2016-09-28 00:00:00+05:30,51.75,52.64,50.52,50.67,1799816,51.86666666666667,52.07,51.663333333333334,0.00784061696658097,57.41369413513405,-1,47.4308,52.62629934462657,42.23530065537343
2016-09-29 00:00:00+05:30,51.16,52.44,46.97,48.1,2415766,51.276666666666664,51.58,50.97333333333333,0.011831242280439495,57.41369413513405,-1,47.472,52.67173537788368,42.272264622116325
2016-09-30 00:00:00+05:30,48.99,49.78,48.4,49.34,1102972,49.169999999999995,49.705,48.63499999999999,0.02176123652633735,57.41369413513405,-1,47.5788,52.81779019277714,42.33980980722286
2016-10-03 00:00:00+05:30,50.96,52.44,50.52,51.55,1891699,49.17333333333334,49.09,49.256666666666675,0.0033893709327549766,57.41369413513405,-1,47.7796,53.22322079502374,42.33597920497626
2016-10-04 00:00:00+05:30,51.85,52.34,51.46,51.85,1934575,51.50333333333333,51.480000000000004,51.52666666666666,0.0009060902206974173,57.41369413513405,-1,47.9924,53.636240621422154,42.34855937857785
2016-10-05 00:00:00+05:30,51.9,52.84,51.06,51.6,1807084,51.88333333333333,51.900000000000006,51.86666666666666,0.0006424670735627173,57.41369413513405,-1,48.2388,53.95282574723063,42.52477425276937
2016-10-06 00:00:00+05:30,52.15,53.18,51.41,52.54,2091843,51.833333333333336,51.95,51.71666666666667,0.004501607717041819,57.41369413513405,-1,48.516799999999996,54.36303152466735,42.670568475332644
2016-10-07 00:00:00+05:30,52.84,53.62,52.0,52.74,1398018,52.376666666666665,52.295,52.45833333333333,0.0031184369630241245,57.41369413513405,-1,48.7712,54.77475446714813,42.76764553285187
2016-10-10 00:00:00+05:30,55.3,55.94,54.51,55.55,3682267,52.78666666666667,52.81,52.763333333333335,0.0008840616317251867,57.41369413513405,-1,49.1596,55.595194716886226,42.72400528311377
2016-10-13 00:00:00+05:30,55.79,56.04,53.03,53.92,1939221,55.333333333333336,55.224999999999994,55.44166666666668,0.0039156626506027005,57.41369413513405,-1,49.427600000000005,56.07240857211205,42.78279142788796
2016-10-14 00:00:00+05:30,54.41,55.0,53.92,54.81,908521,54.330000000000005,54.535,54.125000000000014,0.007546475243879668,57.41369413513405,-1,49.8416,56.48650825820895,43.19669174179105
2016-10-17 00:00:00+05:30,55.3,56.48,54.71,55.79,1442887,54.576666666666675,54.46,54.69333333333335,0.004275331338178986,57.41369413513405,-1,50.2988,56.94502917450288,43.65257082549712
2016-10-18 00:00:00+05:30,56.19,56.88,55.74,55.99,1193061,55.66,55.595,55.724999999999994,0.002335609054976562,57.41369413513405,-1,50.85280000000001,56.97460501486392,44.7309949851361
2016-10-19 00:00:00+05:30,56.33,56.33,55.2,55.4,613872,56.20333333333334,56.31,56.09666666666668,0.0037957416523336225,57.41369413513405,-1,51.3024,57.03033932928872,45.574460670711275
2016-10-20 00:00:00+05:30,55.79,56.93,54.95,55.25,1161917,55.64333333333334,55.765,55.521666666666675,0.004373090516983019,57.41369413513405,-1,51.7636,56.7888351347984,46.738364865201596
2016-10-21 00:00:00+05:30,55.3,55.69,54.51,54.76,472527,55.71,55.94,55.480000000000004,0.008257045413749664,57.41369413513405,-1,51.998400000000004,57.01315799615616,46.98364200384385
2016-10-24 00:00:00+05:30,55.69,56.29,55.2,55.2,777536,54.98666666666666,55.099999999999994,54.87333333333332,0.004122211445198964,57.41369413513405,-1,52.294,57.155222891414454,47.43277710858554
2016-10-25 00:00:00+05:30,55.45,55.55,53.77,54.22,742122,55.56333333333333,55.745000000000005,55.38166666666666,0.006539084528166247,57.41369413513405,-1,52.5012,57.22974250694776,47.772657493052236
2016-10-26 00:00:00+05:30,54.22,54.56,52.24,53.03,742861,54.51333333333333,54.66,54.36666666666666,0.0053809465574172054,57.41369413513405,-1,52.6628,57.171328877584315,48.15427112241568
2016-10-27 00:00:00+05:30,53.03,53.62,52.54,52.84,346164,53.27666666666667,53.400000000000006,53.153333333333336,0.0046299192892448795,57.41369413513405,-1,52.78719999999999,57.13389352957067,48.44050647042931
2016-10-28 00:00:00+05:30,53.13,53.53,52.19,52.34,645544,53.0,53.08,52.92,0.0030188679245282376,57.41369413513405,-1,52.8776,57.08716351181587,48.668036488184136
2016-11-01 00:00:00+05:30,51.65,54.17,50.81,53.87,1880581,52.68666666666667,52.86,52.513333333333335,0.006579779830444085,57.41369413513405,-1,52.98,57.156467406793865,48.80353259320613
2016-11-02 00:00:00+05:30,53.23,54.91,52.15,53.62,2424231,52.949999999999996,52.49,53.40999999999999,0.017374881964116858,57.41369413513405,-1,53.0884,57.184230777755765,48.992569222244235
2016-11-03 00:00:00+05:30,53.48,55.4,52.24,52.93,1108044,53.56,53.53,53.59,0.0011202389843166967,57.41369413513405,-1,53.1748,57.161024760347985,49.18857523965201
2016-11-04 00:00:00+05:30,52.93,53.62,50.08,50.37,974081,53.52333333333333,53.82,53.22666666666667,0.011085507878183977,57.41369413513405,-1,53.1312,57.21416488351436,49.04823511648564
2016-11-07 00:00:00+05:30,51.01,52.49,50.08,50.42,969394,51.35666666666666,51.849999999999994,50.86333333333333,0.019212046472382643,57.41369413513405,-1,53.12120000000001,57.22937456299163,49.01302543700839
2016-11-08 00:00:00+05:30,51.01,52.24,50.62,51.26,589427,50.99666666666667,51.285,50.70833333333334,0.011307928622785549,57.41369413513405,-1,53.247600000000006,56.89909954950173,49.596100450498284
2016-11-09 00:00:00+05:30,48.05,50.72,41.99,49.68,1533983,51.373333333333335,51.43,51.31666666666667,0.0022060731897222243,57.41369413513405,-1,53.2612,56.856482776084704,49.6659172239153
2016-11-10 00:00:00+05:30,50.22,52.15,50.22,51.31,1001849,47.46333333333334,46.355000000000004,48.57166666666667,0.04670271788749213,57.41369413513405,-1,53.25160000000001,56.86633730165988,49.63686269834014
2016-11-11 00:00:00+05:30,50.27,50.72,48.1,48.45,526051,51.22666666666667,51.185,51.26833333333333,0.0016267568974491528,57.41369413513405,-1,53.11559999999999,57.161200395492784,49.0699996045072
2016-11-15 00:00:00+05:30,48.79,48.79,45.49,45.74,1044786,49.089999999999996,49.41,48.769999999999996,0.013037278468119792,57.41369413513405,-1,52.8812,57.82928025804064,47.93311974195936
2016-11-16 00:00:00+05:30,46.58,47.27,45.0,45.69,714663,46.67333333333334,47.14,46.20666666666668,0.019997143265247597,57.41369413513405,-1,52.607200000000006,58.30269862962075,46.91170137037926
2016-11-17 00:00:00+05:30,45.84,46.48,44.9,45.15,770154,45.98666666666667,46.135000000000005,45.83833333333334,0.006451145259495509,57.41369413513405,-1,52.3036,58.703972189178685,45.90322781082132
2016-11-18 00:00:00+05:30,45.79,45.84,44.36,44.7,549080,45.51,45.69,45.33,0.007910349373763996,57.41369413513405,-1,51.8696,58.781577962928715,44.95762203707128
2016-11-21 00:00:00+05:30,44.9,44.9,42.73,43.08,618486,44.96666666666667,45.1,44.833333333333336,0.0059303187546330405,57.41369413513405,-1,51.43600000000001,59.098367258231136,43.77363274176888
2016-11-22 00:00:00+05:30,43.27,43.96,42.88,43.67,290416,43.56999999999999,43.815,43.32499999999999,0.011246270369520523,57.41369413513405,-1,50.9904,59.09878672980099,42.88201327019901
2016-11-23 00:00:00+05:30,44.85,44.85,43.17,43.96,276725,43.50333333333333,43.42,43.58666666666666,0.0038311240517965796,57.41369413513405,-1,50.517199999999995,58.82819997834274,42.20620002165725
2016-11-24 00:00:00+05:30,43.82,43.82,43.13,43.37,239031,43.99333333333334,44.010000000000005,43.976666666666674,0.0007576905591755895,57.41369413513405,-1,50.0124,58.464286000178504,41.560513999821495
2016-11-25 00:00:00+05:30,44.11,44.36,43.42,43.77,414061,43.44,43.475,43.404999999999994,0.0016114180478823065,57.41369413513405,-1,49.547200000000004,58.041865657929904,41.0525343420701
2016-11-28 00:00:00+05:30,43.42,45.54,43.32,45.0,650381,43.85,43.89,43.81,0.0018244013683009874,57.41369413513405,-1,49.1372,57.47936762238772,40.79503237761228
2016-11-29 00:00:00+05:30,45.34,46.28,45.05,45.84,424392,44.620000000000005,44.43,44.81000000000001,0.00851636037651299,57.41369413513405,-1,48.7804,56.88986603421053,40.67093396578947
2016-11-30 00:00:00+05:30,46.43,47.56,45.84,47.02,964317,45.723333333333336,45.665,45.78166666666667,0.002551578333455003,57.41369413513405,-1,48.453199999999995,56.14977320110803,40.75662679889196
2016-12-01 00:00:00+05:30,46.97,47.51,45.49,45.79,464988,46.80666666666667,46.7,46.91333333333334,0.00455775530551214,57.41369413513405,-1,48.11600000000001,55.50493009846586,40.72706990153415
2016-12-02 00:00:00+05:30,45.34,46.43,45.2,45.79,633529,46.26333333333333,46.5,46.02666666666666,0.010231284674688597,57.41369413513405,-1,47.82640000000001,54.98620978518389,40.666590214816125
2016-12-05 00:00:00+05:30,46.23,46.87,45.59,46.33,460033,45.806666666666665,45.815,45.79833333333333,0.0003638480570513547,57.41369413513405,-1,47.566,54.44554417094731,40.6864558290527
2016-12-06 00:00:00+05:30,46.33,49.24,46.33,48.94,1626462,46.26333333333334,46.230000000000004,46.29666666666668,0.0014410260105197149,57.41369413513405,-1,47.43,54.056434335297915,40.803565664702084
2016-12-07 00:00:00+05:30,52.64,53.03,48.84,49.24,7394223,48.169999999999995,47.785,48.55499999999999,0.015985052937512893,57.41369413513405,-1,47.244800000000005,53.38164249757278,41.10795750242723
2016-12-08 00:00:00+05:30,49.98,50.27,49.29,49.48,990438,50.370000000000005,50.935,49.80500000000001,0.022433988485209357,57.41369413513405,-1,47.0792,52.7225689796092,41.4358310203908
2016-12-09 00:00:00+05:30,49.68,49.88,48.79,48.94,651704,49.68,49.78,49.58,0.00402576489533017,57.41369413513405,-1,46.9196,52.098657767588186,41.74054223241182
2016-12-12 00:00:00+05:30,48.4,50.03,48.3,49.58,869220,49.20333333333334,49.335,49.07166666666668,0.00535194092541131,57.41369413513405,-1,46.888000000000005,51.991551704452064,41.784448295547946
2016-12-13 00:00:00+05:30,49.78,50.96,49.39,50.47,2307546,49.303333333333335,49.165,49.44166666666667,0.005611520519234754,57.41369413513405,-1,46.89,51.99912282099535,41.78087717900465
2016-12-14 00:00:00+05:30,50.72,51.65,49.78,50.17,926968,50.27333333333333,50.175,50.37166666666667,0.003911948017504427,57.41369413513405,-1,46.846399999999996,51.82247999935848,41.87032000064151
2016-12-15 00:00:00+05:30,49.93,50.96,49.58,50.37,546596,50.53333333333334,50.715,50.351666666666674,0.007189973614775654,57.41369413513405,-1,46.874,51.919806179394485,41.82819382060552
2016-12-16 00:00:00+05:30,50.52,51.46,49.53,50.08,1720874,50.303333333333335,50.269999999999996,50.33666666666667,0.001325293221125381,57.41369413513405,-1,46.824799999999996,51.71831937157865,41.93128062842134
2016-12-19 00:00:00+05:30,49.78,50.03,48.55,48.7,567766,50.35666666666666,50.495000000000005,50.21833333333332,0.005494141788575198,57.41369413513405,-1,46.8348,51.74256403670913,41.92703596329087
2016-12-20 00:00:00+05:30,48.79,49.24,47.32,47.51,476029,49.093333333333334,49.29,48.89666666666667,0.008011950027159102,57.41369413513405,-1,46.90560000000001,51.79919444171823,42.012005558281786
2016-12-21 00:00:00+05:30,47.81,48.05,46.82,47.07,493734,48.02333333333333,48.28,47.766666666666666,0.01068924828208514,57.41369413513405,-1,46.9608,51.82936995841853,42.092230041581466
2016-12-22 00:00:00+05:30,47.02,47.41,45.74,45.84,557553,47.31333333333333,47.435,47.19166666666666,0.005143018176694506,57.41369413513405,-1,46.9884,51.82330204244258,42.15349795755742
2016-12-23 00:00:00+05:30,45.74,46.08,44.65,45.59,1018486,46.330000000000005,46.575,46.08500000000001,0.010576300453269908,57.41369413513405,-1,47.02400000000001,51.803770705799124,42.24422929420089
2016-12-26 00:00:00+05:30,45.24,45.54,44.36,44.7,541759,45.44,45.364999999999995,45.515,0.0033010563380282943,57.41369413513405,-1,47.0888,51.693661153174475,42.483938846825524
2016-12-27 00:00:00+05:30,44.7,45.64,44.16,45.49,875453,44.866666666666674,44.95,44.783333333333346,0.0037147102526000854,57.41369413513405,-1,47.16160000000001,51.60259333032773,42.720606669672286
2016-12-28 00:00:00+05:30,45.1,45.34,44.65,44.85,635704,45.096666666666664,44.9,45.29333333333333,0.008722004582748117,57.41369413513405,-1,47.1972,51.548323146960485,42.84607685303952
2016-12-29 00:00:00+05:30,44.85,44.95,44.46,44.65,469683,44.946666666666665,44.995000000000005,44.898333333333326,0.0021506971225158313,57.392336738920754,-1,47.248400000000004,51.445578785805445,43.05122121419456
2016-12-30 00:00:00+05:30,44.65,45.54,44.6,44.85,541106,44.68666666666667,44.705,44.66833333333334,0.0008205281217364256,57.392336738920754,-1,47.291599999999995,51.36509159321769,43.2181084067823
2017-01-02 00:00:00+05:30,44.9,46.13,44.9,46.03,562621,44.99666666666667,45.07,44.92333333333334,0.0032595007037557115,57.392336738920754,-1,47.3328,51.33292207813901,43.332677921860984
2017-01-03 00:00:00+05:30,46.18,46.58,45.64,45.98,891068,45.68666666666667,45.515,45.858333333333334,0.007514956953159208,57.392336738920754,-1,47.3384,51.33053097981707,43.34626902018293
2017-01-04 00:00:00+05:30,46.08,46.33,45.0,45.15,1216086,46.06666666666666,46.11,46.023333333333326,0.001881331403762803,57.392336738920754,-1,47.263600000000004,51.34584988946234,43.181350110537664
2017-01-05 00:00:00+05:30,45.59,46.18,45.44,45.59,610212,45.49333333333333,45.665,45.321666666666665,0.007546893317702236,57.392336738920754,-1,47.2556,51.35013520683548,43.16106479316452
2017-01-06 00:00:00+05:30,46.33,46.33,44.95,45.15,756650,45.73666666666667,45.81,45.66333333333334,0.003206763355440445,57.329453919198784,-1,47.23,51.36863359093496,43.09136640906503
2017-01-09 00:00:00+05:30,45.24,45.74,44.9,45.05,390075,45.47666666666667,45.64,45.31333333333333,0.007183170856849695,56.77707576243083,-1,47.1788,51.39170710080525,42.965892899194756
2017-01-10 00:00:00+05:30,45.15,45.59,44.75,44.95,675305,45.23,45.32,45.13999999999999,0.003979659518019165,56.403992731933606,-1,47.0192,51.255379108585394,42.7830208914146
2017-01-11 00:00:00+05:30,45.59,46.33,45.05,45.2,2197597,45.09666666666667,45.17,45.02333333333334,0.0032522728952619076,56.403992731933606,-1,46.85759999999999,51.050589501538894,42.66461049846109
2017-01-12 00:00:00+05:30,45.54,45.54,44.95,45.05,742191,45.526666666666664,45.69,45.36333333333333,0.007175281886074125,56.13439170175001,-1,46.6804,50.78868813011156,42.57211186988844
2017-01-13 00:00:00+05:30,45.49,45.54,44.95,45.2,509231,45.18000000000001,45.245000000000005,45.11500000000001,0.0028773793714031745,55.86401603368001,-1,46.5308,50.570878890320785,42.490721109679214
2017-01-16 00:00:00+05:30,45.49,45.49,44.55,44.8,838356,45.23,45.245000000000005,45.21499999999999,0.0006632765863368417,55.4774553923328,-1,46.3396,50.234172551643596,42.4450274483564
2017-01-17 00:00:00+05:30,44.85,46.58,44.85,46.13,2999699,44.94666666666666,45.019999999999996,44.87333333333332,0.0032631266686445138,55.4774553923328,-1,46.166,49.67663299135865,42.65536700864134
2017-01-18 00:00:00+05:30,46.08,46.92,45.24,45.39,1871109,45.85333333333333,45.715,45.99166666666666,0.006033730735678758,55.4774553923328,-1,45.9748,49.09081345311857,42.85878654688143
2017-01-19 00:00:00+05:30,45.93,48.7,45.74,48.25,4492863,45.85,46.08,45.620000000000005,0.01003271537622669,55.4774553923328,-1,45.89,48.6136328680672,43.1663671319328
2017-01-20 00:00:00+05:30,48.45,48.89,46.33,46.58,3200784,47.56333333333333,47.22,47.906666666666666,0.014436891162660328,55.4774553923328,-1,45.75,47.89638673123368,43.60361326876632
2017-01-23 00:00:00+05:30,47.07,47.71,46.82,47.22,725063,47.26666666666667,47.61,46.923333333333346,0.014527503526092802,55.4774553923328,-1,45.690799999999996,47.57396261645563,43.80763738354436
2017-01-24 00:00:00+05:30,47.07,47.61,46.48,46.82,669457,47.25,47.265,47.235,0.000634920634920659,55.4774553923328,-1,45.663199999999996,47.45700908683618,43.86939091316381
2017-01-25 00:00:00+05:30,46.82,47.27,45.74,45.84,1567018,46.97,47.045,46.894999999999996,0.003193527783691839,55.4774553923328,-1,45.614000000000004,47.31588601263895,43.91211398736106
2017-01-27 00:00:00+05:30,45.89,46.82,45.89,46.48,1082183,46.28333333333334,46.505,46.061666666666675,0.009578682030968556,55.4774553923328,-1,45.63960000000001,47.37327106453793,43.905928935462086
2017-01-30 00:00:00+05:30,46.82,46.82,45.84,45.93,593323,46.39666666666667,46.355000000000004,46.43833333333333,0.0017961060421006236,55.4774553923328,-1,45.6532,47.39043200523593,43.91596799476407
2017-01-31 00:00:00+05:30,46.03,46.33,45.0,45.2,957715,46.196666666666665,46.33,46.06333333333333,0.005772422252687764,55.4774553923328,-1,45.673199999999994,47.37727248672585,43.96912751327414
2017-02-01 00:00:00+05:30,45.54,46.72,44.75,45.2,1891005,45.51,45.665,45.355,0.006811689738519057,55.4774553923328,-1,45.6616,47.374428584539636,43.948771415460364
2017-02-02 00:00:00+05:30,45.54,46.23,45.24,45.64,798633,45.55666666666667,45.735,45.378333333333345,0.007829077339576825,55.4774553923328,-1,45.6932,47.373816267925555,44.01258373207444
2017-02-03 00:00:00+05:30,45.84,46.67,44.95,45.29,1954678,45.70333333333334,45.735,45.67166666666668,0.0013857486689516087,55.4774553923328,-1,45.7188,47.35395694660055,44.083643053399456
2017-02-06 00:00:00+05:30,46.23,46.72,45.64,45.74,1836228,45.63666666666666,45.81,45.463333333333324,0.007596231100723357,55.4774553923328,-1,45.754400000000004,47.35063637347857,44.158163626521436
2017-02-07 00:00:00+05:30,45.84,45.98,45.15,45.29,886750,46.03333333333333,46.18,45.88666666666666,0.0063721940622737845,55.4774553923328,-1,45.7248,47.326929782513275,44.12267021748673
2017-02-08 00:00:00+05:30,45.44,45.74,45.05,45.15,887594,45.47333333333333,45.565,45.38166666666666,0.004031666911010199,55.4774553923328,-1,45.6916,47.30555593496726,44.07764406503274
2017-02-09 00:00:00+05:30,45.54,45.74,44.41,44.55,2347467,45.31333333333333,45.394999999999996,45.23166666666667,0.0036045314109164387,55.30943735535202,-1,45.66759999999999,47.330169385023076,44.00503061497691
2017-02-10 00:00:00+05:30,45.1,45.24,44.65,44.75,1320253,44.9,45.075,44.724999999999994,0.0077951002227173395,54.963259861137935,-1,45.63399999999999,47.33499265137038,43.93300734862961
2017-02-13 00:00:00+05:30,45.24,45.44,44.65,44.8,862289,44.879999999999995,44.945,44.81499999999999,0.0028966131907310535,54.88372946669242,-1,45.62,47.34232401133354,43.89767598866646
2017-02-14 00:00:00+05:30,44.85,44.85,43.67,43.86,1040253,44.96333333333333,45.045,44.88166666666666,0.0036325895173847083,54.035580288024725,-1,45.572399999999995,47.416571618916215,43.728228381083774
2017-02-15 00:00:00+05:30,44.06,44.21,42.29,42.39,1470326,44.126666666666665,44.260000000000005,43.993333333333325,0.006043208943949538,53.17215707650374,-1,45.47,47.68753737285668,43.252462627143316
2017-02-16 00:00:00+05:30,42.48,43.37,42.39,42.63,1056635,42.96333333333333,43.25,42.67666666666666,0.013344712545581606,52.67967079344358,-1,45.367200000000004,47.84793227898864,42.88646772101137
2017-02-17 00:00:00+05:30,43.03,43.47,42.19,42.34,1210137,42.79666666666666,42.879999999999995,42.713333333333324,0.0038943842978426224,52.596083961705844,-1,45.2588,48.00782932687452,42.50977067312548
2017-02-20 00:00:00+05:30,42.44,43.37,42.19,42.39,1247129,42.666666666666664,42.83,42.50333333333333,0.007656250000000031,52.48584060323761,-1,45.1464,48.11673266824042,42.17606733175958
2017-02-21 00:00:00+05:30,42.58,44.95,42.39,43.91,2822178,42.65,42.78,42.519999999999996,0.006096131301289686,52.48584060323761,-1,45.1108,48.11799095503033,42.103609044969666
2017-02-22 00:00:00+05:30,44.26,45.1,44.16,44.31,1818665,43.75,43.67,43.83,0.003657142857142779,52.48584060323761,-1,45.038000000000004,48.03105863624759,42.044941363752415
2017-02-23 00:00:00+05:30,44.36,44.7,43.77,44.01,650832,44.52333333333333,44.629999999999995,44.41666666666667,0.004791495096204029,52.48584060323761,-1,44.9828,47.99867012983256,41.966929870167434
2017-02-27 00:00:00+05:30,44.6,44.85,42.83,43.08,1989243,44.16,44.235,44.084999999999994,0.0033967391304349118,52.48584060323761,-1,44.775999999999996,47.568091689041815,41.98390831095818
2017-02-28 00:00:00+05:30,42.78,43.37,42.29,42.39,1558561,43.586666666666666,43.84,43.33333333333333,0.011624349954114595,52.48584060323761,-1,44.6084,47.44980629970732,41.76699370029269
2017-03-01 00:00:00+05:30,42.58,42.88,41.65,41.75,2015782,42.68333333333334,42.83,42.536666666666676,0.006872315501756868,52.116129975563645,-1,44.3896,47.2353152633418,41.5438847366582
2017-03-02 00:00:00+05:30,41.89,42.09,40.86,41.01,2502759,42.093333333333334,42.265,41.92166666666667,0.0081564776686728,51.2764847765411,-1,44.1572,47.117678447821675,41.19672155217833
2017-03-03 00:00:00+05:30,40.81,42.19,40.81,41.35,1047480,41.32,41.475,41.165,0.007502420135527645,51.2764847765411,-1,43.977599999999995,47.050575261862136,40.904624738137855
2017-03-06 00:00:00+05:30,41.6,42.34,41.4,41.7,1303875,41.449999999999996,41.5,41.39999999999999,0.0024125452352233663,51.2764847765411,-1,43.7864,46.80716483030651,40.76563516969349
2017-03-07 00:00:00+05:30,41.89,41.94,41.35,41.55,847904,41.81333333333334,41.870000000000005,41.756666666666675,0.002710459183673383,51.104144675257864,-1,43.6112,46.62239149839674,40.600008501603256
2017-03-08 00:00:00+05:30,41.79,42.98,41.5,41.7,2156238,41.61333333333333,41.644999999999996,41.58166666666666,0.0015219480935597385,51.104144675257864,-1,43.471199999999996,46.4993047273859,40.443095272614094
2017-03-09 00:00:00+05:30,41.89,44.36,41.79,44.06,5907738,42.059999999999995,42.239999999999995,41.879999999999995,0.008559201141226807,51.104144675257864,-1,43.425599999999996,46.38167350382511,40.46952649617488
2017-03-10 00:00:00+05:30,43.67,45.84,43.67,44.16,4539622,43.403333333333336,43.075,43.73166666666667,0.015129406343598792,51.104144675257864,-1,43.366400000000006,46.19943303193185,40.533366968068165
2017-03-14 00:00:00+05:30,45.1,45.44,43.86,43.96,1240616,44.55666666666667,44.755,44.35833333333334,0.008902521134136181,51.104144675257864,-1,43.313199999999995,46.047993418161035,40.578406581838955
2017-03-15 00:00:00+05:30,44.6,45.24,43.91,44.16,2531806,44.419999999999995,44.65,44.18999999999999,0.01035569563259811,51.104144675257864,-1,43.25,45.825956521375495,40.674043478624505
2017-03-16 00:00:00+05:30,44.51,45.49,44.06,44.7,2609848,44.43666666666667,44.575,44.29833333333333,0.006226089565674086,51.104144675257864,-1,43.22639999999999,45.737150517279034,40.71564948272095
2017-03-17 00:00:00+05:30,44.65,45.93,44.65,44.9,3224868,44.75,44.775000000000006,44.724999999999994,0.001117318435754444,51.104144675257864,-1,43.2164,45.6982501485821,40.7345498514179
2017-03-20 00:00:00+05:30,45.05,45.1,44.16,44.31,1014550,45.16,45.29,45.029999999999994,0.005757307351638732,51.104144675257864,-1,43.2068,45.669726519410794,40.74387348058921
2017-03-21 00:00:00+05:30,44.36,44.41,43.47,43.57,844081,44.52333333333333,44.629999999999995,44.41666666666667,0.004791495096204029,51.104144675257864,-1,43.1596,45.5464739723783,40.772726027621694
2017-03-22 00:00:00+05:30,43.37,43.57,42.78,43.08,667189,43.81666666666666,43.94,43.69333333333333,0.005629516926588126,51.104144675257864,-1,43.0908,45.381804460933466,40.79979553906654
2017-03-23 00:00:00+05:30,43.27,43.72,42.58,42.73,1154889,43.14333333333334,43.175,43.11166666666668,0.0014679749671633708,51.104144675257864,-1,43.04560000000001,45.31863553866126,40.77256446133875
2017-03-24 00:00:00+05:30,43.08,43.22,42.63,42.73,803624,43.01,43.15,42.87,0.006510113926993749,51.104144675257864,-1,43.059200000000004,45.32042034309288,40.79797965690713
2017-03-27 00:00:00+05:30,42.98,43.08,41.65,41.79,1869425,42.85999999999999,42.925,42.79499999999999,0.00303313112459192,51.104144675257864,-1,43.025600000000004,45.335765916123144,40.715434083876865
2017-03-28 00:00:00+05:30,42.09,42.44,41.65,41.75,1333027,42.173333333333325,42.364999999999995,41.981666666666655,0.009089472020234114,51.104144675257864,-1,43.001999999999995,45.35142035404843,40.65257964595156
2017-03-29 00:00:00+05:30,41.89,43.08,41.6,41.99,2975453,41.946666666666665,42.045,41.84833333333333,0.0046884933248571015,51.104144675257864,-1,42.986000000000004,45.35722078263858,40.61477921736143
2017-03-30 00:00:00+05:30,42.39,42.78,42.09,42.34,890187,42.223333333333336,42.34,42.10666666666667,0.005526170363937813,51.104144675257864,-1,42.923199999999994,45.2762998788868,40.570100121113185
2017-03-31 00:00:00+05:30,42.58,42.63,41.89,41.99,1135171,42.403333333333336,42.435,42.37166666666667,0.0014935932709692454,51.104144675257864,-1,42.8304,45.14000069276426,40.520799307235734
2017-04-03 00:00:00+05:30,42.39,43.13,42.29,42.98,1152401,42.17000000000001,42.260000000000005,42.08000000000001,0.004268437277685382,51.104144675257864,-1,42.7892,45.04937995744082,40.52902004255918
2017-04-05 00:00:00+05:30,43.17,45.34,42.68,45.15,4547186,42.800000000000004,42.71,42.89000000000001,0.004205607476635673,51.104144675257864,-1,42.87200000000001,45.31314727126759,40.430852728732425
2017-04-06 00:00:00+05:30,44.6,45.89,44.6,44.85,2108144,44.39000000000001,44.010000000000005,44.77000000000001,0.017120973192160507,51.104144675257864,-1,42.9704,45.52173207560621,40.41906792439379
2017-04-07 00:00:00+05:30,44.41,46.72,44.41,45.64,5221257,45.11333333333334,45.245000000000005,44.98166666666667,0.005837150879267077,51.104144675257864,-1,43.126000000000005,45.83052065993534,40.42147934006467
2017-04-10 00:00:00+05:30,46.13,46.77,45.93,46.38,1826720,45.589999999999996,45.565,45.614999999999995,0.0010967317394164765,51.104144675257864,-1,43.3408,46.18819274425165,40.49340725574835
2017-04-11 00:00:00+05:30,46.58,46.97,46.13,46.67,1789554,46.36000000000001,46.35,46.37000000000001,0.0004314063848147159,51.104144675257864,-1,43.5536,46.56453941486986,40.54266058513014
2017-04-12 00:00:00+05:30,46.87,47.91,45.39,47.51,3758365,46.589999999999996,46.55,46.629999999999995,0.0017171066752521636,51.104144675257864,-1,43.786,47.073016884656475,40.49898311534353
2017-04-13 00:00:00+05:30,47.27,47.66,45.84,46.08,2255661,46.93666666666667,46.65,47.223333333333336,0.012215041545344883,51.104144675257864,-1,43.967200000000005,47.24060566383342,40.69379433616659
2017-04-17 00:00:00+05:30,46.23,47.81,45.84,46.48,2560102,46.526666666666664,46.75,46.30333333333333,0.009600229259206316,51.104144675257864,-1,44.1584,47.43815452740241,40.87864547259759
2017-04-18 00:00:00+05:30,46.63,47.22,45.34,45.64,2442325,46.71,46.825,46.595,0.004923999143652408,51.104144675257864,-1,44.22160000000001,47.551838093592806,40.89136190640721
2017-04-19 00:00:00+05:30,47.22,49.98,46.92,49.58,17264536,46.06666666666666,46.28,45.853333333333325,0.009261939218524093,51.104144675257864,-1,44.4384,48.37487834491903,40.50192165508097
2017-04-20 00:00:00+05:30,49.88,51.36,49.88,50.32,7343641,48.826666666666675,48.45,49.20333333333335,0.01542872747132737,51.104144675257864,-1,44.6928,49.246400843290544,40.13919915670945
2017-04-21 00:00:00+05:30,50.81,51.36,49.68,50.37,3388897,50.52,50.620000000000005,50.42,0.003958828186856746,51.104144675257864,-1,44.9412,50.00083894364176,39.881561056358244
2017-04-24 00:00:00+05:30,50.37,50.72,48.65,48.89,1966848,50.47,50.519999999999996,50.42,0.0019813750743014526,51.104144675257864,-1,45.1088,50.39776608421875,39.81983391578125
2017-04-25 00:00:00+05:30,49.48,50.12,48.45,48.7,1767657,49.419999999999995,49.685,49.15499999999999,0.010724403075678174,51.104144675257864,-1,45.260799999999996,50.73229389472529,39.789306105274704
2017-04-26 00:00:00+05:30,48.89,49.24,47.46,47.96,2987594,49.089999999999996,49.285,48.894999999999996,0.007944591566510503,51.104144675257864,-1,45.406800000000004,50.96315195429665,39.85044804570336
2017-04-27 00:00:00+05:30,48.4,50.08,48.05,48.55,2786030,48.22,48.35,48.089999999999996,0.005391953546246477,51.104144675257864,-1,45.606,51.24118091990098,39.97081908009903
2017-04-28 00:00:00+05:30,48.89,49.09,48.1,48.4,1569010,48.89333333333334,49.065,48.72166666666668,0.007022088901008716,51.104144675257864,-1,45.8188,51.45814838789163,40.17945161210837
2017-05-02 00:00:00+05:30,48.55,50.27,48.25,50.03,4297434,48.53,48.595,48.465,0.0026787554090252513,51.104144675257864,-1,46.1108,51.835497148322844,40.38610285167715
2017-05-03 00:00:00+05:30,49.83,50.37,49.24,49.34,1474108,49.51666666666667,49.260000000000005,49.77333333333334,0.010366879838438278,51.104144675257864,-1,46.37519999999999,52.06134068063881,40.68905931936118
2017-05-04 00:00:00+05:30,49.39,50.17,48.79,49.19,1743358,49.65,49.805,49.495,0.006243705941591184,51.104144675257864,-1,46.6712,52.13797036649753,41.20442963350247
2017-05-05 00:00:00+05:30,49.19,49.63,48.5,48.79,1788044,49.38333333333333,49.480000000000004,49.28666666666666,0.003914951063111891,51.104144675257864,-1,46.952799999999996,52.09203735976607,41.813562640233926
2017-05-08 00:00:00+05:30,49.24,51.21,48.6,50.08,4124835,48.97333333333333,49.065,48.88166666666666,0.0037435338959979,51.104144675257864,-1,47.276399999999995,52.13612140765447,42.41667859234552
2017-05-09 00:00:00+05:30,50.37,50.52,49.09,49.58,1017752,49.96333333333333,49.905,50.02166666666666,0.0023350457001799995,51.104144675257864,-1,47.566,52.06395331234275,43.06804668765726
2017-05-10 00:00:00+05:30,49.78,50.62,48.89,49.04,1733510,49.73,49.80500000000001,49.65499999999999,0.0030162879549571666,51.104144675257864,-1,47.848,51.75778669495088,43.93821330504912
2017-05-11 00:00:00+05:30,49.29,49.78,48.4,48.99,1261389,49.51666666666666,49.754999999999995,49.27833333333332,0.009626388421407077,51.104144675257864,-1,48.0884,51.475484551648336,44.701315448351664
2017-05-12 00:00:00+05:30,49.53,50.52,49.39,49.68,3689271,49.05666666666667,49.09,49.02333333333334,0.001358972616701696,51.104144675257864,-1,48.26959999999999,51.489048300565585,45.050151699434394
2017-05-15 00:00:00+05:30,43.03,43.62,40.07,41.06,21193561,49.86333333333334,49.955,49.771666666666675,0.003676716358045115,51.104144675257864,-1,48.118,52.2068218352008,44.029178164799205
2017-05-16 00:00:00+05:30,40.91,41.79,39.92,40.07,6082893,41.583333333333336,41.845,41.32166666666667,0.012585170340681193,51.104144675257864,-1,47.895199999999996,52.984470658946606,42.805929341053385
2017-05-17 00:00:00+05:30,40.12,40.51,38.69,38.84,4836008,40.593333333333334,40.855000000000004,40.33166666666666,0.012892100509114974,51.104144675257864,-1,47.593599999999995,53.7814070558167,41.40579294418329
2017-05-18 00:00:00+05:30,38.84,39.53,38.44,38.74,3377425,39.346666666666664,39.599999999999994,39.093333333333334,0.012876990850558979,51.104144675257864,-1,47.276399999999995,54.368071464472614,40.18472853552738
2017-05-19 00:00:00+05:30,38.94,39.97,38.64,38.94,2244818,38.903333333333336,38.985,38.82166666666667,0.004198440579213269,51.104144675257864,-1,46.9336,54.739515459445826,39.12768454055417
2017-05-22 00:00:00+05:30,39.18,39.63,37.06,37.31,2514503,39.18333333333333,39.305,39.06166666666666,0.006210123351765361,51.104144675257864,-1,46.5828,55.2512301139258,37.9143698860742
2017-05-23 00:00:00+05:30,37.46,37.56,34.8,34.94,3366160,38.0,38.345,37.655,0.018157894736842047,49.611693679830715,-1,46.1212,55.91795753706378,36.324442462936226
2017-05-24 00:00:00+05:30,34.99,35.19,32.43,32.82,3697996,35.766666666666666,36.18,35.35333333333333,0.023112767940354186,47.47722593263749,-1,45.60839999999999,56.70772708591002,34.509072914089955
2017-05-25 00:00:00+05:30,32.87,33.71,32.78,33.42,2585703,33.48,33.81,33.14999999999999,0.019713261648745845,46.62593689533199,-1,44.961999999999996,56.910601926586075,33.01339807341392
2017-05-26 00:00:00+05:30,33.27,35.39,33.27,34.7,2701130,33.303333333333335,33.245000000000005,33.361666666666665,0.0035031528375535992,46.62593689533199,-1,44.3372,56.72524523078669,31.949154769213315
2017-05-29 00:00:00+05:30,34.75,35.39,34.01,34.2,941877,34.45333333333333,34.33,34.57666666666667,0.007159442724458292,46.62593689533199,-1,43.6904,56.434385536715624,30.94641446328437
2017-05-30 00:00:00+05:30,34.01,34.25,32.92,33.22,1113811,34.53333333333334,34.7,34.366666666666674,0.009652509652509514,46.62593689533199,-1,43.06360000000001,56.25649976313084,29.870700236869176
2017-05-31 00:00:00+05:30,33.22,34.01,33.17,33.61,749378,33.46333333333333,33.585,33.34166666666666,0.007271640601653733,46.42904225122731,-1,42.46,55.94375022017309,28.97624977982691
2017-06-01 00:00:00+05:30,33.51,34.99,33.51,34.6,1042546,33.59666666666667,33.59,33.60333333333334,0.00039686476833025345,46.42904225122731,-1,41.925599999999996,55.553289553259496,28.297910446740495
2017-06-02 00:00:00+05:30,34.75,36.23,34.6,35.49,2598818,34.36666666666667,34.25,34.483333333333334,0.006789524733268698,46.42904225122731,-1,41.4032,54.97625415299071,27.830145847009284
2017-06-05 00:00:00+05:30,35.58,35.78,34.99,35.09,853443,35.44,35.415,35.464999999999996,0.0014108352144468724,46.42904225122731,-1,40.8708,54.34812189420505,27.393478105794955
2017-06-06 00:00:00+05:30,35.34,35.34,34.3,34.4,646567,35.28666666666667,35.385000000000005,35.18833333333333,0.005573398828641768,46.42904225122731,-1,40.2456,53.41190375466172,27.079296245338288
2017-06-07 00:00:00+05:30,34.5,34.89,34.3,34.6,567166,34.68,34.82,34.54,0.00807381776239911,46.42904225122731,-1,39.656000000000006,52.45550749052555,26.856492509474464
2017-06-08 00:00:00+05:30,34.5,34.7,34.3,34.4,426080,34.596666666666664,34.595,34.59833333333333,9.634839579912232e-05,46.010058073453685,-1,39.0644,51.40554948292986,26.72325051707014
2017-06-09 00:00:00+05:30,34.6,34.6,33.76,33.96,541625,34.46666666666667,34.5,34.43333333333334,0.0019342359767890581,45.46485575051554,-1,38.471199999999996,50.30045366369409,26.6419463363059
2017-06-12 00:00:00+05:30,33.86,34.5,33.61,34.16,1057820,34.10666666666666,34.18,34.033333333333324,0.004300234558248888,45.137661520494916,-1,37.8344,48.77609724311638,26.89270275688362
2017-06-13 00:00:00+05:30,34.25,34.55,33.61,33.96,827915,34.089999999999996,34.055,34.12499999999999,0.002053388090348876,44.982555059675114,-1,37.2096,47.133688641281935,27.285511358718068
2017-06-14 00:00:00+05:30,33.81,34.06,33.37,33.56,909880,34.04,34.08,34.0,0.0023501762632196915,44.37465285728812,-1,36.5904,45.34777948018821,27.833020519811797
2017-06-15 00:00:00+05:30,33.96,35.68,33.61,35.44,2555074,33.663333333333334,33.715,33.611666666666665,0.0030696108525598226,44.37465285728812,-1,36.048399999999994,43.19881074065131,28.897989259348673
2017-06-16 00:00:00+05:30,35.68,36.23,35.49,35.68,1367446,34.91,34.644999999999996,35.175,0.015181896304783764,44.37465285728812,-1,35.4884,39.9788794576996,30.9979205423004
2017-06-19 00:00:00+05:30,35.88,35.88,34.99,35.39,751630,35.800000000000004,35.86,35.74000000000001,0.0033519553072622996,44.37465285728812,-1,35.2616,39.13372677478698,31.389473225213024
2017-06-20 00:00:00+05:30,35.29,36.32,35.19,35.88,1250112,35.42,35.435,35.405,0.0008469791078487051,44.37465285728812,-1,35.094,38.44704041133153,31.740959588668474
2017-06-21 00:00:00+05:30,35.98,35.98,35.39,35.63,764599,35.79666666666666,35.754999999999995,35.838333333333324,0.002327963497532227,44.37465285728812,-1,34.9656,37.96188078791397,31.96931921208603
2017-06-22 00:00:00+05:30,35.49,35.98,34.5,34.8,721208,35.666666666666664,35.685,35.648333333333326,0.0010280373831778305,44.37465285728812,-1,34.808,37.37770037164305,32.23829962835695
2017-06-23 00:00:00+05:30,35.34,35.34,34.11,34.55,764701,35.09333333333333,35.239999999999995,34.94666666666666,0.008358662613981856,44.37465285728812,-1,34.632400000000004,36.57119368681213,32.69360631318788
2017-06-27 00:00:00+05:30,34.25,34.75,33.81,34.01,715308,34.666666666666664,34.725,34.60833333333333,0.003365384615384834,44.18278528794457,-1,34.5004,36.11411600971876,32.88668399028124
2017-06-28 00:00:00+05:30,34.45,35.39,33.96,35.09,918499,34.19,34.28,34.099999999999994,0.005264697279906605,44.18278528794457,-1,34.506400000000006,36.12770692961655,32.88509307038346
2017-06-29 00:00:00+05:30,35.34,35.58,34.75,35.29,963404,34.81333333333333,34.675,34.95166666666667,0.007947146687093188,44.18278528794457,-1,34.605199999999996,36.0994569524759,33.110943047524096
2017-06-30 00:00:00+05:30,34.75,35.19,34.75,35.04,500024,35.20666666666667,35.165,35.24833333333334,0.002366975951524601,44.18278528794457,-1,34.67,36.09179604726646,33.24820395273354
2017-07-03 00:00:00+05:30,35.09,35.98,34.99,35.09,526181,34.99333333333333,34.97,35.016666666666666,0.0013335873499714286,44.18278528794457,-1,34.6856,36.11689681059609,33.25430318940391
2017-07-04 00:00:00+05:30,35.49,35.98,34.99,35.49,609112,35.35333333333333,35.485,35.221666666666664,0.007448613992080014,44.18278528794457,-1,34.7372,36.18763463831449,33.28676536168551
2017-07-05 00:00:00+05:30,35.49,36.67,35.04,35.98,1469198,35.48666666666667,35.485,35.488333333333344,9.39319932372115e-05,44.18278528794457,-1,34.8476,36.23822322719794,33.45697677280206
2017-07-06 00:00:00+05:30,35.93,36.27,35.78,35.88,565571,35.89666666666667,35.855000000000004,35.93833333333333,0.0023214783173923833,44.18278528794457,-1,34.9384,36.28981620532772,33.586983794672285
2017-07-07 00:00:00+05:30,36.08,36.08,35.29,35.58,360119,35.97666666666667,36.025000000000006,35.92833333333333,0.002686926711757942,44.18278528794457,-1,34.977599999999995,36.34424587952488,33.610954120475114
2017-07-10 00:00:00+05:30,35.68,36.47,35.58,35.98,153032,35.65,35.685,35.614999999999995,0.00196353436185154,44.18278528794457,-1,34.9972,36.40608063370263,33.58831936629737
2017-07-11 00:00:00+05:30,35.73,36.47,35.73,36.18,945148,36.01,36.025,35.995,0.0008331019161344388,44.18278528794457,-1,35.0408,36.52397410981391,33.55762589018608
2017-07-12 00:00:00+05:30,36.37,36.47,35.78,36.13,618811,36.126666666666665,36.099999999999994,36.153333333333336,0.0014762871378485424,44.18278528794457,-1,35.11,36.62814623802262,33.591853761977376
2017-07-13 00:00:00+05:30,36.13,41.3,36.13,40.76,13427918,36.126666666666665,36.125,36.12833333333333,9.226794611543555e-05,44.18278528794457,-1,35.3564,38.026212757483584,32.68658724251642
2017-07-14 00:00:00+05:30,41.01,41.3,38.69,38.89,2765375,39.39666666666667,38.715,40.07833333333333,0.034605296556392155,44.18278528794457,-1,35.536,38.510951428178615,32.56104857182139
2017-07-17 00:00:00+05:30,37.26,38.94,36.47,36.96,4847390,39.626666666666665,39.995,39.25833333333333,0.018590174966352572,44.18278528794457,-1,35.656000000000006,38.608926683820975,32.70307331617904
2017-07-18 00:00:00+05:30,36.47,36.77,35.73,36.37,2314927,37.45666666666667,37.705,37.20833333333334,0.013259766841683424,44.18278528794457,-1,35.7444,38.64474524841817,32.84405475158183
2017-07-19 00:00:00+05:30,36.23,36.67,35.09,35.73,3671551,36.29,36.25,36.33,0.0022044640396803056,44.18278528794457,-1,35.8152,38.62278469863721,33.00761530136278
2017-07-20 00:00:00+05:30,35.88,36.13,33.96,34.11,3695427,35.830000000000005,35.88,35.78000000000001,0.002790957298353176,44.18278528794457,-1,35.837199999999996,38.581663634304846,33.092736365695146
2017-07-21 00:00:00+05:30,34.35,34.35,33.51,33.76,1903735,34.733333333333334,35.045,34.42166666666667,0.01794625719769678,44.18278528794457,-1,35.77,38.62991887997227,32.91008112002773
2017-07-24 00:00:00+05:30,33.76,34.11,32.63,32.82,2040146,33.873333333333335,33.93,33.81666666666667,0.0033457980712457112,43.67311242528006,-1,35.6556,38.740707868458074,32.570492131541926
2017-07-25 00:00:00+05:30,32.78,33.02,31.64,31.79,3124232,33.18666666666667,33.370000000000005,33.00333333333333,0.011048613901165355,42.60738792826885,-1,35.5116,38.94882529957261,32.07437470042739
2017-07-26 00:00:00+05:30,31.79,33.81,31.0,32.92,5020996,32.15,32.33,31.97,0.011197511664074632,42.60738792826885,-1,35.3932,38.97249476852942,31.813905231470578
2017-07-27 00:00:00+05:30,33.02,33.56,32.38,32.73,1519435,32.57666666666667,32.405,32.748333333333335,0.010539240765374,42.60738792826885,-1,35.2772,39.003240343316506,31.551159656683495
2017-07-28 00:00:00+05:30,32.73,34.5,32.53,34.3,3145467,32.88999999999999,32.97,32.80999999999999,0.00486470051687476,42.60738792826885,-1,35.257200000000005,38.99860730742086,31.515792692579147
2017-07-31 00:00:00+05:30,34.5,34.75,33.71,33.91,992292,33.776666666666664,33.515,34.03833333333333,0.015493930721405104,42.60738792826885,-1,35.2316,39.0006685533726,31.462531446627402
2017-08-01 00:00:00+05:30,34.16,34.5,33.12,33.27,761755,34.123333333333335,34.230000000000004,34.016666666666666,0.0062518315912866535,42.60738792826885,-1,35.202,39.0202802411586,31.38371975884139
2017-08-02 00:00:00+05:30,33.47,33.61,32.82,33.22,646327,33.63,33.81,33.45,0.010704727921498644,42.60738792826885,-1,35.127199999999995,39.02378935994316,31.23061064005683
2017-08-03 00:00:00+05:30,33.37,34.01,32.78,33.42,1034048,33.21666666666667,33.215,33.218333333333334,0.00010035122930246768,42.60738792826885,-1,35.0524,39.00500837422864,31.099791625771363
2017-08-04 00:00:00+05:30,33.51,34.5,33.32,33.71,1556045,33.40333333333333,33.394999999999996,33.41166666666666,0.0004989522003791754,42.60738792826885,-1,34.9992,38.98669212413296,31.011707875867042
2017-08-07 00:00:00+05:30,33.71,34.65,33.71,34.35,1102103,33.843333333333334,33.91,33.77666666666667,0.003939722249581181,42.60738792826885,-1,34.9696,38.96493519995787,30.97426480004213
2017-08-08 00:00:00+05:30,34.5,34.5,33.12,33.32,742362,34.23666666666667,34.18,34.293333333333344,0.0033102911108950617,42.60738792826885,-1,34.882799999999996,38.923174319295484,30.84242568070451
2017-08-09 00:00:00+05:30,33.51,33.51,32.53,32.73,747771,33.64666666666667,33.81,33.483333333333334,0.009708737864077709,42.60738792826885,-1,34.7528,38.85230443834649,30.65329556165351
2017-08-10 00:00:00+05:30,30.31,30.51,27.35,29.08,4205563,32.923333333333325,33.019999999999996,32.826666666666654,0.005872228409436336,39.92469021351933,-1,34.4808,39.11282044900741,29.848779550992596
2017-08-11 00:00:00+05:30,28.34,28.59,26.91,27.11,2935483,28.98,28.93,29.03,0.003450655624568717,38.912502604978556,-1,34.142,39.5729984349126,28.711001565087408
2017-08-14 00:00:00+05:30,27.4,27.95,27.11,27.3,1617872,27.536666666666665,27.75,27.32333333333333,0.015494492192228645,38.48120250077941,-1,33.7948,39.79172486529749,27.797875134702515
2017-08-16 00:00:00+05:30,27.8,27.8,27.11,27.3,1267877,27.453333333333333,27.53,27.376666666666665,0.005585235551238562,38.16135440074823,-1,33.4396,39.86590215287327,27.013297847126733
2017-08-17 00:00:00+05:30,27.35,28.09,26.37,26.42,2197925,27.403333333333332,27.455,27.351666666666667,0.0037708307991727915,37.989700224718305,-1,33.0512,39.937402599402944,26.16499740059706
2017-08-18 00:00:00+05:30,26.32,31.74,25.78,31.69,7308085,26.959999999999997,27.23,26.689999999999994,0.020029673590504685,37.989700224718305,-1,32.688399999999994,38.82693840584419,26.549861594155804
2017-08-21 00:00:00+05:30,31.79,32.87,30.16,30.36,4278678,29.736666666666665,28.759999999999998,30.71333333333333,0.0656877031722901,37.989700224718305,-1,32.3472,37.99784957682074,26.69655042317926
2017-08-22 00:00:00+05:30,30.56,31.05,29.08,29.77,1728474,31.13,31.515,30.744999999999997,0.02473498233215558,37.989700224718305,-1,32.059599999999996,37.46859541135178,26.650604588648214
2017-08-23 00:00:00+05:30,30.26,31.05,29.57,30.85,1468374,29.966666666666665,30.064999999999998,29.868333333333332,0.006562847608453797,37.989700224718305,-1,31.838799999999996,36.96945241855504,26.708147581444944
2017-08-24 00:00:00+05:30,31.05,31.35,30.11,30.31,891052,30.49,30.310000000000002,30.669999999999995,0.011807149885208014,37.989700224718305,-1,31.622000000000003,36.529841888246295,26.714158111753708
2017-08-28 00:00:00+05:30,30.8,33.12,30.31,32.23,3552459,30.59,30.73,30.45,0.00915331807780324,37.989700224718305,-1,31.546800000000005,36.356479307399304,26.737120692600705
2017-08-29 00:00:00+05:30,32.04,32.97,31.64,32.82,3835117,31.886666666666667,31.714999999999996,32.05833333333334,0.010767300857202827,37.989700224718305,-1,31.5092,36.2634618186239,26.754938181376097
2017-08-30 00:00:00+05:30,33.27,33.91,32.28,32.82,1259364,32.47666666666667,32.305,32.64833333333333,0.010571692497177472,37.989700224718305,-1,31.5092,36.2634618186239,26.754938181376097
2017-08-31 00:00:00+05:30,33.17,33.66,31.69,31.89,1035667,33.00333333333333,33.095,32.91166666666666,0.00555499444500567,37.989700224718305,-1,31.5132,36.26856823390419,26.757831766095812
2017-09-01 00:00:00+05:30,33.02,33.27,31.74,31.99,1781296,32.413333333333334,32.675,32.15166666666667,0.01614561908679534,37.989700224718305,-1,31.476000000000003,36.20122084140256,26.750779158597446
2017-09-04 00:00:00+05:30,32.13,32.43,31.05,31.49,648547,32.333333333333336,32.505,32.16166666666667,0.01061855670103094,37.989700224718305,-1,31.426400000000005,36.12387806381521,26.728921936184793
2017-09-05 00:00:00+05:30,31.54,32.53,31.44,31.74,735029,31.656666666666666,31.740000000000002,31.57333333333333,0.005264820469622135,37.989700224718305,-1,31.323999999999998,35.875799644099594,26.772200355900402
2017-09-06 00:00:00+05:30,31.44,32.04,31.1,31.4,1287189,31.903333333333332,31.985,31.821666666666665,0.005119632222338334,37.989700224718305,-1,31.2236,35.65186152796166,26.79533847203835
2017-09-07 00:00:00+05:30,31.94,32.38,31.2,31.44,2032521,31.513333333333332,31.57,31.456666666666663,0.003596361328538296,37.989700224718305,-1,31.1504,35.50074703903324,26.800052960966756
2017-09-08 00:00:00+05:30,31.35,31.69,30.41,31.35,1568755,31.673333333333332,31.79,31.556666666666665,0.007366870132603693,37.989700224718305,-1,31.075599999999998,35.34458050593176,26.806619494068237
2017-09-11 00:00:00+05:30,32.04,32.04,30.9,31.35,911268,31.150000000000002,31.05,31.250000000000004,0.006420545746388534,37.989700224718305,-1,30.992800000000003,35.15566255358323,26.82993744641678
2017-09-12 00:00:00+05:30,31.64,32.38,31.4,32.04,2964103,31.429999999999996,31.47,31.389999999999993,0.0025453388482343433,37.989700224718305,-1,30.926,34.96403516577376,26.887964834226242
2017-09-13 00:00:00+05:30,32.04,32.04,31.49,31.54,1331408,31.939999999999998,31.89,31.989999999999995,0.0031308703819660087,37.989700224718305,-1,30.813599999999997,34.613561599809344,27.013638400190654
2017-09-14 00:00:00+05:30,31.69,32.04,31.05,31.35,1581241,31.689999999999998,31.765,31.614999999999995,0.004733354370464049,37.989700224718305,-1,30.7348,34.40301207675151,27.066587923248488
2017-09-15 00:00:00+05:30,31.44,31.64,28.59,29.77,2242384,31.48,31.545,31.415,0.004129606099110628,37.989700224718305,-1,30.6164,34.209686540206015,27.023113459793983
2017-09-18 00:00:00+05:30,29.97,30.46,28.73,29.28,1173644,30.0,30.115000000000002,29.884999999999998,0.007666666666666799,37.989700224718305,-1,30.6244,34.204836085175344,27.04396391482466
2017-09-19 00:00:00+05:30,29.57,30.16,29.08,29.57,1065903,29.49,29.595,29.384999999999998,0.007121057985757914,37.989700224718305,-1,30.722799999999996,34.036787423033715,27.40881257696628
2017-09-20 00:00:00+05:30,29.57,29.87,29.33,29.42,543520,29.603333333333335,29.619999999999997,29.586666666666673,0.0011259993244001013,37.989700224718305,-1,30.8076,33.86551186269742,27.749688137302584
2017-09-21 00:00:00+05:30,29.57,30.36,28.98,29.33,1151322,29.540000000000003,29.6,29.480000000000004,0.004062288422477909,37.989700224718305,-1,30.8888,33.664634692489,28.112965307510997
2017-09-22 00:00:00+05:30,29.13,29.57,28.59,28.68,746148,29.55666666666667,29.67,29.443333333333335,0.007668884628397425,37.989700224718305,-1,30.979200000000002,33.272221901340124,28.68617809865988
2017-09-25 00:00:00+05:30,28.73,28.88,27.3,27.8,724113,28.94666666666667,29.08,28.81333333333334,0.00921234454168558,37.989700224718305,-1,30.823600000000003,33.411540524823856,28.235659475176146
2017-09-26 00:00:00+05:30,27.8,28.44,27.6,27.8,510834,27.993333333333336,28.09,27.896666666666672,0.00690640628721105,37.989700224718305,-1,30.7212,33.56441125490626,27.877988745093734
2017-09-27 00:00:00+05:30,28.39,28.39,26.86,27.01,596829,27.94666666666667,28.020000000000003,27.873333333333335,0.005248091603053492,37.989700224718305,-1,30.610800000000005,33.787907716150926,27.43369228384908
2017-09-28 00:00:00+05:30,27.11,27.45,26.91,27.21,423495,27.42,27.625,27.215000000000003,0.014952589350838678,37.33082048601979,-1,30.4652,33.90766014356388,27.022739856436118
2017-09-29 00:00:00+05:30,27.21,27.6,26.22,26.42,1001492,27.189999999999998,27.18,27.199999999999996,0.0007355645457887467,37.041187666579,-1,30.3096,34.100116503067355,26.519083496932645
2017-10-03 00:00:00+05:30,26.71,28.44,26.42,28.14,2457153,26.74666666666667,26.91,26.58333333333334,0.012213359920239066,37.041187666579,-1,30.146,33.94389836620546,26.348101633794542
2017-10-04 00:00:00+05:30,28.14,28.73,26.91,27.45,1030863,27.666666666666668,27.43,27.903333333333336,0.017108433734939865,37.041187666579,-1,29.9312,33.70722677956953,26.155173220430466
2017-10-05 00:00:00+05:30,27.6,28.09,27.11,27.75,1115835,27.69666666666667,27.82,27.573333333333338,0.008906005536165456,37.041187666579,-1,29.728399999999997,33.40533646396377,26.051463536036223
2017-10-06 00:00:00+05:30,28.09,28.68,27.11,28.24,1171064,27.650000000000002,27.6,27.700000000000003,0.003616636528028984,37.041187666579,-1,29.582399999999996,33.1936946376648,25.971105362335198
2017-10-09 00:00:00+05:30,28.24,31.25,28.19,28.98,4123618,28.01,27.895,28.125000000000004,0.008211353088182934,37.041187666579,-1,29.462,32.94252869547525,25.981471304524753
2017-10-10 00:00:00+05:30,28.98,29.77,27.9,28.34,1428611,29.473333333333333,29.72,29.226666666666667,0.01673829450350596,37.041187666579,-1,29.336,32.740989280456944,25.93101071954305
2017-10-11 00:00:00+05:30,28.54,29.13,27.85,28.04,698922,28.67,28.835,28.505000000000003,0.011510289501220728,37.041187666579,-1,29.188000000000002,32.48199453551867,25.894005464481335
2017-10-12 00:00:00+05:30,27.9,28.34,27.85,27.99,351066,28.340000000000003,28.490000000000002,28.190000000000005,0.010585744530698557,37.041187666579,-1,29.051599999999997,32.24890226285019,25.854297737149803
2017-10-13 00:00:00+05:30,28.19,28.49,27.7,27.8,637615,28.06,28.095,28.025,0.0024946543121881783,37.041187666579,-1,28.906,31.984290434645025,25.827709565354972
2017-10-16 00:00:00+05:30,27.8,29.23,27.8,28.29,2039886,27.996666666666666,28.095,27.898333333333333,0.007024645791165571,37.041187666579,-1,28.7836,31.702667686784118,25.864532313215882
2017-10-17 00:00:00+05:30,28.29,28.83,27.85,27.99,3270824,28.439999999999998,28.515,28.364999999999995,0.0052742616033757276,37.041187666579,-1,28.6492,31.3870176418504,25.911382358149602
2017-10-18 00:00:00+05:30,28.09,28.49,27.85,27.99,588624,28.223333333333333,28.34,28.106666666666666,0.008267391047596585,37.041187666579,-1,28.4872,30.857978909984524,26.11642109001548
2017-10-23 00:00:00+05:30,28.34,28.78,27.8,27.9,697936,28.11,28.17,28.049999999999997,0.004268943436499628,37.041187666579,-1,28.341600000000003,30.366403634930442,26.316796365069564
2017-10-24 00:00:00+05:30,28.04,28.04,27.11,27.35,959022,28.159999999999997,28.29,28.029999999999994,0.009232954545454728,37.041187666579,-1,28.181600000000003,29.82679839533949,26.536401604660515
2017-10-25 00:00:00+05:30,27.4,27.85,27.11,27.55,901805,27.5,27.575,27.425,0.005454545454545403,36.934984755398325,-1,28.0928,29.620962504456806,26.564637495543195
2017-10-26 00:00:00+05:30,27.45,28.29,27.4,27.5,863081,27.503333333333334,27.48,27.526666666666667,0.0016967640286026005,36.934984755398325,-1,28.0216,29.486426870325552,26.556773129674447
2017-10-27 00:00:00+05:30,27.7,32.68,27.65,31.35,21707856,27.73,27.845,27.615000000000002,0.008294266137756828,36.934984755398325,-1,28.0928,29.967460673302693,26.218139326697308
2017-10-30 00:00:00+05:30,31.74,33.47,31.54,32.68,5160709,30.560000000000002,30.165,30.955000000000005,0.02585078534031434,36.934984755398325,-1,28.2232,30.77883828427021,25.667561715729786
2017-10-31 00:00:00+05:30,32.87,36.77,32.53,36.37,11739370,32.56333333333333,32.504999999999995,32.62166666666667,0.003582761797523009,36.934984755398325,-1,28.5048,32.58369051581767,24.425909484182327
2017-11-01 00:00:00+05:30,36.67,36.87,34.75,35.58,4738504,35.223333333333336,34.650000000000006,35.79666666666667,0.032554178101637014,36.934984755398325,-1,28.7808,33.71406316346768,23.84753683653232
2017-11-02 00:00:00+05:30,35.58,35.93,33.66,34.06,2149685,35.733333333333334,35.81,35.656666666666666,0.004291044776119477,36.934984755398325,-1,29.0312,34.35957332025703,23.702826679742966
2017-11-03 00:00:00+05:30,34.2,34.35,29.82,31.44,4110523,34.550000000000004,34.795,34.30500000000001,0.01418234442836454,36.934984755398325,-1,29.176800000000004,34.56127760140451,23.792322398595495
2017-11-06 00:00:00+05:30,29.82,33.71,29.82,33.07,5945975,31.87,32.085,31.655,0.01349231251961091,36.934984755398325,-1,29.419199999999996,34.93567400429175,23.90272599570825
2017-11-07 00:00:00+05:30,32.43,33.42,31.05,31.74,1964973,32.199999999999996,31.765,32.63499999999999,0.027018633540372376,36.934984755398325,-1,29.6004,35.11229979589855,24.08850020410145
2017-11-08 00:00:00+05:30,31.74,33.61,31.05,31.89,1323235,32.07,32.235,31.905,0.010289990645462996,36.934984755398325,-1,29.819199999999995,35.24229113329532,24.396108866704676
2017-11-09 00:00:00+05:30,32.09,33.27,32.09,32.82,1539140,32.18333333333333,32.33,32.03666666666666,0.00911444847229425,36.934984755398325,-1,30.0064,35.507250494244154,24.505549505755845
2017-11-10 00:00:00+05:30,32.73,33.42,32.28,32.73,797172,32.72666666666667,32.68000000000001,32.773333333333326,0.002851904664900779,36.934984755398325,-1,30.2176,35.7150707784604,24.7201292215396
2017-11-13 00:00:00+05:30,32.63,33.42,32.18,32.78,616291,32.81,32.85,32.77,0.0024382810118865677,36.934984755398325,-1,30.4188,35.9084770615425,24.929122938457507
2017-11-14 00:00:00+05:30,32.38,33.71,32.38,33.32,1044193,32.79333333333333,32.8,32.78666666666666,0.0004065867046148227,36.934984755398325,-1,30.622000000000003,36.14997973947316,25.09402026052685
2017-11-15 00:00:00+05:30,32.92,35.63,32.58,33.61,3782404,33.13666666666666,33.045,33.228333333333325,0.005532642591288289,36.934984755398325,-1,30.8072,36.41241905370571,25.20198094629429
2017-11-16 00:00:00+05:30,34.2,34.94,33.42,33.61,865824,33.940000000000005,34.105000000000004,33.775000000000006,0.009723040659988164,36.934984755398325,-1,31.017999999999997,36.63259811562905,25.40340188437094
2017-11-17 00:00:00+05:30,34.01,34.5,32.92,33.66,1169225,33.99,34.18,33.800000000000004,0.011179758752574152,36.934984755398325,-1,31.242800000000003,36.81230991021878,25.673290089781226
2017-11-20 00:00:00+05:30,33.91,34.25,32.53,32.68,766928,33.693333333333335,33.71,33.67666666666667,0.0009893153937474703,36.934984755398325,-1,31.4304,36.863284994183566,25.99751500581643
2017-11-21 00:00:00+05:30,32.97,33.51,32.33,32.53,782413,33.153333333333336,33.39,32.91666666666667,0.014277096320128567,36.934984755398325,-1,31.619600000000002,36.85961367937383,26.379586320626174
2017-11-22 00:00:00+05:30,32.82,32.82,32.04,32.33,526591,32.79,32.92,32.66,0.007929246721561608,36.934984755398325,-1,31.7812,36.8467931775089,26.7156068224911
2017-11-23 00:00:00+05:30,32.38,35.39,31.79,34.11,2529704,32.39666666666667,32.43,32.36333333333334,0.002057824879102671,36.934984755398325,-1,32.025999999999996,36.923810122904364,27.12818987709563
2017-11-24 00:00:00+05:30,34.8,35.19,33.27,33.61,1612840,33.763333333333335,33.59,33.93666666666667,0.010267548622766236,36.934984755398325,-1,32.2508,36.89639634923486,27.605203650765134
2017-11-27 00:00:00+05:30,34.5,36.37,34.01,35.83,5058677,34.02333333333333,34.230000000000004,33.81666666666666,0.012148525521701021,36.934984755398325,-1,32.568,37.06245169069866,28.073548309301337
2017-11-28 00:00:00+05:30,35.39,38.2,35.39,36.67,3910468,35.40333333333333,35.19,35.61666666666666,0.012051595894925026,36.934984755398325,-1,32.940799999999996,37.18108270755898,28.700517292441013
2017-11-29 00:00:00+05:30,36.72,37.21,36.27,36.57,1376495,36.75333333333334,36.795,36.71166666666667,0.0022673680391799905,36.934984755398325,-1,33.3016,37.1638467243851,29.4393532756149
2017-11-30 00:00:00+05:30,36.23,36.42,35.14,35.49,1136125,36.68333333333334,36.74,36.62666666666667,0.0030895047705587386,36.934984755398325,-1,33.6212,36.76591910351675,30.476480896483253
2017-12-01 00:00:00+05:30,35.54,35.98,32.63,33.51,1921432,35.68333333333334,35.78,35.58666666666667,0.0054180289584304904,36.934984755398325,-1,33.7076,36.713600825020364,30.701599174979634
2017-12-04 00:00:00+05:30,33.91,39.13,33.27,37.26,10700931,34.04,34.305,33.775,0.01556991774383082,21.651569442944428,1,33.8908,37.169818975245946,30.611781024754052
2017-12-05 00:00:00+05:30,37.95,38.34,35.98,37.26,3500765,36.553333333333335,36.2,36.906666666666666,0.01933248221776391,22.53270666522664,1,33.9264,37.32929702459874,30.523502975401264
2017-12-06 00:00:00+05:30,36.52,37.36,36.03,36.27,1463821,37.19333333333333,37.16,37.22666666666666,0.0017924359204157434,22.53270666522664,1,33.954,37.420691794784034,30.48730820521597
2017-12-07 00:00:00+05:30,36.47,38.1,36.23,37.26,1980661,36.553333333333335,36.695,36.41166666666667,0.0077512310778770225,22.803382462672875,1,34.082,37.7832646487414,30.380735351258597
2017-12-08 00:00:00+05:30,37.46,37.9,36.47,36.62,1060084,37.196666666666665,37.165,37.22833333333333,0.001702661528810805,22.997447164165962,1,34.2892,37.95545659767871,30.622943402321294
2017-12-11 00:00:00+05:30,36.72,36.96,34.99,36.13,1508008,36.99666666666667,37.185,36.80833333333334,0.010181097396161775,22.997447164165962,1,34.4116,38.111038573624725,30.71216142637527
2017-12-12 00:00:00+05:30,36.23,36.96,35.29,35.78,1039904,36.02666666666667,35.975,36.07833333333334,0.0028682457438935645,22.997447164165962,1,34.5732,38.14237343933052,31.004026560669484
2017-12-13 00:00:00+05:30,35.98,36.82,35.78,36.18,876979,36.01,36.125,35.894999999999996,0.006387114690363899,22.997447164165962,1,34.7448,38.191881641043956,31.297718358956043
2017-12-14 00:00:00+05:30,36.47,36.57,34.7,35.19,840904,36.26,36.3,36.22,0.0022062879205735878,22.997447164165962,1,34.8396,38.198968893114035,31.480231106885963
2017-12-15 00:00:00+05:30,36.32,37.46,35.49,36.57,1982864,35.48666666666667,35.635000000000005,35.33833333333334,0.008359947398083791,22.997447164165962,1,34.993199999999995,38.30348805997636,31.68291194002363
2017-12-18 00:00:00+05:30,35.73,37.7,34.45,36.72,1423855,36.50666666666667,36.475,36.538333333333334,0.0017348429510591465,22.997447164165962,1,35.1508,38.3991887452123,31.90241125478769
2017-12-19 00:00:00+05:30,37.85,37.85,36.47,36.77,393921,36.29,36.075,36.504999999999995,0.011848994213281693,23.129415282920164,1,35.288799999999995,38.5073478464708,32.07025215352919
2017-12-20 00:00:00+05:30,36.47,37.7,36.23,36.72,978041,37.03,37.16,36.900000000000006,0.007021334053469913,23.129415282920164,1,35.413199999999996,38.60286190058159,32.223538099418406
2017-12-21 00:00:00+05:30,36.47,37.06,36.27,36.62,425999,36.88333333333333,36.965,36.80166666666666,0.004428377767736315,23.129415282920164,1,35.5336,38.66868088572236,32.39851911427764
2017-12-22 00:00:00+05:30,36.37,37.16,35.98,36.18,840105,36.650000000000006,36.665000000000006,36.635000000000005,0.0008185538881309995,23.234554039749646,1,35.6344,38.68288856977053,32.585911430229466
2017-12-26 00:00:00+05:30,36.47,36.47,35.78,35.88,489745,36.44,36.56999999999999,36.31,0.007135016465422363,23.234554039749646,1,35.7624,38.56255016740558,32.962249832594416
2017-12-27 00:00:00+05:30,35.88,36.42,35.58,35.83,655945,36.04333333333333,36.125,35.96166666666666,0.004531582354573415,23.289381003033284,1,35.8944,38.36424423800801,33.42455576199198
2017-12-28 00:00:00+05:30,35.78,35.98,35.14,35.68,501387,35.943333333333335,36.0,35.88666666666667,0.003153111379022435,23.289381003033284,1,36.028400000000005,38.02911731137143,34.02768268862858
2017-12-29 00:00:00+05:30,36.03,36.03,35.44,35.58,394035,35.6,35.56,35.64,0.002247191011235907,23.62990153239548,1,36.087199999999996,37.939865280081975,34.23453471991802
2018-01-01 00:00:00+05:30,35.58,35.98,35.39,35.78,1115803,35.68333333333333,35.735,35.63166666666666,0.0028958430639889447,23.89890547109966,1,36.174,37.73460501089199,34.61339498910801
2018-01-02 00:00:00+05:30,35.88,37.21,34.99,35.73,1146785,35.71666666666667,35.685,35.748333333333335,0.001773215118992046,24.163749252255677,1,36.17,37.73461880342184,34.605381196578165
2018-01-03 00:00:00+05:30,36.08,36.18,35.44,35.78,356284,35.97666666666667,36.1,35.85333333333333,0.006856295747243668,24.163749252255677,1,36.1344,37.69237899858156,34.57642100141844
2018-01-04 00:00:00+05:30,35.58,35.98,35.24,35.39,451544,35.800000000000004,35.81,35.790000000000006,0.0005586592178769838,24.203439310878828,1,36.0872,37.660949865773226,34.51345013422678
2018-01-05 00:00:00+05:30,35.58,36.47,35.49,35.58,748676,35.53666666666667,35.61,35.46333333333334,0.004127192571053217,24.72730173844368,1,36.0908,37.65947250884984,34.522127491150165
2018-01-08 00:00:00+05:30,35.58,35.88,35.49,35.63,795865,35.84666666666667,35.980000000000004,35.71333333333334,0.007439092430723424,24.77320966890593,1,36.1756,37.35892521312663,34.992274786873374
2018-01-09 00:00:00+05:30,35.88,36.96,35.58,35.78,1685878,35.666666666666664,35.685,35.648333333333326,0.0010280373831778305,25.408281282149687,1,36.116400000000006,37.22235305507116,35.01044694492885
2018-01-10 00:00:00+05:30,35.78,36.72,35.68,35.93,877239,36.10666666666666,36.269999999999996,35.94333333333333,0.009047267355982313,25.48155003086371,1,36.0632,37.06725131344034,35.059148686559666
2018-01-11 00:00:00+05:30,36.08,36.23,35.54,35.73,466225,36.11000000000001,36.2,36.02000000000001,0.004984768762115552,25.48155003086371,1,36.041599999999995,37.050150325973505,35.033049674026486
2018-01-12 00:00:00+05:30,35.78,37.65,35.78,36.18,2972121,35.833333333333336,35.885,35.78166666666667,0.0028837209302323146,26.113804508443994,1,35.9984,36.87888495729416,35.11791504270583
2018-01-15 00:00:00+05:30,36.18,36.42,35.54,35.68,803441,36.53666666666667,36.715,36.358333333333334,0.009761883039868692,26.113804508443994,1,35.9608,36.81168039113693,35.109919608863066
2018-01-16 00:00:00+05:30,36.27,36.67,34.99,35.34,737967,35.88,35.980000000000004,35.78,0.005574136008918696,26.113804508443994,1,35.929199999999994,36.81072449768645,35.04767550231354
2018-01-17 00:00:00+05:30,35.29,35.49,34.65,34.89,702314,35.666666666666664,35.83,35.50333333333333,0.009158878504672934,26.113804508443994,1,35.8936,36.863777385853425,34.923422614146574
2018-01-18 00:00:00+05:30,35.14,35.58,33.07,33.42,1212255,35.01,35.07,34.949999999999996,0.0034275921165382623,26.113804508443994,1,35.7832,37.14641643183372,34.41998356816628
2018-01-19 00:00:00+05:30,33.61,33.91,33.27,33.51,469707,34.02333333333333,34.325,33.721666666666664,0.017732928382482773,26.113804508443994,1,35.716,37.33179206583691,34.100207934163095
2018-01-22 00:00:00+05:30,33.61,34.01,33.51,33.61,290108,33.56333333333333,33.59,33.53666666666666,0.0015890356539877348,26.113804508443994,1,35.5976,37.37176373540369,33.82343626459631
2018-01-23 00:00:00+05:30,33.61,34.4,33.51,33.61,572064,33.71,33.76,33.660000000000004,0.002966478789676485,26.113804508443994,1,35.4732,37.34837440256144,33.59802559743856
2018-01-24 00:00:00+05:30,33.66,33.86,31.84,32.33,1487653,33.839999999999996,33.955,33.724999999999994,0.006796690307328723,26.113804508443994,1,35.2956,37.46396218377415,33.12723781622585
2018-01-25 00:00:00+05:30,31.99,32.97,31.99,32.82,1056387,32.67666666666667,32.85,32.50333333333334,0.010608997245741018,26.113804508443994,1,35.1396,37.433156051205614,32.84604394879439
2018-01-29 00:00:00+05:30,32.82,33.22,32.53,32.73,216765,32.593333333333334,32.48,32.70666666666667,0.006954387400286572,26.113804508443994,1,34.984,37.3802236957392,32.58777630426081
2018-01-30 00:00:00+05:30,33.12,33.12,31.79,32.43,334217,32.82666666666666,32.875,32.77833333333332,0.002944760357433334,26.113804508443994,1,34.834,37.37696834428235,32.29103165571765
2018-01-31 00:00:00+05:30,32.63,32.63,31.69,31.99,332030,32.446666666666665,32.455,32.43833333333333,0.0005136634477090319,26.113804508443994,1,34.6784,37.4149887085973,31.941811291402708
2018-02-01 00:00:00+05:30,32.73,32.78,30.95,31.49,386163,32.10333333333333,32.160000000000004,32.04666666666666,0.0035302668466413857,26.113804508443994,1,34.5048,37.468366068104835,31.54123393189517
2018-02-02 00:00:00+05:30,31.54,31.54,29.18,29.52,734222,31.74,31.865000000000002,31.614999999999995,0.00787649653434175,26.113804508443994,1,34.258399999999995,37.76476760195255,30.752032398047444
2018-02-05 00:00:00+05:30,28.09,31.64,26.17,30.06,2613512,30.08,30.36,29.799999999999997,0.01861702127659582,26.113804508443994,1,34.037600000000005,37.86387664447079,30.211323355529217
2018-02-06 00:00:00+05:30,27.35,29.37,27.35,28.93,683461,29.290000000000003,28.905,29.675000000000004,0.026288835780129843,26.113804508443994,1,33.763600000000004,38.00958023547247,29.517619764527538
2018-02-07 00:00:00+05:30,29.23,30.26,29.23,29.47,405105,28.55,28.36,28.740000000000002,0.013309982486865239,26.113804508443994,1,33.513200000000005,37.99744698695589,29.028953013044113
2018-02-08 00:00:00+05:30,29.57,30.95,29.57,30.11,569337,29.653333333333336,29.745,29.56166666666667,0.00618255395683442,26.113804508443994,1,33.2864,37.8617316994534,28.7110683005466
2018-02-09 00:00:00+05:30,29.33,30.8,28.68,30.51,540972,30.209999999999997,30.259999999999998,30.159999999999997,0.003310162197947747,26.113804508443994,1,33.0912,37.70710405446466,28.475295945535343
2018-02-12 00:00:00+05:30,30.8,31.74,30.8,31.2,704704,29.99666666666667,29.740000000000002,30.253333333333337,0.01711301255695084,26.113804508443994,1,32.916,37.472862078231394,28.359137921768596
2018-02-14 00:00:00+05:30,31.54,33.47,31.35,32.82,3128793,31.246666666666666,31.27,31.223333333333333,0.0014934926392148557,26.113804508443994,1,32.8036,37.22371359130322,28.38348640869678
2018-02-15 00:00:00+05:30,33.27,34.2,33.02,33.27,1272097,32.54666666666666,32.41,32.68333333333332,0.00839819746005714,26.113804508443994,1,32.703199999999995,36.95930796855807,28.44709203144192
2018-02-16 00:00:00+05:30,33.42,33.81,32.53,33.42,1490311,33.49666666666667,33.61,33.38333333333334,0.006766842471887535,26.113804508443994,1,32.602799999999995,36.66363546084098,28.54196453915901
2018-02-19 00:00:00+05:30,33.51,33.51,32.53,32.68,1191106,33.25333333333334,33.17,33.33666666666667,0.005012028869286429,26.113804508443994,1,32.4808,36.336588043970224,28.62501195602978
2018-02-20 00:00:00+05:30,32.58,33.02,32.53,32.92,225344,32.906666666666666,33.019999999999996,32.79333333333334,0.006888168557536248,26.113804508443994,1,32.3504,35.905747431689875,28.795052568310126
2018-02-21 00:00:00+05:30,33.22,33.22,31.79,32.13,650580,32.82333333333334,32.775000000000006,32.87166666666667,0.0029450594089569615,26.113804508443994,1,32.2084,35.493794003772436,28.92300599622756
2018-02-22 00:00:00+05:30,32.13,32.82,31.79,32.43,296597,32.379999999999995,32.504999999999995,32.254999999999995,0.007720815318097592,26.113804508443994,1,32.092000000000006,35.12158214941005,29.06241785058996
2018-02-23 00:00:00+05:30,32.43,32.68,31.59,31.84,407605,32.346666666666664,32.305,32.38833333333333,0.0025762572135200517,26.113804508443994,1,31.97,34.77648962229046,29.16351037770953
2018-02-26 00:00:00+05:30,32.13,32.13,31.05,31.25,596866,32.03666666666667,32.135,31.93833333333334,0.006138799292477109,26.113804508443994,1,31.883200000000002,34.638701957906065,29.12769804209394
2018-02-27 00:00:00+05:30,31.54,31.54,30.46,31.25,600104,31.47666666666667,31.590000000000003,31.363333333333337,0.007201101344911571,26.113804508443994,1,31.792800000000003,34.47623374056902,29.10936625943099
2018-02-28 00:00:00+05:30,30.8,30.95,29.97,30.61,1658540,31.083333333333332,31.0,31.166666666666664,0.00536193029490609,26.113804508443994,1,31.6728,34.28789170776558,29.057708292234416
2018-03-01 00:00:00+05:30,30.66,34.6,30.31,33.32,5862050,30.51,30.46,30.560000000000002,0.00327761389708297,26.113804508443994,1,31.661199999999997,34.24419249709021,29.078207502909788
2018-03-05 00:00:00+05:30,31.84,32.87,31.05,31.4,1514030,32.74333333333333,32.455,33.031666666666666,0.017611727578132993,26.113804508443994,1,31.624000000000002,34.19414863383898,29.053851366161027
2018-03-06 00:00:00+05:30,31.69,32.43,30.41,30.75,653335,31.77333333333333,31.96,31.58666666666666,0.011749895090222682,26.113804508443994,1,31.5412,34.0851328293067,28.997267170693295
2018-03-07 00:00:00+05:30,30.66,31.3,30.26,30.71,802386,31.19666666666667,31.42,30.973333333333336,0.014317768992413679,26.113804508443994,1,31.4604,33.9763299195376,28.944470080462402
2018-03-08 00:00:00+05:30,30.85,31.35,29.33,29.87,1163260,30.75666666666667,30.78,30.73333333333334,0.0015172862252084017,26.113804508443994,1,31.358,33.91578028767612,28.800219712323877
2018-03-09 00:00:00+05:30,30.56,30.56,29.57,29.67,307224,30.183333333333334,30.34,30.026666666666667,0.010381004969630013,26.113804508443994,1,31.2652,33.89194320024334,28.63845679975666
2018-03-12 00:00:00+05:30,29.97,30.26,29.37,29.57,691094,29.933333333333334,30.064999999999998,29.80166666666667,0.008797327394209187,26.113804508443994,1,31.1884,33.89540826744668,28.48139173255332
2018-03-13 00:00:00+05:30,29.57,30.36,29.37,29.97,952184,29.733333333333334,29.815,29.651666666666667,0.005493273542600919,26.113804508443994,1,31.206400000000002,33.874498229080906,28.538301770919094
2018-03-14 00:00:00+05:30,29.67,29.97,29.57,29.77,281225,29.900000000000002,29.865000000000002,29.935000000000002,0.0023411371237458288,26.113804508443994,1,31.1948,33.88516277108212,28.50443722891788
2018-03-15 00:00:00+05:30,29.62,31.05,29.52,29.77,929829,29.77,29.77,29.77,0.0,26.113804508443994,1,31.2284,33.82409908888235,28.632700911117652
2018-03-16 00:00:00+05:30,29.82,30.21,29.62,29.67,312767,30.113333333333333,30.285,29.941666666666666,0.011401372592428616,26.113804508443994,1,31.2364,33.81152332909021,28.66127667090979
2018-03-19 00:00:00+05:30,29.18,29.18,28.59,28.78,1159190,29.833333333333332,29.915,29.751666666666665,0.005474860335195553,26.113804508443994,1,31.183199999999996,33.9002496940661,28.466150305933894
2018-03-20 00:00:00+05:30,28.59,28.93,28.24,28.39,759064,28.849999999999998,28.884999999999998,28.814999999999998,0.0024263431542461108,26.113804508443994,1,31.0984,34.018913269962106,28.177886730037894
2018-03-21 00:00:00+05:30,28.49,28.78,27.9,28.29,2263505,28.52,28.585,28.455,0.00455820476858354,26.113804508443994,1,30.982000000000003,34.10217435410665,27.861825645893354
2018-03-22 00:00:00+05:30,28.34,28.59,26.37,26.66,1463769,28.323333333333334,28.34,28.30666666666667,0.0011768859597504333,26.113804508443994,1,30.735599999999998,34.19115589739553,27.280044102604464
2018-03-23 00:00:00+05:30,26.17,27.11,24.54,25.53,1867218,27.206666666666667,27.48,26.933333333333334,0.02009311443273708,36.13659430806699,-1,30.426,34.28157674025888,26.570423259741116
2018-03-26 00:00:00+05:30,25.88,27.6,25.48,26.71,1593857,25.72666666666667,25.825,25.62833333333334,0.00764446747862108,36.13659430806699,-1,30.157600000000002,34.075821147411865,26.23937885258814
2018-03-27 00:00:00+05:30,27.21,27.95,26.91,27.4,3851223,26.596666666666664,26.54,26.65333333333333,0.004261185612231974,36.13659430806699,-1,29.946399999999997,33.86720759028363,26.025592409716367
2018-03-28 00:00:00+05:30,27.21,27.5,26.32,26.71,717738,27.419999999999998,27.43,27.409999999999997,0.0007293946024800557,36.13659430806699,-1,29.698,33.62063176961921,25.775368230380792
2018-04-02 00:00:00+05:30,27.11,27.99,26.52,27.9,334846,26.843333333333334,26.91,26.776666666666667,0.004967093008816572,36.13659430806699,-1,29.5288,33.381517773212316,25.676082226787685
2018-04-03 00:00:00+05:30,27.6,28.78,27.35,28.68,839618,27.47,27.255,27.685,0.015653440116490707,36.13659430806699,-1,29.378800000000002,33.05602643306422,25.701573566935785
2018-04-04 00:00:00+05:30,28.68,28.83,28.09,28.24,827809,28.27,28.065,28.474999999999998,0.014503006720905433,36.13659430806699,-1,29.2348,32.795326343116464,25.674273656883535
2018-04-05 00:00:00+05:30,28.49,28.64,28.34,28.44,1130838,28.386666666666667,28.46,28.313333333333333,0.005166744950681128,36.13659430806699,-1,29.1224,32.59775911238341,25.64704088761659
2018-04-06 00:00:00+05:30,28.73,28.73,28.09,28.44,596212,28.473333333333333,28.490000000000002,28.456666666666663,0.0011706860220090803,36.13659430806699,-1,29.01,32.383103022444836,25.636896977555168
2018-04-09 00:00:00+05:30,29.33,29.33,28.49,28.68,1651280,28.42,28.41,28.430000000000003,0.0007037297677692866,36.13659430806699,-1,28.9328,32.24366222003069,25.62193777996931
2018-04-10 00:00:00+05:30,28.93,28.98,28.34,28.78,595271,28.833333333333332,28.909999999999997,28.756666666666668,0.005317919075144354,36.13659430806699,-1,28.751199999999997,31.535805221575703,25.96659477842429
2018-04-11 00:00:00+05:30,28.59,29.08,28.49,28.83,783939,28.7,28.66,28.74,0.002787456445992972,36.13659430806699,-1,28.648400000000002,31.21553181586509,26.081268184134913
2018-04-12 00:00:00+05:30,28.49,29.08,28.49,28.98,391077,28.799999999999997,28.784999999999997,28.814999999999998,0.0010416666666667063,36.13659430806699,-1,28.577600000000004,31.00268411401066,26.15251588598935
2018-04-13 00:00:00+05:30,28.98,28.98,28.64,28.78,278161,28.849999999999998,28.784999999999997,28.915,0.004506065857885704,36.13659430806699,-1,28.5004,30.76672022451085,26.23407977548915
2018-04-16 00:00:00+05:30,28.78,28.98,28.49,28.83,152732,28.8,28.810000000000002,28.79,0.000694444444444553,36.13659430806699,-1,28.4588,30.66028546214299,26.25731453785701
2018-04-17 00:00:00+05:30,28.83,28.98,28.34,28.49,368178,28.766666666666666,28.735,28.798333333333332,0.002201622247972164,36.13659430806699,-1,28.411600000000004,30.557074716706534,26.266125283293473
2018-04-18 00:00:00+05:30,28.54,28.98,28.34,28.54,517034,28.603333333333335,28.66,28.54666666666667,0.003962242162917949,36.13659430806699,-1,28.3704,30.46424988956396,26.27655011043604
2018-04-19 00:00:00+05:30,28.64,28.73,28.39,28.59,186319,28.62,28.66,28.580000000000002,0.0027952480782668866,36.13659430806699,-1,28.3152,30.30777116310235,26.322628836897653
2018-04-20 00:00:00+05:30,28.49,28.54,27.6,27.99,557877,28.570000000000004,28.560000000000002,28.580000000000005,0.0007000350017501969,35.8990730599824,-1,28.243999999999996,30.148823351396942,26.33917664860305
2018-04-23 00:00:00+05:30,27.99,28.68,27.99,28.44,692803,28.043333333333333,28.07,28.016666666666666,0.001901818614049729,35.8990730599824,-1,28.1908,29.993739111569532,26.387860888430467
2018-04-24 00:00:00+05:30,28.44,28.44,27.3,27.95,191716,28.37,28.335,28.405,0.0024673951357067425,35.58994573207978,-1,28.122000000000003,29.82224939347944,26.42175060652057
2018-04-25 00:00:00+05:30,27.99,28.09,26.91,27.06,671482,27.896666666666665,27.87,27.92333333333333,0.0019118174214360424,35.24154790279658,-1,28.0532,29.780363871793078,26.326036128206923
2018-04-26 00:00:00+05:30,27.3,27.8,26.71,27.11,378838,27.353333333333335,27.5,27.20666666666667,0.01072386058981219,34.99208598668473,-1,28.002,29.76177271260447,26.24222728739553
2018-04-27 00:00:00+05:30,27.11,27.85,26.66,26.81,316703,27.206666666666667,27.255000000000003,27.15833333333333,0.003553050722862207,34.99208598668473,-1,27.9428,29.75852262199581,26.127077378004188
2018-04-30 00:00:00+05:30,26.81,27.35,26.22,26.61,580054,27.10666666666667,27.255000000000003,26.958333333333336,0.010944417117560262,34.55177044532864,-1,27.9408,29.762271229535987,26.119328770464012
2018-05-02 00:00:00+05:30,26.57,26.81,25.92,25.97,463876,26.72666666666667,26.785,26.66833333333334,0.004365178348715142,34.070299627515496,-1,27.9584,29.69277416955723,26.224025830442773
2018-05-03 00:00:00+05:30,26.02,26.12,25.14,25.78,309338,26.233333333333334,26.365000000000002,26.101666666666667,0.010038119440914945,33.30148764241488,-1,27.9212,29.795346803222028,26.04705319677797
2018-05-04 00:00:00+05:30,25.38,26.12,25.14,25.88,274623,25.680000000000003,25.630000000000003,25.730000000000004,0.00389408099688479,33.26902813671828,-1,27.8604,29.89037915260906,25.830420847390936
2018-05-07 00:00:00+05:30,25.88,27.6,25.14,27.26,1017212,25.713333333333335,25.630000000000003,25.796666666666667,0.006481721545242324,33.26902813671828,-1,27.882399999999997,29.873582804271717,25.891217195728277
2018-05-08 00:00:00+05:30,27.3,27.45,26.27,27.11,434590,26.666666666666668,26.37,26.963333333333335,0.022250000000000013,33.26902813671828,-1,27.8508,29.864806315786375,25.836793684213625
2018-05-09 00:00:00+05:30,27.11,27.3,26.32,26.57,397078,26.94333333333333,26.86,27.026666666666664,0.006185822095756439,33.26902813671828,-1,27.766399999999997,29.810950845547126,25.72184915445287
2018-05-10 00:00:00+05:30,26.22,26.52,25.28,25.53,344679,26.73,26.810000000000002,26.65,0.00598578376356168,33.26902813671828,-1,27.657999999999998,29.87103773127065,25.444962268729345
2018-05-11 00:00:00+05:30,25.53,26.07,24.94,25.04,319240,25.776666666666667,25.9,25.653333333333336,0.009569377990430464,33.26902813671828,-1,27.522,29.934951719373526,25.10904828062647
2018-05-14 00:00:00+05:30,25.33,25.33,23.66,24.1,628120,25.350000000000005,25.505000000000003,25.195000000000007,0.012228796844181267,32.663759075654035,-1,27.348399999999998,30.0761400462705,24.620659953729497
2018-05-15 00:00:00+05:30,23.9,25.88,23.71,24.79,994731,24.363333333333333,24.494999999999997,24.23166666666667,0.010808592146668284,32.663759075654035,-1,27.192800000000002,30.04012868493048,24.345471315069524
2018-05-16 00:00:00+05:30,24.15,25.14,24.1,24.45,388050,24.793333333333333,24.795,24.791666666666664,0.0001344447432107048,32.663759075654035,-1,27.0196,29.984037106775595,24.055162893224406
2018-05-17 00:00:00+05:30,24.54,24.89,24.15,24.3,1526122,24.563333333333333,24.62,24.506666666666664,0.004613923191749363,32.663759075654035,-1,26.8384,29.890537244625186,23.786262755374814
2018-05-18 00:00:00+05:30,24.3,25.14,23.85,24.0,439524,24.44666666666667,24.52,24.37333333333334,0.00599945459503659,32.663759075654035,-1,26.639200000000002,29.75561291231255,23.522787087687455
2018-05-21 00:00:00+05:30,23.41,26.07,23.41,24.59,1303871,24.330000000000002,24.495,24.165000000000003,0.013563501849568362,32.663759075654035,-1,26.4716,29.560007641492376,23.38319235850762
2018-05-22 00:00:00+05:30,24.54,24.54,24.1,24.25,547367,24.69,24.740000000000002,24.64,0.004050222762251981,32.663759075654035,-1,26.288399999999996,29.338607494586004,23.238192505413988
2018-05-23 00:00:00+05:30,24.35,24.94,23.9,24.1,432768,24.296666666666667,24.32,24.273333333333333,0.0019207024283166493,32.663759075654035,-1,26.112799999999996,29.141191097600963,23.08440890239903
2018-05-24 00:00:00+05:30,24.05,24.59,23.46,23.61,378725,24.313333333333333,24.42,24.206666666666663,0.008774335069920685,32.459452319679144,-1,25.915599999999998,28.928112997487133,22.903087002512862
2018-05-25 00:00:00+05:30,23.66,23.9,23.16,23.71,309667,23.886666666666667,24.025,23.748333333333335,0.011582472788166218,31.83427422689198,-1,25.720399999999998,28.6455980035596,22.795201996440397
2018-05-28 00:00:00+05:30,23.66,24.25,23.41,23.76,438120,23.590000000000003,23.53,23.650000000000006,0.005086901229334656,31.83427422689198,-1,25.551200000000005,28.420520867388177,22.681879132611833
2018-05-29 00:00:00+05:30,23.76,24.05,23.66,23.66,185507,23.80666666666667,23.83,23.78333333333334,0.001960235228227097,31.83427422689198,-1,25.36,28.06625349884843,22.65374650115157
2018-05-30 00:00:00+05:30,23.66,24.0,23.61,23.85,260173,23.790000000000003,23.855,23.725000000000005,0.005464480874316748,31.5828826824035,-1,25.195999999999998,27.74702802807603,22.644971971923965
2018-05-31 00:00:00+05:30,23.76,23.85,22.92,22.97,340162,23.820000000000004,23.805,23.835000000000008,0.0012594458438290612,31.11216737510736,-1,25.032400000000003,27.608749541508224,22.45605045849178
2018-06-01 00:00:00+05:30,23.07,23.16,22.33,22.67,499403,23.24666666666667,23.385,23.108333333333338,0.011901347863492846,30.395480680103063,-1,24.8548,27.445886999702978,22.263713000297024
2018-06-04 00:00:00+05:30,22.23,22.87,21.98,22.18,508732,22.72,22.744999999999997,22.695,0.002200704225351988,30.018661452898947,-1,24.6696,27.335986198589755,22.003213801410244
2018-06-05 00:00:00+05:30,22.18,22.28,21.24,21.44,512583,22.343333333333334,22.425,22.261666666666667,0.00731015963001644,29.341114994782984,-1,24.4628,27.292106741947592,21.63349325805241
2018-06-06 00:00:00+05:30,21.19,21.74,21.0,21.34,435365,21.653333333333332,21.759999999999998,21.546666666666667,0.009852216748768372,28.855070394991664,-1,24.277600000000003,27.288350232090046,21.26684976790996
2018-06-07 00:00:00+05:30,21.29,22.77,21.29,22.43,1164364,21.36,21.369999999999997,21.35,0.000936329588014795,28.855070394991664,-1,24.143600000000003,27.173091732952965,21.11410826704704
2018-06-08 00:00:00+05:30,22.57,23.36,22.43,22.97,939053,22.163333333333338,22.03,22.296666666666674,0.012031884493909134,28.855070394991664,-1,24.027200000000004,27.00404138644142,21.05035861355859
2018-06-11 00:00:00+05:30,21.93,22.92,21.0,22.52,9251267,22.919999999999998,22.895,22.944999999999997,0.002181500872600225,28.855070394991664,-1,23.837600000000002,26.559565642698416,21.115634357301587
2018-06-12 00:00:00+05:30,23.12,23.12,21.93,22.08,4334982,22.146666666666665,21.96,22.33333333333333,0.016857314870559654,28.855070394991664,-1,23.636400000000002,26.09161081783841,21.181189182161592
2018-06-13 00:00:00+05:30,21.93,22.52,21.49,21.88,1531491,22.376666666666665,22.525,22.22833333333333,0.013257857887680628,28.855070394991664,-1,23.448800000000002,25.68574305694868,21.211856943051323
2018-06-14 00:00:00+05:30,21.93,21.98,21.05,21.39,714602,21.963333333333335,22.005,21.92166666666667,0.0037942024586429773,28.855070394991664,-1,23.2832,25.49213255669589,21.074267443304112
2018-06-15 00:00:00+05:30,21.19,21.44,20.6,20.75,1694197,21.473333333333333,21.515,21.431666666666665,0.0038807823657250407,28.695602187979603,-1,23.111600000000003,25.412581912147765,20.81061808785224
2018-06-18 00:00:00+05:30,20.7,21.09,20.5,20.75,1572387,20.930000000000003,21.020000000000003,20.840000000000003,0.00860009555661728,28.32877810046042,-1,22.977600000000002,25.418650790137576,20.53654920986243
2018-06-19 00:00:00+05:30,20.75,21.59,20.36,20.9,603910,20.78,20.795,20.765,0.0014436958614052519,28.32877810046042,-1,22.822,25.276983503005958,20.36701649699404
2018-06-20 00:00:00+05:30,21.09,22.08,20.9,21.78,747856,20.95,20.975,20.924999999999997,0.0023866348448689386,28.32877810046042,-1,22.7152,25.109146498991045,20.321253501008954
2018-06-21 00:00:00+05:30,21.93,22.18,21.34,21.49,551474,21.586666666666662,21.49,21.683333333333326,0.008956145768992962,28.32877810046042,-1,22.6028,24.952005959474725,20.25359404052527
2018-06-22 00:00:00+05:30,21.49,22.87,21.29,22.67,1254458,21.669999999999998,21.759999999999998,21.58,0.008306414397784944,28.32877810046042,-1,22.549599999999995,24.829034877339467,20.270165122660522
2018-06-25 00:00:00+05:30,22.43,22.82,21.49,21.78,700407,22.276666666666667,22.08,22.473333333333336,0.017656740984587967,28.32877810046042,-1,22.437200000000004,24.575876375712728,20.29852362428728
2018-06-26 00:00:00+05:30,21.69,21.98,21.05,21.59,644075,22.03,22.155,21.905,0.011348161597821153,28.32877810046042,-1,22.3308,24.360010053205876,20.301589946794124
2018-06-27 00:00:00+05:30,21.49,21.98,20.7,21.09,494018,21.540000000000003,21.515,21.565000000000005,0.0023212627669454157,28.32877810046042,-1,22.2104,24.161100223005032,20.259699776994967
2018-06-28 00:00:00+05:30,20.7,21.09,20.6,20.75,190884,21.256666666666664,21.34,21.17333333333333,0.007840677434530567,28.32877810046042,-1,22.096,24.040403250365515,20.151596749634486
2018-06-29 00:00:00+05:30,20.7,21.09,20.5,20.65,617127,20.813333333333333,20.845,20.781666666666666,0.003042921204356146,28.227843136234526,-1,21.973599999999998,23.88109158845644,20.066108411543556
2018-07-02 00:00:00+05:30,20.85,20.9,20.45,20.7,280304,20.746666666666666,20.795,20.69833333333333,0.0046593830334192374,27.936529410785138,-1,21.8512,23.67535192350642,20.02704807649358
2018-07-03 00:00:00+05:30,20.9,20.9,20.5,20.7,209031,20.683333333333334,20.674999999999997,20.69166666666667,0.0008058017727641978,27.783068234353735,-1,21.7328,23.45326988931288,20.01233011068712
2018-07-04 00:00:00+05:30,20.7,20.8,20.45,20.6,227044,20.7,20.7,20.7,0.0,27.522745504979586,-1,21.6028,23.145696185759874,20.059903814240123
2018-07-05 00:00:00+05:30,20.6,20.7,20.26,20.31,280182,20.616666666666667,20.625,20.608333333333334,0.0008084074373483776,27.225035684780405,-1,21.496399999999998,23.01415497364774,19.978645026352254
2018-07-06 00:00:00+05:30,20.4,20.7,20.06,20.16,387425,20.423333333333332,20.48,20.366666666666664,0.005549208421740012,27.034434257389186,-1,21.396,22.92198820442117,19.870011795578833
2018-07-09 00:00:00+05:30,20.26,20.4,19.37,19.71,371075,20.30666666666667,20.38,20.233333333333338,0.0072225869993431295,26.56165688709362,-1,21.297200000000004,22.923872874315123,19.670527125684885
2018-07-10 00:00:00+05:30,19.76,20.8,19.67,20.4,515322,19.826666666666664,19.884999999999998,19.76833333333333,0.005884330867518518,26.56165688709362,-1,21.2556,22.9183310546305,19.592868945369503
2018-07-11 00:00:00+05:30,20.4,21.09,20.21,20.8,488471,20.29,20.235,20.345,0.0054213898472153495,26.56165688709362,-1,21.234,22.905789460438324,19.56221053956168
2018-07-12 00:00:00+05:30,20.8,20.9,20.36,20.65,402520,20.7,20.65,20.75,0.004830917874396204,26.56165688709362,-1,21.1628,22.77534601175679,19.550253988243213
2018-07-13 00:00:00+05:30,20.5,20.5,19.91,20.11,265412,20.636666666666667,20.63,20.643333333333334,0.0006460991762236514,26.56165688709362,-1,21.048399999999997,22.532563656755144,19.56423634324485
2018-07-16 00:00:00+05:30,20.11,20.4,19.42,19.91,325639,20.173333333333332,20.205,20.141666666666666,0.0031394580304031352,26.453353858963144,-1,20.944000000000003,22.365267040366763,19.52273295963324
2018-07-17 00:00:00+05:30,19.71,20.4,19.52,20.01,244972,19.91,19.91,19.91,0.0,26.453353858963144,-1,20.8612,22.248886650520554,19.473513349479447
2018-07-18 00:00:00+05:30,19.76,20.31,19.32,19.47,404030,19.97666666666667,19.96,19.99333333333334,0.0016686133822795865,26.35909891642043,-1,20.7648,22.190317393802342,19.33928260619766
2018-07-19 00:00:00+05:30,19.47,19.62,18.83,19.02,332444,19.7,19.814999999999998,19.585,0.011675126903553141,25.728534959763614,-1,20.67,22.225861176337112,19.11413882366289
2018-07-20 00:00:00+05:30,19.32,19.32,18.58,18.73,359161,19.156666666666666,19.225,19.08833333333333,0.00713415695145312,25.400593561373068,-1,20.5892,22.32002103061904,18.858378969380965
2018-07-23 00:00:00+05:30,18.73,19.91,18.73,19.76,479239,18.876666666666665,18.95,18.80333333333333,0.007769733356878066,25.400593561373068,-1,20.5496,22.308958792297123,18.79024120770288
2018-07-24 00:00:00+05:30,19.81,21.19,19.71,20.31,556887,19.46666666666667,19.32,19.613333333333337,0.015068493150685095,25.400593561373068,-1,20.526,22.281749412653525,18.770250587346474
2018-07-25 00:00:00+05:30,20.45,21.24,20.21,21.05,452319,20.403333333333336,20.450000000000003,20.35666666666667,0.004574415945107027,25.400593561373068,-1,20.496800000000004,22.191372229216928,18.80222777078308
2018-07-26 00:00:00+05:30,21.19,21.88,20.21,21.29,401842,20.833333333333332,20.725,20.941666666666663,0.01039999999999975,25.400593561373068,-1,20.4888,22.166344109713133,18.81125589028687
2018-07-27 00:00:00+05:30,21.39,24.25,21.0,23.76,3687486,21.12666666666667,21.045,21.208333333333336,0.007731145471757683,25.400593561373068,-1,20.5324,22.47081403214927,18.593985967850728
2018-07-30 00:00:00+05:30,23.41,23.9,22.57,23.71,1205519,23.003333333333334,22.625,23.381666666666668,0.03289378350963633,25.400593561373068,-1,20.6096,22.867942613518405,18.351257386481596
2018-07-31 00:00:00+05:30,23.46,23.51,22.47,22.77,2415368,23.393333333333334,23.235,23.55166666666667,0.013536620119692361,25.400593561373068,-1,20.656799999999997,23.04095247835223,18.272647521647762
2018-08-01 00:00:00+05:30,22.97,23.76,22.87,23.41,662555,22.916666666666668,22.990000000000002,22.843333333333334,0.00640000000000007,25.400593561373068,-1,20.7496,23.363510358071416,18.135689641928586
2018-08-02 00:00:00+05:30,23.16,25.83,22.57,24.84,2169650,23.346666666666668,23.315,23.378333333333334,0.0027127355796687284,25.400593561373068,-1,20.913200000000003,23.97954750803508,17.846852491964928
2018-08-03 00:00:00+05:30,24.35,25.04,24.25,24.69,770365,24.41333333333333,24.2,24.62666666666666,0.01747678864008721,25.400593561373068,-1,21.0748,24.476155588590053,17.673444411409946
2018-08-06 00:00:00+05:30,24.59,24.89,23.76,24.0,640545,24.66,24.645,24.675,0.0012165450121654961,25.400593561373068,-1,21.206799999999998,24.790950532557567,17.62264946744243
2018-08-07 00:00:00+05:30,24.0,24.74,24.0,24.4,879426,24.21666666666667,24.325000000000003,24.108333333333334,0.00894700619408129,25.400593561373068,-1,21.3548,25.142789947192654,17.566810052807348
2018-08-08 00:00:00+05:30,26.02,26.86,24.89,25.14,7134419,24.379999999999995,24.369999999999997,24.389999999999993,0.0008203445447086147,25.400593561373068,-1,21.5364,25.58834227007647,17.48445772992353
2018-08-09 00:00:00+05:30,25.28,25.48,24.45,25.23,919209,25.63,25.875,25.384999999999998,0.01911822083495911,25.400593561373068,-1,21.7332,25.999989781560878,17.466410218439123
2018-08-10 00:00:00+05:30,24.89,25.19,24.45,24.64,600725,25.05333333333333,24.965,25.141666666666662,0.007051623203831652,25.400593561373068,-1,21.912399999999998,26.27507910349044,17.549720896509555
2018-08-13 00:00:00+05:30,23.95,24.25,23.46,23.85,172270,24.76,24.82,24.700000000000003,0.004846526655896504,25.400593561373068,-1,22.078000000000003,26.407881291679033,17.748118708320973
2018-08-14 00:00:00+05:30,23.9,24.0,23.56,23.71,168525,23.853333333333335,23.855,23.85166666666667,0.0001397428731133441,25.400593561373068,-1,22.210400000000003,26.529357207478675,17.89144279252133
2018-08-16 00:00:00+05:30,24.35,25.53,23.56,24.64,1153590,23.75666666666667,23.78,23.73333333333334,0.0019643608811558753,25.400593561373068,-1,22.364,26.74409314969806,17.983906850301942
2018-08-17 00:00:00+05:30,24.69,25.38,24.64,25.04,395804,24.576666666666668,24.545,24.608333333333334,0.0025769700257696694,25.400593561373068,-1,22.5396,26.982300007881662,18.096899992118338
2018-08-20 00:00:00+05:30,25.04,25.04,24.4,24.54,269417,25.02,25.009999999999998,25.03,0.0007993605115908524,25.400593561373068,-1,22.7168,27.11086042744425,18.322739572555747
2018-08-21 00:00:00+05:30,24.74,24.89,24.3,24.45,226561,24.659999999999997,24.72,24.599999999999994,0.004866180048661985,25.400593561373068,-1,22.898400000000002,27.18745464642635,18.609345353573655
2018-08-23 00:00:00+05:30,24.45,25.14,24.25,24.64,321208,24.546666666666667,24.595,24.498333333333335,0.003938077131993374,25.400593561373068,-1,23.0836,27.25603863466334,18.91116136533666
2018-08-24 00:00:00+05:30,24.64,24.84,23.81,24.05,310633,24.676666666666666,24.695,24.65833333333333,0.0014858841010402073,25.400593561373068,-1,23.2668,27.182809070473553,19.350790929526447
2018-08-27 00:00:00+05:30,24.59,24.59,24.05,24.3,232015,24.233333333333334,24.325,24.14166666666667,0.007565337001375379,25.400593561373068,-1,23.478,27.005301518162433,19.95069848183757
2018-08-28 00:00:00+05:30,24.4,24.64,24.05,24.15,478789,24.313333333333333,24.32,24.306666666666665,0.0005483959418701159,25.400593561373068,-1,23.6948,26.647618964994436,20.741981035005566
2018-08-29 00:00:00+05:30,24.35,24.35,23.66,23.85,294324,24.28,24.345,24.215000000000003,0.005354200988467687,25.400593561373068,-1,23.858400000000003,26.336041975756526,21.38075802424348
2018-08-30 00:00:00+05:30,24.1,24.54,23.66,24.2,349159,23.953333333333337,24.005000000000003,23.90166666666667,0.004313943779571321,25.400593561373068,-1,24.013999999999996,26.025455194636596,22.002544805363396
2018-08-31 00:00:00+05:30,23.9,25.14,23.9,24.94,556838,24.133333333333336,24.1,24.16666666666667,0.0027624309392266563,25.400593561373068,-1,24.1696,25.80687070456612,22.53232929543388
2018-09-03 00:00:00+05:30,24.74,25.53,24.59,24.94,508127,24.66,24.52,24.8,0.011354420113544247,25.400593561373068,-1,24.315600000000003,25.48334079316873,23.147859206831278
2018-09-04 00:00:00+05:30,25.04,25.38,23.9,24.15,325972,25.02,25.060000000000002,24.979999999999997,0.0031974420463631256,25.400593561373068,-1,24.331200000000003,25.47908598738303,23.183314012616975
2018-09-05 00:00:00+05:30,24.59,24.89,23.66,24.0,186887,24.47666666666667,24.64,24.31333333333334,0.013346043851286703,25.400593561373068,-1,24.3428,25.471034301920618,23.214565698079383
2018-09-06 00:00:00+05:30,24.15,24.4,23.85,24.3,110980,24.183333333333334,24.275,24.09166666666667,0.007580978635423709,25.400593561373068,-1,24.404,25.332672170375666,23.475327829624334
2018-09-07 00:00:00+05:30,24.5,24.64,23.9,24.1,219517,24.183333333333334,24.125,24.241666666666667,0.004824259131633376,25.400593561373068,-1,24.4316,25.2778185060788,23.5853814939212
2018-09-10 00:00:00+05:30,24.3,24.3,23.9,23.95,108460,24.213333333333335,24.27,24.15666666666667,0.0046806167400879565,25.400593561373068,-1,24.396000000000004,25.245376241738764,23.546623758261244
2018-09-11 00:00:00+05:30,23.95,24.05,23.41,23.46,246157,24.05,24.1,24.0,0.004158004158004217,25.400593561373068,-1,24.346799999999998,25.262279677562695,23.4313203224373
2018-09-12 00:00:00+05:30,23.46,24.25,23.46,24.2,270922,23.64,23.73,23.55,0.007614213197969531,25.400593561373068,-1,24.3548,25.261470745105573,23.44812925489443
2018-09-14 00:00:00+05:30,24.15,24.64,24.05,24.25,121563,23.97,23.855,24.084999999999997,0.009595327492699077,25.400593561373068,-1,24.3488,25.256179876363973,23.44142012363603
2018-09-17 00:00:00+05:30,24.5,26.22,24.2,25.88,2659926,24.313333333333333,24.345,24.281666666666666,0.0026048807238826122,18.122183121697187,1,24.378400000000003,25.424729661258954,23.33207033874105
2018-09-18 00:00:00+05:30,25.88,26.22,25.14,25.28,511820,25.433333333333334,25.21,25.656666666666666,0.017562254259501916,18.5732957968293,1,24.380399999999998,25.43340301995306,23.327396980046935
2018-09-19 00:00:00+05:30,25.53,25.88,24.15,24.35,677346,25.546666666666667,25.68,25.413333333333334,0.010438413361169066,18.5732957968293,1,24.3688,25.416484227250884,23.321115772749117
2018-09-21 00:00:00+05:30,24.5,24.99,20.26,23.95,968550,24.793333333333333,25.015,24.571666666666665,0.017881150847001957,18.5732957968293,1,24.372799999999998,25.413269432530466,23.33233056746953
2018-09-24 00:00:00+05:30,24.05,24.2,23.16,23.36,242452,23.066666666666666,22.625,23.508333333333333,0.03829479768786125,18.5732957968293,1,24.358799999999995,25.443062993941172,23.274537006058818
2018-09-25 00:00:00+05:30,22.72,23.36,22.43,23.07,189216,23.573333333333334,23.68,23.46666666666667,0.009049773755656016,18.5732957968293,1,24.296,25.484679940114383,23.107320059885616
2018-09-26 00:00:00+05:30,23.26,23.76,22.72,22.92,257012,22.953333333333333,22.895,23.011666666666667,0.005082776648271877,18.5732957968293,1,24.211199999999998,25.475545775502255,22.94685422449774
2018-09-27 00:00:00+05:30,22.97,23.16,21.59,21.98,496100,23.133333333333336,23.240000000000002,23.02666666666667,0.009221902017290971,18.5732957968293,1,24.108800000000002,25.637148860708997,22.580451139291007
2018-09-28 00:00:00+05:30,22.08,22.38,21.19,21.39,447957,22.243333333333336,22.375,22.11166666666667,0.011838753184474521,18.5732957968293,1,23.9864,25.841122663912472,22.131677336087527
2018-10-01 00:00:00+05:30,21.59,21.64,19.02,20.65,598075,21.653333333333336,21.785,21.521666666666672,0.01216133004926085,18.5732957968293,1,23.8268,26.074200062301035,21.579399937698962
2018-10-03 00:00:00+05:30,20.7,22.08,20.5,21.44,275041,20.436666666666664,20.33,20.54333333333333,0.010438753873756215,18.5732957968293,1,23.722400000000004,26.15359907865045,21.291200921349557
2018-10-04 00:00:00+05:30,21.19,21.54,19.76,20.21,404926,21.34,21.29,21.39,0.004686035613870732,18.5732957968293,1,23.5588,26.33804490465143,20.779555095348574
2018-10-05 00:00:00+05:30,20.11,20.6,19.47,19.62,280714,20.503333333333334,20.65,20.35666666666667,0.014306616810274562,18.5732957968293,1,23.3776,26.542913406288715,20.212286593711287
2018-10-08 00:00:00+05:30,19.81,20.21,17.89,18.83,800601,19.896666666666665,20.035,19.75833333333333,0.013905176746523917,18.5732957968293,1,23.1768,26.800489699744062,19.553110300255938
2018-10-09 00:00:00+05:30,18.88,19.42,18.14,18.43,365317,18.976666666666667,19.05,18.903333333333332,0.007728789741788246,27.965879863182916,-1,22.946000000000005,26.990215622346497,18.901784377653513
2018-10-10 00:00:00+05:30,18.29,20.8,18.29,19.91,423763,18.663333333333334,18.78,18.546666666666667,0.012502232541525323,27.965879863182916,-1,22.7448,26.871827482345083,18.61777251765492
2018-10-11 00:00:00+05:30,18.43,20.6,18.43,19.57,266422,19.666666666666668,19.545,19.788333333333334,0.012372881355932149,27.965879863182916,-1,22.53,26.735885400249483,18.32411459975052
2018-10-12 00:00:00+05:30,19.52,21.69,19.52,21.29,640691,19.533333333333335,19.515,19.55166666666667,0.0018771331058021591,27.965879863182916,-1,22.415599999999998,26.59450351169201,18.236696488307985
2018-10-15 00:00:00+05:30,21.05,22.82,20.75,22.28,307318,20.833333333333332,20.605,21.061666666666664,0.021919999999999846,27.965879863182916,-1,22.346799999999998,26.475430649504975,18.21816935049502
2018-10-16 00:00:00+05:30,22.28,24.59,22.28,23.46,976637,21.95,21.785,22.115,0.015034168564920196,27.965879863182916,-1,22.313200000000002,26.391061086406935,18.23533891359307
2018-10-17 00:00:00+05:30,24.1,24.1,20.8,21.59,511260,23.44333333333334,23.435000000000002,23.451666666666675,0.0007109341674963524,27.965879863182916,-1,22.2128,26.23293540070879,18.192664599291213
2018-10-19 00:00:00+05:30,21.78,22.77,21.24,21.88,418249,22.163333333333338,22.450000000000003,21.876666666666672,0.025868551661903917,27.965879863182916,-1,22.13,26.08839967664106,18.171600323358938
2018-10-22 00:00:00+05:30,22.67,22.67,20.7,21.0,367322,21.963333333333335,22.005,21.92166666666667,0.0037942024586429773,27.965879863182916,-1,22.031600000000005,25.975136199914004,18.088063800086005
2018-10-23 00:00:00+05:30,21.0,21.29,19.86,20.21,327262,21.456666666666667,21.685000000000002,21.22833333333333,0.021283206462638055,27.965879863182916,-1,21.872,25.77433161072099,17.96966838927901
2018-10-24 00:00:00+05:30,20.45,20.9,19.57,20.4,285502,20.453333333333333,20.575,20.331666666666667,0.011897001303780914,27.965879863182916,-1,21.717999999999996,25.53575221826042,17.900247781739573
2018-10-25 00:00:00+05:30,19.96,20.26,19.71,19.86,155580,20.29,20.235,20.345,0.0054213898472153495,27.965879863182916,-1,21.477199999999996,24.95916505439566,17.995234945604334
2018-10-26 00:00:00+05:30,20.31,20.31,18.78,19.32,464996,19.94333333333333,19.985,19.901666666666664,0.004178505766338077,27.965879863182916,-1,21.2388,24.45244251901682,18.025157480983182
2018-10-29 00:00:00+05:30,19.32,20.65,19.32,20.5,326832,19.470000000000002,19.545,19.395000000000003,0.007704160246533054,27.965879863182916,-1,21.0848,24.04642722840551,18.123172771594493
2018-10-30 00:00:00+05:30,20.26,20.7,19.81,19.91,343859,20.156666666666666,19.985,20.328333333333333,0.01703323962295355,27.965879863182916,-1,20.9232,23.67530883506322,18.171091164936783
2018-10-31 00:00:00+05:30,19.96,20.7,19.96,20.6,262157,20.14,20.255,20.025000000000002,0.011420059582919407,27.965879863182916,-1,20.812799999999996,23.380286054496324,18.245313945503668
2018-11-01 00:00:00+05:30,20.6,21.19,20.16,20.95,434517,20.419999999999998,20.33,20.509999999999998,0.008814887365328096,27.965879863182916,-1,20.728,23.12613260684917,18.329867393150835
2018-11-02 00:00:00+05:30,22.08,22.08,21.05,21.59,261508,20.766666666666666,20.675,20.85833333333333,0.00882825040128395,27.965879863182916,-1,20.6748,22.930864679931236,18.418735320068766
2018-11-05 00:00:00+05:30,21.78,22.82,21.69,22.47,405714,21.573333333333334,21.564999999999998,21.58166666666667,0.0007725587144625846,27.965879863182916,-1,20.6944,23.003374352398318,18.385425647601686
2018-11-06 00:00:00+05:30,23.16,23.26,21.88,22.28,2218771,22.326666666666668,22.255000000000003,22.398333333333333,0.00641982681397421,27.965879863182916,-1,20.73,23.107211812193686,18.352788187806315
2018-11-09 00:00:00+05:30,22.18,22.57,21.78,22.08,212034,22.473333333333333,22.57,22.376666666666665,0.008602788490062376,27.965879863182916,-1,20.7872,23.222076719678665,18.352323280321333
2018-11-12 00:00:00+05:30,21.78,21.98,21.39,21.59,203447,22.143333333333334,22.175,22.111666666666668,0.0028601535450850177,27.965879863182916,-1,20.793200000000002,23.235210450434877,18.351189549565127
2018-11-13 00:00:00+05:30,21.59,21.78,21.19,21.64,190405,21.653333333333336,21.685000000000002,21.62166666666667,0.002924876847290605,27.965879863182916,-1,20.8504,23.302060531157014,18.398739468842987
2018-11-14 00:00:00+05:30,21.64,21.93,20.55,20.8,335735,21.536666666666665,21.485,21.58833333333333,0.00479801888252585,27.965879863182916,-1,20.8976,23.29758186660505,18.49761813339495
2018-11-15 00:00:00+05:30,20.7,21.19,20.7,20.95,223562,21.093333333333334,21.240000000000002,20.946666666666665,0.013906447534766272,27.965879863182916,-1,20.9824,23.229084882228253,18.735715117771743
2018-11-16 00:00:00+05:30,20.8,21.05,20.21,20.55,309643,20.94666666666667,20.945,20.948333333333338,0.00015913430935729186,27.965879863182916,-1,21.067200000000003,23.068795523584356,19.06560447641565
2018-11-19 00:00:00+05:30,21.05,21.05,20.21,20.31,213393,20.603333333333335,20.630000000000003,20.576666666666668,0.002588577900016238,27.965879863182916,-1,21.0832,23.05369208068262,19.112707919317383
2018-11-20 00:00:00+05:30,20.4,20.5,19.76,20.21,254114,20.523333333333337,20.630000000000003,20.41666666666667,0.010394672730225651,27.965879863182916,-1,21.108800000000002,23.015590560085954,19.20200943991405
2018-11-21 00:00:00+05:30,20.21,20.9,20.16,20.26,232287,20.15666666666667,20.130000000000003,20.183333333333337,0.0026459401356044927,27.965879863182916,-1,21.0676,23.00127033385552,19.13392966614448
2018-11-22 00:00:00+05:30,20.55,20.55,20.26,20.4,96367,20.44,20.53,20.35,0.00880626223091975,27.965879863182916,-1,20.992400000000004,22.87723022047955,19.107569779520457
2018-11-26 00:00:00+05:30,20.6,20.8,20.06,20.26,156838,20.403333333333332,20.405,20.401666666666664,0.0001633719980397357,27.965879863182916,-1,20.8644,22.47642560774731,19.25237439225269
2018-11-27 00:00:00+05:30,20.45,20.65,20.06,20.26,215666,20.373333333333335,20.43,20.31666666666667,0.005562827225130713,27.965879863182916,-1,20.8112,22.411673130056585,19.210726869943414
2018-11-28 00:00:00+05:30,20.95,21.29,20.5,20.8,1450373,20.323333333333334,20.354999999999997,20.29166666666667,0.0031162866983758634,27.965879863182916,-1,20.768,22.30790129554889,19.22809870445111
2018-11-29 00:00:00+05:30,20.95,20.95,19.71,20.01,299275,20.863333333333333,20.895,20.831666666666667,0.003035628694679625,27.965879863182916,-1,20.7284,22.29311778926207,19.16368221073793
2018-11-30 00:00:00+05:30,19.96,20.26,19.71,19.91,227673,20.223333333333333,20.33,20.116666666666667,0.010548870941156972,27.85115588215824,-1,20.7164,22.301307618769368,19.131492381230633
2018-12-03 00:00:00+05:30,19.91,20.21,19.76,19.91,130770,19.959999999999997,19.985,19.934999999999995,0.0025050100200402943,27.662509646871907,-1,20.6968,22.308762480963253,19.084837519036746
2018-12-04 00:00:00+05:30,19.91,20.31,19.81,19.96,131148,19.959999999999997,19.985,19.934999999999995,0.0025050100200402943,27.57040926099703,-1,20.7008,22.304913911177508,19.096686088822494
2018-12-05 00:00:00+05:30,19.96,20.26,19.52,19.91,10000475,20.026666666666667,20.06,19.993333333333336,0.003328894806923912,27.307192890557154,-1,20.7244,22.26256597284987,19.186234027150128
2018-12-06 00:00:00+05:30,19.27,19.96,19.22,19.47,243819,19.896666666666665,19.89,19.90333333333333,0.0006701289998322155,26.917705174934866,-1,20.683200000000003,22.29654157574682,19.069858424253187
2018-12-07 00:00:00+05:30,19.47,19.71,18.24,18.48,581535,19.55,19.59,19.51,0.00409207161125311,26.421196967937473,-1,20.625999999999998,22.434530895515266,18.81746910448473
2018-12-10 00:00:00+05:30,18.73,18.73,17.6,17.84,301726,18.810000000000002,18.975,18.645000000000003,0.017543859649122716,25.62974908921997,-1,20.5156,22.628373191810546,18.402826808189452
2018-12-11 00:00:00+05:30,17.84,18.19,17.64,17.79,277147,18.05666666666667,18.165,17.948333333333338,0.01199926158390224,25.235159125651172,-1,20.389200000000002,22.74681180859645,18.031588191403554
2018-12-12 00:00:00+05:30,17.6,18.53,17.6,18.33,325225,17.87333333333333,17.915,17.831666666666663,0.004662439388288086,25.235159125651172,-1,20.258799999999997,22.69561313194785,17.821986868052143
2018-12-13 00:00:00+05:30,18.29,18.88,18.29,18.53,179871,18.153333333333332,18.065,18.241666666666664,0.009731913330884814,25.235159125651172,-1,20.101200000000002,22.45377353552097,17.748626464479035
2018-12-14 00:00:00+05:30,18.93,18.93,18.24,18.48,121668,18.566666666666666,18.585,18.548333333333332,0.001974865350089884,25.235159125651172,-1,19.949199999999998,22.208218689615855,17.69018131038414
2018-12-17 00:00:00+05:30,18.29,18.93,18.29,18.83,145310,18.55,18.585,18.515,0.0037735849056603926,25.235159125651172,-1,19.819200000000002,21.942766208064594,17.69563379193541
2018-12-18 00:00:00+05:30,18.73,18.88,18.43,18.53,317690,18.683333333333334,18.61,18.756666666666668,0.007850133809099104,25.235159125651172,-1,19.6968,21.74955791072253,17.64404208927747
2018-12-19 00:00:00+05:30,18.33,19.42,18.33,18.88,449003,18.613333333333333,18.655,18.571666666666665,0.004477077363896975,25.235159125651172,-1,19.586399999999998,21.501509438135063,17.671290561864932
2018-12-20 00:00:00+05:30,18.88,19.62,18.78,18.93,361466,18.876666666666665,18.875,18.87833333333333,0.0001765848490197935,25.235159125651172,-1,19.5116,21.376687065001008,17.646512934998995
2018-12-21 00:00:00+05:30,19.02,19.32,18.53,19.12,252252,19.110000000000003,19.200000000000003,19.020000000000003,0.009419152276295117,25.235159125651172,-1,19.4384,21.213396833809604,17.6634031661904
2018-12-24 00:00:00+05:30,19.32,19.52,19.07,19.32,181819,18.99,18.925,19.054999999999996,0.006845708267508977,25.235159125651172,-1,19.389200000000002,21.105436999960716,17.67296300003929
2018-12-26 00:00:00+05:30,19.67,19.67,18.63,18.93,244712,19.303333333333335,19.295,19.311666666666667,0.0008634087376963764,25.235159125651172,-1,19.334,21.01666455362743,17.65133544637257
2018-12-27 00:00:00+05:30,18.78,19.02,18.48,18.53,176661,19.076666666666664,19.15,19.00333333333333,0.007688275380045516,25.235159125651172,-1,19.2668,20.938309210275026,17.595290789724974
2018-12-28 00:00:00+05:30,18.48,19.27,18.48,18.98,179802,18.676666666666666,18.75,18.60333333333333,0.007852935927181953,25.235159125651172,-1,19.2156,20.8400342276726,17.591165772327397
2018-12-31 00:00:00+05:30,18.83,19.12,18.83,18.93,80326,18.91,18.875,18.945,0.0037017451084082648,25.235159125651172,-1,19.1568,20.710363336344656,17.603236663655345
2019-01-01 00:00:00+05:30,19.17,19.17,18.88,19.02,106877,18.96,18.975,18.945,0.001582278481012718,25.1594941696486,-1,19.1072,20.594474231617816,17.61992576838218
2019-01-02 00:00:00+05:30,18.83,19.02,18.63,18.73,98222,19.02333333333333,19.025,19.02166666666666,0.0001752234098477698,24.823314402862657,-1,19.046,20.462734272908797,17.6292657270912
2019-01-03 00:00:00+05:30,18.53,19.02,18.53,18.73,105907,18.793333333333333,18.825,18.761666666666667,0.003369989357928303,24.670581826748148,-1,18.9632,20.189351312046963,17.73704868795304
2019-01-04 00:00:00+05:30,18.73,18.88,18.63,18.78,145403,18.76,18.775,18.745000000000005,0.0015991471215348629,24.484758553678223,-1,18.913999999999998,20.06456855512156,17.763431444878435
2019-01-07 00:00:00+05:30,18.83,19.07,18.63,18.63,119282,18.763333333333332,18.755,18.771666666666665,0.0008882572392964499,24.473768211531098,-1,18.8628,19.94331128639851,17.78228871360149
2019-01-08 00:00:00+05:30,18.73,18.83,18.48,18.63,109141,18.776666666666667,18.85,18.703333333333333,0.0078111130836145005,24.151817483069852,-1,18.8116,19.80670288917006,17.816497110829935
2019-01-09 00:00:00+05:30,18.58,18.83,18.48,18.63,106532,18.646666666666665,18.655,18.63833333333333,0.0008938148015734444,24.02994478374706,-1,18.758399999999998,19.637702996716516,17.87909700328348
2019-01-10 00:00:00+05:30,18.53,18.93,18.38,18.48,103939,18.646666666666665,18.655,18.63833333333333,0.0008938148015734444,23.968946992397175,-1,18.7012,19.44973072083562,17.95266927916438
2019-01-11 00:00:00+05:30,18.53,18.58,18.24,18.38,100591,18.596666666666668,18.655,18.538333333333334,0.006273525721455483,23.606589112701286,-1,18.6576,19.346536107367534,17.968663892632463
2019-01-14 00:00:00+05:30,18.09,18.43,18.09,18.14,107571,18.399999999999995,18.409999999999997,18.389999999999993,0.0010869565217393007,23.343925548193234,-1,18.644,19.359340478398043,17.928659521601954
2019-01-15 00:00:00+05:30,18.19,18.53,17.99,18.38,138849,18.22,18.259999999999998,18.18,0.004390779363336899,23.291768526265503,-1,18.665599999999998,19.311796997853378,18.019403002146618
2019-01-16 00:00:00+05:30,17.99,18.38,17.99,18.14,63510,18.299999999999997,18.259999999999998,18.339999999999996,0.004371584699453459,23.124697785214885,-1,18.6796,19.261252267282362,18.09794773271764
2019-01-17 00:00:00+05:30,18.29,18.63,18.04,18.14,245077,18.169999999999998,18.185,18.154999999999998,0.0016510731975784888,23.124697785214885,-1,18.672,19.27625160325374,18.06774839674626
2019-01-18 00:00:00+05:30,18.53,18.63,18.04,18.48,177253,18.27,18.335,18.205,0.007115489874110704,23.124697785214885,-1,18.67,19.276445380916304,18.0635546190837
2019-01-21 00:00:00+05:30,18.53,18.53,17.84,17.94,207160,18.383333333333336,18.335,18.431666666666672,0.005258386219401873,23.05936877969988,-1,18.648400000000002,19.315781270365555,17.98101872963445
2019-01-22 00:00:00+05:30,18.43,18.43,17.25,17.55,272428,18.103333333333335,18.185000000000002,18.02166666666667,0.009022279506536585,22.849794028511884,-1,18.597199999999997,19.38629609049518,17.808103909504815
2019-01-23 00:00:00+05:30,18.24,18.48,17.5,17.84,540635,17.743333333333336,17.84,17.646666666666672,0.010896111215479691,22.849794028511884,-1,18.5696,19.412594282326282,17.72660571767372
2019-01-24 00:00:00+05:30,18.24,18.24,17.35,17.64,109340,17.94,17.990000000000002,17.89,0.005574136008918696,22.849794028511884,-1,18.52,19.42755054957553,17.61244945042447
2019-01-25 00:00:00+05:30,17.74,17.79,16.76,17.05,335540,17.743333333333336,17.795,17.69166666666667,0.00582378358068749,22.487864169609487,-1,18.4448,19.503041862730306,17.386558137269695
2019-01-28 00:00:00+05:30,16.86,17.15,16.31,16.81,193112,17.2,17.275,17.125,0.008720930232558058,21.969549602825104,-1,18.3524,19.55256372217918,17.15223627782082
2019-01-29 00:00:00+05:30,16.86,16.86,16.41,16.76,112867,16.756666666666664,16.729999999999997,16.78333333333333,0.0031828128108216374,21.790967618712102,-1,18.25,19.53622237581029,16.96377762418971
2019-01-30 00:00:00+05:30,16.66,16.95,16.56,16.61,116434,16.676666666666666,16.634999999999998,16.718333333333334,0.00499700179892079,21.790967618712102,-1,18.1572,19.562999644343083,16.751400355656916
2019-01-31 00:00:00+05:30,16.66,17.2,16.56,16.76,237530,16.706666666666667,16.755,16.658333333333335,0.005786113328012611,21.790967618712102,-1,18.0864,19.585176888010754,16.58762311198925
2019-02-01 00:00:00+05:30,16.86,17.35,16.56,16.76,195575,16.84,16.88,16.8,0.004750593824227927,21.790967618712102,-1,17.9976,19.536599987016004,16.458600012983993
2019-02-04 00:00:00+05:30,16.86,16.86,15.77,15.97,184809,16.89,16.955,16.825000000000003,0.007696862048549168,21.473519251624516,-1,17.8792,19.561797230484874,16.196602769515128
2019-02-05 00:00:00+05:30,15.92,16.02,14.88,15.03,389827,16.2,16.314999999999998,16.085,0.014197530864197339,20.721378481559537,-1,17.7196,19.67405321254705,15.765146787452947
2019-02-06 00:00:00+05:30,15.28,15.28,13.95,14.19,740584,15.31,15.45,15.170000000000002,0.018288700195950202,20.047923342297153,-1,17.538,19.887025329798647,15.188974670201354
2019-02-07 00:00:00+05:30,14.54,15.13,14.29,14.84,494955,14.473333333333331,14.614999999999998,14.331666666666663,0.01957623215108257,20.047923342297153,-1,17.3824,19.90398857866143,14.860811421338573
2019-02-08 00:00:00+05:30,14.98,16.91,14.79,16.17,2149441,14.753333333333336,14.71,14.79666666666667,0.005874378671486865,20.047923342297153,-1,17.278000000000002,19.77549314314091,14.780506856859096
2019-02-11 00:00:00+05:30,16.26,16.95,16.02,16.56,828901,15.956666666666669,15.85,16.06333333333334,0.01336954251096762,20.047923342297153,-1,17.1952,19.64470359053338,14.745696409466621
2019-02-12 00:00:00+05:30,16.51,17.0,16.07,16.86,1480179,16.51,16.485,16.535000000000004,0.0030284675953969873,20.047923342297153,-1,17.1244,19.50528440711345,14.743515592886551
2019-02-13 00:00:00+05:30,16.86,17.1,15.77,16.02,284642,16.643333333333334,16.535,16.75166666666667,0.013018225515722124,20.047923342297153,-1,17.02,19.356123284425728,14.683876715574272
2019-02-14 00:00:00+05:30,15.97,16.12,15.57,15.77,228554,16.296666666666667,16.435000000000002,16.15833333333333,0.0169768868889346,20.047923342297153,-1,16.9116,19.217985431803655,14.605214568196343
2019-02-15 00:00:00+05:30,15.72,15.87,15.53,15.72,99825,15.82,15.845,15.795,0.0031605562579014356,20.047923342297153,-1,16.8052,19.07595402455577,14.53444597544423
2019-02-18 00:00:00+05:30,16.02,16.02,15.33,15.43,103935,15.706666666666665,15.7,15.713333333333331,0.0008488964346348812,20.047923342297153,-1,16.6968,18.961052424098582,14.432547575901417
2019-02-19 00:00:00+05:30,15.33,15.38,14.88,15.08,172656,15.593333333333334,15.675,15.511666666666667,0.010474561778537879,20.047923342297153,-1,16.5648,18.805800633653732,14.323799366346272
2019-02-20 00:00:00+05:30,14.98,15.53,14.79,15.28,128993,15.113333333333335,15.13,15.09666666666667,0.0022055580061754367,20.047923342297153,-1,16.4504,18.6496833742009,14.251116625799096
2019-02-21 00:00:00+05:30,15.72,15.72,15.23,15.62,83849,15.200000000000001,15.16,15.240000000000002,0.005263157894736963,20.047923342297153,-1,16.3496,18.45904906552317,14.240150934476825
2019-02-22 00:00:00+05:30,15.67,18.33,15.53,17.79,3551209,15.523333333333333,15.475000000000001,15.571666666666665,0.006227184882971699,20.047923342297153,-1,16.322,18.335085194430828,14.30891480556917
2019-02-25 00:00:00+05:30,17.74,18.04,17.0,17.25,464383,17.216666666666665,16.93,17.50333333333333,0.03330106485963198,20.047923342297153,-1,16.2944,18.23563325750324,14.35316674249676
2019-02-26 00:00:00+05:30,16.86,17.74,16.26,17.6,463498,17.43,17.52,17.34,0.01032702237521513,20.047923342297153,-1,16.296400000000002,18.242899463148305,14.349900536851699
2019-02-27 00:00:00+05:30,17.5,17.99,17.15,17.69,450850,17.2,17.0,17.4,0.023255813953488292,20.047923342297153,-1,16.290399999999998,18.21866952473886,14.362130475261136
2019-02-28 00:00:00+05:30,17.5,17.94,17.3,17.64,127816,17.61,17.57,17.65,0.0045428733674047865,20.047923342297153,-1,16.290399999999998,18.21866952473886,14.362130475261136
2019-03-01 00:00:00+05:30,17.64,18.24,17.55,17.74,202283,17.62666666666667,17.62,17.633333333333336,0.0007564296520424783,20.047923342297153,-1,16.317999999999998,18.307741691787307,14.32825830821269
2019-03-05 00:00:00+05:30,17.84,19.71,17.25,18.83,865170,17.843333333333334,17.895,17.791666666666668,0.005791145152250984,20.047923342297153,-1,16.3988,18.613263871919465,14.184336128080536
2019-03-06 00:00:00+05:30,18.83,19.37,18.83,18.98,257166,18.596666666666668,18.48,18.713333333333335,0.012547051442910967,20.047923342297153,-1,16.4876,18.920180720148146,14.055019279851853
2019-03-07 00:00:00+05:30,18.73,19.86,18.53,18.78,413351,19.060000000000002,19.1,19.020000000000003,0.004197271773347234,20.047923342297153,-1,16.5744,19.16780134958637,13.98099865041363
2019-03-08 00:00:00+05:30,19.07,19.22,18.38,18.48,130283,19.05666666666667,19.195,18.918333333333337,0.014518103900647037,20.047923342297153,-1,16.6432,19.341772778347167,13.944627221652832
2019-03-11 00:00:00+05:30,18.58,18.93,18.04,18.43,269003,18.69333333333333,18.799999999999997,18.586666666666666,0.01141226818830231,20.047923342297153,-1,16.71,19.498025824851037,13.921974175148964
2019-03-12 00:00:00+05:30,18.63,18.98,18.24,18.73,386220,18.466666666666665,18.485,18.44833333333333,0.0019855595667871216,20.047923342297153,-1,16.8204,19.69956365634818,13.941236343651822
2019-03-13 00:00:00+05:30,18.63,18.63,17.74,18.29,7134943,18.650000000000002,18.61,18.690000000000005,0.004289544235925222,20.047923342297153,-1,16.9508,19.788798844262647,14.112801155737356
2019-03-14 00:00:00+05:30,18.33,18.48,17.74,18.04,7244356,18.22,18.185,18.255,0.003841931942919884,20.047923342297153,-1,17.1048,19.737226226893355,14.472373773106645
2019-03-15 00:00:00+05:30,18.04,18.48,16.26,16.71,3303186,18.086666666666666,18.11,18.063333333333333,0.0025801695539992733,20.047923342297153,-1,17.1796,19.65175196944604,14.707448030553962
2019-03-18 00:00:00+05:30,17.15,17.25,16.71,17.15,870584,17.150000000000002,17.37,16.930000000000003,0.025655976676384702,20.047923342297153,-1,17.2188,19.656512501513646,14.78108749848636
2019-03-19 00:00:00+05:30,17.15,17.35,16.71,16.81,4665677,17.036666666666665,16.98,17.09333333333333,0.006652318528663456,20.047923342297153,-1,17.2288,19.657655335345417,14.799944664654584
2019-03-20 00:00:00+05:30,17.0,17.0,16.66,16.76,215369,16.956666666666667,17.03,16.883333333333333,0.008649498722233239,20.047923342297153,-1,17.224800000000002,19.656399440704803,14.793200559295201
2019-03-22 00:00:00+05:30,16.76,17.6,16.61,17.05,813201,16.80666666666667,16.83,16.78333333333334,0.0027766759222526624,20.047923342297153,-1,17.266000000000002,19.6489662188197,14.8830337811803
2019-03-25 00:00:00+05:30,16.76,16.86,16.61,16.76,4489540,17.08666666666667,17.105,17.06833333333334,0.002145922746780827,20.047923342297153,-1,17.3056,19.61971723126462,14.991482768735379
2019-03-26 00:00:00+05:30,16.81,16.86,16.02,16.46,12651425,16.743333333333336,16.735,16.751666666666672,0.000995421063110063,20.047923342297153,-1,17.3352,19.585484390923913,15.084915609076088
2019-03-27 00:00:00+05:30,16.46,16.66,15.77,15.87,3315258,16.446666666666665,16.439999999999998,16.453333333333333,0.0008107012565870745,20.047923342297153,-1,17.3528,19.5494485017034,15.156151498296598
2019-03-28 00:00:00+05:30,15.97,16.51,15.82,16.36,504475,16.099999999999998,16.215,15.984999999999996,0.014285714285714535,20.047923342297153,-1,17.404,19.44016895174142,15.36783104825858
2019-03-29 00:00:00+05:30,16.51,16.86,16.26,16.41,581105,16.23,16.165,16.295,0.00800985828712277,20.047923342297153,-1,17.4492,19.339723059905833,15.558676940094168
2019-04-01 00:00:00+05:30,16.56,17.05,16.36,16.81,398491,16.51,16.560000000000002,16.46,0.006056935190793544,20.047923342297153,-1,17.4968,19.2560700304489,15.7375299695511
2019-04-02 00:00:00+05:30,16.95,17.69,16.66,16.95,997588,16.74,16.705,16.775,0.004181600955794521,20.047923342297153,-1,17.4632,19.230853540724457,15.695546459275546
2019-04-03 00:00:00+05:30,16.86,17.45,16.86,17.05,541714,17.099999999999998,17.175,17.024999999999995,0.008771929824561738,20.047923342297153,-1,17.4552,19.228442183131147,15.681957816868856
2019-04-04 00:00:00+05:30,17.15,17.15,16.86,16.95,141702,17.12,17.155,17.085,0.004088785046728988,20.047923342297153,-1,17.4292,19.212221435663558,15.646178564336445
2019-04-05 00:00:00+05:30,16.95,17.05,16.86,16.91,119550,16.986666666666665,17.005,16.96833333333333,0.00215855572998443,20.047923342297153,-1,17.398,19.188955052488964,15.607044947511035
2019-04-08 00:00:00+05:30,16.91,17.6,16.76,16.86,576028,16.939999999999998,16.955,16.924999999999997,0.0017709563164109293,20.047923342297153,-1,17.3668,19.166957504230055,15.566642495769948
2019-04-09 00:00:00+05:30,16.95,17.0,16.76,16.86,134175,17.073333333333334,17.18,16.96666666666667,0.012495119094103738,20.047923342297153,-1,17.3316,19.135601596461548,15.527598403538455
2019-04-10 00:00:00+05:30,17.05,17.05,16.76,16.86,271251,16.873333333333335,16.880000000000003,16.866666666666667,0.0007902015013829761,20.047923342297153,-1,17.2528,18.957480802976285,15.548119197023718
2019-04-11 00:00:00+05:30,16.86,17.0,16.76,16.81,154708,16.89,16.905,16.875,0.0017761989342807067,20.047923342297153,-1,17.166,18.724799538117693,15.607200461882309
2019-04-12 00:00:00+05:30,16.76,17.2,16.76,17.0,99074,16.85666666666667,16.880000000000003,16.833333333333336,0.002768439786434656,20.047923342297153,-1,17.0948,18.508018963938703,15.681581036061296
2019-04-15 00:00:00+05:30,17.15,17.5,17.05,17.25,245361,16.986666666666668,16.98,16.993333333333336,0.0007849293563580505,20.047923342297153,-1,17.0456,18.343426860577335,15.747773139422668
2019-04-16 00:00:00+05:30,17.45,17.5,17.0,17.05,194828,17.266666666666666,17.275,17.258333333333333,0.0009652509652509104,20.047923342297153,-1,16.9904,18.158954388993536,15.821845611006465
2019-04-18 00:00:00+05:30,16.86,17.0,16.56,16.76,203833,17.183333333333334,17.25,17.116666666666667,0.007759456838021311,20.047923342297153,-1,16.9116,17.841643955969886,15.981556044030116
2019-04-22 00:00:00+05:30,17.2,17.2,16.36,16.56,190442,16.773333333333337,16.78,16.766666666666673,0.0007949125596181425,20.047923342297153,-1,16.842399999999998,17.59180573792583,16.092994262074164
2019-04-23 00:00:00+05:30,16.46,16.91,16.17,16.26,201430,16.706666666666667,16.78,16.633333333333333,0.008778930566640161,20.047923342297153,-1,16.7712,17.37628035832955,16.166119641670452
2019-04-24 00:00:00+05:30,16.17,16.56,16.17,16.36,187699,16.44666666666667,16.54,16.35333333333334,0.01134981759221688,20.047923342297153,-1,16.757199999999997,17.3831334150181,16.131266584981894
2019-04-25 00:00:00+05:30,16.81,16.81,16.31,16.51,178029,16.363333333333333,16.365000000000002,16.361666666666665,0.00020370747606462052,20.047923342297153,-1,16.7316,17.343369368337648,16.119830631662353
2019-04-26 00:00:00+05:30,16.51,16.51,16.26,16.36,102491,16.543333333333333,16.56,16.526666666666667,0.002014910336489912,20.047923342297153,-1,16.7136,17.341354856640915,16.085845143359084
2019-04-30 00:00:00+05:30,16.36,16.46,15.67,15.82,174847,16.37666666666667,16.385,16.368333333333336,0.00101770812131075,20.047923342297153,-1,16.676,17.394220022024086,15.957779977975909
2019-05-02 00:00:00+05:30,15.87,15.87,15.57,15.67,132621,15.983333333333334,16.065,15.901666666666667,0.010218978102189823,20.047923342297153,-1,16.6208,17.422795910236655,15.818804089763342
2019-05-03 00:00:00+05:30,15.38,15.67,15.28,15.48,119875,15.703333333333333,15.719999999999999,15.686666666666667,0.002122691572914335,20.047923342297153,-1,16.5696,17.484935654301943,15.654264345698062
2019-05-06 00:00:00+05:30,15.48,15.87,15.08,15.43,140396,15.476666666666667,15.475,15.478333333333333,0.0002153779883696223,20.047923342297153,-1,16.5284,17.546691588905844,15.510108411094157
2019-05-07 00:00:00+05:30,15.28,15.57,14.84,15.08,212610,15.459999999999999,15.475,15.444999999999999,0.0019404915912031783,19.87762909102097,-1,16.4968,17.636634654691818,15.356965345308183
2019-05-08 00:00:00+05:30,14.93,15.08,14.39,14.49,242793,15.163333333333334,15.205,15.121666666666668,0.00549571334359192,19.413923927380132,-1,16.422,17.806993862815453,15.037006137184548
2019-05-09 00:00:00+05:30,14.54,14.79,14.39,14.74,128968,14.653333333333334,14.735,14.571666666666669,0.011146496815286426,19.193766970284926,-1,16.3552,17.889147795733777,14.821252204266221
2019-05-10 00:00:00+05:30,14.88,14.98,14.59,14.88,117513,14.64,14.59,14.690000000000001,0.006830601092896272,19.193766970284926,-1,16.278,17.90411684698135,14.651883153018646
2019-05-13 00:00:00+05:30,15.08,15.28,14.19,14.34,198517,14.816666666666668,14.785,14.848333333333336,0.004274465691788715,19.193766970284926,-1,16.1736,17.94259410966703,14.40460589033297
2019-05-14 00:00:00+05:30,14.49,15.23,14.29,14.44,443757,14.603333333333333,14.735,14.471666666666668,0.0180324126911663,19.193766970284926,-1,16.0692,17.92492342767901,14.21347657232099
2019-05-15 00:00:00+05:30,14.79,14.79,14.05,14.19,239270,14.653333333333334,14.76,14.546666666666669,0.014558689717925236,19.167951130453126,-1,15.958799999999998,17.9173326752538,14.000267324746197
2019-05-16 00:00:00+05:30,14.05,14.39,13.6,14.15,289860,14.343333333333334,14.42,14.266666666666667,0.010690216128282531,18.774233085235004,-1,15.848400000000002,17.88943252302282,13.807367476977184
2019-05-17 00:00:00+05:30,14.24,14.29,13.8,13.9,230018,14.046666666666667,13.995000000000001,14.098333333333333,0.007356430944470697,18.7702637618256,-1,15.73,17.86387159876994,13.596128401230061
2019-05-20 00:00:00+05:30,13.46,15.28,13.46,14.98,1105861,13.996666666666668,14.045,13.948333333333336,0.00690640628721105,18.7702637618256,-1,15.6548,17.75634320441837,13.55325679558163
2019-05-21 00:00:00+05:30,15.18,15.53,14.79,15.08,317742,14.573333333333332,14.370000000000001,14.776666666666664,0.027904849039340995,18.7702637618256,-1,15.583599999999999,17.637052741125803,13.530147258874194
2019-05-22 00:00:00+05:30,15.23,15.38,14.69,15.08,217666,15.133333333333333,15.16,15.106666666666666,0.0035242290748899495,18.7702637618256,-1,15.514399999999998,17.513760537781298,13.515039462218697
2019-05-23 00:00:00+05:30,15.67,15.67,15.23,15.48,262900,15.049999999999999,15.035,15.064999999999998,0.0019933554817274145,18.7702637618256,-1,15.4536,17.358783497733796,13.548416502266205
2019-05-24 00:00:00+05:30,15.33,15.77,15.28,15.67,169052,15.459999999999999,15.45,15.469999999999999,0.0012936610608020424,18.7702637618256,-1,15.3904,17.152475866708702,13.628324133291297
2019-05-27 00:00:00+05:30,15.67,16.36,15.38,16.17,249318,15.573333333333332,15.524999999999999,15.621666666666666,0.006207191780821976,18.7702637618256,-1,15.355200000000002,17.015475832516167,13.694924167483835
2019-05-28 00:00:00+05:30,16.02,16.76,15.87,16.46,307516,15.97,15.870000000000001,16.07,0.012523481527864701,18.7702637618256,-1,15.3432,16.966615855545722,13.719784144454275
2019-05-29 00:00:00+05:30,16.86,18.48,16.26,17.45,1754660,16.363333333333333,16.315,16.411666666666665,0.005907516805866613,18.7702637618256,-1,15.378799999999998,17.140529332229338,13.61707066777066
2019-05-30 00:00:00+05:30,17.25,17.89,17.0,17.64,367452,17.396666666666665,17.37,17.42333333333333,0.0030657214025672044,18.7702637618256,-1,15.434,17.379596052637133,13.488403947362867
2019-05-31 00:00:00+05:30,18.04,18.04,17.25,17.55,364810,17.51,17.445,17.575000000000003,0.007424328954883069,18.7702637618256,-1,15.4816,17.56857814076649,13.39462185923351
2019-06-03 00:00:00+05:30,17.84,17.84,17.05,17.3,248060,17.613333333333333,17.645,17.581666666666667,0.0035957607872823187,18.7702637618256,-1,15.5132,17.68375731093126,13.342642689068741
2019-06-04 00:00:00+05:30,17.45,17.45,16.61,17.0,179019,17.396666666666665,17.445,17.34833333333333,0.005556620042153926,18.7702637618256,-1,15.538800000000002,17.763133212456516,13.314466787543488
2019-06-06 00:00:00+05:30,17.25,18.04,17.05,17.35,1055904,17.02,17.03,17.009999999999998,0.0011750881316100544,18.7702637618256,-1,15.6,17.933430093239796,13.266569906760205
2019-06-07 00:00:00+05:30,17.5,17.64,16.61,17.4,391166,17.48,17.545,17.415,0.007437070938215249,18.7702637618256,-1,15.6692,18.10710021125497,13.23129978874503
2019-06-10 00:00:00+05:30,17.3,17.64,16.36,16.61,323298,17.216666666666665,17.125,17.30833333333333,0.010648596321393807,18.7702637618256,-1,15.714400000000001,18.178355064532834,13.250444935467169
2019-06-11 00:00:00+05:30,16.51,17.0,16.26,16.91,175362,16.87,17.0,16.740000000000002,0.015411973918197866,18.7702637618256,-1,15.773599999999998,18.278161470604573,13.269038529395424
2019-06-12 00:00:00+05:30,16.66,17.3,16.46,17.1,198537,16.723333333333333,16.630000000000003,16.816666666666663,0.011162049033286445,18.7702637618256,-1,15.8544,18.394328061980673,13.314471938019327
2019-06-13 00:00:00+05:30,16.95,17.05,16.66,16.86,126306,16.953333333333337,16.880000000000003,17.02666666666667,0.008651199370821957,18.7702637618256,-1,15.949200000000001,18.455039069061865,13.443360930938137
2019-06-14 00:00:00+05:30,16.86,17.0,16.86,16.91,303958,16.856666666666666,16.855,16.85833333333333,0.00019774569903086624,18.7702637618256,-1,16.035999999999998,18.518508408855197,13.5534915911448
2019-06-17 00:00:00+05:30,16.91,16.95,15.92,16.36,294381,16.923333333333332,16.93,16.916666666666664,0.0007878668505023884,18.7702637618256,-1,16.0952,18.53483354625991,13.655566453740084
2019-06-18 00:00:00+05:30,16.36,16.61,16.36,16.46,174263,16.41,16.435,16.385,0.003046922608165579,18.7702637618256,-1,16.18,18.514828473365156,13.845171526634845
2019-06-19 00:00:00+05:30,16.02,16.56,15.67,16.02,220706,16.476666666666667,16.485,16.468333333333334,0.0010115314586283059,18.7702637618256,-1,16.2432,18.469211464489035,14.017188535510968
2019-06-20 00:00:00+05:30,16.26,17.25,15.28,16.86,515894,16.083333333333332,16.115,16.051666666666666,0.003937823834196844,18.7702637618256,-1,16.35,18.42264854715809,14.277351452841913
2019-06-21 00:00:00+05:30,16.86,17.5,16.02,17.25,948057,16.463333333333335,16.265,16.66166666666667,0.024093946142944012,18.7702637618256,-1,16.474,18.368615528289695,14.579384471710306
2019-06-24 00:00:00+05:30,17.45,17.99,16.81,17.2,772504,16.923333333333332,16.759999999999998,17.086666666666666,0.019302737837305576,18.7702637618256,-1,16.606,18.201032288085838,15.010967711914166
2019-06-25 00:00:00+05:30,17.25,17.5,16.86,17.15,925000,17.333333333333332,17.4,17.266666666666666,0.007692307692307666,18.7702637618256,-1,16.6928,18.155099777759766,15.230500222240229
2019-06-26 00:00:00+05:30,17.05,17.45,16.76,17.25,349459,17.169999999999998,17.18,17.159999999999997,0.0011648223645895823,18.7702637618256,-1,16.779600000000002,18.099327002086497,15.459872997913509
2019-06-27 00:00:00+05:30,17.25,17.45,17.0,17.25,174230,17.153333333333332,17.105,17.201666666666664,0.0056354450058296165,18.7702637618256,-1,16.866400000000002,17.999874375553386,15.732925624446619
2019-06-28 00:00:00+05:30,17.5,17.5,16.86,17.35,272440,17.233333333333334,17.225,17.241666666666667,0.0009671179883945291,18.7702637618256,-1,16.941200000000002,17.937325614586875,15.945074385413129
2019-07-01 00:00:00+05:30,17.4,17.69,17.05,17.15,656310,17.236666666666668,17.18,17.293333333333337,0.0065751305356799555,18.7702637618256,-1,17.0004,17.852850209710823,16.147949790289175
2019-07-02 00:00:00+05:30,17.25,17.64,16.76,17.45,287616,17.296666666666667,17.37,17.223333333333333,0.008479475814222487,18.7702637618256,-1,17.051599999999997,17.85047280591843,16.252727194081565
2019-07-03 00:00:00+05:30,17.45,17.64,17.1,17.35,606747,17.283333333333335,17.200000000000003,17.366666666666667,0.009643201542912108,18.7702637618256,-1,17.0872,17.85621016900686,16.318189830993138
2019-07-04 00:00:00+05:30,17.15,17.5,16.46,17.25,1583659,17.363333333333333,17.37,17.356666666666666,0.0007679017085814216,18.7702637618256,-1,17.0792,17.837026787621003,16.321373212378997
2019-07-05 00:00:00+05:30,17.5,17.5,16.76,17.05,382162,17.07,16.98,17.16,0.010544815465729333,18.7702637618256,-1,17.055600000000002,17.778019933304716,16.333180066695288
2019-07-08 00:00:00+05:30,16.95,17.25,16.56,17.0,253761,17.103333333333335,17.130000000000003,17.076666666666668,0.0031183005262132853,18.7702637618256,-1,17.0336,17.727386826075563,16.339813173924437
2019-07-09 00:00:00+05:30,16.81,17.35,16.81,17.15,298443,16.936666666666667,16.905,16.968333333333334,0.003739421373745281,18.7702637618256,-1,17.0276,17.71462908238008,16.34057091761992
2019-07-10 00:00:00+05:30,17.15,17.25,17.0,17.05,117854,17.10333333333333,17.08,17.126666666666665,0.0027285129604365734,18.7702637618256,-1,17.029600000000002,17.7165871614783,16.342612838521703
2019-07-11 00:00:00+05:30,17.05,17.15,16.76,16.95,162089,17.099999999999998,17.125,17.074999999999996,0.002923976608187384,18.7702637618256,-1,17.0136,17.688519372989116,16.338680627010884
2019-07-12 00:00:00+05:30,16.95,16.95,16.71,16.76,83516,16.953333333333333,16.955,16.951666666666668,0.0001966181675184999,18.7702637618256,-1,16.988,17.650794085697846,16.325205914302153
2019-07-15 00:00:00+05:30,16.76,16.86,16.46,16.66,104280,16.80666666666667,16.83,16.78333333333334,0.0027766759222526624,18.7702637618256,-1,16.99,17.648507403174815,16.331492596825182
2019-07-16 00:00:00+05:30,16.66,16.76,16.36,16.46,100238,16.66,16.66,16.66,0.0,18.7702637618256,-1,16.972,17.66211303424588,16.281886965754122
2019-07-17 00:00:00+05:30,16.56,16.66,16.07,16.46,189297,16.526666666666667,16.560000000000002,16.493333333333332,0.004033884630899757,18.7702637618256,-1,16.946399999999997,17.66260957829121,16.230190421708784
2019-07-18 00:00:00+05:30,16.46,16.66,15.72,15.87,177899,16.39666666666667,16.365000000000002,16.428333333333335,0.003862573693840165,18.7702637618256,-1,16.906799999999997,17.737986525417796,16.075613474582198
2019-07-19 00:00:00+05:30,15.87,15.97,15.28,15.48,166930,16.083333333333332,16.19,15.976666666666663,0.01326424870466352,18.7702637618256,-1,16.8496,17.85135014850818,15.847849851491821
2019-07-22 00:00:00+05:30,15.38,15.57,14.69,14.98,289402,15.576666666666668,15.625,15.528333333333336,0.006205863471003467,18.7702637618256,-1,16.7944,18.024126213445985,15.564673786554014
2019-07-23 00:00:00+05:30,14.88,15.08,14.39,14.88,286318,15.079999999999998,15.129999999999999,15.029999999999998,0.0066312997347481055,18.7702637618256,-1,16.7312,18.1681224892235,15.294277510776503
2019-07-24 00:00:00+05:30,14.79,15.28,14.29,14.39,282414,14.783333333333333,14.735,14.831666666666667,0.006538895152198482,18.7702637618256,-1,16.666,18.352359392311232,14.979640607688768
2019-07-25 00:00:00+05:30,14.39,15.67,14.0,14.39,493158,14.653333333333334,14.785,14.521666666666668,0.01797088262056405,18.7702637618256,-1,16.5672,18.471817714932943,14.662582285067057
2019-07-26 00:00:00+05:30,14.19,15.23,13.8,14.84,533595,14.686666666666667,14.835,14.538333333333334,0.020199727644121663,18.7702637618256,-1,16.4708,18.469078619221172,14.47252138077883
2019-07-29 00:00:00+05:30,15.28,15.62,14.19,14.49,635136,14.623333333333335,14.515,14.73166666666667,0.014816503305220096,18.7702637618256,-1,16.3624,18.481080948145937,14.243719051854066
2019-07-30 00:00:00+05:30,14.49,14.79,13.9,14.19,251680,14.766666666666666,14.905,14.628333333333332,0.018735891647855572,18.7702637618256,-1,16.244,18.49978722401663,13.988212775983369
2019-07-31 00:00:00+05:30,14.1,14.1,13.21,13.6,536070,14.293333333333331,14.344999999999999,14.241666666666664,0.007229477611940436,18.7702637618256,-1,16.098,18.539291461509006,13.656708538490992
2019-08-01 00:00:00+05:30,13.55,13.8,12.37,12.62,805669,13.636666666666668,13.655000000000001,13.618333333333336,0.002688829137130185,18.7702637618256,-1,15.912799999999999,18.659763530889503,13.165836469110495
2019-08-02 00:00:00+05:30,11.88,13.16,11.88,12.86,811249,12.93,13.085,12.774999999999999,0.023975251353441786,18.62307837512055,-1,15.7332,18.661925156110946,12.804474843889055
2019-08-05 00:00:00+05:30,12.81,12.86,12.12,12.32,457472,12.633333333333333,12.52,12.746666666666666,0.0179419525065963,18.55615524011573,-1,15.54,18.697680161136848,12.382319838863149
2019-08-06 00:00:00+05:30,12.27,12.96,11.98,12.17,550492,12.433333333333332,12.489999999999998,12.376666666666665,0.00911528150134048,18.55615524011573,-1,15.328800000000001,18.649331620092997,12.008268379907005
2019-08-07 00:00:00+05:30,12.27,12.62,12.03,12.22,421836,12.37,12.47,12.269999999999998,0.016168148746968702,18.344192669290656,-1,15.1236,18.551457079873312,11.695742920126687
2019-08-08 00:00:00+05:30,12.22,12.52,12.03,12.32,419799,12.29,12.325,12.254999999999999,0.0056956875508543765,18.190624962519028,-1,14.9264,18.409046717661404,11.443753282338594
2019-08-09 00:00:00+05:30,12.32,12.67,11.98,12.17,620754,12.29,12.274999999999999,12.305,0.002441008950366244,18.190624962519028,-1,14.7312,18.262560395093924,11.199839604906074
2019-08-13 00:00:00+05:30,12.03,12.17,11.43,11.63,662210,12.273333333333333,12.325,12.221666666666668,0.00841933731667559,17.64451196545754,-1,14.516399999999999,18.12211049309815,10.91068950690185
2019-08-14 00:00:00+05:30,11.58,11.83,10.7,10.79,744285,11.743333333333334,11.8,11.686666666666667,0.00965086573942662,17.192131486839237,-1,14.262,17.984137020588886,10.539862979411115
2019-08-16 00:00:00+05:30,10.99,11.34,10.25,10.35,705248,11.106666666666667,11.265,10.948333333333334,0.028511404561824705,16.790246227365664,-1,13.993999999999998,17.83742763689373,10.150572363106267
2019-08-19 00:00:00+05:30,10.45,10.7,9.46,9.66,761909,10.646666666666667,10.795,10.498333333333333,0.02786474639949908,16.182636378271038,-1,13.7024,17.70728613571457,9.697513864285431
2019-08-20 00:00:00+05:30,9.66,10.1,8.28,8.87,2692540,9.94,10.08,9.799999999999999,0.028169014084507157,15.558130923140197,-1,13.386800000000001,17.615417627551473,9.158182372448529
2019-08-21 00:00:00+05:30,8.87,9.56,8.63,8.92,1488144,9.083333333333334,9.19,8.976666666666668,0.02348623853210985,15.46880568621459,-1,13.0772,17.433339648822027,8.721060351177973
2019-08-22 00:00:00+05:30,8.58,9.12,8.13,8.28,572100,9.036666666666667,9.095,8.978333333333333,0.012910365178900826,15.021053458766005,-1,12.75,17.266511928473072,8.233488071526928
2019-08-23 00:00:00+05:30,8.28,9.12,8.08,8.38,520544,8.51,8.625,8.395,0.027027027027027077,15.021053458766005,-1,12.426799999999998,16.991259994351992,7.862340005648004
2019-08-26 00:00:00+05:30,9.12,9.22,8.13,9.07,520025,8.526666666666666,8.6,8.453333333333331,0.01720093823299472,15.021053458766005,-1,12.1548,16.67634352406786,7.6332564759321375
2019-08-27 00:00:00+05:30,9.07,9.46,8.92,9.02,313116,8.806666666666667,8.675,8.938333333333333,0.029901589704768947,15.021053458766005,-1,11.896400000000002,16.36635259035711,7.4264474096428925
2019-08-28 00:00:00+05:30,8.97,9.17,8.38,8.38,332412,9.133333333333335,9.190000000000001,9.076666666666668,0.012408759124087584,15.021053458766005,-1,11.6324,16.12224732034848,7.142552679651518
2019-08-29 00:00:00+05:30,8.48,8.67,7.59,7.79,804034,8.643333333333333,8.775,8.511666666666665,0.030466640956421376,14.516616428139848,-1,11.348799999999999,15.877790421721011,6.819809578278987
2019-08-30 00:00:00+05:30,7.79,8.33,7.79,8.13,422254,8.016666666666666,8.129999999999999,7.903333333333332,0.028274428274428266,14.342351771014254,-1,11.098400000000002,15.619333284183796,6.5774667158162075
2019-09-03 00:00:00+05:30,8.13,8.58,8.03,8.18,653692,8.083333333333334,8.06,8.106666666666667,0.005773195876288683,14.342351771014254,-1,10.85,15.302102424702408,6.397897575297591
2019-09-04 00:00:00+05:30,8.23,8.38,7.98,8.18,702878,8.263333333333334,8.305,8.221666666666668,0.010084711577248747,14.229655392166736,-1,10.583599999999999,14.84162162512607,6.325578374873927
2019-09-05 00:00:00+05:30,8.18,8.48,8.18,8.28,138127,8.18,8.18,8.18,0.0,14.221669176480066,-1,10.3352,14.371460130373347,6.298939869626653
2019-09-06 00:00:00+05:30,8.38,8.58,8.08,8.13,179230,8.313333333333333,8.33,8.296666666666665,0.004009623095429229,14.126002409420863,-1,10.0928,13.895024696153776,6.290575303846226
2019-09-09 00:00:00+05:30,8.08,8.48,8.08,8.28,263176,8.263333333333334,8.33,8.196666666666667,0.016135538523598166,13.956162313044029,-1,9.88,13.462388030356543,6.297611969643458
2019-09-11 00:00:00+05:30,8.63,8.72,8.33,8.48,271847,8.280000000000001,8.280000000000001,8.280000000000001,0.0,13.956162313044029,-1,9.714400000000001,13.154777095616405,6.274022904383598
2019-09-12 00:00:00+05:30,8.58,8.67,8.28,8.38,291094,8.51,8.525,8.495,0.003525264394829746,13.933623187701375,-1,9.5352,12.761571931449023,6.3088280685509766
2019-09-13 00:00:00+05:30,8.38,8.53,8.28,8.48,134447,8.443333333333333,8.475,8.411666666666667,0.007500986971969906,13.71527826019332,-1,9.3816,12.423382004030241,6.33981799596976
2019-09-16 00:00:00+05:30,8.48,9.32,8.38,9.32,539085,8.43,8.405,8.455,0.0059311981020166915,13.71527826019332,-1,9.2676,12.088421327209916,6.446778672790083
2019-09-17 00:00:00+05:30,9.56,9.91,9.17,9.66,519964,9.006666666666668,8.850000000000001,9.163333333333334,0.03478904515173936,13.71527826019332,-1,9.1652,11.723531456250813,6.606868543749188
2019-09-18 00:00:00+05:30,9.66,10.1,8.97,9.22,247889,9.58,9.54,9.620000000000001,0.008350730688935475,13.71527826019332,-1,9.0412,11.252894879508133,6.829505120491866
2019-09-19 00:00:00+05:30,9.51,9.51,8.67,8.82,132515,9.43,9.535,9.325,0.022269353128313983,13.71527826019332,-1,8.9072,10.713106044079426,7.101293955920573
2019-09-20 00:00:00+05:30,8.82,9.32,8.77,9.12,162166,9.0,9.09,8.91,0.01999999999999997,13.71527826019332,-1,8.8068,10.23579931422051,7.3778006857794916
2019-09-23 00:00:00+05:30,9.81,9.81,9.12,9.27,234275,9.07,9.045,9.095,0.005512679162072846,13.71527826019332,-1,8.746,9.942782352828925,7.549217647171076
2019-09-24 00:00:00+05:30,9.56,9.56,8.87,9.02,407183,9.4,9.465,9.335,0.013829787234042447,13.71527826019332,-1,8.6928,9.703408054610085,7.682191945389915
2019-09-25 00:00:00+05:30,9.02,9.27,8.18,8.58,791613,9.15,9.215,9.085,0.014207650273223935,13.71527826019332,-1,8.6496,9.58031121194644,7.718888788053557
2019-09-26 00:00:00+05:30,8.97,8.97,8.33,8.43,190612,8.676666666666668,8.725,8.628333333333336,0.011140991164041183,13.71527826019332,-1,8.632,9.562015053664632,7.701984946335367
2019-09-27 00:00:00+05:30,8.43,8.87,8.18,8.58,849369,8.576666666666666,8.65,8.503333333333332,0.0171006607073457,13.71527826019332,-1,8.618400000000001,9.541086165520456,7.6957138344795455
2019-09-30 00:00:00+05:30,8.58,8.72,7.98,8.18,133712,8.543333333333331,8.524999999999999,8.561666666666664,0.004291845493562072,13.71527826019332,-1,8.6144,9.543762448156178,7.685037551843822
2019-10-01 00:00:00+05:30,8.48,8.48,7.89,7.94,118227,8.293333333333335,8.350000000000001,8.236666666666668,0.013665594855305458,13.517597906477379,-1,8.5968,9.559325345143108,7.634274654856892
2019-10-03 00:00:00+05:30,8.03,8.28,7.74,7.98,88864,8.103333333333333,8.185,8.021666666666667,0.020156314273961414,13.280493990218282,-1,8.553199999999999,9.524742608454664,7.581657391545333
2019-10-04 00:00:00+05:30,7.89,8.48,7.69,7.74,122845,8.0,8.01,7.99,0.0024999999999999467,13.280493990218282,-1,8.502,9.504173637671109,7.499826362328894
2019-10-07 00:00:00+05:30,7.84,8.48,7.74,8.03,423114,7.9700000000000015,8.085,7.855000000000002,0.028858218318694933,13.280493990218282,-1,8.488000000000001,9.506249478292503,7.4697505217075
2019-10-09 00:00:00+05:30,8.23,8.48,7.89,7.94,173200,8.083333333333334,8.11,8.056666666666668,0.006597938144329609,13.280493990218282,-1,8.494,9.49738626662066,7.49061373337934
2019-10-10 00:00:00+05:30,8.48,8.48,7.94,7.94,107916,8.103333333333333,8.185,8.021666666666667,0.020156314273961414,13.280493990218282,-1,8.4864,9.503484145999215,7.469315854000785
2019-10-11 00:00:00+05:30,7.98,8.48,7.89,7.89,75692,8.120000000000001,8.21,8.030000000000001,0.022167487684729027,13.280493990218282,-1,8.4748,9.512013497811788,7.437586502188212
2019-10-14 00:00:00+05:30,8.28,8.28,7.89,7.94,112323,8.086666666666668,8.185,7.988333333333335,0.024319868095630512,13.120161581530436,-1,8.4652,9.517483155829726,7.412916844170272
2019-10-15 00:00:00+05:30,7.74,8.03,7.74,7.79,105883,8.036666666666667,8.084999999999999,7.988333333333335,0.012028204064703112,12.799955118269217,-1,8.4456,9.528752140764624,7.3624478592353775
2019-10-16 00:00:00+05:30,8.13,9.36,8.03,9.07,2039018,7.853333333333333,7.885,7.821666666666665,0.008064516129032388,12.799955118269217,-1,8.4832,9.585019876405829,7.381380123594171
2019-10-17 00:00:00+05:30,9.12,9.46,8.77,8.97,624792,8.82,8.695,8.945,0.028344671201814057,12.799955118269217,-1,8.5108,9.625371415407255,7.396228584592745
2019-10-18 00:00:00+05:30,8.87,9.27,8.33,8.58,615897,9.066666666666668,9.115,9.018333333333336,0.010661764705882058,12.799955118269217,-1,8.514800000000001,9.629618299115569,7.399981700884433
2019-10-22 00:00:00+05:30,8.48,9.22,8.08,8.28,723476,8.726666666666667,8.8,8.653333333333332,0.016806722689075813,12.799955118269217,-1,8.5108,9.628238785814656,7.393361214185344
2019-10-23 00:00:00+05:30,8.18,9.12,8.13,8.77,405373,8.526666666666666,8.65,8.40333333333333,0.028928850664582065,12.799955118269217,-1,8.5224,9.644330906982654,7.400469093017344
2019-10-24 00:00:00+05:30,8.77,9.17,8.48,8.63,544206,8.673333333333334,8.625,8.721666666666668,0.011145272867025468,12.799955118269217,-1,8.4948,9.569857133385451,7.419742866614548
2019-10-25 00:00:00+05:30,8.82,8.82,8.18,8.43,531131,8.76,8.825,8.695,0.014840182648401713,12.799955118269217,-1,8.445599999999999,9.409709205454954,7.481490794545043
2019-10-27 00:00:00+05:30,8.72,8.72,8.48,8.63,38510,8.476666666666667,8.5,8.453333333333333,0.005505308690523026,12.799955118269217,-1,8.422,9.336750239159851,7.507249760840149
2019-10-29 00:00:00+05:30,8.87,9.07,8.23,8.48,574360,8.610000000000001,8.600000000000001,8.620000000000001,0.0023228803716608096,12.799955118269217,-1,8.4084,9.309078499822782,7.507721500177218
2019-10-30 00:00:00+05:30,8.63,8.77,8.38,8.48,401713,8.593333333333334,8.65,8.536666666666667,0.01318851823118696,12.799955118269217,-1,8.3828,9.236263906702,7.529336093298
2019-10-31 00:00:00+05:30,8.63,8.97,8.18,8.58,525341,8.543333333333333,8.575,8.511666666666667,0.007413187670698312,12.799955118269217,-1,8.3552,9.133426085429589,7.57697391457041
2019-11-01 00:00:00+05:30,8.72,8.72,8.28,8.53,412052,8.576666666666666,8.575,8.578333333333333,0.00038865137971245874,12.799955118269217,-1,8.335600000000001,9.069271970326714,7.60192802967329
2019-11-04 00:00:00+05:30,8.87,9.07,8.63,8.77,1045995,8.51,8.5,8.52,0.0023501762632196915,12.799955118269217,-1,8.3432,9.090648352759622,7.595751647240377
2019-11-05 00:00:00+05:30,8.87,9.07,8.63,8.67,268090,8.823333333333334,8.850000000000001,8.796666666666667,0.006044578768417215,12.799955118269217,-1,8.3528,9.11055500001192,7.5950449999880805
2019-11-06 00:00:00+05:30,8.82,8.97,8.48,8.77,670898,8.790000000000001,8.850000000000001,8.73,0.013651877133105913,12.799955118269217,-1,8.3604,9.130822844964412,7.589977155035588
2019-11-07 00:00:00+05:30,8.77,8.97,8.43,8.67,693521,8.74,8.725000000000001,8.754999999999999,0.003432494279175925,12.799955118269217,-1,8.38,9.155979381197106,7.604020618802895
2019-11-08 00:00:00+05:30,8.77,8.87,7.05,8.28,822570,8.69,8.7,8.68,0.0023014959723819993,12.799955118269217,-1,8.3936,9.149925432630049,7.637274567369951
2019-11-11 00:00:00+05:30,8.13,8.58,7.89,8.23,717949,8.066666666666665,7.959999999999999,8.17333333333333,0.026446280991735273,12.799955118269217,-1,8.4036,9.144234970848004,7.662965029151998
2019-11-13 00:00:00+05:30,8.48,8.48,8.18,8.28,255766,8.233333333333333,8.235,8.231666666666666,0.00040485829959520505,12.799955118269217,-1,8.4252,9.117052469853945,7.733347530146055
2019-11-14 00:00:00+05:30,8.18,8.48,8.08,8.13,119700,8.313333333333333,8.33,8.296666666666665,0.004009623095429229,12.799955118269217,-1,8.4292,9.112975869743149,7.7454241302568505
2019-11-15 00:00:00+05:30,8.38,8.38,7.98,8.18,202956,8.230000000000002,8.280000000000001,8.180000000000003,0.01215066828675551,12.799955118269217,-1,8.4388,9.101239612374586,7.776360387625414
2019-11-18 00:00:00+05:30,8.18,8.23,8.08,8.13,102004,8.18,8.18,8.18,0.0,12.799955118269217,-1,8.4464,9.089862632981113,7.802937367018888
2019-11-19 00:00:00+05:30,8.18,8.18,8.08,8.08,87687,8.146666666666668,8.155000000000001,8.138333333333335,0.002045826513911504,12.65115038111768,-1,8.454,9.075095805848807,7.832904194151194
2019-11-20 00:00:00+05:30,8.03,8.13,7.89,8.03,250166,8.113333333333332,8.129999999999999,8.096666666666664,0.004108463434675636,12.417504365872974,-1,8.4576,9.067682748521031,7.847517251478967
2019-11-21 00:00:00+05:30,7.98,8.08,7.89,7.89,183535,8.016666666666666,8.01,8.023333333333332,0.0016632016632014803,12.269404191238056,-1,8.461599999999999,9.055210781609441,7.867989218390557
2019-11-22 00:00:00+05:30,8.08,8.08,7.79,7.89,192203,7.953333333333333,7.984999999999999,7.921666666666667,0.007963118189438295,12.129228023588533,-1,8.4144,8.994498750251209,7.834301249748792
2019-11-25 00:00:00+05:30,8.28,9.36,8.18,9.17,2331155,7.920000000000001,7.9350000000000005,7.905000000000001,0.003787878787878707,12.129228023588533,-1,8.4224,9.037393463414862,7.807406536585138
2019-11-26 00:00:00+05:30,9.36,10.7,9.17,9.41,4911619,8.903333333333334,8.77,9.036666666666669,0.029951329090228667,12.129228023588533,-1,8.455599999999999,9.180783121730627,7.730416878269371
2019-11-27 00:00:00+05:30,9.51,9.81,8.87,9.07,1458639,9.76,9.934999999999999,9.585,0.0358606557377047,12.129228023588533,-1,8.4872,9.247042510026223,7.727357489973776
2019-11-28 00:00:00+05:30,9.07,9.07,8.67,8.72,713035,9.25,9.34,9.16,0.019459459459459427,12.129228023588533,-1,8.4852,9.242312831778035,7.7280871682219665
2019-11-29 00:00:00+05:30,9.12,9.81,8.92,9.17,2202685,8.82,8.870000000000001,8.77,0.011337868480725785,12.129228023588533,-1,8.5068,9.308692162352854,7.704907837647147
2019-12-02 00:00:00+05:30,9.32,10.74,9.07,10.45,4764191,9.299999999999999,9.365,9.234999999999998,0.01397849462365619,12.129228023588533,-1,8.5876,9.692198098877082,7.483001901122917
2019-12-03 00:00:00+05:30,10.45,11.93,10.2,11.24,8775814,10.086666666666668,9.905000000000001,10.268333333333334,0.03602115003304692,12.129228023588533,-1,8.692,10.20919741630507,7.174802583694931
2019-12-04 00:00:00+05:30,11.34,11.73,10.4,10.65,3347904,11.123333333333333,11.065,11.181666666666667,0.0104884626910399,12.129228023588533,-1,8.7788,10.475255787824342,7.082344212175659
2019-12-05 00:00:00+05:30,10.65,10.84,10.25,10.65,1011137,10.926666666666668,11.065000000000001,10.788333333333334,0.025320317266626046,12.129228023588533,-1,8.8656,10.70781675164532,7.023383248354681
2019-12-06 00:00:00+05:30,10.74,10.94,9.66,9.86,1700714,10.58,10.545,10.615,0.006616257088846908,12.129228023588533,-1,8.9168,10.795213969294998,7.038386030705002
2019-12-09 00:00:00+05:30,9.27,9.96,9.27,9.56,681935,10.153333333333334,10.3,10.006666666666668,0.02889034799737357,12.129228023588533,-1,8.958,10.845830500877279,7.070169499122722
2019-12-10 00:00:00+05:30,9.56,9.86,8.87,9.17,1074404,9.596666666666666,9.615,9.578333333333331,0.0038207711010769902,12.129228023588533,-1,8.974,10.861966101401862,7.0860338985981395
2019-12-11 00:00:00+05:30,9.17,9.36,7.98,8.48,2403702,9.299999999999999,9.364999999999998,9.235,0.013978494623655809,12.129228023588533,-1,8.9664,10.860718917194923,7.072081082805076
2019-12-12 00:00:00+05:30,8.58,8.67,8.28,8.38,670719,8.606666666666667,8.67,8.543333333333335,0.014717273431448312,12.129228023588533,-1,8.9508,10.857713065675139,7.043886934324859
2019-12-13 00:00:00+05:30,8.43,8.63,8.28,8.43,705289,8.443333333333333,8.475,8.411666666666667,0.007500986971969906,12.129228023588533,-1,8.9412,10.85607081549711,7.02632918450289
2019-12-16 00:00:00+05:30,8.38,9.71,8.18,8.67,3973974,8.446666666666667,8.455,8.438333333333334,0.0019731649565902587,12.129228023588533,-1,8.9568,10.85616174544044,7.057438254559559
2019-12-17 00:00:00+05:30,8.72,8.92,8.38,8.58,1062734,8.853333333333333,8.945,8.761666666666667,0.02070783132530123,12.129228023588533,-1,8.9708,10.85361423407689,7.087985765923111
2019-12-18 00:00:00+05:30,8.63,8.67,8.28,8.38,834164,8.626666666666667,8.65,8.603333333333333,0.005409582689335416,12.129228023588533,-1,8.9748,10.852143825739585,7.097456174260415
2019-12-19 00:00:00+05:30,8.38,8.53,8.18,8.43,791617,8.443333333333333,8.475,8.411666666666667,0.007500986971969906,12.129228023588533,-1,8.9868,10.846139409586785,7.127460590413216
2019-12-20 00:00:00+05:30,8.43,8.58,8.28,8.33,896854,8.38,8.355,8.405000000000001,0.005966587112171922,12.129228023588533,-1,8.992799999999999,10.84263043548389,7.1429695645161075
2019-12-23 00:00:00+05:30,8.33,8.38,8.23,8.38,479551,8.396666666666667,8.43,8.363333333333333,0.007939658594680401,12.129228023588533,-1,9.0028,10.836498077667782,7.169101922332219
2019-12-24 00:00:00+05:30,8.33,9.02,8.28,8.38,2337874,8.33,8.305,8.355,0.006002400960384239,12.129228023588533,-1,9.014800000000001,10.827997132151523,7.201602867848479
2019-12-26 00:00:00+05:30,8.38,8.72,8.33,8.43,781021,8.56,8.649999999999999,8.470000000000002,0.02102803738317712,12.129228023588533,-1,9.030800000000001,10.815794521011899,7.245805478988104
2019-12-27 00:00:00+05:30,8.48,8.53,8.33,8.38,2604641,8.493333333333334,8.525,8.461666666666668,0.007456828885400224,12.129228023588533,-1,9.050400000000002,10.795165703480693,7.30563429651931
2019-12-30 00:00:00+05:30,8.67,8.67,8.48,8.58,3014932,8.413333333333334,8.43,8.396666666666668,0.003961965134706589,12.129228023588533,-1,9.078,10.769484555070619,7.386515444929381
2019-12-31 00:00:00+05:30,8.58,9.12,8.53,8.77,3686881,8.576666666666666,8.575,8.578333333333333,0.00038865137971245874,12.129228023588533,-1,9.062000000000001,10.757263991254007,7.366736008745995
2020-01-01 00:00:00+05:30,8.82,8.92,8.53,8.63,3370178,8.806666666666667,8.825,8.788333333333334,0.004163512490537316,12.129228023588533,-1,9.030800000000001,10.728006363422697,7.333593636577305
2020-01-02 00:00:00+05:30,8.63,8.97,8.58,8.67,4049731,8.693333333333333,8.725,8.661666666666667,0.007285276073619545,12.129228023588533,-1,9.014800000000001,10.717758554998479,7.311841445001523
2020-01-03 00:00:00+05:30,8.63,8.92,8.53,8.58,1327873,8.74,8.775,8.705,0.008009153318077835,12.129228023588533,-1,9.0092,10.71691351228551,7.301486487714491
2020-01-06 00:00:00+05:30,8.63,8.63,8.38,8.38,700115,8.676666666666668,8.725,8.628333333333336,0.011140991164041183,12.129228023588533,-1,8.9776,10.701403051407713,7.253796948592289
2020-01-07 00:00:00+05:30,8.48,8.77,8.38,8.48,738308,8.463333333333333,8.505,8.421666666666665,0.009846396218984131,12.129228023588533,-1,8.898800000000001,10.523423722602441,7.274176277397562
2020-01-08 00:00:00+05:30,8.38,8.48,8.33,8.43,385339,8.543333333333333,8.575,8.511666666666667,0.007413187670698312,12.129228023588533,-1,8.7864,10.108154954612507,7.464645045387494
2020-01-09 00:00:00+05:30,8.63,9.07,8.53,8.97,3755484,8.413333333333334,8.405000000000001,8.421666666666667,0.0019809825673532946,12.129228023588533,-1,8.7192,9.80487280524234,7.6335271947576615
2020-01-10 00:00:00+05:30,9.12,9.17,8.77,9.07,1236408,8.856666666666667,8.8,8.913333333333334,0.012796386902521635,12.129228023588533,-1,8.656,9.421454113610233,7.890545886389768
2020-01-13 00:00:00+05:30,8.97,9.22,8.97,9.07,2535409,9.003333333333332,8.969999999999999,9.036666666666665,0.007404664938911489,12.129228023588533,-1,8.624400000000001,9.238737496855643,8.01006250314436
2020-01-14 00:00:00+05:30,9.12,9.32,8.97,9.22,2978955,9.086666666666668,9.095,9.078333333333335,0.0018341892883344515,12.129228023588533,-1,8.610800000000001,9.152439585003597,8.069160414996405
2020-01-15 00:00:00+05:30,9.36,11.04,9.27,10.94,10286460,9.17,9.145,9.195,0.005452562704471179,12.129228023588533,-1,8.6816,9.726261552869063,7.636938447130936
2020-01-16 00:00:00+05:30,11.24,12.27,10.99,11.93,10023577,10.416666666666666,10.155,10.678333333333333,0.050240000000000014,12.129228023588533,-1,8.819600000000001,10.461847045983852,7.177352954016151
2020-01-17 00:00:00+05:30,11.58,11.58,11.09,11.34,1219998,11.729999999999999,11.629999999999999,11.829999999999998,0.017050298380221596,12.129228023588533,-1,8.938,10.84230249699006,7.033697503009941
2020-01-20 00:00:00+05:30,11.34,11.39,10.2,10.55,3280356,11.336666666666668,11.335,11.338333333333335,0.00029403116730378014,12.129228023588533,-1,9.0228,11.015807937777094,7.029792062222907
2020-01-21 00:00:00+05:30,10.45,11.58,10.45,10.84,1941263,10.713333333333333,10.795,10.631666666666666,0.015245799626633541,12.129228023588533,-1,9.1096,11.219193174060445,7.000006825939556
2020-01-22 00:00:00+05:30,10.79,10.99,10.45,10.55,3398287,10.956666666666669,11.015,10.898333333333337,0.010648007301490438,12.129228023588533,-1,9.1884,11.35925922160843,7.01754077839157
2020-01-23 00:00:00+05:30,10.55,10.7,10.25,10.35,550634,10.663333333333332,10.719999999999999,10.606666666666666,0.010628321350422004,12.129228023588533,-1,9.2672,11.457889535293006,7.076510464706995
2020-01-24 00:00:00+05:30,10.45,10.65,10.1,10.2,494923,10.433333333333332,10.475,10.391666666666664,0.007987220447284574,12.129228023588533,-1,9.338,11.530291951370122,7.145708048629876
2020-01-27 00:00:00+05:30,10.2,10.5,10.1,10.25,646928,10.316666666666666,10.375,10.258333333333333,0.01130856219709213,12.129228023588533,-1,9.4148,11.594951334206447,7.234648665793552
2020-01-28 00:00:00+05:30,10.35,11.39,10.15,10.35,2482084,10.283333333333333,10.3,10.266666666666666,0.003241491085899675,12.129228023588533,-1,9.4936,11.660816685069143,7.326383314930857
2020-01-29 00:00:00+05:30,10.65,10.65,10.15,10.25,1338306,10.63,10.77,10.490000000000002,0.02634054562558773,12.129228023588533,-1,9.5684,11.705588283713446,7.431211716286556
2020-01-30 00:00:00+05:30,10.25,10.25,9.86,9.86,497366,10.35,10.4,10.299999999999999,0.009661835748792409,12.129228023588533,-1,9.625599999999999,11.713838147348612,7.537361852651385
2020-01-31 00:00:00+05:30,10.1,10.7,9.86,10.15,2328107,9.99,10.055,9.925,0.013013013013012914,12.129228023588533,-1,9.6964,11.730225007231917,7.662574992768084
2020-02-01 00:00:00+05:30,10.25,10.55,8.92,9.36,760493,10.236666666666666,10.28,10.193333333333333,0.008466297622924064,12.129228023588533,-1,9.7276,11.715372864298606,7.739827135701396
2020-02-03 00:00:00+05:30,9.66,9.96,9.36,9.36,804545,9.61,9.735,9.485,0.026014568158168577,12.129228023588533,-1,9.7512,11.706683121901557,7.795716878098443
2020-02-04 00:00:00+05:30,9.36,9.86,9.36,9.61,851065,9.56,9.66,9.46,0.020920502092050135,12.129228023588533,-1,9.7904,11.692983338527336,7.887816661472664
2020-02-05 00:00:00+05:30,9.86,10.25,9.66,9.76,2462574,9.61,9.61,9.61,0.0,12.129228023588533,-1,9.834,11.681030048494552,7.986969951505448
2020-02-06 00:00:00+05:30,9.76,10.05,9.56,9.61,1068005,9.89,9.955,9.825000000000001,0.013144590495449849,12.129228023588533,-1,9.8752,11.65316395915152,8.097236040848479
2020-02-07 00:00:00+05:30,9.76,9.86,9.41,9.51,660173,9.74,9.805,9.675,0.013347022587268892,12.129228023588533,-1,9.9204,11.598679881319475,8.242120118680527
2020-02-10 00:00:00+05:30,9.51,9.96,9.07,9.07,1879980,9.593333333333334,9.635,9.551666666666668,0.008686587908269507,12.129228023588533,-1,9.943999999999999,11.555875925759079,8.33212407424092
2020-02-11 00:00:00+05:30,9.17,9.51,9.12,9.17,2576711,9.366666666666667,9.515,9.218333333333334,0.031672597864768705,12.129228023588533,-1,9.9736,11.497981894422018,8.44921810557798
2020-02-12 00:00:00+05:30,9.27,9.51,9.12,9.17,415404,9.266666666666666,9.315,9.218333333333332,0.01043165467625909,12.129228023588533,-1,9.9816,11.48680887588456,8.476391124115441
2020-02-13 00:00:00+05:30,9.27,9.36,9.12,9.22,2290584,9.266666666666666,9.315,9.218333333333332,0.01043165467625909,12.129228023588533,-1,9.9876,11.479361696800682,8.495838303199319
2020-02-14 00:00:00+05:30,9.22,9.36,9.02,9.07,2358696,9.233333333333333,9.239999999999998,9.226666666666667,0.0014440433212994802,12.129228023588533,-1,9.9876,11.479361696800682,8.495838303199319
2020-02-17 00:00:00+05:30,8.92,9.36,8.92,9.27,453914,9.15,9.19,9.110000000000001,0.008743169398906916,12.129228023588533,-1,9.989600000000001,11.477368584169477,8.501831415830525
2020-02-18 00:00:00+05:30,9.36,9.41,9.12,9.27,413521,9.183333333333334,9.14,9.226666666666667,0.009437386569872886,12.129228023588533,-1,9.9228,11.383600000014276,8.461999999985725
2020-02-19 00:00:00+05:30,9.27,9.46,9.27,9.36,2449856,9.266666666666667,9.265,9.268333333333334,0.00035971223021588356,12.129228023588533,-1,9.82,11.043816979797962,8.596183020202039
2020-02-20 00:00:00+05:30,9.46,9.46,9.07,9.17,2489064,9.363333333333333,9.365,9.361666666666666,0.0003559985760057516,12.129228023588533,-1,9.7332,10.812795776224547,8.653604223775453
2020-02-24 00:00:00+05:30,9.27,9.56,9.07,9.17,696686,9.233333333333334,9.265,9.201666666666668,0.006859205776173202,12.129228023588533,-1,9.678,10.725541884624159,8.630458115375843
2020-02-25 00:00:00+05:30,9.36,9.36,8.92,9.02,2856142,9.266666666666667,9.315000000000001,9.218333333333334,0.010431654676259089,12.129228023588533,-1,9.6052,10.569243484518204,8.641156515481796
2020-02-26 00:00:00+05:30,8.97,9.12,8.87,8.92,405409,9.1,9.14,9.059999999999999,0.008791208791208994,12.129228023588533,-1,9.54,10.459060389768842,8.620939610231156
2020-02-27 00:00:00+05:30,8.87,8.97,8.58,8.63,672525,8.969999999999999,8.995,8.944999999999999,0.005574136008918698,12.129228023588533,-1,9.4712,10.39491978437301,8.547480215626988
2020-02-28 00:00:00+05:30,8.63,8.67,8.28,8.28,457424,8.726666666666667,8.775,8.678333333333333,0.01107715813598177,12.129228023588533,-1,9.394400000000001,10.380155831858069,8.408644168141933
2020-03-02 00:00:00+05:30,8.28,9.36,8.28,8.43,1077297,8.409999999999998,8.475,8.344999999999997,0.015457788347206014,12.129228023588533,-1,9.3216,10.312658908462184,8.330541091537816
2020-03-03 00:00:00+05:30,8.38,8.77,8.13,8.23,2691805,8.69,8.82,8.559999999999999,0.02991944764096681,12.129228023588533,-1,9.236799999999999,10.224155579334179,8.249444420665819
2020-03-04 00:00:00+05:30,8.48,8.48,7.15,7.39,1363607,8.376666666666667,8.45,8.303333333333335,0.017508953442100843,12.066411541979072,-1,9.122399999999999,10.264318105663639,7.980481894336359
2020-03-05 00:00:00+05:30,7.64,7.84,7.25,7.25,814507,7.673333333333333,7.815,7.531666666666665,0.03692441355343202,11.791555080299908,-1,9.017999999999999,10.334917613232706,7.7010823867672915
2020-03-06 00:00:00+05:30,7.15,7.15,6.7,6.8,581482,7.446666666666666,7.545,7.348333333333333,0.026410026857654506,11.155692877087912,-1,8.884,10.38218022949265,7.38581977050735
2020-03-09 00:00:00+05:30,6.85,6.85,6.31,6.36,643130,6.883333333333334,6.925000000000001,6.841666666666667,0.012106537530266429,10.792665162004395,-1,8.764000000000001,10.544444888235175,6.983555111764828
2020-03-11 00:00:00+05:30,6.36,6.6,6.31,6.41,443006,6.506666666666667,6.58,6.433333333333334,0.02254098360655735,10.580358555524219,-1,8.646,10.631966767104341,6.66003323289566
2020-03-12 00:00:00+05:30,5.96,6.21,5.27,5.57,1055531,6.44,6.455,6.425000000000001,0.004658385093167602,10.01954421330325,-1,8.4844,10.765803638123472,6.20299636187653
2020-03-13 00:00:00+05:30,4.93,6.11,4.93,5.87,998602,5.683333333333334,5.74,5.626666666666667,0.01994134897360703,9.95876244477112,-1,8.3288,10.766263074600955,5.8913369253990435
2020-03-16 00:00:00+05:30,5.91,7.0,5.18,5.52,2782840,5.636666666666667,5.52,5.753333333333334,0.04139562389118882,9.95876244477112,-1,8.1652,10.779359107637347,5.5510408923626535
2020-03-17 00:00:00+05:30,5.82,6.41,5.42,5.72,2027128,5.8999999999999995,6.09,5.709999999999999,0.06440677966101709,9.95876244477112,-1,8.013599999999999,10.735580925731004,5.291619074268993
2020-03-18 00:00:00+05:30,5.87,5.87,5.13,5.18,715722,5.8500000000000005,5.915,5.785000000000001,0.02222222222222205,9.95876244477112,-1,7.858,10.759458943366864,4.956541056633135
2020-03-19 00:00:00+05:30,4.78,5.42,4.68,4.78,1027625,5.3933333333333335,5.5,5.286666666666667,0.03955500618046964,9.932488598723541,-1,7.6824,10.770370362559156,4.594429637440846
2020-03-20 00:00:00+05:30,5.03,5.22,4.83,5.18,363540,4.96,5.05,4.87,0.0362903225806451,9.8353890547746,-1,7.5228,10.697941042543443,4.347658957456558
2020-03-23 00:00:00+05:30,5.03,5.03,4.63,4.63,291236,5.076666666666667,5.025,5.128333333333334,0.02035456336178598,9.601973492583616,-1,7.3392,10.62929626607551,4.04910373392449
2020-03-24 00:00:00+05:30,4.68,4.83,4.19,4.34,649764,4.763333333333333,4.83,4.696666666666665,0.027991602519244502,9.270294552880271,-1,7.15,10.561960140453605,3.7380398595463955
2020-03-25 00:00:00+05:30,4.34,4.44,3.94,4.19,236475,4.453333333333333,4.51,4.3966666666666665,0.025449101796407175,8.89988277076506,-1,6.9468,10.43378480639712,3.4598151936028794
2020-03-26 00:00:00+05:30,4.44,4.49,4.04,4.44,458751,4.19,4.19,4.19,0.0,8.89988277076506,-1,6.7536000000000005,10.239520848218522,3.2676791517814796
2020-03-27 00:00:00+05:30,4.44,4.83,4.14,4.24,2628794,4.323333333333334,4.265000000000001,4.381666666666668,0.02698535080956063,8.89988277076506,-1,6.5488,9.999575309991178,3.0980246900088217
2020-03-30 00:00:00+05:30,4.19,4.53,3.94,4.44,2278511,4.403333333333333,4.484999999999999,4.321666666666667,0.03709311127933358,8.868796443075595,-1,6.3596,9.732562994170685,2.9866370058293152
2020-03-31 00:00:00+05:30,4.53,4.73,4.34,4.53,4057454,4.303333333333334,4.235,4.371666666666667,0.03175832687838885,8.868796443075595,-1,6.1739999999999995,9.416058605276135,2.9319413947238644
2020-04-01 00:00:00+05:30,4.83,4.88,4.53,4.68,211068,4.533333333333334,4.535,4.531666666666668,0.0007352941176467818,8.868796443075595,-1,6.000400000000001,9.074740150348557,2.926059849651444
2020-04-03 00:00:00+05:30,4.78,4.78,4.53,4.68,2520286,4.696666666666666,4.705,4.688333333333333,0.0035486160397446764,8.868796443075595,-1,5.830799999999999,8.703362173399443,2.958237826600555
2020-04-07 00:00:00+05:30,4.78,4.83,4.68,4.78,225133,4.663333333333333,4.655,4.671666666666666,0.0035739814152964374,8.868796443075595,-1,5.676799999999999,8.33757714963983,3.016022850360167
2020-04-08 00:00:00+05:30,4.83,5.03,4.73,4.93,275475,4.763333333333333,4.755,4.771666666666666,0.00349895031490533,8.868796443075595,-1,5.5428,7.994917582834392,3.090682417165607
2020-04-09 00:00:00+05:30,5.18,5.22,4.63,5.18,429554,4.896666666666667,4.880000000000001,4.913333333333334,0.006807351940095277,8.868796443075595,-1,5.4128,7.565145845826292,3.2604541541737078
2020-04-13 00:00:00+05:30,5.22,5.32,4.93,5.32,395451,5.01,4.925,5.095,0.0339321357285429,8.868796443075595,-1,5.2964,7.115717498416864,3.477082501583136
2020-04-15 00:00:00+05:30,5.32,5.72,5.32,5.57,521827,5.19,5.125,5.255000000000001,0.025048169556840225,8.868796443075595,-1,5.2236,6.83586181498101,3.6113381850189907
2020-04-16 00:00:00+05:30,5.91,5.91,5.52,5.87,386804,5.536666666666666,5.52,5.553333333333333,0.006020469596628516,8.868796443075595,-1,5.1684,6.581568694829427,3.755231305170573
2020-04-17 00:00:00+05:30,6.01,6.41,5.91,6.41,262709,5.766666666666667,5.715,5.818333333333333,0.0179190751445087,8.868796443075595,-1,5.1528,6.500681537838515,3.804918462161485
2020-04-20 00:00:00+05:30,6.75,6.75,6.75,6.75,85107,6.243333333333333,6.16,6.326666666666666,0.02669514148424977,8.868796443075595,-1,5.1684,6.579359163138999,3.7574408368610004
2020-04-21 00:00:00+05:30,7.1,7.1,6.8,7.0,655279,6.75,6.75,6.75,0.0,8.868796443075595,-1,5.192,6.701532377938905,3.682467622061095
2020-04-22 00:00:00+05:30,7.05,7.39,6.7,6.75,436063,6.966666666666666,6.949999999999999,6.9833333333333325,0.004784688995215294,8.868796443075595,-1,5.239199999999999,6.86255869112339,3.6158413088766093
2020-04-23 00:00:00+05:30,7.05,7.05,6.51,6.75,217175,6.946666666666666,7.045,6.848333333333333,0.02831094049904039,8.868796443075595,-1,5.274399999999999,6.986671754145881,3.562128245854117
2020-04-24 00:00:00+05:30,6.75,6.75,6.41,6.41,179867,6.77,6.779999999999999,6.76,0.0029542097488921087,8.868796443075595,-1,5.31,7.0773392430560085,3.5426607569439907
2020-04-27 00:00:00+05:30,6.51,6.75,6.11,6.51,621018,6.523333333333333,6.58,6.466666666666667,0.017373530914665297,8.868796443075595,-1,5.3416,7.164509147501805,3.518690852498194
2020-04-28 00:00:00+05:30,6.51,6.56,6.16,6.26,310373,6.456666666666666,6.43,6.4833333333333325,0.008260196179659183,8.868796443075595,-1,5.3848,7.2412233999941185,3.528376600005882
2020-04-29 00:00:00+05:30,6.41,6.41,6.16,6.31,187613,6.326666666666665,6.359999999999999,6.293333333333331,0.010537407797682016,8.868796443075595,-1,5.445999999999999,7.319435347175254,3.5725646528247434
2020-04-30 00:00:00+05:30,6.41,6.6,6.21,6.56,363357,6.293333333333333,6.285,6.301666666666666,0.002648305084745612,8.868796443075595,-1,5.5012,7.420785955367881,3.5816140446321185
2020-05-04 00:00:00+05:30,6.56,6.56,6.26,6.31,158465,6.456666666666666,6.404999999999999,6.508333333333333,0.016004130098089858,8.868796443075595,-1,5.5684,7.478890450131997,3.6579095498680014
2020-05-05 00:00:00+05:30,6.06,6.41,6.06,6.11,111304,6.376666666666666,6.41,6.343333333333332,0.01045478306325168,8.868796443075595,-1,5.639200000000001,7.492688991077505,3.7857110089224966
2020-05-06 00:00:00+05:30,6.06,6.11,5.82,5.82,149063,6.1933333333333325,6.234999999999999,6.1516666666666655,0.013455328310010862,8.868796443075595,-1,5.704400000000001,7.461562075633734,3.9472379243662674
2020-05-07 00:00:00+05:30,5.82,6.01,5.82,5.96,127796,5.916666666666667,5.965,5.868333333333334,0.016338028169013936,8.868796443075595,-1,5.7652,7.446714745711556,4.0836852542884445
2020-05-08 00:00:00+05:30,6.01,6.26,5.91,5.91,90345,5.93,5.915,5.944999999999999,0.005059021922428223,8.868796443075595,-1,5.832000000000001,7.394305987969496,4.269694012030506
2020-05-11 00:00:00+05:30,6.21,6.21,5.96,6.16,356650,6.026666666666666,6.085,5.968333333333333,0.019358407079646096,8.868796443075595,-1,5.9008,7.359927629799834,4.441672370200166
2020-05-12 00:00:00+05:30,6.31,6.51,6.11,6.41,2560714,6.109999999999999,6.085,6.134999999999999,0.008183306055646308,8.868796443075595,-1,5.976,7.33514090514752,4.61685909485248
2020-05-13 00:00:00+05:30,6.7,6.7,6.51,6.7,751861,6.343333333333334,6.3100000000000005,6.376666666666667,0.010509721492380414,8.868796443075595,-1,6.056800000000001,7.335971231714172,4.77762876828583
2020-05-14 00:00:00+05:30,6.95,7.0,6.56,6.95,527958,6.636666666666667,6.605,6.668333333333333,0.00954294324460059,8.868796443075595,-1,6.1476,7.342445998463848,4.952754001536151
2020-05-15 00:00:00+05:30,6.95,6.95,6.6,6.6,183888,6.836666666666666,6.779999999999999,6.893333333333333,0.016577279375914182,8.868796443075595,-1,6.2204,7.288085047214303,5.152714952785696
2020-05-18 00:00:00+05:30,6.6,6.6,6.31,6.31,200108,6.716666666666666,6.775,6.658333333333331,0.01736972704714674,8.868796443075595,-1,6.2756,7.204376916188685,5.346823083811315
2020-05-19 00:00:00+05:30,6.41,6.51,6.11,6.41,138509,6.406666666666666,6.455,6.3583333333333325,0.015088449531737914,8.868796443075595,-1,6.3248,7.139526849959495,5.510073150040505
2020-05-20 00:00:00+05:30,6.41,6.6,6.21,6.26,139000,6.343333333333334,6.3100000000000005,6.376666666666667,0.010509721492380414,8.868796443075595,-1,6.362399999999999,7.0675644914804545,5.657235508519544
2020-05-21 00:00:00+05:30,6.41,6.6,6.21,6.41,294872,6.3566666666666665,6.404999999999999,6.308333333333334,0.015207131620345956,8.868796443075595,-1,6.396,7.022609926545105,5.769390073454895
2020-05-22 00:00:00+05:30,6.6,6.6,6.21,6.31,98039,6.406666666666666,6.404999999999999,6.408333333333333,0.0005202913631634529,8.868796443075595,-1,6.413599999999999,7.0037831580491305,5.823416841950867
2020-05-26 00:00:00+05:30,6.41,6.51,6.31,6.41,135688,6.373333333333332,6.404999999999999,6.341666666666665,0.00993723849372401,8.868796443075595,-1,6.4136,7.003783158049131,5.823416841950868
2020-05-27 00:00:00+05:30,6.31,6.65,6.31,6.36,193664,6.41,6.41,6.41,0.0,8.868796443075595,-1,6.398,6.972191605689999,5.82380839431
2020-05-28 00:00:00+05:30,6.51,6.51,6.36,6.41,75246,6.44,6.48,6.4,0.012422360248447215,8.868796443075595,-1,6.3744,6.893540212317327,5.855259787682672
2020-05-29 00:00:00+05:30,6.51,6.56,6.31,6.46,274302,6.426666666666667,6.4350000000000005,6.418333333333333,0.0025933609958507515,8.868796443075595,-1,6.3628,6.860362699611707,5.865237300388293
2020-06-01 00:00:00+05:30,6.65,6.8,6.51,6.6,179437,6.4433333333333325,6.435,6.451666666666665,0.0025866528711845404,8.868796443075595,-1,6.3568,6.838919321376871,5.874680678623129
2020-06-02 00:00:00+05:30,6.7,6.9,6.46,6.7,402350,6.636666666666666,6.654999999999999,6.618333333333332,0.0055248618784531,8.868796443075595,-1,6.3684,6.868693673800584,5.868106326199417
2020-06-03 00:00:00+05:30,6.9,6.9,6.75,6.8,598866,6.6866666666666665,6.68,6.693333333333333,0.0019940179461615617,8.868796443075595,-1,6.38,6.905691925032975,5.854308074967025
2020-06-04 00:00:00+05:30,7.0,7.1,6.85,7.1,410883,6.816666666666666,6.825,6.808333333333333,0.0024449877750612465,8.868796443075595,-1,6.413599999999999,7.007297027148397,5.819902972851601
2020-06-05 00:00:00+05:30,7.34,7.79,7.05,7.79,1145539,7.016666666666666,6.975,7.058333333333332,0.011876484560569904,8.868796443075595,-1,6.472800000000001,7.27271039500984,5.6728896049901625
2020-06-08 00:00:00+05:30,8.38,8.38,7.84,8.03,803044,7.543333333333333,7.42,7.666666666666666,0.03269995581087046,8.868796443075595,-1,6.531600000000001,7.537974562498848,5.525225437501154
2020-06-09 00:00:00+05:30,8.28,8.28,7.69,7.79,443404,8.083333333333334,8.11,8.056666666666668,0.006597938144329609,8.868796443075595,-1,6.590800000000001,7.706275432290957,5.475324567709045
2020-06-10 00:00:00+05:30,7.79,8.08,7.49,7.64,165717,7.919999999999999,7.984999999999999,7.854999999999999,0.016414141414141516,8.868796443075595,-1,6.651999999999999,7.82180682167811,5.4821931783218885
2020-06-11 00:00:00+05:30,7.69,8.08,7.25,7.39,382608,7.736666666666667,7.785,7.688333333333334,0.012494614390348874,8.868796443075595,-1,6.7148,7.867648576372712,5.5619514236272884
2020-06-12 00:00:00+05:30,6.8,7.49,6.8,7.34,437272,7.573333333333333,7.665,7.4816666666666665,0.02420774647887327,8.868796443075595,-1,6.77,7.9050136563251305,5.634986343674869
2020-06-15 00:00:00+05:30,7.29,8.03,7.2,7.69,699888,7.21,7.145,7.275,0.018030513176144354,8.868796443075595,-1,6.8412,7.97480762173006,5.70759237826994
2020-06-16 00:00:00+05:30,7.69,7.94,7.39,7.49,445680,7.640000000000001,7.615,7.665000000000001,0.00654450261780114,8.868796443075595,-1,6.894400000000001,8.01994456155429,5.768855438445711
2020-06-17 00:00:00+05:30,7.64,8.23,7.39,8.23,1101211,7.6066666666666665,7.665,7.548333333333333,0.015337423312883498,8.868796443075595,-1,6.9672,8.189296821059763,5.745103178940238
2020-06-18 00:00:00+05:30,8.67,9.02,8.33,9.02,1319778,7.95,7.8100000000000005,8.09,0.03522012578616344,5.154690934489612,1,7.06,8.516670175449576,5.603329824550424
2020-06-19 00:00:00+05:30,9.66,9.96,9.27,9.66,2957196,8.790000000000001,8.675,8.905000000000001,0.026166097838452834,5.972303297110027,1,7.1684,8.94450522212064,5.392294777879361
2020-06-22 00:00:00+05:30,9.86,10.05,9.17,9.81,2280309,9.63,9.615,9.645000000000001,0.003115264797507906,5.972303297110027,1,7.296800000000001,9.334788969558987,5.258811030441015
2020-06-23 00:00:00+05:30,9.81,10.25,9.71,10.25,1360523,9.676666666666668,9.61,9.743333333333336,0.0137788494660699,6.235146718616601,1,7.454400000000001,9.755196940202234,5.153603059797767
2020-06-24 00:00:00+05:30,10.79,10.79,9.76,9.91,1713561,10.07,9.98,10.16,0.017874875868917547,6.3915408498719355,1,7.5944,10.045020035836613,5.143779964163388
2020-06-25 00:00:00+05:30,9.86,10.1,9.41,9.76,994175,10.153333333333332,10.274999999999999,10.031666666666666,0.02396585686145755,6.3915408498719355,1,7.734400000000001,10.262761240021632,5.206038759978369
2020-06-26 00:00:00+05:30,9.96,10.25,9.61,10.05,656212,9.756666666666666,9.754999999999999,9.758333333333333,0.0003416467372737125,6.3915408498719355,1,7.88,10.503945121385659,5.256054878614341
2020-06-29 00:00:00+05:30,9.61,9.96,9.56,9.66,1430145,9.97,9.93,10.010000000000002,0.008024072216650135,6.3915408498719355,1,8.014,10.645696031087839,5.38230396891216
2020-06-30 00:00:00+05:30,9.81,9.86,9.61,9.81,927731,9.726666666666668,9.760000000000002,9.693333333333335,0.006854009595613409,6.3915408498719355,1,8.15,10.787477582851345,5.512522417148656
2020-07-01 00:00:00+05:30,9.76,10.25,9.76,9.86,546016,9.76,9.735,9.785,0.0051229508196722045,6.3915408498719355,1,8.29,10.904017597500683,5.675982402499314
2020-07-02 00:00:00+05:30,10.15,10.15,9.66,9.91,565510,9.956666666666665,10.004999999999999,9.908333333333331,0.009708737864077761,6.3915408498719355,1,8.43,11.000814656882742,5.859185343117257
2020-07-03 00:00:00+05:30,9.96,9.96,9.76,9.81,294401,9.906666666666668,9.905000000000001,9.908333333333335,0.00033647375504715886,6.3915408498719355,1,8.564,11.058198067524513,6.069801932475487
2020-07-06 00:00:00+05:30,9.66,9.91,9.56,9.56,456628,9.843333333333334,9.86,9.826666666666668,0.003386386725363844,6.3915408498719355,1,8.6824,11.071229202777568,6.293570797222431
2020-07-07 00:00:00+05:30,9.71,9.86,9.36,9.56,331608,9.676666666666668,9.735,9.618333333333336,0.012056493282810566,6.3915408498719355,1,8.7968,11.065852454229036,6.527747545770962
2020-07-08 00:00:00+05:30,9.56,9.76,9.36,9.46,506739,9.593333333333334,9.61,9.576666666666668,0.003474635163307655,6.3915408498719355,1,8.9032,11.03292651766435,6.77347348233565
2020-07-09 00:00:00+05:30,9.56,9.66,9.36,9.41,432492,9.526666666666666,9.559999999999999,9.493333333333332,0.006997900629811033,6.3915408498719355,1,8.995600000000001,11.001200797776729,6.989999202223275
2020-07-10 00:00:00+05:30,9.56,9.66,9.32,9.36,221355,9.476666666666667,9.51,9.443333333333333,0.007034822370735114,6.3915408498719355,1,9.058399999999999,11.006565742446618,7.11023425755338
2020-07-13 00:00:00+05:30,9.36,9.56,8.97,8.97,323890,9.446666666666667,9.49,9.403333333333334,0.009174311926605434,6.3915408498719355,1,9.096,10.999083813194405,7.192916186805595
2020-07-14 00:00:00+05:30,8.87,9.17,8.77,8.97,355668,9.166666666666666,9.265,9.068333333333332,0.02145454545454571,6.3915408498719355,1,9.1432,10.971438233940674,7.3149617660593265
2020-07-15 00:00:00+05:30,9.17,9.36,8.77,9.07,404695,8.969999999999999,8.969999999999999,8.969999999999999,0.0,6.3915408498719355,1,9.2004,10.923387916394791,7.477412083605209
2020-07-16 00:00:00+05:30,8.77,9.02,8.67,8.72,206884,9.066666666666666,9.065,9.068333333333333,0.00036764705882358687,6.3915408498719355,1,9.2536,10.825186510518087,7.682013489481914
2020-07-17 00:00:00+05:30,8.87,9.07,8.77,8.82,308823,8.803333333333333,8.844999999999999,8.761666666666667,0.009466111321469007,6.3915408498719355,1,9.3128,10.691222518693873,7.934377481306125
2020-07-20 00:00:00+05:30,8.82,9.17,8.82,9.02,304960,8.886666666666667,8.92,8.853333333333333,0.00750187546886719,6.3915408498719355,1,9.366,10.582999589170972,8.149000410829027
2020-07-21 00:00:00+05:30,9.17,9.36,9.02,9.17,296227,9.003333333333334,8.995000000000001,9.011666666666667,0.0018511662347277733,6.3915408498719355,1,9.433200000000001,10.385077639217489,8.481322360782514
2020-07-22 00:00:00+05:30,9.12,9.27,8.87,8.97,181035,9.183333333333332,9.19,9.176666666666664,0.0014519056261345284,6.3915408498719355,1,9.4628,10.302600357252977,8.622999642747022
2020-07-23 00:00:00+05:30,8.97,9.12,8.87,8.92,148325,9.036666666666667,9.07,9.003333333333334,0.0073773515308004165,6.3915408498719355,1,9.458800000000002,10.307899664375293,8.60970033562471
2020-07-24 00:00:00+05:30,8.92,9.07,8.77,8.92,153081,8.969999999999999,8.995,8.944999999999999,0.005574136008918698,6.3915408498719355,1,9.4292,10.299508818777714,8.558891181222286
2020-07-27 00:00:00+05:30,8.97,9.07,8.87,8.92,234539,8.92,8.92,8.92,0.0,6.3915408498719355,1,9.3936,10.271467962761081,8.515732037238918
2020-07-28 00:00:00+05:30,8.92,9.07,8.48,8.53,335419,8.953333333333333,8.969999999999999,8.936666666666667,0.003723008190617808,6.3915408498719355,1,9.3248,10.192958879492892,8.456641120507108
2020-07-29 00:00:00+05:30,8.53,8.92,8.48,8.67,245374,8.693333333333333,8.775,8.611666666666666,0.018788343558282284,6.3915408498719355,1,9.2752,10.145641175521009,8.404758824478991
2020-07-30 00:00:00+05:30,8.67,8.87,8.53,8.67,120573,8.69,8.7,8.68,0.0023014959723819993,6.3915408498719355,1,9.2316,10.109701224257451,8.35349877574255
2020-07-31 00:00:00+05:30,8.67,8.67,8.38,8.53,98729,8.69,8.7,8.68,0.0023014959723819993,6.3915408498719355,1,9.1708,10.023952647562256,8.317647352437744
2020-08-03 00:00:00+05:30,8.53,8.87,8.38,8.77,280170,8.526666666666666,8.525,8.52833333333333,0.00039093041438588373,6.3915408498719355,1,9.1352,9.977940671881047,8.292459328118952
2020-08-04 00:00:00+05:30,8.77,8.82,8.67,8.77,59351,8.673333333333334,8.625,8.721666666666668,0.011145272867025468,6.3915408498719355,1,9.0936,9.900924073741491,8.28627592625851
2020-08-05 00:00:00+05:30,8.77,9.07,8.77,9.02,333739,8.753333333333334,8.745000000000001,8.761666666666667,0.0019040365575017956,6.3915408498719355,1,9.06,9.804408490039297,8.315591509960704
2020-08-06 00:00:00+05:30,9.07,9.17,8.92,9.07,259008,8.953333333333333,8.92,8.986666666666666,0.007446016381236012,6.3915408498719355,1,9.0264,9.685220279015923,8.367579720984079
2020-08-07 00:00:00+05:30,9.02,9.96,8.92,9.96,2004919,9.053333333333333,9.045,9.061666666666666,0.0018409425625919426,6.3915408498719355,1,9.0324,9.721684382561081,8.34311561743892
2020-08-10 00:00:00+05:30,10.45,10.99,10.2,10.94,1906815,9.613333333333335,9.440000000000001,9.786666666666669,0.036061026352288576,7.295789319067797,1,9.0876,10.087908432455992,8.087291567544009
2020-08-11 00:00:00+05:30,11.24,11.24,10.3,10.45,617987,10.709999999999999,10.594999999999999,10.825,0.021475256769374458,7.339557746305086,1,9.1232,10.244281192439928,8.002118807560073
2020-08-12 00:00:00+05:30,10.35,11.09,10.01,10.79,660794,10.663333333333332,10.77,10.556666666666665,0.020006251953735673,7.339557746305086,1,9.1764,10.469407409121263,7.883392590878735
2020-08-13 00:00:00+05:30,11.04,11.04,10.2,10.35,487935,10.63,10.55,10.71,0.015051740357478846,7.339557746305086,1,9.214,10.584348860707541,7.843651139292461
2020-08-14 00:00:00+05:30,10.2,10.74,9.86,10.1,267680,10.53,10.62,10.44,0.017094017094017068,7.339557746305086,1,9.2436,10.656589794741077,7.830610205258925
2020-08-17 00:00:00+05:30,10.1,10.6,9.86,10.35,337955,10.233333333333334,10.3,10.166666666666668,0.013029315960912004,7.339557746305086,1,9.298799999999998,10.771292526311212,7.826307473688784
2020-08-18 00:00:00+05:30,10.25,10.6,10.2,10.25,216761,10.270000000000001,10.23,10.310000000000002,0.007789678675754804,7.339557746305086,1,9.35,10.861693090558509,7.83830690944149
2020-08-19 00:00:00+05:30,10.35,10.45,10.2,10.25,264494,10.35,10.399999999999999,10.3,0.009661835748792065,7.339557746305086,1,9.3972,10.94424901022634,7.85015098977366
2020-08-20 00:00:00+05:30,10.35,10.94,10.2,10.45,746087,10.299999999999999,10.325,10.274999999999999,0.004854368932038905,7.339557746305086,1,9.4664,11.04062112806373,7.892178871936271
2020-08-21 00:00:00+05:30,10.55,10.99,10.4,10.55,789527,10.53,10.57,10.489999999999998,0.00759734093067444,7.339557746305086,1,9.535599999999999,11.141848598456097,7.9293514015439
2020-08-24 00:00:00+05:30,10.55,10.84,10.4,10.5,379974,10.646666666666667,10.695,10.598333333333333,0.009079524107702026,7.339557746305086,1,9.5948,11.229514605073964,7.9600853949260335
2020-08-25 00:00:00+05:30,10.6,11.53,10.45,11.53,2368325,10.58,10.620000000000001,10.54,0.0075614366729680384,7.339557746305086,1,9.6892,11.480002457012512,7.898397542987487
2020-08-26 00:00:00+05:30,11.63,12.12,11.24,11.63,2422202,11.17,10.989999999999998,11.350000000000001,0.032229185317815844,7.676044062127684,1,9.7956,11.714350259945771,7.876849740054229
2020-08-27 00:00:00+05:30,11.73,12.17,11.43,11.53,2453793,11.663333333333334,11.68,11.646666666666668,0.002857959416976116,7.749002299642577,1,9.9,11.899159823536346,7.900840176463655
2020-08-28 00:00:00+05:30,11.68,11.83,10.94,11.09,791966,11.71,11.8,11.620000000000001,0.015371477369769402,7.749002299642577,1,9.986799999999999,11.99662960472817,7.9769703952718265
2020-08-31 00:00:00+05:30,11.09,11.24,10.01,10.4,931651,11.286666666666667,11.385,11.188333333333334,0.017424689899586423,7.749002299642577,1,10.046,12.013390149421753,8.078609850578246
2020-09-01 00:00:00+05:30,10.55,10.84,10.15,10.74,388703,10.549999999999999,10.625,10.474999999999998,0.01421800947867319,7.749002299642577,1,10.1344,12.01820109354509,8.25059890645491
2020-09-02 00:00:00+05:30,10.74,11.78,10.45,11.53,1250939,10.576666666666668,10.495000000000001,10.658333333333335,0.015442798613299778,7.749002299642577,1,10.2488,12.110217266504632,8.387382733495366
2020-09-03 00:00:00+05:30,11.53,12.03,11.34,11.78,714573,11.253333333333332,11.114999999999998,11.391666666666666,0.024585308056872094,7.749002299642577,1,10.373199999999999,12.21148372131221,8.534916278687788
2020-09-04 00:00:00+05:30,11.39,12.81,11.24,11.88,1307072,11.716666666666667,11.684999999999999,11.748333333333335,0.005405405405405644,7.749002299642577,1,10.507200000000001,12.275575706698485,8.738824293301517
2020-09-07 00:00:00+05:30,11.93,12.42,11.58,11.78,679225,11.976666666666667,12.025,11.928333333333333,0.008071249652101384,7.749002299642577,1,10.6276,12.314464831585878,8.94073516841412
2020-09-08 00:00:00+05:30,11.63,12.27,11.53,11.63,308515,11.926666666666668,12.0,11.853333333333335,0.012297372833985304,7.749002299642577,1,10.742,12.291781920155595,9.192218079844407
2020-09-09 00:00:00+05:30,11.34,11.63,10.65,10.7,1025985,11.81,11.899999999999999,11.720000000000002,0.01524132091447893,7.749002299642577,1,10.809199999999999,12.191081847352045,9.427318152647953
2020-09-10 00:00:00+05:30,11.04,11.09,10.1,10.25,1072420,10.993333333333334,11.14,10.846666666666668,0.02668283808368705,7.749002299642577,1,10.856399999999999,12.067493786641258,9.64530621335874
2020-09-11 00:00:00+05:30,10.25,10.74,10.1,10.55,190052,10.479999999999999,10.594999999999999,10.364999999999998,0.021946564885496227,7.749002299642577,1,10.88,12.042314931522883,9.717685068477119
2020-09-14 00:00:00+05:30,10.79,10.84,10.65,10.74,175484,10.463333333333333,10.42,10.506666666666666,0.008282892640968398,7.749002299642577,1,10.872,12.03530563483594,9.70869436516406
2020-09-15 00:00:00+05:30,10.74,10.84,10.6,10.74,166541,10.743333333333334,10.745000000000001,10.741666666666667,0.0003102699348433622,7.749002299642577,1,10.883600000000001,12.035570555197069,9.731629444802934
2020-09-16 00:00:00+05:30,10.5,10.74,10.5,10.6,104402,10.726666666666667,10.719999999999999,10.733333333333334,0.0012430080795527115,7.749002299642577,1,10.876,12.032837067197038,9.719162932802961
2020-09-17 00:00:00+05:30,10.6,10.84,10.5,10.7,481268,10.613333333333335,10.620000000000001,10.60666666666667,0.0012562814070350373,7.749002299642577,1,10.89,12.029375267434324,9.750624732565678
2020-09-18 00:00:00+05:30,10.74,11.04,10.35,10.55,711647,10.68,10.67,10.69,0.0018726591760299227,7.749002299642577,1,10.908,12.01050623582863,9.805493764171368
2020-09-21 00:00:00+05:30,10.55,10.74,9.96,10.05,438704,10.646666666666667,10.695,10.598333333333333,0.009079524107702026,7.749002299642577,1,10.895999999999999,12.028657053145844,9.763342946854154
2020-09-22 00:00:00+05:30,9.86,10.25,9.17,9.46,1044384,10.250000000000002,10.350000000000001,10.150000000000002,0.019512195121951147,7.749002299642577,1,10.8644,12.10620616846634,9.62259383153366
2020-09-23 00:00:00+05:30,9.36,9.56,9.12,9.22,479052,9.626666666666667,9.71,9.543333333333333,0.01731301939058184,7.749002299642577,1,10.8232,12.204338313146474,9.442061686853526
2020-09-24 00:00:00+05:30,9.12,9.32,8.67,9.02,261853,9.299999999999999,9.34,9.259999999999998,0.008602150537634608,7.749002299642577,1,10.765999999999998,12.312743676257035,9.219256323742961
2020-09-25 00:00:00+05:30,9.12,9.66,9.12,9.51,712155,9.003333333333334,8.995000000000001,9.011666666666667,0.0018511662347277733,7.749002299642577,1,10.724400000000001,12.346261449089031,9.102538550910971
2020-09-28 00:00:00+05:30,9.56,10.05,9.56,9.71,777207,9.43,9.39,9.469999999999999,0.008483563096500349,7.749002299642577,1,10.6928,12.361039982748643,9.024560017251357
2020-09-29 00:00:00+05:30,9.71,10.05,9.66,9.81,372398,9.773333333333333,9.805,9.741666666666667,0.0064802182810367575,7.749002299642577,1,10.624,12.290325298386017,8.957674701613984
2020-09-30 00:00:00+05:30,9.96,9.96,9.56,9.61,112274,9.840000000000002,9.855,9.825000000000003,0.003048780487804632,7.749002299642577,1,10.543199999999999,12.202450143902754,8.883949856097244
2020-10-01 00:00:00+05:30,10.05,10.3,9.66,9.86,493969,9.71,9.760000000000002,9.66,0.01029866117404752,7.749002299642577,1,10.476399999999998,12.105553203367123,8.847246796632874
2020-10-05 00:00:00+05:30,9.86,10.25,9.86,10.05,388837,9.94,9.98,9.899999999999999,0.00804828973843077,7.749002299642577,1,10.434800000000001,12.052226301270448,8.817373698729554
2020-10-06 00:00:00+05:30,9.96,10.1,9.66,9.91,256119,10.053333333333333,10.055,10.051666666666666,0.0003315649867374524,7.749002299642577,1,10.4152,12.045661235369126,8.784738764630875
2020-10-07 00:00:00+05:30,10.05,10.05,9.76,9.86,324905,9.889999999999999,9.879999999999999,9.899999999999999,0.0020222446916076417,7.749002299642577,1,10.38,12.018867901949832,8.74113209805017
2020-10-08 00:00:00+05:30,9.91,10.45,9.81,10.25,808794,9.89,9.905000000000001,9.875,0.0030333670374116414,7.749002299642577,1,10.328800000000001,11.899311458105762,8.75828854189424
2020-10-09 00:00:00+05:30,10.45,10.5,9.86,9.96,559086,10.17,10.129999999999999,10.21,0.007866273352999198,7.749002299642577,1,10.255999999999998,11.715490322010234,8.796509677989762
2020-10-12 00:00:00+05:30,10.05,10.35,9.36,9.61,1020069,10.106666666666667,10.18,10.033333333333335,0.01451187335092329,7.749002299642577,1,10.1652,11.485019624055354,8.845380375944647
2020-10-13 00:00:00+05:30,9.71,9.96,9.61,9.71,182951,9.773333333333333,9.855,9.691666666666666,0.01671214188267401,7.749002299642577,1,10.0824,11.235847424047442,8.928952575952557
2020-10-14 00:00:00+05:30,9.56,10.05,9.56,9.86,381188,9.76,9.785,9.735,0.0051229508196722045,7.749002299642577,1,10.011600000000001,10.978602461238719,9.044597538761284
2020-10-15 00:00:00+05:30,9.96,10.15,9.61,9.66,358743,9.823333333333332,9.805,9.841666666666665,0.0037326094333218827,7.749002299642577,1,9.97,10.90387793637165,9.036122063628351
2020-10-16 00:00:00+05:30,9.66,10.05,9.66,9.91,593189,9.806666666666667,9.879999999999999,9.733333333333334,0.014955812372535493,7.749002299642577,1,9.9564,10.883449168082137,9.029350831917863
2020-10-19 00:00:00+05:30,10.6,10.6,9.91,9.96,393000,9.873333333333333,9.855,9.891666666666666,0.003713706954760158,7.749002299642577,1,9.9328,10.827683590218193,9.037916409781808
2020-10-20 00:00:00+05:30,10.1,10.1,9.76,9.86,292595,10.156666666666666,10.254999999999999,10.058333333333334,0.01936330817197231,7.749002299642577,1,9.8976,10.72973998824827,9.065460011751732
2020-10-21 00:00:00+05:30,10.05,10.2,9.32,9.86,375852,9.906666666666666,9.93,9.883333333333333,0.004710632570659508,7.749002299642577,1,9.862400000000001,10.620149932393174,9.104650067606828
2020-10-22 00:00:00+05:30,9.96,10.05,9.76,9.86,169194,9.793333333333333,9.76,9.826666666666666,0.006807351940095279,7.749002299642577,1,9.832799999999999,10.528237013712873,9.137362986287124
2020-10-23 00:00:00+05:30,9.86,10.05,9.76,9.86,139783,9.89,9.905000000000001,9.875,0.0030333670374116414,7.749002299642577,1,9.7992,10.398290510725975,9.200109489274027
2020-10-26 00:00:00+05:30,9.86,10.05,9.76,9.91,236986,9.89,9.905000000000001,9.875,0.0030333670374116414,7.749002299642577,1,9.7736,10.291345265591033,9.255854734408967
2020-10-27 00:00:00+05:30,9.76,10.05,9.76,9.81,143597,9.906666666666668,9.905000000000001,9.908333333333335,0.00033647375504715886,7.749002299642577,1,9.764000000000001,10.269648099019404,9.258351900980598
2020-10-28 00:00:00+05:30,9.81,9.96,9.41,9.76,436659,9.873333333333335,9.905000000000001,9.841666666666669,0.006414584740040435,7.749002299642577,1,9.776,10.266224438438076,9.285775561561923
2020-10-29 00:00:00+05:30,9.76,9.86,9.41,9.51,525373,9.71,9.685,9.735000000000001,0.00514933058702376,7.749002299642577,1,9.7876,10.236644496728239,9.33855550327176
2020-10-30 00:00:00+05:30,9.51,9.81,9.36,9.41,625068,9.593333333333334,9.635,9.551666666666668,0.008686587908269507,7.749002299642577,1,9.803199999999999,10.16265380793908,9.443746192060917
2020-11-02 00:00:00+05:30,9.46,9.61,9.02,9.17,653031,9.526666666666667,9.585,9.468333333333334,0.012246326102169398,7.749002299642577,1,9.7896,10.21252240427993,9.36667759572007
2020-11-03 00:00:00+05:30,9.32,9.76,8.77,8.97,735979,9.266666666666666,9.315,9.218333333333332,0.01043165467625909,7.749002299642577,1,9.76,10.290870982482504,9.229129017517495
2020-11-04 00:00:00+05:30,9.07,9.17,8.53,8.77,764477,9.166666666666666,9.265,9.068333333333332,0.02145454545454571,7.749002299642577,1,9.718399999999999,10.375147866416004,9.061652133583994
2020-11-05 00:00:00+05:30,9.02,9.17,8.87,9.07,262092,8.823333333333332,8.85,8.796666666666665,0.006044578768417216,7.749002299642577,1,9.696800000000001,10.400247965411793,8.99335203458821
2020-11-06 00:00:00+05:30,9.07,9.41,9.07,9.27,195161,9.036666666666667,9.02,9.053333333333335,0.0036886757654004047,7.749002299642577,1,9.6732,10.392571281079533,8.953828718920466
2020-11-09 00:00:00+05:30,9.46,9.46,8.77,8.97,746813,9.25,9.24,9.26,0.0021621621621621162,7.749002299642577,1,9.63,10.382616768376872,8.87738323162313
2020-11-10 00:00:00+05:30,9.12,9.12,8.77,9.02,240760,9.066666666666668,9.115,9.018333333333336,0.010661764705882058,7.749002299642577,1,9.5944,10.374370871277943,8.814429128722058
2020-11-11 00:00:00+05:30,9.02,9.46,8.82,8.92,287738,8.97,8.945,8.995000000000001,0.005574136008918696,7.749002299642577,1,9.556799999999999,10.371774257287985,8.741825742712013
2020-11-12 00:00:00+05:30,8.92,9.22,8.82,9.17,499248,9.066666666666668,9.14,8.993333333333336,0.016176470588235077,7.749002299642577,1,9.5136,10.290627773018532,8.736572226981469
2020-11-13 00:00:00+05:30,9.32,9.61,9.07,9.46,721975,9.07,9.02,9.120000000000001,0.011025358324145692,7.749002299642577,1,9.4936,10.24907876213839,8.73812123786161
2020-11-14 00:00:00+05:30,9.46,10.35,9.41,9.96,596253,9.38,9.34,9.420000000000002,0.008528784648187829,7.749002299642577,1,9.5076,10.283873766168961,8.73132623383104
2020-11-17 00:00:00+05:30,9.96,10.7,9.61,10.55,1454545,9.906666666666666,9.879999999999999,9.933333333333334,0.005383580080753826,7.749002299642577,1,9.5412,10.416063555099946,8.666336444900054
2020-11-18 00:00:00+05:30,10.84,11.04,10.45,10.74,912047,10.286666666666667,10.155,10.418333333333335,0.02559948152948821,7.749002299642577,1,9.576400000000001,10.563369178871403,8.5894308211286
2020-11-19 00:00:00+05:30,10.55,12.81,10.4,11.83,4067359,10.743333333333332,10.745,10.741666666666665,0.00031026993484336223,7.749002299642577,1,9.6632,10.988132843596995,8.338267156403004
2020-11-20 00:00:00+05:30,11.88,14.19,11.83,14.19,6820633,11.68,11.605,11.754999999999999,0.012842465753424535,7.928297514145705,1,9.834399999999999,12.049613434421586,7.619186565578412
2020-11-23 00:00:00+05:30,15.28,15.62,14.59,15.08,7113095,13.403333333333334,13.01,13.796666666666669,0.058691867694603495,9.826165613579878,1,10.0392,13.06235818971514,7.016041810284859
2020-11-24 00:00:00+05:30,14.54,14.54,13.55,13.55,3115215,15.096666666666666,15.105,15.088333333333331,0.0011039964672114775,9.826165613579878,1,10.1868,13.506335967577638,6.867264032422362
2020-11-25 00:00:00+05:30,13.16,13.55,12.32,12.42,1395937,13.88,14.045,13.715000000000002,0.023775216138328406,9.826165613579878,1,10.2892,13.718228643805928,6.860171356194071
2020-11-26 00:00:00+05:30,12.32,13.06,11.34,12.91,1634870,12.763333333333334,12.935,12.591666666666667,0.02689997388352053,9.826165613579878,1,10.411200000000001,13.984462128649595,6.837937871350407
2020-11-27 00:00:00+05:30,13.06,13.21,12.37,12.47,873639,12.436666666666667,12.2,12.673333333333336,0.03805950147413585,9.826165613579878,1,10.5156,14.169936952176323,6.861263047823675
2020-12-01 00:00:00+05:30,12.67,13.7,12.47,13.55,2560122,12.683333333333332,12.79,12.576666666666664,0.016819973718791174,9.826165613579878,1,10.6612,14.493159582255693,6.829240417744305
2020-12-02 00:00:00+05:30,13.6,13.75,12.72,12.91,1009855,13.24,13.085,13.395,0.02341389728096667,9.826165613579878,1,10.7852,14.698717578859348,6.871682421140651
2020-12-03 00:00:00+05:30,12.91,13.26,12.72,12.86,707857,13.126666666666665,13.235,13.01833333333333,0.016505840528187044,9.826165613579878,1,10.9092,14.880939850498901,6.937460149501099
2020-12-04 00:00:00+05:30,12.96,13.06,12.62,12.72,602656,12.946666666666667,12.99,12.903333333333334,0.006694129763130742,9.826165613579878,1,11.0376,15.02760864159978,7.047591358400218
2020-12-07 00:00:00+05:30,12.96,12.96,12.52,12.62,674932,12.799999999999999,12.84,12.759999999999998,0.006250000000000145,9.826165613579878,1,11.165999999999999,15.144819925560947,7.18718007443905
2020-12-08 00:00:00+05:30,12.81,12.81,12.27,12.32,903136,12.700000000000001,12.74,12.660000000000002,0.006299212598425062,9.826165613579878,1,11.292,15.209031529109861,7.374968470890138
2020-12-09 00:00:00+05:30,12.57,12.77,12.27,12.62,1486343,12.466666666666667,12.54,12.393333333333334,0.011764705882352785,9.826165613579878,1,11.437999999999999,15.269106367622886,7.606893632377113
2020-12-10 00:00:00+05:30,12.52,12.62,12.27,12.52,611015,12.553333333333333,12.52,12.586666666666666,0.0053106744556558495,9.826165613579878,1,11.588,15.280665162188484,7.8953348378115145
2020-12-11 00:00:00+05:30,12.62,13.8,12.37,13.7,3307828,12.469999999999999,12.445,12.494999999999997,0.004009623095428802,9.826165613579878,1,11.773200000000001,15.40607971725467,8.140320282745332
2020-12-14 00:00:00+05:30,14.29,14.74,13.85,14.34,2124262,13.290000000000001,13.085,13.495000000000001,0.030850263355906706,9.826165613579878,1,11.975999999999999,15.593305074228631,8.358694925771367
2020-12-15 00:00:00+05:30,14.24,14.69,13.6,14.59,1382270,14.31,14.295,14.325000000000001,0.002096436058700289,9.826165613579878,1,12.200800000000001,15.740612062813511,8.66098793718649
2020-12-16 00:00:00+05:30,14.79,16.02,14.49,16.02,3142545,14.293333333333331,14.145,14.441666666666663,0.02075559701492514,9.826165613579878,1,12.480799999999999,16.076864159611144,8.884735840388853
2020-12-17 00:00:00+05:30,16.36,16.86,15.23,15.28,2766475,15.51,15.254999999999999,15.765,0.03288201160541596,9.868272367939491,1,12.735199999999999,16.184518170311286,9.285881829688712
2020-12-18 00:00:00+05:30,15.28,15.77,14.69,15.57,871777,15.790000000000001,16.045,15.535,0.032298923369221126,9.868272367939491,1,12.9912,16.290854866806438,9.69154513319356
2020-12-21 00:00:00+05:30,15.18,16.02,14.79,14.79,474735,15.343333333333334,15.23,15.456666666666667,0.014772974147295236,9.868272367939491,1,13.2044,16.242247027096532,10.166552972903467
2020-12-22 00:00:00+05:30,14.79,14.79,14.1,14.15,954700,15.199999999999998,15.405,14.994999999999996,0.026973684210526563,9.868272367939491,1,13.371999999999998,16.124279055626282,10.619720944373714
2020-12-23 00:00:00+05:30,13.9,14.54,13.7,14.44,1148956,14.346666666666666,14.445,14.248333333333331,0.013708178438661872,9.868272367939491,1,13.527600000000001,16.05475352917843,11.000446470821572
2020-12-24 00:00:00+05:30,14.59,15.03,14.29,14.69,797590,14.226666666666667,14.12,14.333333333333334,0.014995313964386227,9.868272367939491,1,13.6856,15.978964899016042,11.39223510098396
2020-12-28 00:00:00+05:30,14.88,15.03,14.54,14.69,335504,14.67,14.66,14.68,0.0013633265167007208,9.868272367939491,1,13.8,15.994917766122178,11.605082233877823
2020-12-29 00:00:00+05:30,14.88,14.88,14.19,14.64,434257,14.753333333333332,14.785,14.721666666666664,0.004292815183009679,9.868272367939491,1,13.818,16.032707204133033,11.603292795866967
2020-12-30 00:00:00+05:30,14.79,14.79,14.19,14.44,410149,14.57,14.535,14.605,0.004804392587508598,9.868272367939491,1,13.7924,15.962511739067548,11.622288260932454
2020-12-31 00:00:00+05:30,14.44,15.13,14.0,15.13,603878,14.473333333333331,14.489999999999998,14.456666666666663,0.0023030861354215795,9.868272367939491,1,13.855599999999999,16.085011258614866,11.626188741385132
2021-01-01 00:00:00+05:30,15.48,15.87,15.23,15.82,1292419,14.753333333333336,14.565000000000001,14.94166666666667,0.025530953456846046,9.868272367939491,1,13.9916,16.268430639296348,11.714769360703652
2021-01-04 00:00:00+05:30,15.28,16.46,15.28,16.26,1116314,15.64,15.55,15.73,0.011508951406649598,9.868272367939491,1,14.125599999999999,16.52315261882581,11.728047381174187
2021-01-05 00:00:00+05:30,16.22,16.86,15.77,16.66,1290808,16.0,15.870000000000001,16.13,0.016249999999999876,10.148433877236872,1,14.293199999999999,16.788204416837445,11.798195583162553
2021-01-06 00:00:00+05:30,16.76,16.91,15.82,16.02,1405655,16.429999999999996,16.314999999999998,16.544999999999995,0.013998782714546375,10.148433877236872,1,14.392000000000001,16.95612168198748,11.827878318012523
2021-01-07 00:00:00+05:30,16.36,16.76,16.07,16.36,853759,16.25,16.365000000000002,16.134999999999998,0.014153846153846399,10.231700661261502,1,14.53,17.131310438997655,11.928689561002344
2021-01-08 00:00:00+05:30,16.76,16.76,16.02,16.41,536995,16.396666666666665,16.415,16.37833333333333,0.0022362268753813083,10.246832634811042,1,14.671999999999999,17.28072382594211,12.063276174057886
2021-01-11 00:00:00+05:30,16.12,17.2,15.92,16.76,1161901,16.396666666666665,16.39,16.40333333333333,0.0008131734092292121,10.3041593294186,1,14.8336,17.43915026050889,12.228049739491114
2021-01-12 00:00:00+05:30,17.25,17.6,16.66,17.5,1545495,16.626666666666665,16.56,16.69333333333333,0.008019246190858031,10.861192956241858,1,15.0288,17.672665775722695,12.384934224277306
2021-01-13 00:00:00+05:30,17.64,17.74,16.61,16.71,1751434,17.253333333333334,17.130000000000003,17.376666666666665,0.014296754250386162,10.861192956241858,1,15.2044,17.683290590574266,12.725509409425735
2021-01-14 00:00:00+05:30,16.81,17.45,16.31,17.25,1008674,17.02,17.174999999999997,16.865000000000002,0.018213866039952713,10.861192956241858,1,15.3896,17.757839717604085,13.021360282395914
2021-01-15 00:00:00+05:30,16.91,17.25,16.76,16.86,331288,17.003333333333334,16.88,17.12666666666667,0.0145069594197218,10.861192956241858,1,15.563200000000002,17.68838400145431,13.438015998545696
2021-01-18 00:00:00+05:30,16.86,16.86,16.22,16.46,465304,16.956666666666667,17.005000000000003,16.90833333333333,0.005700805976017562,10.861192956241858,1,15.673599999999999,17.683797045077235,13.663402954922763
2021-01-19 00:00:00+05:30,16.61,16.95,16.26,16.66,487412,16.513333333333332,16.54,16.486666666666665,0.003229713362939114,10.861192956241858,1,15.7664,17.73555315809542,13.79724684190458
2021-01-20 00:00:00+05:30,16.76,17.0,16.36,16.51,399189,16.623333333333335,16.605,16.64166666666667,0.0022057349107681276,10.861192956241858,1,15.8432,17.772193271122816,13.914206728877181
2021-01-21 00:00:00+05:30,16.86,16.86,16.17,16.31,379771,16.623333333333335,16.68,16.56666666666667,0.006817726087828137,10.861192956241858,1,15.854800000000001,17.79137941743609,13.918220582563912
2021-01-22 00:00:00+05:30,16.51,16.51,15.67,15.82,421284,16.44666666666667,16.515,16.378333333333337,0.008309687880015999,10.861192956241858,1,15.8764,17.798847440123417,13.953952559876583
2021-01-25 00:00:00+05:30,15.87,16.07,15.18,15.62,512834,16.0,16.09,15.91,0.011249999999999982,10.861192956241858,1,15.878400000000001,17.799671912051256,13.957128087948748
2021-01-27 00:00:00+05:30,15.23,16.12,15.23,15.72,594759,15.623333333333333,15.625,15.621666666666666,0.00021335609131644043,10.861192956241858,1,15.9156,17.786489243123988,14.044710756876011
2021-01-28 00:00:00+05:30,15.43,16.31,15.43,16.07,371773,15.69,15.675,15.704999999999998,0.0019120458891011846,10.861192956241858,1,15.992400000000002,17.719152142039206,14.265647857960795
2021-01-29 00:00:00+05:30,15.67,16.46,15.67,16.17,268926,15.936666666666667,15.87,16.003333333333337,0.008366450533361526,10.861192956241858,1,16.0616,17.66845212762,14.454747872379995
2021-02-01 00:00:00+05:30,15.77,16.71,15.72,16.26,429051,16.1,16.065,16.135,0.004347826086956539,10.861192956241858,1,16.124399999999998,17.631546495877846,14.61725350412215
2021-02-02 00:00:00+05:30,16.56,16.66,16.17,16.31,494058,16.23,16.215,16.245,0.0018484288354899037,10.861192956241858,1,16.1892,17.57880621761592,14.799593782384079
2021-02-03 00:00:00+05:30,16.26,16.41,15.57,16.17,598813,16.38,16.415,16.345,0.004273504273504291,10.861192956241858,1,16.2504,17.48817193377325,15.01262806622675
2021-02-04 00:00:00+05:30,16.26,16.56,15.92,16.22,619099,16.05,15.99,16.11,0.0074766355140186425,10.861192956241858,1,16.3216,17.315351357250247,15.327848642749752
2021-02-05 00:00:00+05:30,16.26,16.86,15.97,16.36,1037258,16.23333333333333,16.24,16.226666666666663,0.000821355236139759,10.861192956241858,1,16.3708,17.237350310159005,15.504249689840993
2021-02-08 00:00:00+05:30,16.36,16.66,16.12,16.36,946373,16.396666666666665,16.415,16.37833333333333,0.0022362268753813083,10.861192956241858,1,16.3924,17.22937130179992,15.555428698200078
2021-02-09 00:00:00+05:30,16.66,16.71,16.17,16.41,974714,16.38,16.39,16.369999999999997,0.001221001221001412,10.861192956241858,1,16.398400000000002,17.233637547070682,15.56316245292932
2021-02-10 00:00:00+05:30,16.61,16.86,16.22,16.46,670602,16.430000000000003,16.44,16.420000000000005,0.001217285453438589,10.861192956241858,1,16.3904,17.219268723041626,15.561531276958375
2021-02-11 00:00:00+05:30,16.66,18.14,16.46,18.04,1916436,16.513333333333332,16.54,16.486666666666665,0.003229713362939114,11.36350450041469,1,16.4712,17.5077067486691,15.4346932513309
2021-02-12 00:00:00+05:30,18.19,18.19,17.25,17.79,1238011,17.546666666666667,17.3,17.793333333333333,0.02811550151975678,11.757764320398099,1,16.528399999999998,17.684928322193855,15.37187167780614
2021-02-15 00:00:00+05:30,16.76,18.48,16.76,17.94,1329403,17.743333333333332,17.72,17.766666666666666,0.0026300958106331125,11.757764320398099,1,16.5896,17.86989346637265,15.309306533627353
2021-02-16 00:00:00+05:30,18.29,18.29,16.66,16.86,1290399,17.72666666666667,17.62,17.83333333333334,0.012034599473486549,11.757764320398099,1,16.5936,17.87661993750545,15.31058006249455
2021-02-17 00:00:00+05:30,17.05,17.5,16.76,16.95,750121,17.27,17.475,17.064999999999998,0.023740590619571726,11.757764320398099,1,16.5716,17.809775173405,15.333424826595
2021-02-18 00:00:00+05:30,17.0,17.45,16.76,16.91,700464,17.070000000000004,17.130000000000003,17.010000000000005,0.0070298769771527485,11.757764320398099,1,16.5796,17.823818373130898,15.3353816268691
2021-02-19 00:00:00+05:30,17.25,17.35,15.23,16.22,822193,17.040000000000003,17.105,16.975000000000005,0.007629107981220389,11.757764320398099,1,16.5384,17.75908413606327,15.31771586393673
2021-02-22 00:00:00+05:30,16.46,16.71,16.02,16.31,530815,16.266666666666666,16.29,16.243333333333332,0.0028688524590164055,11.757764320398099,1,16.516399999999997,17.732924623686895,15.299875376313098
2021-02-23 00:00:00+05:30,16.26,17.05,16.26,16.66,550228,16.346666666666668,16.365000000000002,16.328333333333333,0.002243066884176316,11.757764320398099,1,16.5244,17.741965833964038,15.306834166035962
2021-02-24 00:00:00+05:30,16.26,16.86,15.28,16.51,390862,16.656666666666666,16.655,16.65833333333333,0.00020012007204304392,11.757764320398099,1,16.5184,17.734711539054263,15.302088460945738
2021-02-25 00:00:00+05:30,16.71,18.19,16.56,17.3,1730657,16.21666666666667,16.07,16.363333333333337,0.01808838643371037,11.757764320398099,1,16.55,17.80425356289569,15.295746437104315
2021-02-26 00:00:00+05:30,17.05,17.4,16.66,16.86,1204168,17.349999999999998,17.375,17.324999999999996,0.0028818443804037044,11.757764320398099,1,16.572,17.827936304131903,15.316063695868095
2021-03-01 00:00:00+05:30,17.0,17.35,16.91,17.0,445777,16.973333333333333,17.03,16.916666666666664,0.006677140612726051,11.757764320398099,1,16.6192,17.84691879517928,15.391481204820717
2021-03-02 00:00:00+05:30,17.25,17.64,17.05,17.45,710329,17.08666666666667,17.130000000000003,17.043333333333337,0.005072181037846234,11.757764320398099,1,16.6924,17.890962872792414,15.493837127207584
2021-03-03 00:00:00+05:30,17.45,18.43,17.35,17.94,752856,17.38,17.345,17.415,0.004027617951668601,11.757764320398099,1,16.781200000000002,18.007072032488033,15.555327967511971
2021-03-04 00:00:00+05:30,17.69,18.09,17.55,17.69,679769,17.906666666666666,17.89,17.923333333333332,0.001861504095308904,11.757764320398099,1,16.846,18.085832246731904,15.606167753268096
2021-03-05 00:00:00+05:30,17.5,18.04,16.51,16.71,810145,17.776666666666667,17.82,17.733333333333334,0.004875304706544121,11.757764320398099,1,16.8676,18.07803833384285,15.657161666157146
2021-03-08 00:00:00+05:30,16.81,17.84,16.61,17.05,763349,17.086666666666666,17.275,16.898333333333333,0.022044479126024103,11.757764320398099,1,16.8992,18.085547942231216,15.712852057768785
2021-03-09 00:00:00+05:30,17.35,17.74,16.81,17.15,902844,17.166666666666668,17.225,17.108333333333334,0.006796116504854396,11.757764320398099,1,16.9328,18.09788567926836,15.767714320731644
2021-03-10 00:00:00+05:30,17.45,17.64,16.76,16.81,822278,17.23333333333333,17.275,17.191666666666663,0.004835589941973059,11.757764320398099,1,16.958399999999997,18.082729916010504,15.834070083989493
2021-03-12 00:00:00+05:30,17.15,17.4,16.71,17.25,474812,17.070000000000004,17.200000000000003,16.940000000000005,0.015231400117164496,11.757764320398099,1,16.999599999999997,18.087577646845812,15.911622353154184
2021-03-15 00:00:00+05:30,17.69,17.69,16.66,16.76,337318,17.12,17.055,17.185000000000002,0.007593457943925383,11.757764320398099,1,17.015600000000003,18.07692113897545,15.954278861024555
2021-03-16 00:00:00+05:30,17.1,17.1,16.66,16.76,186879,17.036666666666665,17.175,16.89833333333333,0.016239483467032138,11.757764320398099,1,17.0316,18.06458681503499,15.998613184965015
2021-03-17 00:00:00+05:30,17.0,17.0,16.56,16.71,581936,16.840000000000003,16.880000000000003,16.800000000000004,0.004750593824227926,11.757764320398099,1,17.043599999999998,18.054150424291688,16.033049575708308
2021-03-18 00:00:00+05:30,16.76,17.15,16.56,16.86,423881,16.756666666666668,16.78,16.733333333333334,0.002784961209468879,11.757764320398099,1,17.0596,18.0450376489845,16.0741623510155
2021-03-19 00:00:00+05:30,16.86,17.0,16.36,16.56,427679,16.856666666666666,16.854999999999997,16.858333333333334,0.00019774569903128775,11.757764320398099,1,17.0004,17.91866758629288,16.082132413707118
2021-03-22 00:00:00+05:30,16.41,17.89,16.41,17.15,1083782,16.64,16.68,16.6,0.004807692307692205,11.757764320398099,1,16.974800000000002,17.837597681983546,16.112002318016458
2021-03-23 00:00:00+05:30,17.35,18.88,17.2,18.88,2010353,17.15,17.15,17.15,0.0,11.757764320398099,1,17.0124,18.09428398640341,15.930516013596586
2021-03-24 00:00:00+05:30,18.98,20.4,18.78,19.27,3033197,18.319999999999997,18.04,18.599999999999994,0.030567685589519392,12.764221468819848,1,17.108800000000002,18.50345631609944,15.714143683900563
2021-03-25 00:00:00+05:30,19.47,19.47,17.55,17.94,2079094,19.483333333333334,19.59,19.37666666666667,0.010949529512403652,12.764221468819848,1,17.148400000000002,18.57854046863797,15.718259531362035
2021-03-26 00:00:00+05:30,17.99,18.53,17.84,18.24,3524739,18.319999999999997,18.509999999999998,18.129999999999995,0.020742358078602762,12.764221468819848,1,17.2016,18.690069603329533,15.713130396670465
2021-03-30 00:00:00+05:30,18.63,18.98,17.64,17.84,403932,18.203333333333333,18.185000000000002,18.221666666666664,0.002014283098333368,12.764221468819848,1,17.2664,18.7189109844803,15.813889015519702
2021-03-31 00:00:00+05:30,18.24,18.24,16.81,17.2,864850,18.153333333333336,18.310000000000002,17.99666666666667,0.017260374586852693,12.764221468819848,1,17.302,18.701668532201783,15.902331467798215
2021-04-01 00:00:00+05:30,17.45,18.24,17.3,17.74,617638,17.416666666666668,17.525,17.308333333333337,0.012440191387559509,12.764221468819848,1,17.3452,18.729525048547437,15.960874951452562
2021-04-05 00:00:00+05:30,17.74,17.74,16.86,17.05,799931,17.76,17.77,17.750000000000004,0.001126126126125902,12.764221468819848,1,17.3668,18.714695782334765,16.018904217665238
2021-04-06 00:00:00+05:30,17.3,18.09,17.0,17.5,1022926,17.216666666666665,17.299999999999997,17.133333333333333,0.009680542110358044,12.764221468819848,1,17.3748,18.723388832830764,16.026211167169237
2021-04-07 00:00:00+05:30,17.74,17.99,17.15,17.6,486344,17.53,17.545,17.515,0.001711351968054828,12.764221468819848,1,17.4044,18.73890311353545,16.069896886464548
2021-04-08 00:00:00+05:30,17.94,18.14,16.76,17.4,847880,17.580000000000002,17.57,17.590000000000003,0.0011376564277589946,12.764221468819848,1,17.4204,18.74467767482345,16.09612232517655
2021-04-09 00:00:00+05:30,17.4,17.64,17.15,17.3,238163,17.433333333333334,17.450000000000003,17.416666666666664,0.0019120458891016374,12.764221468819848,1,17.4144,18.73944587091761,16.08935412908239
2021-04-12 00:00:00+05:30,17.25,17.25,15.62,15.77,979181,17.363333333333333,17.395,17.331666666666667,0.003647533115761139,12.764221468819848,1,17.3276,18.78157969725711,15.87362030274289
2021-04-13 00:00:00+05:30,15.53,16.76,15.53,16.56,468826,16.213333333333335,16.435,15.99166666666667,0.02734374999999967,12.764221468819848,1,17.2824,18.758592724557303,15.806207275442695
2021-04-15 00:00:00+05:30,16.51,17.2,16.07,16.71,394550,16.28333333333333,16.145,16.421666666666663,0.01699078812691896,12.764221468819848,1,17.2824,18.758592724557303,15.806207275442695
2021-04-16 00:00:00+05:30,16.95,17.45,16.76,17.05,341680,16.66,16.634999999999998,16.685000000000002,0.003001200480192333,12.764221468819848,1,17.2824,18.758592724557303,15.806207275442695
2021-04-19 00:00:00+05:30,16.95,17.1,16.26,16.46,398458,17.08666666666667,17.105,17.06833333333334,0.002145922746780827,12.764221468819848,1,17.2548,18.765266100260426,15.744333899739573
2021-04-20 00:00:00+05:30,17.6,19.71,16.71,17.55,9997829,16.606666666666666,16.68,16.53333333333333,0.008831794460056299,12.764221468819848,1,17.2844,18.787826273561798,15.780973726438203
2021-04-22 00:00:00+05:30,17.84,21.0,17.55,21.0,10272330,17.99,18.21,17.769999999999996,0.024458032240133678,12.764221468819848,1,17.4344,19.52700855394309,15.34179144605691
2021-04-23 00:00:00+05:30,22.67,23.85,21.19,21.59,17145006,19.849999999999998,19.275,20.424999999999997,0.05793450881612084,13.57860603248023,1,17.6276,20.258184908349403,14.9970150916506
2021-04-26 00:00:00+05:30,21.88,22.67,20.5,20.75,6446518,22.210000000000004,22.520000000000003,21.900000000000006,0.027915353444394296,13.57860603248023,1,17.7872,20.660795768377227,14.913604231622772
2021-04-27 00:00:00+05:30,20.45,20.95,19.37,19.81,3255546,21.30666666666667,21.585,21.028333333333336,0.02612640801001243,13.57860603248023,1,17.9112,20.854848457278045,14.967551542721958
2021-04-28 00:00:00+05:30,19.91,20.21,18.88,19.12,4464072,20.043333333333333,20.16,19.926666666666666,0.011641443538998883,13.57860603248023,1,18.0016,20.94937301704784,15.05382698295216
2021-04-29 00:00:00+05:30,19.52,20.01,18.53,18.83,1633491,19.403333333333336,19.545,19.26166666666667,0.014602302009963824,13.57860603248023,1,18.0924,20.996478676626246,15.188321323373755
2021-04-30 00:00:00+05:30,18.83,19.47,18.63,19.02,1202204,19.123333333333335,19.270000000000003,18.976666666666667,0.015339027366219445,13.57860603248023,1,18.1672,21.06665937030254,15.267740629697464
2021-05-03 00:00:00+05:30,19.02,19.71,19.02,19.17,1077699,19.039999999999996,19.049999999999997,19.029999999999994,0.0010504201680673914,13.57860603248023,1,18.178800000000003,21.091862004152194,15.265737995847811
2021-05-04 00:00:00+05:30,19.42,19.67,18.73,18.78,698898,19.3,19.365000000000002,19.235,0.00673575129533692,13.57860603248023,1,18.1592,21.049132428281876,15.26926757171812
2021-05-05 00:00:00+05:30,19.07,19.07,18.73,18.83,453427,19.060000000000002,19.200000000000003,18.92,0.014690451206715693,13.57860603248023,1,18.1948,21.09496341609144,15.294636583908561
2021-05-06 00:00:00+05:30,18.93,18.93,18.14,18.43,632226,18.876666666666665,18.9,18.85333333333333,0.0024721878862793674,13.57860603248023,1,18.202399999999997,21.10399283153842,15.300807168461574
2021-05-07 00:00:00+05:30,18.53,18.73,17.74,17.84,618596,18.5,18.535,18.465,0.0037837837837837993,13.57860603248023,1,18.2024,21.103992831538424,15.300807168461578
2021-05-10 00:00:00+05:30,17.99,19.62,17.94,18.93,1468886,18.103333333333335,18.235,17.97166666666667,0.014546124102374974,13.57860603248023,1,18.2716,21.156738083356686,15.386461916643311
2021-05-11 00:00:00+05:30,18.93,19.62,18.78,18.93,832800,18.830000000000002,18.78,18.880000000000003,0.005310674455655943,13.57860603248023,1,18.319200000000002,21.206950238513553,15.431449761486453
2021-05-12 00:00:00+05:30,19.12,19.22,18.33,18.53,886186,19.110000000000003,19.200000000000003,19.020000000000003,0.009419152276295117,13.57860603248023,1,18.3784,21.219958333034008,15.53684166696599
2021-05-14 00:00:00+05:30,18.63,18.98,17.99,18.63,478415,18.69333333333333,18.775,18.611666666666665,0.008737517831669081,13.57860603248023,1,18.4236,21.24369860821124,15.60350139178876
2021-05-17 00:00:00+05:30,18.73,18.93,18.43,18.83,481929,18.53333333333333,18.485,18.581666666666663,0.005215827338129354,13.57860603248023,1,18.4728,21.276577566076693,15.669022433923308
2021-05-18 00:00:00+05:30,18.98,19.47,18.53,19.07,591018,18.73,18.68,18.78,0.005339028296850049,13.57860603248023,1,18.5396,21.317411973484685,15.761788026515314
2021-05-19 00:00:00+05:30,19.02,19.22,18.58,18.83,335893,19.023333333333333,19.0,19.046666666666667,0.0024531277378657887,13.57860603248023,1,18.6008,21.333727631686365,15.867872368313636
2021-05-20 00:00:00+05:30,18.98,19.17,18.63,18.68,333966,18.876666666666665,18.9,18.85333333333333,0.0024721878862793674,13.57860603248023,1,18.717200000000002,21.193801025606415,16.24059897439359
2021-05-21 00:00:00+05:30,18.93,19.22,18.38,18.48,359287,18.826666666666664,18.9,18.75333333333333,0.007790368271954761,13.57860603248023,1,18.793999999999997,21.112275220942212,16.47572477905778
2021-05-24 00:00:00+05:30,18.73,18.83,18.14,18.68,325148,18.69333333333333,18.799999999999997,18.586666666666666,0.01141226818830231,13.57860603248023,1,18.872799999999998,21.030751028182664,16.714848971817332
2021-05-25 00:00:00+05:30,18.93,18.93,18.24,18.29,429972,18.55,18.485,18.615000000000002,0.00700808625336941,13.57860603248023,1,18.9224,20.964369872460065,16.880430127539935
2021-05-26 00:00:00+05:30,18.33,18.68,18.33,18.43,283303,18.486666666666668,18.585,18.388333333333335,0.010638297872340358,13.57860603248023,1,19.0012,20.79380989622241,17.208590103777592
2021-05-27 00:00:00+05:30,18.33,18.63,18.14,18.33,324649,18.48,18.505,18.455000000000002,0.0027056277056275516,13.57860603248023,1,19.0324,20.74840727272191,17.31639272727809
2021-05-28 00:00:00+05:30,18.43,18.48,18.09,18.14,259268,18.366666666666664,18.384999999999998,18.34833333333333,0.0019963702359347833,13.57860603248023,1,18.918,20.4672966146076,17.368703385392397
2021-05-31 00:00:00+05:30,18.24,18.33,18.04,18.04,240261,18.236666666666668,18.285,18.188333333333336,0.005300676293182088,13.57860603248023,1,18.776,19.91647007853546,17.63552992146454
2021-06-01 00:00:00+05:30,18.24,19.47,18.04,19.07,2921848,18.136666666666667,18.185,18.088333333333335,0.0053299025914352515,13.57860603248023,1,18.7088,19.529147633649746,17.888452366350254
2021-06-02 00:00:00+05:30,19.17,19.62,18.83,18.93,1132242,18.86,18.755,18.965,0.011134676564156992,13.57860603248023,1,18.6736,19.36773266745973,17.97946733254027
2021-06-03 00:00:00+05:30,18.98,21.93,18.68,21.49,8043703,19.12666666666667,19.225,19.028333333333336,0.010282328337399725,13.57860603248023,1,18.7684,20.065753367450323,17.471046632549676
2021-06-04 00:00:00+05:30,21.49,21.49,20.31,20.5,2253511,20.7,20.305,21.095,0.03816425120772943,13.57860603248023,1,18.8352,20.299583774846827,17.370816225153174
2021-06-07 00:00:00+05:30,20.9,23.07,20.65,21.83,5131034,20.766666666666666,20.9,20.633333333333333,0.01284109149277684,13.932277274122882,1,18.9476,20.824680967895247,17.070519032104755
2021-06-08 00:00:00+05:30,21.98,22.47,21.0,21.88,2077357,21.849999999999998,21.86,21.839999999999996,0.0009153318077804635,13.932277274122882,1,19.055999999999997,21.256988868675727,16.855011131324268
2021-06-09 00:00:00+05:30,22.13,23.16,21.44,22.03,2699499,21.78333333333333,21.735,21.831666666666663,0.0044376434583013324,14.117074735831649,1,19.186,21.671902652968207,16.700097347031793
2021-06-10 00:00:00+05:30,22.18,23.56,22.08,23.21,2799064,22.209999999999997,22.3,22.119999999999994,0.008104457451598688,14.535991746398384,1,19.3612,22.298454881693832,16.423945118306168
2021-06-11 00:00:00+05:30,23.41,23.81,22.38,22.57,2579328,22.95,22.82,23.08,0.011328976034858301,14.741952076542447,1,19.5268,22.693257806450944,16.36034219354906
2021-06-14 00:00:00+05:30,22.87,22.87,21.0,21.88,1120052,22.919999999999998,23.095,22.744999999999997,0.015270506108202507,14.741952076542447,1,19.688399999999998,22.90597016396441,16.470829836035584
2021-06-15 00:00:00+05:30,22.08,22.67,21.09,21.44,1908511,21.916666666666668,21.935000000000002,21.898333333333333,0.0016730038022814682,14.741952076542447,1,19.7888,23.061613199685233,16.515986800314764
2021-06-16 00:00:00+05:30,21.64,21.98,20.8,21.0,1669298,21.733333333333334,21.880000000000003,21.586666666666666,0.013496932515337571,14.741952076542447,1,19.871599999999997,23.15802629006552,16.585173709934473
2021-06-17 00:00:00+05:30,21.19,21.29,20.31,20.6,1061082,21.26,21.39,21.130000000000003,0.012229539040451457,14.741952076542447,1,19.9544,23.20556633841361,16.70323366158639
2021-06-18 00:00:00+05:30,20.8,20.85,20.21,20.45,498997,20.73333333333333,20.799999999999997,20.666666666666664,0.006430868167202551,14.741952076542447,1,20.0272,23.237735257559667,16.816664742440334
2021-06-21 00:00:00+05:30,19.81,21.29,19.81,21.14,601516,20.503333333333334,20.53,20.476666666666667,0.0026012030564136514,14.741952076542447,1,20.119600000000002,23.31994238168882,16.919257618311185
2021-06-22 00:00:00+05:30,21.44,21.83,20.8,21.05,568862,20.746666666666666,20.549999999999997,20.943333333333335,0.018958868894601768,14.741952076542447,1,20.1988,23.389307520761168,17.00829247923883
2021-06-23 00:00:00+05:30,21.09,21.93,21.05,21.54,582010,21.226666666666663,21.314999999999998,21.13833333333333,0.008322864321608172,14.741952076542447,1,20.3072,23.48845268409058,17.125947315909425
2021-06-24 00:00:00+05:30,21.78,21.78,20.8,20.9,489749,21.50666666666667,21.490000000000002,21.52333333333334,0.001549907005579907,14.741952076542447,1,20.396,23.5139172535578,17.2780827464422
2021-06-25 00:00:00+05:30,20.9,21.93,20.6,21.34,539215,21.16,21.29,21.03,0.012287334593572685,14.741952076542447,1,20.5104,23.547548557452092,17.47325144254791
2021-06-28 00:00:00+05:30,20.95,20.95,19.96,20.21,2463759,21.290000000000003,21.265,21.315000000000005,0.0023485204321279595,14.741952076542447,1,20.5716,23.519085328213404,17.624114671786597
2021-06-29 00:00:00+05:30,20.55,20.95,20.11,20.26,625421,20.37333333333333,20.455,20.291666666666664,0.008017015706806315,14.741952076542447,1,20.6504,23.451374002027368,17.849425997972634
2021-06-30 00:00:00+05:30,20.45,20.75,20.26,20.31,383006,20.44,20.53,20.35,0.00880626223091975,14.741952076542447,1,20.7256,23.381263111170757,18.069936888829243
2021-07-01 00:00:00+05:30,20.36,20.8,20.16,20.4,373583,20.44,20.505000000000003,20.375,0.006360078277886622,14.741952076542447,1,20.808400000000002,23.28304376426852,18.333756235731485
2021-07-02 00:00:00+05:30,20.65,20.8,20.21,20.21,293091,20.453333333333333,20.48,20.426666666666666,0.002607561929595888,14.741952076542447,1,20.891199999999998,23.13050217702591,18.651897822974085
2021-07-05 00:00:00+05:30,20.45,21.19,20.31,20.8,1047516,20.40666666666667,20.505000000000003,20.308333333333337,0.009637373407383146,14.741952076542447,1,21.0016,22.91637355319967,19.08682644680033
2021-07-06 00:00:00+05:30,21.44,21.74,20.8,21.09,645938,20.766666666666666,20.75,20.78333333333333,0.0016051364365970197,14.741952076542447,1,21.082399999999996,22.827255569963544,19.33754443003645
2021-07-07 00:00:00+05:30,21.14,23.66,20.95,22.08,8502384,21.209999999999997,21.27,21.149999999999995,0.005657708628005873,14.741952076542447,1,21.2084,22.757269833146967,19.659530166853035
2021-07-08 00:00:00+05:30,22.18,23.16,21.69,22.33,1551233,22.23,22.305,22.155,0.006747638326585631,14.741952076542447,1,21.241999999999997,22.849193827773323,19.63480617222667
2021-07-09 00:00:00+05:30,22.92,23.21,22.43,22.82,1008593,22.393333333333334,22.425,22.361666666666668,0.002828222685322979,14.741952076542447,1,21.3348,23.02564234629743,19.64395765370257
2021-07-12 00:00:00+05:30,23.16,23.16,22.08,22.38,944263,22.820000000000004,22.82,22.820000000000007,3.1136842057848384e-16,14.741952076542447,1,21.3568,23.086703766118966,19.626896233881034
2021-07-13 00:00:00+05:30,22.62,23.36,22.03,22.18,2538753,22.539999999999996,22.619999999999997,22.459999999999994,0.007098491570541425,14.741952076542447,1,21.3688,23.117118689493587,19.620481310506413
2021-07-14 00:00:00+05:30,22.47,25.83,22.28,24.35,9401755,22.52333333333333,22.695,22.35166666666666,0.015243451235755847,15.186424125162516,1,21.461600000000004,23.553065935661518,19.37013406433849
2021-07-15 00:00:00+05:30,24.54,28.83,24.54,26.66,14448392,24.153333333333336,24.055,24.251666666666672,0.008142423406017354,16.916767160156013,1,21.5996,24.45138669609639,18.74781330390361
2021-07-16 00:00:00+05:30,26.32,27.21,25.78,26.22,2490687,26.676666666666666,26.685,26.668333333333333,0.0006247657128576429,16.916767160156013,1,21.745600000000003,25.108998662072676,18.38220133792733
2021-07-19 00:00:00+05:30,26.02,28.09,25.28,27.5,2996477,26.403333333333336,26.495,26.31166666666667,0.006943567731346926,16.916767160156013,1,21.970399999999998,26.020772743344992,17.920027256655004
2021-07-20 00:00:00+05:30,27.85,28.24,26.22,26.61,2016423,26.956666666666667,26.685000000000002,27.22833333333333,0.02015580561394817,16.916767160156013,1,22.1772,26.608180099259286,17.746219900740712
2021-07-22 00:00:00+05:30,27.3,28.09,26.42,26.76,2371823,27.02333333333333,27.229999999999997,26.816666666666663,0.015295423707906774,16.916767160156013,1,22.407600000000002,27.157320934963618,17.657879065036386
2021-07-23 00:00:00+05:30,27.01,27.9,25.43,25.73,1265479,27.090000000000003,27.255000000000003,26.925000000000004,0.012181616832779558,16.916767160156013,1,22.612799999999996,27.474360309204386,17.751239690795607
2021-07-26 00:00:00+05:30,25.09,29.18,25.09,27.3,4779290,26.353333333333335,26.665,26.04166666666667,0.02365292183152015,16.916767160156013,1,22.886800000000004,27.995734041464154,17.777865958535855
2021-07-27 00:00:00+05:30,27.6,30.75,27.6,29.87,7465309,27.189999999999998,27.134999999999998,27.244999999999997,0.004045605001838891,17.28287108152397,1,23.236,28.974261757712952,17.49773824228705
2021-07-28 00:00:00+05:30,29.92,32.53,28.68,31.84,7056718,29.406666666666666,29.175,29.638333333333332,0.01575606438449324,18.110556238263012,1,23.667600000000004,30.245028749901483,17.090171250098525
2021-07-29 00:00:00+05:30,32.04,35.19,31.54,33.42,12378027,31.016666666666666,30.605,31.42833333333333,0.026544868350349186,20.348333988732485,1,24.1428,31.682861580652386,16.602738419347617
2021-07-30 00:00:00+05:30,33.22,35.09,32.63,34.7,5364631,33.38333333333333,33.364999999999995,33.40166666666667,0.0010983524712933385,20.67520062918319,1,24.694800000000004,33.16733845314553,16.222261546854476
2021-08-02 00:00:00+05:30,35.04,35.09,33.37,33.61,2672072,34.14,33.86,34.42,0.0164030462800235,21.090992604015867,1,25.1856,34.226426652470956,16.144773347529046
2021-08-03 00:00:00+05:30,33.71,33.76,30.46,31.15,4185566,34.02333333333333,34.230000000000004,33.81666666666666,0.012148525521701021,21.090992604015867,1,25.6232,34.71722919722764,16.52917080277236
2021-08-04 00:00:00+05:30,31.4,32.53,29.23,30.66,4148943,31.790000000000003,32.11,31.470000000000006,0.02013211701792996,21.090992604015867,1,26.0392,35.06505250488996,17.013347495110036
2021-08-05 00:00:00+05:30,30.56,31.74,29.03,30.51,1835485,30.80666666666667,30.880000000000003,30.733333333333334,0.004760874269638659,21.090992604015867,1,26.447200000000002,35.32111957592743,17.57328042407257
2021-08-06 00:00:00+05:30,30.85,32.53,30.56,32.23,2329328,30.426666666666666,30.384999999999998,30.468333333333334,0.0027388255915864056,21.090992604015867,1,26.9204,35.715303033008816,18.125496966991186
2021-08-09 00:00:00+05:30,32.53,33.42,31.54,33.02,1853867,31.77333333333333,31.545,32.00166666666666,0.014372639530003874,21.090992604015867,1,27.4328,36.095836917849724,18.769763082150277
2021-08-10 00:00:00+05:30,33.02,33.07,30.06,31.54,1275149,32.660000000000004,32.480000000000004,32.84,0.011022657685241867,21.090992604015867,1,27.862399999999997,36.227206809486205,19.49759319051379
2021-08-11 00:00:00+05:30,31.15,31.69,28.68,30.95,2520099,31.55666666666666,31.564999999999998,31.548333333333325,0.0005281504172390248,21.090992604015867,1,28.256800000000002,36.22766237743612,20.28593762256389
2021-08-12 00:00:00+05:30,30.56,31.84,30.56,31.35,1219000,30.44,30.185000000000002,30.695,0.01675427069645197,21.090992604015867,1,28.6276,36.270314240374695,20.984885759625307
2021-08-13 00:00:00+05:30,31.3,32.63,30.95,31.44,1445540,31.25,31.2,31.3,0.0032000000000000457,21.090992604015867,1,28.991999999999997,36.25835424405016,21.725645755949834
2021-08-16 00:00:00+05:30,31.4,32.63,30.85,31.64,1751884,31.673333333333332,31.79,31.556666666666665,0.007366870132603693,21.090992604015867,1,29.3448,36.22440491889073,22.46519508110927
2021-08-17 00:00:00+05:30,32.04,32.04,30.36,30.56,472714,31.706666666666667,31.740000000000002,31.673333333333332,0.002102607232968986,21.090992604015867,1,29.672000000000004,35.94700183267107,23.396998167328938
2021-08-18 00:00:00+05:30,30.56,31.3,29.33,30.51,888195,30.986666666666665,31.2,30.77333333333333,0.013769363166953617,21.090992604015867,1,30.0052,35.48818347982419,24.522216520175814
2021-08-20 00:00:00+05:30,30.31,30.75,28.88,29.28,1055713,30.38,30.314999999999998,30.445,0.004279131007241691,21.090992604015867,1,30.202399999999997,35.189853955679666,25.214946044320328
2021-08-23 00:00:00+05:30,29.47,30.56,27.8,28.54,4057019,29.636666666666667,29.814999999999998,29.458333333333336,0.012034641772578855,21.090992604015867,1,30.277599999999996,35.10320596816862,25.451994031831365
2021-08-24 00:00:00+05:30,28.24,28.73,27.4,27.95,866518,28.96666666666667,29.18,28.753333333333337,0.014729574223244958,21.090992604015867,1,30.346799999999998,34.98359792960882,25.710002070391177
2021-08-25 00:00:00+05:30,28.09,29.47,27.6,27.95,888844,28.026666666666667,28.064999999999998,27.988333333333337,0.0027354900095145416,21.090992604015867,1,30.3648,34.96056542482584,25.76903457517416
2021-08-26 00:00:00+05:30,27.95,28.59,25.38,25.68,3909425,28.34,28.535,28.145,0.013761467889908277,21.090992604015867,1,30.327600000000004,35.05743477090106,25.597765229098947
2021-08-27 00:00:00+05:30,26.12,27.6,25.53,26.12,3192466,26.55,26.985,26.115000000000002,0.032768361581920806,21.090992604015867,1,30.302,35.11499241636891,25.489007583631086
2021-08-30 00:00:00+05:30,26.12,27.5,26.02,26.37,7601192,26.416666666666668,26.565,26.268333333333334,0.011230283911671931,21.090992604015867,1,30.327600000000004,35.04898379715362,25.60621620284639
2021-08-31 00:00:00+05:30,27.11,27.16,26.12,26.32,2625288,26.63,26.759999999999998,26.5,0.009763424708974766,21.090992604015867,1,30.288400000000003,35.12455940184199,25.45224059815801
2021-09-01 00:00:00+05:30,27.11,27.11,25.88,26.07,902779,26.53333333333333,26.64,26.426666666666662,0.008040201005025312,21.090992604015867,1,30.1364,35.24670294209891,25.026097057901083
2021-09-02 00:00:00+05:30,26.32,26.86,25.97,26.57,1008220,26.353333333333335,26.494999999999997,26.211666666666673,0.010751328105236187,21.090992604015867,1,29.9256,35.1704224526694,24.680777547330603
2021-09-03 00:00:00+05:30,26.71,28.78,26.57,27.65,2087234,26.46666666666667,26.415,26.518333333333338,0.003904282115869225,21.090992604015867,1,29.6948,34.81045165350664,24.579148346493362
2021-09-06 00:00:00+05:30,27.85,29.08,26.22,26.76,4002270,27.666666666666668,27.675,27.658333333333335,0.0006024096385541826,21.090992604015867,1,29.377200000000002,34.187207966732025,24.56719203326798
2021-09-07 00:00:00+05:30,26.96,27.01,26.17,26.32,808343,27.353333333333335,27.65,27.056666666666672,0.021691445283938335,21.090992604015867,1,29.085600000000003,33.71429685332987,24.45690314667014
2021-09-08 00:00:00+05:30,26.57,26.66,25.43,25.83,2556571,26.5,26.590000000000003,26.409999999999997,0.006792452830188937,21.090992604015867,1,28.872799999999998,33.590601250585486,24.154998749414514
2021-09-09 00:00:00+05:30,26.22,27.01,25.53,25.53,7575972,25.973333333333333,26.045,25.901666666666664,0.005518480492813321,21.090992604015867,1,28.667599999999997,33.50144494579896,23.833755054201035
2021-09-13 00:00:00+05:30,25.83,25.92,24.84,24.94,4566701,26.023333333333337,26.270000000000003,25.77666666666667,0.018957345971563937,21.090992604015867,1,28.4448,33.42953548345611,23.4600645165439
2021-09-14 00:00:00+05:30,25.09,25.83,24.69,25.43,4569472,25.233333333333334,25.380000000000003,25.086666666666666,0.01162483487450475,21.090992604015867,1,28.1728,33.042446459449245,23.303153540550753
2021-09-15 00:00:00+05:30,25.63,26.71,25.28,25.53,10748238,25.316666666666663,25.259999999999998,25.373333333333328,0.004476629361421847,21.090992604015867,1,27.8732,32.4243166805551,23.322083319444904
2021-09-16 00:00:00+05:30,25.73,26.37,25.38,25.83,2452912,25.840000000000003,25.995,25.685000000000006,0.011996904024767613,21.090992604015867,1,27.6448,32.0060699801809,23.283530019819104
2021-09-17 00:00:00+05:30,26.12,26.37,24.94,25.33,11064905,25.86,25.875,25.845,0.001160092807424638,21.090992604015867,1,27.42,31.65414312465076,23.185856875349245
2021-09-20 00:00:00+05:30,25.14,25.73,24.89,24.94,2081285,25.546666666666667,25.655,25.438333333333333,0.00848121085594997,21.090992604015867,1,27.163599999999995,31.18577405889246,23.14142594110753
2021-09-21 00:00:00+05:30,24.94,25.58,24.69,25.33,3012408,25.186666666666667,25.310000000000002,25.063333333333333,0.009793541556379157,21.090992604015867,1,26.9192,30.60035164588851,23.23804835411149
2021-09-22 00:00:00+05:30,25.38,25.92,25.23,25.63,5672777,25.2,25.134999999999998,25.265,0.00515873015873026,21.090992604015867,1,26.678800000000003,29.844219757319383,23.513380242680622
2021-09-23 00:00:00+05:30,25.88,26.02,25.14,25.23,2925289,25.593333333333334,25.575000000000003,25.611666666666665,0.0014326647564467988,21.090992604015867,1,26.4656,29.251944300338355,23.679255699661642
2021-09-24 00:00:00+05:30,25.63,25.78,25.14,25.23,6728880,25.463333333333335,25.58,25.34666666666667,0.009163503076318648,21.090992604015867,1,26.2544,28.53747217582542,23.97132782417458
2021-09-27 00:00:00+05:30,25.68,25.83,25.04,25.14,2541338,25.383333333333336,25.46,25.306666666666672,0.006040709126723396,21.090992604015867,1,26.088800000000003,28.047561404568807,24.1300385954312
2021-09-28 00:00:00+05:30,25.48,25.68,24.3,24.4,9817946,25.336666666666662,25.435,25.238333333333326,0.007762136560979052,21.090992604015867,1,25.9232,27.71820391086719,24.128196089132814
2021-09-29 00:00:00+05:30,24.54,25.19,24.2,24.45,12828772,24.793333333333333,24.990000000000002,24.596666666666664,0.015864479698843963,21.090992604015867,1,25.7832,27.466536876572427,24.099863123427575
2021-09-30 00:00:00+05:30,24.84,24.84,24.1,24.15,6206152,24.613333333333333,24.695,24.531666666666666,0.006635969664138705,21.090992604015867,1,25.6312,27.185799060860628,24.07660093913937
2021-10-01 00:00:00+05:30,24.15,25.04,24.05,24.45,3086591,24.363333333333333,24.47,24.256666666666668,0.008756327815022485,21.090992604015867,1,25.581999999999997,27.20371267493005,23.960287325069945
2021-10-04 00:00:00+05:30,25.04,25.04,24.15,24.5,2966688,24.513333333333335,24.545,24.48166666666667,0.002583627957574078,21.090992604015867,1,25.5172,27.176766401211122,23.857633598788876
2021-10-05 00:00:00+05:30,24.35,24.84,24.3,24.45,2148256,24.563333333333333,24.595,24.531666666666666,0.0025783688424480624,21.090992604015867,1,25.4404,27.11265337793915,23.76814662206085
2021-10-06 00:00:00+05:30,24.54,24.74,24.2,24.35,2579787,24.53,24.57,24.490000000000002,0.0032613126783529673,21.090992604015867,1,25.3616,27.04624766643621,23.67695233356379
2021-10-07 00:00:00+05:30,24.64,24.74,24.35,24.54,2041684,24.429999999999996,24.47,24.389999999999993,0.0032746623004504876,21.090992604015867,1,25.3004,26.98882155874326,23.61197844125674
2021-10-08 00:00:00+05:30,24.69,24.99,24.35,24.69,2065102,24.543333333333333,24.545,24.541666666666664,0.00013581420616613093,21.090992604015867,1,25.2252,26.846884260276667,23.603515739723335
2021-10-11 00:00:00+05:30,25.14,28.68,24.79,28.29,29703878,24.676666666666666,24.67,24.68333333333333,0.0005403214912871125,21.090992604015867,1,25.250799999999998,27.036681698217734,23.464918301782262
2021-10-12 00:00:00+05:30,28.39,32.38,28.19,30.8,22061344,27.25333333333333,26.735,27.77166666666666,0.03803816046966714,21.090992604015867,1,25.412399999999998,28.17780502639829,22.646994973601707
2021-10-13 00:00:00+05:30,31.74,32.73,29.57,31.44,15206690,30.456666666666667,30.285000000000004,30.62833333333333,0.011272846667396079,21.090992604015867,1,25.617199999999997,29.245010447091843,21.98938955290815
2021-10-14 00:00:00+05:30,32.09,33.22,31.05,31.84,9781766,31.246666666666666,31.15,31.343333333333334,0.006187326648175863,21.090992604015867,1,25.8576,30.23004930902904,21.48515069097096
2021-10-18 00:00:00+05:30,33.12,33.12,31.35,31.59,5102048,32.03666666666667,32.135,31.93833333333334,0.006138799292477109,21.090992604015867,1,26.1,31.011596074600227,21.188403925399776
2021-10-19 00:00:00+05:30,31.99,32.13,27.85,28.64,3893583,32.02,32.235,31.805000000000007,0.013429106808244615,21.090992604015867,1,26.248,31.233290362659755,21.262709637340247
2021-10-20 00:00:00+05:30,28.59,30.75,27.11,27.7,2831470,29.540000000000003,29.990000000000002,29.090000000000003,0.03046716316858492,21.090992604015867,1,26.338800000000003,31.343838485369332,21.333761514630673
2021-10-21 00:00:00+05:30,28.49,28.83,26.37,27.99,2340841,28.52,28.93,28.11,0.028751753155680234,21.090992604015867,1,26.437199999999997,31.471407846327764,21.40299215367223
2021-10-22 00:00:00+05:30,28.29,29.52,27.6,27.99,3137530,27.73,27.6,27.86,0.009376126938333862,21.090992604015867,1,26.523600000000002,31.587214140120473,21.45998585987953
2021-10-25 00:00:00+05:30,27.99,29.57,26.91,28.64,4412492,28.37,28.560000000000002,28.18,0.01339443073669378,21.090992604015867,1,26.656,31.7607805045886,21.5512194954114
2021-10-26 00:00:00+05:30,28.78,29.23,28.49,28.73,1176939,28.373333333333335,28.240000000000002,28.506666666666668,0.00939849624060147,21.090992604015867,1,26.8076,31.92462501069007,21.69057498930993
2021-10-27 00:00:00+05:30,28.83,29.23,28.59,28.73,1099620,28.816666666666666,28.86,28.773333333333333,0.0030075187969924584,21.090992604015867,1,26.9436,32.07701330500746,21.81018669499254
2021-10-28 00:00:00+05:30,28.83,28.93,27.4,27.65,823333,28.849999999999998,28.91,28.789999999999996,0.004159445407279187,21.090992604015867,1,27.0244,32.13610916230839,21.91269083769161
2021-10-29 00:00:00+05:30,27.4,30.75,27.4,29.28,5249505,27.99333333333333,28.165,27.82166666666666,0.01226482495832368,21.090992604015867,1,27.1864,32.31703857234432,22.055761427655675
2021-11-01 00:00:00+05:30,29.47,31.15,29.28,30.8,2696305,29.143333333333334,29.075,29.21166666666667,0.00468946585840113,21.090992604015867,1,27.409200000000002,32.662940518909096,22.155459481090908
2021-11-02 00:00:00+05:30,30.66,32.43,30.21,32.13,6127737,30.41,30.215,30.605,0.012824728707661971,21.090992604015867,1,27.6888,33.1688505691122,22.2087494308878
2021-11-03 00:00:00+05:30,32.13,33.02,31.84,32.43,4655938,31.590000000000003,31.32,31.860000000000007,0.01709401709401729,21.090992604015867,1,28.01,33.621089020860985,22.398910979139018
2021-11-04 00:00:00+05:30,32.73,33.27,32.38,32.97,1692204,32.43,32.43,32.43,0.0,21.090992604015867,1,28.3508,34.08911172384582,22.61248827615418
2021-11-08 00:00:00+05:30,33.27,34.45,33.17,34.2,6239265,32.873333333333335,32.825,32.92166666666667,0.0029405800040558914,21.43233900930892,1,28.752799999999997,34.66316654024317,22.84243345975683
2021-11-09 00:00:00+05:30,34.5,34.99,33.07,33.42,2681376,33.940000000000005,33.81,34.07000000000001,0.007660577489687834,21.60984544893656,1,29.111600000000003,35.02264641836162,23.20055358163839
2021-11-10 00:00:00+05:30,33.37,35.24,33.12,34.89,6043877,33.82666666666667,34.03,33.623333333333335,0.012022073314938892,21.663051630979098,1,29.527200000000004,35.54295137784345,23.51144862215656
2021-11-11 00:00:00+05:30,34.5,35.14,33.12,33.27,3364562,34.416666666666664,34.18,34.65333333333333,0.013753026634382446,21.663051630979098,1,29.88,35.694489487480816,24.06551051251918
2021-11-12 00:00:00+05:30,33.51,33.81,31.84,32.18,2525415,33.843333333333334,34.129999999999995,33.55666666666667,0.01694080567319975,21.663051630979098,1,30.1932,35.612551164117775,24.773848835882227
2021-11-15 00:00:00+05:30,32.18,32.58,30.61,31.49,1991021,32.61000000000001,32.825,32.39500000000001,0.013186139221097593,21.663051630979098,1,30.4712,35.392166799321494,25.550233200678505
2021-11-16 00:00:00+05:30,30.95,33.27,30.71,32.97,3386470,31.56,31.595,31.525,0.0022179974651457633,21.663051630979098,1,30.8024,35.21019048504169,26.3946095149583
2021-11-17 00:00:00+05:30,32.87,32.87,31.35,31.44,1664225,32.31666666666667,31.990000000000002,32.64333333333334,0.020216606498195025,21.663051630979098,1,30.9284,35.22027764970345,26.636522350296552
2021-11-18 00:00:00+05:30,31.54,31.94,30.06,30.51,1963922,31.886666666666667,32.11,31.663333333333334,0.014007944804515955,21.663051630979098,1,30.916800000000002,35.21156973073342,26.62203026926658
2021-11-22 00:00:00+05:30,30.61,31.05,29.37,30.56,1931463,30.83666666666667,31.0,30.67333333333334,0.010593449356826101,21.663051630979098,1,30.8816,35.173063824853244,26.590136175146753
2021-11-23 00:00:00+05:30,30.16,32.09,30.06,31.64,1614280,30.326666666666668,30.21,30.443333333333335,0.0076939986810288285,21.663051630979098,1,30.873599999999996,35.15862837330443,26.58857162669556
2021-11-24 00:00:00+05:30,31.84,32.13,30.9,31.44,1059463,31.263333333333335,31.075000000000003,31.451666666666668,0.012048192771084288,21.663051630979098,1,30.867600000000003,35.149017634385146,26.58618236561486
2021-11-25 00:00:00+05:30,31.54,32.04,31.1,31.64,1196125,31.49,31.515,31.464999999999996,0.0015878056525882587,21.663051630979098,1,30.987599999999997,35.17978808738634,26.795411912613655
2021-11-26 00:00:00+05:30,31.0,31.64,29.97,30.71,1388068,31.593333333333334,31.57,31.616666666666667,0.0014771048744460916,21.663051630979098,1,31.108,35.082852953258,27.133147046742
2021-11-29 00:00:00+05:30,30.16,30.66,28.68,28.93,1687359,30.77333333333333,30.805,30.74166666666666,0.0020580589254768095,21.663051630979098,1,31.145599999999998,35.0182325103247,27.272967489675295
2021-11-30 00:00:00+05:30,29.18,30.9,29.13,29.52,2809018,29.423333333333336,29.67,29.17666666666667,0.016766738416222917,21.663051630979098,1,31.206799999999998,34.9232314927123,27.4903685072877
2021-12-01 00:00:00+05:30,29.82,30.41,29.67,29.87,824961,29.849999999999998,30.015,29.684999999999995,0.011055276381909729,21.663051630979098,1,31.256,34.86625650058603,27.645743499413967
2021-12-02 00:00:00+05:30,30.11,33.27,29.77,32.82,5718039,29.983333333333334,30.04,29.92666666666667,0.0037798777098386792,21.663051630979098,1,31.4196,34.926359096377105,27.912840903622893
2021-12-03 00:00:00+05:30,32.92,36.57,32.87,35.88,24714900,31.953333333333337,31.520000000000003,32.38666666666667,0.027122887544335502,21.663051630979098,1,31.7056,35.44671889145792,27.96448110854208
2021-12-06 00:00:00+05:30,36.96,38.05,33.47,34.01,20961177,35.10666666666666,34.72,35.493333333333325,0.02202810482339517,21.701731812680162,1,31.96,35.41761073575715,28.50238926424285
2021-12-07 00:00:00+05:30,34.11,34.7,32.73,32.92,5339882,35.17666666666667,35.76,34.59333333333334,0.033165924381692136,21.701731812680162,1,32.1056,35.40234787632039,28.808852123679618
2021-12-08 00:00:00+05:30,33.17,34.16,32.04,32.92,6672187,33.45,33.715,33.185,0.015844544095665204,21.701731812680162,1,32.1904,35.457381383482755,28.92341861651724
2021-12-09 00:00:00+05:30,33.12,33.12,32.09,32.43,2731487,33.04,33.099999999999994,32.980000000000004,0.0036319612590796106,21.701731812680162,1,32.2024,35.47060944249644,28.934190557503555
2021-12-10 00:00:00+05:30,32.43,33.96,31.54,33.66,4124571,32.546666666666674,32.605000000000004,32.488333333333344,0.003584596476853544,21.701731812680162,1,32.251599999999996,35.56870080643064,28.934499193569348
2021-12-13 00:00:00+05:30,34.01,34.11,32.78,33.12,3212110,33.053333333333335,32.75,33.35666666666667,0.018354175070593056,21.701731812680162,1,32.2576,35.580414614152104,28.934785385847885
2021-12-14 00:00:00+05:30,33.02,33.22,32.58,32.78,3559013,33.336666666666666,33.445,33.22833333333333,0.0064993500649935575,21.701731812680162,1,32.2008,35.4362581499415,28.9653418500585
2021-12-15 00:00:00+05:30,32.82,33.51,31.05,31.59,3361514,32.86,32.9,32.82,0.002434570906877611,21.701731812680162,1,32.1276,35.33206828038958,28.92313171961042
2021-12-16 00:00:00+05:30,31.79,32.78,31.44,32.33,3751844,32.050000000000004,32.28,31.820000000000007,0.014352574102963922,21.701731812680162,1,32.0252,35.027247940993455,29.023152059006545
2021-12-17 00:00:00+05:30,32.23,33.02,30.95,31.44,3288180,32.18333333333333,32.11,32.25666666666666,0.004557224236146904,21.701731812680162,1,31.952,34.918096424599696,28.985903575400307
2021-12-20 00:00:00+05:30,31.05,31.05,28.93,29.47,3269870,31.80333333333333,31.985,31.621666666666663,0.011424378995912489,21.701731812680162,1,31.843599999999995,34.96258383452418,28.72461616547581
2021-12-21 00:00:00+05:30,29.57,30.31,28.34,28.59,4500362,29.816666666666666,29.990000000000002,29.64333333333333,0.011626607043040955,21.701731812680162,1,31.727600000000002,35.09627584668269,28.358924153317318
2021-12-22 00:00:00+05:30,29.03,29.23,27.99,28.09,3387111,29.08,29.325,28.834999999999997,0.01685006877579099,21.701731812680162,1,31.532400000000003,35.147055856374635,27.917744143625367
2021-12-23 00:00:00+05:30,28.59,28.98,28.39,28.49,2302380,28.436666666666667,28.61,28.263333333333335,0.0121908334310162,21.701731812680162,1,31.4144,35.22092946396367,27.60787053603633
2021-12-24 00:00:00+05:30,29.03,29.03,28.54,28.83,2646458,28.62,28.685000000000002,28.555,0.0045422781271838766,21.701731812680162,1,31.347199999999997,35.272679924802006,27.421720075197985
2021-12-27 00:00:00+05:30,28.83,29.77,28.39,29.57,2400257,28.8,28.785,28.815,0.0010416666666667061,21.701731812680162,1,31.3076,35.28369368099189,27.33150631900811
2021-12-28 00:00:00+05:30,29.92,30.51,29.82,30.16,2589104,29.24333333333333,29.08,29.40666666666666,0.011170637182263568,21.701731812680162,1,31.2484,35.24694245444808,27.24985754555192
2021-12-29 00:00:00+05:30,30.06,30.31,28.54,28.83,6692018,30.16333333333333,30.165,30.16166666666666,0.00011050944855798677,21.701731812680162,1,31.144000000000002,35.251877310731636,27.036122689268364
2021-12-30 00:00:00+05:30,29.08,29.77,28.49,28.98,6172630,29.226666666666663,29.424999999999997,29.02833333333333,0.01357208029197086,21.701731812680162,1,31.0376,35.225591518618906,26.849608481381097
2021-12-31 00:00:00+05:30,29.03,29.57,28.39,28.49,3346540,29.08,29.13,29.029999999999998,0.003438789546079829,21.701731812680162,1,30.948799999999995,35.25333275513428,26.64426724486571
2022-01-03 00:00:00+05:30,28.64,28.98,28.29,28.49,3748383,28.816666666666666,28.98,28.653333333333332,0.011336032388664014,21.701731812680162,1,30.9312,35.27205086590452,26.590349134095487
2022-01-04 00:00:00+05:30,28.64,29.28,28.14,28.59,7066904,28.586666666666662,28.634999999999998,28.538333333333327,0.003381529850746425,21.701731812680162,1,30.894000000000002,35.29806721111565,26.48993278888435
2022-01-05 00:00:00+05:30,28.64,28.98,28.04,28.09,3850103,28.67,28.71,28.630000000000003,0.0027903732124171013,21.701731812680162,1,30.8228,35.34670811578043,26.298891884219568
2022-01-06 00:00:00+05:30,28.09,28.59,27.8,28.34,2176735,28.37,28.509999999999998,28.230000000000004,0.009869580542826719,21.701731812680162,1,30.643600000000003,35.1917174303248,26.095482569675205
2022-01-07 00:00:00+05:30,28.59,29.57,28.29,29.08,4301005,28.243333333333336,28.195,28.29166666666667,0.0034226366104096934,21.701731812680162,1,30.371599999999997,34.420480062440035,26.322719937559956
2022-01-10 00:00:00+05:30,29.23,31.94,29.23,31.49,6963727,28.98,28.93,29.03,0.003450655624568717,21.701731812680162,1,30.270799999999998,34.07012170788742,26.47147829211258
2022-01-11 00:00:00+05:30,31.79,33.02,31.2,32.48,6192644,30.886666666666667,30.585,31.188333333333333,0.019533779408590492,21.701731812680162,1,30.253200000000003,34.007074670260664,26.499325329739342
2022-01-12 00:00:00+05:30,32.73,32.82,30.36,30.66,4210181,32.23333333333333,32.11,32.356666666666655,0.0076525336090999645,21.701731812680162,1,30.162799999999997,33.76105966823194,26.564540331768054
2022-01-13 00:00:00+05:30,31.05,31.3,30.56,31.2,1521561,31.28,31.59,30.970000000000002,0.01982097186700759,21.701731812680162,1,30.1136,33.6189507898675,26.608249210132502
2022-01-14 00:00:00+05:30,31.15,32.33,30.66,31.74,1912281,31.02,30.93,31.11,0.0058027079303674955,21.701731812680162,1,30.036800000000003,33.304032321097594,26.76956767890241
2022-01-17 00:00:00+05:30,31.79,32.33,31.05,31.15,3664141,31.576666666666664,31.494999999999997,31.65833333333333,0.005172595798585475,21.701731812680162,1,29.958000000000002,33.01205697393236,26.903943026067648
2022-01-18 00:00:00+05:30,31.05,32.28,30.36,30.66,4175372,31.51,31.689999999999998,31.330000000000005,0.011424944462075287,21.701731812680162,1,29.873199999999997,32.71980482681121,27.026595173188777
2022-01-19 00:00:00+05:30,30.61,31.64,30.16,31.2,2687958,31.099999999999998,31.32,30.879999999999995,0.014147909967845816,21.701731812680162,1,29.8576,32.670474856801306,27.0447251431987
2022-01-20 00:00:00+05:30,31.35,33.02,31.3,32.53,5090102,31.0,30.9,31.1,0.006451612903225898,21.701731812680162,1,29.8656,32.70754344771759,27.02365655228241
2022-01-21 00:00:00+05:30,32.43,33.27,30.95,31.64,4857592,32.28333333333334,32.160000000000004,32.40666666666667,0.007640681466184914,21.701731812680162,1,29.873599999999996,32.73429015449505,27.012909845504943
2022-01-24 00:00:00+05:30,30.8,31.44,27.85,28.78,3893940,31.953333333333333,32.11,31.796666666666667,0.00980596703525973,21.701731812680162,1,29.846,32.734908444382576,26.957091555617424
2022-01-25 00:00:00+05:30,28.59,30.11,27.9,29.67,1966986,29.35666666666667,29.645000000000003,29.068333333333335,0.019643465425229975,21.701731812680162,1,29.889200000000002,32.733646772225654,27.044753227774354
2022-01-27 00:00:00+05:30,28.88,29.82,28.83,29.52,1536352,29.22666666666667,29.005,29.44833333333334,0.015168795620438259,21.701731812680162,1,29.946399999999997,32.69988146171803,27.192918538281965
2022-01-28 00:00:00+05:30,29.42,30.75,29.42,29.87,1532639,29.39,29.325,29.455000000000002,0.004423273222184504,21.701731812680162,1,30.0016,32.69065741106894,27.312542588931056
2022-01-31 00:00:00+05:30,30.8,31.0,30.02,30.51,1776386,30.013333333333335,30.085,29.94166666666667,0.0047756552643268835,21.701731812680162,1,30.0688,32.721100556125705,27.41649944387429
2022-02-01 00:00:00+05:30,30.8,31.64,30.56,31.2,1884513,30.51,30.509999999999998,30.510000000000005,2.328884745198624e-16,21.701731812680162,1,30.134,32.81404179072355,27.45395820927645
2022-02-02 00:00:00+05:30,31.44,32.04,31.3,31.69,2636358,31.133333333333336,31.1,31.16666666666667,0.0021413276231264447,21.701731812680162,1,30.1952,32.94382071592729,27.446579284072712
2022-02-03 00:00:00+05:30,32.04,32.13,31.05,31.35,1292492,31.676666666666666,31.67,31.68333333333333,0.0004209197095652419,21.701731812680162,1,30.296,33.02169991011933,27.570300089880668
2022-02-04 00:00:00+05:30,31.35,32.13,31.1,31.74,3003043,31.51,31.590000000000003,31.43,0.005077753094255909,21.701731812680162,1,30.406399999999998,33.13352525565373,27.679274744346266
2022-02-07 00:00:00+05:30,31.84,33.91,31.84,33.42,7794430,31.656666666666666,31.615000000000002,31.69833333333333,0.0026324102348108435,21.701731812680162,1,30.6036,33.457918160266,27.749281839734007
2022-02-08 00:00:00+05:30,34.01,34.35,31.74,32.04,5575878,33.056666666666665,32.875,33.23833333333333,0.01099122718564071,21.701731812680162,1,30.745600000000003,33.51721082405596,27.973989175944048
2022-02-09 00:00:00+05:30,32.18,33.22,31.79,32.97,1666035,32.71,33.045,32.375,0.02048303271170901,21.701731812680162,1,30.9208,33.67892643655507,28.16267356344493
2022-02-10 00:00:00+05:30,32.53,33.27,32.04,33.22,2811992,32.66,32.504999999999995,32.815,0.00949173300673614,21.701731812680162,1,31.125999999999998,33.77222296869024,28.47977703130976
2022-02-11 00:00:00+05:30,32.97,32.97,31.2,31.64,2808604,32.843333333333334,32.655,33.031666666666666,0.011468588247234299,21.701731812680162,1,31.257999999999996,33.65240681589901,28.86359318410098
2022-02-14 00:00:00+05:30,31.05,31.15,28.39,28.98,2978492,31.936666666666667,32.085,31.788333333333334,0.009289218244442132,21.701731812680162,1,31.254,33.663235563415014,28.84476443658499
2022-02-15 00:00:00+05:30,28.98,31.64,28.98,31.05,3756608,29.506666666666664,29.77,29.24333333333333,0.017849073655671177,21.701731812680162,1,31.2364,33.644910776397666,28.827889223602337
2022-02-16 00:00:00+05:30,31.15,31.49,29.87,30.11,1096853,30.55666666666667,30.310000000000002,30.803333333333335,0.016144867459365077,21.701731812680162,1,31.141599999999997,33.53336373415598,28.749836265844017
2022-02-17 00:00:00+05:30,30.31,30.66,29.37,29.67,825805,30.49,30.68,30.299999999999997,0.01246310265660881,21.701731812680162,1,31.102000000000004,33.55631212359468,28.64768787640533
2022-02-18 00:00:00+05:30,30.06,30.06,29.33,29.52,593006,29.900000000000002,30.015,29.785000000000004,0.007692307692307587,21.701731812680162,1,31.0348,33.5655081696679,28.5040918303321
2022-02-21 00:00:00+05:30,29.57,29.67,28.39,29.13,1296323,29.636666666666667,29.695,29.578333333333333,0.003936565065796889,21.701731812680162,1,30.9304,33.54991128266781,28.31088871733219
2022-02-22 00:00:00+05:30,27.99,29.47,27.6,28.09,2220426,29.063333333333333,29.03,29.096666666666664,0.002293841036816018,21.701731812680162,1,30.808000000000003,33.651423288929045,27.96457671107096
2022-02-23 00:00:00+05:30,28.59,29.23,27.6,27.9,1166916,28.386666666666667,28.535,28.238333333333333,0.010450915922968537,21.701731812680162,1,30.6976,33.761230682707065,27.633969317292937
2022-02-24 00:00:00+05:30,27.11,27.6,24.25,25.09,4341868,28.24333333333333,28.415,28.07166666666666,0.012156261064558275,21.701731812680162,1,30.453199999999995,34.21322008505597,26.693179914944018
2022-02-25 00:00:00+05:30,26.42,27.99,26.42,27.45,2624326,25.646666666666665,25.925,25.36833333333333,0.02170522485053309,21.701731812680162,1,30.25,34.0873907802079,26.412609219792106
2022-02-28 00:00:00+05:30,26.86,27.8,26.47,27.4,2191567,27.286666666666665,27.205,27.368333333333332,0.005985829464940166,21.701731812680162,1,30.0804,34.030207002883145,26.13059299711686
2022-03-02 00:00:00+05:30,27.26,27.85,26.22,27.06,1215802,27.22333333333333,27.134999999999998,27.31166666666666,0.006489531039549247,21.701731812680162,1,30.0116,34.1068564950226,25.916343504977405
2022-03-03 00:00:00+05:30,27.21,28.09,26.32,26.66,1213286,27.043333333333333,27.035,27.051666666666666,0.0006162948354492439,21.701731812680162,1,29.891199999999998,34.19140769731241,25.59099230268759
2022-03-04 00:00:00+05:30,26.37,27.85,26.12,26.71,1177662,27.02333333333333,27.205,26.84166666666666,0.013445170840014934,21.701731812680162,1,29.7788,34.25522829050405,25.302371709495954
2022-03-07 00:00:00+05:30,26.37,26.61,25.43,25.78,1505731,26.893333333333334,26.985,26.80166666666667,0.006817055032225954,21.701731812680162,1,29.6152,34.357402425036824,24.87299757496318
2022-03-08 00:00:00+05:30,25.63,26.71,24.64,25.04,1770550,25.939999999999998,26.02,25.859999999999996,0.006168080185042548,21.701731812680162,1,29.3964,34.44794195865236,24.344858041347642
2022-03-09 00:00:00+05:30,25.53,27.4,25.38,26.42,2958357,25.463333333333335,25.675,25.25166666666667,0.016625212724178506,21.701731812680162,1,29.2052,34.330510121351246,24.079889878648757
2022-03-10 00:00:00+05:30,26.81,27.85,26.47,26.91,2609697,26.400000000000002,26.39,26.410000000000004,0.000757575757575876,21.701731812680162,1,29.014,34.11081940037369,23.917180599626306
2022-03-11 00:00:00+05:30,27.01,27.01,26.22,26.37,1911993,27.076666666666668,27.16,26.993333333333336,0.0061553613197093794,21.701731812680162,1,28.8148,33.920116820729724,23.70948317927028
2022-03-14 00:00:00+05:30,25.92,26.71,25.14,25.48,2833645,26.533333333333335,26.615000000000002,26.451666666666668,0.0061557788944723866,21.701731812680162,1,28.5644,33.68530954421439,23.443490455785604
2022-03-15 00:00:00+05:30,25.63,27.01,25.63,26.57,2583638,25.776666666666667,25.925,25.628333333333334,0.011509116772274675,21.701731812680162,1,28.290399999999998,33.064029160295796,23.516770839704204
2022-03-16 00:00:00+05:30,26.76,27.06,26.02,26.91,1271903,26.403333333333336,26.32,26.48666666666667,0.006312334301224772,21.701731812680162,1,28.085200000000004,32.63211849938247,23.538281500617533
2022-03-17 00:00:00+05:30,27.06,27.6,26.61,26.91,1325349,26.66333333333333,26.54,26.78666666666666,0.009251156394549168,21.701731812680162,1,27.8428,31.94677473676761,23.738825263232393
2022-03-21 00:00:00+05:30,27.06,27.6,26.71,27.06,2011282,27.040000000000003,27.105,26.975000000000005,0.004807692307692139,21.701731812680162,1,27.5964,31.070808749705044,24.121991250294954
2022-03-22 00:00:00+05:30,27.01,27.5,26.61,27.4,1897920,27.123333333333335,27.155,27.09166666666667,0.002335012904018652,21.701731812680162,1,27.4268,30.484007719476573,24.369592280523428
2022-03-23 00:00:00+05:30,27.4,28.59,27.26,28.29,3107302,27.169999999999998,27.055,27.284999999999997,0.008465218991534667,21.701731812680162,1,27.3992,30.411956452159245,24.386443547840756
2022-03-24 00:00:00+05:30,27.85,29.18,27.6,27.99,3559191,28.046666666666667,27.925,28.168333333333333,0.008676016163536925,21.701731812680162,1,27.2768,29.911204494383366,24.642395505616637
2022-03-25 00:00:00+05:30,27.7,28.24,27.5,27.95,1721064,28.256666666666664,28.39,28.123333333333328,0.009437300931933686,21.701731812680162,1,27.1904,29.577535387871276,24.803264612128725
2022-03-28 00:00:00+05:30,27.5,28.78,27.5,27.65,1452135,27.896666666666665,27.869999999999997,27.923333333333332,0.0019118174214362972,21.701731812680162,1,27.109599999999997,29.282697181450338,24.936502818549656
2022-03-29 00:00:00+05:30,27.7,28.29,27.4,27.85,1887804,27.97666666666667,28.14,27.81333333333334,0.011676396997497706,21.701731812680162,1,27.042799999999996,29.008152039718958,25.077447960281035
2022-03-30 00:00:00+05:30,27.99,28.39,27.21,27.9,2988211,27.846666666666664,27.845,27.84833333333333,0.00011970313622206016,21.701731812680162,1,26.993599999999997,28.802872826311035,25.18432717368896
2022-03-31 00:00:00+05:30,27.7,28.09,26.61,27.3,2309092,27.833333333333332,27.8,27.866666666666664,0.002395209580838187,21.701731812680162,1,26.962,28.72045386633473,25.20354613366527
2022-04-01 00:00:00+05:30,27.35,28.09,26.66,27.95,1455986,27.333333333333332,27.35,27.316666666666663,0.0012195121951221418,21.701731812680162,1,26.963999999999995,28.72682500550325,25.20117499449674
2022-04-04 00:00:00+05:30,28.59,28.68,27.6,27.75,2562979,27.566666666666666,27.375,27.758333333333333,0.013905683192261167,21.701731812680162,1,27.0704,28.682608224773542,25.458191775226457
2022-04-05 00:00:00+05:30,28.09,28.24,27.7,27.99,3403956,28.01,28.14,27.880000000000003,0.009282399143163084,21.701731812680162,1,27.092,28.738086267492513,25.445913732507485
2022-04-06 00:00:00+05:30,27.99,28.44,27.85,28.04,2002074,27.976666666666663,27.97,27.983333333333327,0.0004765876325507559,21.701731812680162,1,27.117600000000003,28.80152189843455,25.433678101565455
2022-04-07 00:00:00+05:30,28.14,28.34,27.3,27.45,1572253,28.110000000000003,28.145000000000003,28.075000000000003,0.0024902170046246985,21.701731812680162,1,27.1332,28.82191757260573,25.444482427394266
2022-04-08 00:00:00+05:30,27.99,27.99,26.61,26.81,3018552,27.69666666666667,27.82,27.573333333333338,0.008906005536165456,21.701731812680162,1,27.139200000000002,28.822206072486786,25.45619392751322
2022-04-11 00:00:00+05:30,26.81,27.45,26.71,26.96,1285233,27.136666666666667,27.299999999999997,26.973333333333336,0.012037833190025582,21.701731812680162,1,27.149199999999997,28.824841202652696,25.473558797347298
2022-04-12 00:00:00+05:30,26.81,29.13,26.02,28.59,6035026,27.040000000000003,27.08,27.000000000000007,0.0029585798816564785,21.701731812680162,1,27.261599999999998,28.931758603255176,25.59144139674482
2022-04-13 00:00:00+05:30,29.18,30.02,28.44,28.93,7752195,27.91333333333333,27.575,28.25166666666666,0.02424170050155227,21.701731812680162,1,27.4172,28.949607465404405,25.884792534595597
2022-04-18 00:00:00+05:30,28.78,31.15,28.68,30.36,13174972,29.13,29.23,29.029999999999998,0.006865774116031681,21.701731812680162,1,27.574799999999996,29.439049940331767,25.710550059668225
2022-04-19 00:00:00+05:30,31.0,31.0,28.44,29.33,5993587,30.063333333333333,29.915,30.211666666666666,0.009868056325534988,21.701731812680162,1,27.671599999999998,29.636326382992532,25.706873617007464
2022-04-20 00:00:00+05:30,29.82,30.85,27.26,28.19,12335622,29.59,29.72,29.46,0.008786752281176006,21.701731812680162,1,27.7444,29.644632238445304,25.844167761554694
2022-04-21 00:00:00+05:30,28.93,29.18,27.9,28.29,3737609,28.766666666666666,29.055,28.47833333333333,0.02004634994206262,21.701731812680162,1,27.8568,29.526403258270285,26.187196741729714
2022-04-22 00:00:00+05:30,27.9,28.98,27.65,27.9,3143941,28.456666666666667,28.54,28.373333333333335,0.00585685838116426,21.701731812680162,1,27.91,29.494807874799566,26.325192125200434
2022-04-25 00:00:00+05:30,27.21,27.99,27.21,27.6,2365971,28.176666666666666,28.314999999999998,28.038333333333334,0.009818999171891532,21.701731812680162,1,27.937599999999996,29.475112588575026,26.400087411424966
2022-04-26 00:00:00+05:30,28.34,28.34,27.11,27.26,2696727,27.600000000000005,27.6,27.60000000000001,2.574430202029348e-16,21.701731812680162,1,27.9516,29.457478401474262,26.445721598525736
2022-04-27 00:00:00+05:30,27.06,27.85,26.61,27.26,1577593,27.570000000000004,27.725,27.415000000000006,0.011244105912223254,21.701731812680162,1,27.959600000000002,29.448475871262165,26.47072412873784
2022-04-28 00:00:00+05:30,28.04,28.04,26.66,26.76,1787026,27.24,27.23,27.249999999999996,0.0007342143906019097,21.701731812680162,1,27.934,29.481343530062635,26.386656469937368
2022-04-29 00:00:00+05:30,27.01,27.01,26.37,26.71,1659084,27.153333333333336,27.35,26.95666666666667,0.014485637122514026,21.701731812680162,1,27.8708,29.48254608422876,26.25905391577124
2022-05-02 00:00:00+05:30,26.52,26.91,24.5,24.64,4953444,26.69666666666667,26.69,26.703333333333337,0.0004994381321014639,21.701731812680162,1,27.7368,29.78465718252686,25.688942817473137
2022-05-04 00:00:00+05:30,24.89,25.78,24.89,25.48,3262481,25.349999999999998,25.705,24.994999999999997,0.02800788954635112,21.701731812680162,1,27.638,29.86562294835256,25.410377051647444
2022-05-05 00:00:00+05:30,25.63,26.02,25.28,25.68,2071501,25.383333333333336,25.335,25.431666666666672,0.003808273145108514,21.701731812680162,1,27.5592,29.915223225697705,25.203176774302296
2022-05-06 00:00:00+05:30,24.84,25.28,23.41,23.66,2967402,25.659999999999997,25.65,25.669999999999995,0.0007794232268120041,21.701731812680162,1,27.391600000000004,30.19473356086134,24.588466439138667
2022-05-09 00:00:00+05:30,22.97,23.66,22.92,23.12,4458801,24.116666666666664,24.345,23.88833333333333,0.01893572909467881,21.701731812680162,1,27.200400000000005,30.454539419266997,23.946260580733014
2022-05-10 00:00:00+05:30,23.26,24.05,23.21,23.85,2294325,23.233333333333334,23.29,23.17666666666667,0.00487804878048765,21.701731812680162,1,27.062399999999997,30.570631600112428,23.554168399887565
2022-05-11 00:00:00+05:30,23.85,24.1,21.29,21.83,2676547,23.703333333333337,23.630000000000003,23.77666666666667,0.006187596681198211,21.701731812680162,1,26.817600000000002,30.85770011757477,22.777499882425236
2022-05-12 00:00:00+05:30,21.69,22.82,20.95,22.43,3545991,22.406666666666666,22.695,22.118333333333332,0.025736387979767985,21.701731812680162,1,26.6048,30.973133760145604,22.236466239854398
2022-05-13 00:00:00+05:30,22.77,23.61,22.33,23.26,1757565,22.066666666666663,21.884999999999998,22.248333333333328,0.01646525679758292,21.701731812680162,1,26.415600000000005,30.9346904571637,21.89650954283631
2022-05-16 00:00:00+05:30,23.26,23.46,22.18,22.23,1269346,23.066666666666666,22.97,23.163333333333334,0.008381502890173488,21.701731812680162,1,26.183199999999996,30.93578151324395,21.430618486756043
2022-05-17 00:00:00+05:30,22.33,22.77,22.18,22.67,1612032,22.623333333333335,22.82,22.42666666666667,0.017386179460733647,21.701731812680162,1,25.992000000000004,30.90716510404568,21.076834895954327
2022-05-18 00:00:00+05:30,22.82,24.25,22.77,23.71,3390260,22.540000000000003,22.475,22.605000000000004,0.005767524401064887,21.701731812680162,1,25.868,30.85031753303906,20.885682466960937
2022-05-19 00:00:00+05:30,23.31,23.31,22.43,22.52,988446,23.576666666666664,23.509999999999998,23.64333333333333,0.005655308921249803,21.701731812680162,1,25.690400000000004,30.81875093963241,20.5620490603676
2022-05-20 00:00:00+05:30,22.92,23.21,22.62,22.97,798146,22.75333333333333,22.869999999999997,22.636666666666663,0.010254907705830691,21.701731812680162,1,25.4656,30.55840929939741,20.372790700602586
2022-05-23 00:00:00+05:30,23.12,23.66,22.67,23.02,676555,22.933333333333334,22.915,22.951666666666668,0.0015988372093024205,21.701731812680162,1,25.229200000000002,30.204116023414766,20.25428397658524
2022-05-24 00:00:00+05:30,23.16,23.36,21.59,21.88,1091005,23.116666666666664,23.165,23.068333333333328,0.004181687094448643,21.701731812680162,1,24.890000000000004,29.566781799488755,20.213218200511253
2022-05-25 00:00:00+05:30,22.28,22.52,20.26,20.5,1318909,22.276666666666667,22.475,22.078333333333333,0.017806374382762304,31.65442768633077,-1,24.536800000000003,29.152279069395675,19.92132093060433
2022-05-26 00:00:00+05:30,21.44,21.44,20.01,21.14,1077293,21.093333333333334,21.39,20.796666666666667,0.028128950695322393,30.97925057887754,-1,24.2548,28.804012221915983,19.705587778084016
2022-05-27 00:00:00+05:30,21.29,21.78,21.09,21.29,448926,20.863333333333333,20.725,21.001666666666665,0.01326090429781101,30.97925057887754,-1,23.974800000000002,28.3546269189581,19.594973081041903
2022-05-30 00:00:00+05:30,20.6,21.54,20.6,21.29,1162457,21.386666666666667,21.435000000000002,21.33833333333333,0.004519950124688488,30.96898933349354,-1,23.7104,27.904611172560365,19.516188827439635
2022-05-31 00:00:00+05:30,21.78,22.28,21.34,21.83,837978,21.143333333333334,21.07,21.21666666666667,0.006936780703137393,30.96898933349354,-1,23.4796,27.41957961416432,19.539620385835683
2022-06-01 00:00:00+05:30,22.18,22.33,21.74,22.23,1437461,21.816666666666666,21.810000000000002,21.82333333333333,0.0006111535523297928,30.96898933349354,-1,23.2784,26.928704885900707,19.628095114099295
2022-06-02 00:00:00+05:30,22.38,24.0,22.23,23.31,1782692,22.099999999999998,22.034999999999997,22.165,0.005882352941176587,30.96898933349354,-1,23.1204,26.389731332249866,19.851068667750134
2022-06-03 00:00:00+05:30,23.51,24.25,22.57,22.77,2219371,23.180000000000003,23.115000000000002,23.245000000000005,0.005608283002588548,30.96898933349354,-1,22.9608,25.874013593273038,20.04758640672696
2022-06-06 00:00:00+05:30,22.67,22.97,22.08,22.47,1221219,23.19666666666667,23.41,22.983333333333338,0.018393447334386935,30.96898933349354,-1,22.7912,25.273388195933364,20.309011804066635
2022-06-07 00:00:00+05:30,22.52,22.67,21.98,22.52,678223,22.506666666666664,22.525,22.48833333333333,0.0016291469194313767,30.96898933349354,-1,22.7064,25.072276615555214,20.340523384444783
2022-06-08 00:00:00+05:30,22.52,23.16,21.98,22.87,721078,22.39,22.325000000000003,22.455,0.005806163465832758,30.96898933349354,-1,22.601999999999997,24.682192298810634,20.52180770118936
2022-06-09 00:00:00+05:30,23.02,23.26,22.57,22.82,559391,22.67,22.57,22.770000000000003,0.008822232024702375,30.96898933349354,-1,22.4876,24.150910241666054,20.824289758333947
2022-06-10 00:00:00+05:30,22.52,23.12,22.18,22.43,399083,22.883333333333336,22.915,22.851666666666674,0.0027676620538962327,30.96898933349354,-1,22.438399999999998,24.031361317807566,20.84543868219243
2022-06-13 00:00:00+05:30,21.93,21.98,21.14,21.78,613203,22.576666666666664,22.65,22.50333333333333,0.006496382695998891,30.64446831478626,-1,22.384799999999995,23.972584569779933,20.797015430220057
2022-06-14 00:00:00+05:30,21.78,22.38,21.74,21.98,376367,21.633333333333336,21.560000000000002,21.70666666666667,0.006779661016949226,30.64446831478626,-1,22.31,23.78695903803434,20.833040961965658
2022-06-15 00:00:00+05:30,22.08,22.38,21.49,21.64,304148,22.03333333333333,22.06,22.006666666666664,0.0024205748865356084,30.64446831478626,-1,22.3024,23.79106952680282,20.81373047319718
2022-06-16 00:00:00+05:30,21.83,22.18,20.4,21.09,1157729,21.836666666666662,21.935,21.738333333333326,0.009006258586475618,30.230138878950733,-1,22.248800000000003,23.80996182378105,20.687638176218954
2022-06-17 00:00:00+05:30,21.09,21.88,20.45,20.7,1061890,21.223333333333333,21.29,21.156666666666666,0.006282393591958514,30.147933323792707,-1,22.1464,23.76364585639644,20.52915414360356
2022-06-20 00:00:00+05:30,20.95,21.54,19.57,19.81,991599,21.01,21.165,20.855000000000004,0.014754878629223948,29.730215990840996,-1,22.0496,23.907094915210145,20.19210508478986
2022-06-21 00:00:00+05:30,20.21,20.6,19.67,20.11,684796,20.30666666666667,20.555,20.058333333333337,0.02445830597504904,29.20360735120736,-1,21.9472,23.93433075564534,19.960069244354656
2022-06-22 00:00:00+05:30,19.96,20.4,19.91,20.31,969024,20.12666666666667,20.135,20.118333333333336,0.0008280887711162165,28.99806305715906,-1,21.811200000000003,23.762194167093217,19.86020583290679
2022-06-23 00:00:00+05:30,20.4,20.75,19.91,20.06,420119,20.206666666666667,20.155,20.258333333333333,0.0051138238205212004,28.99806305715906,-1,21.712799999999998,23.75680015656355,19.668799843436446
2022-06-24 00:00:00+05:30,20.6,20.8,20.01,20.11,644655,20.24,20.33,20.15,0.008893280632411054,28.99806305715906,-1,21.5984,23.6681182803541,19.528681719645903
2022-06-27 00:00:00+05:30,20.4,20.65,19.91,20.06,967405,20.30666666666667,20.405,20.208333333333336,0.009684832567301318,28.74008855693868,-1,21.48,23.549535213527914,19.410464786472087
2022-06-28 00:00:00+05:30,20.06,20.11,19.76,19.91,419640,20.206666666666667,20.28,20.133333333333333,0.007258330583965768,28.154685014661133,-1,21.4012,23.552228182063658,19.25017181793634
2022-06-29 00:00:00+05:30,19.86,20.6,19.71,20.11,506188,19.926666666666666,19.935000000000002,19.91833333333333,0.0008364001338243305,28.154685014661133,-1,21.3856,23.567973606885886,19.203226393114115
2022-06-30 00:00:00+05:30,20.21,20.31,19.32,19.52,524314,20.14,20.155,20.125,0.0014895729890765212,27.906693709511693,-1,21.3208,23.62149151344376,19.020108486556236
2022-07-01 00:00:00+05:30,19.02,19.42,18.58,19.12,615499,19.716666666666665,19.814999999999998,19.618333333333332,0.009974640743871452,27.031225961131227,-1,21.234,23.69120491616638,18.776795083833623
2022-07-04 00:00:00+05:30,18.98,19.81,18.98,19.71,590909,19.040000000000003,19.0,19.080000000000005,0.004201680672269191,27.031225961131227,-1,21.1708,23.699236164911483,18.642363835088517
2022-07-05 00:00:00+05:30,19.71,20.21,18.93,19.27,903785,19.5,19.395,19.605,0.010769230769230812,27.031225961131227,-1,21.0684,23.68748490890089,18.449315091099113
2022-07-06 00:00:00+05:30,19.32,19.67,18.88,19.32,546848,19.47,19.57,19.369999999999997,0.010272213662044317,27.031225961131227,-1,20.951999999999998,23.612568360338155,18.29143163966184
2022-07-07 00:00:00+05:30,19.42,20.06,19.32,19.96,1221244,19.29,19.275,19.305,0.0015552099533437604,27.031225961131227,-1,20.818,23.322919958807585,18.313080041192418
2022-07-08 00:00:00+05:30,20.11,20.4,19.96,20.21,469001,19.779999999999998,19.689999999999998,19.869999999999997,0.009100101112234566,27.031225961131227,-1,20.7156,23.099332065487364,18.331867934512633
2022-07-11 00:00:00+05:30,20.11,20.8,20.01,20.16,1081834,20.19,20.18,20.200000000000003,0.0009905894006935674,27.031225961131227,-1,20.6232,22.904636179259185,18.341763820740816
2022-07-12 00:00:00+05:30,20.16,20.21,19.62,19.71,620787,20.323333333333334,20.405,20.241666666666667,0.008036739380022995,27.031225961131227,-1,20.5108,22.681557803172165,18.340042196827834
2022-07-13 00:00:00+05:30,19.52,19.96,19.22,19.52,681522,19.846666666666668,19.915,19.778333333333336,0.006886126973463041,26.87381394370499,-1,20.3768,22.35338873821363,18.400211261786367
2022-07-14 00:00:00+05:30,19.71,20.45,19.27,19.62,640594,19.566666666666666,19.59,19.543333333333333,0.0023850085178875736,26.87381394370499,-1,20.2488,21.97446805615479,18.523131943845208
2022-07-15 00:00:00+05:30,19.57,19.71,19.12,19.22,639169,19.78,19.86,19.700000000000003,0.008088978766430565,26.610146930518518,-1,20.1204,21.64359117645592,18.59720882354408
2022-07-18 00:00:00+05:30,19.67,19.81,19.22,19.71,728427,19.349999999999998,19.415,19.284999999999997,0.006718346253230107,26.58754105329778,-1,20.0376,21.408349050713966,18.666850949286037
2022-07-19 00:00:00+05:30,19.27,20.31,19.27,20.01,1103118,19.580000000000002,19.515,19.645000000000003,0.006639427987742724,26.58754105329778,-1,19.9588,21.077088978767698,18.840511021232302
2022-07-20 00:00:00+05:30,20.21,20.6,19.96,20.21,643442,19.863333333333333,19.79,19.936666666666667,0.007383789226380346,26.58754105329778,-1,19.901600000000002,20.79342383912595,19.009776160874054
2022-07-21 00:00:00+05:30,20.31,20.4,19.96,20.16,451174,20.256666666666668,20.28,20.233333333333334,0.002303768306730304,26.58754105329778,-1,19.8644,20.622377941653564,19.106422058346435
2022-07-22 00:00:00+05:30,20.11,20.31,19.91,20.01,329384,20.173333333333332,20.18,20.166666666666664,0.0006609385327165608,26.58754105329778,-1,19.836799999999997,20.51735788881872,19.156242111181275
2022-07-25 00:00:00+05:30,19.71,20.01,19.07,19.67,874345,20.076666666666668,20.11,20.043333333333337,0.0033206043499915093,26.196892406986155,-1,19.831200000000003,20.514844820088182,19.147555179911823
2022-07-26 00:00:00+05:30,19.62,22.03,19.32,21.59,3914956,19.583333333333332,19.54,19.626666666666665,0.0044255319148935835,26.196892406986155,-1,19.8904,20.857796175324953,18.923003824675046
2022-07-27 00:00:00+05:30,21.24,21.69,20.7,20.9,2337448,20.98,20.675,21.285,0.02907530981887509,26.196892406986155,-1,19.914,20.94770401954976,18.880295980450242
2022-07-28 00:00:00+05:30,21.0,21.88,20.75,21.44,3277073,21.096666666666668,21.195,20.998333333333335,0.009322167799020323,26.196892406986155,-1,19.9692,21.16315705116779,18.77524294883221
2022-07-29 00:00:00+05:30,21.29,22.18,20.95,21.88,2268513,21.356666666666666,21.314999999999998,21.398333333333333,0.003901982206961247,26.196892406986155,-1,20.04,21.449431090913357,18.63056890908664
2022-08-01 00:00:00+05:30,22.08,23.95,22.08,23.16,5172376,21.669999999999998,21.564999999999998,21.775,0.009690816797415822,26.196892406986155,-1,20.164,22.030127541202134,18.29787245879787
2022-08-02 00:00:00+05:30,23.21,25.43,23.02,24.1,9191864,23.063333333333333,23.015,23.111666666666665,0.004191357132533488,26.196892406986155,-1,20.3316,22.74789587592931,17.915304124070694
2022-08-03 00:00:00+05:30,24.1,25.73,23.95,25.19,6116878,24.183333333333337,24.225,24.141666666666673,0.0034458993797379153,26.196892406986155,-1,20.5348,23.60760260349291,17.46199739650709
2022-08-04 00:00:00+05:30,25.38,26.61,24.2,25.19,5356049,24.956666666666667,24.84,25.073333333333334,0.00934953920128226,26.196892406986155,-1,20.7616,24.30263569030766,17.220564309692342
2022-08-05 00:00:00+05:30,25.23,26.12,24.69,25.63,2361540,25.333333333333332,25.405,25.261666666666663,0.005657894736842289,26.196892406986155,-1,21.022000000000002,24.975319617743097,17.068680382256908
2022-08-08 00:00:00+05:30,25.83,26.76,25.23,25.43,2915546,25.48,25.405,25.555,0.005886970172684402,26.196892406986155,-1,21.250799999999998,25.523129275703383,16.978470724296614
2022-08-10 00:00:00+05:30,25.43,27.26,25.28,26.96,6216029,25.80666666666667,25.995,25.618333333333336,0.01459571170240242,17.47891111497341,1,21.558400000000002,26.297782845902194,16.81901715409781
2022-08-11 00:00:00+05:30,27.01,27.9,27.01,27.8,6146477,26.5,26.270000000000003,26.729999999999997,0.0173584905660375,18.75235467037447,1,21.897599999999997,27.135258347012684,16.65994165298731
2022-08-12 00:00:00+05:30,27.6,28.09,26.12,27.6,2165669,27.569999999999997,27.455,27.684999999999995,0.008342401160681788,18.75235467037447,1,22.203200000000002,27.83006333937758,16.576336660622424
2022-08-16 00:00:00+05:30,27.21,27.8,25.63,26.07,2528507,27.27,27.105,27.435,0.012101210121012038,18.75235467037447,1,22.437600000000003,28.199414380907392,16.675785619092615
2022-08-17 00:00:00+05:30,26.17,26.61,25.88,26.02,1141542,26.5,26.715,26.285,0.016226415094339613,18.75235467037447,1,22.672000000000004,28.520257176290304,16.823742823709704
2022-08-18 00:00:00+05:30,25.78,26.32,25.68,25.83,1019006,26.169999999999998,26.244999999999997,26.095,0.005731753916698456,18.75235467037447,1,22.9168,28.760970346595894,17.072629653404103
2022-08-19 00:00:00+05:30,25.92,26.91,25.23,26.52,2315077,25.94333333333333,26.0,25.886666666666663,0.004368495438776957,18.75235467037447,1,23.196800000000003,29.03391358806993,17.359686411930078
2022-08-22 00:00:00+05:30,26.61,26.61,25.48,25.63,1066516,26.22,26.07,26.369999999999997,0.011441647597253897,18.75235467037447,1,23.437200000000004,29.159178734671283,17.715221265328726
2022-08-23 00:00:00+05:30,25.43,26.22,25.43,25.83,988665,25.906666666666666,26.045,25.76833333333333,0.01067936181163166,18.75235467037447,1,23.7016,29.227170175106828,18.17602982489317
2022-08-24 00:00:00+05:30,25.88,26.61,25.78,25.97,742747,25.826666666666664,25.825,25.82833333333333,0.00012906556530705866,18.75235467037447,1,23.951999999999998,29.295703584596534,18.608296415403462
2022-08-25 00:00:00+05:30,26.02,27.16,26.02,26.42,1063387,26.12,26.195,26.045,0.005742725880551247,18.75235467037447,1,24.208399999999997,29.38338500094731,19.033414999052685
2022-08-26 00:00:00+05:30,27.11,27.3,26.12,26.71,1979241,26.53333333333333,26.59,26.476666666666663,0.004271356783919731,18.75235467037447,1,24.468400000000003,29.46373760220763,19.473062397792376
2022-08-29 00:00:00+05:30,25.88,27.3,25.73,27.21,2224427,26.709999999999997,26.71,26.709999999999994,2.6602124139277436e-16,18.75235467037447,1,24.7504,29.53244468402682,19.968355315973177
2022-08-30 00:00:00+05:30,27.35,27.6,26.91,27.55,1936588,26.74666666666667,26.515,26.97833333333334,0.01732303090727835,18.75235467037447,1,25.052,29.54229174999007,20.56170825000993
2022-09-01 00:00:00+05:30,27.6,30.56,27.6,30.06,11772738,27.353333333333335,27.255000000000003,27.451666666666668,0.007189861077260495,20.02686863182256,1,25.4676,29.80926891414218,21.12593108585782
2022-09-02 00:00:00+05:30,30.46,31.15,29.72,30.85,6666871,29.406666666666666,29.08,29.733333333333334,0.022217184311947493,21.343593886549662,1,25.837999999999997,30.369094349053896,21.3069056509461
2022-09-05 00:00:00+05:30,30.8,31.94,30.75,31.54,3387960,30.573333333333334,30.435,30.71166666666667,0.00904928041866564,22.284050131087675,1,26.2636,30.85782552341826,21.66937447658174
2022-09-06 00:00:00+05:30,32.04,32.28,30.36,30.85,3014644,31.409999999999997,31.345,31.474999999999994,0.004138809296402275,22.284050131087675,1,26.64,31.132557400860613,22.14744259913939
2022-09-07 00:00:00+05:30,30.85,33.12,30.46,32.82,6357768,31.163333333333338,31.32,31.006666666666675,0.010054551288907651,22.284050131087675,1,27.077599999999997,31.757628307609583,22.39757169239041
2022-09-08 00:00:00+05:30,33.27,34.25,32.68,33.81,7652512,32.13333333333333,31.79,32.47666666666667,0.021369294605809153,23.79839129677799,1,27.503600000000002,32.599988933355334,22.407211066644674
2022-09-09 00:00:00+05:30,34.01,34.25,32.92,33.42,5712467,33.580000000000005,33.465,33.69500000000001,0.006849315068493268,23.932655644906866,1,27.8764,33.276802592402376,22.47599740759762
2022-09-12 00:00:00+05:30,33.56,36.18,33.51,35.73,10265326,33.53,33.585,33.475,0.003280644199224558,24.80594941911059,1,28.298000000000002,34.394501291726755,22.20149870827325
2022-09-13 00:00:00+05:30,36.18,38.2,35.73,37.95,11531203,35.13999999999999,34.845,35.43499999999999,0.01678998292544079,26.63591144234617,1,28.808399999999995,35.84299492508456,21.77380507491543
2022-09-14 00:00:00+05:30,36.72,37.95,36.08,36.77,5882932,37.29333333333334,36.965,37.62166666666667,0.017608151590990335,26.63591144234617,1,29.254,36.81818296976119,21.689817030238814
2022-09-15 00:00:00+05:30,37.46,39.18,37.21,38.94,4514711,36.93333333333334,37.015,36.851666666666674,0.00442238267147997,27.498255985266226,1,29.7944,38.08415479492757,21.50464520507243
2022-09-16 00:00:00+05:30,38.94,39.28,35.58,35.78,3838257,38.443333333333335,38.195,38.69166666666667,0.012919448538975193,27.498255985266226,1,30.147199999999998,38.671819442533746,21.62258055746625
2022-09-19 00:00:00+05:30,37.31,38.84,34.5,35.29,5806144,36.88,37.43,36.330000000000005,0.029826464208242795,27.498255985266226,1,30.446800000000003,39.145095410022826,21.74850458997718
2022-09-20 00:00:00+05:30,34.99,36.57,34.75,34.89,2620240,36.21,36.67,35.75,0.0254073460370064,27.498255985266226,1,30.738400000000002,39.52374357666357,21.953056423336434
2022-09-21 00:00:00+05:30,34.89,35.68,33.32,34.35,3389007,35.40333333333333,35.66,35.14666666666666,0.01449957631108188,27.498255985266226,1,31.0696,39.74965987076262,22.389540129237382
2022-09-22 00:00:00+05:30,34.99,35.68,34.01,35.34,1701083,34.449999999999996,34.5,34.39999999999999,0.002902757619739,27.498255985266226,1,31.4424,40.02293477121462,22.861865228785376
2022-09-23 00:00:00+05:30,35.24,35.58,34.25,34.94,1165598,35.01,34.845,35.175,0.009425878320479815,27.498255985266226,1,31.806800000000003,40.1741110997514,23.439488900248605
2022-09-26 00:00:00+05:30,34.89,35.09,31.79,34.4,2438604,34.92333333333333,34.915,34.931666666666665,0.00047723584995702166,27.498255985266226,1,32.122,40.25946889395115,23.984531106048845
2022-09-27 00:00:00+05:30,34.99,35.34,33.81,34.6,3648360,33.76,33.44,34.08,0.018957345971564,27.498255985266226,1,32.4808,40.223057903223214,24.73854209677679
2022-09-28 00:00:00+05:30,34.2,36.47,34.11,34.99,4034977,34.583333333333336,34.575,34.59166666666667,0.00048192771084334604,27.498255985266226,1,32.8472,40.15032485447305,25.544075145526953
2022-09-29 00:00:00+05:30,35.29,36.23,34.75,35.58,1871515,35.19,35.29,35.089999999999996,0.0056834327934072995,27.498255985266226,1,33.2316,40.04130996151977,26.421890038480225
2022-09-30 00:00:00+05:30,35.98,37.16,35.44,36.37,2234377,35.519999999999996,35.489999999999995,35.55,0.0016891891891892535,27.498255985266226,1,33.6296,39.945516351569374,27.313683648430636
2022-10-03 00:00:00+05:30,36.13,36.96,35.39,35.98,1180352,36.32333333333333,36.3,36.346666666666664,0.0012847572726438522,27.498255985266226,1,34.0004,39.706869255154274,28.293930744845724
2022-10-04 00:00:00+05:30,36.47,37.56,35.14,35.63,1722355,36.10999999999999,36.175,36.04499999999999,0.0036001107726394265,27.498255985266226,1,34.337199999999996,39.35291775920662,29.321482240793376
2022-10-06 00:00:00+05:30,35.49,37.31,35.49,37.01,2090983,36.11000000000001,36.35,35.87000000000001,0.013292716698975067,27.498255985266226,1,34.7156,39.00012127547762,30.431078724522386
2022-10-07 00:00:00+05:30,36.96,37.65,36.42,37.46,2340244,36.60333333333333,36.400000000000006,36.80666666666666,0.011110099262361863,27.498255985266226,1,35.0116,38.97944548086491,31.043754519135096
2022-10-10 00:00:00+05:30,37.16,38.89,36.96,38.44,4171152,37.17666666666667,37.035,37.31833333333334,0.007621267820317734,27.498255985266226,1,35.3152,39.121078064260566,31.50932193573943
2022-10-11 00:00:00+05:30,38.94,39.43,37.26,37.75,8443216,38.096666666666664,37.925,38.26833333333333,0.009012162043923364,27.498255985266226,1,35.563599999999994,39.156102771052446,31.971097228947542
2022-10-12 00:00:00+05:30,37.95,38.79,36.47,38.25,3289007,38.14666666666667,38.345,37.94833333333334,0.010398462076196989,27.498255985266226,1,35.8596,39.04635498901614,32.67284501098386
2022-10-13 00:00:00+05:30,38.44,38.44,36.47,37.06,1905703,37.836666666666666,37.629999999999995,38.04333333333334,0.01092414765218944,27.498255985266226,1,36.0292,38.994438175934455,33.06396182406555
2022-10-14 00:00:00+05:30,37.46,37.85,36.82,37.06,1966763,37.32333333333333,37.455,37.19166666666666,0.00705546128427263,27.498255985266226,1,36.1592,39.00649159729364,33.31190840270636
2022-10-17 00:00:00+05:30,36.72,38.64,36.47,37.21,2758980,37.24333333333333,37.335,37.151666666666664,0.004922581222590275,27.498255985266226,1,36.3108,38.954905413938484,33.66669458606152
2022-10-18 00:00:00+05:30,37.46,38.0,37.01,37.36,1546586,37.44,37.555,37.324999999999996,0.0061431623931625,27.498255985266226,1,36.376,39.03991591459241,33.71208408540758
2022-10-19 00:00:00+05:30,37.46,38.54,37.11,37.46,3061006,37.45666666666666,37.504999999999995,37.40833333333333,0.0025807599893209227,27.498255985266226,1,36.3564,38.98061877137154,33.73218122862846
2022-10-20 00:00:00+05:30,37.46,38.1,36.96,37.16,1388559,37.70333333333334,37.825,37.58166666666668,0.006453894439041424,27.498255985266226,1,36.372,39.010466221125206,33.73353377887479
2022-10-21 00:00:00+05:30,37.36,37.7,36.47,36.52,1242195,37.406666666666666,37.53,37.28333333333333,0.006594189983960159,27.498255985266226,1,36.2752,38.69850102133822,33.85189897866178
2022-10-24 00:00:00+05:30,36.47,37.7,36.27,37.31,651595,36.89666666666667,37.085,36.708333333333336,0.01020869093865747,27.498255985266226,1,36.336400000000005,38.78374553343389,33.88905446656612
2022-10-25 00:00:00+05:30,37.31,37.8,36.82,37.16,1120725,37.093333333333334,36.985,37.20166666666667,0.005841121495327154,27.498255985266226,1,36.4112,38.84028588568184,33.982114114318165
2022-10-27 00:00:00+05:30,37.16,37.95,36.72,37.11,1106182,37.26,37.31,37.209999999999994,0.0026838432635536377,27.498255985266226,1,36.5,38.861524931060146,34.138475068939854
2022-10-28 00:00:00+05:30,37.06,37.65,36.62,37.16,1471787,37.26,37.335,37.184999999999995,0.004025764895330266,27.498255985266226,1,36.6124,38.81611526291817,34.408684737081835
2022-10-31 00:00:00+05:30,37.36,37.85,36.47,36.72,1437408,37.14333333333333,37.135,37.151666666666664,0.00044871219599746173,27.498255985266226,1,36.6676,38.809324762899855,34.525875237100145
2022-11-01 00:00:00+05:30,36.72,37.16,36.23,36.47,1249089,37.01333333333333,37.16,36.86666666666666,0.007925072046109599,27.498255985266226,1,36.7288,38.753822034452554,34.703777965547445
2022-11-02 00:00:00+05:30,36.57,38.34,36.37,36.67,4517227,36.62,36.69499999999999,36.545,0.004096122337520248,27.498255985266226,1,36.8196,38.60861072104621,35.03058927895379
2022-11-03 00:00:00+05:30,36.67,37.21,36.47,36.82,1724639,37.12666666666667,37.355000000000004,36.89833333333334,0.012300233435087,27.498255985266226,1,36.9084,38.45137043394168,35.36542956605832
2022-11-04 00:00:00+05:30,37.06,37.46,36.67,37.16,3455674,36.833333333333336,36.84,36.82666666666667,0.00036199095022630093,27.498255985266226,1,36.9952,38.326330286642936,35.66406971335706
2022-11-07 00:00:00+05:30,37.85,37.85,34.5,35.88,7522103,37.096666666666664,37.065,37.12833333333333,0.0017072513253661402,27.498255985266226,1,37.007200000000005,38.29167368210412,35.72272631789589
2022-11-09 00:00:00+05:30,36.08,36.96,35.09,35.63,4503020,36.07666666666666,36.175,35.978333333333325,0.005451353598817497,27.498255985266226,1,36.9776,38.35050675576244,35.604693244237566
2022-11-10 00:00:00+05:30,35.73,35.78,34.01,34.5,4058001,35.89333333333334,36.025000000000006,35.76166666666667,0.007336552748885644,27.498255985266226,1,36.9184,38.55967443165918,35.277125568340814
2022-11-11 00:00:00+05:30,34.75,35.09,31.2,31.69,4984345,34.76333333333333,34.894999999999996,34.63166666666666,0.007575031163102947,27.498255985266226,1,36.760799999999996,39.34974214690447,34.171857853095524
2022-11-14 00:00:00+05:30,31.64,31.64,30.21,30.85,3863218,32.660000000000004,33.145,32.175000000000004,0.02969993876301282,27.498255985266226,1,36.5144,39.984247627781166,33.04455237221884
2022-11-15 00:00:00+05:30,31.15,31.49,29.67,29.97,2117773,30.900000000000002,30.925,30.875000000000004,0.0016181229773461862,27.498255985266226,1,36.2148,40.503203413861485,31.926396586138505
2022-11-16 00:00:00+05:30,29.97,30.56,28.59,29.37,4532144,30.376666666666665,30.58,30.173333333333332,0.013387468451662448,27.498255985266226,1,35.852000000000004,40.80859883387987,30.895401166120138
2022-11-17 00:00:00+05:30,29.28,29.77,28.83,29.13,2228047,29.506666666666664,29.575,29.43833333333333,0.00463172164482615,27.498255985266226,1,35.507200000000005,41.052070119310244,29.96232988068976
2022-11-18 00:00:00+05:30,30.46,30.46,28.34,28.44,1919524,29.24333333333333,29.299999999999997,29.18666666666666,0.003875527185683467,27.498255985266226,1,35.1148,41.19075686620799,29.038843133792014
2022-11-21 00:00:00+05:30,28.34,29.57,27.6,29.18,1819992,29.08,29.4,28.759999999999998,0.022008253094910613,27.498255985266226,1,34.7996,41.24552393377554,28.35367606622446
2022-11-22 00:00:00+05:30,29.67,30.26,29.37,29.97,2407670,28.78333333333333,28.585,28.981666666666662,0.013781123335263273,27.498255985266226,1,34.516000000000005,41.159998795907526,27.872001204092484
2022-11-23 00:00:00+05:30,29.97,29.97,28.39,28.98,1835777,29.866666666666664,29.815,29.918333333333326,0.003459821428571137,27.498255985266226,1,34.1868,41.07531036436913,27.298289635630866
2022-11-24 00:00:00+05:30,29.08,29.82,28.64,29.08,1395941,29.113333333333333,29.18,29.046666666666667,0.00457980306846804,27.498255985266226,1,33.8556,40.89651148644984,26.814688513550166
2022-11-25 00:00:00+05:30,29.23,29.77,28.88,29.47,1321993,29.179999999999996,29.23,29.129999999999992,0.0034270047978070097,27.498255985266226,1,33.536,40.61869327304392,26.453306726956082
2022-11-28 00:00:00+05:30,29.87,30.06,29.37,29.47,926928,29.373333333333335,29.325,29.42166666666667,0.003290966863368286,27.498255985266226,1,33.2284,40.32275760023569,26.13404239976431
2022-11-29 00:00:00+05:30,29.18,30.56,28.88,30.26,2453289,29.633333333333336,29.715,29.551666666666673,0.0055118110236218295,27.498255985266226,1,32.978,40.03175020822414,25.92424979177586
2022-11-30 00:00:00+05:30,31.15,32.53,30.61,31.44,5631183,29.900000000000002,29.72,30.080000000000005,0.012040133779264432,27.498255985266226,1,32.743199999999995,39.59234177397594,25.89405822602405
2022-12-01 00:00:00+05:30,31.44,31.64,29.72,30.21,2435812,31.526666666666667,31.57,31.483333333333334,0.0027489955593148446,27.498255985266226,1,32.4652,39.136559969303306,25.7938400306967
2022-12-02 00:00:00+05:30,30.56,32.04,30.56,31.35,3871922,30.52333333333333,30.68,30.36666666666666,0.010265370754614166,27.498255985266226,1,32.2348,38.641189610382966,25.828410389617037
2022-12-05 00:00:00+05:30,29.82,31.3,29.82,30.75,2000634,31.316666666666663,31.299999999999997,31.33333333333333,0.0010643959552953095,27.498255985266226,1,31.9784,38.08170973816855,25.875090261831453
2022-12-06 00:00:00+05:30,30.75,31.0,29.97,30.46,2913136,30.623333333333335,30.560000000000002,30.686666666666667,0.0041362795254162995,27.498255985266226,1,31.727999999999998,37.539302091616236,25.91669790838376
2022-12-07 00:00:00+05:30,30.46,30.71,29.77,30.02,1084565,30.47666666666667,30.485,30.46833333333334,0.0005468664552113731,27.498255985266226,1,31.470000000000006,36.9812510376523,25.958748962347713
2022-12-08 00:00:00+05:30,31.0,31.3,29.87,30.06,6209098,30.166666666666668,30.240000000000002,30.093333333333334,0.004861878453038727,27.498255985266226,1,31.2056,36.31304109706844,26.09815890293156
2022-12-09 00:00:00+05:30,30.26,30.36,29.28,29.57,1011981,30.41,30.585,30.235,0.011509371917132569,27.498255985266226,1,30.915600000000005,35.51278898458873,26.318411015411275
2022-12-12 00:00:00+05:30,29.57,29.57,28.78,29.03,2287739,29.736666666666668,29.82,29.653333333333336,0.0056047528304000995,27.498255985266226,1,30.5904,34.4686985135268,26.71210148647319
2022-12-13 00:00:00+05:30,28.39,29.18,28.39,28.59,1533763,29.126666666666665,29.175,29.07833333333333,0.0033188372625316247,27.498255985266226,1,30.2988,33.59494232702784,27.002657672972163
2022-12-14 00:00:00+05:30,28.64,29.08,28.34,28.44,1763835,28.72,28.785,28.654999999999998,0.004526462395543265,27.498255985266226,1,30.0112,32.568356670997055,27.454043329002943
2022-12-15 00:00:00+05:30,28.49,28.98,27.95,28.19,1411982,28.62,28.71,28.53,0.006289308176100619,27.498255985266226,1,29.7588,31.65379821636459,27.863801783635413
2022-12-16 00:00:00+05:30,28.19,28.44,27.35,27.7,1840407,28.373333333333335,28.465,28.28166666666667,0.006461466165413416,27.498255985266226,1,29.5992,31.48880033870263,27.709599661297368
2022-12-19 00:00:00+05:30,27.65,27.8,26.91,27.06,1872363,27.830000000000002,27.895000000000003,27.765,0.004671218109953379,37.313119474801226,-1,29.4476,31.51156341053451,27.383636589465493
2022-12-20 00:00:00+05:30,27.06,29.52,26.96,29.03,6563557,27.256666666666664,27.355,27.158333333333328,0.007215360156536843,37.313119474801226,-1,29.41,31.4687685639783,27.3512314360217
2022-12-21 00:00:00+05:30,29.13,29.13,27.5,27.99,1184463,28.503333333333334,28.240000000000002,28.766666666666666,0.018477371067711277,37.313119474801226,-1,29.3548,31.48756999229296,27.22203000770704
2022-12-22 00:00:00+05:30,27.8,28.19,26.81,27.01,2572677,28.206666666666663,28.314999999999998,28.09833333333333,0.007681399196407537,37.313119474801226,-1,29.27,31.59197157605889,26.94802842394111
2022-12-23 00:00:00+05:30,26.91,26.91,25.28,25.92,1804888,27.33666666666667,27.5,27.17333333333334,0.011949762224118797,36.46303552479142,-1,29.1692,31.821799751192305,26.516600248807695
2022-12-26 00:00:00+05:30,25.63,26.91,25.43,25.92,2890338,26.036666666666665,26.095,25.97833333333333,0.004480860325182454,36.46303552479142,-1,29.038800000000002,31.981149102337383,26.09645089766262
2022-12-27 00:00:00+05:30,26.12,27.11,25.83,27.06,1545503,26.08666666666667,26.17,26.003333333333337,0.006388959877331879,36.46303552479142,-1,28.922399999999996,31.937526027221033,25.90727397277896
2022-12-28 00:00:00+05:30,27.06,27.16,26.37,26.57,1405517,26.666666666666668,26.47,26.863333333333337,0.014750000000000173,36.46303552479142,-1,28.826000000000004,31.978568476659284,25.673431523340724
2022-12-29 00:00:00+05:30,26.52,27.11,26.12,27.01,761868,26.7,26.765,26.634999999999998,0.004868913857677999,36.46303552479142,-1,28.7432,31.972534148090887,25.513865851909117
2022-12-30 00:00:00+05:30,27.3,27.3,26.52,26.76,4604618,26.74666666666667,26.615000000000002,26.878333333333337,0.00984546360917256,36.46303552479142,-1,28.6348,31.940306291028044,25.329293708971953
2023-01-02 00:00:00+05:30,26.86,27.01,26.52,26.91,910822,26.86,26.91,26.81,0.0037230081906180724,36.32099194706478,-1,28.5324,31.88632441179375,25.178475588206247
2023-01-03 00:00:00+05:30,26.66,27.11,26.66,26.76,1178266,26.813333333333333,26.765,26.861666666666665,0.0036051715564394834,36.18475226918219,-1,28.3924,31.73836726822397,25.046432731776026
2023-01-04 00:00:00+05:30,26.91,26.91,26.07,26.22,824080,26.843333333333334,26.884999999999998,26.80166666666667,0.0031044331305101923,35.6529621784149,-1,28.183600000000002,31.391424833127022,24.97577516687298
2023-01-05 00:00:00+05:30,26.22,26.81,25.92,26.52,610228,26.400000000000002,26.490000000000002,26.310000000000002,0.006818181818181807,35.41064369127831,-1,28.035999999999998,31.196506288559874,24.87549371144012
2023-01-06 00:00:00+05:30,26.52,26.61,25.43,25.63,1684957,26.416666666666668,26.365000000000002,26.468333333333334,0.003911671924290159,35.034217943627176,-1,27.807199999999998,30.79858774484799,24.815812255152007
2023-01-09 00:00:00+05:30,25.83,26.02,25.43,25.63,2979872,25.89,26.02,25.76,0.010042487446890614,34.543849225882084,-1,27.6024,30.45782447983254,24.74697552016746
2023-01-10 00:00:00+05:30,25.63,25.92,25.23,25.58,917351,25.69333333333333,25.725,25.66166666666666,0.002464971458225468,34.234295256846806,-1,27.407200000000003,30.11808779554358,24.696312204456426
2023-01-11 00:00:00+05:30,25.58,25.88,25.43,25.73,838599,25.576666666666668,25.575000000000003,25.578333333333333,0.00013032712107377694,34.09392344657293,-1,27.235599999999998,29.80249122481403,24.668708775185966
2023-01-12 00:00:00+05:30,25.88,26.22,25.48,25.58,689240,25.680000000000003,25.655,25.705000000000005,0.0019470404984425333,34.09392344657293,-1,27.0564,29.42761997293112,24.68518002706888
2023-01-13 00:00:00+05:30,25.58,26.76,25.38,26.61,1911644,25.76,25.85,25.67,0.006987577639751542,34.09392344657293,-1,26.938,29.079864608239177,24.79613539176082
2023-01-16 00:00:00+05:30,27.11,27.16,26.02,26.52,1101284,26.25,26.07,26.43,0.013714285714285693,34.09392344657293,-1,26.8376,28.80609814834245,24.869101851657547
2023-01-17 00:00:00+05:30,26.52,26.52,25.19,25.43,1097068,26.566666666666666,26.59,26.543333333333333,0.0017565872020075355,34.09392344657293,-1,26.711199999999998,28.618225495379587,24.80417450462041
2023-01-18 00:00:00+05:30,25.43,26.96,25.38,26.86,1426213,25.713333333333335,25.855,25.57166666666667,0.011018926626912033,34.09392344657293,-1,26.648000000000003,28.42172827683043,24.874271723169578
2023-01-19 00:00:00+05:30,26.61,27.01,26.37,26.71,685928,26.400000000000002,26.17,26.630000000000003,0.017424242424242457,34.09392344657293,-1,26.588799999999996,28.247795551539504,24.929804448460487
2023-01-20 00:00:00+05:30,26.42,26.86,26.32,26.57,690319,26.69666666666667,26.69,26.703333333333337,0.0004994381321014639,34.09392344657293,-1,26.5436,28.139403296157745,24.947796703842258
2023-01-23 00:00:00+05:30,26.61,26.76,26.12,26.32,282402,26.583333333333332,26.59,26.576666666666664,0.0005015673981192007,34.09392344657293,-1,26.513999999999996,28.097797966922528,24.930202033077464
2023-01-24 00:00:00+05:30,26.12,26.47,25.78,26.07,1248797,26.400000000000002,26.44,26.360000000000003,0.0030303030303029652,34.00144720961969,-1,26.395599999999998,27.60846543360261,25.182734566397386
2023-01-25 00:00:00+05:30,26.07,26.32,24.64,24.94,1099584,26.106666666666666,26.125,26.08833333333333,0.0014044943820225554,33.51178932123491,-1,26.273600000000002,27.43281187020672,25.114388129793284
2023-01-27 00:00:00+05:30,25.09,25.33,23.12,23.66,4053262,25.3,25.48,25.12,0.014229249011857684,32.554317748385515,-1,26.1396,27.648946666617142,24.63025333338286
2023-01-30 00:00:00+05:30,23.76,24.4,23.46,23.76,2709352,24.036666666666665,24.225,23.84833333333333,0.015670503397587254,32.189345038450085,-1,26.0532,27.827052034423488,24.279347965576513
2023-01-31 00:00:00+05:30,23.76,23.95,23.36,23.56,1176156,23.873333333333335,23.93,23.81666666666667,0.0047472772968443055,31.749171236912083,-1,25.958799999999997,27.98429604789257,23.933303952107423
2023-02-01 00:00:00+05:30,23.9,25.58,21.88,22.67,4456800,23.623333333333335,23.655,23.59166666666667,0.002680965147453051,31.749171236912083,-1,25.7832,28.13178745632957,23.434612543670433
2023-02-02 00:00:00+05:30,22.38,23.85,22.23,23.07,1069876,23.376666666666665,23.729999999999997,23.023333333333333,0.030229573648937552,31.749171236912083,-1,25.643199999999997,28.19589407489983,23.090505925100164
2023-02-03 00:00:00+05:30,23.26,23.46,22.18,22.87,1374308,23.05,23.04,23.060000000000002,0.000867678958785385,31.72983828346065,-1,25.4776,28.18650253793466,22.768697462065337
2023-02-06 00:00:00+05:30,22.57,22.92,22.03,22.52,1547443,22.83666666666667,22.82,22.85333333333334,0.0014596409283318583,31.277644752122225,-1,25.308000000000003,28.19928898590733,22.416711014092677
2023-02-07 00:00:00+05:30,22.67,23.12,22.47,22.87,960450,22.49,22.475,22.504999999999995,0.0013339261894172536,31.277644752122225,-1,25.1464,28.11211815249345,22.18068184750655
2023-02-08 00:00:00+05:30,22.97,23.95,22.87,23.21,1409697,22.820000000000004,22.795,22.845000000000006,0.0021910604732692488,31.277644752122225,-1,25.0044,27.98738148838193,22.02141851161807
2023-02-09 00:00:00+05:30,22.97,23.61,22.97,23.31,1042895,23.343333333333334,23.41,23.276666666666667,0.0057118377838069195,31.277644752122225,-1,24.888,27.899131348850364,21.87686865114964
2023-02-10 00:00:00+05:30,23.26,23.66,22.72,22.97,1649203,23.296666666666667,23.29,23.303333333333335,0.000572327943911951,31.277644752122225,-1,24.746,27.770682462677616,21.72131753732238
2023-02-13 00:00:00+05:30,22.82,23.46,22.52,22.67,1489025,23.116666666666664,23.189999999999998,23.04333333333333,0.006344628695025305,31.270584157872385,-1,24.6276,27.735197296953007,21.520002703046995
2023-02-14 00:00:00+05:30,22.67,23.26,22.18,22.82,1139745,22.883333333333336,22.990000000000002,22.77666666666667,0.00932265112891469,30.971760791557486,-1,24.5152,27.672515923380136,21.357884076619865
2023-02-15 00:00:00+05:30,22.87,23.07,22.43,22.82,846049,22.75333333333333,22.72,22.78666666666666,0.0029299736302371617,30.85089035989519,-1,24.4048,27.598273945412718,21.211326054587285
2023-02-16 00:00:00+05:30,22.92,23.16,22.62,23.02,480087,22.77333333333333,22.75,22.79666666666666,0.002049180327868549,30.81805474549938,-1,24.2964,27.48655926875602,21.106240731243975
2023-02-17 00:00:00+05:30,22.67,23.85,22.67,23.71,1871617,22.933333333333334,22.89,22.976666666666667,0.0037790697674418314,30.81805474549938,-1,24.221600000000002,27.37534915933878,21.067850840661226
2023-02-20 00:00:00+05:30,23.85,23.95,23.16,23.76,650397,23.41,23.26,23.56,0.012815036309269421,30.81805474549938,-1,24.1076,27.110187044538453,21.10501295546155
2023-02-21 00:00:00+05:30,23.9,24.25,23.31,23.51,904163,23.623333333333335,23.555,23.69166666666667,0.005785240581346279,30.81805474549938,-1,23.9872,26.83035610546278,21.144043894537223
2023-02-22 00:00:00+05:30,23.41,24.4,23.16,24.1,2588462,23.69,23.78,23.6,0.007598142676234686,30.81805474549938,-1,23.934,26.716298330522864,21.151701669477138
2023-02-23 00:00:00+05:30,23.95,25.73,23.61,25.28,2040101,23.886666666666667,23.78,23.993333333333332,0.008931063354730581,30.81805474549938,-1,23.8708,26.448637357171776,21.292962642828222
2023-02-24 00:00:00+05:30,25.48,26.81,24.99,26.61,2202848,24.873333333333335,24.67,25.076666666666668,0.01634950415438219,30.81805474549938,-1,23.8668,26.427254459667346,21.306345540332657
2023-02-27 00:00:00+05:30,26.37,26.61,25.58,26.52,1437611,26.136666666666667,25.9,26.373333333333335,0.01810993495727597,30.81805474549938,-1,23.8648,26.416869716922008,21.31273028307799
2023-02-28 00:00:00+05:30,26.61,26.66,24.79,25.04,1175121,26.236666666666665,26.095,26.37833333333333,0.010799136069114399,30.81805474549938,-1,23.813599999999997,26.213405858820757,21.41379414117924
2023-03-01 00:00:00+05:30,24.99,26.57,24.89,26.22,1409993,25.49666666666667,25.725,25.268333333333338,0.017910838018041445,30.81805474549938,-1,23.8196,26.242579851346363,21.39662014865364
2023-03-02 00:00:00+05:30,26.12,27.16,25.92,26.61,1114054,25.893333333333334,25.73,26.05666666666667,0.012615859938208084,30.81805474549938,-1,23.8864,26.512794517209926,21.26000548279007
2023-03-03 00:00:00+05:30,26.57,27.35,26.07,26.71,1543515,26.563333333333333,26.54,26.586666666666666,0.00175680762956457,30.81805474549938,-1,24.0084,26.85547670427585,21.161323295724152
2023-03-06 00:00:00+05:30,26.86,27.06,26.12,26.66,1765166,26.709999999999997,26.71,26.709999999999994,2.6602124139277436e-16,30.81805474549938,-1,24.1244,27.152122999224027,21.096677000775976
2023-03-08 00:00:00+05:30,26.42,27.21,26.37,26.91,1309422,26.613333333333333,26.59,26.636666666666667,0.0017535070140280633,30.81805474549938,-1,24.2584,27.465555400043783,21.05124459995622
2023-03-09 00:00:00+05:30,26.91,29.28,26.66,28.93,3281736,26.83,26.79,26.869999999999997,0.0029817368617218896,30.81805474549938,-1,24.5088,28.131392751059625,20.886207248940377
2023-03-10 00:00:00+05:30,28.83,29.08,27.99,28.09,2016082,28.290000000000003,27.97,28.610000000000007,0.022622834924001682,30.81805474549938,-1,24.709600000000002,28.541397405921867,20.877802594078137
2023-03-13 00:00:00+05:30,28.29,28.29,26.37,26.52,2547494,28.386666666666667,28.534999999999997,28.238333333333337,0.010450915922968287,30.81805474549938,-1,24.855600000000003,28.67402304623642,21.037176953763584
2023-03-14 00:00:00+05:30,26.61,26.71,25.23,26.12,1427036,27.06,27.33,26.79,0.019955654101995533,30.81805474549938,-1,24.9996,28.725240798578046,21.273959201421956
2023-03-15 00:00:00+05:30,26.32,26.61,25.38,25.48,1186833,26.02,25.97,26.07,0.003843197540353629,30.81805474549938,-1,25.104,28.730030336336025,21.477969663663973
2023-03-16 00:00:00+05:30,25.63,25.63,24.4,24.54,2343852,25.823333333333334,25.994999999999997,25.65166666666667,0.013295469213888987,30.81805474549938,-1,25.157200000000003,28.708778893960982,21.605621106039024
2023-03-17 00:00:00+05:30,24.54,25.33,24.45,25.23,2752402,24.856666666666666,25.015,24.69833333333333,0.012739707657234946,30.81805474549938,-1,25.233999999999995,28.704594185442744,21.763405814557245
2023-03-20 00:00:00+05:30,24.4,25.14,24.25,24.5,867508,25.003333333333334,24.89,25.116666666666667,0.00906545793894147,30.81805474549938,-1,25.2952,28.65617185945211,21.93422814054789
2023-03-21 00:00:00+05:30,24.64,24.79,24.3,24.54,969860,24.63,24.695,24.564999999999998,0.005278116118554712,30.81805474549938,-1,25.37,28.573488098936675,22.166511901063327
2023-03-22 00:00:00+05:30,24.64,25.09,24.64,24.74,652942,24.543333333333333,24.545,24.541666666666664,0.00013581420616613093,30.81805474549938,-1,25.446800000000003,28.490128283315627,22.40347171668438
2023-03-23 00:00:00+05:30,24.64,25.04,24.5,24.59,990300,24.823333333333334,24.865000000000002,24.781666666666666,0.003357056532832108,30.81805474549938,-1,25.517599999999998,28.390793512457652,22.644406487542344
2023-03-24 00:00:00+05:30,24.15,24.59,23.46,23.66,813830,24.709999999999997,24.77,24.649999999999995,0.00485633346823167,30.81805474549938,-1,25.543200000000002,28.337237766392708,22.749162233607297
2023-03-27 00:00:00+05:30,23.66,24.05,22.97,23.07,1921602,23.903333333333332,24.025,23.781666666666666,0.010179891228559432,30.81805474549938,-1,25.517599999999998,28.38901097024246,22.646189029757537
2023-03-28 00:00:00+05:30,23.16,23.85,22.47,23.26,2617176,23.363333333333333,23.509999999999998,23.21666666666667,0.012555286060778832,30.81805474549938,-1,25.4976,28.424136683526925,22.571063316473072
2023-03-29 00:00:00+05:30,23.36,23.81,22.77,23.21,3751138,23.19333333333333,23.16,23.226666666666663,0.0028743891922964736,30.81805474549938,-1,25.485599999999998,28.446892042340433,22.524307957659563
2023-03-31 00:00:00+05:30,23.56,23.81,22.47,23.02,1248862,23.263333333333332,23.29,23.236666666666665,0.002292592061900039,30.81805474549938,-1,25.4424,28.512786451251507,22.37201354874849
2023-04-03 00:00:00+05:30,23.07,23.41,22.82,22.97,1286982,23.099999999999998,23.14,23.059999999999995,0.0034632034632036974,30.81805474549938,-1,25.35,28.569773905110253,22.13022609488975
2023-04-05 00:00:00+05:30,23.41,24.74,23.31,24.59,2269328,23.066666666666666,23.115000000000002,23.01833333333333,0.004190751445086898,30.81805474549938,-1,25.2692,28.45969047013606,22.078709529863943
2023-04-06 00:00:00+05:30,24.74,25.23,24.64,24.94,1123732,24.213333333333335,24.025,24.40166666666667,0.015556167400881287,30.81805474549938,-1,25.206,28.357233409322305,22.054766590677694
2023-04-10 00:00:00+05:30,24.94,25.33,24.3,24.4,493283,24.936666666666667,24.935000000000002,24.938333333333333,0.00013367196898798162,30.81805474549938,-1,25.1804,28.346972809841752,22.013827190158246
2023-04-11 00:00:00+05:30,24.74,24.99,23.9,24.25,891409,24.676666666666666,24.814999999999998,24.538333333333334,0.011211670944211688,30.81805474549938,-1,25.101599999999998,28.258802204488838,21.944397795511158
2023-04-12 00:00:00+05:30,24.5,24.74,23.51,23.66,1803590,24.38,24.445,24.314999999999998,0.0053322395406071605,30.81805474549938,-1,24.983600000000003,28.126958102416793,21.840241897583212
2023-04-13 00:00:00+05:30,24.0,24.2,23.56,23.9,539560,23.97,24.125,23.814999999999998,0.012932832707551202,30.81805474549938,-1,24.871199999999998,27.96007718111766,21.782322818882335
2023-04-17 00:00:00+05:30,24.05,24.25,23.66,23.76,357883,23.886666666666667,23.88,23.893333333333334,0.0005581914596707542,30.81805474549938,-1,24.7552,27.783884836695545,21.72651516330445
2023-04-18 00:00:00+05:30,23.9,24.15,23.81,24.0,653729,23.89,23.955,23.825000000000003,0.005441607367099015,30.81805474549938,-1,24.6388,27.54862512189816,21.72897487810184
2023-04-19 00:00:00+05:30,24.15,24.5,23.76,24.2,787461,23.986666666666665,23.979999999999997,23.993333333333332,0.000555864369094028,30.81805474549938,-1,24.4496,26.77519656003139,22.12400343996861
2023-04-20 00:00:00+05:30,24.4,24.54,23.85,24.4,689122,24.153333333333336,24.130000000000003,24.17666666666667,0.0019321004692244073,30.81805474549938,-1,24.302000000000003,26.091203174608737,22.51279682539127
2023-04-21 00:00:00+05:30,24.4,24.74,23.81,24.54,586603,24.263333333333332,24.195,24.331666666666663,0.0056326418464073295,30.81805474549938,-1,24.222799999999996,25.771378909849297,22.674221090150695
2023-04-24 00:00:00+05:30,24.54,26.42,23.85,26.12,3365142,24.363333333333333,24.275,24.451666666666668,0.007251333971815683,30.81805474549938,-1,24.222800000000003,25.771378909849304,22.674221090150702
2023-04-25 00:00:00+05:30,26.52,26.61,25.73,25.97,1206875,25.463333333333335,25.135,25.791666666666668,0.025788715800497432,30.81805474549938,-1,24.242400000000004,25.864776331197557,22.62002366880245
2023-04-26 00:00:00+05:30,26.07,26.27,25.63,25.78,492910,26.103333333333335,26.17,26.03666666666667,0.005107904482186164,30.81805474549938,-1,24.291999999999998,26.02011110754777,22.563888892452226
2023-04-27 00:00:00+05:30,25.78,26.17,25.38,25.63,531079,25.893333333333334,25.95,25.83666666666667,0.004376930998969995,30.81805474549938,-1,24.308000000000003,26.077465456014888,22.53853454398512
2023-04-28 00:00:00+05:30,25.68,27.01,25.38,26.22,2295940,25.726666666666663,25.775,25.678333333333327,0.0037574501166106945,30.81805474549938,-1,24.376800000000003,26.2980222776217,22.455577722378305
2023-05-02 00:00:00+05:30,26.42,26.66,26.07,26.32,819275,26.203333333333333,26.195,26.211666666666666,0.0006360513929525144,30.81805474549938,-1,24.447999999999997,26.514572040851665,22.38142795914833
2023-05-03 00:00:00+05:30,26.57,27.16,25.88,26.61,1762155,26.350000000000005,26.365000000000002,26.335000000000008,0.001138519924098445,30.81805474549938,-1,24.522799999999997,26.754968595789695,22.2906314042103
2023-05-04 00:00:00+05:30,26.81,28.19,26.42,27.6,2650130,26.55,26.52,26.580000000000002,0.002259887005649803,30.81805474549938,-1,24.6432,27.1807056729059,22.1056943270941
2023-05-05 00:00:00+05:30,27.45,28.88,27.26,28.59,2495256,27.403333333333336,27.305,27.501666666666672,0.0071767424887485415,30.81805474549938,-1,24.8404,27.776566098848875,21.904233901151123
2023-05-08 00:00:00+05:30,28.83,29.67,28.24,28.44,2251745,28.243333333333336,28.07,28.41666666666667,0.012274283016641251,30.81805474549938,-1,25.0552,28.218768213272668,21.89163178672733
2023-05-09 00:00:00+05:30,28.59,29.08,27.85,28.19,1133325,28.78333333333333,28.955,28.611666666666665,0.0119281991893457,30.81805474549938,-1,25.2524,28.555321276692652,21.94947872330735
2023-05-10 00:00:00+05:30,28.09,28.44,27.65,27.85,547140,28.373333333333335,28.465,28.28166666666667,0.006461466165413416,30.81805474549938,-1,25.438000000000002,28.782200950904244,22.09379904909576
2023-05-11 00:00:00+05:30,27.99,28.54,27.5,27.75,886783,27.98,28.045,27.915,0.004646175839885724,30.81805474549938,-1,25.627200000000002,28.937830248159504,22.3165697518405
2023-05-12 00:00:00+05:30,27.8,28.68,27.75,28.24,633732,27.929999999999996,28.02,27.839999999999993,0.006444683136412705,30.81805474549938,-1,25.838,29.115970103589785,22.560029896410217
2023-05-15 00:00:00+05:30,28.39,28.64,27.9,28.54,610679,28.223333333333333,28.215,28.231666666666666,0.0005905279319711487,30.81805474549938,-1,25.996,29.396611709682283,22.595388290317715
2023-05-16 00:00:00+05:30,28.49,29.47,28.34,28.64,1387634,28.36,28.27,28.45,0.006346967559943573,30.81805474549938,-1,26.144000000000002,29.667725301442797,22.620274698557207
2023-05-17 00:00:00+05:30,28.78,29.72,28.39,28.98,1665418,28.816666666666666,28.905,28.72833333333333,0.006130711393869384,30.81805474549938,-1,26.3272,29.944188891333223,22.71021110866678
2023-05-18 00:00:00+05:30,29.08,29.42,28.59,28.68,743741,29.03,29.055,29.005000000000003,0.0017223561832586,30.81805474549938,-1,26.5044,30.131017509474603,22.877782490525398
2023-05-19 00:00:00+05:30,28.73,28.83,27.9,27.99,924026,28.896666666666665,29.005000000000003,28.788333333333327,0.0074979813127238094,30.81805474549938,-1,26.677599999999998,30.15480936384733,23.200390636152665
2023-05-22 00:00:00+05:30,27.3,28.24,27.3,27.75,998071,28.24,28.365,28.115,0.008852691218130312,30.81805474549938,-1,26.831599999999998,30.140031314086393,23.523168685913603
2023-05-23 00:00:00+05:30,27.9,28.19,27.35,27.6,706896,27.763333333333332,27.77,27.756666666666664,0.00048024972985960204,30.81805474549938,-1,26.9852,30.057049579655107,23.91335042034489
2023-05-24 00:00:00+05:30,27.55,29.28,27.5,29.08,1960943,27.71333333333334,27.770000000000003,27.656666666666673,0.004089487611257988,30.81805474549938,-1,27.1884,30.111990559573464,24.26480944042654
2023-05-25 00:00:00+05:30,29.08,29.33,28.24,28.54,994419,28.62,28.39,28.85,0.01607267645003497,30.81805474549938,-1,27.362,30.06204444408363,24.661955555916368
2023-05-26 00:00:00+05:30,28.59,28.88,27.99,28.83,1300202,28.70333333333333,28.784999999999997,28.621666666666663,0.005690396005109767,30.81805474549938,-1,27.5392,30.010170141468066,25.068229858531936
2023-05-29 00:00:00+05:30,29.28,33.27,28.29,33.07,34304093,28.566666666666663,28.435,28.698333333333327,0.0092182030338388,22.01197089880442,1,27.880399999999998,30.896216864470777,24.86458313552922
2023-05-30 00:00:00+05:30,34.4,36.18,33.17,33.51,38394542,31.543333333333333,30.78,32.306666666666665,0.04839902779245473,25.38689206285224,1,28.176,31.825736428843328,24.52626357115667
2023-05-31 00:00:00+05:30,32.92,34.99,32.92,34.5,12327007,34.28666666666666,34.675,33.898333333333326,0.022652148551429253,25.38689206285224,1,28.5172,32.815473216074764,24.218926783925234
2023-06-01 00:00:00+05:30,34.75,36.08,33.91,34.4,10133193,34.13666666666666,33.955,34.31833333333333,0.010643491846499261,25.38689206285224,1,28.862,33.58831103504894,24.13568896495106
2023-06-02 00:00:00+05:30,33.91,36.72,33.91,36.18,12855031,34.79666666666666,34.995,34.59833333333332,0.011399559344765078,25.38689206285224,1,29.284000000000002,34.62467860856886,23.943321391431148
2023-06-05 00:00:00+05:30,36.37,37.26,33.27,34.01,20847969,35.60333333333333,35.315,35.891666666666666,0.016196985301001818,25.38689206285224,1,29.5956,35.09159732169009,24.099602678309914
2023-06-06 00:00:00+05:30,33.17,35.34,33.02,34.11,7243731,34.846666666666664,35.265,34.42833333333333,0.024009948345131236,25.38689206285224,1,29.907200000000003,35.50734719806759,24.30705280193241
2023-06-07 00:00:00+05:30,34.6,36.77,32.53,35.39,11108357,34.15666666666667,34.18000000000001,34.13333333333334,0.0013662535376207723,25.38689206285224,1,30.2584,36.08408569011614,24.432714309883863
2023-06-08 00:00:00+05:30,36.72,37.21,34.99,36.72,11069502,34.89666666666667,34.650000000000006,35.14333333333333,0.0141369758334127,25.38689206285224,1,30.6232,36.864668340064185,24.381731659935816
2023-06-09 00:00:00+05:30,36.72,37.16,35.68,36.13,3831099,36.306666666666665,36.1,36.51333333333333,0.011384502387072904,25.38689206285224,1,30.9248,37.46564305269766,24.38395694730234
2023-06-12 00:00:00+05:30,36.32,36.67,35.49,35.98,2964407,36.32333333333333,36.42,36.22666666666666,0.005322565843810469,25.38689206285224,1,31.2264,37.973229489473034,24.47957051052697
2023-06-13 00:00:00+05:30,35.73,35.73,33.91,34.65,13319129,36.04666666666666,36.08,36.01333333333332,0.0018494544109490597,25.38689206285224,1,31.4848,38.24148823019256,24.72811176980744
2023-06-14 00:00:00+05:30,34.85,36.96,34.6,36.67,11796375,34.76333333333333,34.81999999999999,34.70666666666666,0.003260139994246709,25.38689206285224,1,31.8376,38.718216902576565,24.956983097423436
2023-06-15 00:00:00+05:30,36.67,38.59,36.08,37.16,13064938,36.07666666666667,35.78,36.373333333333335,0.01644645662016078,25.38689206285224,1,32.214,39.18790106038377,25.240098939616225
2023-06-16 00:00:00+05:30,37.46,39.38,37.21,37.8,9870496,37.276666666666664,37.335,37.21833333333333,0.0031297505141735025,25.908127949959173,1,32.596399999999996,39.70386735201939,25.488932647980604
2023-06-19 00:00:00+05:30,37.95,40.71,37.95,39.82,20684419,38.13,38.295,37.965,0.008654602675058963,26.623802831960802,1,33.047599999999996,40.49192192748413,25.603278072515863
2023-06-20 00:00:00+05:30,40.12,40.66,39.53,40.51,7173343,39.49333333333333,39.33,39.656666666666666,0.008271438217420695,27.58065071868237,1,33.5224,41.28885768417111,25.75594231582888
2023-06-21 00:00:00+05:30,40.61,41.2,38.94,39.23,6079160,40.23333333333333,40.095,40.371666666666655,0.00687655343827647,27.58065071868237,1,33.9324,41.77818823063816,26.086611769361845
2023-06-22 00:00:00+05:30,39.43,39.48,36.96,37.46,5631902,39.79,40.07,39.51,0.01407388791153562,27.58065071868237,1,34.2836,41.94127772630971,26.62592227369029
2023-06-23 00:00:00+05:30,37.46,38.2,36.47,37.46,5478687,37.96666666666667,38.22,37.71333333333334,0.013345039508340489,27.58065071868237,1,34.6624,41.9660216331365,27.358778366863497
2023-06-26 00:00:00+05:30,37.46,37.8,36.57,37.11,4010163,37.376666666666665,37.335,37.41833333333333,0.0022295549808257005,27.58065071868237,1,35.0368,41.826181639002115,28.24741836099788
2023-06-27 00:00:00+05:30,37.31,38.44,37.31,38.15,4055076,37.160000000000004,37.185,37.135000000000005,0.0013455328310009998,27.58065071868237,1,35.458800000000004,41.63011511430252,29.287484885697488
2023-06-28 00:00:00+05:30,38.39,39.33,37.8,38.79,6953984,37.96666666666667,37.875,38.05833333333334,0.004828797190518098,27.58065071868237,1,35.8472,41.56969601485386,30.124703985146144
2023-06-30 00:00:00+05:30,38.94,39.23,37.7,37.9,3392086,38.63999999999999,38.565,38.71499999999999,0.0038819875776395316,27.58065071868237,1,36.221599999999995,41.15285437997452,31.29034562002547
2023-07-03 00:00:00+05:30,38.15,40.32,37.8,39.87,12062890,38.27666666666667,38.465,38.08833333333334,0.009840633980667032,27.58065071868237,1,36.663199999999996,40.77722953805845,32.54917046194154
2023-07-04 00:00:00+05:30,40.32,41.35,39.82,40.02,8113028,39.330000000000005,39.06,39.60000000000001,0.013729977116704963,28.07578178920562,1,36.9412,40.985112244351654,32.89728775564835
2023-07-05 00:00:00+05:30,40.56,41.75,39.92,41.2,7566379,40.39666666666667,40.585,40.208333333333336,0.009324201666804154,28.313750517637395,1,37.2488,41.37106081659287,33.12653918340713
2023-07-06 00:00:00+05:30,42.63,43.72,41.89,42.48,14757224,40.95666666666667,40.835,41.07833333333334,0.005941238707577261,30.079000496931904,1,37.568000000000005,42.012660616966905,33.123339383033105
2023-07-07 00:00:00+05:30,42.48,42.63,40.91,42.14,5152995,42.696666666666665,42.805,42.58833333333333,0.005074556952143069,30.079000496931904,1,37.8776,42.47219606059295,33.28300393940705
2023-07-10 00:00:00+05:30,42.39,49.93,42.29,48.6,38719284,41.89333333333333,41.769999999999996,42.016666666666666,0.005887969446212676,31.73818285797244,1,38.3744,44.543448108097046,32.20535189190296
2023-07-11 00:00:00+05:30,48.25,48.25,46.13,46.63,9075945,46.94,46.11,47.769999999999996,0.035364294844482246,32.70145554365354,1,38.8792,45.579571141960365,32.17882885803963
2023-07-12 00:00:00+05:30,46.82,48.55,46.67,47.71,6710274,47.00333333333333,47.19,46.81666666666666,0.007942699099354689,33.1633973219074,1,39.423199999999994,46.67228760052012,32.17411239947987
2023-07-13 00:00:00+05:30,47.91,48.79,45.2,45.69,6209431,47.64333333333334,47.61,47.67666666666668,0.001399286363954602,33.1633973219074,1,39.8352,47.28847229074682,32.38192770925318
2023-07-14 00:00:00+05:30,45.98,48.5,45.24,48.05,4408840,46.56,46.995000000000005,46.125,0.018685567010309375,33.1633973219074,1,40.288399999999996,48.28679119823566,32.29000880176433
2023-07-17 00:00:00+05:30,49.29,50.08,46.48,47.22,6017606,47.26333333333334,46.870000000000005,47.65666666666668,0.01664433316877091,33.1633973219074,1,40.732,48.984751298810195,32.4792487011898
2023-07-18 00:00:00+05:30,47.17,47.51,45.34,46.18,3815655,47.92666666666667,48.28,47.57333333333334,0.014744748921964044,33.1633973219074,1,41.14,49.42117866007086,32.85882133992914
2023-07-19 00:00:00+05:30,45.74,48.1,45.54,47.46,3719251,46.343333333333334,46.425,46.26166666666667,0.0035244191901027165,33.1633973219074,1,41.6524,49.8486962952795,33.4561037047205
2023-07-20 00:00:00+05:30,47.81,48.01,46.92,47.22,2045912,47.03333333333333,46.82,47.24666666666666,0.009071580439404585,33.1633973219074,1,42.0744,50.28748435120522,33.86131564879477
2023-07-21 00:00:00+05:30,47.12,48.4,45.59,46.67,4491276,47.38333333333333,47.465,47.30166666666666,0.0034470629616603823,33.1633973219074,1,42.454800000000006,50.60285816375974,34.30674183624027
2023-07-24 00:00:00+05:30,47.32,53.18,47.32,52.1,21300515,46.88666666666668,46.995000000000005,46.77833333333335,0.004621072088724321,33.52697732703843,1,43.0268,51.773236476646424,34.28036352335358
2023-07-25 00:00:00+05:30,52.44,52.98,49.93,51.01,10090378,50.86666666666667,50.25,51.483333333333334,0.024246395806028852,34.546898233956895,1,43.4744,52.65320354730456,34.29559645269545
2023-07-26 00:00:00+05:30,51.11,53.13,50.91,52.34,5417920,51.306666666666665,51.455,51.15833333333333,0.005782224532224536,35.16662230459861,1,43.9476,53.66997383358664,34.225226166413364
2023-07-27 00:00:00+05:30,52.74,54.26,51.75,52.1,4383328,52.126666666666665,52.019999999999996,52.233333333333334,0.004092594960992549,36.122957412414664,1,44.462399999999995,54.48923484256171,34.43556515743828
2023-07-28 00:00:00+05:30,52.34,52.88,51.5,51.95,3212845,52.703333333333326,53.004999999999995,52.40166666666666,0.011447726266523413,36.122957412414664,1,45.042,55.057915335105875,35.02608466489413
2023-07-31 00:00:00+05:30,53.48,54.56,50.67,52.15,6380022,52.10999999999999,52.19,52.02999999999999,0.0030704279408944697,36.122957412414664,1,45.6296,55.52017002199612,35.739029978003884
2023-08-01 00:00:00+05:30,52.24,52.49,50.91,51.41,4914009,52.46,52.615,52.305,0.005909264201296269,36.122957412414664,1,46.2016,55.70146051266058,36.70173948733942
2023-08-02 00:00:00+05:30,51.21,51.75,48.6,50.86,4483700,51.60333333333333,51.7,51.50666666666666,0.0037465280020672225,36.122957412414664,1,46.71,55.7826542973932,37.6373457026068
2023-08-03 00:00:00+05:30,50.86,53.48,50.57,52.54,3533553,50.40333333333333,50.175,50.63166666666666,0.00906024733813895,36.122957412414664,1,47.26,56.006716869775005,38.51328313022499
2023-08-04 00:00:00+05:30,53.23,53.48,51.26,52.59,5807503,52.196666666666665,52.025,52.36833333333333,0.006577686953189867,36.122957412414664,1,47.84759999999999,55.95018285733667,39.745017142663315
2023-08-07 00:00:00+05:30,52.64,53.43,50.91,51.9,3513560,52.44333333333333,52.37,52.51666666666666,0.0027966694209622042,36.122957412414664,1,48.3288,55.8899117066213,40.767688293378704
2023-08-08 00:00:00+05:30,54.51,56.29,53.03,55.35,13370129,52.080000000000005,52.17,51.99000000000001,0.00345622119815654,37.02836131513855,1,48.942,56.18824923667445,41.69575076332555
2023-08-09 00:00:00+05:30,55.6,56.29,54.41,55.2,5867512,54.88999999999999,54.66,55.11999999999999,0.008380397157952156,37.897226862533,1,49.501999999999995,56.425118372525816,42.578881627474175
2023-08-10 00:00:00+05:30,54.95,55.2,52.79,53.53,5875737,55.29999999999999,55.349999999999994,55.249999999999986,0.001808318264014621,37.897226862533,1,49.943999999999996,56.41352239350047,43.47447760649952
2023-08-11 00:00:00+05:30,52.74,53.77,50.96,51.6,3630338,53.84,53.995000000000005,53.685,0.005757800891530503,37.897226862533,1,50.32240000000001,55.977164447791246,44.66763555220877
2023-08-14 00:00:00+05:30,51.6,51.75,48.7,49.58,4169659,52.11000000000001,52.365,51.85500000000001,0.009786989061600285,37.897226862533,1,50.361599999999996,55.981540725666385,44.74165927433361
2023-08-16 00:00:00+05:30,48.79,50.72,47.76,48.89,5323326,50.01,50.225,49.794999999999995,0.00859828034393135,37.897226862533,1,50.452000000000005,55.89897787768627,45.00502212231374
2023-08-17 00:00:00+05:30,50.62,50.62,47.32,47.41,3878788,49.123333333333335,49.239999999999995,49.006666666666675,0.004749949107687862,37.897226862533,1,50.44,55.912350865944504,44.96764913405549
2023-08-18 00:00:00+05:30,46.87,47.81,45.84,46.82,6410427,48.449999999999996,48.97,47.92999999999999,0.021465428276573918,37.897226862533,1,50.48519999999999,55.81672472000304,45.153675279996946
2023-08-21 00:00:00+05:30,46.82,49.04,46.63,47.96,4557818,46.82333333333333,46.825,46.82166666666666,7.118957784604213e-05,37.897226862533,1,50.4816,55.81981447302406,45.14338552697594
2023-08-22 00:00:00+05:30,49.04,50.08,49.04,49.73,4733258,47.876666666666665,47.835,47.91833333333333,0.001740583443570186,37.897226862533,1,50.582,55.76316898006651,45.40083101993349
2023-08-23 00:00:00+05:30,50.27,51.06,49.53,50.22,5888175,49.61666666666667,49.56,49.67333333333333,0.0022841787033926046,37.897226862533,1,50.743599999999994,55.60781670569921,45.87938329430078
2023-08-24 00:00:00+05:30,50.47,50.72,49.63,50.17,2421021,50.27,50.295,50.245000000000005,0.000994629003381682,37.897226862533,1,50.852,55.5361349254695,46.167865074530496
2023-08-25 00:00:00+05:30,49.98,50.08,48.55,49.39,1717282,50.173333333333325,50.175,50.17166666666665,6.64363539731168e-05,37.897226862533,1,50.9388,55.426822531138086,46.450777468861915
2023-08-28 00:00:00+05:30,49.98,51.46,48.55,50.91,3440055,49.339999999999996,49.315,49.364999999999995,0.001013376570733627,37.897226862533,1,51.1084,55.24504087878111,46.971759121218895
2023-08-29 00:00:00+05:30,51.5,51.95,50.03,50.47,2287345,50.306666666666665,50.004999999999995,50.608333333333334,0.011993108931884551,37.897226862533,1,51.043200000000006,55.16663049413993,46.91976950586008
2023-08-30 00:00:00+05:30,50.52,53.48,50.52,52.0,3832747,50.81666666666666,50.99,50.643333333333324,0.006821908822565003,37.897226862533,1,51.0828,55.22317493954388,46.94242506045612
2023-08-31 00:00:00+05:30,52.24,52.98,49.78,50.27,3114753,52.0,52.0,52.0,0.0,37.897226862533,1,51.0,55.11923488041202,46.88076511958798
2023-09-01 00:00:00+05:30,50.81,51.7,50.32,50.77,1480893,51.01,51.379999999999995,50.64,0.014506959419721523,37.897226862533,1,50.9468,55.04211916216589,46.85148083783412
2023-09-04 00:00:00+05:30,51.11,51.75,50.57,50.72,1504932,50.93000000000001,51.010000000000005,50.85000000000001,0.0031415668564695968,37.897226862533,1,50.897600000000004,54.97303383702928,46.82216616297073
2023-09-05 00:00:00+05:30,51.01,51.46,48.6,49.43,2231841,51.01333333333333,51.16,50.86666666666666,0.0057501306847883545,37.897226862533,1,50.7888,54.86991090758427,46.707689092415734
2023-09-06 00:00:00+05:30,49.53,50.27,48.5,49.73,2180570,49.830000000000005,50.03,49.63000000000001,0.008027292795504544,37.897226862533,1,50.721599999999995,54.81489082279812,46.62830917720187
2023-09-07 00:00:00+05:30,49.73,50.32,49.24,49.43,1692578,49.5,49.385000000000005,49.614999999999995,0.00464646464646444,37.897226862533,1,50.66439999999999,54.78820825936456,46.54059174063543
2023-09-08 00:00:00+05:30,49.39,50.27,49.29,49.43,1464702,49.663333333333334,49.78,49.54666666666667,0.0046983018994563586,37.897226862533,1,50.54,54.617356006041604,46.462643993958395
2023-09-11 00:00:00+05:30,49.39,52.24,49.29,51.36,4727313,49.663333333333334,49.78,49.54666666666667,0.0046983018994563586,37.897226862533,1,50.4908,54.49708673961358,46.48451326038642
2023-09-12 00:00:00+05:30,51.95,51.95,46.38,47.56,4412074,50.96333333333333,50.765,51.16166666666666,0.007783373667342427,37.897226862533,1,50.3172,54.43865418996788,46.19574581003212
2023-09-13 00:00:00+05:30,47.66,48.99,46.82,48.7,1863152,48.63,49.165000000000006,48.095,0.022002878881349112,37.897226862533,1,50.0512,53.666329629764896,46.43607037023511
2023-09-14 00:00:00+05:30,49.09,49.39,47.61,48.1,1323296,48.169999999999995,47.905,48.43499999999999,0.011002698775170999,37.897226862533,1,49.7672,52.78615091712409,46.748249082875915
2023-09-15 00:00:00+05:30,48.3,49.78,48.3,48.7,1580251,48.36666666666667,48.5,48.233333333333334,0.005513439007580959,37.897226862533,1,49.574000000000005,52.19728038913201,46.950719610868
2023-09-18 00:00:00+05:30,48.55,49.34,47.86,48.45,1462868,48.92666666666667,49.04,48.81333333333334,0.00463278375800503,37.897226862533,1,49.44799999999999,51.97059548877831,46.92540451122168
2023-09-20 00:00:00+05:30,48.2,50.37,48.15,48.99,3851718,48.550000000000004,48.6,48.50000000000001,0.0020597322348093576,37.897226862533,1,49.4244,51.9526473296742,46.8961526703258
2023-09-21 00:00:00+05:30,48.79,49.24,48.3,48.6,1709053,49.169999999999995,49.26,49.07999999999999,0.0036607687614400417,37.897226862533,1,49.4128,51.95337958741794,46.87222041258205
2023-09-22 00:00:00+05:30,48.55,48.79,46.92,47.22,1975211,48.71333333333333,48.769999999999996,48.656666666666666,0.0023265361981660683,37.897226862533,1,49.40520000000001,51.97071356262344,46.83968643737658
2023-09-25 00:00:00+05:30,47.81,47.86,46.38,47.36,1550141,47.64333333333334,47.855000000000004,47.43166666666667,0.008885468411110304,37.897226862533,1,49.4268,51.91274590448077,46.94085409551923
2023-09-26 00:00:00+05:30,47.71,50.77,47.41,48.5,3377555,47.20000000000001,47.120000000000005,47.280000000000015,0.0033898305084748043,37.897226862533,1,49.4484,51.89201489601056,47.00478510398944
2023-09-27 00:00:00+05:30,48.5,49.78,47.76,48.74,1629270,48.89333333333334,49.09,48.69666666666667,0.008044723206981132,37.897226862533,1,49.4088,51.864932374283754,46.952667625716245
2023-09-28 00:00:00+05:30,48.65,49.83,47.51,47.86,1378557,48.76,48.769999999999996,48.75,0.0004101722723543073,37.897226862533,1,49.314400000000006,51.819486537428375,46.80931346257164
2023-09-29 00:00:00+05:30,48.05,48.65,46.82,47.56,1599075,48.4,48.67,48.129999999999995,0.01115702479338856,37.897226862533,1,49.21,51.78044743186959,46.63955256813041
2023-10-03 00:00:00+05:30,47.32,48.2,47.22,47.36,1083664,47.67666666666667,47.735,47.61833333333334,0.0024470390827097815,37.897226862533,1,49.1288,51.79774028408375,46.459859715916245
2023-10-04 00:00:00+05:30,47.22,48.05,46.58,47.76,2145420,47.593333333333334,47.71,47.47666666666667,0.0049026474296120105,37.897226862533,1,49.0028,51.6204112469206,46.385188753079404
2023-10-05 00:00:00+05:30,49.09,49.53,48.1,48.7,2655093,47.46333333333333,47.315,47.611666666666665,0.006250438935318496,37.897226862533,1,48.931999999999995,51.48191764573001,46.38208235426998
2023-10-06 00:00:00+05:30,49.04,52.19,48.94,51.6,8829967,48.776666666666664,48.815,48.73833333333333,0.0015717897902002597,37.897226862533,1,48.916000000000004,51.3926816509203,46.439318349079706
2023-10-09 00:00:00+05:30,51.16,53.18,50.81,51.36,5841724,50.91,50.565,51.254999999999995,0.013553329404832013,37.897226862533,1,48.9596,51.56511710030951,46.354082899690496
2023-10-10 00:00:00+05:30,51.85,52.84,51.26,51.7,2886857,51.78333333333334,51.995000000000005,51.57166666666667,0.008175088509816518,37.897226862533,1,48.9968,51.728162853962324,46.26543714603768
2023-10-11 00:00:00+05:30,52.24,52.74,50.17,50.37,2513075,51.93333333333334,52.05,51.81666666666668,0.004492939666238512,37.897226862533,1,48.9828,51.68208891377066,46.28351108622933
2023-10-12 00:00:00+05:30,50.37,51.46,50.32,50.62,1655002,51.093333333333334,51.455,50.73166666666667,0.014157098121085513,37.897226862533,1,49.0304,51.800592657561054,46.260207342438946
2023-10-13 00:00:00+05:30,50.42,50.86,49.19,49.63,1462925,50.800000000000004,50.89,50.71000000000001,0.0035433070866140275,37.897226862533,1,49.0264,51.79282660484698,46.259973395153025
2023-10-16 00:00:00+05:30,49.98,50.47,49.39,50.12,4667954,49.89333333333334,50.025,49.76166666666668,0.0052779262426507455,37.897226862533,1,49.054,51.84959653741472,46.258403462585285
2023-10-17 00:00:00+05:30,50.37,56.14,50.37,54.07,20152030,49.99333333333333,49.93,50.056666666666665,0.0025336711561541234,37.897226862533,1,49.2396,52.657288013848685,45.82191198615132
2023-10-18 00:00:00+05:30,54.22,54.61,52.64,53.72,7018306,53.526666666666664,53.254999999999995,53.79833333333333,0.010150703699090857,37.97339166148144,1,49.334,53.09397446799907,45.57402553200094
2023-10-19 00:00:00+05:30,53.97,54.61,52.0,52.88,7488013,53.656666666666666,53.625,53.68833333333333,0.0011803441635087142,37.97339166148144,1,49.54679999999999,53.47930544055625,45.61429455944373
2023-10-20 00:00:00+05:30,52.88,53.62,50.91,52.34,6685318,53.163333333333334,53.305,53.02166666666667,0.005329487742178157,37.97339166148144,1,49.692400000000006,53.756066443004954,45.62873355699506
2023-10-23 00:00:00+05:30,51.9,53.23,48.79,50.03,6462864,52.29,52.265,52.315,0.0009562057754828295,37.97339166148144,1,49.7696,53.78233763906941,45.75686236093058
2023-10-25 00:00:00+05:30,50.57,51.26,46.72,48.79,6483068,50.68333333333334,51.01,50.356666666666676,0.012890496547188195,37.97339166148144,1,49.773199999999996,53.78225263622272,45.76414736377727
2023-10-26 00:00:00+05:30,48.1,52.19,46.72,51.65,7684274,48.923333333333325,48.989999999999995,48.856666666666655,0.0027253525924917895,37.97339166148144,1,49.90120000000001,53.93733803530111,45.86506196469891
2023-10-27 00:00:00+05:30,52.24,53.13,49.29,51.75,10303783,50.18666666666667,49.455,50.91833333333334,0.02915781083953251,37.97339166148144,1,50.01160000000001,54.092739762370826,45.93046023762919
2023-10-30 00:00:00+05:30,52.24,55.94,51.21,55.1,26950653,51.39000000000001,51.21,51.570000000000014,0.007005253940455606,37.97339166148144,1,50.2716,54.767061462408925,45.77613853759107
2023-10-31 00:00:00+05:30,53.08,53.92,51.16,53.43,118963956,54.083333333333336,53.575,54.59166666666667,0.018798151001540815,37.97339166148144,1,50.52,54.999785709161046,46.04021429083896
2023-11-01 00:00:00+05:30,53.92,54.12,51.75,52.1,14915567,52.836666666666666,52.54,53.13333333333333,0.011229575421109085,37.97339166148144,1,50.7096,55.03700284235283,46.38219715764718
2023-11-02 00:00:00+05:30,52.69,53.23,51.36,52.74,13379604,52.656666666666666,52.935,52.37833333333333,0.01057162752421356,37.97339166148144,1,50.8792,55.179175516209725,46.57922448379027
2023-11-03 00:00:00+05:30,52.98,53.62,52.49,52.88,8348841,52.443333333333335,52.295,52.59166666666667,0.005656899510582855,37.97339166148144,1,51.0448,55.32129621068497,46.768303789315034
2023-11-06 00:00:00+05:30,53.23,59.14,53.13,58.75,63862086,52.99666666666667,53.055,52.93833333333334,0.0022013963142334743,37.97339166148144,1,51.4804,56.52081420520203,46.43998579479798
2023-11-07 00:00:00+05:30,59.98,60.62,57.17,59.14,28213259,57.00666666666667,56.135000000000005,57.87833333333333,0.030581218570927233,39.23357256461103,1,51.943599999999996,57.553907314221014,46.33329268577898
2023-11-08 00:00:00+05:30,59.34,60.62,58.21,58.85,12309360,58.97666666666667,58.894999999999996,59.05833333333334,0.002769456847340888,39.86522966202659,1,52.403200000000005,58.31089456217917,46.49550543782084
2023-11-09 00:00:00+05:30,59.14,59.74,57.42,58.9,7943785,59.22666666666667,59.415,59.038333333333334,0.006359747861323702,39.86522966202659,1,52.848800000000004,58.96521024130992,46.73238975869009
2023-11-10 00:00:00+05:30,58.9,59.64,57.67,58.6,6560306,58.68666666666667,58.58,58.79333333333334,0.003635124389412784,39.86522966202659,1,53.244800000000005,59.51547873838235,46.97412126161766
2023-11-12 00:00:00+05:30,59.19,62.45,58.65,61.21,9026589,58.63666666666666,58.655,58.618333333333325,0.0006253197657894824,41.04740703026276,1,53.62919999999999,60.58970324617407,46.66869675382591
2023-11-13 00:00:00+05:30,61.61,63.58,61.41,63.14,15180001,60.77,60.55,60.99000000000001,0.007240414678295407,43.10891074905224,1,54.1004,61.924047190409304,46.2767528095907
2023-11-15 00:00:00+05:30,63.83,65.16,62.84,63.92,9829625,62.71,62.495,62.925000000000004,0.006856960612342638,44.73975431909015,1,54.5892,63.23557342705014,45.942826572949855
2023-11-16 00:00:00+05:30,64.32,64.37,60.92,62.1,9065724,63.973333333333336,64.0,63.94666666666667,0.0008336807002916964,44.73975431909015,1,55.0584,64.00584956733472,46.11095043266528
2023-11-17 00:00:00+05:30,62.1,63.58,61.16,62.05,6036459,62.46333333333334,62.645,62.28166666666667,0.005816745824216816,44.73975431909015,1,55.51559999999999,64.67474944522675,46.35645055477323
2023-11-20 00:00:00+05:30,62.35,63.19,61.41,62.1,3501378,62.26333333333333,62.37,62.15666666666666,0.0034263076181809244,44.73975431909015,1,56.0144,65.19530728414121,46.833492715858796
2023-11-21 00:00:00+05:30,62.1,63.23,59.34,60.43,9093857,62.23333333333333,62.3,62.16666666666666,0.002142474558114729,44.73975431909015,1,56.42679999999999,65.436202590627,47.41739740937299
2023-11-22 00:00:00+05:30,60.72,66.04,60.62,64.76,27848972,61.0,61.285,60.715,0.009344262295081856,44.73975431909015,1,56.854400000000005,66.37595462936575,47.33284537063427
2023-11-23 00:00:00+05:30,65.06,68.02,64.27,66.93,18702021,63.80666666666667,63.33,64.28333333333335,0.01494096750600795,45.702998264471475,1,57.382799999999996,67.59133058182202,47.17426941817797
2023-11-24 00:00:00+05:30,67.03,67.28,65.45,65.7,5971897,66.40666666666667,66.145,66.66833333333334,0.00788073486597742,46.22827833389263,1,57.8956,68.43060538965192,47.36059461034808
2023-11-28 00:00:00+05:30,66.29,70.33,65.85,69.69,12672425,66.14333333333333,66.36500000000001,65.92166666666665,0.006702615531925966,47.462347200536925,1,58.5896,69.83142829258631,47.34777170741368
2023-11-29 00:00:00+05:30,70.23,70.23,68.02,68.71,7519868,68.62333333333333,68.09,69.15666666666667,0.015543789770243302,48.70365331251544,1,59.336800000000004,70.68626655310254,47.98733344689746
2023-11-30 00:00:00+05:30,68.75,70.18,66.68,69.1,15212484,68.98666666666666,69.125,68.84833333333333,0.0040104367993815835,48.70365331251544,1,60.1492,71.2678343334059,49.0305656665941
2023-12-01 00:00:00+05:30,69.54,73.49,69.0,70.97,15953304,68.65333333333334,68.43,68.87666666666667,0.006506117692755753,50.22668689281424,1,60.922,72.25388775094386,49.59011224905613
2023-12-04 00:00:00+05:30,73.04,84.03,71.96,81.77,49342619,71.15333333333334,71.245,71.06166666666667,0.0025765951466317407,54.16061941710167,1,62.1228,75.49165038587799,48.75394961412201
2023-12-05 00:00:00+05:30,82.31,82.31,77.72,80.39,19818742,79.25333333333333,77.995,80.51166666666666,0.03175471063257047,55.848794640417594,1,63.13440000000001,77.97125150427776,48.29754849572225
2023-12-06 00:00:00+05:30,80.09,85.76,79.6,84.72,23198443,80.14,80.015,80.265,0.003119540803593711,57.7556428548009,1,64.386,80.91924505352738,47.852754946472615
2023-12-07 00:00:00+05:30,85.51,89.95,85.51,87.78,24540531,83.36,82.68,84.03999999999999,0.01631477927063322,62.33821714060886,1,65.8132,83.94091201889488,47.68548798110511
2023-12-08 00:00:00+05:30,88.72,90.69,87.29,89.55,13895283,87.74666666666667,87.73,87.76333333333334,0.0003798814769791609,63.661888454984506,1,67.2856,86.84950642381997,47.72169357618003
2023-12-11 00:00:00+05:30,89.55,98.57,89.45,97.09,37683016,89.17666666666668,88.99000000000001,89.36333333333334,0.004186446379845267,67.14141291678511,1,69.054,90.94377916745582,47.16422083254419
2023-12-12 00:00:00+05:30,98.08,101.53,94.14,98.43,17889616,95.03666666666668,94.00999999999999,96.06333333333336,0.021605696047140084,69.97195640011373,1,70.6412,94.9346133097838,46.347786690216196
2023-12-13 00:00:00+05:30,99.36,100.3,96.11,99.46,9290268,98.03333333333335,97.83500000000001,98.23166666666668,0.004046242774566562,70.28327814410918,1,72.254,98.550097353029,45.95790264697101
2023-12-14 00:00:00+05:30,99.51,101.73,97.09,101.14,6675847,98.62333333333333,98.205,99.04166666666667,0.008483455571703854,71.3059470183448,1,73.9456,101.95981243868863,45.931387561311375
2023-12-15 00:00:00+05:30,101.28,103.5,99.16,100.5,7599679,99.98666666666666,99.41,100.56333333333333,0.011534871316175517,73.134909137611,1,75.6096,104.76989985030974,46.44930014969026
2023-12-18 00:00:00+05:30,99.07,100.79,97.93,99.56,5395585,101.05333333333333,101.33,100.77666666666666,0.005475656419052728,73.134909137611,1,77.24799999999999,106.99817472217553,47.49782527782445
2023-12-19 00:00:00+05:30,99.56,103.8,97.59,101.23,10990446,99.42666666666668,99.36000000000001,99.49333333333334,0.0013410218586562197,73.134909137611,1,78.8488,109.27394871352267,48.42365128647732
2023-12-20 00:00:00+05:30,101.58,111.34,98.38,104.09,22922753,100.87333333333333,100.695,101.05166666666668,0.0035357874562158813,73.87872281077341,1,80.4868,111.75041756163174,49.22318243836827
2023-12-21 00:00:00+05:30,103.5,114.34,100.4,112.27,11125923,104.60333333333334,104.86,104.34666666666668,0.0049074280615657995,73.87872281077341,1,82.4208,115.28668549605754,49.55491450394245
2023-12-22 00:00:00+05:30,112.27,117.3,107.69,111.68,12745710,109.00333333333333,107.37,110.63666666666666,0.029968502492278386,77.50478294240878,1,84.404,118.09881621852185,50.70918378147814
2023-12-26 00:00:00+05:30,112.13,118.29,111.98,114.89,8436537,112.22333333333334,112.495,111.95166666666668,0.004841536222413541,79.69359162471244,1,86.5176,120.95918243983516,52.07601756016485
2023-12-27 00:00:00+05:30,115.33,117.75,111.88,116.66,6227189,115.05333333333334,115.135,114.97166666666668,0.0014196314752577953,79.69359162471244,1,88.7,123.58762439605137,53.81237560394864
2023-12-28 00:00:00+05:30,117.06,120.51,113.11,119.62,6136247,115.42999999999999,114.815,116.04499999999999,0.010655808715238585,80.49734204133497,1,91.0676,125.99353272856081,56.14166727143919
2023-12-29 00:00:00+05:30,119.62,123.71,116.32,123.17,9890814,117.74666666666667,116.81,118.68333333333334,0.01590986298267468,83.08564835968156,1,93.404,128.78961289563813,58.01838710436185
2024-01-01 00:00:00+05:30,124.2,132.09,124.2,129.23,9917060,121.06666666666666,120.01499999999999,122.11833333333334,0.017373348017621307,90.19522242529433,1,95.896,132.23498842840772,59.55701157159229
2024-01-02 00:00:00+05:30,129.13,132.09,124.6,130.02,8403201,128.50666666666666,128.145,128.8683333333333,0.005628761153766088,90.19522242529433,1,98.46879999999999,134.99918070209432,61.93841929790565
2024-01-03 00:00:00+05:30,129.57,133.12,124.5,126.76,9346028,128.90333333333334,128.345,129.46166666666667,0.008662822269918085,90.19522242529433,1,100.7516,136.93407694340374,64.56912305659625
2024-01-04 00:00:00+05:30,127.36,128.64,124.5,127.65,6289778,128.12666666666667,128.81,127.44333333333333,0.01066652791508409,90.19522242529433,1,103.1092,138.30062073630933,67.91777926369069
2024-01-05 00:00:00+05:30,127.8,129.57,124.55,125.73,4066673,126.92999999999999,126.57,127.28999999999999,0.005672417868116276,90.19522242529433,1,105.37440000000001,138.76187601361832,71.9869239863817
2024-01-08 00:00:00+05:30,125.43,125.68,113.16,122.13,15507701,126.61666666666667,127.06,126.17333333333335,0.007002764249045591,90.19522242529433,1,107.4208,138.29970097526035,76.54189902473964
2024-01-09 00:00:00+05:30,123.22,126.42,115.58,116.91,4984933,120.32333333333334,119.42,121.22666666666667,0.015015098207607325,90.19522242529433,1,108.82639999999999,138.06228035547986,79.59051964452013
2024-01-10 00:00:00+05:30,117.06,118.29,106.56,112.32,13399553,119.63666666666666,121.0,118.27333333333331,0.022791228998913556,90.19522242529433,1,110.1036,136.95102006524894,83.25617993475105
2024-01-11 00:00:00+05:30,114.49,115.53,109.91,111.39,3044644,112.39,112.42500000000001,112.35499999999999,0.0006228312127415392,90.19522242529433,1,111.17039999999999,135.93739705979573,86.40340294020424
2024-01-12 00:00:00+05:30,110.89,112.87,106.06,108.43,5181279,112.27666666666666,112.72,111.83333333333331,0.007897158804144683,90.19522242529433,1,111.99640000000001,134.89484702506985,89.09795297493018
2024-01-15 00:00:00+05:30,109.17,113.75,107.2,111.29,4723786,109.12,109.465,108.775,0.006323313782991181,90.19522242529433,1,112.866,133.86074600941694,91.87125399058307
2024-01-16 00:00:00+05:30,111.39,113.21,106.95,108.04,2749918,110.74666666666667,110.475,111.01833333333335,0.004906091981700133,90.19522242529433,1,113.304,133.40169339998815,93.20630660001184
2024-01-17 00:00:00+05:30,108.04,109.66,104.49,105.18,2060719,109.39999999999999,110.08,108.71999999999998,0.012431444241316396,90.19522242529433,1,113.574,133.03647260755753,94.11152739244247
2024-01-18 00:00:00+05:30,105.18,111.63,101.04,109.61,5448127,106.44333333333333,107.07499999999999,105.81166666666667,0.011868599881000733,90.19522242529433,1,113.98,132.6553801567713,95.30461984322872
2024-01-19 00:00:00+05:30,110.65,112.87,108.23,110.94,3552475,107.42666666666668,106.33500000000001,108.51833333333335,0.020323941913863754,90.19522242529433,1,114.37200000000001,132.35130276734685,96.39269723265318
2024-01-20 00:00:00+05:30,110.8,110.99,107.0,107.4,1973913,110.68,110.55000000000001,110.81,0.0023491145645102175,90.19522242529433,1,114.64800000000001,131.96674267953438,97.32925732046564
2024-01-23 00:00:00+05:30,105.97,110.01,104.73,106.11,2429137,108.46333333333332,108.995,107.93166666666664,0.0098036202710596,90.19522242529433,1,114.91,131.49023594524292,98.32976405475708
2024-01-24 00:00:00+05:30,106.26,110.5,104.73,108.28,3153786,106.95,107.37,106.53,0.007854137447405362,90.19522242529433,1,115.19200000000001,131.05631366305914,99.32768633694087
2024-01-25 00:00:00+05:30,108.82,117.99,108.82,115.68,8315429,107.83666666666666,107.61500000000001,108.05833333333331,0.004111155760254393,90.19522242529433,1,115.65559999999999,130.8586966108857,100.4525033891143
2024-01-29 00:00:00+05:30,116.81,121.74,116.56,120.85,5363832,114.16333333333334,113.405,114.92166666666668,0.013285059417793335,90.19522242529433,1,115.99879999999999,131.2679231653924,100.72967683460756
2024-01-30 00:00:00+05:30,121.89,121.93,114.94,116.02,2847085,119.71666666666665,119.15,120.2833333333333,0.00946679660309033,90.19522242529433,1,116.1724,131.33951313862738,101.00528686137261
2024-01-31 00:00:00+05:30,116.07,119.77,116.02,117.79,2752057,117.63,118.435,116.82499999999999,0.013686984612768969,90.19522242529433,1,116.2884,131.45886570675808,101.1179342932419
2024-02-01 00:00:00+05:30,117.94,120.75,113.75,117.89,6673891,117.86,117.895,117.825,0.0005939249957576207,90.19522242529433,1,116.33760000000001,131.52054019483458,101.15465980516544
2024-02-02 00:00:00+05:30,118.29,128.14,118.29,125.38,12870016,117.46333333333332,117.25,117.67666666666665,0.00363233916966981,90.19522242529433,1,116.56800000000001,132.11367052268648,101.02232947731355
2024-02-05 00:00:00+05:30,129.03,133.81,127.11,131.84,10972165,123.93666666666667,123.215,124.65833333333333,0.011645733035690229,90.19522242529433,1,116.9148,133.3929796276143,100.43662037238572
2024-02-06 00:00:00+05:30,133.32,134.75,126.91,130.31,6677779,130.92,130.46,131.37999999999997,0.007027192178429263,90.19522242529433,1,116.958,133.57021526467565,100.34578473532436
2024-02-07 00:00:00+05:30,131.1,134.31,129.87,133.71,4568937,130.65666666666667,130.82999999999998,130.48333333333335,0.002653264280429387,90.19522242529433,1,117.1056,134.23687953656474,99.97432046343525
2024-02-08 00:00:00+05:30,140.47,142.64,133.91,136.13,9880474,132.63,132.09,133.17,0.00814295408278658,92.28317869325485,1,117.4804,135.80835938886602,99.152440611134
2024-02-09 00:00:00+05:30,137.11,138.5,122.72,126.22,6933889,137.55999999999997,138.27499999999998,136.84499999999997,0.010395463797615637,92.28317869325485,1,117.4232,135.63238952177502,99.21401047822496
2024-02-12 00:00:00+05:30,130.86,133.57,119.52,121.24,8676939,129.14666666666668,130.61,127.68333333333334,0.022661573404914384,92.28317869325485,1,117.2436,135.2084535802528,99.2787464197472
2024-02-13 00:00:00+05:30,123.22,128.39,109.12,126.81,6692566,124.77666666666666,126.54499999999999,123.00833333333333,0.0283439745678946,92.28317869325485,1,117.4308,135.69053837271284,99.17106162728717
2024-02-14 00:00:00+05:30,123.22,131.1,123.22,129.43,18654548,121.44,118.755,124.125,0.04421936758893284,92.28317869325485,1,117.9316,136.78387768095732,99.07932231904269
2024-02-15 00:00:00+05:30,131.3,142.34,131.1,141.55,15112100,127.91666666666667,127.16,128.67333333333335,0.01183061889250827,92.28317869325485,1,119.10079999999999,139.93717351939918,98.2644264806008
2024-02-16 00:00:00+05:30,142.93,148.35,142.44,145.64,12305111,138.33,136.72,139.94000000000003,0.02327766934143011,92.28317869325485,1,120.4708,143.48876023630064,97.45283976369936
2024-02-19 00:00:00+05:30,146.87,158.85,146.68,155.1,10395545,145.47666666666666,145.39499999999998,145.55833333333334,0.001122745915725468,96.14549316555804,1,122.33760000000001,148.50167508321124,96.17352491678878
2024-02-20 00:00:00+05:30,156.73,158.55,148.7,153.68,5234251,153.54333333333332,152.765,154.32166666666666,0.010138288865249801,96.51227343893572,1,124.0332,152.50610008130386,95.56029991869615
2024-02-21 00:00:00+05:30,154.51,156.24,145.99,147.37,4763404,153.64333333333335,153.625,153.6616666666667,0.00023864795088206556,96.51227343893572,1,125.6064,154.7099738726348,96.5028261273652
2024-02-22 00:00:00+05:30,148.35,149.58,140.76,145.94,3106523,149.86666666666667,151.115,148.61833333333334,0.016659252669039164,96.51227343893572,1,127.2368,156.1466597547603,98.32694024523971
2024-02-23 00:00:00+05:30,148.85,153.23,148.16,150.72,4791683,145.42666666666668,145.17000000000002,145.68333333333334,0.003529843219950407,96.51227343893572,1,128.88119999999998,158.26631259532462,99.49608740467534
2024-02-26 00:00:00+05:30,151.75,158.21,148.35,155.45,4142166,150.70333333333335,150.695,150.7116666666667,0.0001105925549094801,96.51227343893572,1,130.6616,160.865041223806,100.45815877619398
2024-02-27 00:00:00+05:30,156.24,159.69,153.08,154.71,4040755,154.00333333333333,153.28,154.72666666666666,0.009393736066318856,98.81193550381383,1,132.554,162.6185790258221,102.4894209741779
2024-02-28 00:00:00+05:30,154.76,155.15,146.97,148.8,3902896,155.82666666666668,156.385,155.26833333333337,0.007166081971420921,98.81193550381383,1,134.2616,162.94188768614254,105.58131231385744
2024-02-29 00:00:00+05:30,148.8,151.56,142.54,148.55,8933131,150.30666666666667,151.06,149.55333333333334,0.010023951033442698,98.81193550381383,1,135.8724,163.01717056377336,108.72762943622662
2024-03-01 00:00:00+05:30,150.32,153.33,141.75,144.16,2474155,147.55,147.05,148.05,0.006777363605557437,98.81193550381383,1,137.0116,163.0385028076699,110.98469719233007
2024-03-02 00:00:00+05:30,147.02,148.85,142.44,143.33,493977,146.41333333333333,147.54000000000002,145.28666666666663,0.015390219469993993,98.81193550381383,1,137.91080000000002,163.18452955145116,112.63707044854888
2024-03-04 00:00:00+05:30,136.18,137.21,136.18,136.18,5540566,144.87333333333333,145.64499999999998,144.1016666666667,0.010652984216096548,98.81193550381383,1,138.71720000000002,162.38081021991138,115.05358978008866
2024-03-05 00:00:00+05:30,129.38,129.38,129.38,129.38,1589815,136.52333333333334,136.695,136.3516666666667,0.002514832629342764,98.81193550381383,1,139.1808,161.60811471754684,116.75348528245317
2024-03-06 00:00:00+05:30,122.92,122.92,122.92,122.92,569560,129.38,129.38,129.38,0.0,98.81193550381383,1,139.382,161.12138803186267,117.64261196813736
2024-03-07 00:00:00+05:30,117.06,129.03,117.06,129.03,13664080,122.92,122.92,122.92,0.0,98.81193550381383,1,139.528,160.93577877314442,118.12022122685558
2024-03-11 00:00:00+05:30,129.03,131.2,122.62,122.62,5642809,125.04,123.045,127.03500000000001,0.031909788867562454,98.81193550381383,1,139.1592,161.38605217118908,116.9323478288109
2024-03-12 00:00:00+05:30,122.72,127.75,116.51,116.91,6526561,125.48,126.91,124.05000000000001,0.022792476888747092,98.81193550381383,1,138.62320000000003,162.27819404015767,114.96820595984238
2024-03-13 00:00:00+05:30,114.1,118.14,111.09,111.09,7681048,120.38999999999999,122.13,118.64999999999998,0.028906055320209473,98.81193550381383,1,137.7184,163.67440319309378,111.76239680690621
2024-03-14 00:00:00+05:30,106.75,113.61,105.52,111.39,8068829,113.44000000000001,114.61500000000001,112.26500000000001,0.02071579689703803,98.81193550381383,1,136.7288,164.6626993024586,108.79490069754142
2024-03-15 00:00:00+05:30,112.62,116.81,111.29,115.53,12861710,110.17333333333333,109.565,110.78166666666667,0.011043204647222575,98.81193550381383,1,136.3012,165.1768652259285,107.42553477407148
2024-03-18 00:00:00+05:30,116.17,116.81,109.76,114.94,3382644,114.54333333333334,114.05000000000001,115.03666666666666,0.008613916130721854,98.81193550381383,1,136.0492,165.54943398957877,106.54896601042127
2024-03-19 00:00:00+05:30,113.61,116.51,111.14,112.37,1573957,113.83666666666666,113.285,114.38833333333332,0.009692249128868772,98.81193550381383,1,135.4716,166.2121918902011,104.73100810979889
2024-03-20 00:00:00+05:30,113.06,115.43,108.53,110.01,1451189,113.33999999999999,113.825,112.85499999999998,0.008558320098817958,98.81193550381383,1,134.6948,166.95091662677171,102.43868337322826
2024-03-21 00:00:00+05:30,111.49,115.48,111.49,115.48,752397,111.32333333333334,111.98,110.66666666666667,0.011797466838338766,98.81193550381383,1,133.65200000000002,166.631716432982,100.67228356701804
2024-03-22 00:00:00+05:30,116.32,121.24,115.33,118.48,4565650,114.14999999999999,113.485,114.81499999999998,0.011651335961454089,98.81193550381383,1,132.56560000000002,165.68322410801693,99.4479758919831
2024-03-26 00:00:00+05:30,119.37,124.4,115.87,124.4,2561376,118.35000000000001,118.285,118.41500000000002,0.0010984368398819085,98.81193550381383,1,131.3376,163.27763044707228,99.39756955292773
2024-03-27 00:00:00+05:30,125.68,130.61,124.45,130.61,4779343,121.55666666666667,120.135,122.97833333333334,0.023391011051087287,98.81193550381383,1,130.41479999999999,161.02484338186903,99.80475661813092
2024-03-28 00:00:00+05:30,131.1,136.23,125.43,128.54,4535982,128.55666666666667,127.53,129.58333333333334,0.015972204216039683,98.81193550381383,1,129.6616,159.48225200091886,99.84094799908112
2024-04-01 00:00:00+05:30,129.38,132.97,126.67,129.33,1933593,130.06666666666663,130.82999999999998,129.30333333333328,0.01173757047667888,98.81193550381383,1,128.99720000000002,158.06823989608745,99.92616010391258
2024-04-02 00:00:00+05:30,129.87,130.86,126.17,126.81,2017572,129.65666666666667,129.82,129.49333333333334,0.0025194745096021836,98.81193550381383,1,128.0408,155.73071089620746,100.35088910379253
2024-04-03 00:00:00+05:30,126.86,133.17,125.68,132.68,4314847,127.94666666666667,128.51500000000001,127.37833333333333,0.008883909962484508,98.81193550381383,1,127.13,152.55939653235816,101.70060346764181
2024-04-04 00:00:00+05:30,135.54,137.76,130.02,133.17,3119322,130.51000000000002,129.425,131.59500000000003,0.016627078384798218,98.81193550381383,1,126.2684,149.24266433555405,103.29413566444595
2024-04-05 00:00:00+05:30,134.31,135.44,129.18,130.41,3062179,133.64999999999998,133.89,133.40999999999997,0.0035914702581370615,98.81193550381383,1,125.53280000000001,146.67917483447013,104.38642516552987
2024-04-08 00:00:00+05:30,133.76,142.64,132.58,136.33,5686594,131.67666666666665,132.31,131.0433333333333,0.009619522567906554,98.81193550381383,1,125.044,144.54014197732238,105.5478580226776
2024-04-09 00:00:00+05:30,137.46,141.21,135.19,137.76,5073136,137.18333333333337,137.61,136.75666666666672,0.006220386344307831,98.81193550381383,1,124.78800000000001,143.42241547245078,106.15358452754924
2024-04-10 00:00:00+05:30,137.41,138.0,132.19,133.52,2568197,138.0533333333333,138.2,137.90666666666664,0.0021247826926792846,98.81193550381383,1,124.3956,141.82592583057223,106.96527416942779
2024-04-12 00:00:00+05:30,133.52,139.48,132.48,137.61,3318784,134.57000000000002,135.095,134.04500000000004,0.007802630601173771,98.81193550381383,1,124.45280000000001,142.0460628196112,106.85953718038883
2024-04-15 00:00:00+05:30,133.07,137.71,130.61,133.57,3623769,136.52333333333334,135.98,137.0666666666667,0.007959567351124604,98.81193550381383,1,124.62039999999999,142.4760966640877,106.76470333591229
2024-04-16 00:00:00+05:30,132.58,139.73,131.89,135.24,3718005,133.96333333333334,134.16000000000003,133.76666666666665,0.0029361268008662083,98.81193550381383,1,125.11319999999999,143.42811258619358,106.7982874138064
2024-04-18 00:00:00+05:30,134.95,140.96,133.07,134.16,4183975,135.62,135.81,135.43,0.0028019466155433967,98.81193550381383,1,125.3184,143.91700526383394,106.71979473616604
2024-04-19 00:00:00+05:30,132.58,142.44,128.59,140.22,7385875,136.0633333333333,137.015,135.11166666666662,0.013988583747764754,98.81193550381383,1,126.02240000000002,145.47207518905938,106.57272481094066
2024-04-22 00:00:00+05:30,143.62,147.61,140.22,145.99,5681307,137.08333333333334,135.515,138.6516666666667,0.022881458966565685,98.81193550381383,1,127.1856,147.7619165449968,106.60928345500317
2024-04-23 00:00:00+05:30,155.25,159.2,145.4,147.76,14175409,144.60666666666668,143.91500000000002,145.29833333333335,0.009566179521460461,98.81193550381383,1,128.65240000000003,149.65375255072658,107.65104744927348
2024-04-24 00:00:00+05:30,150.27,150.82,147.12,148.55,4439071,150.78666666666666,152.3,149.2733333333333,0.020072508621452156,98.81193550381383,1,130.1388,151.30214364508376,108.97545635491625
2024-04-25 00:00:00+05:30,149.04,162.25,148.85,159.1,27755937,148.83,148.97,148.69000000000003,0.001881341127460678,98.81193550381383,1,131.8816,155.02876306072744,108.73443693927256
2024-04-26 00:00:00+05:30,161.81,163.38,156.98,157.86,8897227,156.73333333333335,155.55,157.91666666666669,0.015099957464908597,103.41487225674504,1,133.5984,157.80705675249047,109.38974324750951
2024-04-29 00:00:00+05:30,159.44,162.79,153.53,155.5,4382119,159.40666666666667,160.18,158.63333333333333,0.009702647317134463,103.41487225674504,1,135.3236,159.38185056316235,111.26534943683765
2024-04-30 00:00:00+05:30,156.73,158.9,153.77,154.66,2916118,157.27333333333334,158.16,156.38666666666668,0.011275486414310407,103.41487225674504,1,137.1096,159.9862063776929,114.2329936223071
2024-05-02 00:00:00+05:30,155.65,158.31,153.68,154.66,2815506,155.77666666666667,156.335,155.21833333333333,0.0071683820854642815,103.41487225674504,1,138.67680000000001,160.76623111625779,116.58736888374224
2024-05-03 00:00:00+05:30,156.24,156.78,146.87,151.7,4915567,155.54999999999998,155.995,155.10499999999996,0.005721632915461545,103.41487225674504,1,140.0056,161.04724942583863,118.96395057416134
2024-05-06 00:00:00+05:30,157.27,158.95,146.87,149.24,10425021,151.78333333333333,151.825,151.74166666666667,0.0005490282200503858,103.41487225674504,1,140.9992,161.33341622388957,120.66498377611042
2024-05-07 00:00:00+05:30,150.62,151.36,136.33,140.47,9636054,151.68666666666667,152.91,150.46333333333334,0.016129741133037348,103.41487225674504,1,141.3936,161.28413232469893,121.50306767530104
2024-05-08 00:00:00+05:30,140.47,141.7,136.38,138.0,6366866,142.72000000000003,143.84500000000003,141.59500000000003,0.01576513452914798,103.41487225674504,1,141.77200000000002,161.01956524862027,122.52443475137979
2024-05-09 00:00:00+05:30,138.5,140.12,136.52,136.82,3947931,138.69333333333333,139.04,138.34666666666666,0.004999038646414113,103.41487225674504,1,142.0716,160.76022642785426,123.38297357214572
2024-05-10 00:00:00+05:30,139.97,140.17,132.73,133.76,3128189,137.82,138.32,137.32,0.007255840951966333,103.41487225674504,1,142.34959999999998,160.31462778622654,124.38457221377341
2024-05-13 00:00:00+05:30,133.32,137.02,129.38,136.47,4851947,135.5533333333333,136.45,134.65666666666664,0.013229725077460416,103.41487225674504,1,142.5012,160.19925803583808,124.80314196416194
2024-05-14 00:00:00+05:30,137.9,140.47,135.73,139.48,3272520,134.29,133.2,135.38,0.016233524461985307,103.41487225674504,1,142.7536,160.08840464729536,125.41879535270466
2024-05-15 00:00:00+05:30,141.21,143.42,136.82,137.85,2586519,138.55999999999997,138.1,139.01999999999995,0.0066397228637410455,103.41487225674504,1,143.0512,159.7727466461656,126.3296533538344
2024-05-16 00:00:00+05:30,139.23,151.61,137.51,150.42,9992724,139.36333333333334,140.12,138.60666666666668,0.010858905977181858,103.41487225674504,1,143.6148,160.3420081304649,126.8875918695351
2024-05-17 00:00:00+05:30,152.69,152.69,146.13,150.23,5869991,146.51333333333332,144.56,148.46666666666664,0.026664239887154557,103.41487225674504,1,144.11360000000002,160.8564025180939,127.37079748190615
2024-05-18 00:00:00+05:30,151.26,156.34,150.23,154.96,1295236,149.6833333333333,149.41,149.95666666666662,0.0036521545484909765,103.41487225674504,1,144.97119999999998,161.65192930779372,128.29047069220624
2024-05-21 00:00:00+05:30,156.48,158.21,149.58,150.82,6583112,153.84333333333333,153.285,154.40166666666667,0.007258466405217478,103.41487225674504,1,145.4996,162.0505303472611,128.9486696527389
2024-05-22 00:00:00+05:30,151.56,152.3,146.87,147.86,5930024,152.87,153.895,151.845,0.013410087002027941,103.41487225674504,1,146.0712,161.90620458603937,130.23619541396064
2024-05-23 00:00:00+05:30,148.99,155.01,148.11,149.14,4695860,149.01000000000002,149.585,148.43500000000003,0.007717602845446461,103.41487225674504,1,146.6272,161.86686038466365,131.38753961533632
2024-05-24 00:00:00+05:30,157.72,164.03,154.76,162.65,9425603,150.75333333333333,151.56,149.94666666666666,0.010701808694114075,103.41487225674504,1,147.7668,163.3636055395932,132.16999446040677
2024-05-27 00:00:00+05:30,163.73,174.47,159.34,161.81,8254738,160.48,159.39499999999998,161.565,0.013521934197407876,107.8517377224554,1,148.63039999999998,164.83898684031044,132.42181315968952
2024-05-28 00:00:00+05:30,152.79,154.76,145.64,145.64,92122137,165.20666666666668,166.905,163.50833333333335,0.020560106533230985,107.8517377224554,1,148.6164,164.83468684417332,132.39811315582668
2024-05-29 00:00:00+05:30,136.03,144.71,131.1,141.35,37416243,148.67999999999998,150.2,147.15999999999997,0.0204465967177833,107.8517377224554,1,148.36,164.8251330999748,131.89486690002522
2024-05-30 00:00:00+05:30,140.57,146.68,139.97,143.33,13198100,139.0533333333333,137.905,140.20166666666663,0.01651644452967656,107.8517377224554,1,148.15120000000002,164.73337676422145,131.5690232357786
2024-05-31 00:00:00+05:30,144.61,147.47,140.57,146.82,8929846,143.32666666666668,143.325,143.32833333333338,2.3256895669941472e-05,107.8517377224554,1,147.66,163.63206361118955,131.68793638881044
2024-06-03 00:00:00+05:30,154.76,155.45,147.02,151.16,13133923,144.95333333333332,144.01999999999998,145.88666666666666,0.012877707768017346,107.8517377224554,1,147.392,162.88822921874498,131.895770781255
2024-06-04 00:00:00+05:30,150.82,150.82,136.08,136.08,13696556,151.21,151.235,151.185,0.0003306659612460245,107.8517377224554,1,146.61520000000002,162.35289093100658,130.87750906899345
2024-06-05 00:00:00+05:30,135.34,139.68,122.48,137.8,13212741,140.99333333333334,143.45,138.5366666666667,0.03484798335618681,107.8517377224554,1,145.9408,161.68671646871934,130.19488353128065
2024-06-06 00:00:00+05:30,141.21,150.82,139.58,144.31,5976998,133.32000000000002,131.08,135.56000000000003,0.033603360336033734,107.8517377224554,1,145.5268,160.87313216895453,130.1804678310455
2024-06-07 00:00:00+05:30,146.68,149.83,143.47,148.06,4666523,144.90333333333334,145.2,144.60666666666668,0.004094683812196443,107.8517377224554,1,145.3812,160.55863411252008,130.20376588747993
2024-06-10 00:00:00+05:30,150.82,151.84,145.49,147.5,3825589,147.12,146.65,147.59,0.00638934203371396,107.8517377224554,1,145.3116,160.43347044514957,130.18972955485043
2024-06-11 00:00:00+05:30,149.32,152.39,147.02,149.1,2824658,148.27666666666667,148.66500000000002,147.88833333333332,0.0052379560731067995,107.8517377224554,1,145.6568,160.71469012577418,130.59890987422582
2024-06-12 00:00:00+05:30,150.97,152.05,146.96,147.48,2605734,149.50333333333333,149.70499999999998,149.30166666666668,0.0026978216762166343,107.8517377224554,1,146.036,160.77765798002,131.29434201998
2024-06-13 00:00:00+05:30,147.47,148.4,143.58,144.22,4495311,148.83,149.505,148.15500000000003,0.00907075186454321,107.8517377224554,1,146.332,160.61150027136406,132.05249972863592
2024-06-14 00:00:00+05:30,144.8,147.26,141.46,143.33,5990513,145.4,145.99,144.81,0.008115543328748327,107.8517377224554,1,146.7148,160.1114815234179,133.3181184765821
2024-06-18 00:00:00+05:30,143.47,147.27,140.76,142.2,4794019,144.01666666666668,144.36,143.67333333333335,0.00476796667052425,107.8517377224554,1,146.944,159.81759095201824,134.07040904798174
2024-06-19 00:00:00+05:30,142.83,144.59,136.23,137.1,5379625,143.41,144.015,142.805,0.00843734746530911,107.8517377224554,1,146.84879999999998,159.97449915242177,133.7231008475782
2024-06-20 00:00:00+05:30,143.23,143.71,138.2,138.88,10779810,139.30666666666664,140.41,138.2033333333333,0.015840352220520958,107.8517377224554,1,146.89,159.9084840899348,133.87151591006517
2024-06-21 00:00:00+05:30,139.88,141.21,137.11,139.0,3948521,140.26333333333332,140.95499999999998,139.57166666666666,0.009862401673043508,107.8517377224554,1,146.4332,159.7227769323138,133.1436230676862
2024-06-24 00:00:00+05:30,138.99,139.77,136.24,137.25,3181455,139.10666666666668,139.16000000000003,139.05333333333334,0.0007667976612672529,107.8517377224554,1,145.914,159.5785913220955,132.24940867790448
2024-06-25 00:00:00+05:30,137.4,142.54,137.03,140.88,4741506,137.75333333333333,138.005,137.50166666666667,0.003653874074432539,107.8517377224554,1,145.35080000000002,158.6328949190965,132.06870508090356
2024-06-26 00:00:00+05:30,141.21,143.42,137.67,140.65,6083118,140.15,139.785,140.51500000000001,0.005208704958972659,107.8517377224554,1,144.944,158.15391143043317,131.7340885695668
2024-06-27 00:00:00+05:30,142.44,142.44,137.2,138.12,4015448,140.58,140.545,140.61500000000004,0.0004979371176557833,107.8517377224554,1,144.55440000000002,157.9702426705105,131.13855732948954
2024-06-28 00:00:00+05:30,138.13,140.86,137.54,139.84,2894967,139.25333333333333,139.82,138.68666666666667,0.008138644197625377,107.8517377224554,1,144.1824,157.58474878519024,130.78005121480976
2024-07-01 00:00:00+05:30,141.95,141.95,138.3,141.32,5611460,139.41333333333333,139.2,139.62666666666667,0.003060443764345901,107.8517377224554,1,143.32920000000001,154.44017319949478,132.21822680050525
2024-07-02 00:00:00+05:30,142.06,144.11,140.96,141.87,5672411,140.52333333333334,140.125,140.92166666666668,0.005669283867447975,107.8517377224554,1,142.5316,150.69268753536514,134.37051246463486
2024-07-03 00:00:00+05:30,142.64,143.12,138.36,140.45,4027093,142.31333333333336,142.53500000000003,142.0916666666667,0.003115191830233719,107.8517377224554,1,142.324,150.4220432204263,134.22595677957372
2024-07-04 00:00:00+05:30,145.89,161.66,145.61,154.77,85576741,140.64333333333335,140.74,140.54666666666668,0.0013746356030620815,107.8517377224554,1,142.8608,152.29787398720026,133.42372601279976
2024-07-05 00:00:00+05:30,158.36,161.66,154.76,156.53,25247524,154.01333333333332,153.635,154.39166666666665,0.004912994545926721,107.8517377224554,1,143.3888,154.24253347009642,132.5350665299036
2024-07-08 00:00:00+05:30,158.7,159.69,152.84,155.89,10504888,157.64999999999998,158.20999999999998,157.08999999999997,0.007104345068189057,107.8517377224554,1,143.7516,155.6005718439994,131.9026281560006
2024-07-09 00:00:00+05:30,162.65,166.49,154.86,156.74,16223847,156.14,156.265,156.015,0.0016011271935442552,107.8517377224554,1,143.9748,156.560868641156,131.38873135884398
2024-07-10 00:00:00+05:30,159.7,160.16,150.82,157.25,6969346,159.36333333333334,160.675,158.05166666666668,0.016461335731765996,107.8517377224554,1,144.8216,158.00360795629746,131.63959204370252
2024-07-11 00:00:00+05:30,159.2,159.2,155.15,155.84,4446129,156.07666666666668,155.49,156.66333333333336,0.007517672938513206,107.8517377224554,1,145.5432,159.07903654747238,132.00736345252764
2024-07-12 00:00:00+05:30,157.96,172.5,156.26,169.3,46878778,156.73000000000002,157.175,156.28500000000003,0.005678555477572809,107.8517377224554,1,146.5428,162.95256637980833,130.13303362019167
2024-07-15 00:00:00+05:30,171.52,173.29,164.82,167.55,18244152,166.02,164.38,167.66000000000003,0.019756655824599623,112.12813880137709,1,147.3224,165.68239501524678,128.9624049847532
2024-07-16 00:00:00+05:30,168.26,169.15,159.87,164.11,8175603,168.55333333333334,169.055,168.05166666666668,0.005952616382549521,112.12813880137709,1,147.98680000000002,167.49091297752057,128.48268702247947
2024-07-18 00:00:00+05:30,163.54,165.55,151.8,158.13,11396764,164.37666666666667,164.51,164.24333333333334,0.0016222902682861608,112.12813880137709,1,148.34799999999998,168.2515626961578,128.44443730384216
2024-07-19 00:00:00+05:30,156.73,157.61,150.03,151.31,7868765,158.49333333333334,158.675,158.31166666666667,0.00229242029107435,112.12813880137709,1,148.50119999999998,168.43461742501484,128.56778257498513
2024-07-22 00:00:00+05:30,149.05,157.28,145.05,147.48,15901186,152.98333333333332,153.82,152.14666666666665,0.01093801067654437,112.12813880137709,1,148.6316,168.49380989114465,128.76939010885533
2024-07-23 00:00:00+05:30,150.36,153.03,138.1,147.84,19270760,149.9366666666667,151.16500000000002,148.70833333333337,0.016384695760432062,112.12813880137709,1,148.812,168.55992019428592,129.0640798057141
2024-07-24 00:00:00+05:30,147.81,158.7,146.1,157.8,14970034,146.32333333333335,145.565,147.0816666666667,0.010365173018657595,112.12813880137709,1,149.436,169.29433185340312,129.5776681465969
2024-07-25 00:00:00+05:30,156.73,166.59,154.26,162.1,16761953,154.2,152.39999999999998,156.0,0.023346303501945675,112.12813880137709,1,150.436,170.22653672844382,130.6454632715562
2024-07-26 00:00:00+05:30,163.14,171.52,161.29,167.79,16783576,160.98333333333335,160.425,161.54166666666669,0.0069365358732788535,112.12813880137709,1,151.5924,171.91813563145703,131.26666436854296
2024-07-29 00:00:00+05:30,172.81,178.38,169.1,171.13,17248685,166.86666666666667,166.405,167.32833333333335,0.0055333599680384305,112.12813880137709,1,152.8776,173.90692373995608,131.84827626004392
2024-07-30 00:00:00+05:30,171.42,177.07,169.05,173.4,11735036,172.87,173.74,172.0,0.010065367038815347,112.12813880137709,1,154.3236,175.82197938449963,132.82522061550037
2024-07-31 00:00:00+05:30,174.31,187.29,172.24,181.0,26688143,173.17333333333332,173.06,173.28666666666663,0.001308900523560004,114.11101118039788,1,155.9284,179.09783619857586,132.75896380142416
2024-08-01 00:00:00+05:30,181.76,182.31,173.29,175.48,10918671,180.17666666666665,179.765,180.5883333333333,0.004569589106987532,114.11101118039788,1,157.3216,180.83483962706703,133.80836037293295
2024-08-02 00:00:00+05:30,171.63,181.57,168.73,176.82,11439538,177.02666666666667,177.8,176.25333333333333,0.008736913459365902,114.11101118039788,1,158.8696,182.21751226983417,135.5216877301658
2024-08-05 00:00:00+05:30,169.55,174.02,164.31,168.04,16239274,175.70666666666662,175.14999999999998,176.26333333333326,0.0063363181059338716,114.11101118039788,1,159.9976,182.25856945238175,137.73663054761826
2024-08-06 00:00:00+05:30,170.53,176.95,161.73,163.81,13321341,168.79,169.16500000000002,168.41499999999996,0.004443391196161247,114.11101118039788,1,160.8972,181.84529548956354,139.94910451043646
2024-08-07 00:00:00+05:30,169.6,172.49,164.83,170.17,8673870,167.49666666666664,169.33999999999997,165.6533333333333,0.02201038826643317,114.11101118039788,1,162.0292,181.76569121398916,142.29270878601085
2024-08-08 00:00:00+05:30,170.41,174.13,168.36,169.46,8129807,169.16333333333333,168.66000000000003,169.66666666666663,0.00595085617450553,114.11101118039788,1,163.18959999999998,181.03537707357876,145.3438229264212
2024-08-09 00:00:00+05:30,172.6,174.47,169.15,171.74,8316882,170.65,171.245,170.055,0.006973337239964827,114.11101118039788,1,163.8684,181.6724397033895,146.06436029661052
2024-08-12 00:00:00+05:30,184.31,206.09,175.97,205.57,93688282,171.78666666666666,171.81,171.76333333333332,0.00027165476560082896,117.79299197094363,1,165.83,189.73020384850028,141.92979615149974
2024-08-13 00:00:00+05:30,214.78,233.57,210.5,212.7,81136937,195.87666666666667,191.03,200.72333333333333,0.049486922042781996,143.88747229210588,1,168.10240000000002,197.87224153400663,138.3325584659934
2024-08-14 00:00:00+05:30,220.8,221.57,204.37,207.14,28969521,218.92333333333332,222.035,215.81166666666664,0.02842699879714371,143.88747229210588,1,170.1184,203.1813589383628,137.05544106163723
2024-08-16 00:00:00+05:30,211.93,214.79,201.29,209.7,15004939,211.02666666666664,212.97,209.0833333333333,0.018417893473178966,143.88747229210588,1,172.2164,208.26816850252789,136.1646314974721
2024-08-19 00:00:00+05:30,212.62,218.24,209.07,210.33,9678609,208.59333333333333,208.04,209.14666666666668,0.005305378887148918,143.88747229210588,1,174.396,212.73972167643433,136.05227832356564
2024-08-20 00:00:00+05:30,210.55,218.83,205.52,216.23,12098412,212.54666666666665,213.655,211.4383333333333,0.010429082240762956,143.88747229210588,1,176.2732,217.89054935144065,134.65585064855935
2024-08-21 00:00:00+05:30,216.76,217.06,211.05,212.27,5173163,213.52666666666667,212.175,214.87833333333333,0.01266040151113047,143.88747229210588,1,178.062,221.81531539437736,134.30868460562266
2024-08-22 00:00:00+05:30,212.92,228.69,211.0,220.1,17735122,213.46,214.055,212.865,0.0055748149536212765,143.88747229210588,1,180.3016,226.62540595071886,133.97779404928116
2024-08-23 00:00:00+05:30,221.69,221.74,214.34,215.56,5298284,219.92999999999998,219.845,220.01499999999996,0.0007729732187512349,143.88747229210588,1,182.59879999999998,229.98063696565438,135.21696303434558
2024-08-26 00:00:00+05:30,216.52,224.58,213.18,222.69,10122333,217.21333333333337,218.04000000000002,216.3866666666667,0.007611564667607762,143.88747229210588,1,185.454,233.5472454301002,137.36075456989983
2024-08-27 00:00:00+05:30,224.84,227.95,221.35,224.82,11043431,220.15,218.88,221.42000000000002,0.011537588008176336,146.53352687640563,1,188.5476,236.42143394882686,140.67376605117312
2024-08-28 00:00:00+05:30,226.37,233.62,216.86,223.08,17554923,224.70666666666662,224.64999999999998,224.76333333333326,0.0005043612413218141,146.53352687640563,1,191.55719999999997,238.2619500864724,144.85244991352752
2024-08-29 00:00:00+05:30,221.6,222.38,214.59,216.8,6014804,224.52,225.24,223.8,0.0064136825227151155,146.53352687640563,1,193.9172,239.50973606282332,148.3246639371767
2024-08-30 00:00:00+05:30,217.8,220.21,209.32,217.95,8633002,217.92333333333332,218.485,217.36166666666662,0.0051547180200990795,146.53352687640563,1,196.1512,240.75114307440137,151.5512569255986
2024-09-02 00:00:00+05:30,218.83,220.52,211.94,217.48,5605475,215.82666666666668,214.765,216.88833333333338,0.009838141718663394,146.53352687640563,1,198.1388,241.92740941203593,154.35019058796408
2024-09-03 00:00:00+05:30,218.14,224.01,216.0,219.74,6745118,216.64666666666668,216.23000000000002,217.06333333333333,0.0038465089085145446,146.53352687640563,1,200.0832,243.2139477217801,156.9524522782199
2024-09-04 00:00:00+05:30,216.76,219.34,213.91,217.76,6745589,219.91666666666666,220.005,219.82833333333332,0.0008033345964380895,146.53352687640563,1,201.85760000000002,244.09198874850492,159.62321125149512
2024-09-05 00:00:00+05:30,218.34,221.25,215.88,219.3,5101089,217.00333333333333,216.625,217.38166666666666,0.0034868896023102286,146.53352687640563,1,203.3896,245.2635435850009,161.5156564149991
2024-09-06 00:00:00+05:30,220.31,226.72,217.02,222.66,15802804,218.81000000000003,218.565,219.05500000000006,0.0022393857684752335,147.95555945267114,1,205.2768,246.1909230266498,164.3626769733502
2024-09-09 00:00:00+05:30,221.1,232.63,211.69,230.72,17432997,222.13333333333333,221.87,222.39666666666665,0.0023709483793516316,147.95555945267114,1,207.4328,247.79841448361503,167.06718551638494
2024-09-10 00:00:00+05:30,232.64,242.49,232.64,238.07,23903902,225.01333333333332,222.16,227.86666666666665,0.0253614600616259,160.5211795915817,1,210.234,248.96242883464072,171.5055711653593
2024-09-11 00:00:00+05:30,239.53,246.93,233.62,235.13,15770145,237.73333333333335,237.565,237.9016666666667,0.0014161525518790025,162.58613240791846,1,213.0868,248.03929654945733,178.1343034505427
2024-09-12 00:00:00+05:30,237.56,247.8,237.46,243.21,16175091,238.56000000000003,240.275,236.84500000000006,0.014377934272300257,164.5010871116017,1,216.00839999999997,248.2267628038394,183.79003719616054
2024-09-13 00:00:00+05:30,245.45,249.56,237.02,247.41,13268869,242.82333333333335,242.63,243.0166666666667,0.0015923785468174923,164.77504362713768,1,219.12640000000002,247.59083950194383,190.6619604980562
2024-09-16 00:00:00+05:30,248.55,250.62,234.75,236.93,9547341,244.66333333333333,243.29000000000002,246.03666666666663,0.011226310985163065,164.77504362713768,1,221.73399999999998,243.51623055611654,199.95176944388342
2024-09-17 00:00:00+05:30,237.56,242.49,234.85,241.15,8261220,240.76666666666665,242.685,238.8483333333333,0.01593520697771024,164.77504362713768,1,223.15720000000002,245.17711282089502,201.13728717910502
2024-09-18 00:00:00+05:30,245.45,254.71,238.5,245.1,20436338,239.49666666666667,238.67000000000002,240.32333333333332,0.00690336678311448,166.4523377984993,1,224.4532,247.64154722527275,201.26485277472727
2024-09-19 00:00:00+05:30,246.47,247.42,227.2,238.08,15246412,246.10333333333335,246.60500000000002,245.6016666666667,0.004076878276062888,166.4523377984993,1,225.69079999999997,248.34744753311514,203.0341524668848
2024-09-20 00:00:00+05:30,239.29,256.29,235.74,250.71,30518002,237.5666666666667,237.31,237.82333333333338,0.0021607969692719713,166.4523377984993,1,227.3312,251.03353697844608,203.6288630215539
2024-09-23 00:00:00+05:30,256.29,258.16,248.26,250.07,9972938,247.58,246.01500000000001,249.145,0.012642378221181014,168.78248369449304,1,228.9208,253.17312816534962,204.6684718346504
2024-09-24 00:00:00+05:30,250.38,251.92,242.01,248.39,9962285,252.16333333333333,253.21,251.11666666666665,0.008301497706513089,168.78248369449304,1,230.20719999999997,255.03531021080357,205.37908978919637
2024-09-25 00:00:00+05:30,248.01,250.27,241.5,242.9,4304184,247.43999999999997,246.96499999999997,247.91499999999996,0.003839314581312596,168.78248369449304,1,231.43240000000003,255.61356707191385,207.2512329280862
2024-09-26 00:00:00+05:30,242.49,244.36,238.25,241.73,3868921,244.89,245.885,243.89499999999998,0.008126097431499895,168.78248369449304,1,232.2976,256.3424190045134,208.2527809954866
2024-09-27 00:00:00+05:30,241.21,243.28,230.28,234.78,5556350,241.4466666666667,241.305,241.58833333333337,0.0011734820664330004,168.78248369449304,1,233.0664,256.1304741448645,210.00232585513547
2024-09-30 00:00:00+05:30,234.78,242.98,229.77,234.09,10465691,236.11333333333334,236.78,235.4466666666667,0.005647005675240623,168.78248369449304,1,233.52239999999998,256.1952971452659,210.84950285473406
2024-10-01 00:00:00+05:30,235.05,238.33,231.66,235.86,4304000,235.61333333333334,236.375,234.8516666666667,0.00646539528040283,168.78248369449304,1,233.96400000000003,256.37019200131533,211.5578079986847
2024-10-03 00:00:00+05:30,226.72,234.11,225.63,226.68,5203967,235.28333333333333,234.995,235.57166666666666,0.0024509456683430774,168.78248369449304,1,234.108,256.27756760967173,211.93843239032824
2024-10-04 00:00:00+05:30,226.68,227.46,215.04,219.08,7650638,228.8066666666667,229.87,227.7433333333334,0.009294600973164861,168.78248369449304,1,234.1992,256.1003480393108,212.2980519606892
2024-10-07 00:00:00+05:30,220.2,222.04,203.32,205.17,11496329,220.52666666666667,221.25,219.80333333333334,0.006560053205961448,168.78248369449304,1,233.688,257.58779614975424,209.78820385024576
2024-10-08 00:00:00+05:30,202.07,213.02,201.09,211.56,14912180,210.17666666666665,212.68,207.6733333333333,0.023821229759091803,168.78248369449304,1,233.4512,258.09441038825514,208.80798961174483
2024-10-09 00:00:00+05:30,213.36,226.18,213.36,220.1,12243807,208.5566666666667,207.055,210.0583333333334,0.014400562596896383,168.78248369449304,1,233.46560000000002,258.0771459603782,208.85405403962184
2024-10-10 00:00:00+05:30,221.77,223.86,214.89,216.05,4613963,219.88,219.77,219.98999999999998,0.0010005457522283539,168.78248369449304,1,233.39719999999997,258.1917849055758,208.60261509442418
2024-10-11 00:00:00+05:30,216.01,217.29,213.43,215.49,3071203,218.26666666666665,219.375,217.1583333333333,0.010155772755039847,168.78248369449304,1,233.24480000000003,258.42789789997664,208.0617021000234
2024-10-14 00:00:00+05:30,215.49,225.73,209.47,211.79,15583164,215.40333333333334,215.36,215.44666666666666,0.00040234598659868163,168.78248369449304,1,232.81,259.0617711402451,206.55822885975488
2024-10-15 00:00:00+05:30,213.0,221.59,211.41,220.72,9765318,215.66333333333333,217.6,213.72666666666666,0.017960092118889017,168.78248369449304,1,232.41,259.07839867708236,205.74160132291763
2024-10-16 00:00:00+05:30,220.9,227.6,214.99,216.55,11291497,217.90666666666667,216.5,219.31333333333333,0.01291072630483999,168.78248369449304,1,231.54919999999998,258.81383316165847,204.28456683834148
2024-10-17 00:00:00+05:30,217.48,217.65,210.5,212.66,5291223,219.71333333333337,221.29500000000002,218.13166666666672,0.014397548320538724,168.78248369449304,1,230.65040000000002,258.8490810925584,202.45171890744166
2024-10-18 00:00:00+05:30,211.83,224.76,205.52,219.2,23090139,213.60333333333332,214.075,213.13166666666666,0.0044162856384887626,168.78248369449304,1,229.69,257.7473526905125,201.63264730948748
2024-10-21 00:00:00+05:30,221.21,225.53,213.04,213.94,5930182,216.49333333333334,215.14,217.8466666666667,0.012502309539939825,168.78248369449304,1,228.35119999999998,256.0909864851157,200.61141351488422
2024-10-22 00:00:00+05:30,213.41,213.41,201.09,202.91,6349388,217.50333333333333,219.285,215.72166666666666,0.01638289068366768,168.78248369449304,1,226.99040000000002,256.2115235814062,197.76927641859385
2024-10-23 00:00:00+05:30,199.61,207.89,194.54,205.11,7525780,205.8033333333333,207.25,204.35666666666663,0.014058729207496026,168.78248369449304,1,225.54879999999997,255.3830494834345,195.71455051656545
2024-10-24 00:00:00+05:30,205.03,207.99,200.07,206.22,4793674,202.51333333333332,201.21499999999997,203.81166666666667,0.012822201007341208,168.78248369449304,1,223.99360000000001,253.64194477942763,194.3452552205724
2024-10-25 00:00:00+05:30,207.15,208.44,194.45,200.04,7523668,204.76,204.03,205.48999999999998,0.00713029888650117,168.78248369449304,1,222.472,252.9649337388159,191.97906626118413
2024-10-28 00:00:00+05:30,209.96,213.9,200.31,209.92,21950743,200.97666666666666,201.445,200.50833333333333,0.0046605741960094905,168.78248369449304,1,220.84040000000002,249.420068006466,192.26073199353402
2024-10-29 00:00:00+05:30,210.95,211.33,204.11,208.98,6330867,208.04333333333332,207.10500000000002,208.98166666666663,0.009020556614807532,168.78248369449304,1,219.1968,245.49888491811663,192.89471508188336
2024-10-30 00:00:00+05:30,209.66,218.83,207.7,215.8,6006080,208.14000000000001,207.72000000000003,208.56,0.004035745171519049,168.78248369449304,1,217.8932,241.35571118358433,194.43068881641568
2024-10-31 00:00:00+05:30,215.92,221.74,213.9,220.61,4906303,214.10999999999999,213.265,214.95499999999998,0.007893139040680014,168.78248369449304,1,217.0016,238.1779118072959,195.82528819270408
2024-11-01 00:00:00+05:30,221.06,223.27,216.96,219.78,1567007,218.75,217.82,219.68,0.008502857142857206,168.78248369449304,1,216.1236,234.7984163085965,197.44878369140352
2024-11-04 00:00:00+05:30,218.3,218.78,211.0,212.96,4071954,220.00333333333333,220.115,219.89166666666665,0.0010151361343011056,168.78248369449304,1,215.25080000000003,232.32748531770213,198.17411468229793
2024-11-05 00:00:00+05:30,211.93,216.56,210.15,215.75,3541567,214.24666666666667,214.89,213.60333333333335,0.00600553878706771,168.78248369449304,1,214.5172,229.77216327887496,199.26223672112505
2024-11-06 00:00:00+05:30,216.71,222.44,215.04,221.88,4754875,214.15333333333334,213.35500000000002,214.95166666666665,0.007455717087444988,168.78248369449304,1,213.958,226.89068726908,201.02531273092
2024-11-07 00:00:00+05:30,221.88,224.01,214.45,215.49,3756184,219.78666666666666,218.74,220.83333333333331,0.009524387284639522,168.78248369449304,1,213.5104,225.3819060274518,201.6388939725482
2024-11-08 00:00:00+05:30,216.52,217.07,205.03,206.3,4681636,217.98333333333335,219.23,216.7366666666667,0.011438183347350481,168.78248369449304,1,212.99920000000003,224.96759427157318,201.03080572842688
2024-11-11 00:00:00+05:30,205.92,206.02,198.62,201.86,4654227,209.4666666666667,211.05,207.88333333333338,0.01511775938892407,168.78248369449304,1,212.8668,225.24492615220194,200.48867384779808
2024-11-12 00:00:00+05:30,203.06,205.62,196.36,197.15,3720866,202.16666666666666,202.32,202.01333333333332,0.0015169002473207189,168.78248369449304,1,212.2904,226.11569100452593,198.46510899547408
2024-11-13 00:00:00+05:30,197.15,197.15,182.08,184.18,8501092,199.71,200.99,198.43,0.012818586951079075,168.78248369449304,1,210.85359999999997,228.16122410499565,193.5459758950043
2024-11-14 00:00:00+05:30,183.26,191.03,183.01,187.32,6195086,187.80333333333337,189.615,185.99166666666673,0.019293232281996826,168.78248369449304,1,209.70440000000002,229.16111222380158,190.24768777619846
2024-11-18 00:00:00+05:30,187.31,189.16,182.85,186.17,5351675,187.11999999999998,187.01999999999998,187.21999999999997,0.0010688328345446166,168.78248369449304,1,208.5316,229.89336448142404,187.16983551857595
2024-11-19 00:00:00+05:30,189.26,192.85,186.32,187.36,4728478,186.05999999999997,186.005,186.11499999999995,0.0005912071374823005,168.78248369449304,1,207.5544,230.41319302500094,184.69560697499904
2024-11-21 00:00:00+05:30,186.8,188.77,178.17,186.0,7256374,188.84333333333333,189.58499999999998,188.1016666666667,0.007854835577992119,168.78248369449304,1,206.1656,229.85970936414014,182.47149063585988
2024-11-22 00:00:00+05:30,186.29,187.97,181.26,182.08,4492072,184.31333333333336,183.47,185.15666666666672,0.009151083300177545,168.78248369449304,1,204.7868,229.87407404561594,179.69952595438406
2024-11-25 00:00:00+05:30,187.29,188.96,180.5,184.04,9494642,183.77,184.615,182.925,0.009196277956140815,168.78248369449304,1,203.642,229.77779614245253,177.50620385754746
2024-11-26 00:00:00+05:30,182.16,186.57,181.08,181.78,3122934,184.5,184.73000000000002,184.26999999999998,0.00249322493224952,168.78248369449304,1,202.14520000000002,228.82593289547796,175.46446710452207
2024-11-27 00:00:00+05:30,182.31,186.43,181.23,184.46,4250262,183.14333333333332,183.825,182.46166666666664,0.0074440784085325375,168.78248369449304,1,200.96599999999998,228.05997158040586,173.8720284195941
2024-11-28 00:00:00+05:30,184.82,194.88,184.62,190.9,9440349,184.04,183.82999999999998,184.25,0.002282112584220908,168.78248369449304,1,200.4856,227.84921442791946,173.12198557208055
2024-11-29 00:00:00+05:30,191.03,191.82,184.46,188.31,5548772,190.13333333333333,189.75,190.51666666666665,0.004032258064516049,168.78248369449304,1,199.8136,227.51303472635936,172.11416527364065
2024-12-02 00:00:00+05:30,186.23,206.8,185.76,198.08,49087518,188.19666666666663,188.14,188.25333333333327,0.000602206911209659,168.78248369449304,1,199.488,227.0696744959374,171.9063255040626
2024-12-03 00:00:00+05:30,199.56,210.78,198.94,203.61,24843319,196.88,196.28,197.48,0.006095083299471702,168.78248369449304,1,199.63080000000002,227.2593538789102,172.00224612108985
2024-12-04 00:00:00+05:30,204.86,206.98,199.61,201.46,7695903,204.44333333333336,204.86,204.0266666666667,0.004076109109288544,168.78248369449304,1,199.29240000000001,226.61410318556008,171.97069681443995
2024-12-05 00:00:00+05:30,201.58,203.49,198.87,201.31,4925553,202.68333333333337,203.29500000000002,202.07166666666672,0.006035687854617057,168.78248369449304,1,198.98559999999998,226.03618850671907,171.93501149328088
2024-12-06 00:00:00+05:30,201.31,207.42,201.31,204.72,8231860,201.22333333333336,201.18,201.2666666666667,0.00043069889177879396,168.78248369449304,1,198.54240000000001,224.82878660903862,172.2560133909614
2024-12-09 00:00:00+05:30,205.18,209.95,203.6,205.69,6427368,204.48333333333335,204.365,204.6016666666667,0.0011573885402233863,168.78248369449304,1,197.9456,222.8415216451178,173.04967835488222
2024-12-10 00:00:00+05:30,205.69,210.55,202.77,205.22,5964801,206.41333333333333,206.77499999999998,206.05166666666668,0.003504295588140143,168.78248369449304,1,197.3632,220.82888334909185,173.89751665090816
2024-12-11 00:00:00+05:30,205.13,208.19,199.74,200.82,8479205,206.18000000000004,206.66000000000003,205.70000000000005,0.004656125715394216,168.78248369449304,1,196.87760000000003,219.52015623731225,174.2350437626878
2024-12-12 00:00:00+05:30,201.93,203.55,196.97,199.25,4106327,202.91666666666666,203.965,201.8683333333333,0.010332648870636677,168.78248369449304,1,196.21760000000003,217.54496929299648,174.89023070700358
2024-12-13 00:00:00+05:30,197.15,197.24,191.03,193.99,6332109,199.92333333333332,200.26,199.58666666666664,0.0033679577171249627,168.78248369449304,1,195.102,213.68432967094947,176.51967032905054
2024-12-16 00:00:00+05:30,193.99,196.37,190.49,192.56,4074517,194.08666666666667,194.135,194.03833333333336,0.0004980592862293594,168.78248369449304,1,194.1848,210.81202309466767,177.55757690533233
2024-12-17 00:00:00+05:30,191.72,195.81,189.04,189.94,4980763,193.14000000000001,193.43,192.85000000000002,0.0030030030030029206,168.78248369449304,1,193.53040000000001,209.47248365803702,177.588316341963
2024-12-18 00:00:00+05:30,191.42,192.51,185.86,187.15,4651805,191.59666666666666,192.425,190.76833333333332,0.008646636162772637,168.78248369449304,1,192.942,208.69565151321598,177.18834848678404
2024-12-19 00:00:00+05:30,182.46,186.01,182.02,185.13,3053917,188.50666666666666,189.185,187.82833333333332,0.007196916112604417,168.78248369449304,1,192.4612,208.40435132713267,176.5180486728673
2024-12-20 00:00:00+05:30,185.37,187.97,181.39,185.77,4575129,184.38666666666666,184.015,184.75833333333333,0.004031383324896989,168.78248369449304,1,192.52480000000003,208.34753414552154,176.70206585447852
2024-12-23 00:00:00+05:30,184.34,185.76,179.4,182.33,4535534,185.04333333333332,184.68,185.40666666666664,0.003927008088195365,168.78248369449304,1,192.3252,208.52688496915837,176.12351503084162
2024-12-24 00:00:00+05:30,181.37,185.71,181.37,182.86,2209323,182.49666666666667,182.57999999999998,182.41333333333336,0.0009132586896562244,168.78248369449304,1,192.19279999999998,208.6456733247373,175.73992667526267
2024-12-26 00:00:00+05:30,183.23,184.17,179.78,180.83,1801119,183.31333333333336,183.54000000000002,183.0866666666667,0.0024729970542240183,168.78248369449304,1,191.9316,208.88286254176523,174.98033745823477
2024-12-27 00:00:00+05:30,180.39,181.56,177.46,178.09,2177033,181.59333333333333,181.975,181.21166666666667,0.0042035317008700095,168.78248369449304,1,191.61520000000002,209.27786763090597,173.95253236909406
2024-12-30 00:00:00+05:30,177.9,179.29,174.47,178.57,3703331,179.03666666666666,179.51,178.56333333333333,0.005287557483569428,168.78248369449304,1,191.4748,209.490685541373,173.45891445862696
2024-12-31 00:00:00+05:30,176.54,180.34,171.87,178.44,6679763,177.4433333333333,176.88,178.0066666666666,0.006349444893205015,168.78248369449304,1,191.25080000000003,209.7632873920242,172.73831260797584
2025-01-01 00:00:00+05:30,178.02,186.12,177.83,184.68,3724969,176.88333333333335,176.10500000000002,177.6616666666667,0.008800527654763055,168.78248369449304,1,191.3668,209.67567934964492,173.0579206503551
2025-01-02 00:00:00+05:30,185.7,186.66,182.76,186.06,2933310,182.8766666666667,181.97500000000002,183.77833333333336,0.009860926307347436,168.78248369449304,1,191.4308,209.65364273761517,173.20795726238484
2025-01-03 00:00:00+05:30,185.12,188.67,181.39,182.17,3513408,185.16,184.70999999999998,185.61,0.004860661049902971,168.78248369449304,1,191.0816,209.66280399112648,172.50039600887354
2025-01-06 00:00:00+05:30,182.16,182.36,168.82,170.24,6126478,184.07666666666663,185.02999999999997,183.12333333333328,0.010358003005994034,168.78248369449304,1,190.3588,210.64282983235472,170.07477016764528
2025-01-07 00:00:00+05:30,169.45,174.77,169.05,170.57,5041912,173.8066666666667,175.59,172.0233333333334,0.02052088527482608,168.78248369449304,1,189.25840000000005,210.6993676498021,167.817432350198
2025-01-08 00:00:00+05:30,170.82,171.33,165.31,166.58,3647324,171.46333333333337,171.91000000000003,171.0166666666667,0.005210054627811485,223.89761545935255,-1,187.77720000000002,210.14400363037734,165.4103963696227
2025-01-09 00:00:00+05:30,165.5,166.47,159.91,160.58,3196175,167.74,168.32,167.16000000000003,0.006915464409204532,218.41211084097844,-1,186.142,210.1830768477592,162.1009231522408
2025-01-10 00:00:00+05:30,158.85,159.74,149.55,153.14,10664592,162.32000000000002,163.19,161.45000000000005,0.010719566288811927,210.7466264073393,-1,184.2152,210.6835461485577,157.74685385144232
2025-01-13 00:00:00+05:30,149.83,154.45,145.12,146.93,8858124,154.14333333333335,154.645,153.64166666666668,0.006509093268170297,206.25496135104572,-1,181.9036,210.7888498718615,153.01835012813854
2025-01-14 00:00:00+05:30,154.27,160.38,147.67,153.04,25970180,148.83333333333334,149.785,147.8816666666667,0.012788353863381684,206.25496135104572,-1,179.7976,209.11290400592625,150.48229599407372
2025-01-15 00:00:00+05:30,153.33,162.86,153.1,161.32,11241144,153.69666666666663,154.02499999999998,153.36833333333328,0.004272484764362889,206.25496135104572,-1,178.0416,206.2953188660162,149.78788113398377
2025-01-16 00:00:00+05:30,162.87,169.96,162.67,163.34,7206100,159.09333333333333,157.98000000000002,160.20666666666665,0.013995977204156665,206.25496135104572,-1,176.5424,203.76090974906384,149.32389025093613
2025-01-17 00:00:00+05:30,162.51,164.52,160.16,163.9,4058146,165.32333333333335,166.315,164.3316666666667,0.011996693348387754,206.25496135104572,-1,175.1284,201.12687914320927,149.12992085679073
2025-01-20 00:00:00+05:30,164.87,167.57,161.53,166.53,3468507,162.86,162.34,163.38000000000002,0.006385852879774164,206.25496135104572,-1,174.03,199.0500438049155,149.0099561950845
2025-01-21 00:00:00+05:30,167.48,167.48,158.92,163.21,5368733,165.21,164.55,165.87,0.007989831124023928,206.25496135104572,-1,172.85600000000002,197.0279533343893,148.68404666561074
2025-01-22 00:00:00+05:30,162.82,162.82,152.79,154.02,5912698,163.20333333333335,163.2,163.2066666666667,4.084883887206621e-05,206.25496135104572,-1,171.4192,195.62859580906337,147.2098041909366
2025-01-23 00:00:00+05:30,152.93,154.28,146.5,147.32,8192479,156.54333333333332,157.805,155.28166666666664,0.01611907246129955,206.25496135104572,-1,169.82600000000002,194.9112913078541,144.74070869214594
2025-01-24 00:00:00+05:30,147.33,147.91,139.58,140.85,7440637,149.36666666666665,150.39,148.3433333333333,0.013702298594063923,201.1938300598876,-1,168.0548,194.7678422797536,141.3417577202464
2025-01-27 00:00:00+05:30,138.0,138.87,131.1,137.01,12727376,142.78,143.745,141.815,0.013517299341644536,192.8658768574921,-1,166.10440000000003,194.4304056231003,137.77839437689974
2025-01-28 00:00:00+05:30,136.28,136.51,128.46,133.0,7476991,135.66,134.985,136.33499999999998,0.009951348960636635,190.44464178319242,-1,164.13120000000004,194.4628586134012,133.79954138659886
2025-01-29 00:00:00+05:30,136.03,159.6,135.69,159.2,54615150,132.65666666666667,132.485,132.82833333333332,0.0025881347840287353,190.44464178319242,-1,163.1848,192.58198741376316,133.78761258623683
2025-01-30 00:00:00+05:30,162.41,165.99,154.86,159.53,33263039,151.49666666666664,147.64499999999998,155.3483333333333,0.050848203480824576,190.44464178319242,-1,162.33280000000002,190.85667997169946,133.80892002830058
2025-01-31 00:00:00+05:30,161.17,169.98,157.72,166.18,22459444,160.12666666666667,160.425,159.82833333333332,0.003726216745076975,190.44464178319242,-1,161.8564,189.7014310856339,134.0113689143661
2025-02-01 00:00:00+05:30,173.51,186.11,160.99,169.43,56980272,164.62666666666667,163.85,165.40333333333334,0.00943549040252698,190.44464178319242,-1,161.4908,188.68075221474137,134.30084778525864
2025-02-03 00:00:00+05:30,165.61,167.38,156.27,159.49,12851418,172.17666666666665,173.55,170.80333333333328,0.015952606818578168,190.44464178319242,-1,160.7328,187.0324520250729,134.4331479749271
2025-02-04 00:00:00+05:30,162.65,173.39,159.7,165.61,32706146,161.04666666666665,161.825,160.26833333333332,0.009665935339653136,190.44464178319242,-1,159.97,184.49336094420835,135.44663905579165
2025-02-05 00:00:00+05:30,166.59,171.37,164.94,167.91,11352498,166.23333333333332,166.545,165.92166666666665,0.003749749348305604,190.44464178319242,-1,159.244,181.61504843318534,136.87295156681466
2025-02-06 00:00:00+05:30,168.18,171.27,166.89,168.02,5772876,168.07333333333335,168.155,167.9916666666667,0.0009717980246715627,190.44464178319242,-1,158.678,179.35187375408697,138.00412624591303
2025-02-07 00:00:00+05:30,168.02,168.5,163.43,166.1,4372550,168.72666666666666,169.07999999999998,168.37333333333333,0.004188233434746429,190.44464178319242,-1,158.5124,178.87718236956945,138.14761763043057
2025-02-10 00:00:00+05:30,163.57,167.52,159.41,166.32,5989794,166.01,165.965,166.05499999999998,0.0005421360159025058,190.44464178319242,-1,158.3424,178.36989172911893,138.31490827088106
2025-02-11 00:00:00+05:30,164.62,166.35,161.03,163.96,5755151,164.41666666666666,163.465,165.3683333333333,0.0115762797769892,190.44464178319242,-1,158.23760000000001,178.11845493533735,138.35674506466268
2025-02-12 00:00:00+05:30,164.62,175.01,161.71,173.23,22180019,163.78,163.69,163.87,0.0010990352912443938,190.44464178319242,-1,158.74360000000001,179.46339450090966,138.02380549909037
2025-02-13 00:00:00+05:30,173.47,176.45,171.62,173.69,6215131,169.98333333333335,168.36,171.60666666666668,0.019099911756054532,190.44464178319242,-1,159.5656,180.95078820492174,138.18041179507824
2025-02-14 00:00:00+05:30,173.72,176.03,166.42,169.48,9372752,173.92,174.035,173.80499999999998,0.00132244710211602,190.44464178319242,-1,160.4676,181.54492831646178,139.39027168353823
2025-02-17 00:00:00+05:30,166.58,172.75,164.81,168.35,4072680,170.64333333333332,171.225,170.06166666666664,0.006817338307971922,190.44464178319242,-1,161.08,182.148168216528,140.01183178347202
2025-02-18 00:00:00+05:30,168.56,169.1,158.84,161.47,6531600,168.63666666666666,168.78,168.4933333333333,0.0016999070981005922,190.44464178319242,-1,161.08599999999998,182.1545236312353,140.01747636876468
2025-02-19 00:00:00+05:30,160.08,170.24,157.72,167.07,6913129,163.13666666666666,163.97,162.3033333333333,0.010216382991765713,190.44464178319242,-1,161.2352,182.4179780010064,140.0524219989936
2025-02-20 00:00:00+05:30,166.59,173.49,166.1,171.93,9143306,165.01000000000002,163.98000000000002,166.04000000000002,0.012484091873219817,190.44464178319242,-1,161.5564,183.13096419397434,139.98183580602566
2025-02-21 00:00:00+05:30,171.71,175.32,169.23,170.41,4484587,170.5066666666667,169.79500000000002,171.21833333333336,0.008347669690334764,190.44464178319242,-1,161.7116,183.48197890712788,139.94122109287213
2025-02-24 00:00:00+05:30,169.4,169.42,163.93,165.25,3221824,171.6533333333333,172.27499999999998,171.03166666666664,0.007243281031536466,190.44464178319242,-1,161.79319999999998,183.60069355244474,139.98570644755523
2025-02-25 00:00:00+05:30,165.45,167.98,162.67,166.3,2752490,166.20000000000002,166.675,165.72500000000002,0.005716004813477668,190.44464178319242,-1,162.28439999999998,183.9219562982495,140.64684370175044
2025-02-27 00:00:00+05:30,161.27,162.88,151.8,154.17,11104977,165.65,165.325,165.97500000000002,0.003923936009659125,190.44464178319242,-1,162.5584,183.59620344427424,141.52059655572577
2025-02-28 00:00:00+05:30,152.28,153.48,143.93,148.05,7646776,156.28333333333333,157.34,155.22666666666666,0.013522448544310615,190.44464178319242,-1,162.8464,182.8597866239554,142.8330133760446
2025-03-03 00:00:00+05:30,149.24,150.74,134.55,141.88,12052433,148.48666666666665,148.70499999999998,148.26833333333332,0.002940780316975716,190.44464178319242,-1,163.0412,182.11775928724873,143.96464071275128
2025-03-04 00:00:00+05:30,141.45,148.53,139.5,142.67,8339890,142.39000000000001,142.645,142.13500000000002,0.0035817121988903074,190.44464178319242,-1,163.428,180.31937626127353,146.53662373872646
2025-03-05 00:00:00+05:30,142.54,152.64,141.34,151.73,8014880,143.56666666666663,144.015,143.11833333333328,0.00624564662177876,190.44464178319242,-1,163.1292,180.56468741618414,145.69371258381585
2025-03-06 00:00:00+05:30,154.44,156.24,150.13,151.0,4663269,148.57000000000002,146.99,150.15000000000003,0.021269435283031733,190.44464178319242,-1,162.78799999999998,180.81566407496868,144.76033592503128
2025-03-07 00:00:00+05:30,152.3,171.05,150.46,168.31,71139053,152.45666666666668,153.185,151.72833333333335,0.009554627544438742,190.44464178319242,-1,162.8732,180.98412286549518,144.7622771345048
2025-03-10 00:00:00+05:30,168.79,172.55,160.72,165.24,17310226,163.27333333333334,160.755,165.79166666666669,0.030848066636723837,190.44464178319242,-1,162.7056,180.64747243739953,144.76372756260048
2025-03-11 00:00:00+05:30,161.66,164.56,157.64,162.24,9866174,166.17,166.635,165.70499999999998,0.005596678100740248,190.44464178319242,-1,162.81560000000002,180.71092504761836,144.92027495238167
2025-03-12 00:00:00+05:30,163.63,165.2,160.05,162.26,5402418,161.48,161.1,161.85999999999999,0.004706465196928356,190.44464178319242,-1,162.6816,180.5413546948416,144.8218453051584
2025-03-13 00:00:00+05:30,163.14,163.27,158.8,160.09,5048650,162.50333333333333,162.625,162.38166666666666,0.001497405181432213,190.44464178319242,-1,162.36880000000002,180.12493410176657,144.61266589823347
2025-03-17 00:00:00+05:30,160.09,161.56,157.15,158.32,4220102,160.72000000000003,161.03500000000003,160.40500000000003,0.003919860627177672,190.44464178319242,-1,161.9808,179.6497331154973,144.31186688450268
2025-03-18 00:00:00+05:30,159.2,164.77,159.2,163.67,5023650,159.01000000000002,159.35500000000002,158.66500000000002,0.004339349726432285,190.44464178319242,-1,161.8836,179.48743765432746,144.27976234567254
2025-03-19 00:00:00+05:30,164.57,167.74,163.67,166.26,4139572,162.54666666666665,161.985,163.1083333333333,0.006910835862521192,190.44464178319242,-1,161.8812,179.48263386886188,144.27976613113813
2025-03-20 00:00:00+05:30,167.97,170.42,164.37,169.2,7291586,165.89,165.70499999999998,166.075,0.0022303936343360336,190.44464178319242,-1,162.0908,179.90971392425246,144.27188607574755
2025-03-21 00:00:00+05:30,167.57,171.6,166.71,169.49,5919905,167.99666666666664,167.39499999999998,168.5983333333333,0.007162840532550165,190.44464178319242,-1,161.94119999999998,179.44350825462507,144.4388917453749
2025-03-24 00:00:00+05:30,170.28,174.18,169.1,170.38,7098022,169.26666666666668,169.155,169.37833333333336,0.0013194170933439793,190.44464178319242,-1,161.8088,179.0009296598158,144.61667034018419
2025-03-25 00:00:00+05:30,172.21,173.34,164.22,165.77,4572374,171.22,171.64,170.8,0.004905968928863304,190.44464178319242,-1,161.66039999999998,178.64793187958503,144.67286812041493
2025-03-26 00:00:00+05:30,166.59,166.59,156.24,157.26,7297924,167.77666666666667,168.78,166.77333333333334,0.01196034410823909,190.44464178319242,-1,161.2168,178.06100253499463,144.37259746500538
2025-03-27 00:00:00+05:30,157.72,158.9,153.58,156.11,12894268,160.03,161.41500000000002,158.64499999999998,0.01730925451477872,190.44464178319242,-1,161.0024,177.96429072479594,144.04050927520404
2025-03-28 00:00:00+05:30,158.7,168.12,158.21,160.71,22400175,156.1966666666667,156.24,156.15333333333336,0.0005548560575341642,190.44464178319242,-1,160.748,177.52804815249107,143.9679518475089
2025-04-01 00:00:00+05:30,161.02,162.64,153.34,154.49,6124257,162.3466666666667,163.16500000000002,161.52833333333336,0.01008130749014448,190.44464178319242,-1,160.0504,176.35633460553305,143.74446539446694
2025-04-02 00:00:00+05:30,155.93,158.9,152.02,157.7,5927418,156.82333333333335,157.99,155.6566666666667,0.01487873828299348,190.44464178319242,-1,159.542,175.30785272035487,143.77614727964513
2025-04-03 00:00:00+05:30,154.81,160.28,154.76,156.3,4887005,156.20666666666668,155.46,156.95333333333335,0.009559984635739016,190.44464178319242,-1,159.184,174.82107594148988,143.54692405851011
2025-04-04 00:00:00+05:30,156.73,157.4,147.86,151.65,7752365,157.11333333333332,157.51999999999998,156.70666666666665,0.0051767301735477535,190.44464178319242,-1,158.598,174.22247925531994,142.9735207446801
2025-04-07 00:00:00+05:30,136.48,142.93,135.45,138.87,11244948,152.3033333333333,152.63,151.97666666666663,0.00428968505832679,190.44464178319242,-1,157.986,175.35724244260965,140.61475755739033
2025-04-08 00:00:00+05:30,144.9,147.27,139.9,142.67,5883137,139.08333333333334,139.19,138.9766666666667,0.0015338526063509393,190.44464178319242,-1,157.7708,175.75167154283474,139.78992845716527
2025-04-09 00:00:00+05:30,141.99,142.79,137.71,139.14,4391415,143.28,143.585,142.975,0.004257398101619302,190.44464178319242,-1,157.66119999999998,176.05679627301936,139.2656037269806
2025-04-11 00:00:00+05:30,144.22,150.31,142.01,149.43,13833007,139.88,140.25,139.51,0.005290248784672642,190.44464178319242,-1,157.9316,175.62307110219848,140.24012889780153
2025-04-15 00:00:00+05:30,152.79,160.27,152.79,159.03,14581798,147.25,146.16,148.34,0.014804753820034003,190.44464178319242,-1,158.2236,175.73606859126158,140.71113140873842
2025-04-16 00:00:00+05:30,159.15,164.81,158.8,162.33,8541051,157.36333333333334,156.53,158.1966666666667,0.010591200830350265,190.44464178319242,-1,158.67680000000001,176.00348851915803,141.350111480842
2025-04-17 00:00:00+05:30,161.38,164.04,159.7,160.53,4899927,161.98000000000002,161.805,162.15500000000003,0.00216076058772702,190.44464178319242,-1,158.3656,175.2631880693051,141.4680119306949
2025-04-21 00:00:00+05:30,164.62,170.4,164.24,165.07,19634162,161.42333333333332,161.87,160.97666666666663,0.0055341028764947665,190.44464178319242,-1,158.3588,175.245450178171,141.472149821829
2025-04-22 00:00:00+05:30,166.59,169.54,163.63,166.54,10340650,166.57,167.32,165.82,0.009005223029357027,190.44464178319242,-1,158.53079999999997,175.6579582418077,141.40364175819224
2025-04-23 00:00:00+05:30,167.62,174.18,166.39,172.06,17794240,166.56999999999996,166.58499999999998,166.55499999999995,0.00018010446058731804,190.44464178319242,-1,158.9228,176.80536314514006,141.04023685485993
2025-04-24 00:00:00+05:30,172.5,180.39,170.93,177.73,20430228,170.87666666666667,170.285,171.46833333333333,0.006925072664494882,190.44464178319242,-1,159.6284,178.97188277223935,140.28491722776064
2025-04-25 00:00:00+05:30,179.91,180.28,164.57,169.68,18155475,176.35,175.66,177.04,0.007825347320669099,190.44464178319242,-1,160.08280000000002,179.811866086359,140.35373391364104
2025-04-28 00:00:00+05:30,167.57,174.32,167.57,171.77,6198570,171.51,172.425,170.59499999999997,0.010669931782403597,190.44464178319242,-1,160.4068,180.62094769511492,140.1926523048851
2025-04-29 00:00:00+05:30,173.0,175.16,169.74,172.09,5386265,171.22,170.945,171.495,0.003212241560565421,190.44464178319242,-1,160.64,181.24951702490668,140.0304829750933
2025-04-30 00:00:00+05:30,171.62,171.91,164.92,166.61,4948087,172.33,172.45,172.21000000000004,0.001392676840944422,190.44464178319242,-1,160.5364,180.99826766060025,140.07453233939972
2025-05-02 00:00:00+05:30,166.0,168.22,162.71,163.75,3882042,167.81333333333333,168.415,167.21166666666667,0.007170665819164065,190.44464178319242,-1,160.3068,180.48854440032179,140.12505559967823
2025-05-05 00:00:00+05:30,164.81,171.38,164.81,170.61,5212299,164.89333333333335,165.465,164.3216666666667,0.006933775369936019,190.44464178319242,-1,160.316,180.51630494819125,140.11569505180876
2025-05-06 00:00:00+05:30,170.93,171.36,160.18,162.44,4898719,168.93333333333334,168.095,169.77166666666668,0.009925019731649625,190.44464178319242,-1,160.18280000000001,180.2811529832651,140.08444701673494
2025-05-07 00:00:00+05:30,158.95,167.08,157.98,165.65,5255442,164.66,165.77,163.54999999999998,0.01348232721972566,190.44464178319242,-1,160.5184,180.69038269283215,140.34641730716788
2025-05-08 00:00:00+05:30,166.49,168.08,156.84,158.1,4112732,163.57000000000002,162.53,164.61000000000004,0.012716268264351903,190.44464178319242,-1,160.59799999999998,180.71540261564397,140.480597384356
2025-05-09 00:00:00+05:30,151.92,156.82,151.47,154.58,6762989,161.00666666666666,162.46,159.5533333333333,0.018053082688087623,190.44464178319242,-1,160.3528,180.60772534273872,140.0978746572613
2025-05-12 00:00:00+05:30,164.61,168.41,161.27,167.62,6575447,154.29,154.14499999999998,154.435,0.0018795774191458971,190.44464178319242,-1,160.878,181.1784685660188,140.57753143398116
2025-05-13 00:00:00+05:30,166.6,168.95,165.31,167.47,4372153,165.76666666666668,164.84,166.69333333333336,0.011180374019706533,190.44464178319242,-1,161.2688,181.68533472653766,140.85226527346234
2025-05-14 00:00:00+05:30,168.56,173.49,167.57,171.75,5609885,167.24333333333334,167.13,167.35666666666668,0.0013553106252368078,190.44464178319242,-1,161.8868,182.597518168135,141.176081831865
2025-05-15 00:00:00+05:30,171.75,176.35,171.03,175.62,5996910,170.93666666666664,170.53,171.34333333333328,0.004758097540999254,190.44464178319242,-1,162.8456,183.78995605503104,141.90124394496894
2025-05-16 00:00:00+05:30,177.43,180.05,176.45,177.25,7154326,174.33333333333334,173.69,174.9766666666667,0.007380497131931301,190.44464178319242,-1,164.38080000000002,183.62823799678063,145.13336200321942
2025-05-19 00:00:00+05:30,178.12,186.16,177.71,182.96,12892649,177.91666666666666,178.25,177.58333333333331,0.0037470725995317226,190.44464178319242,-1,165.9924,184.4284327879919,147.5563672120081
2025-05-20 00:00:00+05:30,184.33,186.58,179.65,182.8,10440718,182.27666666666667,181.935,182.61833333333334,0.0037488799078324365,190.44464178319242,-1,167.7388,183.78618914091354,151.69141085908646
2025-05-21 00:00:00+05:30,182.8,186.19,179.24,183.11,4974453,183.01,183.115,182.90499999999997,0.0011474782798756155,190.44464178319242,-1,169.08599999999998,184.39706684721568,153.77493315278429
2025-05-22 00:00:00+05:30,182.8,184.72,178.52,181.55,3860092,182.84666666666666,182.715,182.97833333333332,0.0014401866773616576,190.44464178319242,-1,169.98680000000002,185.47419845938973,154.4994015406103
2025-05-23 00:00:00+05:30,181.57,184.23,178.63,182.34,5273420,181.59666666666666,181.62,181.57333333333332,0.0002569797536666297,190.44464178319242,-1,170.7872,186.67219117531724,154.9022088246828
2025-05-26 00:00:00+05:30,182.85,190.99,181.27,187.91,16308098,181.73333333333335,181.43,182.0366666666667,0.0033382245047689834,190.44464178319242,-1,171.88240000000002,188.5440899791079,155.22071002089214
2025-05-27 00:00:00+05:30,188.27,191.62,185.81,189.82,10585772,186.72333333333333,186.13,187.31666666666666,0.006355213595872686,190.44464178319242,-1,172.87239999999997,190.6978678749227,155.04693212507723
2025-05-28 00:00:00+05:30,190.59,194.57,190.25,191.11,10699950,189.08333333333334,188.715,189.45166666666668,0.0038959894226532153,137.9435132774134,1,173.8552,192.84692040232008,154.8634795976799
2025-05-29 00:00:00+05:30,191.62,193.6,187.09,188.57,6076399,191.9766666666667,192.41,191.54333333333338,0.004514437518448165,137.9435132774134,1,174.5156,194.34157656005627,154.68962343994374
2025-05-30 00:00:00+05:30,192.22,194.48,188.9,192.22,23738788,189.75333333333333,190.345,189.16166666666666,0.00623616625092227,138.08899783646416,1,175.0952,196.0767096654149,154.1136903345851
2025-06-02 00:00:00+05:30,195.47,198.13,181.62,182.72,53494364,191.86666666666667,191.69,192.04333333333335,0.0018415566365532646,138.08899783646416,1,175.6168,196.68206978322135,154.55153021677867
2025-06-03 00:00:00+05:30,185.66,187.29,177.43,178.75,17453446,187.49,189.875,185.10500000000002,0.025441356872366427,138.08899783646416,1,175.896,196.93493609477193,154.85706390522805
2025-06-04 00:00:00+05:30,179.4,182.31,177.43,181.81,8463016,181.15666666666667,182.36,179.95333333333332,0.013285001932029522,138.08899783646416,1,176.2848,197.387182136619,155.18241786338098
2025-06-05 00:00:00+05:30,183.59,184.26,180.81,181.41,5178158,180.51666666666665,179.87,181.1633333333333,0.007164620072015293,138.08899783646416,1,176.8768,197.6887009953415,156.0648990046585
2025-06-06 00:00:00+05:30,181.37,182.85,179.5,181.37,6835940,182.16,182.535,181.785,0.004117259552042161,138.08899783646416,1,177.5816,197.75109195591935,157.41210804408067
2025-06-09 00:00:00+05:30,182.11,183.64,181.13,181.61,4744012,181.24,181.175,181.305,0.0007172809534318884,138.08899783646416,1,178.0216,198.04293796128258,158.00026203871744
2025-06-10 00:00:00+05:30,182.71,185.32,181.37,184.02,7986176,182.12666666666667,182.385,181.86833333333334,0.002836853471942521,138.08899783646416,1,178.88479999999998,197.98413621464084,159.78546378535913
2025-06-11 00:00:00+05:30,185.02,186.19,180.29,182.28,6339750,183.57000000000002,183.345,183.79500000000004,0.0024513809445990383,138.08899783646416,1,179.55000000000004,197.90302351112462,161.19697648887546
2025-06-12 00:00:00+05:30,182.15,183.1,172.91,174.02,6888193,182.92,183.24,182.59999999999997,0.003498797288432338,138.08899783646416,1,180.1868,196.5112589202794,163.8623410797206
2025-06-13 00:00:00+05:30,170.04,172.51,169.02,170.0,7384224,176.67666666666665,178.005,175.3483333333333,0.01503688470463952,138.08899783646416,1,180.80360000000002,194.09480837846917,167.51239162153087
2025-06-16 00:00:00+05:30,170.99,171.92,165.38,170.09,7067147,170.51,170.765,170.255,0.00299102691924222,138.08899783646416,1,180.90240000000003,193.83193985878418,167.97286014121588
2025-06-17 00:00:00+05:30,170.09,172.73,166.14,166.76,5929738,169.13,168.64999999999998,169.61,0.005676107136522417,138.08899783646416,1,180.87400000000002,193.92399126436064,167.8240087356394
2025-06-18 00:00:00+05:30,166.92,168.92,165.76,167.3,5854749,168.54333333333332,169.435,167.65166666666664,0.010580859521784862,138.08899783646416,1,180.696,194.34651325041986,167.04548674958014
2025-06-19 00:00:00+05:30,167.21,168.4,162.56,163.71,4876572,167.32666666666665,167.33999999999997,167.31333333333333,0.00015936889915918413,138.08899783646416,1,180.21959999999999,195.30170964553332,165.13749035446665
2025-06-20 00:00:00+05:30,163.52,169.38,163.17,168.21,4788962,164.89000000000001,165.48000000000002,164.3,0.007156286008854429,138.08899783646416,1,179.858,195.6254642222486,164.0905357777514
2025-06-23 00:00:00+05:30,165.6,167.91,165.13,167.38,5159848,166.92,166.27499999999998,167.565,0.007728253055355982,138.08899783646416,1,179.2348,195.67961401049863,162.7899859895014
2025-06-24 00:00:00+05:30,169.55,173.73,169.55,171.4,7916702,166.80666666666664,166.51999999999998,167.0933333333333,0.003437112825226751,138.08899783646416,1,178.77880000000002,195.4337666538211,162.12383334617894
2025-06-25 00:00:00+05:30,172.26,174.72,171.94,172.86,6318296,171.55999999999997,171.64,171.47999999999996,0.0009326183259502508,138.08899783646416,1,178.36880000000002,195.0816447081846,161.65595529181545
2025-06-26 00:00:00+05:30,173.01,173.74,170.33,171.41,4749991,173.17333333333332,173.32999999999998,173.01666666666665,0.0018093624884508736,138.08899783646416,1,177.9632,194.8389195710255,161.0874804289745
2025-06-27 00:00:00+05:30,171.52,173.88,170.55,173.27,5389133,171.82666666666668,172.03500000000003,171.61833333333334,0.0024249243423606283,138.08899783646416,1,177.6004,194.4741244068965,160.72667559310352
2025-06-30 00:00:00+05:30,174.12,174.87,171.81,172.84,3378679,172.5666666666667,172.215,172.91833333333338,0.004075719528684811,138.08899783646416,1,176.99760000000003,193.42589488899858,160.56930511100148
2025-07-01 00:00:00+05:30,173.39,173.44,169.1,170.5,3278557,173.17333333333332,173.34,173.00666666666663,0.0019248537111181741,138.08899783646416,1,176.22480000000004,191.97118916831087,160.47841083168922
2025-07-02 00:00:00+05:30,172.01,176.45,172.01,174.38,13896875,171.01333333333332,171.26999999999998,170.75666666666666,0.0030017152658661384,138.08899783646416,1,175.55559999999997,190.0900733155315,161.02112668446844
2025-07-03 00:00:00+05:30,175.56,175.85,172.31,174.12,4395352,174.27999999999997,174.23,174.32999999999996,0.0005737893045671673,138.08899783646416,1,174.97760000000002,188.51068512350008,161.44451487649997
2025-07-04 00:00:00+05:30,174.47,178.42,173.49,177.41,8605269,174.09333333333333,174.07999999999998,174.10666666666668,0.00015317454239124182,138.08899783646416,1,174.3852,186.0092799997204,162.7611200002796
2025-07-07 00:00:00+05:30,177.41,177.43,173.09,173.78,3472496,176.43999999999997,175.95499999999998,176.92499999999995,0.005497619587394982,138.08899783646416,1,174.02759999999998,185.14296346503792,162.91223653496203
2025-07-08 00:00:00+05:30,173.69,175.32,171.94,174.26,2532709,174.76666666666665,175.26,174.2733333333333,0.005645622735075409,138.08899783646416,1,173.84800000000004,184.79618487238417,162.8998151276159
2025-07-09 00:00:00+05:30,174.45,175.11,172.57,174.31,3037664,173.84,173.63,174.05,0.0024160147261850892,138.08899783646416,1,173.548,184.00715637132848,163.08884362867153
2025-07-10 00:00:00+05:30,174.66,177.74,173.71,176.19,4502723,173.99666666666667,173.84,174.15333333333334,0.0018008007816241647,138.08899783646416,1,173.3392,183.36150619368124,163.31689380631877
2025-07-11 00:00:00+05:30,175.45,176.14,172.6,173.72,2789244,175.88000000000002,175.72500000000002,176.03500000000003,0.0017625653854901197,138.08899783646416,1,173.0332,182.50823451391614,163.55816548608385
2025-07-14 00:00:00+05:30,174.08,175.25,171.53,174.03,3708393,174.15333333333334,174.37,173.93666666666667,0.002488228763924533,138.08899783646416,1,172.73,181.55030022164223,163.90969977835775
2025-07-15 00:00:00+05:30,174.11,174.8,161.46,162.4,15433743,173.60333333333332,173.39,173.81666666666666,0.0024577101054127793,138.08899783646416,1,171.86520000000002,180.3201008178632,163.41029918213684
2025-07-16 00:00:00+05:30,163.34,164.95,158.29,164.08,16802326,166.22,168.13,164.31,0.022981590662976736,138.08899783646416,1,171.13719999999998,178.99264503130817,163.28175496869179
2025-07-17 00:00:00+05:30,165.01,166.88,163.76,164.79,8342262,162.44000000000003,161.62,163.26000000000005,0.010096035459246755,138.08899783646416,1,170.768,178.9091920503023,162.6268079496977
2025-07-18 00:00:00+05:30,165.01,165.53,161.52,162.23,5784370,165.14333333333332,165.32,164.96666666666664,0.0021395555376139096,138.08899783646416,1,170.4572,179.25844085796462,161.65595914203539
2025-07-21 00:00:00+05:30,161.91,164.92,160.18,164.47,4647812,163.09333333333333,163.525,162.66166666666666,0.005293492478744342,138.08899783646416,1,170.23239999999998,179.34138331099064,161.12341668900933
2025-07-22 00:00:00+05:30,164.47,165.3,162.3,163.17,2943107,163.19000000000003,162.55,163.83000000000004,0.007843617868742138,138.08899783646416,1,170.08880000000002,179.51972160077193,160.6578783992281
2025-07-23 00:00:00+05:30,164.62,164.82,162.15,163.37,3109021,163.59,163.8,163.38,0.002567394094993679,138.08899783646416,1,169.9316,179.66924929333084,160.19395070666917
2025-07-24 00:00:00+05:30,164.17,164.32,158.41,159.46,7377965,163.4466666666667,163.485,163.40833333333336,0.00046906228331354023,138.08899783646416,1,169.7616,180.06002656719494,159.46317343280504
2025-07-25 00:00:00+05:30,159.45,160.28,155.2,156.26,7709988,160.73000000000002,161.365,160.09500000000003,0.007901449636035474,138.08899783646416,1,169.2836,180.85621302212718,157.71098697787284
2025-07-28 00:00:00+05:30,156.44,160.67,153.68,155.01,8523099,157.24666666666667,157.74,156.75333333333333,0.006274642811718396,138.08899783646416,1,168.78879999999998,181.63263035702,155.94496964297997
2025-07-29 00:00:00+05:30,155.0,156.85,152.21,156.3,7298096,156.45333333333335,157.175,155.73166666666668,0.009225328106357558,138.08899783646416,1,168.1848,181.87307950620198,154.49652049379802
2025-07-30 00:00:00+05:30,156.3,157.45,154.16,156.15,5171661,155.12,154.53,155.71,0.007607013924703499,138.08899783646416,1,167.5164,181.84324850760663,153.18955149239338
2025-07-31 00:00:00+05:30,152.2,154.19,150.2,150.74,5340070,155.92,155.805,156.03499999999997,0.0014751154438170943,138.08899783646416,1,166.68959999999998,182.3462341005949,151.03296589940507
2025-08-01 00:00:00+05:30,151.98,156.0,151.15,151.76,8489038,151.71,152.195,151.22500000000002,0.006393777602003628,138.08899783646416,1,165.8292,182.28835081162794,149.37004918837204
2025-08-04 00:00:00+05:30,152.5,154.0,151.03,153.31,3614524,152.97,153.575,152.365,0.007910047721775377,138.08899783646416,1,165.048,181.94992888400358,148.14607111599642
2025-08-05 00:00:00+05:30,152.59,153.79,150.69,151.38,2706707,152.78,152.515,153.04500000000002,0.003469040450320916,138.08899783646416,1,164.2832,181.84651150551957,146.71988849448041
2025-08-06 00:00:00+05:30,150.81,151.0,146.75,147.11,4567427,151.95333333333335,152.24,151.66666666666669,0.003773088228842123,138.08899783646416,1,163.1924,181.48409978323275,144.90070021676723
2025-08-07 00:00:00+05:30,145.31,146.74,142.4,145.64,4366735,148.28666666666666,148.875,147.69833333333332,0.007935080699545991,138.08899783646416,1,162.0532,181.0158755243009,143.0905244756991
2025-08-08 00:00:00+05:30,145.6,146.54,139.11,139.72,4681160,144.92666666666665,144.57,145.2833333333333,0.004922029532177031,138.08899783646416,1,160.5456,180.35878032421658,140.73241967578343
2025-08-11 00:00:00+05:30,140.29,142.44,139.06,141.71,4109434,141.79,142.825,140.755,0.014599054940404777,138.08899783646416,1,159.2628,179.62749220587253,138.89810779412747
2025-08-12 00:00:00+05:30,142.45,142.5,139.41,140.76,9769604,141.07000000000002,140.75,141.39000000000004,0.004536754802580585,138.08899783646416,1,157.9228,178.57051911470919,137.2750808852908
2025-08-13 00:00:00+05:30,141.45,142.08,137.7,137.96,4652786,140.89,140.95499999999998,140.825,0.0009227056568954182,175.26242494831067,-1,156.4688,177.41319137907638,135.5244086209236
2025-08-14 00:00:00+05:30,138.5,138.95,136.0,137.03,6395679,139.24666666666667,139.89,138.60333333333335,0.009240197251878919,172.25852795037824,-1,154.9024,175.56840321687608,134.23639678312392
2025-08-18 00:00:00+05:30,144.0,144.0,135.5,139.99,31021799,137.32666666666668,137.475,137.17833333333337,0.002160299043642586,172.25852795037824,-1,153.5532,173.52134320461306,133.58505679538695
2025-08-19 00:00:00+05:30,141.0,148.21,139.28,144.48,32327968,139.83,139.75,139.91000000000003,0.0011442465851392762,172.25852795037824,-1,152.3712,170.78918105764953,133.95321894235045
2025-08-20 00:00:00+05:30,145.0,145.12,142.54,144.19,6371522,143.99,143.745,144.235,0.003403014098201327,172.25852795037824,-1,151.6428,169.85588849810867,133.42971150189132
2025-08-21 00:00:00+05:30,144.25,146.4,142.1,142.67,5173232,143.95,143.82999999999998,144.07,0.0016672455713790143,172.25852795037824,-1,150.7864,168.58851392391196,132.984286076088
2025-08-22 00:00:00+05:30,143.0,146.45,142.6,144.05,7337916,143.72333333333333,144.25,143.19666666666666,0.00732889579516206,172.25852795037824,-1,149.9568,166.9875615519665,132.92603844803347
2025-08-25 00:00:00+05:30,144.88,145.16,141.79,142.65,5352454,144.36666666666665,144.52499999999998,144.20833333333331,0.002193488801662408,172.25852795037824,-1,149.1736,165.667068166518,132.680131833482
2025-08-26 00:00:00+05:30,142.0,142.5,139.85,142.03,5982219,143.20000000000002,143.475,142.92500000000004,0.00384078212290471,172.25852795037824,-1,148.276,163.75307776035078,132.79892223964924
2025-08-28 00:00:00+05:30,142.03,142.1,136.66,136.99,7054036,141.46,141.175,141.745,0.0040294076063904505,172.25852795037824,-1,147.22879999999998,162.06255320813804,132.39504679186192
2025-08-29 00:00:00+05:30,137.5,140.17,136.38,138.12,9346025,138.58333333333334,139.38,137.7866666666667,0.011497294046902983,172.25852795037824,-1,146.21880000000002,159.91365079290566,132.52394920709438
2025-09-01 00:00:00+05:30,139.39,142.12,138.6,140.83,3470109,138.22333333333333,138.27499999999998,138.17166666666668,0.0007475824149320872,172.25852795037824,-1,145.4736,158.19842660628225,132.74877339371776
2025-09-02 00:00:00+05:30,141.51,145.26,141.04,143.34,8115836,140.51666666666668,140.36,140.67333333333335,0.002229865970821961,172.25852795037824,-1,144.9568,156.9136313126827,132.99996868731728
2025-09-03 00:00:00+05:30,144.0,145.39,142.5,144.71,3705369,143.21333333333334,143.14999999999998,143.2766666666667,0.0008844614095525695,172.25852795037824,-1,144.5448,155.77537842855614,133.31422157144388
2025-09-04 00:00:00+05:30,146.0,147.49,144.0,144.25,6241440,144.20000000000002,143.945,144.45500000000004,0.003536754507628625,172.25852795037824,-1,144.06279999999998,154.21666353266335,133.90893646733662
2025-09-05 00:00:00+05:30,145.1,146.76,144.0,145.82,3311659,145.24666666666667,145.745,144.74833333333333,0.0068618901179602725,172.25852795037824,-1,143.64960000000002,152.56789486841242,134.73130513158762
2025-09-08 00:00:00+05:30,147.0,149.75,145.74,147.33,5950809,145.52666666666667,145.38,145.67333333333335,0.0020156672316644195,172.25852795037824,-1,143.51319999999998,152.09137084464695,134.93502915535302
2025-09-09 00:00:00+05:30,148.67,148.67,146.36,146.75,2367186,147.60666666666668,147.745,147.46833333333336,0.00187435075199839,172.25852795037824,-1,143.3128,151.3264833378885,135.29911666211152
2025-09-10 00:00:00+05:30,147.49,151.1,147.49,149.22,6324855,147.26,147.515,147.005,0.003463262257232045,172.25852795037824,-1,143.1492,150.47751641237957,135.82088358762044
2025-09-11 00:00:00+05:30,149.95,150.2,147.76,148.48,2519424,149.27,149.29500000000002,149.245,0.0003349634889797774,172.25852795037824,-1,143.03320000000002,149.91490146402415,136.1514985359759
2025-09-12 00:00:00+05:30,148.5,150.0,148.02,148.92,2048029,148.8133333333333,148.98,148.64666666666662,0.002239942657468224,172.25852795037824,-1,143.10559999999998,150.19236982552357,136.0188301744764
2025-09-15 00:00:00+05:30,149.7,153.15,148.9,151.32,5147619,148.98,149.01,148.95,0.0004027386226339259,172.25852795037824,-1,143.33280000000002,151.064833150469,135.60076684953103
2025-09-16 00:00:00+05:30,152.0,152.4,150.5,151.3,3119100,151.12333333333333,151.025,151.22166666666666,0.0013013653307452522,172.25852795037824,-1,143.796,151.9809833231321,135.61101667686788
2025-09-17 00:00:00+05:30,152.0,152.78,149.62,150.4,2944389,151.4,151.45,151.35000000000002,0.0006605019815057192,172.25852795037824,-1,144.1436,152.67545068786077,135.6117493121392
2025-09-18 00:00:00+05:30,151.27,151.4,147.97,148.7,3302704,150.9333333333333,151.2,150.66666666666663,0.003533568904593816,172.25852795037824,-1,144.46120000000002,153.05648488416472,135.86591511583532
2025-09-19 00:00:00+05:30,148.89,153.47,148.7,151.34,13993672,149.35666666666665,149.685,149.0283333333333,0.00439663445443811,172.25852795037824,-1,144.9964,153.5720359624199,136.42076403758008
2025-09-22 00:00:00+05:30,151.94,154.9,150.7,152.43,5137336,151.17,151.08499999999998,151.255,0.0011245617516704104,172.25852795037824,-1,145.6124,154.02137668922617,137.20342331077384
2025-09-23 00:00:00+05:30,152.5,153.39,149.3,149.63,8282682,152.67666666666668,152.8,152.55333333333334,0.0016156146977272428,172.25852795037824,-1,145.99800000000002,154.22240855016025,137.77359144983978
2025-09-24 00:00:00+05:30,149.5,149.98,144.02,144.31,4208993,150.77333333333334,151.345,150.20166666666668,0.007583126989741664,172.25852795037824,-1,145.99120000000002,154.22089709284302,137.76150290715702
2025-09-25 00:00:00+05:30,144.5,147.23,140.82,141.14,9003451,146.10333333333332,147.0,145.20666666666665,0.012274417649608845,172.25852795037824,-1,145.8692,154.29028956370544,137.44811043629457
2025-09-26 00:00:00+05:30,141.2,142.19,136.8,137.46,4411168,143.0633333333333,144.02499999999998,142.10166666666663,0.013443929262098465,170.12737682099768,-1,145.6608,154.62839663677784,136.69320336322215
2025-09-29 00:00:00+05:30,137.6,142.24,137.6,138.7,7485674,138.8166666666667,139.495,138.13833333333338,0.009773082002641082,170.12737682099768,-1,145.4468,154.80478562939425,136.08881437060575
2025-09-30 00:00:00+05:30,139.49,141.0,137.73,140.24,4658511,139.51333333333335,139.92000000000002,139.10666666666668,0.005829789267453523,169.79626247823148,-1,145.3504,154.8699016340116,135.83089836598842
2025-10-01 00:00:00+05:30,140.2,142.56,139.26,142.15,4519495,139.65666666666667,139.365,139.94833333333332,0.004176910041291604,169.79626247823148,-1,145.3552,154.86811857633342,135.84228142366658
2025-10-03 00:00:00+05:30,142.15,143.4,140.1,141.37,4050261,141.32333333333335,140.91,141.7366666666667,0.005849470481402296,169.79626247823148,-1,145.53040000000001,154.57018314783875,136.49061685216128
2025-10-06 00:00:00+05:30,142.5,142.78,138.97,139.38,3528794,141.62333333333333,141.75,141.49666666666667,0.0017887824511026687,169.79626247823148,-1,145.5808,154.4675126340368,136.6940873659632
2025-10-07 00:00:00+05:30,140.0,142.7,139.06,139.38,6583478,140.37666666666667,140.875,139.87833333333333,0.0070999453850355216,169.79626247823148,-1,145.5228,154.55058913355586,136.49501086644412
2025-10-08 00:00:00+05:30,139.8,142.13,137.77,141.41,6927996,140.38,140.88,139.88,0.007123521869212139,169.54750774368924,-1,145.4456,154.5791216953785,136.31207830462154
2025-10-09 00:00:00+05:30,142.0,147.8,141.17,146.99,11741660,140.43666666666664,139.95,140.9233333333333,0.006930763570767138,169.54750774368924,-1,145.5368,154.68464122293065,136.38895877706935
2025-10-10 00:00:00+05:30,148.09,152.34,147.22,150.08,10002574,145.32000000000002,144.485,146.15500000000003,0.011491879988989923,169.54750774368924,-1,145.77,155.070701048843,136.46929895115701
2025-10-13 00:00:00+05:30,149.0,151.29,148.18,149.87,4862347,149.88,149.78,149.98,0.0013344008540164707,169.54750774368924,-1,145.93200000000002,155.370604981667,136.49339501833305
2025-10-14 00:00:00+05:30,150.5,151.0,146.62,147.2,8204088,149.78,149.735,149.825,0.0006008812925622579,169.54750774368924,-1,145.92680000000001,155.36246124020724,136.4911387597928
2025-10-15 00:00:00+05:30,147.75,149.8,146.69,148.19,6739763,148.27333333333334,148.81,147.73666666666668,0.00723888314374347,169.54750774368924,-1,145.9844,155.45696768568843,136.51183231431156
2025-10-16 00:00:00+05:30,148.4,149.88,146.54,146.84,2690851,148.22666666666666,148.245,148.20833333333331,0.000247368894486081,169.54750774368924,-1,145.8892,155.27724332328887,136.5011566767111
2025-10-17 00:00:00+05:30,147.5,148.0,144.54,146.28,14427806,147.75333333333333,148.20999999999998,147.29666666666668,0.006181473627216296,169.54750774368924,-1,145.8012,155.1315192999998,136.47088070000018
2025-10-20 00:00:00+05:30,146.5,147.4,144.43,146.79,3286410,146.2733333333333,146.26999999999998,146.27666666666664,4.557677407588946e-05,169.54750774368924,-1,145.716,154.96942920219035,136.46257079780966
2025-10-21 00:00:00+05:30,147.2,150.8,147.2,149.15,3012646,146.20666666666668,145.91500000000002,146.49833333333333,0.0039897861474623665,169.54750774368924,-1,145.6292,154.7098289121376,136.5485710878624
2025-10-23 00:00:00+05:30,150.0,155.13,149.41,152.21,12254663,149.04999999999998,149.0,149.09999999999997,0.0006709158000668628,169.54750774368924,-1,145.66559999999998,154.8436365307591,136.48756346924085
2025-10-24 00:00:00+05:30,153.0,156.9,152.8,154.08,10715355,152.25,152.26999999999998,152.23000000000002,0.0002627257799669203,169.54750774368924,-1,145.8128,155.39881568118628,136.22678431881374
2025-10-27 00:00:00+05:30,154.47,155.69,152.6,153.1,4965779,154.59333333333336,154.85000000000002,154.3366666666667,0.0033205399111646975,169.54750774368924,-1,145.9888,155.9351847824196,136.04241521758038
2025-10-28 00:00:00+05:30,153.3,154.95,152.5,153.3,4599590,153.79666666666665,154.14499999999998,153.44833333333332,0.004529790415917066,169.54750774368924,-1,146.0672,156.21002567334907,135.92437432665096
2025-10-29 00:00:00+05:30,153.0,159.3,152.17,156.22,11690630,153.58333333333334,153.725,153.4416666666667,0.001844818231144675,169.54750774368924,-1,146.2188,156.8395364264418,135.59806357355816
2025-10-30 00:00:00+05:30,156.22,156.5,153.8,154.73,4118297,155.89666666666668,155.735,156.05833333333334,0.002074023391562724,169.54750774368924,-1,146.4228,157.48454744965497,135.36105255034502
2025-10-31 00:00:00+05:30,154.55,157.26,154.26,155.13,6011244,155.01,155.15,154.86999999999998,0.0018063350751566323,169.54750774368924,-1,146.85559999999998,158.38942931033517,135.3217706896648
2025-11-03 00:00:00+05:30,155.12,158.5,155.05,157.25,6289056,155.54999999999998,155.76,155.33999999999997,0.0027000964320155318,169.54750774368924,-1,147.5,159.47615497561495,135.52384502438505
2025-11-04 00:00:00+05:30,157.49,157.83,154.41,154.78,4464989,156.93333333333334,156.775,157.09166666666667,0.002017841971112975,169.54750774368924,-1,148.1928,159.7625834309872,136.6230165690128
2025-11-06 00:00:00+05:30,155.4,155.73,149.3,150.06,4242350,155.67333333333332,156.12,155.22666666666663,0.005738512269282088,169.54750774368924,-1,148.6472,159.56386985119295,137.73053014880705
2025-11-07 00:00:00+05:30,148.5,151.1,145.7,149.45,5016475,151.69666666666666,152.515,150.87833333333333,0.01078907468852308,169.54750774368924,-1,149.0156,159.38020141828642,138.6509985817136
2025-11-10 00:00:00+05:30,150.65,153.65,147.57,151.62,5220055,148.74999999999997,148.39999999999998,149.09999999999997,0.004705882352941101,169.54750774368924,-1,149.3944,159.41410231892863,139.37469768107135
2025-11-11 00:00:00+05:30,152.9,152.99,149.6,151.77,2717939,150.9466666666667,150.61,151.28333333333336,0.004460736684038597,169.54750774368924,-1,149.8104,159.31316840504616,140.30763159495382
2025-11-12 00:00:00+05:30,152.0,152.7,149.26,150.53,6346043,151.45333333333335,151.29500000000002,151.61166666666668,0.0020908530680517397,169.54750774368924,-1,150.25639999999999,158.75245062131475,141.76034937868522
2025-11-13 00:00:00+05:30,151.28,152.65,148.3,148.56,4497536,150.83,150.98,150.68000000000004,0.0019889942319164257,169.54750774368924,-1,150.6236,157.91582902547242,143.3313709745276
2025-11-14 00:00:00+05:30,148.62,150.0,146.11,148.69,7289866,149.83666666666667,150.47500000000002,149.19833333333332,0.008520388867878573,169.54750774368924,-1,150.91479999999999,157.22773559605528,144.6018644039447
2025-11-17 00:00:00+05:30,150.5,153.45,143.61,146.11,30434829,148.26666666666668,148.055,148.47833333333335,0.002855215827338216,169.54750774368924,-1,150.8796,157.28875964537804,144.47044035462199
2025-11-18 00:00:00+05:30,146.25,146.45,140.63,140.92,12142149,147.72333333333333,148.53,146.91666666666666,0.01092131687614241,169.54750774368924,-1,150.5132,158.01713330460385,143.00926669539618
2025-11-19 00:00:00+05:30,140.5,142.37,139.1,139.68,10906676,142.66666666666666,143.54,141.79333333333332,0.01224299065420563,169.54750774368924,-1,150.10559999999998,158.72856854684875,141.4826314531512
2025-11-20 00:00:00+05:30,141.07,141.49,137.7,138.08,12182250,140.38333333333335,140.735,140.0316666666667,0.005010091416359864,169.54750774368924,-1,149.7408,159.51888148053305,139.96271851946696
2025-11-21 00:00:00+05:30,138.0,138.76,135.25,137.77,11245281,139.09,139.595,138.585,0.007261485369185354,167.71180933527327,-1,149.32399999999998,160.16185956727358,138.4861404327264
2025-11-24 00:00:00+05:30,137.79,139.18,135.13,135.81,8653660,137.26,137.005,137.515,0.0037155762785953004,167.71180933527327,-1,148.88279999999997,160.92081647448381,136.84478352551614
2025-11-25 00:00:00+05:30,135.9,136.25,134.0,134.7,8507051,136.70666666666668,137.155,136.25833333333335,0.006559055886081978,165.14303548338785,-1,148.4196,161.65425085901194,135.18494914098807
2025-11-26 00:00:00+05:30,135.06,138.67,135.06,136.75,6782899,134.98333333333332,135.125,134.84166666666664,0.0020990245709348802,165.14303548338785,-1,148.018,162.01352385585997,134.02247614414003
2025-11-27 00:00:00+05:30,136.75,137.2,131.9,134.07,17336482,136.82666666666668,136.865,136.78833333333336,0.0005603196258038427,164.76575750149027,-1,147.41479999999999,162.4261867394037,132.40341326059627
2025-11-28 00:00:00+05:30,133.3,135.4,132.43,134.5,4551207,134.39000000000001,134.55,134.23000000000002,0.002381129548329438,163.75372720143065,-1,146.7064,162.40168936209673,131.01111063790327
2025-12-01 00:00:00+05:30,135.4,135.79,132.52,133.08,4882601,134.11,133.91500000000002,134.305,0.002908060547311806,163.7157781133734,-1,145.8664,162.13075108327251,129.60204891672748
2025-12-02 00:00:00+05:30,132.99,133.8,131.8,133.29,3434827,133.79666666666665,134.155,133.4383333333333,0.005356386556715641,161.7383469888385,-1,145.074,161.77585810022194,128.3721418997781
2025-12-03 00:00:00+05:30,133.21,133.77,128.82,130.12,6499217,132.96333333333334,132.8,133.12666666666667,0.0024568176690314657,160.46181310928495,-1,144.1468,161.48075716620846,126.81284283379156
2025-12-04 00:00:00+05:30,130.95,131.5,129.5,129.84,3933789,130.90333333333334,131.29500000000002,130.51166666666666,0.005984059484097882,159.06014058491354,-1,143.0916,160.56843786501295,125.61476213498705
2025-12-05 00:00:00+05:30,129.84,130.75,126.31,130.24,5924238,130.28,130.5,130.06,0.003377341111452239,157.190934961517,-1,142.112,159.61500545620527,124.60899454379472
2025-12-08 00:00:00+05:30,130.24,130.43,123.35,124.48,6167552,129.1,128.53,129.67,0.008830364058868988,156.38689756305632,-1,140.886,158.85736477844554,122.91463522155446
2025-12-09 00:00:00+05:30,124.48,124.78,121.21,124.32,6653499,126.08666666666666,126.89,125.28333333333332,0.012742558028869165,152.3116216605341,-1,139.5688,157.37593863145776,121.76166136854228
2025-12-10 00:00:00+05:30,124.01,126.77,118.28,119.8,13016275,123.43666666666667,122.995,123.87833333333333,0.007156166455132125,152.3116216605341,-1,138.1696,156.46635160677317,119.87284839322683
2025-12-11 00:00:00+05:30,120.53,123.7,119.48,121.55,11219559,121.61666666666667,122.525,120.70833333333334,0.01493764560778399,152.0719105223482,-1,137.0292,155.76797769332777,118.29042230667224
2025-12-12 00:00:00+05:30,122.5,124.99,121.77,124.61,5729656,121.57666666666667,121.59,121.56333333333333,0.0002193403339456927,152.0719105223482,-1,136.03560000000002,154.66854036270067,117.40265963729937
2025-12-15 00:00:00+05:30,125.0,126.41,123.25,125.99,6534187,123.79,123.38,124.20000000000002,0.006624121496082248,152.0719105223482,-1,135.0104,152.90645586043922,117.11434413956079
2025-12-16 00:00:00+05:30,126.5,127.26,125.01,126.92,5971036,125.21666666666665,124.83,125.60333333333331,0.0061759616664446605,152.0719105223482,-1,134.0164,150.80472725913938,117.22807274086063
2025-12-17 00:00:00+05:30,126.9,127.16,125.3,126.04,4512937,126.39666666666666,126.135,126.65833333333332,0.004140404546533232,152.0719105223482,-1,133.0368,148.67512801292912,117.39847198707088
2025-12-18 00:00:00+05:30,126.0,126.39,123.5,124.21,4967061,126.16666666666667,126.22999999999999,126.10333333333335,0.0010039630118887984,152.0719105223482,-1,132.0628,146.7145379392332,117.41106206076684
2025-12-19 00:00:00+05:30,124.8,127.2,123.0,126.87,4405594,124.69999999999999,124.945,124.45499999999998,0.003929430633520523,152.0719105223482,-1,131.19,144.29368375686647,118.08631624313352
2025-12-22 00:00:00+05:30,127.0,128.2,126.25,126.57,3903098,125.69,125.1,126.28,0.009388177261516483,152.0719105223482,-1,130.4084,142.1157059992454,118.70109400075461
2025-12-23 00:00:00+05:30,127.75,128.63,126.15,127.1,5458544,127.00666666666666,127.225,126.78833333333333,0.003438139730197896,152.0719105223482,-1,129.85559999999998,140.8059856808775,118.90521431912244
2025-12-24 00:00:00+05:30,127.1,130.9,126.4,126.75,8410588,127.29333333333334,127.39,127.19666666666667,0.0015188017178170735,152.0719105223482,-1,129.3384,139.58247681345512,119.0943231865449
2025-12-26 00:00:00+05:30,126.75,128.87,126.0,126.43,4077428,128.01666666666668,128.65,127.38333333333335,0.00989454498112213,152.0719105223482,-1,128.8724,138.52638368343187,119.21841631656811
2025-12-29 00:00:00+05:30,126.49,129.23,124.01,124.66,6766023,127.10000000000001,127.435,126.76500000000001,0.005271439811172207,152.0719105223482,-1,128.348,137.41837727991344,119.27762272008658
2025-12-30 00:00:00+05:30,124.6,124.73,121.6,121.76,8691889,125.96666666666665,126.62,125.3133333333333,0.010373114580577141,150.55503147283386,-1,127.786,136.67664767044394,118.89535232955606
2025-12-31 00:00:00+05:30,122.09,124.0,121.89,123.53,14827469,122.69666666666666,123.16499999999999,122.22833333333332,0.007634002553723281,149.86663021392053,-1,127.3392,135.912106009048,118.76629399095202
2026-01-01 00:00:00+05:30,123.64,124.14,122.2,122.85,3154164,123.13999999999999,122.945,123.33499999999998,0.0031671268474905505,149.5579650053637,-1,126.7832,134.61343211916298,118.95296788083701
2026-01-02 00:00:00+05:30,123.06,128.79,123.06,128.04,9949850,123.06333333333333,123.17,122.95666666666666,0.001733524743357119,149.5579650053637,-1,126.542,133.81090363122058,119.27309636877942
2026-01-05 00:00:00+05:30,129.0,129.0,125.27,125.82,4493882,126.63,125.925,127.335,0.011134802179578272,149.5579650053637,-1,126.1948,132.69906105256948,119.69053894743053
2026-01-06 00:00:00+05:30,125.5,126.1,121.25,122.57,10079004,126.69666666666666,127.13499999999999,126.25833333333333,0.0069194138230418995,149.5579650053637,-1,125.7744,131.78404046844508,119.76475953155493
2026-01-07 00:00:00+05:30,123.25,124.95,121.6,122.94,8136928,123.30666666666666,123.675,122.93833333333332,0.005974264705882451,149.5579650053637,-1,125.36039999999998,130.62140060444523,120.09939939555474
2026-01-08 00:00:00+05:30,122.13,124.2,117.2,117.88,9123959,123.16333333333334,123.275,123.05166666666668,0.0018133102384367303,148.6646904875898,-1,124.8708,130.53186963744253,119.20973036255747
2026-01-09 00:00:00+05:30,117.88,118.19,112.5,113.79,11559306,119.75999999999999,120.7,118.81999999999998,0.01569806279225137,143.7843028680862,-1,124.2288,131.01802987090394,117.43957012909605
2026-01-12 00:00:00+05:30,114.0,114.1,110.19,112.37,19584835,114.82666666666667,115.345,114.30833333333334,0.009028100325127686,140.54153075336274,-1,123.514,131.30946945346946,115.71853054653054
2026-01-13 00:00:00+05:30,113.75,115.67,111.5,115.16,22393302,112.21999999999998,112.145,112.29499999999997,0.0013366601318835973,140.54153075336274,-1,123.14119999999998,131.58101103105844,114.70138896894154
2026-01-14 00:00:00+05:30,114.95,118.49,114.1,114.49,10797027,114.11000000000001,113.58500000000001,114.63500000000002,0.009201647533082212,140.54153075336274,-1,122.74799999999999,131.82349315464322,113.67250684535675
2026-01-16 00:00:00+05:30,114.5,115.78,112.62,113.6,14000928,115.69333333333333,116.29499999999999,115.09166666666667,0.010401060274288224,140.54153075336274,-1,122.5,132.20143247154647,112.79856752845352
2026-01-19 00:00:00+05:30,113.0,113.57,110.1,111.74,8475081,114.0,114.2,113.8,0.0035087719298246113,139.94875218490284,-1,122.1076,132.68502392834745,111.53017607165256
2026-01-20 00:00:00+05:30,111.69,111.69,107.01,108.08,14028642,111.80333333333333,111.835,111.77166666666666,0.0005664708863778591,137.66360209750673,-1,121.4464,133.30451975652034,109.58828024347967
2026-01-21 00:00:00+05:30,107.54,108.58,103.73,104.69,12210118,108.92666666666666,109.35,108.50333333333333,0.007772813513678904,134.69405801360648,-1,120.59440000000001,133.98591263151326,107.20288736848677
2026-01-22 00:00:00+05:30,106.28,108.0,104.33,106.89,7479080,105.66666666666667,106.155,105.17833333333334,0.009242902208201825,134.5900956930622,-1,119.7932,133.9499122962918,105.6364877037082
2026-01-23 00:00:00+05:30,107.5,107.5,103.12,103.56,8154566,106.40666666666665,106.16499999999999,106.64833333333331,0.004542321909654659,133.82449186533972,-1,118.89399999999999,134.16152579824185,103.62647420175814
2026-01-27 00:00:00+05:30,104.0,105.31,102.01,104.72,9236033,104.72666666666667,105.31,104.14333333333335,0.011140110764529795,131.95791219072612,-1,118.11439999999999,134.18577288970613,102.04302711029385
2026-01-28 00:00:00+05:30,105.48,109.9,104.99,109.25,5913596,104.01333333333332,103.66,104.36666666666665,0.006794000769131996,131.95791219072612,-1,117.4096,133.42861318308908,101.39058681691091
2026-01-29 00:00:00+05:30,109.95,109.95,106.0,106.92,4671308,108.04666666666667,107.445,108.64833333333334,0.011137162954279144,131.95791219072612,-1,116.62359999999998,132.69583083955624,100.55136916044373
2026-01-30 00:00:00+05:30,106.0,108.8,104.45,107.94,6520922,107.62333333333333,107.975,107.27166666666668,0.006535137981230702,131.95791219072612,-1,115.85719999999999,131.68347943137564,100.03092056862434
2026-02-01 00:00:00+05:30,108.05,108.19,103.47,104.3,4713342,107.06333333333333,106.625,107.50166666666667,0.008188299760266495,131.95791219072612,-1,114.9592,130.75894776507477,99.15945223492523
2026-02-02 00:00:00+05:30,104.3,105.18,101.26,104.43,4914576,105.32,105.83,104.80999999999999,0.009684770224079094,131.95791219072612,-1,114.0792,129.67471209290628,98.48368790709372
2026-02-03 00:00:00+05:30,108.98,110.27,105.49,106.18,8793030,103.62333333333333,103.22,104.02666666666667,0.007784604497056698,131.95791219072612,-1,113.33999999999997,128.607788837942,98.07221116205797
2026-02-04 00:00:00+05:30,105.95,110.89,104.65,110.08,8208558,107.31333333333333,107.88,106.74666666666667,0.01056097409455171,131.95791219072612,-1,112.87280000000001,127.79222574766159,97.95337425233843
2026-02-05 00:00:00+05:30,109.82,110.25,106.61,107.05,6357529,108.54,107.77000000000001,109.31,0.01418831767090466,131.95791219072612,-1,112.21359999999999,126.63940119646696,97.78779880353301
2026-02-06 00:00:00+05:30,106.01,106.76,103.22,106.4,5842537,107.97000000000001,108.43,107.51000000000002,0.008520885431138162,131.95791219072612,-1,111.5556,125.47243421471956,97.63876578528044
2026-02-09 00:00:00+05:30,106.45,112.2,106.45,111.07,11982728,105.46,104.99000000000001,105.92999999999998,0.008913332069030621,131.95791219072612,-1,110.8768,123.05855911106396,98.69504088893605
2026-02-10 00:00:00+05:30,112.0,113.5,110.84,111.22,6616423,109.90666666666668,109.325,110.48833333333336,0.010584738566056247,131.95791219072612,-1,110.2928,120.84372416047003,99.74187583952997
2026-02-11 00:00:00+05:30,111.7,111.89,108.45,110.42,6093859,111.85333333333334,112.17,111.53666666666668,0.005662176659911721,131.95791219072612,-1,109.80680000000001,119.09459107430777,100.51900892569225
2026-02-12 00:00:00+05:30,110.42,110.99,108.3,109.32,4769914,110.25333333333333,110.17,110.33666666666666,0.0015116700931187919,131.95791219072612,-1,109.262,116.84598312234353,101.67801687765648
2026-02-13 00:00:00+05:30,109.0,109.1,105.4,106.38,7857815,109.53666666666668,109.645,109.42833333333336,0.0019780286661998125,131.95791219072612,-1,108.80199999999999,115.59288801262338,102.01111198737661
2026-02-16 00:00:00+05:30,106.29,106.29,97.53,101.19,53582699,106.96,107.25,106.66999999999999,0.0054225878833209845,131.95791219072612,-1,108.29799999999999,115.3965970444865,101.19940295551348
2026-02-17 00:00:00+05:30,101.0,101.3,98.8,99.88,14901171,101.67,101.91,101.43,0.004721156683387329,129.70541742010732,-1,107.7984,115.41920873398573,100.17759126601428
2026-02-18 00:00:00+05:30,100.2,102.59,98.28,98.87,14029166,99.99333333333334,100.05,99.93666666666668,0.0011334088939260836,129.70541742010732,-1,107.1468,114.9225381025851,99.3710618974149
2026-02-19 00:00:00+05:30,99.7,100.3,96.1,96.65,12091943,99.91333333333334,100.435,99.39166666666668,0.010442383398945642,127.86496069437091,-1,106.4332,114.64458472122665,98.22181527877335
2026-02-20 00:00:00+05:30,96.46,97.78,95.71,96.67,10398212,97.68333333333332,98.19999999999999,97.16666666666666,0.010578399590513547,125.8029622665961,-1,105.756,114.27806359985627,97.23393640014373
2026-02-23 00:00:00+05:30,97.5,97.67,94.13,96.13,18928491,96.72000000000001,96.745,96.69500000000002,0.000516956162117276,124.78684377593225,-1,105.13159999999999,114.08494159741466,96.17825840258533
2026-02-24 00:00:00+05:30,95.8,97.29,93.45,95.03,9395145,95.97666666666667,95.9,96.05333333333334,0.0015976105303372623,124.17657002489497,-1,104.60959999999999,114.30538626827118,94.9138137317288
2026-02-25 00:00:00+05:30,95.4,95.89,94.11,95.17,7867351,95.25666666666666,95.37,95.14333333333332,0.002379535990482079,123.15270722389916,-1,104.22879999999999,114.60589835358597,93.85170164641401
2026-02-26 00:00:00+05:30,95.5,97.52,93.97,94.46,7387842,95.05666666666667,95.0,95.11333333333334,0.0011922712767823817,123.15270722389916,-1,103.7316,114.72391248464113,92.73928751535887
2026-02-27 00:00:00+05:30,94.46,94.6,91.65,92.13,8958892,95.31666666666666,95.745,94.88833333333332,0.008987585242175382,120.85077497754546,-1,103.2744,115.17085470549935,91.37794529450065
2026-03-02 00:00:00+05:30,88.06,91.2,87.25,89.19,12082239,92.79333333333334,93.125,92.46166666666667,0.007148502047560818,117.20814397844363,-1,102.65320000000001,115.74468452391854,89.56171547608149
2026-03-04 00:00:00+05:30,87.9,87.9,84.61,85.85,9732832,89.21333333333332,89.225,89.20166666666665,0.00026154535943813184,114.40121821930589,-1,101.7172,116.07322119808964,87.36117880191037
2026-03-05 00:00:00+05:30,86.01,87.0,83.8,86.32,10827823,86.12,86.255,85.98500000000001,0.0031351602415232442,113.31636949053366,-1,100.8932,116.28736067994613,85.49903932005385
2026-03-06 00:00:00+05:30,85.95,88.09,83.58,83.86,8535935,85.70666666666666,85.4,86.01333333333332,0.007156191661480813,113.31636949053366,-1,99.93,116.41468282982723,83.44531717017279
2026-03-09 00:00:00+05:30,82.0,82.3,79.04,81.74,11088229,85.17666666666668,85.83500000000001,84.51833333333335,0.015458067545884977,108.95961412247581,-1,99.0276,116.87058565151028,81.18461434848973
2026-03-10 00:00:00+05:30,82.24,83.75,81.45,82.93,9747983,81.02666666666666,80.67,81.38333333333331,0.00880368602929048,108.95961412247581,-1,98.16760000000001,116.93473150590688,79.40046849409313
2026-03-11 00:00:00+05:30,82.93,84.78,81.79,82.26,9679155,82.71,82.6,82.82,0.0026598960222463898,108.95961412247581,-1,97.2108,116.67255401755975,77.74904598244026
2026-03-12 00:00:00+05:30,81.91,86.95,80.55,83.68,20354774,82.94333333333333,83.285,82.60166666666666,0.008238556444158709,108.95961412247581,-1,96.1548,115.57370635025576,76.73589364974423
2026-03-13 00:00:00+05:30,83.3,83.98,79.33,79.59,12560741,83.72666666666667,83.75,83.70333333333335,0.0005573692172942031,108.95961412247581,-1,95.0564,114.98572382596069,75.1270761740393
2026-03-16 00:00:00+05:30,79.7,81.1,77.18,78.4,13302821,80.96666666666667,81.655,80.27833333333334,0.017002881844380386,107.49328634494617,-1,93.93639999999999,114.33153893456,73.54126106543998
2026-03-17 00:00:00+05:30,79.0,79.2,77.26,78.21,9484615,78.89333333333333,79.14,78.64666666666666,0.006253168835558637,105.99235489114832,-1,92.62199999999999,112.66327261428292,72.58072738571705
2026-03-18 00:00:00+05:30,78.5,82.2,78.39,81.99,10440348,78.22333333333334,78.23,78.21666666666668,0.00017045212425944353,105.99235489114832,-1,91.45280000000001,110.39822437212764,72.50737562787238
2026-03-19 00:00:00+05:30,80.0,80.76,77.6,78.07,10029435,80.86,80.295,81.425,0.013974771209497841,105.99235489114832,-1,90.15879999999999,108.14008210779221,72.17751789220776
2026-03-20 00:00:00+05:30,79.43,84.4,79.0,81.84,29339790,78.81,79.18,78.44,0.009389671361502462,105.99235489114832,-1,89.05959999999999,105.5162606381735,72.60293936182647
2026-03-23 00:00:00+05:30,80.78,80.78,75.63,76.15,15237530,81.74666666666667,81.7,81.79333333333334,0.001141738704942102,105.99235489114832,-1,87.85040000000001,103.45933536920475,72.24146463079526
2026-03-24 00:00:00+05:30,78.4,79.67,76.53,77.91,10215271,77.52,78.205,76.835,0.017672858617131124,105.99235489114832,-1,86.9192,102.00260112308929,71.83579887691072
2026-03-25 00:00:00+05:30,79.28,83.15,78.76,81.92,22856802,78.03666666666666,78.1,77.97333333333333,0.0016231685959591452,105.99235489114832,-1,86.2008,100.433373254335,71.968226745665
2026-03-27 00:00:00+05:30,81.5,82.31,78.55,79.27,15889028,81.27666666666669,80.95500000000001,81.59833333333336,0.007915350859205326,105.99235489114832,-1,85.41680000000001,98.91168403210686,71.92191596789316
2026-03-30 00:00:00+05:30,78.4,78.64,75.05,75.49,13665133,80.04333333333334,80.43,79.65666666666667,0.009661433390247038,105.99235489114832,-1,84.57039999999999,97.79247908613516,71.34832091386482
2026-04-01 00:00:00+05:30,78.08,81.29,78.08,80.53,10778251,76.39333333333333,76.845,75.94166666666666,0.0118247665590366,105.99235489114832,-1,83.92479999999999,96.2675752081942,71.58202479180578
2026-04-02 00:00:00+05:30,78.5,80.0,76.78,79.55,10827492,79.96666666666667,79.685,80.24833333333333,0.007044601917465601,105.99235489114832,-1,83.2616,94.6551191121977,71.86808088780231
2026-04-06 00:00:00+05:30,79.6,81.48,77.81,80.95,11817006,78.77666666666666,78.39,79.16333333333331,0.009816781618922424,105.99235489114832,-1,82.6984,93.05403719719916,72.34276280280085
2026-04-07 00:00:00+05:30,80.4,81.38,79.48,81.03,7848000,80.08,79.64500000000001,80.51499999999999,0.010864135864135566,105.99235489114832,-1,82.1328,91.16155676048565,73.10404323951435
2026-04-08 00:00:00+05:30,85.0,87.2,83.57,86.51,15427630,80.63000000000001,80.43,80.83000000000001,0.004960932655339274,105.99235489114832,-1,81.81479999999999,89.55210934110917,74.07749065889081
2026-04-09 00:00:00+05:30,86.08,87.4,84.21,85.39,8852870,85.75999999999999,85.38499999999999,86.13499999999999,0.008745335820895523,105.99235489114832,-1,81.54520000000001,88.22320957172239,74.86719042827762
2026-04-10 00:00:00+05:30,85.61,87.8,85.6,86.88,7632950,85.66666666666667,85.805,85.52833333333334,0.0032295719844358463,105.99235489114832,-1,81.4528,87.75870204808287,75.14689795191713
2026-04-13 00:00:00+05:30,84.75,90.85,82.75,87.55,22039668,86.75999999999999,86.69999999999999,86.82,0.0013831258644537178,105.99235489114832,-1,81.5208,88.04769676952345,74.99390323047653
2026-04-15 00:00:00+05:30,91.0,94.28,89.03,93.41,40317164,87.05,86.8,87.3,0.005743825387708214,105.99235489114832,-1,81.8044,89.6280811386978,73.98071886130221
2026-04-16 00:00:00+05:30,94.73,96.43,92.38,95.4,28416768,92.24000000000001,91.655,92.82500000000002,0.012684301821335817,105.99235489114832,-1,82.266,91.7135427493087,72.81845725069131
2026-04-17 00:00:00+05:30,95.79,100.0,95.51,97.9,47576215,94.73666666666668,94.405,95.06833333333336,0.007001864818268413,105.99235489114832,-1,82.91239999999999,94.16619833478524,71.65860166521475
2026-04-20 00:00:00+05:30,98.0,99.14,95.73,97.35,16048108,97.80333333333333,97.755,97.85166666666666,0.0009883780375583384,105.99235489114832,-1,83.4892,96.08555746714163,70.89284253285837
2026-04-21 00:00:00+05:30,97.7,101.39,97.26,100.05,19364954,97.40666666666668,97.435,97.37833333333336,0.0005817534734102068,105.99235489114832,-1,84.2008,98.3529231424834,70.0486768575166
2026-04-22 00:00:00+05:30,100.07,105.0,99.51,104.56,24547014,99.56666666666666,99.325,99.80833333333332,0.004854368932038702,105.99235489114832,-1,85.036,101.27695071108874,68.79504928891126
2026-04-23 00:00:00+05:30,104.0,104.5,101.2,101.79,15077166,103.02333333333333,102.255,103.79166666666666,0.014915714886595223,105.99235489114832,-1,85.92399999999999,103.26701934497027,68.58098065502972
2026-04-24 00:00:00+05:30,102.0,102.78,98.41,100.13,11846085,102.49666666666667,102.85,102.14333333333335,0.006894533155549604,105.99235489114832,-1,86.7932,104.70940113305309,68.8769988669469
2026-04-27 00:00:00+05:30,101.0,105.3,100.91,104.09,19824025,100.44,100.595,100.285,0.0030864197530864426,105.99235489114832,-1,87.8284,106.61097122334459,69.04582877665541
2026-04-28 00:00:00+05:30,104.0,105.14,102.17,103.07,9031940,103.43333333333332,103.10499999999999,103.76166666666666,0.006348694811472765,105.99235489114832,-1,88.6716,108.20762185092993,69.13557814907007
2026-04-29 00:00:00+05:30,104.0,105.29,101.9,102.19,8048382,103.46,103.655,103.26499999999999,0.0037695727817515447,105.99235489114832,-1,89.6364,109.36428149193954,69.90851850806045
2026-04-30 00:00:00+05:30,101.8,102.2,98.19,100.95,32561746,103.12666666666667,103.595,102.65833333333333,0.009082681492016298,105.99235489114832,-1,90.4008,110.34086693669835,70.46073306330166
2026-05-04 00:00:00+05:30,102.0,103.89,98.37,103.38,39249518,100.44666666666666,100.195,100.69833333333332,0.005010951085152954,105.99235489114832,-1,91.49,111.1704658481452,71.80953415185479
2026-05-05 00:00:00+05:30,103.0,106.77,102.55,104.47,26135265,101.88,101.13,102.63,0.014723203769140165,105.99235489114832,-1,92.55239999999999,112.05255899832636,73.05224100167362
2026-05-06 00:00:00+05:30,105.57,107.84,104.41,107.11,21519840,104.59666666666665,104.66,104.5333333333333,0.001211000987922116,76.36610140667557,1,93.56,113.35937615178844,73.76062384821157
2026-05-07 00:00:00+05:30,108.0,108.0,104.63,106.65,25094244,106.45333333333333,106.125,106.78166666666667,0.006168587174348694,76.80285735040854,1,94.65519999999998,114.19900934823116,75.1113906517688
2026-05-08 00:00:00+05:30,107.0,108.27,103.22,103.6,17961525,106.42666666666666,106.315,106.53833333333333,0.0020984715610122386,76.80285735040854,1,95.77959999999999,113.97124949530436,77.58795050469561
2026-05-11 00:00:00+05:30,102.5,102.7,99.5,99.83,10713051,105.03000000000002,105.745,104.31500000000003,0.013615157574026262,76.80285735040854,1,96.5516,113.69712553175339,79.4060744682466
2026-05-12 00:00:00+05:30,99.82,100.53,95.01,95.35,14155184,100.67666666666666,101.1,100.25333333333333,0.008409760619805954,76.80285735040854,1,97.18360000000001,112.87925736629107,81.48794263370895
2026-05-13 00:00:00+05:30,95.35,98.6,95.1,97.25,10305169,96.96333333333332,97.77000000000001,96.15666666666664,0.01663859190759434,76.80285735040854,1,97.8356,112.06546952013288,83.60573047986712
2026-05-14 00:00:00+05:30,98.49,98.88,95.44,97.59,8913657,96.98333333333333,96.85,97.11666666666667,0.0027496133356248145,76.80285735040854,1,98.49799999999999,110.97017831816103,86.02582168183895
2026-05-15 00:00:00+05:30,97.55,98.0,95.2,95.53,5783698,97.30333333333333,97.16,97.44666666666666,0.002946113528142185,76.80285735040854,1,98.85879999999999,110.41085722977539,87.30674277022459
2026-05-18 00:00:00+05:30,94.7,95.15,90.42,94.75,12904050,96.24333333333334,96.6,95.88666666666668,0.00741176878052135,76.80285735040854,1,99.2332,109.55623787845448,88.91016212154551
2026-05-19 00:00:00+05:30,94.75,97.97,94.65,96.3,7596004,93.44,92.785,94.095,0.014019691780821943,76.80285735040854,1,99.61,108.71810276621899,90.50189723378101
2026-05-20 00:00:00+05:30,95.8,95.8,94.03,95.27,5713347,96.30666666666667,96.31,96.30333333333334,6.92233144122311e-05,76.80285735040854,1,99.9188,107.81302739981602,92.02457260018399
2026-05-21 00:00:00+05:30,96.53,97.13,94.72,95.0,5172076,95.03333333333332,94.91499999999999,95.15166666666664,0.0024903542616624033,76.80285735040854,1,99.9824,107.68924533126271,92.27555466873729
2026-05-22 00:00:00+05:30,95.41,95.6,93.88,94.31,4929961,95.61666666666667,95.925,95.30833333333335,0.0064493637789783415,76.80285735040854,1,99.93880000000001,107.76032787120305,92.11727212879698
2026-05-25 00:00:00+05:30,96.0,98.37,95.63,97.04,9757031,94.59666666666665,94.74,94.4533333333333,0.0030304098100710757,76.80285735040854,1,99.90440000000001,107.7689393100935,92.03986068990652
2026-05-26 00:00:00+05:30,97.06,99.15,95.62,96.22,13023755,97.01333333333334,97.0,97.02666666666667,0.00027487630566249484,76.80285735040854,1,99.8592,107.79461312346156,91.92378687653844
2026-05-27 00:00:00+05:30,96.8,97.98,93.8,95.81,16694976,96.99666666666667,97.385,96.60833333333333,0.008007148011959217,76.80285735040854,1,99.68959999999998,107.78115506438692,91.59804493561305
2026-05-29 00:00:00+05:30,96.79,96.79,92.44,93.02,16314958,95.86333333333334,95.89,95.83666666666669,0.0005563475781492393,76.80285735040854,1,99.228,107.47075487928679,90.9852451207132
2026-06-01 00:00:00+05:30,89.48,91.11,83.31,83.84,52246914,94.08333333333333,94.61500000000001,93.55166666666665,0.011302037201063183,76.80285735040854,1,98.51,108.64494864318544,88.37505135681457
2026-06-02 00:00:00+05:30,83.01,85.04,81.62,84.28,20328740,86.08666666666666,87.21000000000001,84.96333333333331,0.02609773096879151,76.80285735040854,1,97.876,109.41239111680974,86.33960888319027
2026-06-03 00:00:00+05:30,84.3,84.8,81.61,83.01,14392013,83.64666666666668,83.33000000000001,83.96333333333334,0.007571531043277186,76.80285735040854,1,97.0328,109.65919460178586,84.40640539821413
2026-06-04 00:00:00+05:30,82.93,88.0,82.52,85.78,21202792,83.14,83.205,83.075,0.001563627616069226,76.80285735040854,1,96.34120000000001,109.45382880737527,83.22857119262476
2026-06-05 00:00:00+05:30,86.5,87.78,84.81,86.79,14069962,85.43333333333332,85.25999999999999,85.60666666666665,0.004057744830276989,76.80285735040854,1,95.7252,109.12467475985562,82.32572524014438
2026-06-08 00:00:00+05:30,85.8,87.9,83.91,84.51,17064295,86.46,86.295,86.62499999999999,0.0038167938931295874,76.80285735040854,1,95.06759999999998,108.98066296111708,81.15453703888289
2026-06-09 00:00:00+05:30,85.0,86.43,84.5,86.14,8040524,85.44,85.905,84.975,0.010884831460674238,76.80285735040854,1,94.37800000000001,108.28368574360894,80.47231425639109
2026-06-10 00:00:00+05:30,86.68,86.68,82.38,82.73,9903196,85.69,85.465,85.91499999999999,0.0052514879215776475,76.80285735040854,1,93.5084,107.49967119885855,79.51712880114144
2026-06-11 00:00:00+05:30,82.1,83.12,80.75,81.1,10900617,83.93,84.53,83.33000000000001,0.014297628976527922,76.80285735040854,1,92.46800000000002,106.12304741844605,78.81295258155399
2026-06-12 00:00:00+05:30,83.0,88.4,82.33,88.03,21229167,81.65666666666667,81.935,81.37833333333333,0.006817161285055378,76.80285735040854,1,91.72319999999999,104.18161430680526,79.26478569319472
2026-06-15 00:00:00+05:30,90.5,92.4,89.51,89.87,19526878,86.25333333333333,85.36500000000001,87.14166666666665,0.020598237749265447,76.80285735040854,1,91.17400000000002,102.66250555990686,79.68549444009318
2026-06-16 00:00:00+05:30,90.95,93.3,90.01,90.79,28597761,90.59333333333335,90.95500000000001,90.23166666666668,0.007984399146368339,76.80285735040854,1,90.8124,101.74391960891121,79.88088039108878
2026-06-17 00:00:00+05:30,91.88,92.0,89.83,91.0,15932753,91.36666666666667,91.655,91.07833333333335,0.006311565122218027,76.80285735040854,1,90.6384,101.41282702699363,79.86397297300638
2026-06-18 00:00:00+05:30,91.02,91.84,88.81,89.33,10712027,90.94333333333333,90.91499999999999,90.97166666666666,0.0006230986328483522,76.80285735040854,1,90.3216,100.76030747554557,79.88289252445443
2026-06-19 00:00:00+05:30,89.01,92.25,88.2,90.72,18771345,89.99333333333334,90.325,89.66166666666668,0.007370916364175052,76.80285735040854,1,90.0468,100.05865332693259,80.03494667306742
2026-06-22 00:00:00+05:30,91.0,94.7,90.79,92.89,21953476,90.38999999999999,90.225,90.55499999999998,0.003650846332558736,76.80285735040854,1,89.94120000000001,99.7735715470893,80.10882845291071
2026-06-23 00:00:00+05:30,93.0,93.3,90.3,90.66,12489006,92.79333333333334,92.745,92.84166666666667,0.0010417415044183921,76.80285735040854,1,89.7776,99.41872073153382,80.13647926846619
2026-06-24 00:00:00+05:30,90.66,91.28,89.8,90.3,6686388,91.42,91.8,91.04,0.008313279369940833,76.80285735040854,1,89.5376,98.80894299656804,80.26625700343196
2026-06-25 00:00:00+05:30,90.75,91.54,89.3,89.52,6007189,90.46,90.53999999999999,90.38,0.0017687375635639685,76.80285735040854,1,89.30760000000001,98.27914306460218,80.33605693539783
2026-06-29 00:00:00+05:30,89.45,89.83,88.0,88.18,7737371,90.12,90.42,89.82000000000001,0.006657789613848139,76.80285735040854,1,89.03479999999999,97.70715814758658,80.3624418524134
2026-06-30 00:00:00+05:30,88.5,90.64,88.5,90.12,9137337,88.67,88.91499999999999,88.42500000000001,0.00552610804105087,76.80285735040854,1,88.8672,97.28345953972497,80.45094046027502
2026-07-01 00:00:00+05:30,90.2,91.47,89.38,89.85,9561075,89.75333333333333,89.57,89.93666666666667,0.004085270742033807,76.80285735040854,1,88.57959999999999,96.32362785119034,80.83557214880963
2026-07-02 00:00:00+05:30,90.3,90.43,88.74,89.96,5454178,90.23333333333333,90.425,90.04166666666667,0.004248245289988834,76.80285735040854,1,88.3292,95.44846495082267,81.20993504917733
2026-07-03 00:00:00+05:30,90.15,90.52,87.54,88.0,7728023,89.71,89.58500000000001,89.83499999999998,0.002786757329171459,76.80285735040854,1,88.0168,94.44773453861974,81.58586546138027
2026-07-06 00:00:00+05:30,88.39,88.39,86.45,86.95,6810323,88.68666666666667,89.03,88.34333333333333,0.0077426144478689105,76.80285735040854,1,87.77400000000002,93.88121540474975,81.66678459525028
2026-07-07 00:00:00+05:30,86.95,87.04,85.36,86.14,5405475,87.26333333333334,87.42,87.10666666666667,0.0035906642728904758,76.80285735040854,1,87.866,93.80023963115852,81.93176036884148
2026-07-08 00:00:00+05:30,85.45,85.49,82.03,82.72,9170430,86.18,86.2,86.16000000000001,0.00046414481318162034,76.80285735040854,1,87.80359999999999,93.91744757415593,81.68975242584405
2026-07-09 00:00:00+05:30,82.97,83.99,81.77,82.01,9608812,83.41333333333333,83.75999999999999,83.06666666666666,0.008312020460357993,76.80285735040854,1,87.76360000000001,94.0139347238378,81.51326527616222
2026-07-10 00:00:00+05:30,82.73,83.8,81.89,82.61,32213482,82.58999999999999,82.88,82.29999999999998,0.007022641966339903,76.80285735040854,1,87.63680000000001,94.16538017029833,81.10821982970168
2026-07-13 00:00:00+05:30,82.0,82.3,80.7,81.09,12833126,82.76666666666667,82.845,82.68833333333333,0.0018928715263793752,76.80285735040854,1,87.40879999999999,94.42003286163086,80.39756713836911
2026-07-14 00:00:00+05:30,80.8,80.87,78.8,79.05,10276009,81.36333333333333,81.5,81.22666666666666,0.003359416608628054,76.80285735040854,1,87.19040000000001,94.85859609556334,79.52220390443668
2026-07-15 00:00:00+05:30,79.37,80.84,79.0,79.98,6941702,79.57333333333334,79.83500000000001,79.31166666666667,0.006576742627345935,76.80285735040854,1,86.944,95.11102050934201,78.776979490658
2026-07-16 00:00:00+05:30,80.07,80.5,78.56,78.79,10337387,79.94,79.92,79.96,0.0005003752814609963,76.80285735040854,1,86.7864,95.41180782572124,78.16099217427876
2026-07-17 00:00:00+05:30,78.77,78.8,77.28,78.12,11427266,79.28333333333335,79.53,79.03666666666669,0.0062224090813535115,76.80285735040854,1,86.6672,95.67742977731496,77.65697022268503
2026-07-20 00:00:00+05:30,78.0,79.94,77.4,79.22,7787106,78.06666666666666,78.03999999999999,78.09333333333333,0.0006831767719898592,76.80285735040854,1,86.31480000000002,95.76276633355633,76.86683366644371
2026-07-21 00:00:00+05:30,79.33,79.59,78.61,79.02,3197973,78.85333333333334,78.67,79.03666666666668,0.0046499830909706745,76.80285735040854,1,85.8808,95.6277271793737,76.1338728206263
2026-07-22 00:00:00+05:30,79.0,79.17,76.41,76.67,11390993,79.07333333333332,79.1,79.04666666666665,0.000674479386223864,98.22023521346603,-1,85.316,95.48678010774071,75.14521989225929
2026-07-23 00:00:00+05:30,76.9,78.0,75.92,76.21,6226177,77.41666666666667,77.78999999999999,77.04333333333335,0.009644779332615388,97.1554258049274,-1,84.72439999999999,95.21928573353776,74.22951426646222
2026-07-24 00:00:00+05:30,75.8,77.39,75.2,76.97,6163215,76.71,76.96000000000001,76.45999999999998,0.006518055012384676,96.29580877273031,-1,84.23,94.97206535076077,73.48793464923924
2026-07-27 00:00:00+05:30,78.0,78.5,77.21,78.23,7107792,76.52,76.295,76.74499999999999,0.0058808154730787855,96.29580877273031,-1,83.73039999999999,94.38001742787105,73.08078257212892
2026-07-28 00:00:00+05:30,78.35,78.44,75.54,75.94,7493286,77.98,77.85499999999999,78.10500000000002,0.003205950243652583,96.29580877273031,-1,83.05239999999999,93.43807980249804,72.66672019750195
2026-07-29 00:00:00+05:30,76.94,78.88,76.1,76.6,24060517,76.64,76.99000000000001,76.28999999999999,0.009133611691023186,96.29580877273031,-1,82.49,92.68796214937161,72.29203785062838
2026-07-30 00:00:00+05:30,76.9,76.9,73.81,74.98,18968165,77.19333333333333,77.49,76.89666666666666,0.007686328698505922,95.1254502307363,-1,81.8772,91.96486457808827,71.78953542191174
2026-07-31 00:00:00+05:30,75.62,78.42,75.25,78.14,16412344,75.23,75.355,75.105,0.0033231423634188487,95.1254502307363,-1,81.422,91.10811542363692,71.73588457636308
2026-08-03 00:00:00+05:30,78.9,81.14,78.54,78.9,11919807,77.27,76.83500000000001,77.70499999999998,0.011259220913678997,95.1254502307363,-1,81.0508,90.3771101728399,71.72448982716008
2026-08-04 00:00:00+05:30,79.0,80.68,78.75,79.21,8427344,79.52666666666667,79.84,79.21333333333334,0.007879956408751762,95.1254502307363,-1,80.6144,89.19346676509849,72.03533323490151
2026-08-05 00:00:00+05:30,79.55,80.36,78.11,78.86,6755805,79.54666666666667,79.715,79.37833333333333,0.004232316459939739,95.1254502307363,-1,80.17479999999999,87.89959461474656,72.45000538525342
2026-08-06 00:00:00+05:30,79.3,79.3,78.01,78.2,5653025,79.11,79.235,78.985,0.003160156743774491,95.1254502307363,-1,79.70439999999999,86.34452790238396,73.06427209761603
2026-08-07 00:00:00+05:30,78.3,78.7,76.85,78.0,9963031,78.50333333333333,78.655,78.35166666666666,0.003863954821451425,95.1254502307363,-1,79.3044,85.04072099520401,73.56807900479599
2026-08-10 00:00:00+05:30,75.49,77.0,73.21,73.5,53109150,77.85000000000001,77.775,77.92500000000001,0.0019267822736031557,94.58805281699286,-1,78.7664,84.03758014869713,73.49521985130288
2026-08-11 00:00:00+05:30,73.5,74.7,72.7,74.4,12189561,74.57,75.10499999999999,74.035,0.014348933887622277,92.96373070431316,-1,78.2968,82.90706236129995,73.68653763870006
2026-08-12 00:00:00+05:30,74.27,74.84,73.55,74.0,8299658,73.93333333333334,73.7,74.16666666666667,0.006311992786293984,92.96373070431316,-1,77.94800000000001,82.48578800739074,73.41021199260928
2026-08-13 00:00:00+05:30,74.0,74.39,73.4,74.1,6706411,74.13,74.195,74.065,0.0017536759746390861,92.27240621709502,-1,77.63159999999999,82.09481025272385,73.16838974727614
2026-08-14 00:00:00+05:30,73.99,75.2,73.2,73.67,6072136,73.96333333333334,73.89500000000001,74.03166666666667,0.0018477624047950252,92.27240621709502,-1,77.274,81.51125193964432,73.03674806035568
2026-08-17 00:00:00+05:30,74.18,78.59,73.32,78.13,34043653,74.02333333333333,74.2,73.84666666666665,0.004773269689737737,92.27240621709502,-1,77.15559999999999,81.1161013016056,73.19509869839439
2026-08-18 00:00:00+05:30,78.0,78.19,74.69,74.95,18198825,76.67999999999999,75.955,77.40499999999999,0.018909754825247635,92.27240621709502,-1,76.9916,80.96427337696164,73.01892662303837
2026-08-19 00:00:00+05:30,75.0,75.15,73.5,73.74,12507160,75.94333333333333,76.44,75.44666666666666,0.013079928016503614,92.27240621709502,-1,76.742,80.71638196453486,72.76761803546515
2026-08-20 00:00:00+05:30,74.0,75.14,73.56,73.9,5913003,74.13,74.325,73.93499999999999,0.005261027923917642,92.27240621709502,-1,76.5464,80.57925260826876,72.51354739173125
2026-08-21 00:00:00+05:30,74.24,74.82,73.45,73.6,6096098,74.2,74.35,74.05000000000001,0.004043126684635889,92.27240621709502,-1,76.3656,80.50395167186407,72.22724832813593
2026-08-24 00:00:00+05:30,73.97,74.78,73.26,73.75,5346828,73.95666666666666,74.13499999999999,73.77833333333334,0.0048226438905663895,91.9138433716136,-1,76.1468,80.23647762054912,72.05712237945087
2026-08-25 00:00:00+05:30,73.87,74.2,72.79,73.74,13891746,73.93,74.02000000000001,73.84,0.0024347355606655864,91.06788963674904,-1,75.93560000000001,79.95468280084158,71.91651719915843
2026-08-26 00:00:00+05:30,74.1,74.2,73.03,73.2,6365111,73.57666666666667,73.495,73.65833333333333,0.002219906673311198,90.81257405127909,-1,75.7968,79.94252442885687,71.65107557114314
2026-08-27 00:00:00+05:30,73.45,73.7,71.41,72.0,12554597,73.47666666666667,73.61500000000001,73.33833333333334,0.00376536769042332,89.70587108922793,-1,75.6284,80.02758057824644,71.22921942175356
2026-08-28 00:00:00+05:30,72.0,72.48,71.27,71.79,7058151,72.37,72.555,72.185,0.005112615724747886,88.67863624565881,-1,75.4212,80.03101672520945,70.81138327479054
2026-08-31 00:00:00+05:30,71.7,71.7,69.6,70.37,12489778,71.84666666666668,71.875,71.81833333333336,0.0007887167115149421,87.39469079583246,-1,75.1068,79.97250272828305,70.24109727171697
2026-09-01 00:00:00+05:30,70.37,70.37,69.1,69.5,8168944,70.55666666666667,70.65,70.46333333333334,0.002645627627911382,86.16550316399916,-1,74.8492,80.17163829837615,69.52676170162384
2026-09-02 00:00:00+05:30,69.15,71.31,68.0,70.59,13562084,69.65666666666667,69.735,69.57833333333333,0.0022491266688998367,86.16550316399916,-1,74.6088,80.13231864666187,69.08528135333813
2026-09-03 00:00:00+05:30,71.9,74.56,70.54,74.0,39746918,69.96666666666667,69.655,70.27833333333334,0.008909004287756097,86.16550316399916,-1,74.5696,80.095933989185,69.04326601081499
2026-09-04 00:00:00+05:30,74.27,76.5,73.5,74.4,22688206,73.03333333333335,72.55000000000001,73.51666666666668,0.013235965312642652,86.16550316399916,-1,74.42,79.75064799063131,69.0893520093687
2026-09-07 00:00:00+05:30,74.5,75.99,73.66,75.6,15134302,74.8,75.0,74.6,0.0053475935828877766,86.16550316399916,-1,74.288,79.32363620608375,69.25236379391625
2026-09-08 00:00:00+05:30,75.67,76.08,74.5,75.71,9911582,75.08333333333333,74.82499999999999,75.34166666666667,0.006881243063263218,86.16550316399916,-1,74.148,78.80917924993469,69.4868207500653
2026-09-09 00:00:00+05:30,75.5,77.62,75.5,77.39,18491767,75.42999999999999,75.28999999999999,75.57,0.0037120509081267554,86.16550316399916,-1,74.0892,78.54363390791937,69.63476609208064
2026-09-10 00:00:00+05:30,77.39,77.85,75.81,76.02,9773988,76.83666666666666,76.56,77.11333333333332,0.00720142293175975,86.16550316399916,-1,74.002,78.20964257037379,69.7943574296262
2026-09-11 00:00:00+05:30,75.5,76.5,73.78,76.5,7415115,76.56,76.83,76.29,0.007053291536050052,86.16550316399916,-1,73.942,77.95831871245569,69.9256812875443
2026-09-15 00:00:00+05:30,76.88,76.94,73.72,74.35,9034365,75.59333333333333,75.14,76.04666666666667,0.011994002998500744,86.16550316399916,-1,73.976,77.99116724434012,69.96083275565988
2026-09-16 00:00:00+05:30,74.35,74.5,72.67,74.5,5543694,75.00333333333333,75.33,74.67666666666666,0.008710723967823688,86.16550316399916,-1,73.98,77.99704767211217,69.96295232788783
2026-09-17 00:00:00+05:30,74.45,75.25,73.56,74.1,5711983,73.89,73.58500000000001,74.195,0.008255514954662136,86.16550316399916,-1,73.984,78.00131850865995,69.96668149134004
2026-09-18 00:00:00+05:30,74.33,76.8,74.29,76.8,10976663,74.30333333333333,74.405,74.20166666666665,0.0027365304382936705,86.16550316399916,-1,74.092,78.25839124423304,69.92560875576696
2026-09-21 00:00:00+05:30,75.6,78.0,75.52,77.5,11293611,75.96333333333332,75.545,76.38166666666665,0.011014085743121394,86.16550316399916,-1,74.2452,78.61495466588477,69.87544533411523
2026-09-22 00:00:00+05:30,78.03,78.89,77.4,77.9,10089416,77.00666666666666,76.75999999999999,77.25333333333333,0.006406371742706338,86.16550316399916,-1,74.236,78.57385200301044,69.89814799698956
2026-09-23 00:00:00+05:30,78.25,78.25,74.8,75.02,17183824,78.06333333333335,78.14500000000001,77.98166666666668,0.002092318203168285,86.16550316399916,-1,74.2388,78.5785818194031,69.8990181805969
2026-09-24 00:00:00+05:30,74.36,75.06,72.81,73.09,9666599,76.02333333333333,76.525,75.52166666666665,0.013197702459771457,86.16550316399916,-1,74.2128,78.57196880150583,69.85363119849417
2026-09-25 00:00:00+05:30,73.1,75.5,72.86,74.75,11031367,73.65333333333334,73.935,73.37166666666667,0.007648443157132502,86.16550316399916,-1,74.2468,78.60893789786861,69.88466210213137
2026-09-28 00:00:00+05:30,74.81,74.83,72.0,72.0,5854850,74.37,74.18,74.56,0.0051095871991393765,86.16550316399916,-1,74.1828,78.62719249392104,69.73840750607896
2026-09-29 00:00:00+05:30,72.0,73.04,70.57,71.5,8301480,72.94333333333333,73.41499999999999,72.47166666666666,0.01293241328885429,86.16550316399916,-1,74.0928,78.65808647951273,69.52751352048726
2026-09-30 00:00:00+05:30,72.0,72.93,69.51,69.51,9235114,71.70333333333333,71.805,71.60166666666666,0.0028357584491657387,86.16550316399916,-1,73.9236,78.8294883150783,69.0177116849217
2026-10-01 00:00:00+05:30,69.4,70.1,67.1,68.75,9972133,70.64999999999999,71.22,70.07999999999998,0.016135881104034182,86.07849615719063,-1,73.7456,79.05029702810837,68.44090297189162
2026-10-05 00:00:00+05:30,69.0,69.88,67.6,67.8,5978012,68.64999999999999,68.6,68.69999999999999,0.0014566642388928526,86.07849615719063,-1,73.5776,79.33914501501307,67.81605498498693
2026-10-06 00:00:00+05:30,68.01,70.24,67.51,68.7,10428766,68.42666666666666,68.74,68.11333333333333,0.009158222915042846,86.07849615719063,-1,73.454,79.48969117831768,67.4183088216823
