date,open,high,low,close,volume,cpr_pp,cpr_bc,cpr_tc,cpr_width,supertrend,supertrend_dir,bb_middle,bb_upper,bb_lower
2005-07-12 00:00:00+05:30,13.18,14.0,12.0,12.17,244941515,,,,,,1,,,
2005-07-13 00:00:00+05:30,12.2,12.6,11.49,11.74,64111620,12.723333333333334,13.0,12.446666666666669,0.04348965155881564,,1,,,
2005-07-14 00:00:00+05:30,12.0,12.0,11.4,11.45,16282865,11.943333333333333,12.045,11.841666666666667,0.01702483951995533,,1,,,
2005-07-15 00:00:00+05:30,11.25,12.89,11.25,12.37,75448030,11.616666666666665,11.7,11.533333333333331,0.014347202295552471,,1,,,
2005-07-18 00:00:00+05:30,12.54,13.14,12.5,12.82,75684775,12.17,12.07,12.27,0.016433853738701668,,1,,,
2005-07-19 00:00:00+05:30,13.0,13.0,12.62,12.79,25445935,12.82,12.82,12.82,0.0,,1,,,
2005-07-20 00:00:00+05:30,12.82,12.97,12.6,12.7,9406670,12.803333333333333,12.809999999999999,12.796666666666667,0.0010413954699295912,,1,,,
2005-07-21 00:00:00+05:30,12.78,12.8,12.45,12.5,10164570,12.756666666666666,12.785,12.728333333333332,0.004442121766396793,,1,,,
2005-07-22 00:00:00+05:30,12.56,12.6,12.36,12.41,5026005,12.583333333333334,12.625,12.541666666666668,0.006622516556291296,,1,,,
2005-07-25 00:00:00+05:30,12.6,12.6,12.22,12.28,5403485,12.456666666666669,12.48,12.433333333333337,0.003746320578003476,,1,,,
2005-07-26 00:00:00+05:30,12.32,12.8,12.2,12.49,11647700,12.366666666666667,12.41,12.323333333333334,0.007008086253369218,,1,,,
2005-07-27 00:00:00+05:30,12.66,12.9,12.47,12.71,12481020,12.496666666666668,12.5,12.493333333333336,0.0005334755934913968,,1,,,
2005-07-29 00:00:00+05:30,12.71,12.85,12.4,12.49,6186465,12.693333333333333,12.685,12.701666666666666,0.001313025210083959,,1,,,
2005-08-01 00:00:00+05:30,12.61,12.86,12.55,12.66,17954690,12.58,12.625,12.535,0.007154213036565967,,1,,,
2005-08-02 00:00:00+05:30,12.8,14.86,12.8,14.32,154283555,12.69,12.705,12.674999999999999,0.0023640661938535176,,1,,,
2005-08-03 00:00:00+05:30,14.5,14.57,13.63,13.91,56966635,13.993333333333334,13.83,14.156666666666668,0.023344449737970556,,1,,,
2005-08-04 00:00:00+05:30,14.0,14.74,13.92,14.34,42898030,14.036666666666667,14.100000000000001,13.973333333333333,0.009023984801709952,,1,,,
2005-08-05 00:00:00+05:30,14.3,14.55,14.2,14.31,13080370,14.333333333333334,14.33,14.336666666666668,0.0004651162790698401,,1,,,
2005-08-08 00:00:00+05:30,14.39,14.47,14.09,14.13,10771625,14.353333333333333,14.375,14.331666666666667,0.0030190431955410824,,1,,,
2005-08-09 00:00:00+05:30,14.18,14.23,13.71,13.94,7518155,14.230000000000002,14.280000000000001,14.180000000000003,0.007027406886858599,,1,,,
2005-08-10 00:00:00+05:30,14.0,14.7,14.0,14.3,16457335,13.96,13.97,13.950000000000001,0.0014326647564469608,,1,,,
2005-08-11 00:00:00+05:30,14.39,14.56,14.24,14.33,8931260,14.333333333333334,14.35,14.316666666666668,0.002325581395348705,,1,,,
2005-08-12 00:00:00+05:30,14.3,14.38,14.1,14.14,4509935,14.376666666666667,14.4,14.353333333333333,0.0032460004637143653,,1,,,
2005-08-16 00:00:00+05:30,14.18,14.29,13.8,13.89,5442010,14.206666666666669,14.24,14.173333333333337,0.004692632566869747,,1,,,
2005-08-17 00:00:00+05:30,13.88,14.18,13.75,13.81,5179820,13.993333333333334,14.045,13.941666666666668,0.00738446879466401,,1,13.16,14.988144414426827,11.331855585573173
2005-08-18 00:00:00+05:30,13.94,14.01,13.71,13.79,4823060,13.913333333333334,13.965,13.861666666666668,0.0074269286056539326,9.155327999999997,1,13.2248,15.022577472325207,11.427022527674794
2005-08-19 00:00:00+05:30,13.93,13.93,13.48,13.58,4071670,13.836666666666666,13.86,13.813333333333333,0.0033726812816189007,9.155327999999997,1,13.298399999999999,14.994802593725915,11.601997406274084
2005-08-22 00:00:00+05:30,13.7,13.72,13.25,13.34,4580710,13.663333333333334,13.705,13.621666666666668,0.006099048548426358,9.155327999999997,1,13.373999999999999,14.893389351022314,11.854610648977683
2005-08-23 00:00:00+05:30,13.49,13.49,12.78,12.92,7381835,13.436666666666667,13.485,13.388333333333335,0.0071942446043163485,9.155327999999997,1,13.395999999999999,14.871907856202416,11.920092143797582
2005-08-24 00:00:00+05:30,12.84,13.18,12.78,12.93,3082390,13.063333333333333,13.135,12.991666666666665,0.010972186782342519,9.155327999999997,1,13.4004,14.870055524264108,11.93074447573589
2005-08-25 00:00:00+05:30,13.0,13.46,12.95,13.14,2483045,12.963333333333333,12.98,12.946666666666665,0.0025713551041400095,9.155327999999997,1,13.4144,14.867100437117031,11.96169956288297
2005-08-26 00:00:00+05:30,13.22,13.6,13.14,13.24,2330370,13.183333333333332,13.205,13.161666666666664,0.003286978508217691,9.155327999999997,1,13.436,14.861370127370435,12.010629872629565
2005-08-29 00:00:00+05:30,13.4,13.4,12.84,13.05,6227745,13.326666666666668,13.370000000000001,13.283333333333335,0.006503251625812856,9.155327999999997,1,13.458,14.84125991773058,12.07474008226942
2005-08-30 00:00:00+05:30,13.19,13.43,13.14,13.29,2026595,13.09666666666667,13.120000000000001,13.073333333333338,0.0035632476457111194,9.155327999999997,1,13.493200000000002,14.81124364115913,12.175156358840873
2005-08-31 00:00:00+05:30,13.4,13.73,13.23,13.41,4263315,13.286666666666667,13.285,13.288333333333334,0.0002508780732564366,9.15848722869869,1,13.5384,14.760970145226853,12.315829854773146
2005-09-01 00:00:00+05:30,13.59,13.66,13.3,13.4,1910845,13.456666666666669,13.48,13.433333333333337,0.0034679217240522636,9.23054773955074,1,13.5748,14.722223130322904,12.427376869677095
2005-09-02 00:00:00+05:30,13.42,14.79,13.14,14.12,17197530,13.453333333333333,13.48,13.426666666666666,0.003964321110010003,9.42352582996871,1,13.6312,14.741044241323985,12.521355758676014
2005-09-05 00:00:00+05:30,14.22,14.3,13.6,13.66,3974285,14.016666666666666,13.965,14.068333333333332,0.007372175980974915,9.42352582996871,1,13.677999999999999,14.68534899612796,12.670651003872038
2005-09-06 00:00:00+05:30,13.79,14.28,13.6,13.77,5798570,13.853333333333333,13.95,13.756666666666668,0.013955726660250113,9.42352582996871,1,13.7224,14.640228393546426,12.804571606453575
2005-09-08 00:00:00+05:30,13.6,13.93,13.6,13.82,2644230,13.883333333333333,13.94,13.826666666666666,0.008163265306122446,9.42352582996871,1,13.7024,14.588511144270296,12.816288855729706
2005-09-09 00:00:00+05:30,13.97,14.67,13.74,14.54,15055895,13.783333333333333,13.765,13.801666666666666,0.0026602176541716052,9.64972964035507,1,13.7276,14.669942273274426,12.785257726725575
2005-09-12 00:00:00+05:30,14.64,14.76,14.3,14.34,7265700,14.316666666666668,14.205,14.428333333333336,0.015599534342258643,10.028140454740868,1,13.7276,14.669942273274426,12.785257726725575
2005-09-13 00:00:00+05:30,14.4,14.6,14.18,14.3,6031595,14.466666666666669,14.530000000000001,14.403333333333336,0.008755760368663488,10.028140454740868,1,13.7272,14.66856105719326,12.78583894280674
2005-09-14 00:00:00+05:30,14.51,14.72,14.03,14.34,9335740,14.36,14.39,14.329999999999998,0.004178272980501551,10.028140454740868,1,13.735600000000002,14.694767639153874,12.77643236084613
2005-09-15 00:00:00+05:30,14.4,14.5,14.16,14.2,3526630,14.363333333333335,14.375,14.35166666666667,0.0016245068461357534,10.028140454740868,1,13.746000000000002,14.719340639241995,12.77265936075801
2005-09-16 00:00:00+05:30,14.1,14.37,12.98,14.14,2222495,14.286666666666667,14.33,14.243333333333334,0.006066262249183341,10.028140454740868,1,13.739600000000001,14.700307739117374,12.778892260882628
2005-09-19 00:00:00+05:30,14.29,14.29,13.9,13.96,3858115,13.83,13.675,13.985,0.02241503976861885,10.028140454740868,1,13.7248,14.659724510321562,12.789875489678439
2005-09-20 00:00:00+05:30,14.08,14.08,13.62,13.77,5424665,14.049999999999999,14.094999999999999,14.004999999999999,0.006405693950177926,10.028140454740868,1,13.71,14.629756489512314,12.790243510487688
2005-09-21 00:00:00+05:30,13.8,13.89,12.71,13.07,16822765,13.823333333333332,13.85,13.796666666666665,0.0038582107547625684,10.028140454740868,1,13.677200000000001,14.6269371425821,12.727462857417901
2005-09-22 00:00:00+05:30,13.16,13.16,12.72,12.78,5662030,13.223333333333334,13.3,13.146666666666668,0.011595664229896578,10.028140454740868,1,13.636,14.646536491176844,12.625463508823154
2005-09-23 00:00:00+05:30,12.86,13.3,12.24,12.58,7912080,12.886666666666668,12.940000000000001,12.833333333333336,0.008277289187790913,10.028140454740868,1,13.5876,14.676838706620366,12.498361293379634
2005-09-26 00:00:00+05:30,12.78,13.34,12.78,13.01,4744150,12.706666666666665,12.77,12.64333333333333,0.009968520461700056,10.028140454740868,1,13.5648,14.677333972515001,12.452266027484999
2005-09-27 00:00:00+05:30,13.1,13.38,13.02,13.29,4317720,13.043333333333331,13.059999999999999,13.026666666666664,0.0025555839509329155,10.028140454740868,1,13.5628,14.677121605282785,12.448478394717213
2005-09-28 00:00:00+05:30,13.5,13.96,13.41,13.73,6920645,13.229999999999999,13.2,13.259999999999998,0.004535147392290153,10.028140454740868,1,13.5952,14.679578089044595,12.510821910955405
2005-09-29 00:00:00+05:30,13.85,13.85,13.44,13.53,3466900,13.700000000000001,13.685,13.715000000000002,0.0021897810218978932,10.028140454740868,1,13.619200000000001,14.669653920931333,12.568746079068669
2005-09-30 00:00:00+05:30,13.52,13.59,13.05,13.27,4122065,13.606666666666667,13.645,13.568333333333335,0.005634492895639228,10.028140454740868,1,13.624400000000001,14.666568201395538,12.582231798604465
2005-10-03 00:00:00+05:30,13.37,13.58,13.23,13.31,2110165,13.303333333333333,13.32,13.286666666666665,0.002505637684790904,10.028140454740868,1,13.6272,14.665591371304679,12.588808628695322
2005-10-04 00:00:00+05:30,13.45,13.54,13.35,13.42,3353220,13.373333333333335,13.405000000000001,13.341666666666669,0.004735792622133542,10.028140454740868,1,13.642000000000001,14.657354125416356,12.626645874583646
2005-10-05 00:00:00+05:30,13.54,13.9,13.32,13.55,4732285,13.436666666666667,13.445,13.428333333333335,0.0012403870007441616,10.028140454740868,1,13.652399999999998,14.65840246520573,12.646397534794266
2005-10-06 00:00:00+05:30,13.69,14.24,13.25,13.68,13031490,13.589999999999998,13.61,13.569999999999997,0.0029433406916852616,10.028140454740868,1,13.6632,14.664346862353376,12.662053137646623
2005-10-07 00:00:00+05:30,13.88,14.1,13.66,13.84,8826685,13.723333333333334,13.745000000000001,13.701666666666668,0.0031576390575661644,10.028140454740868,1,13.680800000000001,14.67828355374914,12.683316446250863
2005-10-10 00:00:00+05:30,14.0,14.43,13.51,13.64,23831460,13.866666666666665,13.879999999999999,13.853333333333332,0.0019230769230769676,10.028140454740868,1,13.6616,14.642875578010587,12.680324421989413
2005-10-11 00:00:00+05:30,13.8,13.8,13.38,13.44,5339035,13.86,13.969999999999999,13.75,0.015873015873015792,10.028140454740868,1,13.6528,14.637913516301552,12.667686483698446
2005-10-13 00:00:00+05:30,13.46,13.57,13.08,13.13,7831490,13.54,13.59,13.489999999999998,0.007385524372230534,10.028140454740868,1,13.6272,14.63186941826653,12.62253058173347
2005-10-14 00:00:00+05:30,13.25,13.25,12.85,12.94,6389425,13.26,13.325,13.195,0.009803921568627376,10.028140454740868,1,13.592,14.628347432090228,12.555652567909773
2005-10-17 00:00:00+05:30,13.1,13.1,12.55,12.6,5579835,13.013333333333334,13.05,12.976666666666667,0.005635245901639406,10.028140454740868,1,13.5144,14.545703330742224,12.483096669257776
2005-10-18 00:00:00+05:30,12.72,13.23,12.61,13.14,4885790,12.75,12.825,12.675,0.01176470588235283,10.028140454740868,1,13.4664,14.450137851259168,12.482662148740832
2005-10-19 00:00:00+05:30,12.89,13.18,12.64,12.94,4822750,12.993333333333334,12.92,13.066666666666668,0.011287839917906743,10.028140454740868,1,13.412,14.354897661467037,12.469102338532965
2005-10-20 00:00:00+05:30,13.12,13.2,12.8,12.93,4079375,12.92,12.91,12.93,0.0015479876160990381,10.028140454740868,1,13.355599999999999,14.236346592386257,12.474853407613741
2005-10-21 00:00:00+05:30,13.0,13.0,12.43,12.71,3441255,12.976666666666667,13.0,12.953333333333333,0.0035961983046493852,10.028140454740868,1,13.296,14.14105147772192,12.450948522278079
2005-10-24 00:00:00+05:30,12.8,13.2,12.8,12.91,1777345,12.713333333333333,12.715,12.711666666666666,0.00026219192448876673,10.028140454740868,1,13.2468,14.030569762111298,12.463030237888702
2005-10-25 00:00:00+05:30,13.03,13.16,12.8,13.01,1634530,12.969999999999999,13.0,12.939999999999998,0.00462606013878198,10.028140454740868,1,13.208800000000002,13.940992761504784,12.47660723849522
2005-10-26 00:00:00+05:30,13.15,13.15,12.9,13.08,1264560,12.99,12.98,13.0,0.0015396458814472343,10.028140454740868,1,13.181199999999999,13.877850730280242,12.484549269719755
2005-10-27 00:00:00+05:30,13.0,13.07,12.9,13.02,1209395,13.043333333333335,13.025,13.06166666666667,0.0028111423460262337,10.028140454740868,1,13.179200000000002,13.877401575478027,12.480998424521976
2005-10-28 00:00:00+05:30,12.99,13.09,12.61,12.69,2684195,12.996666666666664,12.985,13.00833333333333,0.0017953321364449766,10.028140454740868,1,13.175600000000001,13.882866965155307,12.468333034844695
2005-10-31 00:00:00+05:30,12.79,13.06,12.7,12.99,814635,12.796666666666667,12.85,12.743333333333334,0.008335504037509683,10.028140454740868,1,13.191999999999998,13.86125630366848,12.522743696331517
2005-11-01 00:00:00+05:30,13.22,13.4,13.0,13.18,436845,12.916666666666666,12.879999999999999,12.953333333333333,0.0056774193548387725,10.028140454740868,1,13.198799999999999,13.863963318291077,12.53363668170892
2005-11-02 00:00:00+05:30,13.24,13.24,12.9,13.17,1030615,13.193333333333333,13.2,13.186666666666667,0.0010106114199089336,10.028140454740868,1,13.194,13.85819274311001,12.529807256889992
2005-11-07 00:00:00+05:30,13.2,13.2,13.0,13.08,987395,13.103333333333333,13.07,13.136666666666667,0.0050877639277537344,10.028140454740868,1,13.168,13.796140111758511,12.539859888241487
2005-11-08 00:00:00+05:30,13.16,13.33,12.97,13.06,1147545,13.093333333333334,13.1,13.086666666666668,0.0010183299389000915,10.028140454740868,1,13.149199999999999,13.760792544101049,12.537607455898948
2005-11-09 00:00:00+05:30,13.2,13.24,12.96,13.0,1216820,13.12,13.15,13.089999999999998,0.00457317073170749,10.028140454740868,1,13.138399999999999,13.750613818857426,12.526186181142572
2005-11-10 00:00:00+05:30,13.04,13.14,13.0,13.04,572030,13.066666666666668,13.100000000000001,13.033333333333335,0.005102040816326512,10.028140454740868,1,13.1276,13.736842940049364,12.518357059950635
2005-11-11 00:00:00+05:30,13.16,13.39,13.06,13.3,1621930,13.06,13.07,13.05,0.001531393568146981,10.028140454740868,1,13.1228,13.72459783981001,12.52100216018999
2005-11-14 00:00:00+05:30,13.4,13.55,13.05,13.17,787545,13.25,13.225000000000001,13.274999999999999,0.0037735849056601627,10.028140454740868,1,13.1076,13.684135306811294,12.531064693188705
2005-11-16 00:00:00+05:30,13.22,13.41,13.1,13.21,842275,13.256666666666668,13.3,13.213333333333335,0.0065375911491073165,10.028140454740868,1,13.0888,13.618171551936816,12.559428448063185
2005-11-17 00:00:00+05:30,13.33,13.5,13.2,13.24,996905,13.24,13.254999999999999,13.225000000000001,0.00226586102719015,10.065239354921916,1,13.0648,13.502178371664616,12.627421628335384
2005-11-18 00:00:00+05:30,13.2,13.42,13.2,13.24,917240,13.313333333333333,13.35,13.276666666666666,0.005508262393590447,10.095029780725039,1,13.048800000000002,13.425960761479761,12.671639238520243
2005-11-21 00:00:00+05:30,13.4,13.84,13.0,13.52,2986850,13.286666666666667,13.309999999999999,13.263333333333335,0.0035122930255893103,10.098428589496038,1,13.052,13.443469028149087,12.660530971850912
2005-11-22 00:00:00+05:30,13.7,13.7,13.42,13.51,1249495,13.453333333333333,13.42,13.486666666666666,0.004955401387512371,10.292891445916196,1,13.0672,13.49721469742323,12.63718530257677
2005-11-23 00:00:00+05:30,13.54,13.66,13.53,13.6,1406840,13.543333333333331,13.559999999999999,13.526666666666664,0.002461235540241324,10.416575788079548,1,13.093600000000002,13.567895435356482,12.619304564643523
2005-11-24 00:00:00+05:30,13.74,13.74,13.53,13.6,1705855,13.596666666666666,13.594999999999999,13.598333333333333,0.00024515812699194814,10.524912756556366,1,13.1336,13.603285171151901,12.663914828848098
2005-11-25 00:00:00+05:30,13.66,13.96,13.56,13.61,2617710,13.623333333333333,13.635,13.611666666666666,0.001712747736726212,10.662316246294115,1,13.1524,13.657867071133216,12.646932928866784
2005-11-28 00:00:00+05:30,13.72,13.79,13.5,13.6,1669065,13.71,13.760000000000002,13.66,0.00729394602479952,10.662316246294115,1,13.1788,13.70562657488019,12.651973425119811
2005-11-29 00:00:00+05:30,13.54,13.72,13.3,13.59,964415,13.63,13.645,13.615000000000002,0.00220102714600129,10.662316246294115,1,13.2052,13.74548496184883,12.66491503815117
2005-11-30 00:00:00+05:30,13.52,13.76,13.4,13.44,1662800,13.536666666666667,13.510000000000002,13.563333333333333,0.003939916276778947,10.662316246294115,1,13.2344,13.742418267388086,12.726381732611916
2005-12-01 00:00:00+05:30,13.3,13.74,13.3,13.67,1090375,13.533333333333333,13.58,13.486666666666666,0.006896551724137959,10.662316246294115,1,13.264800000000001,13.782398145282606,12.747201854717396
2005-12-02 00:00:00+05:30,13.65,14.22,13.62,13.86,7198240,13.57,13.52,13.620000000000001,0.007369196757553531,10.842052067157137,1,13.298799999999998,13.855197555709935,12.742402444290061
2005-12-05 00:00:00+05:30,13.92,14.16,13.8,14.01,2464260,13.9,13.92,13.88,0.002877697841726557,10.924369984470852,1,13.336000000000002,13.950257275089188,12.721742724910817
2005-12-06 00:00:00+05:30,14.02,14.07,14.0,14.02,1457690,13.99,13.98,14.0,0.0014295925661186256,11.081995185092017,1,13.376,14.031585234733052,12.720414765266947
2005-12-07 00:00:00+05:30,14.04,14.15,14.0,14.05,975450,14.030000000000001,14.035,14.025000000000002,0.0007127583749107633,11.198115377688335,1,13.430399999999999,14.074871380279985,12.785928619720012
2005-12-08 00:00:00+05:30,14.16,14.28,14.05,14.18,1368365,14.066666666666668,14.075,14.058333333333337,0.0011848341232224288,11.338790762580803,1,13.478000000000002,14.160020527550301,12.795979472449702
2005-12-09 00:00:00+05:30,14.29,14.34,14.17,14.2,1369180,14.17,14.165,14.175,0.0007057163020466876,11.49423913207757,1,13.5188,14.24522290712779,12.792377092872211
2005-12-12 00:00:00+05:30,14.22,14.32,13.82,13.96,1313620,14.236666666666665,14.254999999999999,14.21833333333333,0.002575509248419727,11.49423913207757,1,13.5504,14.282093487739223,12.818706512260777
2005-12-13 00:00:00+05:30,13.98,14.15,13.83,14.02,1556415,14.033333333333333,14.07,13.996666666666666,0.0052256532066508885,11.49423913207757,1,13.588000000000001,14.315736215946403,12.860263784053599
2005-12-14 00:00:00+05:30,15.43,15.43,13.97,14.07,2787035,14.0,13.99,14.01,0.0014285714285713982,11.633615472757782,1,13.628400000000001,14.346479215685838,12.910320784314164
2005-12-15 00:00:00+05:30,14.2,14.38,14.05,14.06,1392700,14.49,14.7,14.280000000000001,0.028985507246376684,11.633615472757782,1,13.670800000000002,14.360052812834295,12.981547187165708
2005-12-16 00:00:00+05:30,13.6,14.09,13.2,13.96,5008815,14.163333333333334,14.215,14.111666666666668,0.007295834313956111,11.633615472757782,1,13.7076,14.355187028900351,13.060012971099647
2005-12-19 00:00:00+05:30,13.8,14.2,13.7,13.78,1711730,13.75,13.645,13.855,0.015272727272727335,11.633615472757782,1,13.726799999999999,14.353019641978742,13.100580358021256
2005-12-20 00:00:00+05:30,13.78,13.96,13.62,13.81,918695,13.893333333333333,13.95,13.836666666666666,0.008157389635316696,11.633615472757782,1,13.7524,14.336380273639431,13.168419726360568
2005-12-21 00:00:00+05:30,13.88,14.0,13.77,13.86,1509865,13.796666666666667,13.79,13.803333333333335,0.0009664170089395084,11.633615472757782,1,13.7784,14.319796121153434,13.237003878846565
2005-12-22 00:00:00+05:30,13.6,13.86,13.5,13.57,746380,13.876666666666665,13.885,13.86833333333333,0.0012010569300986746,11.633615472757782,1,13.791599999999999,14.294572921736332,13.288627078263666
2005-12-23 00:00:00+05:30,13.64,13.75,13.61,13.67,689045,13.643333333333333,13.68,13.606666666666666,0.005375030539946309,11.633615472757782,1,13.808799999999998,14.262101489077613,13.355498510922382
2005-12-26 00:00:00+05:30,13.6,13.7,13.27,13.4,637870,13.676666666666668,13.68,13.673333333333336,0.0004874482086276497,11.633615472757782,1,13.803999999999998,14.27174351946337,13.336256480536626
2005-12-27 00:00:00+05:30,13.55,13.94,13.4,13.76,550645,13.456666666666665,13.485,13.428333333333331,0.004211047807778184,11.633615472757782,1,13.814,14.266619045114082,13.361380954885918
2005-12-28 00:00:00+05:30,13.7,13.85,13.65,13.77,474860,13.700000000000001,13.67,13.730000000000002,0.0043795620437957865,11.633615472757782,1,13.820799999999998,14.265391317953895,13.376208682046101
2005-12-29 00:00:00+05:30,13.78,14.03,13.62,13.99,1532600,13.756666666666666,13.75,13.763333333333332,0.0009692270414343494,11.633615472757782,1,13.836400000000001,14.276250156303238,13.396549843696764
2005-12-30 00:00:00+05:30,13.8,14.1,13.63,13.68,447320,13.88,13.825,13.935000000000002,0.007925072046109725,11.633615472757782,1,13.8392,14.274113140753395,13.404286859246605
2006-01-02 00:00:00+05:30,13.8,13.9,13.64,13.67,401370,13.803333333333333,13.865,13.741666666666665,0.00893503984544807,11.633615472757782,1,13.841999999999999,14.271585847066662,13.412414152933335
2006-01-03 00:00:00+05:30,13.72,14.24,13.7,13.9,1711690,13.736666666666666,13.77,13.703333333333333,0.004853190973064773,11.633615472757782,1,13.8544,14.2719003712573,13.436899628742701
2006-01-04 00:00:00+05:30,13.99,14.0,13.7,13.79,771330,13.946666666666665,13.969999999999999,13.923333333333332,0.0033460803059273563,11.633615472757782,1,13.8684,14.251427100868831,13.485372899131168
2006-01-05 00:00:00+05:30,13.98,14.68,13.75,14.32,8755585,13.829999999999998,13.85,13.809999999999997,0.002892263195951027,11.633615472757782,1,13.894399999999997,14.307120922658374,13.48167907734162
2006-01-06 00:00:00+05:30,14.3,14.53,13.95,14.29,3368195,14.25,14.215,14.285,0.004912280701754406,11.633615472757782,1,13.9116,14.352060849565522,13.471139150434478
2006-01-09 00:00:00+05:30,14.4,14.49,13.7,13.83,5025805,14.256666666666666,14.239999999999998,14.273333333333333,0.0023380874444705398,11.633615472757782,1,13.904399999999999,14.344075516716567,13.464724483283431
2006-01-10 00:00:00+05:30,13.9,14.27,13.6,13.63,5471980,14.006666666666666,14.094999999999999,13.918333333333333,0.01261304140885287,11.633615472757782,1,13.888799999999998,14.338522403266703,13.439077596733293
2006-01-12 00:00:00+05:30,13.75,14.02,13.6,13.93,2526875,13.833333333333334,13.934999999999999,13.73166666666667,0.01469879518072262,11.633615472757782,1,13.883999999999999,14.329277441602402,13.438722558397595
2006-01-13 00:00:00+05:30,14.05,14.99,14.0,14.84,9678935,13.85,13.809999999999999,13.89,0.005776173285198689,11.633615472757782,1,13.9104,14.482846818490573,13.337953181509425
2006-01-16 00:00:00+05:30,14.98,15.32,14.63,14.76,6238200,14.61,14.495000000000001,14.724999999999998,0.01574264202600937,11.633615472757782,1,13.9328,14.586834127549917,13.278765872450084
2006-01-17 00:00:00+05:30,14.8,14.87,14.4,14.61,1887175,14.903333333333334,14.975000000000001,14.831666666666667,0.009617535227018637,11.633615472757782,1,13.958800000000002,14.664713762438431,13.252886237561572
2006-01-18 00:00:00+05:30,14.5,14.6,14.22,14.37,983055,14.626666666666665,14.635,14.61833333333333,0.001139471285323788,11.633615472757782,1,13.972800000000001,14.696667833240282,13.24893216675972
2006-01-19 00:00:00+05:30,14.4,14.8,14.4,14.46,1005755,14.396666666666667,14.41,14.383333333333333,0.0018522806205140507,11.633615472757782,1,13.988399999999999,14.736382459687375,13.240417540312622
2006-01-20 00:00:00+05:30,14.5,14.64,14.27,14.33,1189050,14.553333333333335,14.600000000000001,14.506666666666668,0.006413192853870845,11.633615472757782,1,13.999199999999998,14.758713949838958,13.239686050161039
2006-01-23 00:00:00+05:30,14.2,14.7,14.02,14.6,1633485,14.413333333333334,14.455,14.371666666666668,0.005781683626271888,11.633615472757782,1,14.0248,14.819625666419988,13.229974333580014
2006-01-24 00:00:00+05:30,14.7,15.12,14.68,15.05,3308695,14.44,14.36,14.52,0.01108033240997231,11.633615472757782,1,14.075600000000001,14.958777535946187,13.192422464053816
2006-01-25 00:00:00+05:30,15.05,16.86,15.0,16.41,12190055,14.949999999999998,14.899999999999999,14.999999999999996,0.0066889632107022,12.094607188699628,1,14.1796,15.44346682842773,12.91573317157227
2006-01-27 00:00:00+05:30,16.6,17.09,16.31,16.4,6080085,16.09,15.93,16.25,0.019888129272840293,12.799622901151643,1,14.281200000000002,15.807160104327753,12.75523989567225
2006-01-30 00:00:00+05:30,16.4,16.6,15.41,15.75,3148165,16.599999999999998,16.7,16.499999999999996,0.01204819277108451,12.799622901151643,1,14.368400000000001,15.969146625796839,12.767653374203164
2006-01-31 00:00:00+05:30,15.43,15.84,15.3,15.36,1216440,15.920000000000002,16.005000000000003,15.835,0.0106783919597991,12.799622901151643,1,14.436,16.055688859009642,12.816311140990358
2006-02-01 00:00:00+05:30,15.49,15.98,15.4,15.56,1838865,15.5,15.57,15.43,0.009032258064516166,12.799622901151643,1,14.5224,16.142259549467163,12.902540450532838
2006-02-02 00:00:00+05:30,15.7,16.1,15.5,16.0,2250470,15.646666666666668,15.690000000000001,15.603333333333335,0.005538985939497187,12.799622901151643,1,14.611999999999998,16.299649252658842,12.924350747341155
2006-02-03 00:00:00+05:30,16.0,16.0,15.58,15.72,904575,15.866666666666667,15.8,15.933333333333334,0.008403361344537785,12.799622901151643,1,14.69,16.39493870857575,12.985061291424246
2006-02-06 00:00:00+05:30,15.62,15.86,15.62,15.8,1481580,15.766666666666666,15.79,15.743333333333332,0.002959830866807623,12.799622901151643,1,14.7624,16.495773866192735,13.029026133807264
2006-02-07 00:00:00+05:30,15.8,16.34,15.75,15.92,1346260,15.76,15.739999999999998,15.780000000000001,0.0025380710659900193,12.799622901151643,1,14.851999999999999,16.58388452270928,13.120115477290717
2006-02-08 00:00:00+05:30,16.0,16.2,15.59,16.08,1206120,16.003333333333334,16.045,15.961666666666666,0.005207248489898086,12.799622901151643,1,14.948400000000001,16.674664684224282,13.222135315775722
2006-02-10 00:00:00+05:30,16.16,16.53,15.92,15.97,3571740,15.956666666666665,15.895,16.01833333333333,0.007729266764152787,12.799622901151643,1,15.031199999999998,16.746918578322198,13.315481421677799
2006-02-13 00:00:00+05:30,15.9,16.18,15.72,15.96,1970905,16.14,16.225,16.055,0.010532837670384244,12.799622901151643,1,15.118000000000002,16.79283969382146,13.443160306178546
2006-02-14 00:00:00+05:30,16.0,16.48,15.62,16.3,2977490,15.953333333333333,15.95,15.956666666666667,0.0004178854993732371,12.799622901151643,1,15.1972,16.90062262518729,13.493777374812714
2006-02-15 00:00:00+05:30,16.38,16.38,15.82,16.08,1717135,16.133333333333336,16.05,16.216666666666672,0.010330578512396986,12.799622901151643,1,15.2688,16.964133076418893,13.573466923581108
2006-02-16 00:00:00+05:30,16.0,16.26,15.68,16.13,1512845,16.093333333333334,16.1,16.086666666666666,0.0008285004142503366,12.799622901151643,1,15.360800000000001,16.981830980579936,13.739769019420066
2006-02-17 00:00:00+05:30,16.2,16.38,15.91,16.24,1484235,16.023333333333333,15.97,16.076666666666668,0.006656958602038737,12.799622901151643,1,15.4652,16.958021436073295,13.972378563926702
2006-02-20 00:00:00+05:30,16.03,16.16,15.71,16.06,1001190,16.176666666666666,16.145,16.208333333333332,0.003915104059344689,12.799622901151643,1,15.5504,16.921163057570467,14.179636942429532
2006-02-21 00:00:00+05:30,16.0,16.92,15.86,16.72,2077045,15.976666666666667,15.935,16.01833333333333,0.0052159399123720245,12.799622901151643,1,15.625599999999999,17.037867170191227,14.213332829808772
2006-02-22 00:00:00+05:30,16.7,16.85,16.42,16.54,1814660,16.5,16.39,16.61,0.013333333333333265,12.799622901151643,1,15.696800000000001,17.106806751756864,14.286793248243141
2006-02-23 00:00:00+05:30,16.3,16.4,16.07,16.34,646960,16.603333333333335,16.635,16.57166666666667,0.003814495081308928,12.799622901151643,1,15.765999999999998,17.124740593343677,14.407259406656319
2006-02-24 00:00:00+05:30,16.23,16.38,15.83,16.05,1764250,16.27,16.235,16.305,0.004302397049784898,12.799622901151643,1,15.8332,17.069811111061163,14.596588888938834
2006-02-27 00:00:00+05:30,16.2,16.25,15.9,16.04,511385,16.08666666666667,16.105,16.06833333333334,0.0022793203481140736,12.799622901151643,1,15.896399999999998,17.000195343349446,14.79260465665055
2006-02-28 00:00:00+05:30,16.2,16.44,16.05,16.17,663100,16.063333333333333,16.075,16.051666666666666,0.0014525835235526102,12.799622901151643,1,15.97,16.873380318581233,15.06661968141877
2006-03-01 00:00:00+05:30,16.2,16.42,16.03,16.36,729905,16.220000000000002,16.245,16.195000000000004,0.003082614056719923,12.799622901151643,1,16.040399999999998,16.76172056673848,15.319079433261516
2006-03-02 00:00:00+05:30,16.4,16.65,16.28,16.52,883160,16.27,16.225,16.314999999999998,0.005531653349723191,12.799622901151643,1,16.0992,16.720757270088544,15.477642729911457
2006-03-03 00:00:00+05:30,16.4,17.6,16.36,17.08,2509900,16.483333333333334,16.465,16.50166666666667,0.0022244691607685853,12.958419602614484,1,16.125999999999998,16.84844030895287,15.403559691047125
2006-03-06 00:00:00+05:30,17.2,17.76,17.05,17.63,2185685,17.013333333333332,16.98,17.046666666666663,0.00391849529780542,13.345482818509904,1,16.1752,17.103719165122573,15.246680834877429
2006-03-07 00:00:00+05:30,17.55,17.74,17.23,17.38,671930,17.48,17.405,17.555,0.008581235697940422,13.445063505769507,1,16.2404,17.26434499852283,15.216455001477174
2006-03-08 00:00:00+05:30,17.4,17.54,16.4,16.92,1359040,17.45,17.485,17.415,0.004011461318051592,13.445063505769507,1,16.3028,17.294146881772427,15.311453118227577
2006-03-09 00:00:00+05:30,16.92,18.68,16.6,17.91,4474610,16.953333333333333,16.97,16.936666666666667,0.0019661816751866757,13.445063505769507,1,16.3968,17.52482439689924,15.268775603100755
2006-03-10 00:00:00+05:30,18.12,18.74,17.72,17.9,2897615,17.73,17.64,17.82,0.010152284263959374,13.516844025840488,1,16.4728,17.7320381188639,15.213561881136098
2006-03-13 00:00:00+05:30,18.04,18.04,17.54,17.91,998870,18.119999999999997,18.229999999999997,18.009999999999998,0.012141280353200822,13.516844025840488,1,16.5604,17.900101220421888,15.220698779578116
2006-03-14 00:00:00+05:30,17.99,18.02,17.68,17.94,886790,17.83,17.79,17.869999999999997,0.004486819966348755,13.516844025840488,1,16.646,18.05223753327803,15.239762466721968
2006-03-16 00:00:00+05:30,17.76,18.4,17.76,17.9,1281785,17.88,17.85,17.909999999999997,0.003355704697986307,13.516844025840488,1,16.7252,18.181113404018205,15.269286595981795
2006-03-17 00:00:00+05:30,18.2,18.2,17.9,17.97,593755,18.02,18.08,17.96,0.006659267480576995,13.579265826604171,1,16.8008,18.310151330870276,15.291448669129723
2006-03-20 00:00:00+05:30,17.97,18.45,17.97,18.17,1130015,18.02333333333333,18.049999999999997,17.996666666666663,0.002959127057518101,13.783695193540007,1,16.8888,18.449787584832073,15.327812415167926
2006-03-21 00:00:00+05:30,18.35,18.35,18.07,18.17,665345,18.19666666666667,18.21,18.183333333333337,0.0014654698662757131,13.882347385798408,1,16.977199999999996,18.56780763232164,15.386592367678354
2006-03-22 00:00:00+05:30,18.35,18.94,18.06,18.17,1881905,18.19666666666667,18.21,18.183333333333337,0.0014654698662757131,14.099053490366469,1,17.052,18.68353915061817,15.420460849381831
2006-03-23 00:00:00+05:30,18.26,18.47,18.05,18.17,563875,18.39,18.5,18.28,0.011963023382272913,14.099053490366469,1,17.1356,18.773521414476242,15.49767858552376
2006-03-24 00:00:00+05:30,18.28,18.5,18.0,18.4,713365,18.23,18.259999999999998,18.200000000000003,0.0032912781130002835,14.099053490366469,1,17.226399999999998,18.882843225709784,15.569956774290212
2006-03-27 00:00:00+05:30,18.2,19.5,18.2,19.31,1489205,18.3,18.25,18.35,0.005464480874317017,14.349544028852868,1,17.3492,19.1443126538465,15.5540873461535
2006-03-28 00:00:00+05:30,19.5,20.96,19.5,20.24,3734290,19.003333333333334,18.85,19.156666666666666,0.016137519733380012,15.447562267698753,1,17.5164,19.561334267892203,15.4714657321078
2006-03-29 00:00:00+05:30,20.24,20.6,19.92,20.14,940500,20.233333333333334,20.23,20.236666666666668,0.00032948929159807455,15.478459776990803,1,17.6532,19.913010399126396,15.3933896008736
2006-03-30 00:00:00+05:30,20.28,20.4,19.8,20.16,606075,20.220000000000002,20.26,20.180000000000003,0.00395647873392672,15.478459776990803,1,17.798,20.21254923329382,15.383450766706174
2006-03-31 00:00:00+05:30,20.05,20.28,20.0,20.11,432770,20.12,20.1,20.14,0.0019880715705764985,15.493652530474726,1,17.948800000000002,20.449643505699587,15.447956494300419
2006-04-03 00:00:00+05:30,20.54,20.7,20.2,20.4,475325,20.13,20.14,20.119999999999997,0.0009935419771486898,15.824306429255735,1,18.122799999999998,20.67575605915961,15.569843940840386
2006-04-04 00:00:00+05:30,20.5,20.5,20.0,20.08,555540,20.433333333333334,20.45,20.416666666666668,0.0016313213703098583,15.824306429255735,1,18.2844,20.800734349803257,15.768065650196748
2006-04-05 00:00:00+05:30,20.4,20.73,20.0,20.39,1790325,20.19333333333333,20.25,20.136666666666663,0.0056124133377354005,15.824306429255735,1,18.4532,20.94559303481609,15.96080696518391
2006-04-07 00:00:00+05:30,20.5,20.5,20.04,20.18,2384015,20.373333333333335,20.365000000000002,20.381666666666668,0.0008180628272250844,15.824306429255735,1,18.605999999999998,21.033897856171002,16.178102143828994
2006-04-10 00:00:00+05:30,20.28,20.5,19.5,19.67,757025,20.24,20.27,20.209999999999997,0.0029644268774704683,15.824306429255735,1,18.732,21.037666064285926,16.426333935714073
2006-04-12 00:00:00+05:30,19.67,20.14,19.01,19.14,723345,19.89,20.0,19.78,0.011060834590246298,15.824306429255735,1,18.8144,21.023226511974116,16.605573488025883
2006-04-13 00:00:00+05:30,19.4,19.56,18.95,19.14,1154830,19.430000000000003,19.575000000000003,19.285000000000004,0.014925373134328311,15.824306429255735,1,18.8748,21.03277030563438,16.71682969436562
2006-04-17 00:00:00+05:30,19.2,19.55,19.12,19.32,839725,19.216666666666665,19.255,19.17833333333333,0.003989592367736409,15.824306429255735,1,18.9524,21.027719965691976,16.877080034308026
2006-04-18 00:00:00+05:30,19.6,20.0,19.3,19.81,2364330,19.330000000000002,19.335,19.325000000000003,0.0005173305742368344,15.824306429255735,1,19.068,20.994206634813548,17.141793365186455
2006-04-19 00:00:00+05:30,19.8,20.2,19.42,19.68,458100,19.703333333333333,19.65,19.756666666666668,0.00541363559465416,15.824306429255735,1,19.1388,21.019117590195794,17.258482409804206
2006-04-20 00:00:00+05:30,19.88,20.2,19.5,19.73,913270,19.76666666666667,19.810000000000002,19.723333333333336,0.004384485666104519,15.824306429255735,1,19.212,21.035333211456347,17.388666788543652
2006-04-21 00:00:00+05:30,20.0,20.0,19.36,19.46,341175,19.810000000000002,19.85,19.770000000000003,0.004038364462392644,15.824306429255735,1,19.274,21.019788074194494,17.528211925805508
2006-04-24 00:00:00+05:30,19.5,19.69,15.8,18.91,2213795,19.606666666666666,19.68,19.53333333333333,0.007480448826929698,15.824306429255735,1,19.3128,20.979600719942162,17.645999280057836
2006-04-25 00:00:00+05:30,18.82,19.29,18.32,18.45,634770,18.133333333333336,17.745,18.521666666666672,0.0428308823529414,15.824306429255735,1,19.3348,20.9398033769434,17.729796623056604
2006-04-26 00:00:00+05:30,19.05,19.05,17.46,18.45,2957625,18.686666666666667,18.805,18.568333333333335,0.012665001783802957,15.824306429255735,1,19.354,20.90377159607463,17.804228403925368
2006-04-27 00:00:00+05:30,17.06,19.48,17.06,19.33,1997345,18.320000000000004,18.255000000000003,18.385000000000005,0.007096069868995771,15.824306429255735,1,19.4004,20.87314415972351,17.927655840276493
2006-04-28 00:00:00+05:30,18.24,20.18,18.24,19.95,4493460,18.62333333333333,18.27,18.976666666666663,0.03794522999820996,15.824306429255735,1,19.471600000000002,20.869743683603264,18.07345631639674
2006-05-02 00:00:00+05:30,20.0,20.0,19.46,19.86,2649430,19.456666666666667,19.21,19.703333333333333,0.02535549083433265,15.824306429255735,1,19.5392,20.839045160009338,18.239354839990664
2006-05-03 00:00:00+05:30,20.0,21.1,19.51,20.83,3345455,19.773333333333333,19.73,19.816666666666666,0.004383007417397135,15.824306429255735,1,19.645599999999998,20.91483069613041,18.376369303869588
2006-05-04 00:00:00+05:30,21.2,21.82,20.4,20.78,2342625,20.48,20.305,20.655,0.01708984375000007,15.824306429255735,1,19.7408,20.978681028208964,18.502918971791036
2006-05-05 00:00:00+05:30,19.8,21.2,19.8,20.99,1143230,21.0,21.11,20.89,0.010476190476190422,15.824306429255735,1,19.808,21.12491761321644,18.49108238678356
2006-05-08 00:00:00+05:30,21.4,21.4,20.64,20.92,1102245,20.66333333333333,20.5,20.82666666666666,0.015809001451846796,15.824306429255735,1,19.8352,21.2133508770812,18.4570491229188
2006-05-09 00:00:00+05:30,17.5,21.2,17.5,21.03,1330745,20.986666666666668,21.02,20.953333333333337,0.003176620076238701,15.824306429255735,1,19.8708,21.32261728877971,18.418982711220288
2006-05-10 00:00:00+05:30,21.0,21.52,20.8,21.43,983700,19.91,19.35,20.47,0.05625313912606717,15.824306429255735,1,19.921599999999998,21.494192051359686,18.34900794864031
2006-05-11 00:00:00+05:30,20.44,21.46,20.44,20.99,492910,21.25,21.16,21.34,0.008470588235294105,15.824306429255735,1,19.956799999999998,21.58316005853552,18.330439941464476
2006-05-12 00:00:00+05:30,20.6,21.35,20.44,21.17,731680,20.963333333333335,20.950000000000003,20.976666666666667,0.0012720623310540815,15.824306429255735,1,19.9876,21.67440792030381,18.30079207969619
2006-05-15 00:00:00+05:30,20.4,21.4,20.13,20.65,1029635,20.986666666666668,20.895000000000003,21.078333333333333,0.008735705209656766,15.824306429255735,1,20.0104,21.716881573296256,18.303918426703746
2006-05-16 00:00:00+05:30,20.4,20.79,19.02,20.11,1103720,20.726666666666667,20.765,20.688333333333333,0.003698938565455194,15.824306429255735,1,19.999200000000002,21.699232187930473,18.29916781206953
2006-05-17 00:00:00+05:30,21.18,21.38,20.41,20.68,698975,19.973333333333333,19.905,20.041666666666664,0.0068424566088115734,15.824306429255735,1,20.0192,21.73892016328229,18.299479836717712
2006-05-18 00:00:00+05:30,20.58,20.58,19.7,19.81,818065,20.823333333333334,20.895,20.75166666666667,0.00688330398591312,15.824306429255735,1,20.0248,21.74084307638231,18.30875692361769
2006-05-19 00:00:00+05:30,19.85,20.77,19.0,19.21,643035,20.03,20.14,19.92,0.010983524712930546,15.824306429255735,1,20.0276,21.738078576305373,18.317121423694626
2006-05-22 00:00:00+05:30,20.6,20.6,16.4,18.12,1603295,19.66,19.884999999999998,19.435000000000002,0.022889114954221555,15.824306429255735,1,19.9868,21.823986718872,18.149613281127998
2006-05-23 00:00:00+05:30,18.4,18.58,17.62,18.22,784955,18.373333333333335,18.5,18.24666666666667,0.013788098693758905,15.824306429255735,1,19.9428,21.891087617370616,17.99451238262938
2006-05-24 00:00:00+05:30,18.68,18.9,17.9,18.04,420760,18.14,18.1,18.18,0.004410143329658119,15.824306429255735,1,19.872,21.958206125961595,17.785793874038404
2006-05-25 00:00:00+05:30,18.2,18.29,17.7,18.09,669290,18.279999999999998,18.4,18.159999999999997,0.01312910284463906,15.824306429255735,1,19.808400000000002,22.008004909978087,17.608795090021918
2006-05-26 00:00:00+05:30,18.48,18.74,18.25,18.37,614375,18.026666666666667,17.994999999999997,18.058333333333337,0.0035133136094678075,15.824306429255735,1,19.754,22.024788409341504,17.4832115906585
2006-05-29 00:00:00+05:30,18.99,18.99,17.9,18.01,430015,18.453333333333333,18.494999999999997,18.41166666666667,0.004515895953756969,15.824306429255735,1,19.695999999999998,22.06577636075637,17.326223639243626
2006-05-30 00:00:00+05:30,18.35,18.45,18.0,18.12,321665,18.3,18.445,18.155,0.01584699453551908,15.824306429255735,1,19.6644,22.095531950347354,17.233268049652647
2006-05-31 00:00:00+05:30,18.2,18.2,17.61,18.01,647035,18.19,18.225,18.155,0.003848268279274342,15.824306429255735,1,19.6468,22.118869384139476,17.174730615860522
2006-06-01 00:00:00+05:30,18.4,18.4,17.96,18.0,360800,17.94,17.905,17.975,0.003901895206243048,15.824306429255735,1,19.628800000000002,22.141680864665044,17.11591913533496
2006-06-02 00:00:00+05:30,18.0,18.3,17.0,18.13,694380,18.12,18.18,18.060000000000002,0.006622516556291249,15.824306429255735,1,19.5808,22.1596550637831,17.0019449362169
2006-06-05 00:00:00+05:30,18.02,18.2,17.02,17.09,395440,17.81,17.65,17.97,0.017967434025828205,15.824306429255735,1,19.4664,22.217579412542875,16.715220587457125
2006-06-06 00:00:00+05:30,16.8,17.2,16.1,16.99,903815,17.436666666666667,17.61,17.263333333333335,0.019881475817243203,15.824306429255735,1,19.351599999999998,22.2623891988256,16.440810801174397
2006-06-07 00:00:00+05:30,15.0,16.8,15.0,16.49,965900,16.763333333333332,16.65,16.876666666666665,0.01352157486577848,15.824306429255735,1,19.178,22.22966184234096,16.126338157659042
2006-06-08 00:00:00+05:30,15.62,16.36,14.22,15.23,996905,16.096666666666668,15.9,16.293333333333337,0.02443570097328657,23.632849194024843,-1,18.956000000000003,22.302453645278817,15.609546354721187
2006-06-09 00:00:00+05:30,15.04,16.0,14.6,15.87,441415,15.270000000000001,15.29,15.250000000000004,0.0026195153896526255,23.632849194024843,-1,18.7512,22.199790761456036,15.302609238543967
2006-06-12 00:00:00+05:30,16.0,16.6,15.18,15.22,249855,15.49,15.3,15.68,0.02453195610071007,23.632849194024843,-1,18.5232,22.118662562730968,14.92773743726903
2006-06-13 00:00:00+05:30,15.2,15.21,14.4,14.88,519200,15.666666666666666,15.89,15.443333333333332,0.02851063829787249,23.158782224524764,-1,18.2772,21.992506802943737,14.561893197056266
2006-06-14 00:00:00+05:30,14.8,15.4,13.4,14.32,710915,14.83,14.805,14.855,0.0033715441672286387,22.979630935543774,-1,17.9928,21.786881791422008,14.19871820857799
2006-06-15 00:00:00+05:30,14.4,16.96,13.71,15.39,1250730,14.373333333333335,14.4,14.34666666666667,0.003710575139146406,22.979630935543774,-1,17.768800000000002,21.4891454463262,14.048454553673803
2006-06-16 00:00:00+05:30,14.92,17.0,14.92,16.02,687310,15.353333333333333,15.335,15.371666666666666,0.0023881893182804144,22.979630935543774,-1,17.5628,21.071310886401825,14.054289113598173
2006-06-19 00:00:00+05:30,16.02,16.2,15.5,15.75,191245,15.979999999999999,15.96,15.999999999999996,0.0025031289111386483,22.979630935543774,-1,17.3668,20.706987874955566,14.026612125044439
2006-06-20 00:00:00+05:30,15.78,16.0,15.5,15.87,117845,15.816666666666668,15.85,15.783333333333337,0.004214963119072468,22.979630935543774,-1,17.1972,20.390355279656813,14.004044720343185
2006-06-21 00:00:00+05:30,15.8,16.4,15.78,16.09,181560,15.79,15.75,15.829999999999998,0.005066497783407112,22.979630935543774,-1,17.0136,19.89748005298421,14.12971994701579
2006-06-22 00:00:00+05:30,16.09,16.8,16.09,16.52,243050,16.09,16.09,16.09,0.0,22.979630935543774,-1,16.882,19.53441324080548,14.229586759194522
2006-06-23 00:00:00+05:30,15.2,17.6,15.2,16.44,132570,16.47,16.445,16.494999999999997,0.003035822707953683,22.979630935543774,-1,16.7712,19.251182709617193,14.291217290382807
2006-06-26 00:00:00+05:30,17.56,17.56,15.66,15.84,165795,16.41333333333333,16.4,16.426666666666662,0.0016246953696180178,22.979630935543774,-1,16.68,19.12227434986331,14.23772565013669
2006-06-27 00:00:00+05:30,16.0,16.27,15.41,15.53,207870,16.353333333333335,16.61,16.09666666666667,0.03139013452914767,22.979630935543774,-1,16.572400000000002,18.970427722942393,14.17437227705761
2006-06-28 00:00:00+05:30,15.4,15.53,15.16,15.25,113745,15.736666666666666,15.84,15.633333333333333,0.013132810845159945,22.979630935543774,-1,16.460800000000003,18.83480535803951,14.086794641960497
2006-06-29 00:00:00+05:30,15.6,15.86,15.3,15.59,190205,15.313333333333333,15.344999999999999,15.281666666666666,0.0041358293426207605,22.979630935543774,-1,16.360799999999998,18.6613524206156,14.060247579384397
2006-06-30 00:00:00+05:30,15.9,16.0,15.6,15.68,182950,15.583333333333334,15.58,15.586666666666668,0.0004278074866310829,22.979630935543774,-1,16.2532,18.415256206485,14.091143793514997
2006-07-03 00:00:00+05:30,15.99,16.2,15.6,15.81,210900,15.76,15.8,15.719999999999999,0.005076142131979813,22.979630935543774,-1,16.1652,18.209979655610923,14.120420344389073
2006-07-04 00:00:00+05:30,16.08,16.17,15.7,16.02,642050,15.87,15.899999999999999,15.84,0.0037807183364838514,22.979630935543774,-1,16.0812,17.963983641314197,14.198416358685801
2006-07-05 00:00:00+05:30,16.0,16.2,16.0,16.11,191270,15.963333333333333,15.935,15.991666666666665,0.0035498016287323995,22.979630935543774,-1,16.0052,17.71594832748723,14.294451672512766
2006-07-06 00:00:00+05:30,15.7,16.92,15.7,16.76,408055,16.103333333333335,16.1,16.10666666666667,0.0004139929621197086,22.979630935543774,-1,15.955599999999999,17.49550212676013,14.415697873239868
2006-07-07 00:00:00+05:30,17.0,17.76,16.2,16.32,3389545,16.460000000000004,16.310000000000002,16.610000000000007,0.018226002430133913,22.979630935543774,-1,15.883199999999999,17.154063895151793,14.612336104848206
2006-07-10 00:00:00+05:30,16.38,16.38,15.8,16.02,343280,16.76,16.98,16.540000000000003,0.026252983293555947,22.979630935543774,-1,15.840400000000002,17.014173129697728,14.666626870302276
2006-07-11 00:00:00+05:30,16.0,16.78,15.8,15.83,176580,16.066666666666666,16.09,16.043333333333333,0.002904564315352709,22.979630935543774,-1,15.794,16.8699628246368,14.718037175363198
2006-07-12 00:00:00+05:30,14.8,16.0,14.8,15.77,112025,16.136666666666667,16.29,15.983333333333334,0.019004337946705113,22.979630935543774,-1,15.7652,16.802968683281787,14.727431316718215
2006-07-13 00:00:00+05:30,15.93,15.94,15.31,15.48,200645,15.523333333333333,15.4,15.646666666666667,0.015890057977238532,22.979630935543774,-1,15.7752,16.796839779961807,14.753560220038192
2006-07-14 00:00:00+05:30,15.06,15.65,15.06,15.28,148120,15.576666666666668,15.625,15.528333333333336,0.006205863471003467,22.79798589621728,-1,15.751599999999998,16.790502189814042,14.712697810185956
2006-07-17 00:00:00+05:30,14.6,15.59,14.6,15.05,310885,15.33,15.355,15.305,0.0032615786040444037,22.51746646036859,-1,15.7448,16.79963450834736,14.689965491652641
2006-07-18 00:00:00+05:30,15.2,15.56,14.6,14.69,204960,15.079999999999998,15.094999999999999,15.064999999999998,0.0019893899204244786,22.474367801953846,-1,15.7372,16.819235415317085,14.655164584682915
2006-07-19 00:00:00+05:30,15.0,15.3,13.96,14.06,253510,14.950000000000001,15.08,14.820000000000002,0.017391304347825952,22.10379308987569,-1,15.7268,16.866578504798376,14.587021495201625
2006-07-20 00:00:00+05:30,15.0,15.0,14.4,14.72,175165,14.44,14.63,14.249999999999998,0.02631578947368439,22.10379308987569,-1,15.7,16.90010666192652,14.499893338073475
2006-07-21 00:00:00+05:30,15.6,15.6,14.4,15.03,491510,14.706666666666665,14.7,14.713333333333331,0.0009066183136898368,22.10379308987569,-1,15.6604,16.880819337768962,14.439980662231036
2006-07-24 00:00:00+05:30,13.6,15.56,13.6,15.44,459985,15.01,15.0,15.02,0.0013324450366422101,22.10379308987569,-1,15.648,16.87082296347445,14.42517703652555
2006-07-25 00:00:00+05:30,15.8,16.36,15.44,16.1,1891305,14.866666666666667,14.58,15.153333333333334,0.038565022421524715,22.10379308987569,-1,15.6572,16.889985723473643,14.424414276526356
2006-07-26 00:00:00+05:30,16.4,16.4,15.7,15.94,343755,15.966666666666667,15.899999999999999,16.033333333333335,0.008350730688935475,22.10379308987569,-1,15.651200000000001,16.87694150619143,14.425458493808572
2006-07-27 00:00:00+05:30,16.18,16.2,15.5,15.86,708015,16.013333333333332,16.049999999999997,15.976666666666667,0.004579517069108904,22.10379308987569,-1,15.6248,16.802025483924147,14.447574516075855
2006-07-28 00:00:00+05:30,16.2,16.3,15.87,16.02,2807095,15.853333333333333,15.85,15.856666666666667,0.000420521446593842,22.10379308987569,-1,15.607999999999999,16.749661946462453,14.466338053537545
2006-07-31 00:00:00+05:30,16.11,16.48,16.0,16.06,277120,16.063333333333333,16.085,16.041666666666664,0.002697655115169323,22.10379308987569,-1,15.616800000000001,16.768823888641396,14.464776111358606
2006-08-01 00:00:00+05:30,16.2,16.2,15.95,16.03,150425,16.180000000000003,16.240000000000002,16.120000000000005,0.007416563658837912,22.10379308987569,-1,15.6368,16.79941388259406,14.474186117405939
2006-08-02 00:00:00+05:30,16.02,16.17,16.0,16.01,122385,16.06,16.075,16.044999999999998,0.0018679950186800212,22.10379308987569,-1,15.667200000000001,16.82751057911252,14.506889420887482
2006-08-03 00:00:00+05:30,16.2,16.3,15.7,15.84,210765,16.060000000000002,16.085,16.035000000000004,0.003113325031133073,22.10379308987569,-1,15.677200000000001,16.838985109217894,14.51541489078211
2006-08-04 00:00:00+05:30,16.2,16.2,15.86,16.02,168615,15.946666666666667,16.0,15.893333333333334,0.0066889632107022725,22.10379308987569,-1,15.6908,16.86033214577472,14.521267854225277
2006-08-07 00:00:00+05:30,16.2,16.3,15.6,16.03,157860,16.026666666666667,16.03,16.023333333333333,0.00041597337770389196,22.10379308987569,-1,15.6996,16.8758786064536,14.5233213935464
2006-08-08 00:00:00+05:30,16.1,16.22,16.0,16.08,134370,15.976666666666667,15.95,16.003333333333334,0.0033382015439182913,22.10379308987569,-1,15.702,16.88112509938531,14.522874900614687
2006-08-09 00:00:00+05:30,15.99,18.0,15.81,17.15,851660,16.099999999999998,16.11,16.089999999999996,0.0012422360248449148,22.10379308987569,-1,15.7436,17.044465926988796,14.442734073011206
2006-08-10 00:00:00+05:30,17.59,19.56,17.59,17.98,2300075,16.986666666666668,16.905,17.068333333333335,0.009615384615384654,22.10379308987569,-1,15.7924,17.314790541221406,14.270009458778594
2006-08-11 00:00:00+05:30,18.21,18.56,17.9,17.95,1846995,18.376666666666665,18.575,18.17833333333333,0.021585343732994828,22.10379308987569,-1,15.8576,17.58993049964503,14.12526950035497
2006-08-14 00:00:00+05:30,17.6,18.14,17.6,17.73,431010,18.136666666666667,18.229999999999997,18.043333333333337,0.010292225693805935,22.10379308987569,-1,15.925999999999998,17.807216627611073,14.044783372388924
2006-08-16 00:00:00+05:30,17.8,18.09,17.25,17.46,502300,17.823333333333334,17.87,17.776666666666667,0.005236581260519939,22.10379308987569,-1,15.9912,17.965282632515766,14.017117367484232
2006-08-17 00:00:00+05:30,17.6,17.74,17.0,17.4,388610,17.6,17.67,17.53,0.007954545454545487,22.10379308987569,-1,16.0564,18.103281569607866,14.009518430392133
2006-08-18 00:00:00+05:30,17.25,17.3,17.04,17.2,304140,17.38,17.369999999999997,17.39,0.0011507479861912041,22.10379308987569,-1,16.1252,18.205316304440775,14.045083695559223
2006-08-21 00:00:00+05:30,17.19,17.9,17.0,17.26,7226345,17.180000000000003,17.17,17.190000000000005,0.0011641443539000653,22.10379308987569,-1,16.2044,18.30047694515262,14.108323054847379
2006-08-22 00:00:00+05:30,17.78,17.81,17.02,17.27,494500,17.386666666666667,17.45,17.323333333333334,0.007285276073619545,22.10379308987569,-1,16.293200000000002,18.374174540930362,14.212225459069641
2006-08-23 00:00:00+05:30,17.4,17.53,17.01,17.12,215125,17.366666666666664,17.415,17.318333333333328,0.0055662188099810635,22.10379308987569,-1,16.3904,18.388098515792688,14.392701484207311
2006-08-24 00:00:00+05:30,17.48,17.48,16.83,17.05,216830,17.220000000000002,17.270000000000003,17.17,0.00580720092915223,22.10379308987569,-1,16.51,18.28038752819836,14.739612471801644
2006-08-25 00:00:00+05:30,17.4,17.4,16.84,17.31,284305,17.12,17.155,17.085,0.004088785046728988,22.10379308987569,-1,16.613599999999998,18.25100164895491,14.976198351045085
2006-08-28 00:00:00+05:30,17.07,18.48,17.07,18.07,721160,17.183333333333334,17.119999999999997,17.24666666666667,0.0073714839961205965,22.10379308987569,-1,16.7352,18.335221199859628,15.13517880014037
2006-08-29 00:00:00+05:30,18.4,18.6,18.01,18.24,2359560,17.87333333333333,17.775,17.971666666666664,0.0110033569563595,22.10379308987569,-1,16.8472,18.46082716883431,15.233572831165691
2006-08-30 00:00:00+05:30,18.5,18.5,17.65,17.83,433850,18.28333333333333,18.305,18.261666666666663,0.002370100273473285,22.10379308987569,-1,16.9164,18.54423665028166,15.28856334971834
2006-08-31 00:00:00+05:30,17.9,18.12,17.53,17.89,385195,17.993333333333332,18.075,17.911666666666665,0.00907743608743983,22.10379308987569,-1,16.9944,18.614474862467844,15.374325137532155
2006-09-01 00:00:00+05:30,18.02,18.13,17.89,17.95,463370,17.846666666666668,17.825000000000003,17.868333333333332,0.0024280911468059084,22.10379308987569,-1,17.078,18.670763635948596,15.485236364051405
2006-09-04 00:00:00+05:30,18.18,18.2,17.85,17.97,471600,17.99,18.009999999999998,17.97,0.002223457476375717,22.10379308987569,-1,17.156,18.724683524488025,15.587316475511972
2006-09-05 00:00:00+05:30,17.97,18.17,17.62,17.76,425765,18.006666666666664,18.025,17.98833333333333,0.0020362828582007877,22.10379308987569,-1,17.224,18.743357759054845,15.704642240945153
2006-09-06 00:00:00+05:30,17.76,18.0,17.6,17.71,296670,17.850000000000005,17.895000000000003,17.805000000000007,0.00504201680672248,22.10379308987569,-1,17.2912,18.740363289626174,15.842036710373826
2006-09-07 00:00:00+05:30,17.7,17.98,17.0,17.51,361690,17.77,17.8,17.74,0.0033764772087789686,22.10379308987569,-1,17.3512,18.704232978164296,15.998167021835702
2006-09-08 00:00:00+05:30,17.9,17.9,17.5,17.62,214005,17.49666666666667,17.490000000000002,17.503333333333337,0.0007620499142695036,22.10379308987569,-1,17.4224,18.629290616418956,16.215509383581043
2006-09-11 00:00:00+05:30,18.14,18.14,17.06,17.21,331775,17.673333333333332,17.7,17.646666666666665,0.0030177291588080668,22.10379308987569,-1,17.47,18.53773779552853,16.40226220447147
2006-09-12 00:00:00+05:30,17.0,17.98,16.9,17.56,901300,17.470000000000002,17.6,17.340000000000003,0.01488265598168277,22.10379308987569,-1,17.5312,18.422604644367592,16.639795355632405
2006-09-13 00:00:00+05:30,17.8,18.45,17.7,17.85,1476005,17.48,17.439999999999998,17.520000000000003,0.004576659038901911,22.10379308987569,-1,17.602,18.275688355250484,16.928311644749517
2006-09-14 00:00:00+05:30,18.0,18.1,17.82,17.87,407975,18.0,18.075,17.925,0.008333333333333255,22.10379308987569,-1,17.6308,18.286041512726488,16.975558487273513
2006-09-15 00:00:00+05:30,17.85,17.97,17.6,17.64,266400,17.930000000000003,17.96,17.900000000000006,0.0033463469046288432,22.10379308987569,-1,17.6172,18.25681288292224,16.97758711707776
2006-09-18 00:00:00+05:30,18.0,18.59,17.8,18.45,4470330,17.736666666666668,17.785,17.688333333333336,0.0054501033640291675,22.10379308987569,-1,17.6372,18.344838777908684,16.929561222091316
2006-09-19 00:00:00+05:30,18.6,18.89,17.98,18.11,1747820,18.28,18.195,18.365000000000002,0.009299781181619348,22.10379308987569,-1,17.6524,18.38330147078802,16.92149852921198
2006-09-20 00:00:00+05:30,18.4,18.4,17.9,18.07,1208815,18.326666666666668,18.435000000000002,18.218333333333334,0.011822480902146338,22.10379308987569,-1,17.6768,18.420987503254448,16.932612496745552
2006-09-21 00:00:00+05:30,18.4,18.48,17.9,17.97,516075,18.12333333333333,18.15,18.096666666666664,0.0029427993378702173,22.10379308987569,-1,17.6996,18.44339524064092,16.95580475935908
2006-09-22 00:00:00+05:30,17.86,18.12,17.63,17.71,326890,18.116666666666664,18.189999999999998,18.04333333333333,0.008095676172953172,22.10379308987569,-1,17.72,18.435295743032263,17.004704256967734
2006-09-25 00:00:00+05:30,18.08,18.08,17.62,17.69,237930,17.82,17.875,17.765,0.006172839506172808,22.10379308987569,-1,17.7372,18.42767276557449,17.046727234425514
2006-09-26 00:00:00+05:30,17.9,17.9,17.6,17.66,240095,17.796666666666667,17.85,17.743333333333332,0.0059936317662485,22.10379308987569,-1,17.7528,18.417486873648095,17.088113126351907
2006-09-27 00:00:00+05:30,17.8,18.33,17.68,18.13,1308900,17.72,17.75,17.689999999999998,0.003386004514672815,22.10379308987569,-1,17.793200000000002,18.420874310450948,17.165525689549057
2006-09-28 00:00:00+05:30,18.43,18.83,18.14,18.34,2239805,18.046666666666667,18.005,18.088333333333335,0.004617657923901128,22.10379308987569,-1,17.8448,18.430280862197957,17.25931913780204
2006-09-29 00:00:00+05:30,18.14,18.67,18.14,18.49,637455,18.436666666666667,18.485,18.388333333333335,0.005243174832760659,22.10379308987569,-1,17.892,18.487583747259823,17.296416252740176
2006-10-03 00:00:00+05:30,18.6,19.27,18.42,19.09,1416375,18.433333333333334,18.405,18.461666666666666,0.0030741410488244955,22.10379308987569,-1,17.9328,18.68951965746903,17.17608034253097
2006-10-04 00:00:00+05:30,19.22,19.7,19.2,19.45,2032425,18.926666666666666,18.845,19.008333333333333,0.008629799225079289,22.10379308987569,-1,17.9812,18.938518254291665,17.023881745708337
2006-10-05 00:00:00+05:30,19.6,20.24,19.22,20.05,2919270,19.45,19.45,19.45,0.0,22.10379308987569,-1,18.07,19.32141839526196,16.81858160473804
2006-10-06 00:00:00+05:30,20.06,20.59,19.9,20.4,1170510,19.836666666666662,19.729999999999997,19.943333333333328,0.010754495042849834,22.10379308987569,-1,18.1704,19.71609316489399,16.62470683510601
2006-10-09 00:00:00+05:30,20.04,20.7,19.8,19.89,745770,20.296666666666663,20.244999999999997,20.34833333333333,0.005091147971752262,22.10379308987569,-1,18.248,19.93038877789885,16.56561122210115
2006-10-10 00:00:00+05:30,20.2,20.33,19.9,20.1,411760,20.13,20.25,20.009999999999998,0.011922503725782513,22.10379308987569,-1,18.3332,20.160168811994332,16.50623118800567
2006-10-11 00:00:00+05:30,20.2,20.34,19.81,20.01,373030,20.11,20.115,20.105,0.0004972650422674297,22.10379308987569,-1,18.4232,20.34744297842034,16.498957021579663
2006-10-12 00:00:00+05:30,19.98,20.17,19.62,20.04,333445,20.05333333333333,20.075,20.031666666666663,0.00216090425531931,22.10379308987569,-1,18.516399999999997,20.517606675983252,16.515193324016742
2006-10-13 00:00:00+05:30,20.37,20.37,19.82,19.92,477545,19.943333333333335,19.895000000000003,19.991666666666667,0.004847066688951897,22.10379308987569,-1,18.6128,20.642779467876444,16.582820532123556
2006-10-16 00:00:00+05:30,20.13,20.25,19.85,20.03,381320,20.036666666666665,20.095,19.97833333333333,0.005822658459490957,22.10379308987569,-1,18.7092,20.770096271043236,16.648303728956762
2006-10-17 00:00:00+05:30,19.9,20.8,19.85,20.56,1930240,20.043333333333333,20.05,20.036666666666665,0.0006652253450857517,22.10379308987569,-1,18.843200000000003,20.93220144566726,16.754198554332746
2006-10-18 00:00:00+05:30,20.5,22.0,20.33,21.31,3877160,20.403333333333336,20.325000000000003,20.48166666666667,0.007678483907858174,22.10379308987569,-1,18.9932,21.22570689584598,16.760693104154022
2006-10-19 00:00:00+05:30,22.6,22.6,21.52,22.28,4639245,21.213333333333335,21.165,21.26166666666667,0.004556882463859418,16.72121357187711,1,19.1704,21.695844784587425,16.644955215412576
2006-10-20 00:00:00+05:30,22.9,22.9,22.2,22.27,935900,22.133333333333336,22.060000000000002,22.20666666666667,0.006626506024096457,17.228765029002023,1,19.3464,22.088771995189525,16.604028004810473
2006-10-23 00:00:00+05:30,21.36,22.38,21.36,22.13,551410,22.456666666666663,22.549999999999997,22.36333333333333,0.00831230518034737,17.228765029002023,1,19.526,22.383523403228704,16.668476596771296
2006-10-26 00:00:00+05:30,18.51,22.4,18.51,21.89,833380,21.956666666666663,21.869999999999997,22.04333333333333,0.007894337331106666,17.228765029002023,1,19.663600000000002,22.62984681373613,16.697353186263875
2006-10-27 00:00:00+05:30,21.6,22.2,21.21,21.56,512175,20.933333333333334,20.455,21.41166666666667,0.04570063694267534,17.228765029002023,1,19.8016,22.786841993540843,16.816358006459158
2006-10-30 00:00:00+05:30,21.8,24.1,21.8,23.33,6510485,21.656666666666666,21.705,21.608333333333334,0.004463598583961706,17.228765029002023,1,20.012,23.21305982449558,16.81094017550442
2006-10-31 00:00:00+05:30,23.51,23.54,22.64,22.89,3935770,23.076666666666668,22.950000000000003,23.203333333333333,0.010977899754441583,17.228765029002023,1,20.2088,23.48751350379987,16.93008649620013
2006-11-01 00:00:00+05:30,23.0,24.1,22.95,23.25,2555965,23.02333333333333,23.09,22.95666666666666,0.0057912262921676555,17.228765029002023,1,20.4304,23.752194599309174,17.108605400690823
2006-11-02 00:00:00+05:30,23.33,23.5,23.0,23.23,695840,23.433333333333334,23.525,23.34166666666667,0.00782361308677084,17.228765029002023,1,20.651999999999997,23.95205575710465,17.351944242895346
2006-11-03 00:00:00+05:30,23.38,23.49,22.4,22.5,947470,23.243333333333336,23.25,23.23666666666667,0.0005736411874370419,17.228765029002023,1,20.8456,23.984792660541807,17.706407339458195
2006-11-06 00:00:00+05:30,22.4,23.2,22.4,22.76,855205,22.796666666666667,22.945,22.648333333333333,0.013013598479309848,17.228765029002023,1,21.0308,24.051363761949002,18.010236238050997
2006-11-07 00:00:00+05:30,23.2,23.5,21.78,22.16,1076450,22.786666666666665,22.799999999999997,22.773333333333333,0.001170275014628309,17.228765029002023,1,21.183600000000002,24.025424090263066,18.34177590973694
2006-11-08 00:00:00+05:30,22.4,22.42,21.46,21.96,995745,22.48,22.64,22.32,0.01423487544483987,17.228765029002023,1,21.3224,23.955738747673653,18.689061252326344
2006-11-09 00:00:00+05:30,22.4,23.3,22.22,23.09,1575800,21.94666666666667,21.94,21.953333333333337,0.0006075334143378835,17.228765029002023,1,21.4824,24.038686556706704,18.926113443293293
2006-11-10 00:00:00+05:30,23.2,23.98,22.84,23.0,1207300,22.87,22.759999999999998,22.980000000000004,0.009619588981198336,17.228765029002023,1,21.6244,24.10664466159148,19.14215533840852
2006-11-13 00:00:00+05:30,23.1,23.4,23.06,23.23,645400,23.27333333333333,23.41,23.13666666666666,0.011744485820682065,17.228765029002023,1,21.7516,24.223986248141536,19.279213751858464
2006-11-14 00:00:00+05:30,23.23,23.74,23.0,23.35,780255,23.23,23.229999999999997,23.230000000000004,3.0587289529061567e-16,17.228765029002023,1,21.869600000000002,24.35425034964668,19.384949650353324
2006-11-15 00:00:00+05:30,23.35,24.88,23.0,23.88,2384175,23.363333333333333,23.369999999999997,23.35666666666667,0.000570694820944285,17.228765029002023,1,22.0292,24.49724810325879,19.561151896741208
2006-11-16 00:00:00+05:30,24.01,24.54,23.4,23.58,1407310,23.919999999999998,23.939999999999998,23.9,0.0016722408026755497,17.228765029002023,1,22.168400000000002,24.57735449521142,19.759445504788584
2006-11-17 00:00:00+05:30,23.9,23.96,22.91,23.13,1018655,23.84,23.97,23.71,0.010906040268456292,17.228765029002023,1,22.293200000000002,24.5610886745163,20.025311325483706
2006-11-20 00:00:00+05:30,22.62,24.0,22.21,23.71,1135310,23.333333333333332,23.435000000000002,23.231666666666662,0.008714285714286011,17.228765029002023,1,22.44,24.576816323411833,20.30318367658817
2006-11-21 00:00:00+05:30,23.83,24.14,23.45,23.66,721365,23.30666666666667,23.105,23.508333333333336,0.017305491990846793,17.228765029002023,1,22.5896,24.512759733355303,20.6664402666447
2006-11-22 00:00:00+05:30,23.0,23.96,23.0,23.16,481290,23.75,23.795,23.705,0.00378947368421067,17.228765029002023,1,22.7148,24.339500538560635,21.090099461439365
2006-11-23 00:00:00+05:30,23.56,25.0,23.22,23.63,768855,23.373333333333335,23.48,23.26666666666667,0.009127210496291976,17.228765029002023,1,22.837600000000002,24.241323961467927,21.433876038532077
2006-11-24 00:00:00+05:30,24.44,28.36,24.42,26.16,23223615,23.95,24.11,23.79,0.013361169102296464,17.950538588956146,1,23.031599999999997,24.823989957570387,21.239210042429608
2006-11-27 00:00:00+05:30,26.2,26.6,25.39,25.53,5649125,26.313333333333333,26.39,26.236666666666665,0.005827210539650469,17.950538588956146,1,23.1616,25.174905183025952,21.148294816974047
2006-11-28 00:00:00+05:30,25.2,25.97,24.25,25.38,2206600,25.840000000000003,25.995,25.685000000000006,0.011996904024767613,17.950538588956146,1,23.285999999999998,25.44278278924864,21.129217210751357
2006-11-29 00:00:00+05:30,25.72,26.5,25.42,25.64,2557490,25.2,25.11,25.29,0.007142857142857131,17.950538588956146,1,23.426400000000005,25.71674062095557,21.13605937904444
2006-11-30 00:00:00+05:30,25.6,25.97,25.12,25.28,1232525,25.853333333333335,25.96,25.74666666666667,0.008251676121712138,17.950538588956146,1,23.562,25.873743930455774,21.25025606954423
2006-12-01 00:00:00+05:30,25.3,25.9,25.24,25.65,1371155,25.456666666666667,25.545,25.368333333333332,0.006939897865654161,17.950538588956146,1,23.7256,26.02633435233168,21.42486564766832
2006-12-04 00:00:00+05:30,25.6,26.2,25.08,25.21,1437330,25.596666666666664,25.57,25.623333333333328,0.0020836046360200857,17.950538588956146,1,23.800800000000002,26.166866237449636,21.43473376255037
2006-12-05 00:00:00+05:30,25.4,25.54,24.6,24.7,1092305,25.49666666666667,25.64,25.35333333333334,0.01124329977774853,17.950538588956146,1,23.873199999999997,26.234119956288023,21.51228004371197
2006-12-06 00:00:00+05:30,24.92,27.12,24.8,25.83,4408855,24.94666666666667,25.07,24.823333333333338,0.009887760555852321,17.950538588956146,1,23.976399999999998,26.442541147622947,21.51025885237705
2006-12-07 00:00:00+05:30,26.16,28.16,26.0,27.59,8277145,25.916666666666668,25.96,25.873333333333335,0.0033440514469453117,18.20967705282121,1,24.150800000000004,26.972209123115437,21.32939087688457
2006-12-08 00:00:00+05:30,28.14,29.74,27.79,28.05,11802900,27.25,27.08,27.42,0.012477064220183612,19.647489970708364,1,24.3728,27.496866683026944,21.24873331697306
2006-12-11 00:00:00+05:30,28.18,28.18,25.8,26.14,3325780,28.526666666666667,28.765,28.288333333333334,0.01670951156812339,19.647489970708364,1,24.507999999999996,27.63372807518487,21.38227192481512
2006-12-12 00:00:00+05:30,26.14,26.32,24.3,24.86,2181405,26.706666666666667,26.990000000000002,26.423333333333332,0.02121817274088879,19.647489970708364,1,24.616,27.592784842745424,21.639215157254576
2006-12-13 00:00:00+05:30,24.98,26.8,24.0,26.44,1616780,25.16,25.310000000000002,25.009999999999998,0.011923688394276799,19.647489970708364,1,24.795200000000005,27.647641031817994,21.942758968182016
2006-12-14 00:00:00+05:30,26.65,27.2,26.46,26.9,1769415,25.746666666666666,25.4,26.093333333333334,0.02692905230450551,19.647489970708364,1,24.9476,27.826334610900915,22.068865389099088
2006-12-15 00:00:00+05:30,28.4,28.68,26.2,28.38,3026205,26.853333333333335,26.83,26.876666666666672,0.0017378351539228138,19.647489970708364,1,25.1628,28.2254760586126,22.1001239413874
2006-12-18 00:00:00+05:30,28.4,28.79,27.2,27.92,21475040,27.75333333333333,27.439999999999998,28.066666666666663,0.022579870285851497,19.647489970708364,1,25.3504,28.490119630794887,22.210680369205114
2006-12-19 00:00:00+05:30,28.1,28.1,27.04,27.42,1119800,27.97,27.994999999999997,27.945,0.0017876296031461266,19.647489970708364,1,25.513199999999998,28.643197929711572,22.383202070288423
2006-12-20 00:00:00+05:30,27.6,27.91,26.93,27.12,856885,27.52,27.57,27.47,0.0036337209302326097,19.647489970708364,1,25.642799999999998,28.75985255650249,22.525747443497504
2006-12-21 00:00:00+05:30,27.3,27.3,26.5,26.63,712165,27.320000000000004,27.42,27.220000000000006,0.007320644216690912,19.647489970708364,1,25.764799999999994,28.786651723695037,22.74294827630495
2006-12-22 00:00:00+05:30,26.6,27.4,26.2,26.38,1799290,26.81,26.9,26.72,0.0067139127191346406,19.647489970708364,1,25.8948,28.725664857247462,23.063935142752538
2006-12-26 00:00:00+05:30,26.56,27.91,26.5,27.6,1147850,26.659999999999997,26.799999999999997,26.519999999999996,0.010502625656414147,19.647489970708364,1,26.0504,28.810553502977445,23.290246497022554
2006-12-27 00:00:00+05:30,28.0,28.1,27.2,27.34,1258840,27.336666666666662,27.205,27.468333333333327,0.009632971588830449,19.647489970708364,1,26.197599999999998,28.821266320247037,23.573933679752958
2006-12-28 00:00:00+05:30,27.32,27.58,26.84,26.96,767895,27.546666666666667,27.65,27.443333333333335,0.007502420135527472,19.647489970708364,1,26.3496,28.675086478137125,24.024113521862873
2006-12-29 00:00:00+05:30,27.0,27.3,26.72,26.91,877565,27.126666666666665,27.21,27.04333333333333,0.006144015728680441,19.647489970708364,1,26.4808,28.531625550844975,24.429974449155022
2007-01-02 00:00:00+05:30,27.1,28.94,27.06,28.26,2176980,26.976666666666663,27.009999999999998,26.943333333333328,0.0024712714691710116,19.647489970708364,1,26.5648,28.725282316520687,24.404317683479317
2007-01-03 00:00:00+05:30,28.2,28.52,27.62,27.92,1069665,28.08666666666667,28.0,28.17333333333334,0.0061713743175886215,19.647489970708364,1,26.6604,28.840686072972666,24.480113927027332
2007-01-04 00:00:00+05:30,28.2,28.24,27.25,27.65,999885,28.02,28.07,27.97,0.003568879371877281,19.647489970708364,1,26.751200000000004,28.89946679907282,24.60293320092719
2007-01-05 00:00:00+05:30,27.6,28.6,27.41,27.69,1391235,27.713333333333328,27.744999999999997,27.681666666666658,0.002285301900409178,19.647489970708364,1,26.833199999999998,28.96195715853137,24.704442841468627
2007-01-08 00:00:00+05:30,27.8,27.9,27.5,27.65,812980,27.900000000000002,28.005000000000003,27.795,0.0075268817204301374,19.647489970708364,1,26.927999999999997,28.981391341171605,24.87460865882839
2007-01-09 00:00:00+05:30,27.83,28.19,27.42,27.53,825735,27.683333333333334,27.7,27.666666666666668,0.0012040939193256389,19.647489970708364,1,27.003200000000003,29.000812334763314,25.005587665236693
2007-01-10 00:00:00+05:30,27.66,27.66,26.9,27.13,469605,27.713333333333335,27.805,27.62166666666667,0.006615347606446837,19.647489970708364,1,27.08,28.93874796570124,25.221252034298757
2007-01-11 00:00:00+05:30,27.2,27.6,27.04,27.51,450240,27.23,27.28,27.18,0.003672420124862336,19.647489970708364,1,27.192400000000003,28.782270736883504,25.6025292631165
2007-01-12 00:00:00+05:30,27.6,28.6,27.6,28.37,1541995,27.383333333333336,27.32,27.446666666666673,0.004625684723067763,19.696479567104383,1,27.294,28.8468348270175,25.7411651729825
2007-01-15 00:00:00+05:30,28.66,31.21,28.41,31.0,4793790,28.19,28.1,28.28,0.006385242993969482,20.947420384420205,1,27.4304,29.556515556595745,25.304284443404253
2007-01-16 00:00:00+05:30,31.4,34.1,31.4,32.43,7944155,30.206666666666667,29.810000000000002,30.60333333333333,0.026263517987199166,23.373923569043395,1,27.6056,30.492730506229044,24.718469493770954
2007-01-17 00:00:00+05:30,32.5,32.84,31.8,32.02,2040140,32.64333333333334,32.75,32.536666666666676,0.006535280302256428,23.373923569043395,1,27.840799999999998,31.140569301026716,24.54103069897328
2007-01-18 00:00:00+05:30,32.0,32.38,31.0,31.36,1532305,32.22,32.32,32.12,0.006207324643078922,23.373923569043395,1,28.1008,31.444153621739446,24.757446378260553
2007-01-19 00:00:00+05:30,31.7,33.0,31.05,32.0,3214185,31.580000000000002,31.69,31.470000000000002,0.006966434452184891,23.373923569043395,1,28.323199999999996,31.924789515755258,24.721610484244735
2007-01-22 00:00:00+05:30,32.4,32.75,31.14,31.35,3269555,32.016666666666666,32.025,32.00833333333333,0.0005205622071837289,23.373923569043395,1,28.501199999999997,32.24104949429762,24.761350505702374
2007-01-23 00:00:00+05:30,31.6,32.09,31.0,31.19,1723375,31.74666666666667,31.945,31.54833333333334,0.012494750104997726,23.373923569043395,1,28.6136,32.498227673278116,24.728972326721887
2007-01-24 00:00:00+05:30,31.26,31.74,30.6,30.92,1500305,31.426666666666666,31.545,31.30833333333333,0.0075307594399662186,23.373923569043395,1,28.733600000000003,32.70938623167772,24.757813768322283
2007-01-25 00:00:00+05:30,31.23,32.56,31.02,31.19,2396750,31.08666666666667,31.17,31.003333333333337,0.005361355350632563,23.373923569043395,1,28.884400000000007,32.934739561073634,24.834060438926382
2007-01-29 00:00:00+05:30,31.4,32.15,30.9,31.01,1848690,31.59,31.79,31.39,0.012662234884457061,23.373923569043395,1,29.040000000000006,33.10610575366629,24.973894246333725
2007-01-31 00:00:00+05:30,31.1,31.7,30.0,30.17,1786950,31.353333333333335,31.525,31.181666666666672,0.010950457155007226,23.373923569043395,1,29.181600000000003,33.14745700196036,25.215742998039644
2007-02-01 00:00:00+05:30,30.2,31.09,30.18,30.35,1409495,30.623333333333335,30.85,30.39666666666667,0.014803526722542716,23.373923569043395,1,29.3404,33.160052256423086,25.520747743576912
2007-02-02 00:00:00+05:30,30.68,30.8,30.2,30.28,1170790,30.540000000000003,30.634999999999998,30.445000000000007,0.006221349050425364,23.373923569043395,1,29.4476,33.2159408763006,25.679259123699406
2007-02-05 00:00:00+05:30,30.6,30.99,30.1,30.35,1768095,30.426666666666666,30.5,30.35333333333333,0.00482033304119199,23.373923569043395,1,29.568,33.25065990827254,25.88534009172746
2007-02-06 00:00:00+05:30,30.4,31.0,29.36,30.6,4100610,30.48,30.545,30.415,0.0042650918635171444,23.373923569043395,1,29.7136,33.25751367840667,26.169686321593332
2007-02-07 00:00:00+05:30,30.8,32.58,30.8,32.14,5805870,30.320000000000004,30.18,30.460000000000008,0.009234828496042487,23.373923569043395,1,29.922800000000002,33.396792607936554,26.44880739206345
2007-02-08 00:00:00+05:30,32.44,32.48,30.8,30.94,2721240,31.84,31.689999999999998,31.990000000000002,0.009422110552763954,23.373923569043395,1,30.03,33.45721811386404,26.60278188613596
2007-02-09 00:00:00+05:30,31.14,31.8,30.02,30.33,2180470,31.406666666666666,31.64,31.173333333333332,0.014858841010401249,23.373923569043395,1,30.1264,33.44463991899286,26.808160081007138
2007-02-12 00:00:00+05:30,30.39,30.39,28.61,29.42,1591690,30.71666666666667,30.91,30.523333333333337,0.012588171459576662,23.373923569043395,1,30.1972,33.37356531903963,27.02083468096037
2007-02-13 00:00:00+05:30,29.28,30.29,28.18,28.52,1710315,29.473333333333333,29.5,29.446666666666665,0.0018095453517304196,23.373923569043395,1,30.2304,33.31734012899469,27.143459871005312
2007-02-14 00:00:00+05:30,27.6,29.88,26.2,29.72,2776330,28.996666666666666,29.235,28.758333333333333,0.016438671111622023,23.373923569043395,1,30.313200000000002,33.224918228125404,27.401481771874604
2007-02-15 00:00:00+05:30,29.9,30.6,29.8,30.17,1622045,28.599999999999998,28.04,29.159999999999997,0.039160839160839074,23.373923569043395,1,30.4188,33.101594483369475,27.736005516630527
2007-02-19 00:00:00+05:30,30.4,31.88,29.61,30.45,2717150,30.19,30.200000000000003,30.18,0.0006624710168931145,23.373923569043395,1,30.551599999999997,32.87461652167987,28.228583478320125
2007-02-20 00:00:00+05:30,30.7,30.75,29.6,30.04,1084935,30.646666666666665,30.744999999999997,30.548333333333332,0.006417228627365634,23.373923569043395,1,30.6528,32.63196766343774,28.673632336562257
2007-02-21 00:00:00+05:30,30.15,32.6,29.64,31.68,7422140,30.13,30.175,30.084999999999997,0.002987056090275586,23.373923569043395,1,30.7852,32.569021695124704,29.001378304875292
2007-02-22 00:00:00+05:30,32.0,32.48,30.42,30.72,3522185,31.30666666666667,31.12,31.493333333333336,0.011925042589437867,23.373923569043395,1,30.774,32.55580133572674,28.992198664273264
2007-02-23 00:00:00+05:30,30.76,30.9,29.6,30.06,2085080,31.206666666666667,31.45,30.963333333333335,0.015594958342234498,23.373923569043395,1,30.6792,32.34703135838058,29.01136864161942
2007-02-26 00:00:00+05:30,30.46,30.76,29.44,30.09,1213820,30.186666666666667,30.25,30.123333333333335,0.004196113074204897,23.373923569043395,1,30.602000000000004,32.19125391300372,29.012746086996284
2007-02-27 00:00:00+05:30,30.34,30.98,29.9,30.07,1144885,30.096666666666668,30.1,30.093333333333334,0.00022150847269911537,23.373923569043395,1,30.5504,32.12152423442503,28.979275765574968
2007-02-28 00:00:00+05:30,29.64,29.64,27.23,28.43,1924180,30.316666666666663,30.439999999999998,30.193333333333328,0.008136338647608677,23.373923569043395,1,30.407600000000002,32.07193919619701,28.743260803803
2007-03-01 00:00:00+05:30,28.86,29.98,27.85,28.52,2007045,28.433333333333337,28.435000000000002,28.431666666666672,0.00011723329425546194,23.373923569043395,1,30.2944,32.06830940016612,28.52049059983388
2007-03-02 00:00:00+05:30,28.6,29.33,28.2,28.37,1134450,28.78333333333333,28.915,28.651666666666664,0.009148812970469095,23.373923569043395,1,30.1816,32.068410472728445,28.29478952727155
2007-03-05 00:00:00+05:30,26.03,27.86,25.42,25.99,2168320,28.633333333333336,28.765,28.501666666666672,0.009196740395808903,23.373923569043395,1,29.9844,32.459957828045596,27.50884217195441
2007-03-06 00:00:00+05:30,26.56,27.0,24.2,24.58,2744940,26.423333333333332,26.64,26.206666666666663,0.0163996467768388,23.373923569043395,1,29.72,32.92771071014795,26.512289289852045
2007-03-07 00:00:00+05:30,25.0,25.8,23.3,24.19,2047465,25.26,25.6,24.92,0.026920031670625483,23.373923569043395,1,29.4472,33.270603802895785,25.623796197104213
2007-03-08 00:00:00+05:30,24.3,25.08,23.4,24.75,2249360,24.430000000000003,24.55,24.310000000000006,0.009823986901350588,23.373923569043395,1,29.2304,33.45852102002746,25.00227897997254
2007-03-09 00:00:00+05:30,25.14,26.1,24.0,24.25,4561335,24.409999999999997,24.24,24.579999999999995,0.013928717738631559,23.373923569043395,1,28.9864,33.613170381162014,24.359629618837985
2007-03-12 00:00:00+05:30,24.29,26.88,24.2,25.94,5282835,24.78333333333333,25.05,24.516666666666662,0.021519838601210702,23.373923569043395,1,28.812800000000003,33.5565960158504,24.0690039841496
2007-03-13 00:00:00+05:30,26.6,26.85,25.4,25.73,1819800,25.673333333333332,25.54,25.806666666666665,0.010386912490262233,23.373923569043395,1,28.627999999999997,33.4766600210778,23.77933997892219
2007-03-14 00:00:00+05:30,25.0,26.1,24.1,24.53,5023515,25.993333333333336,26.125,25.86166666666667,0.010130802769940817,23.373923569043395,1,28.3852,33.418932992521384,23.351467007478618
2007-03-15 00:00:00+05:30,24.6,25.7,24.6,25.0,1487000,24.91,25.1,24.72,0.015254917703733543,23.373923569043395,1,28.0996,33.05842721618715,23.14077278381285
2007-03-16 00:00:00+05:30,24.9,25.3,24.62,25.09,990010,25.099999999999998,25.15,25.049999999999997,0.0039840637450199775,23.373923569043395,1,27.8656,32.81830780078923,22.912892199210773
2007-03-19 00:00:00+05:30,25.23,25.4,24.58,24.77,1188960,25.003333333333334,24.96,25.046666666666667,0.0034662045060658312,23.373923569043395,1,27.6432,32.63248682679183,22.653913173208167
2007-03-20 00:00:00+05:30,25.06,25.7,25.06,25.34,1229310,24.916666666666668,24.99,24.843333333333337,0.0058862876254178395,23.373923569043395,1,27.48,32.49299112307199,22.467008876928013
2007-03-21 00:00:00+05:30,25.31,28.0,25.31,27.64,7729850,25.366666666666664,25.38,25.353333333333328,0.001051248357424606,23.373923569043395,1,27.4448,32.44041446070437,22.449185539295634
2007-03-22 00:00:00+05:30,28.4,29.15,27.86,28.12,3830575,26.983333333333334,26.655,27.311666666666667,0.024336009882643592,23.373923569043395,1,27.3808,32.29857159290655,22.463028407093454
2007-03-23 00:00:00+05:30,28.06,31.1,27.04,30.55,52320510,28.376666666666665,28.505,28.24833333333333,0.0090449900152708,23.373923569043395,1,27.396,32.35037422890102,22.44162577109898
2007-03-26 00:00:00+05:30,30.8,31.58,29.04,29.51,31364400,29.563333333333333,29.07,30.056666666666665,0.03337467583718563,23.373923569043395,1,27.358400000000003,32.23312068533148,22.483679314668528
2007-03-28 00:00:00+05:30,29.2,29.49,28.08,28.4,3884840,30.043333333333333,30.31,29.776666666666667,0.017752135803838838,23.373923569043395,1,27.292800000000003,32.064458059836085,22.521141940163925
2007-03-29 00:00:00+05:30,28.28,29.08,28.18,28.64,1346840,28.656666666666666,28.784999999999997,28.528333333333336,0.008956612771896962,23.373923569043395,1,27.1712,31.634423301605985,22.707976698394013
2007-03-30 00:00:00+05:30,28.76,29.55,27.81,28.0,41299945,28.633333333333336,28.63,28.636666666666674,0.00023282887078026124,23.373923569043395,1,27.062399999999997,31.301253731847638,22.823546268152356
2007-04-02 00:00:00+05:30,27.0,28.4,26.21,27.54,6064055,28.453333333333333,28.68,28.226666666666667,0.015932521087160256,23.373923569043395,1,26.961599999999997,31.026822965594715,22.89637703440528
2007-04-03 00:00:00+05:30,27.7,28.69,27.4,27.99,2505365,27.383333333333336,27.305,27.461666666666673,0.0057212416311627524,23.373923569043395,1,26.877599999999997,30.763617107527796,22.9915828924722
2007-04-04 00:00:00+05:30,28.4,28.74,28.01,28.14,1051645,28.026666666666667,28.045,28.008333333333333,0.0013082778306375657,23.373923569043395,1,26.8004,30.501973632929477,23.098826367070522
2007-04-05 00:00:00+05:30,28.24,28.96,27.61,28.47,1998450,28.296666666666667,28.375,28.218333333333334,0.005536576746377652,23.373923569043395,1,26.802,30.506423301945762,23.097576698054237
2007-04-09 00:00:00+05:30,28.8,29.57,28.61,29.17,2174135,28.346666666666664,28.285,28.408333333333328,0.004350893697083529,23.373923569043395,1,26.828000000000003,30.588982850266504,23.067017149733502
2007-04-10 00:00:00+05:30,29.2,29.59,28.9,29.43,1507640,29.116666666666664,29.09,29.143333333333327,0.0018317115054376919,23.373923569043395,1,26.8704,30.72275296409853,23.01804703590147
2007-04-11 00:00:00+05:30,29.6,30.54,29.3,30.09,4146550,29.30666666666666,29.244999999999997,29.368333333333325,0.004208371246587617,23.373923569043395,1,27.0344,31.0677056616129,23.0010943383871
2007-04-12 00:00:00+05:30,29.26,30.0,29.24,29.87,1130415,29.97666666666667,29.92,30.03333333333334,0.0037807183364840483,23.373923569043395,1,27.246,31.297062082960295,23.194937917039702
2007-04-13 00:00:00+05:30,29.8,30.48,29.62,29.95,2108540,29.703333333333333,29.619999999999997,29.78666666666667,0.00561104253170255,23.373923569043395,1,27.476399999999998,31.4606645695283,23.492135430471695
2007-04-16 00:00:00+05:30,30.2,31.0,30.1,30.79,27424270,30.016666666666666,30.05,29.98333333333333,0.0022209883398113263,23.373923569043395,1,27.718000000000004,31.743959761348655,23.69204023865135
2007-04-17 00:00:00+05:30,30.97,31.5,30.12,30.26,2857205,30.63,30.55,30.709999999999997,0.005223636957231361,23.373923569043395,1,27.9584,31.842565516555442,24.07423448344456
2007-04-18 00:00:00+05:30,30.4,31.19,30.21,30.33,990610,30.62666666666667,30.810000000000002,30.443333333333335,0.011972137570744465,23.373923569043395,1,28.133999999999997,32.034190764565025,24.23380923543497
2007-04-19 00:00:00+05:30,30.4,31.0,29.4,30.26,1125705,30.576666666666668,30.700000000000003,30.453333333333333,0.008067153602965322,23.373923569043395,1,28.3152,32.172486590337606,24.457913409662396
2007-04-20 00:00:00+05:30,30.6,30.88,29.67,30.1,1068720,30.22,30.2,30.24,0.0013236267372600645,23.373923569043395,1,28.537999999999997,32.12928723440471,24.946712765595286
2007-04-23 00:00:00+05:30,30.57,30.58,29.22,29.49,1160130,30.21666666666667,30.275,30.15833333333334,0.0038610038610036412,23.373923569043395,1,28.717599999999997,32.02071019495235,25.414489805047644
2007-04-24 00:00:00+05:30,29.49,31.5,29.48,30.77,7995255,29.763333333333332,29.9,29.626666666666665,0.009183559189158924,23.373923569043395,1,28.9448,31.9898805966342,25.8997194033658
2007-04-25 00:00:00+05:30,31.36,31.36,30.4,30.59,1897565,30.583333333333332,30.490000000000002,30.676666666666662,0.006103542234332218,23.373923569043395,1,29.177599999999998,31.766068458374182,26.589131541625814
2007-04-26 00:00:00+05:30,30.96,31.98,30.55,31.16,6999875,30.78333333333333,30.88,30.686666666666664,0.00628045479155393,23.373923569043395,1,29.4104,31.591185032963576,27.229614967036422
2007-04-27 00:00:00+05:30,31.19,31.3,30.2,30.43,1200045,31.23,31.265,31.195,0.0022414345180915875,23.373923569043395,1,29.522000000000002,31.61265731290375,27.431342687096254
2007-04-30 00:00:00+05:30,30.43,31.08,29.92,30.14,2226840,30.643333333333334,30.75,30.53666666666667,0.0069618187751549375,23.373923569043395,1,29.602800000000002,31.62550725514047,27.580092744859535
2007-05-03 00:00:00+05:30,30.68,30.88,30.3,30.37,1089630,30.38,30.5,30.259999999999998,0.00789993416721534,23.373923569043395,1,29.5956,31.606013529599792,27.58518647040021
2007-05-04 00:00:00+05:30,30.76,30.76,30.25,30.47,697815,30.516666666666666,30.59,30.44333333333333,0.004806116876024083,23.373923569043395,1,29.634,31.672878122889614,27.595121877110387
2007-05-07 00:00:00+05:30,30.75,30.8,29.9,30.02,735930,30.493333333333336,30.505000000000003,30.48166666666667,0.00076519457804985,23.373923569043395,1,29.698800000000002,31.678806626251,27.718793373749005
2007-05-08 00:00:00+05:30,30.04,30.2,29.4,29.41,1085700,30.24,30.35,30.129999999999995,0.0072751322751324725,23.373923569043395,1,29.7296,31.666248486431613,27.79295151356839
2007-05-09 00:00:00+05:30,29.4,30.82,29.02,30.69,2298495,29.669999999999998,29.799999999999997,29.54,0.0087630603302999,23.373923569043395,1,29.837200000000003,31.67383622963227,28.000563770367737
2007-05-10 00:00:00+05:30,30.8,31.66,30.7,31.11,4236375,30.176666666666666,29.92,30.43333333333333,0.017010935601457913,23.373923569043395,1,29.98,31.625152880433237,28.334847119566763
2007-05-11 00:00:00+05:30,28.9,31.0,28.9,30.87,2061145,31.156666666666666,31.18,31.133333333333333,0.0014978067829250089,23.373923569043395,1,30.0952,31.56031564048635,28.630084359513646
2007-05-14 00:00:00+05:30,31.0,32.4,30.86,31.31,4363410,30.256666666666664,29.95,30.56333333333333,0.020271014652418082,23.373923569043395,1,30.222,31.528414941738536,28.915585058261467
2007-05-15 00:00:00+05:30,31.4,32.09,31.1,31.86,2261575,31.52333333333333,31.63,31.41666666666666,0.006767473828909959,23.373923569043395,1,30.3576,31.611129800203273,29.10407019979673
2007-05-16 00:00:00+05:30,32.08,33.2,32.08,32.91,8264445,31.683333333333337,31.595000000000002,31.771666666666672,0.005576012624934331,23.373923569043395,1,30.507199999999997,32.02328464143582,28.99111535856417
2007-05-17 00:00:00+05:30,34.0,35.2,32.98,34.73,11814495,32.73,32.64,32.81999999999999,0.005499541704857704,24.19045884631052,1,30.7192,32.90693980171261,28.53146019828739
2007-05-18 00:00:00+05:30,34.9,36.14,34.42,34.96,7913270,34.303333333333335,34.09,34.516666666666666,0.012438052667379136,25.294840492458096,1,30.913999999999998,33.64320794370774,28.18479205629225
2007-05-21 00:00:00+05:30,35.4,35.57,33.9,33.97,2878570,35.17333333333334,35.28,35.06666666666668,0.006065200909779872,25.294840492458096,1,31.077999999999996,34.020934589826524,28.135065410173468
2007-05-22 00:00:00+05:30,34.2,34.38,33.0,33.65,1746865,34.48,34.735,34.224999999999994,0.014791183294663723,25.294840492458096,1,31.226,34.29652047705228,28.155479522947715
2007-05-23 00:00:00+05:30,33.71,35.26,33.4,33.78,5288815,33.67666666666667,33.69,33.66333333333334,0.0007918440067303758,25.294840492458096,1,31.3456,34.56804170777337,28.123158292226634
2007-05-24 00:00:00+05:30,33.89,34.5,33.5,33.76,2101550,34.14666666666667,34.33,33.96333333333334,0.010737992971495315,25.294840492458096,1,31.485599999999998,34.809732753064665,28.16146724693533
2007-05-25 00:00:00+05:30,33.2,34.34,32.97,34.23,1389805,33.919999999999995,34.0,33.83999999999999,0.004716981132075791,25.294840492458096,1,31.641600000000004,35.097598518517806,28.185601481482202
2007-05-28 00:00:00+05:30,34.65,34.9,33.68,33.81,1300090,33.846666666666664,33.655,34.03833333333333,0.011325585975969839,25.294840492458096,1,31.7836,35.292185492758755,28.275014507241245
2007-05-29 00:00:00+05:30,33.97,34.29,33.82,34.01,770690,34.13,34.29,33.970000000000006,0.009375915616759248,25.294840492458096,1,31.94,35.48286663593158,28.397133364068424
2007-05-30 00:00:00+05:30,34.0,34.0,33.0,33.17,883615,34.04,34.055,34.025,0.0008813160987074365,25.294840492458096,1,32.0872,35.51457459872671,28.65982540127329
2007-05-31 00:00:00+05:30,33.57,33.88,33.2,33.59,743430,33.39,33.5,33.28,0.006588799041629196,25.294840492458096,1,32.2,35.632163166284066,28.76783683371594
2007-06-01 00:00:00+05:30,33.8,34.18,33.44,33.91,969795,33.55666666666667,33.540000000000006,33.57333333333334,0.0009933445912386442,25.294840492458096,1,32.3328,35.76242397938855,28.903176020611443
2007-06-04 00:00:00+05:30,34.2,35.1,33.76,33.84,2743175,33.843333333333334,33.81,33.876666666666665,0.0019698611247905905,25.294840492458096,1,32.44,35.88379790347763,28.996202096522364
2007-06-05 00:00:00+05:30,34.0,34.47,27.2,34.0,2369250,34.233333333333334,34.43,34.03666666666667,0.011489776046737999,25.294840492458096,1,32.5828,35.9770799884507,29.188520011549297
2007-06-06 00:00:00+05:30,34.01,34.2,33.22,33.74,1050870,31.89,30.835,32.945,0.06616494198808402,25.294840492458096,1,32.7268,35.99753188139854,29.456068118601458
2007-06-07 00:00:00+05:30,32.02,33.86,32.02,33.36,1058150,33.72,33.71,33.73,0.0005931198102015427,25.294840492458096,1,32.846399999999996,35.97943369914796,29.71336630085203
2007-06-08 00:00:00+05:30,33.4,33.4,32.25,32.68,3138090,33.08,32.94,33.22,0.008464328899637278,25.294840492458096,1,32.934799999999996,35.91565689693362,29.953943103066372
2007-06-11 00:00:00+05:30,32.82,33.32,32.3,32.37,770465,32.77666666666667,32.825,32.72833333333334,0.0029492525170343943,25.294840492458096,1,33.0288,35.775040018643075,30.28255998135692
2007-06-12 00:00:00+05:30,31.98,32.5,31.2,31.7,820600,32.663333333333334,32.81,32.516666666666666,0.00898050821512409,25.294840492458096,1,33.1204,35.50691866952611,30.733881330473885
2007-06-13 00:00:00+05:30,31.58,32.0,30.6,30.93,1367180,31.8,31.85,31.75,0.003144654088050359,25.294840492458096,1,33.129999999999995,35.478970838473025,30.781029161526966
2007-06-14 00:00:00+05:30,31.08,31.55,30.6,30.84,1682800,31.176666666666666,31.3,31.05333333333333,0.007911899925157801,25.294840492458096,1,33.1192,35.507377011864214,30.731022988135784
2007-06-15 00:00:00+05:30,31.25,31.68,30.4,30.6,2200155,30.99666666666667,31.075000000000003,30.918333333333337,0.005054306914722,25.294840492458096,1,33.1084,35.53922655901171,30.677573440988297
2007-06-18 00:00:00+05:30,31.13,32.2,30.62,30.79,4216235,30.893333333333334,31.04,30.74666666666667,0.009495036685368885,25.294840492458096,1,33.087599999999995,35.58754099130293,30.58765900869706
2007-06-19 00:00:00+05:30,31.0,32.4,30.9,31.83,3840025,31.203333333333337,31.410000000000004,30.99666666666667,0.013246448029056744,25.294840492458096,1,33.0864,35.5887245512916,30.5840754487084
2007-06-20 00:00:00+05:30,32.38,32.5,31.32,31.74,2184055,31.709999999999997,31.65,31.769999999999996,0.0037842951750235716,25.294840492458096,1,33.0396,35.59653866958062,30.48266133041938
2007-06-21 00:00:00+05:30,31.98,31.98,31.48,31.75,2045705,31.853333333333335,31.91,31.79666666666667,0.0035579740477185975,25.294840492458096,1,32.9204,35.42838711320388,30.41241288679612
2007-06-22 00:00:00+05:30,31.65,31.78,31.28,31.51,1604880,31.736666666666668,31.73,31.743333333333336,0.0004201239365613512,25.294840492458096,1,32.782399999999996,35.20448690182594,30.360313098174053
2007-06-25 00:00:00+05:30,30.96,34.58,30.96,34.18,10629745,31.523333333333337,31.53,31.516666666666673,0.0004229671143067033,25.294840492458096,1,32.7908,35.23069455509798,30.350905444902015
2007-06-26 00:00:00+05:30,34.1,35.3,34.0,34.14,9292025,33.24,32.769999999999996,33.71000000000001,0.028279181708784955,25.294840492458096,1,32.8104,35.28521057052793,30.335589429472073
2007-06-27 00:00:00+05:30,34.4,34.4,33.2,33.82,2692365,34.48,34.65,34.309999999999995,0.009860788863109149,25.294840492458096,1,32.812,35.2893663435182,30.334633656481788
2007-06-28 00:00:00+05:30,34.2,34.7,33.84,34.51,3096730,33.806666666666665,33.8,33.81333333333333,0.0003943995267206296,25.294840492458096,1,32.842,35.38193385740589,30.302066142594107
2007-06-29 00:00:00+05:30,34.68,36.52,34.4,36.03,6373375,34.35,34.27,34.43,0.004657933042212419,25.294840492458096,1,32.913999999999994,35.69759767207776,30.13040232792223
2007-07-02 00:00:00+05:30,36.48,37.2,35.6,36.86,5611280,35.65,35.46,35.839999999999996,0.010659186535764248,26.099332381341632,1,33.036,36.20645359530726,29.865546404692743
2007-07-03 00:00:00+05:30,37.1,37.55,36.82,36.96,3435300,36.553333333333335,36.400000000000006,36.70666666666666,0.008389567754878473,27.09195908608796,1,33.154,36.6622668085533,29.645733191446713
2007-07-04 00:00:00+05:30,37.05,40.98,36.94,38.79,11903350,37.11000000000001,37.185,37.03500000000001,0.004042037186741888,28.139480722644436,1,33.3788,37.52465024331519,29.232949756684803
2007-07-05 00:00:00+05:30,38.97,38.97,37.6,38.53,7123305,38.90333333333333,38.959999999999994,38.846666666666664,0.00291320366720923,28.139480722644436,1,33.57640000000001,38.18837703376726,28.964422966232753
2007-07-06 00:00:00+05:30,38.4,40.0,37.8,39.3,7598170,38.36666666666667,38.285,38.44833333333334,0.004257167680278222,28.139480722644436,1,33.792,38.92114495798243,28.662855042017576
2007-07-09 00:00:00+05:30,39.62,39.69,38.65,38.88,3110950,39.03333333333333,38.9,39.166666666666664,0.006831767719897499,28.360611296629557,1,33.9936,39.4969833375476,28.490216662452404
2007-07-10 00:00:00+05:30,39.56,39.56,36.7,37.04,3458355,39.07333333333333,39.17,38.97666666666666,0.004947961098788831,28.360611296629557,1,34.1152,39.74662644806771,28.483773551932295
2007-07-11 00:00:00+05:30,37.21,37.7,36.4,37.03,2219905,37.76666666666667,38.13,37.40333333333334,0.019240953221535552,28.360611296629557,1,34.2468,39.989668189328086,28.503931810671915
2007-07-12 00:00:00+05:30,37.4,37.8,36.4,36.88,2022845,37.04333333333333,37.05,37.03666666666666,0.00035993881040228794,28.360611296629557,1,34.3876,40.20866596423682,28.566534035763173
2007-07-13 00:00:00+05:30,38.0,38.0,36.45,36.64,2415720,37.026666666666664,37.099999999999994,36.95333333333333,0.003961109110550806,28.360611296629557,1,34.546,40.38805717192123,28.703942828078763
2007-07-16 00:00:00+05:30,37.07,37.37,36.11,36.78,2626840,37.03,37.225,36.835,0.010532001080205255,28.360611296629557,1,34.7224,40.55730265214393,28.88749734785607
2007-07-17 00:00:00+05:30,36.8,37.26,35.79,36.17,2879265,36.75333333333333,36.739999999999995,36.766666666666666,0.0007255577725377518,28.360611296629557,1,34.901199999999996,40.62762246433113,29.174777535668863
2007-07-18 00:00:00+05:30,36.17,36.17,35.4,35.75,1696240,36.406666666666666,36.525,36.288333333333334,0.006500640908258503,28.360611296629557,1,35.094,40.592657290647985,29.59534270935202
2007-07-19 00:00:00+05:30,35.88,36.8,35.88,36.72,2077070,35.77333333333333,35.785,35.76166666666667,0.0006522549385014813,28.360611296629557,1,35.3292,40.57720280487693,30.08119719512307
2007-07-20 00:00:00+05:30,37.0,37.0,36.2,36.37,1060385,36.46666666666667,36.34,36.593333333333334,0.006946983546617832,28.360611296629557,1,35.56,40.451147922522495,30.668852077477514
2007-07-23 00:00:00+05:30,36.2,36.65,35.8,36.39,903505,36.52333333333333,36.6,36.446666666666665,0.0041982294423656835,28.360611296629557,1,35.784,40.277593662092286,31.29040633790771
2007-07-24 00:00:00+05:30,36.6,36.78,36.15,36.28,1451625,36.279999999999994,36.224999999999994,36.334999999999994,0.003031973539140007,28.360611296629557,1,35.961999999999996,40.1576587087126,31.76634129128739
2007-07-25 00:00:00+05:30,36.42,37.18,35.8,36.28,4289795,36.403333333333336,36.465,36.34166666666667,0.0033879681347862333,28.360611296629557,1,36.1436,39.96927277220568,32.31792722779432
2007-07-26 00:00:00+05:30,36.49,37.33,36.21,36.54,2604260,36.419999999999995,36.489999999999995,36.349999999999994,0.003844041735310285,28.360611296629557,1,36.3352,39.7153591441818,32.955040855818204
2007-07-27 00:00:00+05:30,34.95,36.36,34.95,36.01,2016015,36.69333333333333,36.769999999999996,36.61666666666666,0.004178779069767514,28.360611296629557,1,36.5152,39.26975764869711,33.76064235130289
2007-07-30 00:00:00+05:30,36.85,37.0,35.41,36.75,1995090,35.77333333333333,35.655,35.891666666666666,0.006615728661945525,28.360611296629557,1,36.618,39.20288529726093,34.03311470273908
2007-07-31 00:00:00+05:30,37.1,38.2,36.52,37.92,3302760,36.38666666666666,36.205,36.56833333333333,0.009985342616342884,28.360611296629557,1,36.7692,39.19385284937775,34.34454715062225
2007-08-01 00:00:00+05:30,38.0,39.0,36.01,36.25,1578095,37.54666666666667,37.36,37.733333333333334,0.009943181818181858,28.360611296629557,1,36.8664,38.98598395917586,34.746816040824136
2007-08-02 00:00:00+05:30,36.98,37.8,36.43,37.33,1821360,37.086666666666666,37.504999999999995,36.66833333333334,0.02255976990832264,28.360611296629557,1,36.9792,38.87332498003578,35.085075019964215
2007-08-03 00:00:00+05:30,37.9,38.78,37.4,37.89,11041470,37.18666666666666,37.114999999999995,37.258333333333326,0.0038544281104337815,28.360611296629557,1,37.0536,38.93884273238105,35.16835726761896
2007-08-06 00:00:00+05:30,37.4,37.8,36.4,37.63,1549045,38.02333333333333,38.09,37.95666666666666,0.003506618742877355,28.360611296629557,1,37.0844,38.981109403149446,35.18769059685056
2007-08-07 00:00:00+05:30,38.19,38.4,36.5,37.21,2697740,37.276666666666664,37.099999999999994,37.45333333333333,0.009478672985782139,28.360611296629557,1,37.0944,38.991016608594244,35.19778339140576
2007-08-08 00:00:00+05:30,37.4,37.88,36.55,36.82,9569680,37.370000000000005,37.45,37.290000000000006,0.0042815092320041895,28.360611296629557,1,37.0156,38.783184385537375,35.24801561446262
2007-08-09 00:00:00+05:30,37.2,37.6,36.32,36.65,3530700,37.083333333333336,37.215,36.95166666666667,0.007101123595505673,28.360611296629557,1,36.9404,38.60057329215825,35.28022670784174
2007-08-10 00:00:00+05:30,35.3,36.8,34.02,36.47,1561125,36.85666666666666,36.96,36.75333333333332,0.005607307587953632,28.360611296629557,1,36.8272,38.18715905820566,35.46724094179434
2007-08-13 00:00:00+05:30,37.2,37.2,36.25,36.34,1062580,35.76333333333333,35.41,36.11666666666666,0.019759530245129935,28.360611296629557,1,36.7256,37.808161111436974,35.64303888856303
2007-08-14 00:00:00+05:30,36.9,36.9,35.76,35.94,1225755,36.59666666666667,36.725,36.46833333333334,0.00701338919755881,28.360611296629557,1,36.6816,37.798347849783326,35.56485215021668
2007-08-16 00:00:00+05:30,33.12,35.79,33.12,35.03,1194860,36.199999999999996,36.33,36.06999999999999,0.007182320441989093,28.360611296629557,1,36.6016,37.881658498661565,35.32154150133843
2007-08-17 00:00:00+05:30,35.05,35.4,33.2,33.97,1916090,34.64666666666667,34.455,34.83833333333334,0.011064075428131806,28.360611296629557,1,36.4852,38.12227172719943,34.848128272800565
2007-08-20 00:00:00+05:30,34.8,35.59,33.95,34.28,1211340,34.19,34.3,34.08,0.006434630008774462,28.360611296629557,1,36.3908,38.23974278981146,34.54185721018854
2007-08-21 00:00:00+05:30,34.77,34.77,31.61,32.65,3265900,34.60666666666667,34.77,34.443333333333335,0.009439414371026815,28.360611296629557,1,36.2256,38.575953709550085,33.875246290449915
2007-08-22 00:00:00+05:30,32.7,32.9,31.2,31.74,1963360,33.01,33.19,32.83,0.010905786125416523,28.360611296629557,1,36.0484,38.98393500404882,33.112864995951185
2007-08-23 00:00:00+05:30,32.6,33.1,31.0,31.16,10942720,31.946666666666662,32.05,31.843333333333327,0.006469115191986767,28.360611296629557,1,35.8648,39.3707543408316,32.3588456591684
2007-08-24 00:00:00+05:30,30.11,32.95,30.11,32.67,1538980,31.75333333333333,32.05,31.456666666666663,0.018685702288473664,28.360611296629557,1,35.7028,39.404529412044596,32.00107058795541
2007-08-27 00:00:00+05:30,33.24,34.82,33.1,34.42,1487735,31.91,31.53,32.29,0.023816985271074835,28.360611296629557,1,35.6248,39.34911629161596,31.900483708384044
2007-08-28 00:00:00+05:30,34.6,34.7,33.62,33.96,1300275,34.11333333333334,33.96,34.26666666666667,0.008989642368575492,28.360611296629557,1,35.5276,39.2935666700591,31.761633329940896
2007-08-29 00:00:00+05:30,33.05,33.93,33.05,33.34,830185,34.093333333333334,34.16,34.02666666666667,0.00391083300743036,28.360611296629557,1,35.41,39.25737624882154,31.56262375117846
2007-08-30 00:00:00+05:30,34.02,34.3,33.43,33.6,1850570,33.44,33.489999999999995,33.39,0.0029904306220094,28.360611296629557,1,35.3028,39.1963085257382,31.40929147426179
2007-08-31 00:00:00+05:30,34.2,38.8,34.2,36.97,20630475,33.776666666666664,33.864999999999995,33.68833333333333,0.005230435211684466,28.360611296629557,1,35.32,39.23893454908297,31.401065450917034
2007-09-03 00:00:00+05:30,37.48,38.98,37.22,38.15,12688410,36.656666666666666,36.5,36.81333333333333,0.00854778575975264,28.360611296629557,1,35.4056,39.471800506615,31.339399493385002
2007-09-04 00:00:00+05:30,38.5,38.52,37.14,37.35,4540775,38.11666666666667,38.099999999999994,38.13333333333334,0.0008745080892001482,28.360611296629557,1,35.4296,39.53415933810148,31.32504066189852
2007-09-05 00:00:00+05:30,37.65,37.78,36.44,36.71,4433440,37.669999999999995,37.83,37.50999999999999,0.008494823466950024,28.360611296629557,1,35.38120000000001,39.39467857101494,31.36772142898507
2007-09-06 00:00:00+05:30,36.4,38.69,36.4,37.87,17722335,36.97666666666667,37.11,36.843333333333334,0.007211755160912261,28.360611296629557,1,35.446000000000005,39.56443465408839,31.327565345911626
2007-09-07 00:00:00+05:30,38.02,39.16,37.27,37.59,11958840,37.653333333333336,37.545,37.76166666666667,0.005754249291784752,28.360611296629557,1,35.4564,39.59507565291074,31.31772434708927
2007-09-10 00:00:00+05:30,37.2,37.5,36.57,37.13,3940290,38.00666666666667,38.215,37.79833333333333,0.010962988949307263,28.360611296629557,1,35.426,39.503438411551556,31.348561588448447
2007-09-11 00:00:00+05:30,37.68,37.68,36.6,36.79,2663455,37.06666666666666,37.035,37.09833333333333,0.0017086330935251596,28.360611296629557,1,35.3924,39.410042214035,31.374757785965
2007-09-12 00:00:00+05:30,37.17,37.58,36.6,36.91,3438325,37.02333333333333,37.14,36.906666666666666,0.006302331862789258,28.360611296629557,1,35.3804,39.37799719831752,31.38280280168248
2007-09-13 00:00:00+05:30,37.0,37.46,36.42,36.69,4509060,37.03,37.09,36.97,0.00324061571698635,28.360611296629557,1,35.37520000000001,39.365625019969194,31.38477498003082
2007-09-14 00:00:00+05:30,37.04,37.29,35.57,35.81,3814005,36.85666666666666,36.94,36.773333333333326,0.0045220222483495906,28.360611296629557,1,35.3416,39.30256020681805,31.38063979318195
2007-09-17 00:00:00+05:30,36.46,36.48,35.63,35.86,2868680,36.223333333333336,36.43,36.01666666666667,0.011410692923529774,28.360611296629557,1,35.3172,39.2575168197489,31.3768831802511
2007-09-18 00:00:00+05:30,36.0,37.49,35.61,36.87,7318660,35.99,36.055,35.925000000000004,0.0036121144762432745,28.360611296629557,1,35.3384,39.30610837638001,31.37069162361999
2007-09-19 00:00:00+05:30,38.0,38.22,37.3,37.49,6196060,36.656666666666666,36.55,36.763333333333335,0.005819769027916839,28.360611296629557,1,35.4004,39.4513415399381,31.349458460061896
2007-09-20 00:00:00+05:30,37.78,37.8,36.5,37.08,2092355,37.669999999999995,37.76,37.57999999999999,0.004778338200159459,28.360611296629557,1,35.4824,39.58272303117645,31.382076968823547
2007-09-21 00:00:00+05:30,36.4,38.38,36.4,37.18,6628845,37.126666666666665,37.15,37.10333333333333,0.0012569581612497807,28.360611296629557,1,35.6108,39.714678828620066,31.50692117137993
2007-09-24 00:00:00+05:30,37.6,37.83,37.03,37.38,2878260,37.32,37.39,37.25,0.0037513397642015157,28.360611296629557,1,35.7348,39.85763444246746,31.61196555753254
2007-09-25 00:00:00+05:30,37.4,39.16,37.4,38.14,9822020,37.413333333333334,37.43,37.39666666666667,0.0008909479686385808,28.360611296629557,1,35.9544,39.98030443999804,31.928495560001963
2007-09-26 00:00:00+05:30,38.47,40.4,38.4,39.35,15835050,38.233333333333334,38.28,38.18666666666667,0.0024411508282476124,28.360611296629557,1,36.2588,40.11111076627988,32.40648923372012
2007-09-27 00:00:00+05:30,39.8,40.4,38.52,38.96,9154710,39.38333333333333,39.4,39.36666666666667,0.0008463817181548397,28.360611296629557,1,36.5708,39.9558727377703,33.1857272622297
2007-09-28 00:00:00+05:30,39.2,41.8,39.12,41.39,16671975,39.29333333333333,39.46,39.12666666666666,0.008483203257550294,28.575165264938725,1,36.9196,40.4200890172654,33.41911098273461
2007-10-01 00:00:00+05:30,42.0,43.0,41.4,42.3,7803270,40.769999999999996,40.459999999999994,41.08,0.015207260240372935,30.33975865434119,1,37.2348,41.17029639054535,33.29930360945465
2007-10-03 00:00:00+05:30,42.64,42.99,39.3,41.03,6512830,42.233333333333334,42.2,42.266666666666666,0.001578531965272207,30.33975865434119,1,37.517599999999995,41.4870968144584,33.54810318554159
2007-10-04 00:00:00+05:30,41.0,41.88,39.04,40.86,3769375,41.10666666666666,41.144999999999996,41.06833333333333,0.0018650664936750243,30.33975865434119,1,37.818400000000004,41.61182454254666,34.02497545745335
2007-10-05 00:00:00+05:30,41.0,41.37,39.42,39.79,2908715,40.593333333333334,40.46,40.72666666666667,0.006569223189357835,30.33975865434119,1,38.066,41.51847968857098,34.61352031142903
2007-10-08 00:00:00+05:30,40.0,40.34,36.4,37.17,5199010,40.19333333333333,40.394999999999996,39.99166666666666,0.010034831647039378,30.33975865434119,1,38.074,41.51719851301013,34.63080148698987
2007-10-09 00:00:00+05:30,37.0,38.9,36.0,38.57,3155030,37.970000000000006,38.370000000000005,37.57000000000001,0.021069265209375746,30.33975865434119,1,38.0908,41.539412103440334,34.64218789655967
2007-10-10 00:00:00+05:30,39.72,39.76,38.6,39.05,3512460,37.82333333333333,37.45,38.19666666666666,0.019740900678593166,30.33975865434119,1,38.1588,41.61333820936969,34.70426179063031
2007-10-11 00:00:00+05:30,39.2,39.5,38.46,38.91,1478390,39.13666666666666,39.18,39.09333333333333,0.002214462141214712,30.33975865434119,1,38.2468,41.66107928558797,34.832520714412034
2007-10-12 00:00:00+05:30,38.98,40.2,38.0,38.92,2746930,38.95666666666667,38.980000000000004,38.93333333333334,0.0011979122101480324,30.33975865434119,1,38.288799999999995,41.70933244977957,34.868267550220416
2007-10-15 00:00:00+05:30,38.96,42.06,38.96,41.23,4452685,39.04,39.1,38.98,0.0030737704918033953,30.33975865434119,1,38.434400000000004,42.02900965335529,34.83979034664472
2007-10-16 00:00:00+05:30,42.0,42.99,41.9,42.22,10728135,40.75,40.510000000000005,40.989999999999995,0.011779141104294228,30.33975865434119,1,38.638000000000005,42.481968782390794,34.794031217609216
2007-10-17 00:00:00+05:30,40.1,41.8,36.4,40.76,8201110,42.37,42.445,42.294999999999995,0.0035402407363702075,30.33975865434119,1,38.7968,42.6502751900064,34.9433248099936
2007-10-18 00:00:00+05:30,41.0,43.0,36.02,38.25,8444745,39.65333333333333,39.099999999999994,40.20666666666666,0.02790854068594492,30.33975865434119,1,38.8504,42.634051062134944,35.06674893786506
2007-10-19 00:00:00+05:30,38.4,39.38,34.3,35.05,12562160,39.09,39.510000000000005,38.67,0.02148887183422879,30.33975865434119,1,38.7848,42.767627618664264,34.80197238133573
2007-10-22 00:00:00+05:30,34.77,37.9,32.79,37.28,10544665,36.24333333333333,36.84,35.64666666666666,0.03292559551181851,30.33975865434119,1,38.8436,42.69008984919951,34.997110150800495
2007-10-23 00:00:00+05:30,37.73,41.58,37.73,41.15,13901990,35.99,35.345,36.635000000000005,0.03584328980272315,30.33975865434119,1,39.0552,42.80262629547197,35.30777370452803
2007-10-24 00:00:00+05:30,41.2,43.0,41.02,42.11,10303195,40.153333333333336,39.655,40.65166666666667,0.02482151751618802,30.33975865434119,1,39.2648,43.0853428724194,35.4442571275806
2007-10-25 00:00:00+05:30,42.4,42.73,40.0,41.64,8993280,42.04333333333334,42.010000000000005,42.07666666666667,0.001585665583128428,30.33975865434119,1,39.4308,43.288906976224816,35.57269302377518
2007-10-26 00:00:00+05:30,41.88,44.65,41.0,42.72,13662410,41.45666666666666,41.364999999999995,41.54833333333333,0.004422288333199417,30.33975865434119,1,39.656400000000005,43.59698627110161,35.7158137288984
2007-10-29 00:00:00+05:30,43.0,44.98,43.0,44.67,9577070,42.79,42.825,42.754999999999995,0.0016358962374388266,30.33975865434119,1,39.955999999999996,44.2232895378676,35.68871046213239
2007-10-30 00:00:00+05:30,45.0,47.2,43.22,45.84,11402100,44.21666666666666,43.989999999999995,44.44333333333333,0.010252544289483601,30.33975865434119,1,40.2944,45.00920758462042,35.57959241537959
2007-10-31 00:00:00+05:30,46.0,46.0,43.02,43.46,7873215,45.419999999999995,45.21,45.62999999999999,0.009247027741082948,30.33975865434119,1,40.5072,45.293535617149516,35.72086438285048
2007-11-01 00:00:00+05:30,44.4,45.14,43.64,44.31,5770805,44.160000000000004,44.510000000000005,43.81,0.015851449275362382,30.33975865434119,1,40.7056,45.69068842047901,35.72051157952098
2007-11-02 00:00:00+05:30,43.4,46.0,42.81,45.26,4778435,44.36333333333334,44.39,44.33666666666667,0.0012021940040572723,30.33975865434119,1,40.9576,46.194809272121354,35.720390727878645
2007-11-05 00:00:00+05:30,45.58,46.44,44.72,44.95,6288790,44.69,44.405,44.974999999999994,0.01275453121503677,30.33975865434119,1,41.1,46.56512726292753,35.63487273707247
2007-11-06 00:00:00+05:30,47.0,47.0,44.38,44.65,2174355,45.370000000000005,45.58,45.16000000000001,0.009257218426272591,30.33975865434119,1,41.193999999999996,46.81701271561729,35.5709872843827
2007-11-07 00:00:00+05:30,45.0,45.2,42.8,44.11,4868590,45.343333333333334,45.69,44.99666666666667,0.0152907446886715,30.33975865434119,1,41.3172,47.054250168858005,35.580149831141995
2007-11-08 00:00:00+05:30,43.7,44.2,43.0,43.83,1233550,44.03666666666667,44.0,44.07333333333334,0.001665278934221581,30.33975865434119,1,41.43600000000001,47.25270972285825,35.619290277141765
2007-11-09 00:00:00+05:30,45.48,45.48,43.82,44.51,782275,43.67666666666667,43.6,43.75333333333334,0.0035106464168511635,30.33975865434119,1,41.62480000000001,47.52140545059559,35.72819454940443
2007-11-12 00:00:00+05:30,44.2,44.49,42.37,44.19,1310945,44.60333333333333,44.65,44.556666666666665,0.002092519243703768,30.33975865434119,1,41.90559999999999,47.59173775422239,36.21946224577759
2007-11-13 00:00:00+05:30,44.58,45.0,43.0,43.84,8725675,43.68333333333334,43.43,43.936666666666675,0.011598626478443527,30.33975865434119,1,42.116400000000006,47.681732349464255,36.55106765053576
2007-11-14 00:00:00+05:30,44.4,46.4,44.4,45.01,5662185,43.946666666666665,44.0,43.89333333333333,0.0024271844660194736,30.33975865434119,1,42.3548,47.88479130559833,36.82480869440167
2007-11-15 00:00:00+05:30,45.01,47.98,45.0,47.32,8087325,45.27,45.4,45.14000000000001,0.00574331787055425,30.33975865434119,1,42.6912,48.363412464285254,37.01898753571475
2007-11-16 00:00:00+05:30,47.2,49.4,46.9,47.71,7667490,46.76666666666666,46.489999999999995,47.04333333333332,0.011831789023520903,30.6684794816422,1,43.0428,48.825025232554744,37.260574767445256
2007-11-19 00:00:00+05:30,48.4,48.92,47.21,48.29,3409410,48.00333333333333,48.15,47.85666666666666,0.0061106867578641045,30.803940302376514,1,43.325199999999995,49.40752092543567,37.24287907456432
2007-11-20 00:00:00+05:30,48.0,50.92,46.25,47.3,9022465,48.13999999999999,48.065,48.21499999999999,0.0031159119235561173,30.803940302376514,1,43.528400000000005,49.78634517074036,37.27045482925965
2007-11-21 00:00:00+05:30,47.8,48.8,45.6,46.1,3582375,48.156666666666666,48.585,47.72833333333333,0.01778916037931756,30.803940302376514,1,43.742,49.971866130182285,37.51213386981771
2007-11-22 00:00:00+05:30,46.6,47.2,44.0,46.05,7723945,46.833333333333336,47.2,46.46666666666667,0.015658362989323864,30.803940302376514,1,44.054,49.923260941548975,38.18473905845103
2007-11-23 00:00:00+05:30,47.0,49.0,45.2,45.85,7625920,45.75,45.6,45.9,0.006557377049180265,30.803940302376514,1,44.486,49.09537132372649,39.876628676273505
2007-11-26 00:00:00+05:30,46.6,47.4,44.5,45.98,2938240,46.68333333333334,47.1,46.26666666666667,0.017850767583005966,30.803940302376514,1,44.833999999999996,48.41321555651402,41.254784443485974
2007-11-27 00:00:00+05:30,46.0,47.58,45.41,46.12,3590760,45.96,45.95,45.97,0.0004351610095734556,30.803940302376514,1,45.03280000000001,48.31088002342712,41.7547199765729
2007-11-28 00:00:00+05:30,46.2,47.0,45.22,45.58,2306235,46.37,46.495,46.245,0.0053914168643519516,30.803940302376514,1,45.1716,48.22934651663473,42.11385348336527
2007-11-29 00:00:00+05:30,46.02,46.63,44.0,44.46,3952365,45.93333333333334,46.11,45.756666666666675,0.007692307692307502,30.803940302376514,1,45.284400000000005,48.00182277903012,42.56697722096989
2007-11-30 00:00:00+05:30,45.3,46.8,44.9,46.18,5096655,45.03,45.315,44.745000000000005,0.012658227848101115,30.803940302376514,1,45.42280000000001,47.94944216698601,42.89615783301401
2007-12-03 00:00:00+05:30,46.69,47.2,46.4,46.64,2250900,45.96,45.849999999999994,46.07000000000001,0.004786771105309249,30.803940302376514,1,45.501599999999996,48.052180671139745,42.95101932886025
2007-12-04 00:00:00+05:30,46.8,51.0,46.2,49.84,5595085,46.74666666666667,46.8,46.69333333333334,0.0022818026240727664,30.803940302376514,1,45.6616,48.72692441349878,42.59627558650122
2007-12-05 00:00:00+05:30,50.0,50.88,49.01,49.94,4323975,49.01333333333334,48.6,49.426666666666684,0.01686615886833546,31.776312006928027,1,45.9208,49.279475548485074,42.562124451514926
2007-12-06 00:00:00+05:30,50.0,50.88,48.2,49.27,2815625,49.94333333333333,49.945,49.941666666666656,6.674230794923272e-05,31.776312006928027,1,46.1192,49.655136289017584,42.583263710982415
2007-12-07 00:00:00+05:30,49.8,50.39,48.19,49.01,3885175,49.45000000000001,49.540000000000006,49.360000000000014,0.003640040444893682,31.776312006928027,1,46.2692,49.96132749508889,42.57707250491111
2007-12-10 00:00:00+05:30,49.4,52.0,49.4,51.55,6245960,49.196666666666665,49.29,49.10333333333333,0.003794295006436766,32.50537901976148,1,46.53320000000001,50.72085698690704,42.34554301309298
2007-12-11 00:00:00+05:30,52.02,54.0,52.02,52.45,5020430,50.98333333333333,50.7,51.26666666666665,0.011114743380189253,34.85716385897102,1,46.8452,51.554873857072394,42.1355261429276
2007-12-12 00:00:00+05:30,52.45,53.1,50.65,51.72,4639345,52.823333333333345,53.010000000000005,52.636666666666684,0.007067583769798458,34.85716385897102,1,47.1496,52.090811122790754,42.208388877209245
2007-12-13 00:00:00+05:30,52.4,52.6,50.83,51.11,2924870,51.82333333333333,51.875,51.77166666666666,0.00199395381745685,34.85716385897102,1,47.440799999999996,52.42304662576943,42.45855337423056
2007-12-14 00:00:00+05:30,51.51,52.0,49.61,50.08,3377670,51.51333333333334,51.715,51.31166666666668,0.007829688106638833,34.85716385897102,1,47.663599999999995,52.599625542882734,42.72757445711726
2007-12-17 00:00:00+05:30,41.33,50.59,41.33,47.75,1998420,50.56333333333333,50.805,50.321666666666665,0.009558968949831912,34.85716385897102,1,47.806000000000004,52.533989847703864,43.078010152296144
2007-12-18 00:00:00+05:30,47.8,49.3,46.2,48.72,1888045,46.55666666666667,45.96,47.15333333333334,0.025631846495310563,34.85716385897102,1,48.0012,52.452994496603665,43.54940550339633
2007-12-19 00:00:00+05:30,49.0,49.9,46.41,47.2,3004660,48.07333333333333,47.75,48.39666666666666,0.013451671058105559,34.85716385897102,1,48.0888,52.38518478723574,43.79241521276426
2007-12-20 00:00:00+05:30,47.71,48.1,46.62,46.98,1462160,47.836666666666666,48.155,47.51833333333333,0.013309177060832074,34.85716385897102,1,48.0752,52.383369430279025,43.76703056972098
2007-12-24 00:00:00+05:30,47.4,48.31,46.02,46.59,5249655,47.23333333333333,47.36,47.106666666666655,0.005363443895554224,34.85716385897102,1,48.0304,52.37595949907382,43.68484050092618
2007-12-26 00:00:00+05:30,46.8,47.88,46.8,47.35,2235085,46.973333333333336,47.165000000000006,46.781666666666666,0.00816065852966236,34.85716385897102,1,47.992799999999995,52.3449857313298,43.64061426867019
2007-12-27 00:00:00+05:30,47.6,50.1,47.6,49.69,3904050,47.343333333333334,47.34,47.346666666666664,0.00014081532070676483,34.85716385897102,1,48.0884,52.480329616921324,43.696470383078676
2007-12-28 00:00:00+05:30,49.6,50.8,48.8,49.97,1901800,49.129999999999995,48.85,49.40999999999999,0.011398330958680808,34.85716385897102,1,48.243199999999995,52.616649787066336,43.86975021293365
2007-12-31 00:00:00+05:30,50.26,50.6,49.62,49.86,1797170,49.85666666666666,49.8,49.91333333333333,0.0022731831249581417,34.85716385897102,1,48.395599999999995,52.717958911519325,44.073241088480664
2008-01-01 00:00:00+05:30,50.0,52.14,49.6,51.67,2891775,50.026666666666664,50.11,49.94333333333333,0.003331556503198389,34.85716385897102,1,48.6284,53.0038613196771,44.2529386803229
2008-01-02 00:00:00+05:30,52.25,53.94,51.42,53.15,6768090,51.13666666666668,50.870000000000005,51.40333333333335,0.0104295678247835,34.85716385897102,1,48.915200000000006,53.49390940768142,44.33649059231859
2008-01-03 00:00:00+05:30,52.98,53.36,51.66,52.14,1949220,52.836666666666666,52.68,52.99333333333333,0.005930225222383432,34.85716385897102,1,49.15599999999999,53.754524980903135,44.55747501909685
2008-01-04 00:00:00+05:30,52.14,52.79,51.8,52.01,1542030,52.38666666666666,52.51,52.26333333333333,0.004708577246118663,34.85716385897102,1,49.413199999999996,53.90085317732889,44.9255468226711
2008-01-07 00:00:00+05:30,52.0,53.36,51.34,52.68,3112960,52.199999999999996,52.295,52.10499999999999,0.0036398467432952482,34.87739955545736,1,49.742,53.92394213254917,45.56005786745082
2008-01-08 00:00:00+05:30,53.0,53.8,50.56,52.04,4113200,52.46,52.35,52.57,0.004193671368661816,34.87739955545736,1,49.97639999999999,53.986853859601155,45.96594614039883
2008-01-09 00:00:00+05:30,52.0,52.54,50.91,52.02,4905290,52.13333333333333,52.18,52.086666666666666,0.0017902813299232809,34.87739955545736,1,50.1916,54.036811796506115,46.34638820349389
2008-01-10 00:00:00+05:30,53.0,55.49,51.24,51.88,6194350,51.82333333333333,51.724999999999994,51.92166666666667,0.0037949443622564976,35.44214185309712,1,50.2732,54.17132147578673,46.37507852421327
2008-01-11 00:00:00+05:30,52.48,52.99,49.71,51.69,4882295,52.870000000000005,53.365,52.37500000000001,0.018725174957442685,35.44214185309712,1,50.3432,54.27755624213031,46.4088437578697
2008-01-14 00:00:00+05:30,51.69,53.0,51.01,51.54,3431675,51.46333333333333,51.35,51.57666666666666,0.00440443033875237,35.44214185309712,1,50.434000000000005,54.36986991654827,46.49813008345174
2008-01-15 00:00:00+05:30,51.8,53.7,51.41,51.65,8087995,51.849999999999994,52.004999999999995,51.69499999999999,0.005978784956605638,35.44214185309712,1,50.5396,54.458605914768384,46.620594085231616
2008-01-16 00:00:00+05:30,51.0,51.78,49.28,50.15,2880515,52.25333333333333,52.555,51.95166666666666,0.01154631283490697,35.44214185309712,1,50.483599999999996,54.38321589903283,46.583984100967164
2008-01-17 00:00:00+05:30,50.2,51.3,50.2,50.46,853635,50.403333333333336,50.53,50.27666666666667,0.005026122610938369,35.44214185309712,1,50.404,54.22015932581302,46.587840674186985
2008-01-18 00:00:00+05:30,50.3,50.38,49.0,49.6,4240975,50.653333333333336,50.75,50.55666666666667,0.003816793893129666,35.44214185309712,1,50.3192,54.10874317035572,46.52965682964428
2008-01-21 00:00:00+05:30,47.6,49.0,39.0,45.46,4226185,49.66,49.69,49.629999999999995,0.0012082158679017777,35.44214185309712,1,50.093199999999996,54.31625186328439,45.8701481367156
2008-01-22 00:00:00+05:30,39.4,44.0,30.42,41.99,6111870,44.48666666666667,44.0,44.97333333333334,0.02187921474599153,35.44214185309712,1,49.7696,55.053648387362664,44.48555161263733
2008-01-23 00:00:00+05:30,43.95,48.0,43.02,44.63,3392180,38.803333333333335,37.21,40.39666666666667,0.08212352890645136,35.44214185309712,1,49.6448,55.251290866842645,44.03830913315735
2008-01-24 00:00:00+05:30,46.6,46.6,43.0,44.13,4451020,45.21666666666667,45.510000000000005,44.92333333333333,0.01297456690011072,35.44214185309712,1,49.4612,55.46346176036918,43.45893823963082
2008-01-25 00:00:00+05:30,45.59,49.2,44.0,46.52,2993270,44.57666666666666,44.8,44.353333333333325,0.010020189934943677,35.44214185309712,1,49.434,55.48298404692806,43.385015953071935
2008-01-28 00:00:00+05:30,45.6,49.4,44.6,48.74,4843760,46.57333333333333,46.6,46.54666666666666,0.001145147437732787,35.44214185309712,1,49.5044,55.47800080353467,43.530799196465324
2008-01-29 00:00:00+05:30,50.0,50.2,47.4,48.89,3462815,47.580000000000005,47.0,48.16000000000001,0.02437999159310657,35.44214185309712,1,49.5964,55.45741118920533,43.735388810794674
2008-01-30 00:00:00+05:30,49.2,49.8,47.8,48.89,4482110,48.830000000000005,48.8,48.860000000000014,0.0012287528158922072,35.44214185309712,1,49.658,55.4553014411871,43.8606985588129
2008-01-31 00:00:00+05:30,49.2,53.6,46.8,50.29,5791925,48.830000000000005,48.8,48.860000000000014,0.0012287528158922072,35.44214185309712,1,49.681999999999995,55.484598038809,43.87940196119099
2008-02-01 00:00:00+05:30,50.8,51.96,49.2,50.72,2276580,50.23,50.2,50.25999999999999,0.001194505275731397,35.44214185309712,1,49.711999999999996,55.5279834937859,43.896016506214096
2008-02-04 00:00:00+05:30,51.6,54.0,51.0,51.54,5628965,50.626666666666665,50.58,50.67333333333333,0.001843560705820392,35.44214185309712,1,49.7792,55.63912742617091,43.9192725738291
2008-02-05 00:00:00+05:30,51.7,52.86,49.21,51.54,2431645,52.18,52.5,51.86,0.012265235722499053,35.44214185309712,1,49.77400000000001,55.627433863980194,43.92056613601982
2008-02-06 00:00:00+05:30,47.6,51.48,43.0,50.86,1816260,51.203333333333326,51.035,51.371666666666655,0.006575092767397805,35.44214185309712,1,49.6824,55.39153732187185,43.97326267812815
2008-02-07 00:00:00+05:30,50.82,51.7,49.2,49.72,6371035,48.44666666666666,47.239999999999995,49.65333333333332,0.04981422870510514,35.44214185309712,1,49.58560000000001,55.20615393711244,43.96504606288757
2008-02-08 00:00:00+05:30,49.9,50.3,43.23,47.5,5986685,50.20666666666667,50.45,49.96333333333334,0.009693267826317844,35.44214185309712,1,49.40520000000001,54.99232554360381,43.818074456396204
2008-02-11 00:00:00+05:30,48.4,49.0,44.8,45.92,2650565,47.01,46.765,47.254999999999995,0.01042331418847043,35.44214185309712,1,49.134800000000006,54.71611488450439,43.55348511549562
2008-02-12 00:00:00+05:30,46.0,47.6,44.4,45.28,2197075,46.57333333333333,46.9,46.24666666666666,0.014028056112224506,35.44214185309712,1,48.8644,54.51114229622624,43.21765770377377
2008-02-13 00:00:00+05:30,45.8,47.3,44.8,45.04,2981245,45.76,46.0,45.519999999999996,0.010489510489510577,35.44214185309712,1,48.58520000000001,54.27033885846164,42.90006114153837
2008-02-14 00:00:00+05:30,46.0,48.4,46.0,47.91,1404510,45.71333333333333,46.05,45.376666666666665,0.014729473530698528,35.44214185309712,1,48.426399999999994,53.95414494346388,42.89865505653611
2008-02-15 00:00:00+05:30,46.0,50.18,46.0,49.94,1898170,47.43666666666667,47.2,47.67333333333333,0.009978216569460947,35.44214185309712,1,48.356399999999994,53.75998660150742,42.952813398492566
2008-02-18 00:00:00+05:30,50.92,51.0,47.2,48.29,3845015,48.70666666666667,48.09,49.32333333333334,0.025321653435532457,35.44214185309712,1,48.22639999999999,53.471417079094266,42.981382920905716
2008-02-19 00:00:00+05:30,48.92,49.2,48.0,48.4,3269825,48.830000000000005,49.1,48.56000000000001,0.011058775343026664,35.44214185309712,1,48.0964,53.15328245463455,43.039517545365456
2008-02-20 00:00:00+05:30,47.62,48.0,47.22,47.71,1108875,48.53333333333333,48.6,48.46666666666666,0.002747252747252884,35.44214185309712,1,47.9988,52.987094522177976,43.01050547782203
2008-02-21 00:00:00+05:30,49.0,50.0,47.22,47.61,5574825,47.64333333333334,47.61,47.67666666666668,0.001399286363954602,35.44214185309712,1,47.8848,52.77213913699375,42.997460863006246
2008-02-22 00:00:00+05:30,47.6,47.61,46.48,46.92,535390,48.276666666666664,48.61,47.94333333333333,0.013809293654629665,35.44214185309712,1,47.7776,52.62717162644196,42.92802837355804
2008-02-25 00:00:00+05:30,48.8,48.8,45.5,47.65,872695,47.00333333333333,47.045,46.96166666666666,0.0017729239061061515,35.44214185309712,1,47.8652,52.622389489603165,43.10801051039684
2008-02-26 00:00:00+05:30,50.06,50.06,47.42,47.86,1464990,47.31666666666666,47.15,47.48333333333333,0.007044734061289087,35.44214185309712,1,48.1,52.20943499765974,43.99056500234026
2008-02-27 00:00:00+05:30,48.4,49.0,48.26,48.58,811200,48.446666666666665,48.74,48.15333333333333,0.012109536259804729,35.44214185309712,1,48.258,52.11778237728381,44.398217622716196
2008-02-28 00:00:00+05:30,49.5,49.5,47.7,48.82,1294860,48.61333333333332,48.629999999999995,48.59666666666665,0.0006856829402087011,35.44214185309712,1,48.445600000000006,51.921404735595864,44.96979526440415
2008-02-29 00:00:00+05:30,49.0,49.98,47.99,49.35,1053525,48.67333333333334,48.6,48.74666666666668,0.0030132858512534316,35.44214185309712,1,48.5588,51.95991191230023,45.15768808769977
2008-03-03 00:00:00+05:30,48.0,48.54,44.4,45.72,1913725,49.10666666666666,48.985,49.228333333333325,0.004955199565571379,35.44214185309712,1,48.438,52.0147784387617,44.8612215612383
2008-03-04 00:00:00+05:30,45.8,45.8,40.04,41.48,4004920,46.22,46.47,45.97,0.010817827780181739,35.44214185309712,1,48.1416,52.63108168054963,43.652118319450366
2008-03-05 00:00:00+05:30,42.31,42.68,40.22,40.66,4153175,42.44,42.92,41.959999999999994,0.022620169651272573,35.44214185309712,1,47.8124,53.15919651380066,42.465603486199335
2008-03-07 00:00:00+05:30,40.34,40.34,35.3,36.07,7231515,41.18666666666667,41.45,40.92333333333333,0.012787309808999777,35.44214185309712,1,47.24360000000001,54.198696847635645,40.28850315236437
2008-03-10 00:00:00+05:30,35.4,37.1,33.03,36.81,3857730,37.23666666666667,37.82,36.65333333333334,0.03133112523498318,35.44214185309712,1,46.687200000000004,54.600416327132194,38.773983672867814
2008-03-11 00:00:00+05:30,36.28,40.88,36.0,38.76,6927055,35.64666666666667,35.065,36.22833333333334,0.03263512249859756,35.44214185309712,1,46.176,54.41373172663396,37.93826827336604
2008-03-12 00:00:00+05:30,39.86,41.38,35.8,37.07,5735670,38.54666666666666,38.44,38.65333333333332,0.005534417156692946,35.44214185309712,1,45.597199999999994,54.26805143685393,36.92634856314606
2008-03-13 00:00:00+05:30,36.0,36.89,34.2,34.93,4798960,38.083333333333336,38.59,37.57666666666667,0.026608315098468324,60.367650891009305,-1,44.96,54.30528244623951,35.61471755376049
2008-03-14 00:00:00+05:30,34.22,35.6,33.41,34.73,4266565,35.34,35.545,35.135000000000005,0.011601584606677888,58.94794485536893,-1,44.3604,54.31105180578602,34.409748194213975
2008-03-17 00:00:00+05:30,34.2,34.24,29.22,29.59,4459415,34.57999999999999,34.504999999999995,34.65499999999999,0.004337767495661987,56.73802706115417,-1,43.644,55.05854230357017,32.229457696429826
2008-03-18 00:00:00+05:30,28.4,29.2,24.2,25.48,23160420,31.016666666666666,31.73,30.30333333333333,0.0459967759269211,52.216905978708006,-1,42.82639999999999,56.227072078668044,29.425727921331944
2008-03-19 00:00:00+05:30,26.01,29.14,25.98,27.42,23861670,26.293333333333333,26.7,25.886666666666667,0.030933062880324515,52.216905978708006,-1,42.111999999999995,56.75954122711363,27.464458772886356
2008-03-24 00:00:00+05:30,27.7,29.08,26.0,28.45,8582790,27.513333333333335,27.560000000000002,27.46666666666667,0.0033922946450206095,52.216905978708006,-1,41.4484,56.981633203682804,25.915166796317195
2008-03-25 00:00:00+05:30,29.2,35.8,29.0,34.25,15197420,27.843333333333334,27.54,28.14666666666667,0.021788578953669428,52.216905978708006,-1,40.902,56.44862252709554,25.35537747290447
2008-03-26 00:00:00+05:30,35.0,39.18,33.6,38.74,28459775,33.016666666666666,32.4,33.63333333333333,0.037354871277132794,52.216905978708006,-1,40.454,55.57262639263219,25.335373607367814
2008-03-27 00:00:00+05:30,37.64,38.8,36.44,37.07,20789925,37.17333333333334,36.39,37.95666666666668,0.04214490674318535,52.216905978708006,-1,40.0052,54.83000852625068,25.180391473749328
2008-03-28 00:00:00+05:30,37.6,38.37,35.4,36.21,13966485,37.43666666666667,37.62,37.25333333333334,0.009794319294808833,52.216905978708006,-1,39.517599999999995,54.00389949158841,25.031300508411576
2008-03-31 00:00:00+05:30,36.0,36.21,33.5,33.75,7607145,36.66,36.885,36.434999999999995,0.0122749590834698,52.216905978708006,-1,38.959199999999996,53.213658861703415,24.704741138296576
2008-04-01 00:00:00+05:30,34.23,34.78,32.34,32.79,5773660,34.48666666666667,34.855000000000004,34.11833333333334,0.021360912429924547,52.216905978708006,-1,38.366400000000006,52.36281311765252,24.36998688234749
2008-04-02 00:00:00+05:30,34.48,35.58,31.85,32.13,8977400,33.303333333333335,33.56,33.04666666666667,0.015413872485236775,52.216905978708006,-1,37.7748,51.52311610925483,24.026483890745173
2008-04-03 00:00:00+05:30,32.53,33.2,29.63,30.04,13420645,33.18666666666667,33.715,32.65833333333333,0.03184009642426693,52.216905978708006,-1,37.0704,50.52404959258253,23.61675040741747
2008-04-04 00:00:00+05:30,30.0,31.28,29.12,29.5,10167625,30.956666666666667,31.415,30.498333333333335,0.029611284591364195,52.216905978708006,-1,36.336,49.35086042952426,23.321139570475736
2008-04-07 00:00:00+05:30,29.98,30.12,28.5,29.08,19968570,29.96666666666667,30.200000000000003,29.733333333333334,0.015572858731924422,52.216905978708006,-1,35.556,47.8600819243045,23.251918075695492
2008-04-08 00:00:00+05:30,29.08,33.12,29.08,32.49,35644005,29.233333333333334,29.310000000000002,29.156666666666666,0.005245153933865541,52.216905978708006,-1,34.9028,45.99506832708248,23.810531672917516
2008-04-09 00:00:00+05:30,32.94,34.28,31.43,33.9,50476970,31.563333333333333,31.099999999999998,32.02666666666667,0.029358960819516517,52.216905978708006,-1,34.2848,43.68033957151996,24.889260428480036
2008-04-10 00:00:00+05:30,34.0,34.7,32.65,33.03,23725565,33.20333333333334,32.855000000000004,33.55166666666668,0.020981829133621295,52.216905978708006,-1,33.7772,41.93656570083715,25.61783429916285
2008-04-11 00:00:00+05:30,33.1,33.78,31.4,32.18,13187480,33.46,33.675,33.245000000000005,0.012851165570830622,52.216905978708006,-1,33.4052,40.950833163625035,25.859566836374967
2008-04-15 00:00:00+05:30,32.2,33.44,31.25,33.23,11789485,32.45333333333334,32.59,32.31666666666668,0.008422350041084416,52.216905978708006,-1,33.108,40.04824783419137,26.167752165808622
2008-04-16 00:00:00+05:30,33.5,34.16,32.72,33.05,5671520,32.63999999999999,32.345,32.93499999999999,0.018075980392156535,52.216905978708006,-1,32.9872,39.82133905623804,26.153060943761965
2008-04-17 00:00:00+05:30,33.6,34.55,33.35,33.72,11413060,33.309999999999995,33.44,33.17999999999999,0.007805463824677429,52.216905978708006,-1,32.8636,39.52633668697767,26.200863313022328
2008-04-21 00:00:00+05:30,32.55,34.94,32.55,34.61,7276990,33.873333333333335,33.95,33.79666666666667,0.0045266679787444196,52.216905978708006,-1,32.697599999999994,38.95915068333701,26.436049316662977
2008-04-22 00:00:00+05:30,34.74,35.78,34.1,34.74,8965460,34.03333333333333,33.745,34.321666666666665,0.016944172380019627,52.216905978708006,-1,32.6044,38.669120484902685,26.539679515097312
2008-04-23 00:00:00+05:30,35.0,35.26,34.1,34.32,3965050,34.873333333333335,34.94,34.80666666666667,0.0038233607340850437,52.216905978708006,-1,32.58,38.61191777132267,26.548082228677323
2008-04-24 00:00:00+05:30,34.6,34.8,33.0,33.16,4451870,34.56,34.68,34.440000000000005,0.006944444444444296,52.216905978708006,-1,32.517199999999995,38.49068145054442,26.54371854945557
2008-04-25 00:00:00+05:30,33.36,34.25,33.2,34.0,4782690,33.65333333333333,33.9,33.40666666666666,0.014659270998415396,52.216905978708006,-1,32.6936,38.57057576649745,26.816624233502555
2008-04-28 00:00:00+05:30,34.21,34.34,33.4,33.6,1891630,33.81666666666667,33.725,33.90833333333334,0.005421389847215488,52.216905978708006,-1,33.0184,38.10981922846647,27.926980771533525
2008-04-29 00:00:00+05:30,33.0,34.79,33.0,34.25,4973655,33.78,33.870000000000005,33.69,0.00532859680284212,52.216905978708006,-1,33.291599999999995,37.85799439382956,28.725205606170434
2008-04-30 00:00:00+05:30,34.25,34.6,33.68,34.09,2209705,34.01333333333333,33.894999999999996,34.13166666666666,0.006958055664445255,52.216905978708006,-1,33.5172,37.64028047944713,29.394119520552874
2008-05-02 00:00:00+05:30,34.6,35.48,34.3,34.94,5417180,34.123333333333335,34.14,34.10666666666667,0.0009768486861384616,52.216905978708006,-1,33.5448,37.696272490574636,29.39332750942537
2008-05-05 00:00:00+05:30,35.17,36.82,34.8,35.78,9775150,34.906666666666666,34.89,34.92333333333333,0.0009549274255156065,52.216905978708006,-1,33.4264,37.122291253811184,29.73050874618882
2008-05-06 00:00:00+05:30,36.0,36.14,34.14,34.95,4220440,35.800000000000004,35.81,35.790000000000006,0.0005586592178769838,52.216905978708006,-1,33.3416,36.78806685171902,29.89513314828098
2008-05-07 00:00:00+05:30,34.95,35.56,34.2,35.05,2509830,35.07666666666667,35.14,35.013333333333335,0.0036111375083150757,52.216905978708006,-1,33.2952,36.6148487525035,29.9755512474965
2008-05-08 00:00:00+05:30,34.82,35.0,33.68,33.95,2336810,34.93666666666667,34.88,34.99333333333333,0.003243965270489354,51.967012647054325,-1,33.303200000000004,36.628153990658824,29.97824600934118
2008-05-09 00:00:00+05:30,33.66,34.38,32.41,32.64,3264865,34.21,34.34,34.08,0.007600116924875917,50.868532141172146,-1,33.2972,36.62637536936671,29.968024630633277
2008-05-12 00:00:00+05:30,32.03,32.8,31.31,32.28,4413000,33.14333333333333,33.394999999999996,32.891666666666666,0.015186563411445147,49.24679085552526,-1,33.3032,36.624470696585576,29.98192930341442
2008-05-13 00:00:00+05:30,32.6,33.04,31.68,32.01,4851610,32.13,32.055,32.205000000000005,0.004668534080298963,49.24491922130425,-1,33.382,36.4755132131604,30.288486786839595
2008-05-14 00:00:00+05:30,31.76,33.0,31.6,32.8,3235720,32.24333333333333,32.36,32.126666666666665,0.00723663806471625,48.90152245245208,-1,33.514,36.186664588009116,30.84133541199089
2008-05-15 00:00:00+05:30,32.9,34.6,32.79,34.42,4816035,32.46666666666666,32.3,32.633333333333326,0.010266940451745235,48.90152245245208,-1,33.727599999999995,35.71413289929913,31.741067100700864
2008-05-16 00:00:00+05:30,34.4,34.8,33.85,34.29,3118345,33.93666666666667,33.695,34.178333333333335,0.01424221589234852,48.90152245245208,-1,33.7996,35.731210561163344,31.867989438836652
2008-05-20 00:00:00+05:30,33.99,34.4,32.9,33.39,3608440,34.31333333333333,34.325,34.30166666666666,0.0006800077715175987,48.90152245245208,-1,33.7792,35.71690107085634,31.84149892914367
2008-05-21 00:00:00+05:30,33.2,34.4,32.9,33.87,2576800,33.56333333333333,33.65,33.47666666666667,0.005164365875459292,48.90152245245208,-1,33.812799999999996,35.72635183885824,31.89924816114175
2008-05-22 00:00:00+05:30,33.24,33.6,32.25,32.41,3243585,33.72333333333333,33.65,33.79666666666666,0.004349115350400154,48.37108875893082,-1,33.822,35.70604670854992,31.93795329145009
2008-05-23 00:00:00+05:30,32.59,33.0,31.8,32.02,3893005,32.75333333333333,32.925,32.58166666666666,0.010482393649501336,47.56424520857359,-1,33.7736,35.77453482152663,31.772665178473375
2008-05-26 00:00:00+05:30,31.8,32.28,31.02,31.44,3085685,32.27333333333333,32.4,32.14666666666667,0.007849617847552065,46.560475400230644,-1,33.709199999999996,35.894305361303616,31.524094638696376
2008-05-27 00:00:00+05:30,31.94,33.6,30.62,30.9,1926735,31.58,31.65,31.509999999999998,0.004433185560481336,46.560475400230644,-1,33.5964,36.04311783416026,31.149682165839742
2008-05-28 00:00:00+05:30,30.2,32.25,30.2,31.89,3321955,31.706666666666667,32.11,31.303333333333335,0.02544154751892341,46.34151812885257,-1,33.4876,35.98571628232113,30.989483717678873
2008-05-29 00:00:00+05:30,32.26,32.5,30.48,30.9,4819110,31.44666666666667,31.225,31.668333333333337,0.014097943608225623,46.34151812885257,-1,33.334,35.97342417962669,30.694575820373316
2008-05-30 00:00:00+05:30,30.6,31.58,30.0,31.12,3627510,31.293333333333333,31.490000000000002,31.096666666666664,0.012569237324243863,45.706759107550525,-1,33.205999999999996,35.950040816022614,30.46195918397738
2008-06-02 00:00:00+05:30,31.88,32.2,29.4,29.63,4465560,30.900000000000002,30.79,31.010000000000005,0.007119741100323818,45.706759107550525,-1,33.0648,36.1463119405899,29.9832880594101
2008-06-03 00:00:00+05:30,29.28,29.28,28.07,28.51,8026995,30.41,30.8,30.02,0.025649457415323942,43.61172519351856,-1,32.8452,36.378226442017976,29.31217355798202
2008-06-04 00:00:00+05:30,28.4,30.3,28.2,28.85,9513615,28.62,28.675,28.565,0.003843466107617031,43.61172519351856,-1,32.6552,36.50235217271143,28.80804782728857
2008-06-05 00:00:00+05:30,28.85,31.28,26.65,30.17,7493485,29.116666666666664,29.25,28.983333333333327,0.00915855752718968,43.61172519351856,-1,32.492,36.40036231687881,28.58363768312118
2008-06-06 00:00:00+05:30,30.8,31.6,29.7,31.12,7357220,29.366666666666664,28.965,29.768333333333327,0.027355278093075853,43.61172519351856,-1,32.3732,36.260544471486725,28.48585552851327
2008-06-09 00:00:00+05:30,29.0,29.98,28.25,28.94,4323465,30.80666666666667,30.65,30.96333333333334,0.01017095866695541,43.61172519351856,-1,32.1332,36.09713630624895,28.16926369375106
2008-06-10 00:00:00+05:30,28.8,29.56,27.79,28.16,4530060,29.05666666666667,29.115000000000002,28.998333333333335,0.004015142824366197,43.61172519351856,-1,31.828400000000002,35.79565670457542,27.86114329542458
2008-06-11 00:00:00+05:30,28.4,28.85,26.87,27.32,11748660,28.50333333333333,28.674999999999997,28.331666666666663,0.012045374809963762,43.373823336347954,-1,31.523200000000003,35.65351996823476,27.392880031765245
2008-06-12 00:00:00+05:30,27.0,28.2,26.0,28.01,7458140,27.679999999999996,27.86,27.499999999999993,0.013005780346821047,42.60927040289404,-1,31.241600000000002,35.3314691617213,27.151730838278702
2008-06-13 00:00:00+05:30,27.95,28.8,27.6,27.98,3966865,27.403333333333336,27.1,27.70666666666667,0.02213842598224069,42.60927040289404,-1,31.0028,35.12922031790255,26.87637968209745
2008-06-16 00:00:00+05:30,28.6,29.5,28.2,28.62,5839945,28.12666666666667,28.200000000000003,28.053333333333335,0.005214505807063342,42.60927040289404,-1,30.842,35.01374879397107,26.67025120602893
2008-06-17 00:00:00+05:30,28.94,29.9,28.4,29.74,7734270,28.773333333333337,28.85,28.696666666666673,0.005329008341056378,42.60927040289404,-1,30.7404,34.89077918267706,26.59002081732294
2008-06-18 00:00:00+05:30,30.0,30.1,28.73,28.94,4042580,29.346666666666664,29.15,29.54333333333333,0.013402998636983106,42.60927040289404,-1,30.617600000000003,34.792052893493846,26.443147106506157
2008-06-19 00:00:00+05:30,28.76,28.76,27.24,27.48,4442395,29.256666666666664,29.415,29.09833333333333,0.010823743876039764,42.539087731975556,-1,30.4048,34.65426912449064,26.155330875509364
2008-06-20 00:00:00+05:30,27.56,27.86,26.4,26.81,4039455,27.826666666666668,28.0,27.653333333333336,0.012458073790129276,41.49632422269653,-1,30.1004,34.244730025468456,25.956069974531545
2008-06-23 00:00:00+05:30,26.02,26.8,24.86,25.79,7051570,27.02333333333333,27.13,26.91666666666666,0.00789441223633915,40.16767125378867,-1,29.760400000000004,33.86860634340579,25.65219365659422
2008-06-24 00:00:00+05:30,25.67,27.8,25.67,27.18,7911745,25.816666666666663,25.83,25.803333333333327,0.0010329244673984831,40.16767125378867,-1,29.511999999999997,33.460172235351386,25.563827764648607
2008-06-25 00:00:00+05:30,26.78,26.78,25.22,26.28,6392925,26.883333333333336,26.735,27.031666666666673,0.011035337879727486,40.16767125378867,-1,29.2084,32.93022183345734,25.486578166542664
2008-06-26 00:00:00+05:30,26.6,27.0,25.78,26.28,3690115,26.093333333333334,26.0,26.186666666666667,0.007153806847215154,40.16767125378867,-1,28.963199999999997,32.6160770907327,25.310322909267292
2008-06-27 00:00:00+05:30,25.2,25.7,24.63,24.8,3701290,26.353333333333335,26.39,26.31666666666667,0.002782696686061115,39.166018388216294,-1,28.674400000000002,32.45434742820584,24.89445257179416
2008-06-30 00:00:00+05:30,27.69,27.69,22.6,22.94,9620210,25.043333333333333,25.165,24.921666666666667,0.009716491414880832,39.166018388216294,-1,28.334400000000002,32.56088442088695,24.107915579113055
2008-07-01 00:00:00+05:30,24.0,24.0,21.8,22.21,9866660,24.41,25.145000000000003,23.674999999999997,0.06022122081114322,37.787530546580136,-1,27.9868,32.71205375403271,23.26154624596729
2008-07-02 00:00:00+05:30,22.2,23.0,21.0,22.28,14847510,22.669999999999998,22.9,22.439999999999998,0.020291133656815213,36.85202932471694,-1,27.6024,32.55317619772904,22.65162380227096
2008-07-03 00:00:00+05:30,22.62,22.8,20.41,20.73,11101490,22.093333333333334,22.0,22.186666666666667,0.008449004224502146,36.53214815172826,-1,27.1956,32.64217273521621,21.74902726478379
2008-07-04 00:00:00+05:30,21.0,22.28,20.4,21.93,6006895,21.313333333333333,21.605,21.021666666666665,0.027369408820769582,36.196462225659126,-1,26.828000000000003,32.404444745534626,21.25155525446538
2008-07-07 00:00:00+05:30,22.2,23.14,22.01,22.18,4514950,21.536666666666665,21.34,21.73333333333333,0.018263426714130827,36.196462225659126,-1,26.53,32.26950799285103,20.790492007148973
2008-07-08 00:00:00+05:30,21.78,23.5,21.2,23.11,5948585,22.44333333333334,22.575000000000003,22.311666666666675,0.011733254121490936,36.196462225659126,-1,26.314,32.144907991042295,20.4830920089577
2008-07-09 00:00:00+05:30,23.5,24.7,23.4,23.82,6046235,22.603333333333335,22.35,22.85666666666667,0.022415572924347486,36.196462225659126,-1,26.112800000000004,31.92690015737612,20.298699842623886
2008-07-10 00:00:00+05:30,23.61,24.48,23.0,23.97,3887780,23.97333333333333,24.049999999999997,23.89666666666666,0.006395995550611902,36.196462225659126,-1,25.8648,31.491402868516765,20.238197131483233
2008-07-11 00:00:00+05:30,23.6,24.39,22.96,23.39,3537445,23.816666666666666,23.740000000000002,23.89333333333333,0.006438068579425985,36.196462225659126,-1,25.5556,30.831720028960792,20.279479971039205
2008-07-14 00:00:00+05:30,24.6,24.6,22.27,23.61,4095040,23.580000000000002,23.675,23.485000000000003,0.008057675996607198,36.196462225659126,-1,25.342399999999998,30.483277061358432,20.201522938641563
2008-07-15 00:00:00+05:30,23.0,23.38,21.22,21.49,8718925,23.493333333333336,23.435000000000002,23.55166666666667,0.004965947786606149,36.196462225659126,-1,25.075599999999998,30.29558338694688,19.855616613053115
2008-07-16 00:00:00+05:30,21.49,22.1,20.4,21.12,6245275,22.029999999999998,22.299999999999997,21.759999999999998,0.024512029051293655,35.514888726140256,-1,24.827599999999997,30.184812051058042,19.47038794894195
2008-07-17 00:00:00+05:30,21.6,22.8,21.25,21.96,8018510,21.206666666666667,21.25,21.163333333333334,0.004086765168186074,35.514888726140256,-1,24.5856,29.89226925293085,19.27893074706915
2008-07-18 00:00:00+05:30,22.14,24.56,22.08,23.96,16111895,22.00333333333333,22.025,21.981666666666662,0.001969398575973484,35.514888726140256,-1,24.4248,29.55085304693599,19.29874695306401
2008-07-21 00:00:00+05:30,23.96,24.76,23.0,23.53,5543740,23.53333333333333,23.32,23.746666666666663,0.018130311614730693,35.514888726140256,-1,24.2212,29.06090683409665,19.38149316590335
2008-07-22 00:00:00+05:30,23.64,24.28,23.04,23.93,7776435,23.763333333333335,23.880000000000003,23.64666666666667,0.009819048954972686,35.514888726140256,-1,23.9888,28.272156889170212,19.70544311082979
2008-07-23 00:00:00+05:30,25.6,28.3,25.02,27.95,18527270,23.75,23.66,23.84,0.007578947368421041,35.514888726140256,-1,23.9492,28.063704762423047,19.834695237576955
2008-07-24 00:00:00+05:30,28.4,29.6,26.0,26.46,13747180,27.09,26.66,27.52,0.03174603174603172,35.514888726140256,-1,23.9084,27.900454829283028,19.916345170716973
2008-07-25 00:00:00+05:30,25.78,26.28,24.81,25.42,8592125,27.353333333333335,27.8,26.90666666666667,0.03265902997806474,35.514888726140256,-1,23.852800000000002,27.71837119194589,19.987228808054113
2008-07-28 00:00:00+05:30,25.6,26.59,25.32,25.88,5146200,25.503333333333334,25.545,25.461666666666666,0.0032675467259182735,35.514888726140256,-1,23.856399999999997,27.72934153841779,19.983458461582206
2008-07-29 00:00:00+05:30,25.76,26.17,23.74,24.34,8853780,25.929999999999996,25.955,25.904999999999994,0.0019282684149635276,35.514888726140256,-1,23.742800000000003,27.37846563919209,20.107134360807915
2008-07-30 00:00:00+05:30,24.93,25.7,24.8,25.46,4627005,24.75,24.955,24.545,0.01656565656565643,35.514888726140256,-1,23.71,27.267468763039535,20.152531236960467
2008-07-31 00:00:00+05:30,25.88,26.38,25.2,25.54,10837500,25.320000000000004,25.25,25.390000000000008,0.00552922590837313,35.514888726140256,-1,23.680400000000006,27.16337564734554,20.197424352654473
2008-08-01 00:00:00+05:30,25.0,26.0,24.85,25.4,7848245,25.706666666666667,25.79,25.623333333333335,0.006483402489626464,35.514888726140256,-1,23.7044,27.22595910925857,20.182840890741428
2008-08-04 00:00:00+05:30,25.4,27.0,25.4,26.69,10893960,25.416666666666668,25.425,25.408333333333335,0.0006557377049179955,35.514888726140256,-1,23.854400000000002,27.548191894517338,20.160608105482666
2008-08-05 00:00:00+05:30,26.98,28.06,26.63,27.8,12145970,26.363333333333333,26.2,26.526666666666667,0.012390947022379618,35.514888726140256,-1,24.078000000000003,28.015296534425865,20.14070346557414
2008-08-06 00:00:00+05:30,28.66,28.8,27.0,27.28,13184120,27.496666666666666,27.345,27.648333333333333,0.011031640198812023,35.514888726140256,-1,24.278000000000002,28.33577081659399,20.220229183406015
2008-08-07 00:00:00+05:30,27.47,27.77,26.96,27.14,3503165,27.69333333333333,27.9,27.486666666666665,0.014925373134328384,35.514888726140256,-1,24.5344,28.47127421185917,20.597525788140832
2008-08-08 00:00:00+05:30,27.0,27.88,26.32,27.68,5056125,27.290000000000003,27.365000000000002,27.215000000000003,0.005496518871381406,35.514888726140256,-1,24.764400000000002,28.737469664629817,20.791330335370187
2008-08-11 00:00:00+05:30,28.0,28.74,28.0,28.53,8747545,27.293333333333333,27.1,27.486666666666665,0.014167073766487414,35.514888726140256,-1,25.0184,29.10830437052037,20.92849562947963
2008-08-12 00:00:00+05:30,28.6,28.84,27.73,28.19,6214285,28.423333333333332,28.369999999999997,28.476666666666667,0.0037527852703179007,35.514888726140256,-1,25.2216,29.415510556986348,21.02768944301365
2008-08-13 00:00:00+05:30,27.98,28.15,27.4,27.67,3229460,28.253333333333334,28.285,28.221666666666668,0.002241623407267552,35.514888726140256,-1,25.3756,29.634572946615357,21.11662705338464
2008-08-14 00:00:00+05:30,27.59,27.59,25.82,26.15,4274380,27.74,27.775,27.705,0.002523431867339592,35.514888726140256,-1,25.4628,29.692252995364942,21.23334700463506
2008-08-18 00:00:00+05:30,26.2,27.1,25.4,26.69,3876580,26.52,26.705,26.335,0.013951734539969738,35.514888726140256,-1,25.5948,29.76278510553978,21.426814894460218
2008-08-19 00:00:00+05:30,26.8,26.82,25.93,26.45,3278330,26.396666666666665,26.25,26.54333333333333,0.011112514206339038,35.514888726140256,-1,25.7084,29.808057273480483,21.60874272651952
2008-08-20 00:00:00+05:30,26.4,26.95,26.1,26.7,1556730,26.400000000000002,26.375,26.425000000000004,0.0018939393939395553,35.514888726140256,-1,25.916800000000002,29.650913956483034,22.18268604351697
2008-08-21 00:00:00+05:30,26.75,26.89,25.61,25.73,2881100,26.583333333333332,26.525,26.641666666666666,0.004388714733542338,35.514888726140256,-1,26.1012,29.28423161153032,22.918168388469677
2008-08-22 00:00:00+05:30,25.8,26.07,25.26,25.63,2844910,26.076666666666668,26.25,25.903333333333336,0.013294132685670356,35.514888726140256,-1,26.248,28.956705964109297,23.539294035890705
2008-08-25 00:00:00+05:30,25.65,26.89,25.65,26.63,3746590,25.653333333333332,25.665,25.641666666666666,0.0009095634095634133,35.514888726140256,-1,26.3548,28.899838278690765,23.809761721309236
2008-08-26 00:00:00+05:30,26.6,26.6,26.0,26.35,2067435,26.39,26.27,26.51,0.009094353921940204,35.514888726140256,-1,26.467599999999997,28.7368749855408,24.198325014459193
2008-08-27 00:00:00+05:30,26.6,26.76,25.92,26.12,1986775,26.316666666666666,26.3,26.333333333333332,0.001266624445851733,35.514888726140256,-1,26.5552,28.582005328590093,24.528394671409906
2008-08-28 00:00:00+05:30,26.3,26.3,24.92,25.09,3985125,26.26666666666667,26.340000000000003,26.193333333333335,0.005583756345177725,35.514888726140256,-1,26.4408,28.46263219877447,24.418967801225527
2008-08-29 00:00:00+05:30,25.38,27.0,25.38,26.84,4149575,25.436666666666667,25.61,25.263333333333335,0.013628620102214547,35.514888726140256,-1,26.456,28.48388559835145,24.42811440164855
2008-09-01 00:00:00+05:30,26.8,27.4,26.2,27.16,2303805,26.406666666666666,26.189999999999998,26.623333333333335,0.016409997475385147,35.514888726140256,-1,26.5256,28.525728635863505,24.525471364136497
2008-09-02 00:00:00+05:30,27.29,28.58,27.29,28.24,5854940,26.919999999999998,26.799999999999997,27.04,0.008915304606240787,35.514888726140256,-1,26.62,28.710083251930694,24.529916748069308
2008-09-04 00:00:00+05:30,28.2,29.16,27.46,29.02,7732325,28.036666666666665,27.935,28.138333333333332,0.007252407561526566,35.514888726140256,-1,26.807199999999998,28.885210741069717,24.72918925893028
2008-09-05 00:00:00+05:30,28.8,28.8,27.6,28.49,3146830,28.546666666666667,28.310000000000002,28.78333333333333,0.016581036898645346,35.514888726140256,-1,26.9284,29.031271788769132,24.825528211230868
2008-09-08 00:00:00+05:30,29.03,29.8,29.03,29.56,4032425,28.296666666666667,28.200000000000003,28.39333333333333,0.006832371304040336,35.514888726140256,-1,27.089199999999995,29.351559264131367,24.826840735868622
2008-09-09 00:00:00+05:30,29.4,29.7,28.87,29.46,2015650,29.463333333333335,29.415,29.51166666666667,0.0032809141305579063,35.514888726140256,-1,27.2516,29.587310119000428,24.915889880999572
2008-09-10 00:00:00+05:30,29.36,29.67,28.9,29.48,3362035,29.343333333333334,29.285,29.401666666666667,0.003975917300920157,35.514888726140256,-1,27.363200000000003,29.84307560978388,24.883324390216124
2008-09-11 00:00:00+05:30,29.4,29.58,27.8,28.03,3041630,29.349999999999998,29.285,29.414999999999996,0.0044293015332196066,35.514888726140256,-1,27.3724,29.860382507977288,24.88441749202271
2008-09-12 00:00:00+05:30,28.8,28.94,26.6,26.88,3417295,28.47,28.689999999999998,28.25,0.015454864769933184,35.514888726140256,-1,27.356399999999997,29.851687590639795,24.8611124093602
2008-09-15 00:00:00+05:30,26.1,26.4,24.92,25.44,3839610,27.473333333333333,27.770000000000003,27.176666666666662,0.02159669983013859,35.514888726140256,-1,27.288400000000003,29.893795509323105,24.6830044906769
2008-09-16 00:00:00+05:30,25.0,26.39,23.6,25.95,6276680,25.58666666666667,25.66,25.51333333333334,0.005732152162584464,35.514888726140256,-1,27.219199999999997,29.8708043143729,24.567595685627094
2008-09-17 00:00:00+05:30,26.4,27.59,25.8,26.71,8587665,25.313333333333333,24.995,25.631666666666664,0.02515143534369225,35.514888726140256,-1,27.1464,29.74954812486747,24.54325187513253
2008-09-18 00:00:00+05:30,26.18,26.72,24.03,26.35,4208865,26.7,26.695,26.705,0.000374531835205918,35.514888726140256,-1,27.0728,29.65774422376984,24.487855776230163
2008-09-19 00:00:00+05:30,27.0,28.94,26.9,27.73,10763145,25.7,25.375,26.025,0.025291828793774264,35.514888726140256,-1,27.0752,29.662468026316763,24.487931973683235
2008-09-22 00:00:00+05:30,28.0,28.38,26.7,26.87,2109540,27.85666666666667,27.92,27.793333333333337,0.0045470862749790045,35.514888726140256,-1,27.104,29.665330904042083,24.542669095957915
2008-09-23 00:00:00+05:30,26.38,27.18,26.02,26.72,2735925,27.316666666666666,27.54,27.093333333333334,0.016351433801098186,35.514888726140256,-1,27.1052,29.665781933858206,24.544618066141794
2008-09-24 00:00:00+05:30,26.82,27.12,26.0,26.35,3406330,26.64,26.6,26.68,0.003003003003002939,35.514888726140256,-1,27.1012,29.6661721713892,24.536227828610798
2008-09-25 00:00:00+05:30,26.3,26.6,24.0,25.48,3785695,26.49,26.560000000000002,26.419999999999995,0.0052850132125333215,35.514888726140256,-1,27.0524,29.691401508146793,24.413398491853204
2008-09-26 00:00:00+05:30,25.4,26.2,24.6,24.94,2823185,25.36,25.3,25.419999999999998,0.00473186119873807,35.514888726140256,-1,27.020800000000005,29.740081787531608,24.3015182124684
2008-09-29 00:00:00+05:30,25.0,25.0,22.3,23.36,4757370,25.246666666666666,25.4,25.093333333333334,0.012146818061790264,35.514888726140256,-1,26.930000000000003,29.962532934693556,23.89746706530645
2008-09-30 00:00:00+05:30,23.36,24.58,21.63,24.12,5248705,23.55333333333333,23.65,23.456666666666663,0.00820832153976798,35.514888726140256,-1,26.8296,30.055264483482606,23.603935516517392
2008-10-01 00:00:00+05:30,24.7,25.0,23.51,24.72,4960185,23.44333333333333,23.104999999999997,23.781666666666666,0.028863927200341366,35.514888726140256,-1,26.764400000000002,30.09053447713726,23.438265522862743
2008-10-03 00:00:00+05:30,24.3,24.85,23.2,23.53,3668775,24.41,24.255000000000003,24.564999999999998,0.012699713232281654,35.514888726140256,-1,26.6608,30.21433534385141,23.107264656148587
2008-10-06 00:00:00+05:30,23.53,23.53,20.41,20.61,4364435,23.86,24.025,23.695,0.01383067896060345,34.662663840954764,-1,26.4816,30.71979840970208,22.24340159029792
2008-10-07 00:00:00+05:30,21.0,21.96,20.0,20.45,5688580,21.516666666666666,21.97,21.063333333333333,0.0421378776142525,33.713757287316575,-1,26.226,31.073811877538287,21.37818812246171
2008-10-08 00:00:00+05:30,20.2,20.2,17.6,18.03,6088570,20.80333333333333,20.98,20.62666666666666,0.016984457618971584,31.922406995823906,-1,25.860799999999998,31.6552909560721,20.066309043927895
2008-10-10 00:00:00+05:30,17.29,17.4,13.71,14.39,14262935,18.61,18.9,18.32,0.031166039763567882,29.266110715990955,-1,25.3068,32.55217418219387,18.061425817806125
2008-10-13 00:00:00+05:30,14.04,17.8,14.04,15.77,19077855,15.166666666666666,15.555,14.778333333333332,0.05120879120879125,29.266110715990955,-1,24.7768,32.759147965354664,16.79445203464534
2008-10-14 00:00:00+05:30,16.99,17.54,16.4,16.96,8615515,15.87,15.92,15.819999999999999,0.00630119722747331,29.266110715990955,-1,24.3156,32.70829793093984,15.922902069060159
2008-10-15 00:00:00+05:30,16.2,16.88,15.5,15.92,4896820,16.966666666666665,16.97,16.96333333333333,0.0003929273084479986,29.266110715990955,-1,23.770000000000003,32.494897707136865,15.045102292863143
2008-10-16 00:00:00+05:30,15.6,16.6,14.18,16.14,9567070,16.099999999999998,16.189999999999998,16.009999999999998,0.011180124223602468,29.266110715990955,-1,23.2372,32.13230340805559,14.34209659194441
2008-10-17 00:00:00+05:30,16.8,17.0,15.0,15.36,7488375,15.64,15.39,15.89,0.0319693094629156,29.266110715990955,-1,22.672400000000003,31.702311680631347,13.642488319368661
2008-10-20 00:00:00+05:30,15.36,16.19,14.82,15.87,5656340,15.786666666666667,16.0,15.573333333333334,0.027027027027026976,29.266110715990955,-1,22.186000000000003,31.31857729230925,13.053422707690755
2008-10-21 00:00:00+05:30,16.0,16.6,15.72,16.09,3957570,15.626666666666667,15.505,15.748333333333333,0.015571672354948739,29.266110715990955,-1,21.7544,30.978242288330968,12.530557711669033
2008-10-22 00:00:00+05:30,15.8,16.98,15.2,15.62,9742180,16.136666666666667,16.16,16.113333333333333,0.002891964470150807,29.266110715990955,-1,21.3616,30.758921626931937,11.96427837306806
2008-10-23 00:00:00+05:30,15.38,15.93,14.43,15.09,4750385,15.933333333333332,16.09,15.776666666666664,0.019665271966527374,28.62035957776314,-1,20.9272,30.43927488616458,11.415125113835419
2008-10-24 00:00:00+05:30,14.8,15.09,12.8,13.06,5657005,15.15,15.18,15.120000000000001,0.003960396039603876,27.488945194652608,-1,20.3812,30.068275628898697,10.694124371101303
2008-10-27 00:00:00+05:30,12.8,13.47,11.0,11.97,3406305,13.65,13.945,13.355,0.04322344322344321,25.928787386866503,-1,19.805999999999997,29.71233575041767,9.899664249582326
2008-10-28 00:00:00+05:30,12.47,14.18,12.47,13.24,1024285,12.146666666666667,12.235,12.058333333333334,0.014544456641053721,25.928787386866503,-1,19.226399999999998,28.903349734291453,9.549450265708545
2008-10-29 00:00:00+05:30,14.6,14.6,11.97,12.44,5991985,13.296666666666667,13.325,13.268333333333334,0.004261719729255317,25.928787386866503,-1,18.6492,28.153494473552655,9.144905526447344
2008-10-31 00:00:00+05:30,12.98,13.98,12.73,13.64,4486380,13.003333333333332,13.285,12.721666666666664,0.04332222507049496,25.928787386866503,-1,18.125999999999998,27.227062795080784,9.02493720491921
2008-11-03 00:00:00+05:30,14.4,15.8,14.4,15.54,7898220,13.450000000000001,13.355,13.545000000000002,0.014126394052044704,25.928787386866503,-1,17.6936,26.198303413994154,9.188896586005846
2008-11-04 00:00:00+05:30,15.6,17.2,15.0,16.8,9046480,15.246666666666668,15.100000000000001,15.393333333333334,0.019239177962396128,25.928787386866503,-1,17.346400000000003,25.23785538921712,9.454944610782885
2008-11-05 00:00:00+05:30,17.6,17.76,15.65,16.33,8566020,16.333333333333332,16.1,16.566666666666663,0.028571428571428255,25.928787386866503,-1,17.002,24.26422224942228,9.73977775057772
2008-11-06 00:00:00+05:30,14.78,15.98,14.78,15.47,4576430,16.580000000000002,16.705000000000002,16.455000000000002,0.015078407720144751,25.928787386866503,-1,16.686400000000003,23.487070272848413,9.885729727151592
2008-11-07 00:00:00+05:30,15.47,17.1,15.07,16.38,4633330,15.409999999999998,15.379999999999999,15.439999999999998,0.003893575600259489,25.928787386866503,-1,16.3768,22.462798935261503,10.290801064738496
2008-11-10 00:00:00+05:30,17.02,17.3,16.7,16.89,2324155,16.183333333333334,16.085,16.281666666666666,0.012152420185375825,25.928787386866503,-1,16.0636,21.118469747085896,11.008730252914106
2008-11-11 00:00:00+05:30,16.9,16.98,15.8,15.92,3382590,16.963333333333335,17.0,16.92666666666667,0.004323049715071561,25.928787386866503,-1,15.7592,19.792167820353185,11.726232179646816
2008-11-12 00:00:00+05:30,15.76,16.2,14.44,15.04,3504785,16.233333333333334,16.39,16.076666666666668,0.019301848049281266,25.928787386866503,-1,15.536399999999999,19.055517525744822,12.017282474255175
2008-11-14 00:00:00+05:30,15.74,16.0,14.56,14.92,3233695,15.226666666666667,15.32,15.133333333333333,0.012259194395796898,25.928787386866503,-1,15.315199999999999,18.211112263865125,12.419287736134873
2008-11-17 00:00:00+05:30,14.92,15.0,13.82,14.25,2506425,15.160000000000002,15.280000000000001,15.040000000000003,0.015831134564643693,25.928787386866503,-1,15.164000000000001,17.865330042776055,12.462669957223948
2008-11-18 00:00:00+05:30,13.98,14.05,13.32,13.45,2815515,14.356666666666667,14.41,14.303333333333335,0.007429765498026392,25.928787386866503,-1,15.126399999999999,17.89510441903871,12.357695580961288
2008-11-19 00:00:00+05:30,13.4,13.98,13.01,13.11,1751855,13.606666666666667,13.685,13.528333333333334,0.011513963743263078,25.928787386866503,-1,15.02,17.88438544892347,12.155614551076528
2008-11-20 00:00:00+05:30,12.94,12.94,11.7,12.0,3914785,13.366666666666667,13.495000000000001,13.238333333333333,0.019201995012468904,24.70259657235308,-1,14.8216,17.805614369939356,11.837585630060644
2008-11-21 00:00:00+05:30,12.07,12.6,11.29,11.83,3942380,12.213333333333333,12.32,12.106666666666666,0.017467248908297057,24.19909270945896,-1,14.658,17.82599494949165,11.490005050508348
2008-11-24 00:00:00+05:30,12.0,12.15,11.5,11.89,3808270,11.906666666666666,11.945,11.868333333333332,0.0064389697648377375,23.7709290010806,-1,14.488000000000001,17.773585488159554,11.202414511840447
2008-11-25 00:00:00+05:30,12.38,12.69,12.06,12.18,3177615,11.846666666666666,11.825,11.868333333333332,0.0036578503095103833,23.7709290010806,-1,14.3608,17.746208312154486,10.975391687845512
2008-11-26 00:00:00+05:30,12.38,12.58,12.0,12.42,3140800,12.31,12.375,12.245000000000001,0.010560519902518196,23.676808167395876,-1,14.2228,17.632060424198293,10.813539575801705
2008-11-28 00:00:00+05:30,12.02,12.5,11.82,12.24,1190185,12.333333333333334,12.29,12.376666666666669,0.0070270270270272606,23.281735840700044,-1,14.068800000000001,17.474589517865834,10.663010482134169
2008-12-01 00:00:00+05:30,12.4,12.92,11.51,11.71,3071135,12.186666666666667,12.16,12.213333333333335,0.00437636761487975,23.281735840700044,-1,13.9124,17.377481955741423,10.447318044258575
2008-12-02 00:00:00+05:30,11.6,11.6,11.1,11.34,2462605,12.046666666666667,12.215,11.878333333333334,0.027946873270614223,22.14959975078916,-1,13.7624,17.333628494510656,10.191171505489342
2008-12-03 00:00:00+05:30,11.6,11.88,11.3,11.53,2117690,11.346666666666666,11.35,11.343333333333332,0.0005875440658050273,22.120015760757596,-1,13.701199999999998,17.369596140005175,10.032803859994823
2008-12-04 00:00:00+05:30,11.6,12.96,11.6,12.8,5667390,11.57,11.59,11.55,0.003457216940362934,22.120015760757596,-1,13.7344,17.354225763763342,10.11457423623666
2008-12-05 00:00:00+05:30,12.79,13.84,12.79,13.1,5155815,12.453333333333333,12.280000000000001,12.626666666666665,0.027837259100642185,22.120015760757596,-1,13.728800000000001,17.35209935832038,10.105500641679622
2008-12-08 00:00:00+05:30,13.4,14.0,13.25,13.6,4165940,13.243333333333332,13.315,13.171666666666665,0.01082305562547202,22.120015760757596,-1,13.7752,17.360807318154745,10.189592681845255
2008-12-10 00:00:00+05:30,14.16,14.59,14.0,14.43,4771140,13.616666666666667,13.625,13.608333333333334,0.0012239902080782657,22.120015760757596,-1,13.8068,17.400998525402407,10.212601474597593
2008-12-11 00:00:00+05:30,14.6,15.15,14.42,14.85,5452855,14.339999999999998,14.295,14.384999999999996,0.006276150627614806,22.120015760757596,-1,13.779200000000001,17.330073334829738,10.228326665170265
2008-12-12 00:00:00+05:30,14.8,14.98,14.0,14.75,2988870,14.806666666666667,14.785,14.828333333333333,0.0029266096352993922,22.120015760757596,-1,13.6972,17.054663423479827,10.339736576520174
2008-12-15 00:00:00+05:30,15.16,15.58,14.88,15.16,2496310,14.576666666666668,14.49,14.663333333333336,0.011891150240109916,22.120015760757596,-1,13.6504,16.890323357118945,10.410476642881056
2008-12-16 00:00:00+05:30,15.38,15.95,15.0,15.62,2286805,15.206666666666669,15.23,15.183333333333337,0.0030688294607626016,22.120015760757596,-1,13.656399999999998,16.91030537047482,10.402494629525176
2008-12-17 00:00:00+05:30,15.98,15.98,14.7,14.91,1845085,15.523333333333333,15.475,15.571666666666667,0.006227184882971928,22.120015760757596,-1,13.5976,16.70221478447889,10.49298521552111
2008-12-18 00:00:00+05:30,14.92,15.74,14.22,15.58,3573950,15.196666666666667,15.34,15.053333333333335,0.018863785917964376,22.120015760757596,-1,13.5452,16.4644553571082,10.6259446428918
2008-12-19 00:00:00+05:30,15.6,16.35,15.5,15.83,3576380,15.18,14.98,15.379999999999999,0.026350461133069734,22.120015760757596,-1,13.541599999999999,16.449331376864947,10.633868623135053
2008-12-22 00:00:00+05:30,16.0,16.54,15.82,16.01,3690995,15.893333333333333,15.925,15.861666666666665,0.003984899328859237,22.120015760757596,-1,13.5804,16.591135352036925,10.569664647963073
2008-12-23 00:00:00+05:30,16.0,16.0,14.6,14.75,3259495,16.123333333333335,16.18,16.06666666666667,0.007029150299772362,22.120015760757596,-1,13.5736,16.57294862261874,10.574251377381264
2008-12-24 00:00:00+05:30,14.8,15.18,14.02,14.73,2683645,15.116666666666667,15.3,14.933333333333334,0.024255788313120207,22.120015760757596,-1,13.5928,16.61527855906455,10.570321440935452
2008-12-26 00:00:00+05:30,14.8,15.33,14.32,14.5,2205270,14.643333333333333,14.6,14.686666666666666,0.005918506715228728,22.120015760757596,-1,13.6348,16.677289086258963,10.592310913741038
2008-12-29 00:00:00+05:30,14.6,15.45,14.11,15.17,1987180,14.716666666666667,14.825,14.608333333333334,0.014722536806341903,22.120015760757596,-1,13.7172,16.809546785211012,10.62485321478899
2008-12-30 00:00:00+05:30,15.4,15.7,15.08,15.56,2261210,14.909999999999998,14.78,15.039999999999997,0.0174379610999328,22.120015760757596,-1,13.8596,16.95039914585287,10.76880085414713
2008-12-31 00:00:00+05:30,15.73,15.96,14.9,15.04,2325600,15.446666666666667,15.39,15.503333333333334,0.0073370738023305964,22.120015760757596,-1,13.988000000000001,16.996478685316685,10.979521314683318
2009-01-01 00:00:00+05:30,15.24,15.79,15.11,15.6,2415650,15.299999999999999,15.43,15.169999999999998,0.016993464052287684,22.120015760757596,-1,14.136399999999998,17.08162735285491,11.191172647145086
2009-01-02 00:00:00+05:30,15.94,16.4,15.52,16.28,4605685,15.5,15.45,15.55,0.006451612903225898,22.120015760757596,-1,14.300400000000002,17.248209926030633,11.35259007396937
2009-01-05 00:00:00+05:30,17.2,17.88,16.64,17.65,7854870,16.066666666666666,15.959999999999999,16.173333333333332,0.013278008298755162,22.120015760757596,-1,14.5096,17.63113029138028,11.388069708619723
2009-01-06 00:00:00+05:30,17.98,18.38,17.05,17.53,5425060,17.389999999999997,17.259999999999998,17.519999999999996,0.014951121334099945,22.120015760757596,-1,14.7212,17.914995585193985,11.527404414806014
2009-01-07 00:00:00+05:30,17.62,17.89,15.31,15.74,4222525,17.653333333333332,17.715,17.591666666666665,0.006986404833836944,22.120015760757596,-1,14.8824,17.850848914838277,11.913951085161724
2009-01-09 00:00:00+05:30,15.4,16.18,14.64,15.18,2473875,16.313333333333336,16.6,16.02666666666667,0.03514507560277874,22.120015760757596,-1,15.036,17.629012148063424,12.442987851936575
2009-01-12 00:00:00+05:30,15.2,15.57,14.43,14.93,2359180,15.333333333333334,15.41,15.256666666666668,0.009999999999999941,22.120015760757596,-1,15.172,17.33643988135602,13.007560118643982
2009-01-13 00:00:00+05:30,15.0,15.0,13.72,14.1,2945970,14.976666666666667,15.0,14.953333333333333,0.0031159581571333314,22.120015760757596,-1,15.224,17.21337980285426,13.234620197145743
2009-01-14 00:00:00+05:30,14.54,15.0,14.25,14.78,1543770,14.273333333333333,14.36,14.186666666666667,0.012143858010275479,22.120015760757596,-1,15.291199999999998,17.093778774978897,13.4886212250211
2009-01-15 00:00:00+05:30,14.8,14.8,13.86,14.24,2596625,14.676666666666668,14.625,14.728333333333335,0.007040654099477761,22.120015760757596,-1,15.3168,17.03896347656209,13.594636523437913
2009-01-16 00:00:00+05:30,14.28,14.97,14.24,14.84,1238370,14.299999999999999,14.33,14.269999999999998,0.004195804195804355,22.120015760757596,-1,15.3332,17.028876572936127,13.637523427063872
2009-01-19 00:00:00+05:30,14.98,15.48,14.72,14.81,1711690,14.683333333333332,14.605,14.761666666666663,0.010669693530079188,22.120015760757596,-1,15.331599999999998,17.029171724553755,13.634028275446243
2009-01-20 00:00:00+05:30,14.6,14.6,14.2,14.29,1592790,15.003333333333336,15.100000000000001,14.90666666666667,0.012886025327704836,22.120015760757596,-1,15.3132,17.04521127017246,13.58118872982754
2009-01-21 00:00:00+05:30,14.2,15.0,13.36,13.65,22569345,14.363333333333332,14.399999999999999,14.326666666666664,0.005105592944998896,22.120015760757596,-1,15.2528,17.103235797320306,13.402364202679696
2009-01-22 00:00:00+05:30,13.94,14.4,13.05,13.31,7949130,14.003333333333332,14.18,13.826666666666664,0.02523208759819105,22.120015760757596,-1,15.1604,17.153463812326255,13.167336187673746
2009-01-23 00:00:00+05:30,13.27,13.51,12.51,12.7,7690740,13.586666666666668,13.725000000000001,13.448333333333334,0.02036310107948974,21.55224597086537,-1,15.072000000000001,17.285500395302538,12.858499604697464
2009-01-27 00:00:00+05:30,12.0,13.4,11.45,11.68,14825925,12.906666666666666,13.01,12.803333333333333,0.016012396694214902,21.17155613203076,-1,14.915999999999999,17.48540771385246,12.346592286147537
2009-01-28 00:00:00+05:30,11.8,12.22,11.8,12.02,8533515,12.176666666666668,12.425,11.928333333333335,0.040788393101560315,20.557893886749525,-1,14.763600000000002,17.541581310233134,11.985618689766872
2009-01-29 00:00:00+05:30,12.2,12.45,12.1,12.14,6050450,12.013333333333335,12.010000000000002,12.01666666666667,0.000554938956714848,20.557893886749525,-1,14.6088,17.51982906890409,11.69777093109591
2009-01-30 00:00:00+05:30,12.2,12.54,11.9,12.23,6581445,12.229999999999999,12.274999999999999,12.184999999999999,0.007358953393295165,20.392523006028362,-1,14.508000000000003,17.56342926607779,11.452570733922215
2009-02-02 00:00:00+05:30,12.23,12.49,11.92,12.03,4517770,12.223333333333334,12.219999999999999,12.22666666666667,0.0005454049631855409,20.21022208578723,-1,14.4,17.603682880686645,11.196317119313354
2009-02-03 00:00:00+05:30,12.2,12.3,11.64,11.74,4790520,12.146666666666667,12.205,12.088333333333333,0.00960482985729971,19.839813202355742,-1,14.2896,17.657882553469157,10.921317446530841
2009-02-04 00:00:00+05:30,11.74,12.05,11.64,11.73,3596045,11.893333333333333,11.97,11.816666666666665,0.012892376681614574,19.51482067426151,-1,14.152000000000001,17.643965635570424,10.660034364429578
2009-02-05 00:00:00+05:30,11.9,11.92,11.6,11.68,2944145,11.806666666666667,11.845,11.768333333333333,0.006493506493506606,19.21262784729105,-1,13.9968,17.568635248160923,10.424964751839077
2009-02-06 00:00:00+05:30,11.8,12.09,11.66,11.76,5049740,11.733333333333334,11.76,11.706666666666669,0.0045454545454543475,19.149922733399407,-1,13.865599999999999,17.514648445828698,10.2165515541713
2009-02-09 00:00:00+05:30,11.94,12.15,11.82,12.03,4231755,11.836666666666666,11.875,11.798333333333332,0.006477048718670909,19.07812582406343,-1,13.7228,17.368591085622555,10.077008914377446
2009-02-10 00:00:00+05:30,12.05,12.49,11.96,12.04,7217460,12.0,11.985,12.015,0.0025000000000000946,19.07812582406343,-1,13.553199999999999,17.10052900081243,10.005870999187566
2009-02-11 00:00:00+05:30,11.98,12.28,11.64,12.11,3577555,12.163333333333334,12.225000000000001,12.101666666666667,0.010139764318991629,18.81868875945686,-1,13.331600000000002,16.49940140791764,10.16379859208236
2009-02-12 00:00:00+05:30,12.1,12.27,11.88,11.93,3032645,12.01,11.96,12.059999999999999,0.008326394671107233,18.768541209078585,-1,13.107599999999998,15.814688650193236,10.40051134980676
2009-02-13 00:00:00+05:30,12.14,12.25,11.86,11.93,3129015,12.026666666666666,12.075,11.978333333333332,0.008037694013303846,18.58999956071544,-1,12.9552,15.474838831262348,10.435561168737651
2009-02-16 00:00:00+05:30,11.8,12.06,11.53,11.59,2537285,12.013333333333334,12.055,11.971666666666668,0.006936736958934419,18.216999578286824,-1,12.8116,15.214169824168515,10.409030175831486
2009-02-17 00:00:00+05:30,11.58,11.58,11.2,11.32,1839920,11.726666666666667,11.795,11.658333333333333,0.01165434906196703,17.66431959515535,-1,12.667200000000001,14.97520707104748,10.359192928952522
2009-02-18 00:00:00+05:30,11.4,11.4,11.04,11.26,2667995,11.366666666666667,11.39,11.343333333333334,0.004105571847507348,17.344146811349137,-1,12.5536,14.847863315316093,10.259336684683905
2009-02-19 00:00:00+05:30,11.4,11.45,11.07,11.15,2223780,11.233333333333333,11.219999999999999,11.246666666666666,0.002373887240356138,17.245580938895174,-1,12.408399999999999,14.57667806335009,10.240121936649906
2009-02-20 00:00:00+05:30,11.2,11.2,10.69,10.74,2825845,11.223333333333334,11.26,11.18666666666667,0.006534006534006288,16.833957701339365,-1,12.2684,14.397164373998509,10.13963562600149
2009-02-24 00:00:00+05:30,10.9,11.04,10.27,10.42,1972150,10.876666666666667,10.945,10.808333333333334,0.012565124118908984,16.52399939328579,-1,12.091600000000001,14.065215403265112,10.11798459673489
2009-02-25 00:00:00+05:30,10.6,10.85,10.51,10.71,1854990,10.576666666666666,10.655,10.498333333333333,0.014812480302552755,16.434639417554358,-1,11.9276,13.633657724699063,10.221542275300937
2009-02-26 00:00:00+05:30,10.8,10.8,10.3,10.39,4621540,10.69,10.68,10.7,0.001870907390084151,16.214453840852187,-1,11.771600000000001,13.28771799013315,10.255482009866853
2009-02-27 00:00:00+05:30,10.4,10.44,9.91,10.26,4617260,10.496666666666668,10.55,10.443333333333335,0.010161956176563883,15.761275687218099,-1,11.636000000000001,13.059415610426347,10.212584389573655
2009-03-02 00:00:00+05:30,10.06,10.06,9.73,9.8,2274410,10.203333333333333,10.175,10.231666666666666,0.005553740607644384,15.406224659729375,-1,11.495600000000001,12.923270326092632,10.06792967390737
2009-03-03 00:00:00+05:30,9.96,9.99,9.2,9.38,4199045,9.863333333333333,9.895,9.831666666666667,0.006421088205474746,15.106975673340198,-1,11.3628,12.928599680676129,9.797000319323871
2009-03-04 00:00:00+05:30,9.4,9.7,9.11,9.19,2394325,9.523333333333333,9.594999999999999,9.451666666666668,0.015050752537626623,14.86169664640659,-1,11.263200000000001,13.038395493461353,9.48800450653865
2009-03-05 00:00:00+05:30,9.6,9.6,8.63,8.71,4800730,9.333333333333334,9.405,9.261666666666668,0.015357142857142592,14.625028780550327,-1,11.130799999999999,13.1389268485844,9.122673151415597
2009-03-06 00:00:00+05:30,8.71,8.95,8.44,8.49,5058000,8.98,9.115,8.845,0.0300668151447661,14.127427629328315,-1,10.9848,13.198431369493473,8.771168630506526
2009-03-09 00:00:00+05:30,8.6,8.6,8.12,8.32,2259420,8.626666666666667,8.695,8.558333333333334,0.01584234930448223,13.70953052415518,-1,10.828399999999998,13.213860492233223,8.442939507766773
2009-03-12 00:00:00+05:30,8.6,8.69,8.36,8.46,2451800,8.346666666666666,8.36,8.333333333333332,0.003194888178913812,13.70953052415518,-1,10.685599999999999,13.190660989278626,8.180539010721372
2009-03-13 00:00:00+05:30,8.6,9.01,8.6,8.77,6851430,8.503333333333332,8.524999999999999,8.481666666666666,0.005096040768326108,13.70953052415518,-1,10.5668,13.141313359842135,7.992286640157866
2009-03-16 00:00:00+05:30,9.0,9.0,8.72,8.82,6855365,8.793333333333333,8.805,8.781666666666666,0.0026535253980288207,13.70953052415518,-1,10.4504,13.066818804397656,7.833981195602345
2009-03-17 00:00:00+05:30,8.9,9.3,8.74,8.94,12899060,8.846666666666666,8.86,8.833333333333332,0.003014318010550183,13.70953052415518,-1,10.3408,12.971522607955023,7.710077392044976
2009-03-18 00:00:00+05:30,9.1,9.44,9.07,9.12,10626470,8.993333333333332,9.02,8.966666666666665,0.005930318754633199,13.70953052415518,-1,10.2352,12.841402570792553,7.628997429207449
2009-03-19 00:00:00+05:30,9.32,9.42,8.91,9.08,7492830,9.209999999999999,9.254999999999999,9.165,0.009771986970684024,13.70953052415518,-1,10.1172,12.65387196144983,7.58052803855017
2009-03-20 00:00:00+05:30,9.02,9.12,8.84,8.94,3569560,9.136666666666665,9.165,9.10833333333333,0.006202116016052728,13.70953052415518,-1,9.9932,12.443380205618713,7.543019794381287
2009-03-23 00:00:00+05:30,8.99,9.35,8.96,9.25,12781475,8.966666666666667,8.98,8.953333333333333,0.0029739776951673547,13.70953052415518,-1,9.8788,12.18584881612977,7.571751183870229
2009-03-24 00:00:00+05:30,9.6,10.35,9.28,9.73,25911350,9.186666666666667,9.155000000000001,9.218333333333334,0.006894049346879452,13.70953052415518,-1,9.7908,11.940649631952384,7.640950368047617
2009-03-25 00:00:00+05:30,9.7,10.08,9.63,9.97,17690085,9.786666666666667,9.815,9.758333333333335,0.005790190735694639,13.70953052415518,-1,9.7124,11.679686700002268,7.745113299997733
2009-03-26 00:00:00+05:30,10.16,11.06,10.1,10.77,25440925,9.893333333333333,9.855,9.931666666666665,0.007749326145552336,13.70953052415518,-1,9.679599999999999,11.545294337239039,7.813905662760959
2009-03-27 00:00:00+05:30,10.89,11.25,10.61,11.09,12028500,10.643333333333333,10.58,10.706666666666665,0.011901033510804744,13.70953052415518,-1,9.670399999999999,11.505667653506109,7.835132346493889
2009-03-30 00:00:00+05:30,11.0,11.0,9.86,9.99,7247590,10.983333333333334,10.93,11.036666666666669,0.00971168437025819,13.70953052415518,-1,9.6196,11.342950039894923,7.896249960105077
2009-03-31 00:00:00+05:30,10.8,10.8,9.54,10.0,16670245,10.283333333333333,10.43,10.136666666666667,0.02852512155591569,13.70953052415518,-1,9.5736,11.189113590164391,7.95808640983561
2009-04-01 00:00:00+05:30,10.18,10.46,9.9,10.33,14353765,10.113333333333333,10.17,10.056666666666667,0.011206328279499007,13.70953052415518,-1,9.5572,11.132849910356308,7.981550089643692
2009-04-02 00:00:00+05:30,10.6,11.2,10.6,10.75,21028205,10.229999999999999,10.18,10.279999999999998,0.00977517106549344,13.70953052415518,-1,9.5704,11.179906557925701,7.960893442074298
2009-04-06 00:00:00+05:30,10.9,11.3,10.47,10.79,24623335,10.85,10.899999999999999,10.8,0.009216589861750956,13.70953052415518,-1,9.5736,11.192447787781742,7.95475221221826
2009-04-08 00:00:00+05:30,10.42,11.75,9.92,11.36,41805000,10.853333333333333,10.885000000000002,10.821666666666665,0.005835380835381093,13.70953052415518,-1,9.612400000000001,11.349812144543094,7.874987855456908
2009-04-09 00:00:00+05:30,11.58,12.98,11.45,12.53,48292965,11.01,10.835,11.184999999999999,0.03178928247048119,13.70953052415518,-1,9.703199999999999,11.772137659767884,7.634262340232114
2009-04-13 00:00:00+05:30,12.68,15.11,12.43,13.78,55630270,12.32,12.215,12.425,0.017045454545454614,7.535803630339951,1,9.862400000000001,12.477141470969126,7.247658529030876
2009-04-15 00:00:00+05:30,13.5,14.98,13.25,14.81,34992875,13.773333333333333,13.77,13.776666666666667,0.00048402710551798464,7.645771485126354,1,10.079600000000001,13.324216365613314,6.834983634386689
2009-04-16 00:00:00+05:30,15.15,15.6,13.3,13.59,33802540,14.346666666666666,14.115,14.578333333333331,0.032295539033457096,7.645771485126354,1,10.2556,13.755410646307269,6.75578935369273
2009-04-17 00:00:00+05:30,13.96,15.0,13.7,14.07,20923155,14.163333333333332,14.45,13.876666666666665,0.04048011296775718,7.645771485126354,1,10.47,14.21306398556125,6.726936014438751
2009-04-20 00:00:00+05:30,14.53,15.04,14.21,14.8,20179690,14.256666666666666,14.35,14.163333333333332,0.013093289689034424,7.657322240664751,1,10.7224,14.738401115538394,6.706398884461607
2009-04-21 00:00:00+05:30,14.5,16.25,14.05,15.99,50482410,14.683333333333332,14.625,14.741666666666664,0.007945516458569599,7.845029351038161,1,11.029200000000001,15.418725423095939,6.639674576904064
2009-04-22 00:00:00+05:30,16.38,17.48,15.0,15.3,87899420,15.43,15.15,15.709999999999999,0.03629293583927406,8.532828176996635,1,11.302800000000001,15.866870183510056,6.738729816489946
2009-04-23 00:00:00+05:30,15.6,15.74,14.31,14.72,33773745,15.926666666666668,16.240000000000002,15.613333333333333,0.03934700711594822,8.532828176996635,1,11.540799999999999,16.171794433165026,6.909805566834972
2009-04-24 00:00:00+05:30,14.96,15.43,14.7,15.24,20817655,14.923333333333334,15.025,14.821666666666667,0.013625195443377248,8.532828176996635,1,11.7976,16.507943613793522,7.0872563862064775
2009-04-27 00:00:00+05:30,15.4,15.96,14.9,15.79,16939595,15.123333333333333,15.065,15.181666666666667,0.007714348688560755,8.532828176996635,1,12.0716,16.881046304930056,7.262153695069944
2009-04-28 00:00:00+05:30,15.79,16.14,14.6,14.74,17599355,15.549999999999999,15.43,15.669999999999998,0.015434083601286074,8.532828176996635,1,12.296399999999998,17.05812029417996,7.534679705820035
2009-04-29 00:00:00+05:30,14.83,15.56,14.83,15.44,16405930,15.160000000000002,15.370000000000001,14.950000000000003,0.027704485488126523,8.532828176996635,1,12.550799999999999,17.277428972111654,7.824171027888345
2009-05-04 00:00:00+05:30,15.8,16.96,15.56,16.73,27305850,15.276666666666666,15.195,15.35833333333333,0.01069168666812113,8.532828176996635,1,12.862400000000001,17.62276731355945,8.102032686440552
2009-05-05 00:00:00+05:30,16.92,17.2,16.41,16.91,28028050,16.416666666666668,16.26,16.573333333333334,0.019086294416243606,9.058427189666128,1,13.168800000000001,17.9457189065762,8.391881093423802
2009-05-06 00:00:00+05:30,17.0,17.08,15.85,16.04,9682000,16.84,16.805,16.875,0.004156769596199542,9.058427189666128,1,13.421199999999999,18.110665027058534,8.731734972941464
2009-05-07 00:00:00+05:30,16.2,16.88,16.06,16.77,10306075,16.323333333333334,16.465,16.18166666666667,0.01735756585664681,9.058427189666128,1,13.693200000000001,18.339029854827345,9.047370145172657
2009-05-08 00:00:00+05:30,16.87,16.96,15.78,16.11,10630815,16.569999999999997,16.47,16.669999999999995,0.012070006035002762,9.058427189666128,1,13.906799999999999,18.485944793518218,9.32765520648178
2009-05-11 00:00:00+05:30,16.22,16.48,15.3,15.42,9565000,16.283333333333335,16.37,16.19666666666667,0.010644831115660102,9.058427189666128,1,14.08,18.54603179567779,9.61396820432221
2009-05-12 00:00:00+05:30,15.03,16.17,14.75,15.97,20070175,15.733333333333334,15.89,15.576666666666668,0.019915254237288085,9.058427189666128,1,14.3192,18.51581928699816,10.122580713001842
2009-05-13 00:00:00+05:30,16.16,18.18,15.64,17.67,58691660,15.63,15.46,15.8,0.021753039027511186,9.058427189666128,1,14.626,18.631831748838795,10.620168251161203
2009-05-14 00:00:00+05:30,17.2,19.71,16.71,19.07,107796985,17.163333333333334,16.91,17.416666666666668,0.029520295202952088,9.465378918622548,1,14.9756,18.94608744614623,11.005112553853769
2009-05-15 00:00:00+05:30,19.37,19.62,18.87,19.09,36863250,18.496666666666666,18.21,18.78333333333333,0.03099657595963222,10.640163761877647,1,15.3092,19.204226243814638,11.414173756185363
2009-05-18 00:00:00+05:30,21.94,24.56,20.7,23.91,169840,19.19333333333333,19.245,19.141666666666662,0.005383813824244816,12.837757211402538,1,15.834000000000001,20.591905421506894,11.07609457849311
2009-05-19 00:00:00+05:30,24.4,29.0,20.16,26.2,56194435,23.05666666666667,22.63,23.483333333333338,0.03701026456556334,12.837757211402538,1,16.427599999999998,22.36209112898524,10.493108871014755
2009-05-20 00:00:00+05:30,26.4,27.6,26.0,26.79,20636645,25.12,24.58,25.660000000000004,0.04299363057324862,14.951277046028578,1,16.998,23.974162842136387,10.021837157863615
2009-05-21 00:00:00+05:30,26.8,26.8,24.4,24.87,20509530,26.796666666666667,26.8,26.793333333333333,0.00024878716258244966,14.951277046028578,1,17.441599999999998,24.934115049034226,9.94908495096577
2009-05-22 00:00:00+05:30,24.8,25.58,23.71,25.07,13073070,25.35666666666667,25.6,25.113333333333337,0.01919284869199413,14.951277046028578,1,17.851999999999997,25.83114882678624,9.872851173213753
2009-05-25 00:00:00+05:30,25.38,26.47,24.73,25.5,11696805,24.786666666666665,24.645,24.92833333333333,0.011430876815492125,14.951277046028578,1,18.3284,26.64773589657276,10.009064103427233
2009-05-26 00:00:00+05:30,25.88,26.09,23.88,24.18,11750925,25.566666666666666,25.6,25.53333333333333,0.0026075619295959575,14.951277046028578,1,18.7328,27.166918367678043,10.29868163232196
2009-05-27 00:00:00+05:30,24.62,25.7,24.47,25.37,13020470,24.71666666666667,24.985,24.448333333333338,0.02171274443695192,14.951277046028578,1,19.1556,27.815449569132483,10.495750430867519
2009-05-28 00:00:00+05:30,25.71,25.98,24.53,24.98,18424180,25.180000000000003,25.085,25.275000000000006,0.007545671167593519,14.951277046028578,1,19.5152,28.36393798007399,10.666462019926007
2009-05-29 00:00:00+05:30,24.6,25.58,24.6,25.13,14950590,25.163333333333338,25.255000000000003,25.071666666666673,0.007285733209696515,14.951277046028578,1,19.9084,28.846130682897304,10.970669317102699
2009-06-01 00:00:00+05:30,25.58,26.68,25.1,25.3,11470430,25.103333333333335,25.09,25.11666666666667,0.001062275926171989,14.951277046028578,1,20.3316,29.24847242030544,11.414727579694562
2009-06-02 00:00:00+05:30,25.6,25.74,24.05,24.81,10901860,25.69333333333333,25.89,25.496666666666663,0.015308770108977868,14.951277046028578,1,20.7144,29.545342110556707,11.883457889443296
2009-06-03 00:00:00+05:30,24.9,27.07,24.51,26.64,47567655,24.866666666666664,24.895,24.838333333333328,0.0022788203753353344,14.951277046028578,1,21.148399999999995,30.034917752190875,12.261882247809115
2009-06-04 00:00:00+05:30,26.6,27.37,26.41,27.05,38222960,26.073333333333334,25.79,26.35666666666667,0.02173357197647673,15.020163907044592,1,21.6408,30.41588822975607,12.865711770243927
2009-06-05 00:00:00+05:30,27.4,28.4,25.5,26.72,40846805,26.94333333333333,26.89,26.996666666666663,0.003958926141284004,15.020163907044592,1,22.092000000000002,30.703828145057443,13.480171854942562
2009-06-08 00:00:00+05:30,26.72,27.16,23.7,24.79,19579820,26.873333333333335,26.95,26.79666666666667,0.005705780203423302,15.020163907044592,1,22.4144,30.799644335140357,14.029155664859646
2009-06-09 00:00:00+05:30,23.4,26.37,23.0,25.95,29079325,25.21666666666667,25.43,25.003333333333337,0.016920026437541133,15.020163907044592,1,22.776000000000003,30.957786601959462,14.594213398040543
2009-06-10 00:00:00+05:30,26.4,27.56,26.0,26.74,24881635,25.10666666666667,24.685000000000002,25.528333333333336,0.033590015932023376,15.020163907044592,1,23.203999999999997,31.043848978137476,15.364151021862519
2009-06-11 00:00:00+05:30,26.4,26.99,25.66,26.14,10779265,26.766666666666666,26.78,26.75333333333333,0.000996264009962796,15.020163907044592,1,23.5788,31.039170650309753,16.11842934969025
2009-06-12 00:00:00+05:30,26.4,26.5,25.6,25.8,10463225,26.263333333333332,26.325,26.201666666666664,0.004696027414646586,15.020163907044592,1,23.9664,30.816240593765894,17.116559406234106
2009-06-15 00:00:00+05:30,25.22,26.69,25.2,25.82,12065425,25.96666666666667,26.05,25.883333333333336,0.006418485237483862,15.020163907044592,1,24.382400000000004,30.306188733572718,18.45861126642729
2009-06-16 00:00:00+05:30,25.8,27.57,24.86,27.22,28359270,25.903333333333336,25.945,25.86166666666667,0.003217089177711823,15.020163907044592,1,24.832399999999996,29.75648701791539,19.908312982084603
2009-06-17 00:00:00+05:30,27.2,27.98,26.0,26.15,35470310,26.55,26.215,26.885,0.02523540489642191,15.020163907044592,1,25.171599999999998,29.15358213958863,21.189617860411367
2009-06-18 00:00:00+05:30,26.3,26.57,24.21,25.6,18373175,26.709999999999997,26.990000000000002,26.429999999999993,0.020965930363160218,15.020163907044592,1,25.432799999999997,28.540197728003736,22.325402271996257
2009-06-19 00:00:00+05:30,26.28,27.0,25.2,26.63,17124420,25.459999999999997,25.39,25.529999999999994,0.005498821681068087,15.020163907044592,1,25.7344,27.490651280427358,23.978148719572644
2009-06-22 00:00:00+05:30,27.0,27.44,25.9,26.22,12035410,26.276666666666667,26.1,26.453333333333333,0.013446657363947675,15.020163907044592,1,25.8268,27.425376566825218,24.22822343317478
2009-06-23 00:00:00+05:30,24.0,28.28,24.0,27.98,22637090,26.52,26.67,26.369999999999997,0.011312217194570297,15.020163907044592,1,25.898000000000003,27.70207538645221,24.093924613547795
2009-06-24 00:00:00+05:30,28.0,28.63,27.21,28.13,22043415,26.753333333333334,26.14,27.366666666666667,0.04585098430102168,15.020163907044592,1,25.9516,27.929725820063695,23.973474179936304
2009-06-25 00:00:00+05:30,28.38,28.94,27.56,27.92,22224140,27.99,27.92,28.059999999999995,0.005001786352268434,15.020163907044592,1,26.073599999999995,28.14391499052744,24.003285009472553
2009-06-26 00:00:00+05:30,28.4,28.96,28.2,28.66,12975335,28.14,28.25,28.03,0.007818052594171957,15.543028133402727,1,26.217200000000002,28.478367981376575,23.95603201862343
2009-06-29 00:00:00+05:30,28.0,31.13,28.0,30.32,35929445,28.606666666666666,28.58,28.633333333333333,0.0018643672803542728,16.173107008066616,1,26.41,29.16230230897744,23.65769769102256
2009-06-30 00:00:00+05:30,30.79,30.9,28.98,29.77,30455795,29.816666666666663,29.564999999999998,30.068333333333328,0.016880939072107224,16.546182727743954,1,26.633599999999998,29.529433586379316,23.73776641362068
2009-07-01 00:00:00+05:30,29.64,30.17,28.05,28.72,17955960,29.88333333333333,29.939999999999998,29.82666666666666,0.0037925264919131127,16.546182727743954,1,26.767599999999998,29.726493198478522,23.808706801521474
2009-07-02 00:00:00+05:30,28.8,29.14,28.01,28.5,8656825,28.98,29.11,28.85,0.008971704623878468,16.546182727743954,1,26.9084,29.84858056588408,23.96821943411592
2009-07-03 00:00:00+05:30,27.02,28.88,27.02,28.56,5566315,28.55,28.575000000000003,28.525,0.0017513134851139846,16.546182727743954,1,27.045600000000004,29.961037970529027,24.13016202947098
2009-07-06 00:00:00+05:30,28.8,28.88,26.5,26.82,14082525,28.153333333333332,27.95,28.356666666666666,0.014444707553871642,16.546182727743954,1,27.106399999999997,29.93581622247459,24.276983777525405
2009-07-07 00:00:00+05:30,27.0,27.36,26.01,27.01,9441735,27.399999999999995,27.689999999999998,27.109999999999992,0.021167883211679034,16.546182727743954,1,27.1944,29.8650468429956,24.523753157004403
2009-07-08 00:00:00+05:30,26.4,28.26,25.62,26.88,15000705,26.793333333333337,26.685000000000002,26.90166666666667,0.008086588703657697,16.546182727743954,1,27.204,29.868324304585002,24.539675695415
2009-07-09 00:00:00+05:30,27.0,27.22,26.1,26.61,7482775,26.92,26.94,26.900000000000002,0.0014858841010400871,16.546182727743954,1,27.1864,29.860356648863693,24.512443351136305
2009-07-10 00:00:00+05:30,26.64,26.96,25.34,25.72,8023650,26.643333333333334,26.66,26.62666666666667,0.0012510947078693145,16.546182727743954,1,27.1464,29.876398564102622,24.416401435897377
2009-07-13 00:00:00+05:30,24.2,25.91,24.2,25.42,5512885,26.006666666666664,26.15,25.86333333333333,0.011022814662907032,16.546182727743954,1,27.171599999999998,29.82467477467228,24.518525225327718
2009-07-14 00:00:00+05:30,25.99,27.48,25.78,27.16,10077775,25.176666666666666,25.055,25.298333333333332,0.009665033761419263,16.546182727743954,1,27.22,29.825894855899286,24.614105144100712
2009-07-15 00:00:00+05:30,27.58,28.64,27.58,28.23,7802040,26.80666666666667,26.630000000000003,26.983333333333334,0.013180800795821873,16.546182727743954,1,27.279600000000002,29.9069239922024,24.652276007797603
2009-07-16 00:00:00+05:30,28.81,29.3,27.41,27.71,7323755,28.150000000000002,28.11,28.190000000000005,0.0028419182948492146,16.546182727743954,1,27.342399999999998,29.932555393022263,24.752244606977733
2009-07-17 00:00:00+05:30,28.0,29.08,27.9,28.89,6465800,28.14,28.355,27.925,0.015280739161336166,16.546182727743954,1,27.465999999999998,30.04483074279843,24.887169257201567
2009-07-20 00:00:00+05:30,29.37,31.0,29.2,30.68,16060500,28.623333333333335,28.49,28.75666666666667,0.009316408524514014,17.138964873561655,1,27.6604,30.438615139257983,24.882184860742015
2009-07-21 00:00:00+05:30,31.0,32.4,30.23,30.67,53094020,30.293333333333333,30.1,30.486666666666665,0.012764084507042138,18.26480627861919,1,27.7984,30.808466736802064,24.788333263197938
2009-07-22 00:00:00+05:30,31.17,31.68,30.5,31.18,19207395,31.099999999999998,31.314999999999998,30.884999999999998,0.013826366559485522,18.26480627861919,1,27.9996,31.207941527955242,24.79125847204476
2009-07-23 00:00:00+05:30,31.2,31.6,30.36,31.5,11042985,31.12,31.09,31.150000000000002,0.0019280205655527723,18.288557466375448,1,28.235599999999998,31.568740645097666,24.90245935490233
2009-07-24 00:00:00+05:30,32.02,32.2,31.2,32.12,12504675,31.153333333333336,30.98,31.32666666666667,0.011127755189385975,19.23621516772043,1,28.4552,32.0494492734926,24.860950726507408
2009-07-27 00:00:00+05:30,32.1,32.4,31.51,32.33,7914620,31.840000000000003,31.700000000000003,31.980000000000004,0.008793969849246266,19.740566561011605,1,28.6996,32.47882946643915,24.920370533560845
2009-07-28 00:00:00+05:30,32.4,33.18,31.6,32.7,14299775,32.08,31.955,32.205,0.007793017456359103,20.221743898571145,1,28.8884,32.964875654287894,24.811924345712104
2009-07-29 00:00:00+05:30,32.7,32.7,30.54,31.81,6269080,32.49333333333333,32.39,32.596666666666664,0.006360279031596126,20.221743898571145,1,29.0356,33.25515857406931,24.81604142593068
2009-07-30 00:00:00+05:30,31.81,32.18,31.4,32.02,4396115,31.683333333333334,31.62,31.746666666666666,0.00399789584429243,20.221743898571145,1,29.1996,33.5496601559061,24.849539844093897
2009-07-31 00:00:00+05:30,32.6,32.6,31.43,31.93,6411335,31.866666666666664,31.79,31.943333333333328,0.0048117154811714085,20.221743898571145,1,29.3304,33.80262711409001,24.858172885909994
2009-08-03 00:00:00+05:30,32.0,32.0,31.22,31.88,3114945,31.986666666666668,32.015,31.958333333333336,0.0017715714881199936,20.221743898571145,1,29.3928,33.96101897898971,24.82458102101029
2009-08-04 00:00:00+05:30,32.2,32.3,30.1,30.47,7665730,31.7,31.61,31.79,0.005678233438485796,20.221743898571145,1,29.4208,34.00647131835697,24.835128681643027
2009-08-05 00:00:00+05:30,30.99,31.36,30.27,30.72,4664795,30.956666666666667,31.2,30.713333333333335,0.01572090018305151,20.221743898571145,1,29.500799999999998,34.104523432179846,24.897076567820154
2009-08-06 00:00:00+05:30,30.7,31.85,30.02,30.46,6579440,30.78333333333333,30.814999999999998,30.751666666666665,0.0020573903627503815,20.221743898571145,1,29.5792,34.17883448982653,24.979565510173472
2009-08-07 00:00:00+05:30,30.4,30.7,29.0,29.18,6369045,30.77666666666667,30.935000000000002,30.61833333333334,0.010289180114805464,20.221743898571145,1,29.603999999999996,34.18804537499376,25.01995462500623
2009-08-10 00:00:00+05:30,30.65,31.09,29.24,30.69,8663675,29.626666666666665,29.85,29.40333333333333,0.015076507650765276,20.221743898571145,1,29.7588,34.21595360291764,25.30164639708236
2009-08-11 00:00:00+05:30,30.9,31.5,30.14,31.18,4974470,30.34,30.165,30.515,0.011535926170072559,20.221743898571145,1,29.9256,34.26946401260463,25.581735987395366
2009-08-12 00:00:00+05:30,30.6,31.36,29.6,30.07,9742235,30.939999999999998,30.82,31.059999999999995,0.007756948933419357,20.221743898571145,1,30.0532,34.215321459064064,25.891078540935933
2009-08-13 00:00:00+05:30,30.52,32.5,30.52,32.14,13079900,30.343333333333334,30.48,30.206666666666667,0.009008019334285404,20.221743898571145,1,30.2744,34.265314000577,26.283485999423
2009-08-14 00:00:00+05:30,32.1,32.17,31.42,31.73,6870695,31.72,31.509999999999998,31.93,0.01324085750315264,20.221743898571145,1,30.5148,34.080808951194804,26.948791048805198
2009-08-17 00:00:00+05:30,30.81,31.24,30.23,30.32,4284980,31.773333333333337,31.795,31.751666666666672,0.0013638271086864073,20.221743898571145,1,30.7108,33.61178421919206,27.809815780807934
2009-08-18 00:00:00+05:30,30.5,31.52,30.03,31.25,3851480,30.596666666666664,30.735,30.45833333333333,0.009042379344155273,20.221743898571145,1,30.874399999999994,33.3919103892539,28.35688961074609
2009-08-19 00:00:00+05:30,31.3,32.08,30.9,31.84,7430785,30.933333333333334,30.775,31.09166666666667,0.010237068965517349,20.221743898571145,1,31.018800000000002,33.3176645545141,28.719935445485905
2009-08-20 00:00:00+05:30,32.34,32.34,31.25,31.98,7335895,31.606666666666666,31.49,31.723333333333333,0.007382408774520174,20.55749160416108,1,31.1896,33.07751084535294,29.301689154647057
2009-08-21 00:00:00+05:30,31.8,35.17,31.66,34.64,30344680,31.85666666666667,31.795,31.918333333333337,0.0038715077953333107,21.644191939994634,1,31.4196,33.5199198232653,29.3192801767347
2009-08-24 00:00:00+05:30,35.37,35.37,33.62,34.01,12612745,33.82333333333333,33.415,34.23166666666666,0.024145067507637615,22.705024262394844,1,31.552799999999998,33.860716948246,29.244883051753995
2009-08-25 00:00:00+05:30,33.55,35.2,33.03,34.9,16995325,34.333333333333336,34.495,34.171666666666674,0.009417475728155052,22.705024262394844,1,31.721999999999998,34.344951009836265,29.09904899016373
2009-08-26 00:00:00+05:30,35.18,35.4,34.2,34.37,8201435,34.376666666666665,34.115,34.63833333333333,0.015223504314942102,23.01506236022309,1,31.8496,34.6584516087542,29.0407483912458
2009-08-27 00:00:00+05:30,34.05,34.1,33.4,33.64,9181485,34.656666666666666,34.8,34.513333333333335,0.008271616812541937,23.01506236022309,1,31.9352,34.82547123986677,29.04492876013322
2009-08-28 00:00:00+05:30,34.3,34.3,33.09,33.9,5644280,33.71333333333333,33.75,33.67666666666666,0.002175202689341636,23.01506236022309,1,32.006400000000006,34.997318949085894,29.015481050914122
2009-08-31 00:00:00+05:30,33.6,33.98,33.16,33.49,4301830,33.76333333333333,33.695,33.831666666666656,0.004047783591667175,23.01506236022309,1,32.052800000000005,35.097861680820444,29.007738319179566
2009-09-01 00:00:00+05:30,33.8,34.44,32.64,32.91,8726750,33.54333333333333,33.56999999999999,33.516666666666666,0.0015899831064293192,23.01506236022309,1,32.0612,35.11450415124353,29.007895848756466
2009-09-02 00:00:00+05:30,32.64,33.4,32.05,32.66,3405195,33.33,33.54,33.12,0.012601260126012653,23.01506236022309,1,32.0952,35.15548035317044,29.03491964682956
2009-09-03 00:00:00+05:30,32.65,33.56,32.48,32.98,3356415,32.703333333333326,32.724999999999994,32.68166666666666,0.00132504331872398,23.01506236022309,1,32.1336,35.213173373050395,29.054026626949607
2009-09-04 00:00:00+05:30,33.4,33.7,33.0,33.6,5416885,33.00666666666666,33.019999999999996,32.993333333333325,0.0008079175924057011,23.01506236022309,1,32.2004,35.33142912155109,29.069370878448918
2009-09-07 00:00:00+05:30,33.8,34.39,33.6,34.09,7572240,33.43333333333334,33.35,33.51666666666667,0.00498504486540393,23.381039037878466,1,32.288799999999995,35.50235787873828,29.075242121261706
2009-09-08 00:00:00+05:30,34.31,35.2,34.04,34.35,13431340,34.02666666666667,33.995000000000005,34.05833333333334,0.0018612852664576577,24.10579747636332,1,32.444,35.665969583965826,29.222030416034183
2009-09-09 00:00:00+05:30,34.51,34.68,33.36,33.84,4826970,34.53,34.620000000000005,34.44,0.005212858384014098,24.10579747636332,1,32.5688,35.75549895660084,29.382101043399167
2009-09-10 00:00:00+05:30,34.19,34.84,33.9,34.19,7076960,33.96,34.019999999999996,33.900000000000006,0.003533568904593355,24.10579747636332,1,32.718,35.844500919558605,29.591499080441398
2009-09-11 00:00:00+05:30,34.25,35.59,33.85,35.04,14268660,34.31,34.370000000000005,34.25,0.0034975225881668476,24.321083156047777,1,32.952400000000004,35.853281410882005,30.051518589118007
2009-09-14 00:00:00+05:30,35.12,35.78,34.6,35.6,14443665,34.82666666666666,34.72,34.93333333333332,0.00612557427258779,24.876639829805868,1,33.1488,36.075134608345515,30.22246539165449
2009-09-15 00:00:00+05:30,35.8,37.6,35.74,37.28,18145635,35.32666666666666,35.19,35.463333333333324,0.007737308926212296,26.209174236613634,1,33.3928,36.62324774605636,30.162352253943645
2009-09-16 00:00:00+05:30,37.5,38.36,37.3,38.08,10905060,36.873333333333335,36.67,37.07666666666667,0.011028747062014092,27.485207267149086,1,33.7132,37.14449465945443,30.281905340545567
2009-09-17 00:00:00+05:30,38.15,40.6,36.93,38.81,21127980,37.913333333333334,37.83,37.99666666666667,0.0043959908563391435,27.806398976463125,1,33.98,37.88505313664237,30.074946863357624
2009-09-18 00:00:00+05:30,38.68,39.84,38.28,39.29,15913355,38.78,38.765,38.795,0.0007735946364105502,28.102943017404602,1,34.282399999999996,38.593436181708554,29.971363818291433
2009-09-22 00:00:00+05:30,39.48,39.96,39.01,39.41,6887675,39.13666666666666,39.06,39.213333333333324,0.003917894557533135,28.700225296708417,1,34.646,39.090196215290256,30.201803784709746
2009-09-23 00:00:00+05:30,39.52,39.58,38.08,38.44,6778010,39.46,39.485,39.435,0.0012671059300556806,28.700225296708417,1,34.9336,39.392062084620676,30.47513791537932
2009-09-24 00:00:00+05:30,37.8,38.8,37.21,38.64,8980500,38.699999999999996,38.83,38.56999999999999,0.006718346253230107,28.700225296708417,1,35.2056,39.70545272647895,30.705747273521045
2009-09-25 00:00:00+05:30,38.23,39.18,37.52,37.82,4872190,38.21666666666666,38.004999999999995,38.42833333333333,0.011077191452245934,28.700225296708417,1,35.4392,39.85046891494953,31.02793108505047
2009-09-29 00:00:00+05:30,38.2,39.8,38.13,39.29,8538470,38.17333333333334,38.35,37.99666666666668,0.009256025148445457,28.700225296708417,1,35.6252,40.27184393299078,30.978556067009226
2009-09-30 00:00:00+05:30,39.2,41.29,39.2,41.01,14923760,39.07333333333333,38.965,39.18166666666666,0.005545128817607602,29.15499545476891,1,35.9052,40.95491799608651,30.855482003913497
2009-10-01 00:00:00+05:30,39.6,41.38,39.6,39.89,12495235,40.5,40.245000000000005,40.754999999999995,0.012592592592592367,29.345195636578147,1,36.1048,41.369703022848554,30.839896977151444
2009-10-05 00:00:00+05:30,39.78,39.78,38.04,38.26,6957480,40.29,40.49,40.089999999999996,0.009928021841648193,29.345195636578147,1,36.2604,41.54093173080134,30.979868269198658
2009-10-06 00:00:00+05:30,38.78,39.2,36.91,38.42,16166770,38.69333333333333,38.91,38.47666666666666,0.011199172984148962,29.345195636578147,1,36.451600000000006,41.684702880700875,31.218497119299137
2009-10-07 00:00:00+05:30,39.0,42.68,38.83,41.62,44450425,38.17666666666667,38.055,38.29833333333334,0.006373875840391322,29.345195636578147,1,36.7604,42.25914598067592,31.261654019324073
2009-10-08 00:00:00+05:30,42.17,42.74,41.13,41.85,18399475,41.04333333333333,40.754999999999995,41.33166666666666,0.01405019085519373,29.82408758405466,1,37.09479999999999,42.771266844789935,31.41833315521005
2009-10-09 00:00:00+05:30,42.0,42.88,41.5,41.75,15423905,41.906666666666666,41.935,41.87833333333333,0.00135221126312453,30.177124080692472,1,37.4484,43.13939971533995,31.757400284660054
2009-10-12 00:00:00+05:30,42.0,42.58,41.67,42.04,5708390,42.04333333333333,42.19,41.89666666666666,0.006976928565765557,30.337839117464775,1,37.8236,43.43867080632107,32.20852919367893
2009-10-14 00:00:00+05:30,42.2,44.5,42.2,44.17,16008850,42.096666666666664,42.125,42.06833333333333,0.0013461081637502251,31.345525552766183,1,38.2712,44.052052034086245,32.490347965913756
2009-10-15 00:00:00+05:30,44.38,47.68,44.21,47.1,23405775,43.623333333333335,43.35,43.89666666666667,0.012531519828837781,33.43790453065554,1,38.8112,45.23243556957684,32.389964430423156
2009-10-16 00:00:00+05:30,47.4,48.4,46.2,47.36,17554915,46.330000000000005,45.945,46.71500000000001,0.016619900712281678,34.677188349429315,1,39.342000000000006,46.28692850935118,32.397071490648834
2009-10-20 00:00:00+05:30,49.16,52.4,48.8,50.75,25181100,47.31999999999999,47.3,47.33999999999999,0.0008453085376160618,37.070900815452134,1,39.998000000000005,47.957037127693184,32.038962872306826
2009-10-21 00:00:00+05:30,51.2,51.8,48.36,48.8,35883285,50.65,50.599999999999994,50.7,0.0019743336623891123,37.070900815452134,1,40.596399999999996,48.857309160618954,32.33549083938104
2009-10-22 00:00:00+05:30,48.03,50.94,48.03,49.4,34905620,49.65333333333333,50.08,49.22666666666666,0.017185821697100003,37.070900815452134,1,41.204800000000006,49.725119468188865,32.68448053181115
2009-10-23 00:00:00+05:30,50.0,51.68,49.8,51.27,17556060,49.45666666666667,49.485,49.42833333333334,0.001145784188178023,37.070900815452134,1,41.854,50.85614196733188,32.85185803266812
2009-10-26 00:00:00+05:30,51.2,51.75,49.0,49.43,9974805,50.916666666666664,50.739999999999995,51.093333333333334,0.006939443535188324,37.070900815452134,1,42.407199999999996,51.503339875793344,33.31106012420665
2009-10-27 00:00:00+05:30,49.12,50.26,46.2,46.97,18557355,50.06,50.375,49.745000000000005,0.012584898122253205,37.070900815452134,1,42.794799999999995,51.80944252424895,33.78015747575104
2009-10-28 00:00:00+05:30,46.88,48.58,44.31,47.67,18261085,47.81,48.230000000000004,47.39,0.017569546120058635,37.070900815452134,1,43.1784,52.17402681306854,34.18277318693147
2009-10-29 00:00:00+05:30,46.42,47.6,45.0,46.74,15698870,46.85333333333333,46.445,47.26166666666666,0.01743027888446207,37.070900815452134,1,43.4956,52.41160642440311,34.579593575596896
2009-10-30 00:00:00+05:30,47.0,49.54,46.9,47.65,15430510,46.446666666666665,46.3,46.593333333333334,0.0063154872972585735,37.070900815452134,1,43.83,52.71703505112911,34.94296494887089
2009-11-03 00:00:00+05:30,47.53,47.53,43.0,43.62,8936705,48.03,48.22,47.84,0.007911721840516249,37.070900815452134,1,43.998400000000004,52.70168614719736,35.29511385280265
2009-11-04 00:00:00+05:30,44.4,45.5,42.8,45.23,10619860,44.71666666666667,45.265,44.16833333333334,0.024524785687663003,37.070900815452134,1,44.27,52.68139037258391,35.858609627416094
2009-11-05 00:00:00+05:30,45.0,49.0,44.0,48.16,17279100,44.51,44.15,44.87,0.016176140193214984,37.070900815452134,1,44.6508,52.86792148139463,36.43367851860536
2009-11-06 00:00:00+05:30,49.56,51.36,49.01,50.83,18552890,47.053333333333335,46.5,47.60666666666667,0.02351941059790314,37.070900815452134,1,45.1712,53.23850749630861,37.10389250369139
2009-11-09 00:00:00+05:30,51.6,53.89,51.05,53.37,21362035,50.4,50.185,50.614999999999995,0.008531746031745885,37.070900815452134,1,45.734399999999994,54.04305588166925,37.42574411833074
2009-11-10 00:00:00+05:30,54.22,54.87,52.82,54.0,19555960,52.77,52.47,53.07000000000001,0.011370096645821651,37.070900815452134,1,46.254,54.93235560460603,37.575644395393965
2009-11-11 00:00:00+05:30,54.22,54.95,53.46,54.69,16623160,53.89666666666667,53.845,53.94833333333334,0.0019172490568372595,37.070900815452134,1,46.846,55.72397814820451,37.968021851795484
2009-11-12 00:00:00+05:30,54.29,54.9,52.82,53.25,13027760,54.36666666666667,54.205,54.528333333333336,0.005947271612507744,37.070900815452134,1,47.44559999999999,55.939545288262494,38.95165471173749
2009-11-13 00:00:00+05:30,53.18,53.78,52.2,52.64,10334170,53.656666666666666,53.86,53.45333333333333,0.007579051997266564,37.070900815452134,1,48.0144,55.897053522767365,40.13174647723264
2009-11-16 00:00:00+05:30,53.0,54.0,52.35,52.5,9099220,52.873333333333335,52.99,52.75666666666667,0.004413062665489868,37.070900815452134,1,48.449600000000004,56.069035107670175,40.83016489232983
2009-11-17 00:00:00+05:30,53.14,53.14,51.44,52.17,9831545,52.949999999999996,53.175,52.724999999999994,0.008498583569405154,37.070900815452134,1,48.8624,56.116367256611845,41.60843274338816
2009-11-18 00:00:00+05:30,52.1,52.65,50.4,51.78,6831900,52.25,52.29,52.21,0.0015311004784688668,37.070900815452134,1,49.263600000000004,55.98999429114862,42.53720570885139
2009-11-19 00:00:00+05:30,51.94,51.94,49.48,49.93,8035675,51.60999999999999,51.525,51.694999999999986,0.0032939352838594754,37.070900815452134,1,49.5792,55.62636110584105,43.53203889415895
2009-11-20 00:00:00+05:30,49.74,52.16,48.91,51.9,14328360,50.449999999999996,50.709999999999994,50.19,0.01030723488602569,37.070900815452134,1,49.888400000000004,55.57751291503313,44.199287084966876
2009-11-23 00:00:00+05:30,52.0,52.4,50.64,50.98,8718025,50.99,50.535,51.44500000000001,0.017846636595411077,37.070900815452134,1,50.043600000000005,55.63075349350604,44.45644650649397
2009-11-24 00:00:00+05:30,51.2,51.96,50.46,50.81,9239895,51.339999999999996,51.519999999999996,51.16,0.007012076353720286,37.070900815452134,1,50.181599999999996,55.66628903038237,44.69691096961762
2009-11-25 00:00:00+05:30,50.77,51.37,50.0,50.46,8473050,51.076666666666675,51.21,50.94333333333335,0.005220909743522511,37.070900815452134,1,50.17,55.651056832399824,44.68894316760018
2009-11-26 00:00:00+05:30,50.3,50.96,49.73,49.97,18485445,50.61000000000001,50.685,50.53500000000001,0.002963841138114828,37.070900815452134,1,50.216800000000006,55.670176847421864,44.76342315257815
2009-11-27 00:00:00+05:30,48.71,49.97,47.0,49.77,8888745,50.22,50.345,50.095,0.004978096375945838,37.070900815452134,1,50.2316,55.678033489908486,44.785166510091514
2009-11-30 00:00:00+05:30,50.58,50.98,49.8,50.51,6541225,48.913333333333334,48.485,49.34166666666667,0.01751397028758353,37.070900815452134,1,50.2012,55.63257351320978,44.76982648679022
2009-12-01 00:00:00+05:30,50.94,54.5,50.51,54.06,16603860,50.43,50.39,50.47,0.0015863573269878702,37.070900815452134,1,50.386399999999995,56.01222582026823,44.76057417973176
2009-12-02 00:00:00+05:30,54.56,55.68,54.01,54.3,18070505,53.02333333333333,52.504999999999995,53.54166666666667,0.019551141007103964,38.831432167476294,1,50.6796,56.32664943842328,45.03255056157672
2009-12-03 00:00:00+05:30,54.6,55.52,53.28,53.57,8524635,54.663333333333334,54.845,54.48166666666667,0.006646746752850718,38.831432167476294,1,50.915600000000005,56.532882132846524,45.298317867153486
2009-12-04 00:00:00+05:30,53.38,54.34,52.67,52.86,5728880,54.123333333333335,54.400000000000006,53.846666666666664,0.010223563466157696,38.831432167476294,1,51.1604,56.55756215802312,45.76323784197689
2009-12-07 00:00:00+05:30,53.5,54.87,53.04,53.86,10119055,53.29,53.505,53.074999999999996,0.00806905610808795,38.831432167476294,1,51.40879999999999,56.70756761520984,46.110032384790145
2009-12-08 00:00:00+05:30,53.98,54.56,53.42,54.37,9025155,53.923333333333325,53.955,53.89166666666665,0.001174507016134267,38.831432167476294,1,51.8388,56.20158193816705,47.476018061832946
2009-12-09 00:00:00+05:30,54.2,54.88,52.8,52.95,5541250,54.11666666666667,53.99,54.24333333333333,0.00468124422543881,38.831432167476294,1,52.147600000000004,55.59169653755475,48.703503462445255
2009-12-10 00:00:00+05:30,53.24,53.48,51.48,51.68,14613595,53.54333333333333,53.84,53.246666666666655,0.011081367116977176,38.831432167476294,1,52.288399999999996,55.33361489553637,49.24318510446362
2009-12-11 00:00:00+05:30,52.6,52.68,50.8,51.2,9155375,52.21333333333333,52.48,51.946666666666665,0.010214504596527032,38.831432167476294,1,52.3032,55.323413078575186,49.28298692142481
2009-12-14 00:00:00+05:30,51.44,51.57,49.71,49.95,6932775,51.56,51.739999999999995,51.38000000000001,0.006982156710628107,38.831432167476294,1,52.1664,55.28901879838008,49.04378120161993
2009-12-15 00:00:00+05:30,50.57,50.69,49.3,49.51,13878710,50.410000000000004,50.64,50.18000000000001,0.009125173576671171,38.831432167476294,1,51.9868,55.18255077876806,48.791049221231944
2009-12-16 00:00:00+05:30,49.78,49.99,48.6,49.37,6911265,49.833333333333336,49.995,49.671666666666674,0.006488294314381073,38.831432167476294,1,51.77400000000001,54.92965270585923,48.61834729414078
2009-12-17 00:00:00+05:30,49.3,50.68,49.0,50.41,8535025,49.32,49.295,49.345,0.0010137875101378176,38.831432167476294,1,51.6604,54.79976798734979,48.52103201265022
2009-12-18 00:00:00+05:30,50.39,50.98,49.9,50.15,7639980,50.03,49.84,50.22,0.007595442734359293,38.831432167476294,1,51.5608,54.727410402306646,48.394189597693355
2009-12-21 00:00:00+05:30,50.0,50.38,49.2,49.74,3655065,50.343333333333334,50.44,50.24666666666667,0.0038402966298085417,38.831432167476294,1,51.4504,54.67033530369737,48.23046469630263
2009-12-22 00:00:00+05:30,50.28,51.98,50.01,51.82,9168355,49.77333333333334,49.790000000000006,49.756666666666675,0.0006697026520224638,38.831432167476294,1,51.436400000000006,54.646727734047836,48.226072265952176
2009-12-23 00:00:00+05:30,51.82,53.76,51.82,53.61,10158930,51.27,50.995,51.54500000000001,0.010727520967427566,38.831432167476294,1,51.50959999999999,54.829510745787694,48.18968925421229
2009-12-24 00:00:00+05:30,53.61,54.88,53.05,54.2,8809635,53.06333333333333,52.79,53.336666666666666,0.010302154657955906,39.87484881166603,1,51.6804,55.0956621217114,48.2651378782886
2009-12-29 00:00:00+05:30,55.0,55.14,53.81,54.54,4382305,54.04333333333333,53.965,54.121666666666655,0.002898908283475953,40.57605485919938,1,51.785999999999994,55.38044905374893,48.191550946251056
2009-12-30 00:00:00+05:30,54.28,54.9,54.02,54.39,4853095,54.49666666666667,54.475,54.51833333333334,0.000795155667013332,40.870612664831405,1,51.922399999999996,55.640818072244784,48.20398192775521
2009-12-31 00:00:00+05:30,54.6,54.83,52.88,53.23,7716935,54.43666666666667,54.46,54.413333333333334,0.0008572653236176631,40.870612664831405,1,52.0192,55.742737758637155,48.29566224136284
2010-01-04 00:00:00+05:30,53.76,53.9,53.23,53.69,2802145,53.64666666666667,53.855000000000004,53.43833333333333,0.007766869640860036,40.870612664831405,1,52.1484,55.87071618216355,48.42608381783646
2010-01-05 00:00:00+05:30,53.99,55.76,52.0,54.48,18410675,53.60666666666666,53.565,53.648333333333326,0.0015545330182812202,40.870612664831405,1,52.3288,56.04847878183004,48.60912121816996
2010-01-06 00:00:00+05:30,54.68,55.17,53.42,53.71,8991010,54.07999999999999,53.879999999999995,54.27999999999999,0.007396449704141855,40.870612664831405,1,52.486399999999996,56.09116076321253,48.881639236787464
2010-01-07 00:00:00+05:30,53.91,53.95,52.61,52.8,5386165,54.1,54.295,53.905,0.007208872458410362,40.870612664831405,1,52.578,56.092468380850306,49.0635316191497
2010-01-08 00:00:00+05:30,53.0,53.34,52.4,52.55,4819155,53.120000000000005,53.28,52.96000000000001,0.00602409638554204,40.870612664831405,1,52.5176,55.9796238242965,49.0555761757035
2010-01-11 00:00:00+05:30,53.1,54.16,52.81,53.52,4908175,52.76333333333334,52.870000000000005,52.65666666666668,0.004043211826394415,40.870612664831405,1,52.4864,55.89729022983687,49.07550977016314
2010-01-12 00:00:00+05:30,53.6,54.1,52.07,52.62,6424270,53.49666666666667,53.485,53.50833333333334,0.0004361642469937167,40.870612664831405,1,52.44839999999999,55.83120678726949,49.0655932127305
2010-01-13 00:00:00+05:30,52.34,52.61,51.34,52.51,9733245,52.93,53.085,52.775,0.005856791989420031,40.870612664831405,1,52.4344,55.81317175316661,49.055628246833386
2010-01-14 00:00:00+05:30,52.6,54.22,52.6,53.82,8301960,52.153333333333336,51.975,52.33166666666667,0.0068388086411862925,40.870612664831405,1,52.43280000000001,55.80890672817028,49.05669327182974
2010-01-15 00:00:00+05:30,54.14,54.45,53.23,53.42,3422405,53.54666666666666,53.41,53.68333333333332,0.005104581673306643,41.02049668634687,1,52.3948,55.70354777521596,49.086052224784034
2010-01-18 00:00:00+05:30,53.03,54.7,53.03,54.46,4537200,53.70000000000001,53.84,53.56000000000002,0.005214152700185976,41.09067681889299,1,52.4552,55.85612749702145,49.05427250297855
2010-01-19 00:00:00+05:30,54.8,57.14,54.7,56.8,27471720,54.06333333333333,53.865,54.26166666666666,0.007337073802330498,42.90624974613727,1,52.66,56.44454118751488,48.875458812485114
2010-01-20 00:00:00+05:30,57.0,57.55,54.4,54.64,24429145,56.21333333333333,55.92,56.50666666666666,0.01043643263757102,42.90624974613727,1,52.7976,56.60984670765109,48.98535329234892
2010-01-21 00:00:00+05:30,54.38,54.47,52.6,52.94,15086635,55.529999999999994,55.974999999999994,55.084999999999994,0.01602737259139205,42.90624974613727,1,52.9172,56.54788046514652,49.28651953485348
2010-01-22 00:00:00+05:30,52.24,52.8,51.0,51.85,12970865,53.336666666666666,53.535,53.138333333333335,0.007437035185300816,42.90624974613727,1,53.010799999999996,56.39777231166664,49.62382768833335
2010-01-25 00:00:00+05:30,51.69,51.69,48.58,49.16,12330230,51.88333333333333,51.9,51.86666666666667,0.0006424670735624434,42.90624974613727,1,53.002399999999994,56.426289157083865,49.578510842916124
2010-01-27 00:00:00+05:30,48.6,48.99,46.26,47.17,15789805,49.81,50.135,49.48500000000001,0.013049588436056844,42.90624974613727,1,52.8728,56.87570502510321,48.86989497489679
2010-01-28 00:00:00+05:30,47.7,50.5,47.6,49.09,20835580,47.473333333333336,47.625,47.32166666666667,0.006389552029209256,42.90624974613727,1,52.8304,56.96796055665612,48.69283944334388
2010-01-29 00:00:00+05:30,48.86,50.45,47.8,49.85,17839725,49.06333333333333,49.05,49.07666666666667,0.0005435151844555507,42.90624974613727,1,52.834799999999994,56.9594192357594,48.71018076424059
2010-02-01 00:00:00+05:30,50.0,51.0,49.14,50.62,6676190,49.36666666666667,49.125,49.608333333333334,0.009790681971640802,42.90624974613727,1,52.7868,56.98481751306453,48.58878248693547
2010-02-02 00:00:00+05:30,51.02,51.51,48.3,48.67,9971840,50.25333333333333,50.07,50.43666666666666,0.007296365083576414,42.90624974613727,1,52.5892,57.06920328571269,48.10919671428731
2010-02-03 00:00:00+05:30,48.8,50.4,48.8,50.1,9769645,49.49333333333334,49.905,49.08166666666668,0.016635237068965317,42.90624974613727,1,52.425200000000004,56.95720571932523,47.89319428067478
2010-02-04 00:00:00+05:30,50.0,50.58,48.0,48.54,7952590,49.76666666666666,49.599999999999994,49.93333333333332,0.0066979236436703685,42.90624974613727,1,52.1852,56.87649617909556,47.49390382090444
2010-02-05 00:00:00+05:30,47.7,48.68,46.44,47.86,6874875,49.04,49.29,48.79,0.010195758564437194,42.90624974613727,1,51.924,56.8179505514458,47.0300494485542
2010-02-08 00:00:00+05:30,48.98,48.98,46.78,47.69,10837410,47.660000000000004,47.56,47.760000000000005,0.004196391103650919,42.90624974613727,1,51.7024,56.83559636873524,46.569203631264756
2010-02-09 00:00:00+05:30,47.98,48.26,47.2,47.57,7301295,47.81666666666666,47.879999999999995,47.75333333333333,0.0026490066225165246,42.90624974613727,1,51.45759999999999,56.7689261018315,46.14627389816849
2010-02-10 00:00:00+05:30,48.0,48.37,46.28,46.52,7506165,47.67666666666667,47.730000000000004,47.623333333333335,0.0022372928756205506,42.90624974613727,1,51.13919999999999,56.63864264812322,45.63975735187675
2010-02-11 00:00:00+05:30,46.96,47.88,46.85,47.48,3536355,47.05666666666667,47.325,46.78833333333334,0.01140468938159655,42.90624974613727,1,50.89,56.464978385608035,45.315021614391966
2010-02-15 00:00:00+05:30,47.99,48.0,46.4,46.85,4014560,47.403333333333336,47.365,47.44166666666667,0.0016173264889951758,42.90624974613727,1,50.652,56.38624519880313,44.91775480119687
2010-02-16 00:00:00+05:30,47.36,48.46,46.4,48.0,4980155,47.083333333333336,47.2,46.96666666666667,0.0049557522123894,42.90624974613727,1,50.47,56.24044053777498,44.69955946222502
2010-02-17 00:00:00+05:30,48.4,48.8,47.48,48.37,4762460,47.620000000000005,47.43,47.81000000000001,0.007979840403192138,42.90624974613727,1,50.263999999999996,55.95130516149756,44.57669483850243
2010-02-18 00:00:00+05:30,47.8,48.51,47.02,47.2,5075005,48.21666666666667,48.14,48.29333333333334,0.003180089872105136,42.90624974613727,1,50.047200000000004,55.77183174710801,44.322568252892
2010-02-19 00:00:00+05:30,47.0,47.0,45.42,45.87,8918880,47.576666666666675,47.765,47.38833333333335,0.00791704617109194,42.90624974613727,1,49.781600000000005,55.63912624919402,43.92407375080599
2010-02-22 00:00:00+05:30,46.9,47.78,46.46,46.91,7945525,46.096666666666664,46.21,45.98333333333333,0.004917202979246664,42.90624974613727,1,49.505199999999995,55.224903824499734,43.785496175500256
2010-02-23 00:00:00+05:30,48.5,48.5,46.8,47.23,3237425,47.050000000000004,47.120000000000005,46.980000000000004,0.0029755579171094697,42.90624974613727,1,49.257600000000004,54.81151114080853,43.70368885919148
2010-02-24 00:00:00+05:30,46.98,47.34,45.92,46.16,5871740,47.51,47.65,47.37,0.005893496106082954,42.90624974613727,1,48.9256,54.18010840326639,43.67109159673362
2010-02-25 00:00:00+05:30,46.4,46.6,44.64,44.95,13324765,46.473333333333336,46.63,46.31666666666667,0.006742217759288464,42.90624974613727,1,48.4516,52.84694182515958,44.056258174840416
2010-02-26 00:00:00+05:30,45.22,48.14,44.5,47.32,12029995,45.39666666666667,45.620000000000005,45.17333333333333,0.009839195241941535,42.90624974613727,1,48.1588,51.77177360078886,44.54582639921114
2010-03-02 00:00:00+05:30,48.18,49.34,47.64,49.02,9204630,46.653333333333336,46.32,46.98666666666667,0.014289797084881496,42.90624974613727,1,48.001999999999995,51.070602287686896,44.933397712313095
2010-03-03 00:00:00+05:30,49.4,50.22,49.12,49.94,10502485,48.666666666666664,48.49,48.84333333333333,0.007260273972602561,42.90624974613727,1,47.9256,50.68689870894065,45.16430129105935
2010-03-04 00:00:00+05:30,49.6,51.18,49.53,50.9,11228195,49.76,49.67,49.849999999999994,0.0036173633440512985,42.90624974613727,1,47.9952,50.95782110976029,45.032578890239705
2010-03-05 00:00:00+05:30,51.02,51.34,50.12,50.32,4388420,50.53666666666667,50.355000000000004,50.718333333333334,0.007189499373392185,42.90624974613727,1,48.12120000000001,51.19844198593437,45.043958014065645
2010-03-08 00:00:00+05:30,50.98,51.34,50.32,50.8,5080655,50.593333333333334,50.730000000000004,50.45666666666666,0.005402556331532624,42.90624974613727,1,48.1896,51.42204293994453,44.957157060055465
2010-03-09 00:00:00+05:30,51.0,51.01,49.6,49.83,2641015,50.81999999999999,50.83,50.80999999999999,0.000393545848091504,42.90624974613727,1,48.1888,51.41960829514802,44.957991704851985
2010-03-10 00:00:00+05:30,49.6,50.17,49.27,49.67,3003660,50.14666666666667,50.305,49.98833333333334,0.006314809890986364,42.90624974613727,1,48.1508,51.28730465327205,45.01429534672794
2010-03-11 00:00:00+05:30,49.26,50.74,49.26,50.36,4836475,49.70333333333334,49.72,49.68666666666668,0.0006706458319358304,42.90624974613727,1,48.2184,51.46757555081243,44.96922444918758
2010-03-12 00:00:00+05:30,50.6,51.74,50.6,50.75,10432030,50.120000000000005,50.0,50.24000000000001,0.0047885075818038525,42.90624974613727,1,48.2444,51.56304589252864,44.925754107471356
2010-03-15 00:00:00+05:30,50.6,50.6,49.51,49.71,3612175,51.03,51.17,50.89,0.005486968449931435,42.90624974613727,1,48.291199999999996,51.65785208181617,44.92454791818382
2010-03-16 00:00:00+05:30,50.0,50.0,48.51,48.9,10078685,49.94,50.055,49.824999999999996,0.00460552663195843,42.90624974613727,1,48.332800000000006,51.70281137090029,44.96278862909972
2010-03-17 00:00:00+05:30,49.3,49.7,49.01,49.19,3913475,49.13666666666666,49.254999999999995,49.01833333333333,0.004816498202292883,42.90624974613727,1,48.392799999999994,51.7683047978039,45.01729520219609
2010-03-18 00:00:00+05:30,49.3,50.16,48.96,49.91,5650745,49.300000000000004,49.355000000000004,49.245000000000005,0.0022312373225152012,42.90624974613727,1,48.4864,51.895061344281245,45.07773865571876
2010-03-19 00:00:00+05:30,50.01,50.48,48.23,49.46,8837680,49.67666666666667,49.56,49.79333333333334,0.004697040864255538,42.90624974613727,1,48.604000000000006,51.935161959436556,45.27283804056346
2010-03-22 00:00:00+05:30,48.56,48.9,47.75,47.96,7115865,49.38999999999999,49.355,49.42499999999999,0.0014172909495847982,42.90624974613727,1,48.623200000000004,51.933695890345916,45.31270410965409
2010-03-23 00:00:00+05:30,48.42,48.62,47.4,47.58,5133095,48.20333333333334,48.325,48.08166666666668,0.005048060300117388,42.90624974613727,1,48.6524,51.91231057546018,45.39248942453982
2010-03-25 00:00:00+05:30,47.94,48.6,47.2,48.18,5224820,47.86666666666667,48.01,47.723333333333336,0.00598885793871856,42.90624974613727,1,48.6596,51.91450635195502,45.404693648044976
2010-03-26 00:00:00+05:30,48.4,50.5,48.4,50.28,8707655,47.99333333333334,47.900000000000006,48.08666666666667,0.0038894290873732616,42.90624974613727,1,48.736000000000004,52.049270287796816,45.42272971220319
2010-03-29 00:00:00+05:30,50.42,52.0,50.42,51.49,14296780,49.72666666666667,49.45,50.00333333333333,0.011127496983509736,42.90624974613727,1,48.9076,52.3275428299311,45.48765717006891
2010-03-30 00:00:00+05:30,52.01,52.16,51.14,51.31,7335645,51.303333333333335,51.21,51.39666666666667,0.0036384900266389596,42.90624974613727,1,49.12519999999999,52.434842252570064,45.81555774742992
2010-03-31 00:00:00+05:30,51.82,51.82,50.47,51.24,5007975,51.53666666666667,51.65,51.42333333333334,0.00439816312010852,42.90624974613727,1,49.2984,52.57928124746951,46.01751875253049
2010-04-01 00:00:00+05:30,51.56,51.93,51.31,51.61,3521710,51.17666666666667,51.144999999999996,51.20833333333334,0.0012375431511759288,42.90624974613727,1,49.4736,52.76173566630044,46.18546433369956
2010-04-05 00:00:00+05:30,52.2,53.07,51.98,52.84,4644245,51.616666666666674,51.620000000000005,51.613333333333344,0.00012915724895047986,42.90624974613727,1,49.7408,52.993903970056444,46.48769602994356
2010-04-06 00:00:00+05:30,53.2,53.58,52.22,52.48,6365145,52.629999999999995,52.525,52.73499999999999,0.00399011970359099,42.90624974613727,1,50.04200000000001,52.825528695738015,47.258471304262
2010-04-07 00:00:00+05:30,52.6,52.86,51.4,52.09,10603225,52.76,52.9,52.62,0.0053070507960576415,42.90624974613727,1,50.2328,52.89513293184697,47.57046706815302
2010-04-08 00:00:00+05:30,51.99,52.48,51.54,51.99,6244530,52.11666666666667,52.129999999999995,52.10333333333334,0.0005116725295808754,42.90624974613727,1,50.3516,53.051648473638366,47.65155152636163
2010-04-09 00:00:00+05:30,51.99,52.98,51.95,52.73,4370760,52.00333333333333,52.01,51.99666666666666,0.0002563938209089562,42.90624974613727,1,50.4632,53.312484654083704,47.6139153459163
2010-04-12 00:00:00+05:30,52.74,52.96,52.25,52.66,2224415,52.553333333333335,52.465,52.641666666666666,0.003361664340986851,42.90624974613727,1,50.53360000000001,53.50685077314324,47.56034922685677
2010-04-13 00:00:00+05:30,52.9,53.0,51.33,51.55,5783615,52.623333333333335,52.605000000000004,52.641666666666666,0.000696775828212993,42.90624974613727,1,50.5828,53.58088749705489,47.58471250294511
2010-04-15 00:00:00+05:30,51.9,52.4,50.02,50.39,4089115,51.96,52.165,51.755,0.007890685142417178,42.90624974613727,1,50.566399999999994,53.564041099264024,47.568758900735965
2010-04-16 00:00:00+05:30,50.2,50.47,49.35,49.89,5549495,50.93666666666667,51.21,50.663333333333334,0.0107322819187226,42.90624974613727,1,50.5688,53.56417414023639,47.57342585976362
2010-04-19 00:00:00+05:30,49.0,51.06,49.0,50.77,7217440,49.90333333333333,49.91,49.89666666666666,0.0002671832208937697,42.90624974613727,1,50.6128,53.586307127954605,47.639292872045395
2010-04-20 00:00:00+05:30,50.82,51.79,50.32,51.31,7296230,50.27666666666667,50.03,50.52333333333334,0.009812371544122641,42.90624974613727,1,50.6508,53.63467624408199,47.666923755918006
2010-04-21 00:00:00+05:30,51.77,54.63,51.61,54.35,16987455,51.14000000000001,51.055,51.225000000000016,0.003324208056316306,42.90624974613727,1,50.7948,54.11269870851972,47.47690129148028
2010-04-22 00:00:00+05:30,54.34,54.78,53.45,53.79,8208165,53.53,53.120000000000005,53.94,0.01531851298337368,42.90624974613727,1,50.958,54.44354500759878,47.47245499240122
2010-04-23 00:00:00+05:30,53.7,54.53,53.7,54.21,4530325,54.00666666666667,54.115,53.89833333333333,0.004011850388840919,42.928798097322186,1,51.1704,54.77359182947519,47.567208170524815
2010-04-26 00:00:00+05:30,54.82,56.49,54.7,56.26,12143365,54.14666666666667,54.115,54.178333333333335,0.0011696626446687868,44.217846173429294,1,51.45320000000001,55.47566380219844,47.43073619780158
2010-04-27 00:00:00+05:30,56.56,57.08,54.85,55.12,21166970,55.81666666666666,55.595,56.03833333333333,0.007942669453568136,44.41853232649213,1,51.6616,55.87784545774989,47.44535454225011
2010-04-28 00:00:00+05:30,54.4,56.0,54.08,55.46,9269630,55.68333333333334,55.965,55.40166666666667,0.010116731517509713,44.41853232649213,1,51.9016,56.26958051277665,47.533619487223355
2010-04-29 00:00:00+05:30,55.38,59.08,55.38,58.65,28447035,55.18,55.04,55.32,0.005074302283436048,45.036679392095145,1,52.3292,57.14050309167864,47.51789690832136
2010-04-30 00:00:00+05:30,59.6,59.6,56.71,57.13,19277190,57.70333333333334,57.230000000000004,58.17666666666668,0.016405753567096167,45.64021221641134,1,52.7112,57.469748753558825,47.95265124644117
2010-05-03 00:00:00+05:30,56.95,57.97,56.44,57.39,7647895,57.81333333333333,58.155,57.471666666666664,0.01181964944649453,45.64021221641134,1,53.0796,57.80383701352886,48.355362986471135
2010-05-04 00:00:00+05:30,57.9,58.08,55.66,55.88,8617910,57.26666666666667,57.205,57.32833333333335,0.002153667054715059,45.64021221641134,1,53.303599999999996,58.006623299963124,48.60057670003687
2010-05-05 00:00:00+05:30,54.64,55.8,54.02,55.27,20693300,56.54,56.87,56.21,0.011673151750972702,45.64021221641134,1,53.4548,58.15792617734162,48.751673822658375
2010-05-06 00:00:00+05:30,54.9,55.28,53.52,54.01,13834000,55.03,54.91,55.150000000000006,0.004361257495911487,45.64021221641134,1,53.562799999999996,58.18730350199846,48.938296498001534
2010-05-07 00:00:00+05:30,52.51,53.86,52.4,52.95,7877845,54.27,54.400000000000006,54.14,0.0047908605122536415,45.64021221641134,1,53.6312,58.16596992139579,49.09643007860421
2010-05-10 00:00:00+05:30,53.32,55.95,53.3,55.59,9155110,53.06999999999999,53.129999999999995,53.00999999999999,0.0022611644997174406,45.64021221641134,1,53.790400000000005,58.30958392632962,49.27121607367039
2010-05-11 00:00:00+05:30,55.8,56.19,54.6,55.18,5954410,54.946666666666665,54.625,55.26833333333333,0.011708323222518762,45.64021221641134,1,53.88399999999999,58.41747725261701,49.350522747382975
2010-05-12 00:00:00+05:30,55.34,55.48,53.28,54.41,8773350,55.32333333333333,55.394999999999996,55.251666666666665,0.002590829668012247,45.64021221641134,1,53.9612,58.46202772831797,49.460372271682026
2010-05-13 00:00:00+05:30,55.2,55.97,54.79,55.42,13422185,54.38999999999999,54.379999999999995,54.39999999999999,0.000367714653428866,45.64021221641134,1,54.09440000000001,58.56281745587808,49.62598254412193
2010-05-14 00:00:00+05:30,55.6,55.6,54.26,54.57,5220730,55.39333333333334,55.379999999999995,55.40666666666668,0.00048140570465793196,45.64021221641134,1,54.1976,58.58528560405094,49.809914395949065
2010-05-17 00:00:00+05:30,51.44,55.27,48.0,54.56,8113765,54.81,54.93,54.690000000000005,0.004378762999452561,45.64021221641134,1,54.2708,58.61898921391374,49.92261078608626
2010-05-18 00:00:00+05:30,54.54,55.37,53.93,54.55,6345270,52.61000000000001,51.635000000000005,53.58500000000001,0.03706519673065962,45.64021221641134,1,54.346399999999996,58.64537803669614,50.047421963303854
2010-05-19 00:00:00+05:30,54.0,54.78,52.72,53.04,13933505,54.61666666666667,54.65,54.583333333333336,0.0012206286237411573,45.64021221641134,1,54.40599999999999,58.58797274022628,50.224027259773706
2010-05-20 00:00:00+05:30,52.8,55.19,52.53,54.87,10469935,53.51333333333333,53.75,53.27666666666666,0.008845147626759874,45.64021221641134,1,54.58520000000001,58.434144250050366,50.73625574994965
2010-05-21 00:00:00+05:30,54.0,54.2,52.13,53.08,7767870,54.196666666666665,53.86,54.53333333333333,0.012423888308013999,45.64021221641134,1,54.712799999999994,58.116409942398754,51.309190057601235
2010-05-24 00:00:00+05:30,53.99,54.56,52.32,52.77,3885065,53.13666666666668,53.165000000000006,53.10833333333335,0.0010664324697319694,45.64021221641134,1,54.7928,57.90335760917486,51.68224239082514
2010-05-25 00:00:00+05:30,52.48,52.56,51.3,51.64,5831720,53.21666666666667,53.44,52.99333333333334,0.008393360476041183,45.64021221641134,1,54.806000000000004,57.85960639244741,51.7523936075526
2010-05-26 00:00:00+05:30,52.26,52.78,51.71,52.25,3842215,51.833333333333336,51.93,51.73666666666667,0.0037299035369773893,45.64021221641134,1,54.722,57.932657253584644,51.51134274641536
2010-05-27 00:00:00+05:30,52.58,53.99,50.71,53.44,9105955,52.24666666666667,52.245000000000005,52.248333333333335,6.379992344003385e-05,45.64021221641134,1,54.708,57.93778637064368,51.47821362935632
2010-05-28 00:00:00+05:30,54.36,56.94,53.83,56.35,17248615,52.71333333333333,52.35,53.07666666666666,0.013785253572783474,45.64021221641134,1,54.7936,58.07900958785897,51.508190412141026
2010-05-31 00:00:00+05:30,56.4,57.94,55.93,57.59,15246660,55.70666666666667,55.385,56.02833333333334,0.011548587841072494,45.64021221641134,1,54.846799999999995,58.2658231119423,51.42777688805769
2010-06-01 00:00:00+05:30,57.07,57.34,55.4,55.79,9646175,57.153333333333336,56.935,57.37166666666667,0.007640265951242285,45.64021221641134,1,54.8736,58.31122187565701,51.435978124342995
2010-06-02 00:00:00+05:30,56.0,56.99,55.8,56.71,5225210,56.17666666666667,56.370000000000005,55.983333333333334,0.006883047528629982,45.64021221641134,1,54.92359999999999,58.42956693652344,51.41763306347654
2010-06-03 00:00:00+05:30,57.0,59.45,56.71,59.05,15319490,56.5,56.394999999999996,56.605000000000004,0.0037168141592921764,45.64021221641134,1,54.9396,58.516380585945356,51.36281941405464
2010-06-04 00:00:00+05:30,59.67,59.88,58.11,58.44,20339135,58.40333333333333,58.08,58.72666666666666,0.011072427372866752,45.64021221641134,1,54.992,58.73033759845142,51.253662401548574
2010-06-07 00:00:00+05:30,55.0,57.63,55.0,57.2,9889885,58.81,58.995000000000005,58.625,0.006291447032817625,45.64021221641134,1,54.984399999999994,58.703931497379145,51.26486850262084
2010-06-08 00:00:00+05:30,57.74,58.66,56.3,56.51,12587730,56.60999999999999,56.315,56.90499999999999,0.010422186892774939,45.64021221641134,1,55.0096,58.761457054845714,51.257742945154284
2010-06-09 00:00:00+05:30,56.8,57.24,54.84,55.85,15872790,57.156666666666666,57.48,56.833333333333336,0.011313932466320543,45.64021221641134,1,55.03280000000001,58.797960373741816,51.2676396262582
2010-06-10 00:00:00+05:30,56.4,56.66,55.08,56.36,14100950,55.97666666666667,56.040000000000006,55.91333333333333,0.002262847615077938,45.64021221641134,1,55.1268,58.9024513398347,51.35114866016531
2010-06-11 00:00:00+05:30,57.2,58.06,56.4,57.52,19351665,56.03333333333333,55.87,56.196666666666665,0.0058298631766805714,45.64021221641134,1,55.3096,59.0885034599994,51.530696540000605
2010-06-14 00:00:00+05:30,57.8,57.97,56.83,57.34,7216670,57.326666666666675,57.230000000000004,57.423333333333346,0.0033724851726946543,45.64021221641134,1,55.3796,59.24062775954738,51.51857224045263
2010-06-15 00:00:00+05:30,57.1,57.1,56.02,56.74,6833705,57.379999999999995,57.4,57.35999999999999,0.0006971070059255186,45.64021221641134,1,55.442,59.338369592325066,51.545630407674935
2010-06-16 00:00:00+05:30,56.9,57.66,56.36,56.57,8650630,56.620000000000005,56.56,56.68000000000001,0.002119392440833708,45.64021221641134,1,55.528400000000005,59.4251953192329,51.63160468076711
2010-06-17 00:00:00+05:30,55.89,57.18,55.81,56.84,9364195,56.86333333333334,57.01,56.716666666666676,0.005158567325165408,45.64021221641134,1,55.58519999999999,59.51527326140306,51.65512673859693
2010-06-18 00:00:00+05:30,57.0,57.3,55.67,55.98,4498365,56.61000000000001,56.495000000000005,56.72500000000001,0.004062886415827662,45.64021221641134,1,55.6416,59.55219966756958,51.73100033243041
2010-06-21 00:00:00+05:30,56.0,56.98,56.0,56.33,5213525,56.31666666666666,56.485,56.148333333333326,0.00597810002959467,45.64021221641134,1,55.712399999999995,59.60616231426563,51.81863768573436
2010-06-22 00:00:00+05:30,56.0,56.0,52.56,54.37,105086320,56.43666666666667,56.489999999999995,56.38333333333334,0.0018900242159350586,45.64021221641134,1,55.705200000000005,59.60818806557173,51.80221193442828
2010-06-23 00:00:00+05:30,54.6,55.59,54.26,55.39,18562655,54.31,54.28,54.34,0.0011047689191677826,45.64021221641134,1,55.7992,59.551178336823824,52.047221663176174
2010-06-24 00:00:00+05:30,55.8,55.8,53.8,54.21,24032410,55.080000000000005,54.925,55.235000000000014,0.005628177196804946,45.64021221641134,1,55.7728,59.559684820006446,51.98591517999355
2010-06-25 00:00:00+05:30,54.3,54.88,53.76,54.45,9247740,54.60333333333333,54.8,54.406666666666666,0.007203467431780677,45.64021221641134,1,55.827600000000004,59.49478760905347,52.16041239094654
2010-06-28 00:00:00+05:30,54.04,54.7,53.72,54.41,7928910,54.36333333333334,54.32,54.40666666666667,0.0015942117849041591,45.64021221641134,1,55.89320000000001,59.394165443987596,52.39223455601242
2010-06-29 00:00:00+05:30,52.0,54.4,52.0,53.59,8492355,54.276666666666664,54.21,54.34333333333333,0.0024565497758396934,45.64021221641134,1,55.971199999999996,59.16288078604286,52.77951921395713
2010-06-30 00:00:00+05:30,52.6,54.04,52.4,53.86,6513095,53.330000000000005,53.2,53.46000000000001,0.004875304706544254,45.64021221641134,1,56.035599999999995,58.97971456298752,53.09148543701247
2010-07-01 00:00:00+05:30,53.4,54.24,53.2,53.92,4876530,53.43333333333334,53.22,53.646666666666675,0.007985028072364501,45.64021221641134,1,56.05479999999999,58.93655568707605,53.173044312923935
2010-07-02 00:00:00+05:30,53.8,54.78,53.17,53.56,6543500,53.78666666666667,53.72,53.85333333333334,0.002478929102627788,45.64021221641134,1,55.9432,58.982377362378706,52.90402263762129
2010-07-05 00:00:00+05:30,53.2,54.05,53.2,53.68,3366785,53.836666666666666,53.975,53.69833333333333,0.005139000681072457,45.64021221641134,1,55.7868,58.87295862197575,52.70064137802425
2010-07-06 00:00:00+05:30,53.8,55.78,53.67,55.17,12565985,53.64333333333334,53.625,53.661666666666676,0.000683526999316646,45.64021221641134,1,55.762,58.85760721022472,52.66639278977528
2010-07-07 00:00:00+05:30,54.98,55.17,53.74,54.02,7697045,54.873333333333335,54.725,55.02166666666667,0.005406390475033413,45.64021221641134,1,55.6544,58.797362067858174,52.51143793214183
2010-07-08 00:00:00+05:30,54.42,55.34,54.42,55.16,10207370,54.31,54.455,54.165000000000006,0.005339716442643933,45.64021221641134,1,55.49879999999999,58.32292079061702,52.67467920938296
2010-07-09 00:00:00+05:30,55.52,57.32,55.3,57.14,13881100,54.973333333333336,54.88,55.06666666666667,0.0033955857385399115,45.64021221641134,1,55.4468,58.09476205410791,52.798837945892096
2010-07-12 00:00:00+05:30,57.4,58.2,56.82,57.17,7227650,56.586666666666666,56.31,56.86333333333333,0.009778510838831187,45.64021221641134,1,55.445600000000006,58.09040822745155,52.800791772548465
2010-07-13 00:00:00+05:30,57.3,57.88,56.92,57.53,4193455,57.39666666666667,57.510000000000005,57.28333333333333,0.003949125965503345,45.64021221641134,1,55.4864,58.22542102218938,52.74737897781063
2010-07-14 00:00:00+05:30,58.13,58.54,56.47,56.82,7848325,57.443333333333335,57.400000000000006,57.486666666666665,0.0015087332443566221,45.64021221641134,1,55.5252,58.31080941985687,52.73959058014313
2010-07-15 00:00:00+05:30,57.2,57.69,56.91,57.33,5437550,57.276666666666664,57.504999999999995,57.04833333333333,0.007972996566373685,45.64021221641134,1,55.56399999999999,58.42114262857059,52.70685737142939
2010-07-16 00:00:00+05:30,57.5,60.2,57.4,59.89,16281955,57.31,57.3,57.32000000000001,0.00034897923573565227,46.24458131232779,1,55.6588,58.900628224936554,52.416971775063445
2010-07-19 00:00:00+05:30,59.43,60.55,59.35,59.57,9497505,59.163333333333334,58.8,59.52666666666667,0.012282382106034261,47.56079805983468,1,55.748000000000005,59.27971233256551,52.2162876674345
2010-07-20 00:00:00+05:30,59.8,60.38,59.22,59.49,6897605,59.82333333333333,59.95,59.69666666666666,0.0042346910347135095,47.581566137441285,1,55.858000000000004,59.66687805002933,52.049121949970676
2010-07-21 00:00:00+05:30,60.0,60.94,58.24,59.57,30466060,59.696666666666665,59.8,59.593333333333334,0.003461946507342623,47.581566137441285,1,55.978,60.04905293505196,51.90694706494804
2010-07-22 00:00:00+05:30,59.8,60.6,59.08,59.76,22666390,59.583333333333336,59.59,59.57666666666667,0.00022377622377625875,47.581566137441285,1,56.094800000000006,60.417829012162095,51.77177098783792
2010-07-23 00:00:00+05:30,60.0,60.88,59.76,60.37,14222805,59.81333333333333,59.84,59.78666666666666,0.0008916629514045085,48.09100609817526,1,56.2704,60.90586150453168,51.634938495468326
2010-07-26 00:00:00+05:30,60.4,60.73,59.21,59.75,5270390,60.336666666666666,60.32,60.35333333333333,0.0005524556654328177,48.09100609817526,1,56.4072,61.23931099210221,51.575089007897795
2010-07-27 00:00:00+05:30,60.0,60.56,59.73,59.95,7666185,59.89666666666667,59.97,59.82333333333334,0.0024486615838387417,48.23378322007831,1,56.6304,61.57956390514549,51.68123609485451
2010-07-28 00:00:00+05:30,60.3,60.3,58.02,58.35,8390400,60.080000000000005,60.144999999999996,60.015000000000015,0.0021637816245003534,48.23378322007831,1,56.7488,61.71519690721502,51.78240309278499
2010-07-29 00:00:00+05:30,58.54,58.99,58.07,58.4,8817225,58.88999999999999,59.16,58.61999999999999,0.009169638308711264,48.23378322007831,1,56.9164,61.81105955506558,52.02174044493442
2010-07-30 00:00:00+05:30,58.66,59.85,58.63,59.13,6382040,58.48666666666667,58.53,58.44333333333334,0.0014818192180552643,48.23378322007831,1,57.1036,61.96448676683532,52.24271323316468
2010-08-02 00:00:00+05:30,59.2,61.5,59.2,61.09,8622720,59.20333333333334,59.24,59.16666666666668,0.0012386689938627916,48.37766938015924,1,57.3708,62.343161756750476,52.39843824324953
2010-08-03 00:00:00+05:30,61.6,62.37,61.41,61.85,9672150,60.59666666666667,60.35,60.84333333333334,0.008141261895593917,50.03816260495287,1,57.7012,62.72222880294412,52.68017119705588
2010-08-04 00:00:00+05:30,62.27,62.27,60.33,60.72,8660780,61.876666666666665,61.89,61.86333333333333,0.0004309648224964311,50.03816260495287,1,57.97560000000001,62.87528188355065,53.075918116449365
2010-08-05 00:00:00+05:30,60.8,61.14,59.6,59.85,8250495,61.10666666666666,61.3,60.91333333333333,0.0063277329260310435,50.03816260495287,1,58.212799999999994,62.87244640718523,53.55315359281476
2010-08-06 00:00:00+05:30,60.0,60.73,59.0,59.26,5116625,60.196666666666665,60.370000000000005,60.023333333333326,0.00575890137881408,50.03816260495287,1,58.440799999999996,62.70882781621607,54.17277218378392
2010-08-09 00:00:00+05:30,59.64,61.09,59.5,60.99,7789475,59.66333333333333,59.864999999999995,59.46166666666666,0.0067601541985586235,50.03816260495287,1,58.7332,62.64310831605986,54.823291683940134
2010-08-10 00:00:00+05:30,61.1,61.8,60.42,60.55,8704745,60.52666666666667,60.295,60.75833333333334,0.007655028086793781,50.03816260495287,1,58.9484,62.63606020126502,55.26073979873498
2010-08-11 00:00:00+05:30,60.6,61.1,59.88,60.1,3709175,60.923333333333325,61.11,60.73666666666665,0.006127920337035878,50.03816260495287,1,59.1916,62.30418441813132,56.07901558186868
2010-08-12 00:00:00+05:30,59.6,61.65,59.4,61.15,15778580,60.36000000000001,60.49,60.23000000000001,0.004307488402915687,50.03816260495287,1,59.43120000000001,62.16462170913926,56.69777829086076
2010-08-13 00:00:00+05:30,61.51,65.94,61.2,64.2,21814440,60.73333333333333,60.525,60.941666666666656,0.006860592755213895,50.84164431991539,1,59.71360000000001,62.8681668735967,56.559033126403314
2010-08-16 00:00:00+05:30,64.0,65.0,63.04,63.73,7440930,63.78,63.57,63.99,0.006585136406397016,51.25197854711877,1,59.97599999999999,63.32588477413678,56.6261152258632
2010-08-17 00:00:00+05:30,64.8,65.88,62.4,65.53,10344235,63.923333333333325,64.02,63.826666666666654,0.0030244563800387275,51.25197854711877,1,60.29600000000001,64.14182474899643,56.450175251003586
2010-08-18 00:00:00+05:30,66.0,66.29,64.71,65.56,7274075,64.60333333333334,64.14,65.06666666666668,0.014343945100872139,52.35516742902466,1,60.6456,64.7446031178316,56.5465968821684
2010-08-19 00:00:00+05:30,65.6,68.93,65.6,68.54,16292090,65.52,65.5,65.53999999999999,0.0006105006105004891,53.70236073186367,1,61.09400000000001,66.0143772213107,56.17362277868933
2010-08-20 00:00:00+05:30,68.24,68.24,66.11,66.3,9727270,67.69,67.265,68.115,0.012557246269759112,53.70236073186367,1,61.3504,66.64677605915524,56.05402394084475
2010-08-23 00:00:00+05:30,66.27,67.4,65.61,66.57,4911395,66.88333333333333,67.175,66.59166666666665,0.008721654622477093,53.70236073186367,1,61.6304,67.25088960144868,56.00991039855132
2010-08-24 00:00:00+05:30,66.57,66.8,65.08,65.72,9155280,66.52666666666666,66.505,66.54833333333332,0.0006513678725321528,53.70236073186367,1,61.8796,67.6488688756889,56.11033112431111
2010-08-25 00:00:00+05:30,65.59,66.66,64.52,65.55,5592675,65.86666666666666,65.94,65.79333333333332,0.002226720647773412,53.70236073186367,1,62.11879999999999,67.98033650845855,56.25726349154144
2010-08-26 00:00:00+05:30,65.8,66.27,64.79,65.2,5893950,65.57666666666667,65.59,65.56333333333333,0.0004066487063488665,53.70236073186367,1,62.3364,68.23529719862894,56.43750280137105
2010-08-27 00:00:00+05:30,65.0,65.86,63.92,64.36,4381330,65.42,65.53,65.31,0.0033628859675939905,53.70236073186367,1,62.496,68.38935354445941,56.602646455540594
2010-08-30 00:00:00+05:30,64.4,65.43,62.68,63.28,5447740,64.71333333333332,64.89,64.53666666666665,0.005459977335943439,53.70236073186367,1,62.6372,68.42889479858808,56.84550520141192
2010-08-31 00:00:00+05:30,63.0,63.0,60.51,62.24,10598465,63.796666666666674,64.055,63.53833333333334,0.00809864674225402,53.70236073186367,1,62.7288,68.41914640773233,57.03845359226767
2010-09-01 00:00:00+05:30,62.51,64.24,62.46,63.97,5837205,61.916666666666664,61.754999999999995,62.07833333333333,0.005222072678331161,53.70236073186367,1,62.95360000000001,68.37177055471606,57.53542944528395
2010-09-02 00:00:00+05:30,64.76,64.76,63.2,63.6,4108260,63.556666666666665,63.349999999999994,63.763333333333335,0.00650338280799299,53.70236073186367,1,63.1616,68.25401845884565,58.06918154115434
2010-09-03 00:00:00+05:30,64.2,64.2,62.9,63.73,4032115,63.85333333333333,63.980000000000004,63.72666666666666,0.003967425349760041,53.70236073186367,1,63.345600000000005,68.16725807165875,58.523941928341266
2010-09-06 00:00:00+05:30,64.34,65.48,64.02,64.42,7848365,63.60999999999999,63.55,63.66999999999999,0.0018864958339882148,53.70236073186367,1,63.4788,68.2272812561483,58.73031874385169
2010-09-07 00:00:00+05:30,64.78,64.93,63.38,63.52,3606235,64.64,64.75,64.53,0.0034034653465346357,53.70236073186367,1,63.54560000000001,68.2473037933064,58.84389620669361
2010-09-08 00:00:00+05:30,63.6,63.9,62.77,63.54,3926700,63.943333333333335,64.155,63.73166666666667,0.0066204451858416094,53.70236073186367,1,63.6584,68.21665468353751,59.10014531646248
2010-09-09 00:00:00+05:30,63.8,64.8,63.66,64.15,5297755,63.403333333333336,63.335,63.47166666666667,0.002155512328479106,53.70236073186367,1,63.83040000000001,68.11728597468975,59.543514025310266
2010-09-13 00:00:00+05:30,64.6,66.58,64.43,66.12,12927910,64.20333333333333,64.22999999999999,64.17666666666668,0.0008306941487977766,53.70236073186367,1,64.1048,68.05103920207473,60.158560797925254
2010-09-14 00:00:00+05:30,66.4,67.0,65.02,65.74,8993460,65.71,65.505,65.91499999999999,0.006239537361132196,53.70236073186367,1,64.29480000000001,68.07685074529566,60.51274925470436
2010-09-15 00:00:00+05:30,66.0,67.49,65.2,65.33,11953670,65.92,66.00999999999999,65.83000000000001,0.002730582524271517,53.70236073186367,1,64.48599999999999,67.96240273846274,61.009597261537245
2010-09-16 00:00:00+05:30,65.62,67.0,65.2,65.86,12823135,66.00666666666666,66.345,65.66833333333332,0.010251489748510402,53.70236073186367,1,64.71640000000001,67.73255320565637,61.70024679434364
2010-09-17 00:00:00+05:30,65.4,66.58,65.2,65.89,9792865,66.02,66.1,65.94,0.0024235080278702907,53.70236073186367,1,64.90599999999999,67.57783233006695,62.23416766993303
2010-09-20 00:00:00+05:30,66.2,66.63,65.28,66.43,6478475,65.89,65.89,65.89,0.0,53.70236073186367,1,64.9952,67.7152595287587,62.27514047124129
2010-09-21 00:00:00+05:30,66.6,67.69,65.65,65.84,14427795,66.11333333333333,65.955,66.27166666666666,0.0047897549662195655,53.70236073186367,1,65.0796,67.76815041983426,62.39104958016574
2010-09-22 00:00:00+05:30,65.73,66.74,65.14,66.47,7066025,66.39333333333333,66.67,66.11666666666666,0.008334170097399464,53.70236073186367,1,65.1172,67.85572234608209,62.378677653917904
2010-09-23 00:00:00+05:30,66.8,68.2,66.3,67.56,16191605,66.11666666666666,65.94,66.29333333333332,0.0053440887320391935,54.21171239568119,1,65.1972,68.09500893779953,62.29939106220045
2010-09-24 00:00:00+05:30,67.56,67.72,66.62,67.39,6469355,67.35333333333334,67.25,67.45666666666668,0.003068395526081525,54.34524389985395,1,65.1512,67.86602637382043,62.43637362617958
2010-09-27 00:00:00+05:30,67.8,69.44,67.47,69.13,12002865,67.24333333333334,67.17,67.31666666666668,0.0021811331978388248,55.56923414385979,1,65.26440000000001,68.36936418014619,62.159435819853826
2010-09-28 00:00:00+05:30,67.8,70.92,67.8,70.29,9442335,68.67999999999999,68.455,68.90499999999999,0.006552125800815211,56.1160647781054,1,65.4132,69.0629352013524,61.763464798647604
2010-09-29 00:00:00+05:30,70.62,71.74,70.2,70.56,17306235,69.67,69.36,69.98,0.008899095737046139,57.82462218698118,1,65.6068,69.77740080084283,61.436199199157194
2010-09-30 00:00:00+05:30,70.42,70.99,68.6,70.03,11737700,70.83333333333333,70.97,70.69666666666666,0.0038588235294118667,57.82462218698118,1,65.786,70.30211514467807,61.26988485532193
2010-10-01 00:00:00+05:30,70.8,72.09,70.57,71.4,3722475,69.87333333333332,69.79499999999999,69.95166666666665,0.002242152466367708,57.99598780752186,1,66.034,71.04768686696632,61.020313133033696
2010-10-04 00:00:00+05:30,72.34,72.9,71.04,71.8,12549825,71.35333333333334,71.33,71.37666666666668,0.0006540222367562515,58.648548295220984,1,66.3316,71.77714035518885,60.88605964481114
2010-10-05 00:00:00+05:30,72.0,72.1,70.4,70.62,8813815,71.91333333333334,71.97,71.85666666666668,0.001575971076295293,58.648548295220984,1,66.62519999999999,72.17151443753328,61.07888556246671
2010-10-06 00:00:00+05:30,71.2,71.55,70.2,70.42,4794225,71.04,71.25,70.83000000000001,0.0059121621621619855,58.648548295220984,1,66.9524,72.38937056824753,61.51542943175246
2010-10-07 00:00:00+05:30,70.8,70.8,68.63,68.96,7249475,70.72333333333334,70.875,70.57166666666669,0.004289013526888531,58.648548295220984,1,67.152,72.50204747642391,61.80195252357609
2010-10-08 00:00:00+05:30,69.13,70.58,68.75,70.28,8242535,69.46333333333332,69.715,69.21166666666664,0.007246029080090582,58.648548295220984,1,67.4192,72.69975427393656,62.138645726063444
2010-10-11 00:00:00+05:30,70.77,71.75,70.21,70.81,10663825,69.86999999999999,69.66499999999999,70.07499999999999,0.005868040646915653,58.648548295220984,1,67.7024,72.9201980949812,62.484601905018785
2010-10-12 00:00:00+05:30,66.54,71.28,66.54,69.6,7888720,70.92333333333333,70.97999999999999,70.86666666666667,0.001597969638576616,58.648548295220984,1,67.9096,72.99939050256387,62.81980949743612
2010-10-13 00:00:00+05:30,69.98,70.9,69.52,70.54,5981070,69.14,68.91,69.37,0.006653167486259878,58.648548295220984,1,68.1904,73.04988961929021,63.33091038070978
2010-10-14 00:00:00+05:30,70.93,71.18,69.85,70.06,3919180,70.32000000000001,70.21000000000001,70.43,0.00312855517633673,58.648548295220984,1,68.4512,72.97244343958486,63.92995656041513
2010-10-15 00:00:00+05:30,70.22,70.22,69.2,69.41,2759265,70.36333333333333,70.515,70.21166666666666,0.004310957411530745,58.648548295220984,1,68.6616,72.83911191021512,64.48408808978489
2010-10-18 00:00:00+05:30,69.6,71.34,68.22,70.96,10247000,69.61,69.71000000000001,69.50999999999999,0.0028731504094241783,58.648548295220984,1,68.85520000000001,72.99202823428641,64.71837176571361
2010-10-19 00:00:00+05:30,70.8,71.68,68.96,69.38,6109075,70.17333333333333,69.78,70.56666666666666,0.011210336310089233,58.648548295220984,1,69.0008,72.94033061163243,65.06126938836756
2010-10-20 00:00:00+05:30,69.59,70.79,69.26,70.47,14248045,70.00666666666666,70.32,69.69333333333333,0.008951528425864183,58.648548295220984,1,69.2064,72.88610381416615,65.52669618583386
2010-10-21 00:00:00+05:30,70.47,71.3,68.9,70.76,13544650,70.17333333333333,70.025,70.32166666666666,0.004227626828804665,58.648548295220984,1,69.4024,72.86375825363235,65.94104174636765
2010-10-22 00:00:00+05:30,71.4,74.54,71.3,73.84,21616995,70.32,70.1,70.53999999999999,0.0062571103526734605,58.648548295220984,1,69.7204,73.29158458777877,66.14921541222122
2010-10-25 00:00:00+05:30,74.4,74.8,73.2,74.47,9667585,73.22666666666667,72.92,73.53333333333335,0.00837581937363452,59.77866299399406,1,70.042,73.81251296244803,66.27148703755198
2010-10-26 00:00:00+05:30,74.6,76.0,73.93,75.77,9453330,74.15666666666667,74.0,74.31333333333333,0.004225288802984662,60.7329164742343,1,70.4392,74.44047547664346,66.43792452335654
2010-10-27 00:00:00+05:30,75.6,76.0,73.07,73.79,4802505,75.23333333333333,74.965,75.50166666666667,0.007133362871067724,60.7329164742343,1,70.73200000000001,74.59761870856249,66.86638129143753
2010-10-28 00:00:00+05:30,74.01,74.46,71.02,71.83,10555535,74.28666666666668,74.535,74.03833333333336,0.006685811720362217,60.7329164742343,1,70.90280000000001,74.5646793863245,67.24092061367553
2010-10-29 00:00:00+05:30,72.0,72.68,70.2,71.9,8917655,72.43666666666667,72.74,72.13333333333334,0.008375132299479844,60.7329164742343,1,71.08319999999999,74.46904214634823,67.69735785365175
2010-11-01 00:00:00+05:30,71.9,74.0,71.9,73.87,4418650,71.59333333333333,71.44,71.74666666666667,0.004283452835459614,60.7329164742343,1,71.2728,74.73001515673931,67.8155848432607
2010-11-02 00:00:00+05:30,74.13,75.2,73.19,74.03,6357795,73.25666666666667,72.95,73.56333333333335,0.008372389316103342,60.7329164742343,1,71.4224,75.01748233007089,67.8273176699291
2010-11-03 00:00:00+05:30,74.7,75.19,74.1,74.51,3750175,74.14,74.195,74.08500000000001,0.0014836795252223525,60.7329164742343,1,71.5804,75.35281134554384,67.80798865445615
2010-11-04 00:00:00+05:30,74.64,75.1,74.01,74.42,4108145,74.60000000000001,74.645,74.55500000000002,0.001206434316353552,60.7329164742343,1,71.756,75.63069740753879,67.88130259246121
2010-11-05 00:00:00+05:30,76.4,76.4,74.6,74.88,768555,74.51,74.555,74.465,0.0012078915581801557,61.152415763916565,1,71.89519999999999,75.95438659832087,67.83601340167911
2010-11-08 00:00:00+05:30,74.41,75.2,74.0,74.32,1826310,75.29333333333334,75.5,75.08666666666667,0.005489640517088634,61.152415763916565,1,71.99600000000001,76.16441072832176,67.82758927167826
2010-11-09 00:00:00+05:30,74.4,74.8,72.82,73.66,3879155,74.50666666666666,74.6,74.41333333333333,0.002505368647100941,61.152415763916565,1,72.1176,76.29570782053165,67.93949217946835
2010-11-10 00:00:00+05:30,73.68,74.2,73.2,73.76,1442595,73.76,73.81,73.71000000000001,0.001355748373101875,61.152415763916565,1,72.2512,76.41721611134518,68.08518388865481
2010-11-11 00:00:00+05:30,74.0,74.03,71.02,71.29,5767760,73.72000000000001,73.7,73.74000000000002,0.0005425935973958282,61.152415763916565,1,72.3444,76.3112186951243,68.37758130487569
2010-11-12 00:00:00+05:30,71.6,71.6,69.02,69.36,6484470,72.11333333333334,72.525,71.70166666666668,0.011417213645187992,61.152415763916565,1,72.30760000000001,76.36634573729222,68.2488542627078
2010-11-15 00:00:00+05:30,69.7,71.55,68.06,71.33,5346515,69.99333333333334,70.31,69.67666666666668,0.009048480807695863,61.152415763916565,1,72.3284,76.36148191833338,68.29531808166662
2010-11-16 00:00:00+05:30,71.8,72.02,66.0,66.45,13581775,70.31333333333333,69.805,70.82166666666666,0.01445908789229143,61.152415763916565,1,72.2024,76.73451572667642,67.67028427332357
2010-11-18 00:00:00+05:30,66.62,68.24,61.74,64.44,30811560,68.15666666666665,69.00999999999999,67.30333333333331,0.025040348217342565,61.152415763916565,1,71.9584,77.38983938196753,66.52696061803246
2010-11-19 00:00:00+05:30,65.0,66.4,63.06,64.36,13063555,64.80666666666666,64.99,64.62333333333332,0.005657854130233632,61.152415763916565,1,71.7304,77.89105575730278,65.56974424269723
2010-11-22 00:00:00+05:30,64.4,66.0,64.0,65.68,7390675,64.60666666666667,64.73,64.48333333333333,0.003817975441130993,61.152415763916565,1,71.5812,78.12798014293958,65.03441985706041
2010-11-23 00:00:00+05:30,65.2,65.98,62.0,64.76,6178070,65.22666666666667,65.0,65.45333333333335,0.006950122649223436,61.152415763916565,1,71.33319999999999,78.40406805420578,64.2623319457942
2010-11-24 00:00:00+05:30,64.82,65.59,63.0,63.32,7209965,64.24666666666667,63.99,64.50333333333333,0.007990038393690904,61.152415763916565,1,71.0908,78.79959792444893,63.38200207555107
2010-11-25 00:00:00+05:30,63.32,63.6,60.5,61.03,20987305,63.97,64.295,63.644999999999996,0.010161012974832042,79.75862506473675,-1,70.7132,79.37280316873633,62.053596831263675
2010-11-26 00:00:00+05:30,61.22,64.19,58.0,61.42,21125330,61.71,62.05,61.370000000000005,0.011019283746556354,79.75862506473675,-1,70.3396,79.7336534041482,60.9455465958518
2010-11-29 00:00:00+05:30,61.94,62.85,61.0,61.58,7168645,61.20333333333334,61.095,61.31166666666668,0.0035401121943251907,79.75862506473675,-1,69.8492,79.72860875963681,59.969791240363186
2010-11-30 00:00:00+05:30,62.2,62.48,60.75,61.23,27414595,61.81,61.925,61.69500000000001,0.003721080731273091,79.75862506473675,-1,69.3196,79.56416067188772,59.07503932811226
2010-12-01 00:00:00+05:30,61.78,66.94,61.62,65.94,19027190,61.48666666666666,61.614999999999995,61.35833333333332,0.004174346741841183,79.75862506473675,-1,68.9264,78.90151123546946,58.951288764530545
2010-12-02 00:00:00+05:30,66.6,68.35,66.11,67.14,12375410,64.83333333333333,64.28,65.38666666666666,0.017069408740359716,79.75862506473675,-1,68.6604,78.45558654033648,58.86521345966351
2010-12-03 00:00:00+05:30,67.3,67.6,65.06,65.99,8312995,67.19999999999999,67.22999999999999,67.16999999999999,0.0008928571428571769,79.75862506473675,-1,68.4268,78.18697167062082,58.66662832937918
2010-12-06 00:00:00+05:30,66.0,67.52,63.88,64.77,9359035,66.21666666666665,66.33,66.10333333333331,0.0034231059652658634,79.75862506473675,-1,68.14160000000001,77.89583219735873,58.3873678026413
2010-12-07 00:00:00+05:30,64.77,64.9,61.26,61.89,15822090,65.39,65.7,65.08,0.009481572105826648,79.75862506473675,-1,67.66239999999999,77.42095445032662,57.90384554967336
2010-12-08 00:00:00+05:30,62.0,62.14,59.6,60.21,14243950,62.68333333333334,63.08,62.286666666666676,0.01265620845519791,79.75862506473675,-1,67.1096,76.92824264346096,57.29095735653904
2010-12-09 00:00:00+05:30,60.42,60.76,56.0,57.2,17964635,60.650000000000006,60.870000000000005,60.43000000000001,0.007254740313272839,78.35356433862474,-1,66.41720000000001,76.48882115252508,56.34557884747494
2010-12-10 00:00:00+05:30,56.8,60.38,55.4,58.74,20960515,57.98666666666666,58.379999999999995,57.59333333333332,0.013566337088986136,78.35356433862474,-1,65.79,75.74224436998965,55.837755630010356
2010-12-13 00:00:00+05:30,59.2,61.8,59.2,61.52,13401820,58.17333333333334,57.89,58.45666666666668,0.009741003896401737,78.35356433862474,-1,65.2556,74.61517277657431,55.89602722342569
2010-12-14 00:00:00+05:30,61.9,62.25,60.84,61.28,8832165,60.84,60.5,61.18000000000001,0.011176857330703597,78.35356433862474,-1,64.734,73.44583470917527,56.02216529082472
2010-12-15 00:00:00+05:30,61.28,61.94,59.2,60.0,10086820,61.45666666666667,61.545,61.36833333333334,0.002874654227911194,78.35356433862474,-1,64.1876,72.28326655439757,56.091933445602436
2010-12-16 00:00:00+05:30,60.45,61.18,59.42,59.8,13671850,60.379999999999995,60.57,60.18999999999999,0.006293474660483764,78.35356433862474,-1,63.6292,70.88948962507637,56.36891037492363
2010-12-20 00:00:00+05:30,59.9,59.94,57.46,58.03,8755130,60.133333333333326,60.3,59.966666666666654,0.005543237250554482,78.35356433862474,-1,63.098800000000004,69.96994388147941,56.227656118520606
2010-12-21 00:00:00+05:30,57.6,60.07,57.6,59.89,11014830,58.47666666666667,58.7,58.25333333333333,0.007638374280339837,78.35356433862474,-1,62.72,69.20179481316649,56.23820518683352
2010-12-22 00:00:00+05:30,60.45,62.0,60.09,61.84,20035925,59.18666666666667,58.835,59.538333333333334,0.01188330705113764,78.35356433862474,-1,62.3404,67.79017498251002,56.89062501748998
2010-12-23 00:00:00+05:30,62.2,62.8,61.8,62.03,8018655,61.31,61.045,61.575,0.008644593051704471,78.35356433862474,-1,62.163599999999995,67.34898524701802,56.97821475298198
2010-12-24 00:00:00+05:30,62.06,62.2,61.22,61.59,3996530,62.21,62.3,62.120000000000005,0.0028934254942934033,78.35356433862474,-1,62.0496,67.15447603767144,56.944723962328545
2010-12-27 00:00:00+05:30,61.98,62.18,60.65,61.17,3377110,61.669999999999995,61.71,61.62999999999999,0.0012972271769095592,78.35356433862474,-1,61.922,66.94836568506433,56.89563431493567
2010-12-28 00:00:00+05:30,61.2,61.59,60.82,61.21,5879880,61.333333333333336,61.415,61.25166666666667,0.0026630434782607642,78.35356433862474,-1,61.743199999999995,66.53464811513098,56.95175188486901
2010-12-29 00:00:00+05:30,61.38,62.16,61.11,61.47,4875155,61.20666666666667,61.205,61.20833333333334,5.446029844261811e-05,78.35356433862474,-1,61.611599999999996,66.24241739652864,56.980782603471354
2010-12-30 00:00:00+05:30,61.94,62.03,61.06,61.72,13223115,61.580000000000005,61.635,61.52500000000001,0.0017862942513800781,78.34802389553238,-1,61.5476,66.12613524175498,56.969064758245025
2010-12-31 00:00:00+05:30,62.0,62.98,62.0,62.56,12329945,61.60333333333333,61.545,61.66166666666666,0.0018938369135868196,78.34802389553238,-1,61.6088,66.19891222520674,57.01868777479327
2011-01-03 00:00:00+05:30,63.0,63.39,62.86,63.11,6548575,62.51333333333333,62.489999999999995,62.53666666666666,0.0007465074117521626,78.34802389553238,-1,61.6764,66.30303205366413,57.04976794633588
2011-01-04 00:00:00+05:30,63.3,63.54,61.1,61.29,5065755,63.120000000000005,63.125,63.11500000000001,0.00015842839036740977,78.34802389553238,-1,61.66480000000001,66.29379425793469,57.03580574206532
2011-01-05 00:00:00+05:30,60.93,60.93,58.06,58.26,18675995,61.97666666666667,62.32,61.63333333333333,0.01107943849835961,75.85317724406823,-1,61.54600000000001,66.36219268717443,56.729807312825585
2011-01-06 00:00:00+05:30,58.6,59.09,56.4,56.61,12368650,59.083333333333336,59.495000000000005,58.67166666666667,0.013935119887165094,74.20205015430551,-1,61.172799999999995,66.01508217269425,56.33051782730575
2011-01-07 00:00:00+05:30,56.4,56.59,53.84,54.05,34429150,57.366666666666674,57.745000000000005,56.988333333333344,0.01319000581057514,71.78936814813328,-1,60.6492,65.6262832261469,55.672116773853105
2011-01-10 00:00:00+05:30,53.6,54.98,51.92,52.25,16713970,54.826666666666675,55.215,54.43833333333335,0.014165856031128219,70.21819342220795,-1,60.0996,65.60293565758015,54.59626434241986
2011-01-11 00:00:00+05:30,52.42,55.18,51.36,54.38,32736660,53.050000000000004,53.45,52.650000000000006,0.015080113100848202,70.21819342220795,-1,59.684,65.28221400091077,54.08578599908923
2011-01-12 00:00:00+05:30,54.9,55.4,53.23,55.02,22224560,53.63999999999999,53.269999999999996,54.00999999999999,0.01379567486950028,70.21819342220795,-1,59.4092,65.21779479048018,53.60060520951982
2011-01-13 00:00:00+05:30,54.9,55.26,52.86,53.56,61854585,54.550000000000004,54.315,54.78500000000001,0.008615948670944326,70.21819342220795,-1,59.1432,65.37443158292112,52.91196841707888
2011-01-14 00:00:00+05:30,53.58,54.09,51.8,52.03,13161815,53.89333333333334,54.06,53.726666666666674,0.006185056902523415,69.97960518616695,-1,58.936400000000006,65.72967874888067,52.14312125111934
2011-01-17 00:00:00+05:30,51.0,52.38,50.73,50.97,10931255,52.64000000000001,52.945,52.335000000000015,0.011588145896656252,68.37022097872028,-1,58.62559999999999,66.10291519731473,51.148284802685254
2011-01-18 00:00:00+05:30,51.1,52.45,49.41,51.63,15656915,51.35999999999999,51.555,51.164999999999985,0.0075934579439255225,67.92381213957147,-1,58.23,66.08964273997196,50.37035726002803
2011-01-19 00:00:00+05:30,51.83,54.4,51.83,54.03,20409990,51.163333333333334,50.93,51.39666666666667,0.00912111538210962,67.92381213957147,-1,57.94,65.86285201174388,50.017147988256106
2011-01-20 00:00:00+05:30,54.2,55.53,53.05,54.7,42452385,53.419999999999995,53.114999999999995,53.724999999999994,0.01141894421564956,67.92381213957147,-1,57.728,65.70248731894372,49.75351268105628
2011-01-21 00:00:00+05:30,54.84,55.7,53.66,53.94,17220680,54.42666666666667,54.29,54.56333333333334,0.005022048015678721,67.92381213957147,-1,57.49360000000001,65.554716309792,49.43248369020802
2011-01-24 00:00:00+05:30,53.93,57.08,53.92,56.86,24804665,54.43333333333334,54.68,54.186666666666675,0.00906307409675429,67.92381213957147,-1,57.4468,65.50850149782255,49.38509850217745
2011-01-25 00:00:00+05:30,57.1,57.88,55.34,55.65,23455515,55.95333333333334,55.5,56.40666666666668,0.016203979506732046,67.92381213957147,-1,57.2772,65.30449447821584,49.24990552178416
2011-01-27 00:00:00+05:30,55.79,56.14,52.54,52.98,18945785,56.29,56.61,55.97,0.011369692662995213,67.92381213957147,-1,56.92280000000001,64.89516129637856,48.95043870362146
2011-01-28 00:00:00+05:30,52.8,53.2,50.26,51.7,15905835,53.88666666666666,54.34,53.43333333333332,0.01682543610045801,67.92381213957147,-1,56.5096,64.45105272352578,48.56814727647423
2011-01-31 00:00:00+05:30,51.02,52.89,49.98,52.62,22426985,51.720000000000006,51.730000000000004,51.71000000000001,0.0003866976024747877,67.92381213957147,-1,56.1508,63.95097214168989,48.350627858310105
2011-02-01 00:00:00+05:30,52.94,53.57,52.09,52.94,14203150,51.830000000000005,51.435,52.22500000000001,0.0152421377580553,67.92381213957147,-1,55.82160000000001,63.43920420079669,48.203995799203334
2011-02-02 00:00:00+05:30,53.4,53.96,52.51,52.9,6298200,52.86666666666667,52.83,52.903333333333336,0.0013871374527113056,67.92381213957147,-1,55.489200000000004,62.8584657327576,48.11993426724241
2011-02-03 00:00:00+05:30,53.0,54.3,52.6,54.1,8991560,53.123333333333335,53.235,53.01166666666667,0.004204053460500643,67.92381213957147,-1,55.1944,62.16175491847484,48.22704508152516
2011-02-04 00:00:00+05:30,54.22,54.66,52.11,52.53,7860090,53.666666666666664,53.45,53.883333333333326,0.008074534161490489,67.92381213957147,-1,54.826800000000006,61.33264406822019,48.32095593177982
2011-02-07 00:00:00+05:30,52.03,52.8,51.43,51.88,6296600,53.1,53.385,52.815000000000005,0.01073446327683603,67.92381213957147,-1,54.3996,60.18034453336212,48.61885546663788
2011-02-08 00:00:00+05:30,52.0,52.2,49.1,49.47,13003960,52.03666666666666,52.114999999999995,51.95833333333333,0.0030106975850361854,67.55464441780666,-1,53.854,58.75043462123168,48.957565378768315
2011-02-09 00:00:00+05:30,49.2,49.79,46.71,47.22,18693110,50.25666666666667,50.650000000000006,49.86333333333333,0.01565298136234017,65.3408586410944,-1,53.291199999999996,57.86313987711962,48.71926012288037
2011-02-10 00:00:00+05:30,47.03,49.1,46.81,48.52,18264090,47.906666666666666,48.25,47.56333333333333,0.014333426106317855,65.00342429545061,-1,52.9016,57.372342864446225,48.43085713555378
2011-02-11 00:00:00+05:30,48.52,51.8,47.86,51.43,15968680,48.14333333333334,47.955,48.33166666666668,0.007823859309008087,65.00342429545061,-1,52.6944,56.93255461728297,48.456245382717036
2011-02-14 00:00:00+05:30,52.0,54.06,51.9,53.85,12896945,50.36333333333334,49.83,50.896666666666675,0.021179429479118612,65.00342429545061,-1,52.68639999999999,56.91503336788576,48.45776663211422
2011-02-15 00:00:00+05:30,54.0,55.76,53.3,55.45,16143960,53.27,52.980000000000004,53.56,0.010887929416181684,65.00342429545061,-1,52.8144,57.17413973535082,48.45466026464918
2011-02-16 00:00:00+05:30,55.74,55.94,54.86,55.47,8445685,54.836666666666666,54.53,55.14333333333333,0.01118473041152507,65.00342429545061,-1,52.858000000000004,57.300511001674266,48.41548899832574
2011-02-17 00:00:00+05:30,55.47,56.79,54.82,56.42,8191020,55.423333333333325,55.4,55.44666666666665,0.0008420039694470317,65.00342429545061,-1,52.91400000000001,57.49717968227266,48.33082031772736
2011-02-18 00:00:00+05:30,56.42,57.68,56.0,56.8,20098215,56.01,55.805,56.214999999999996,0.007320121406891566,65.00342429545061,-1,53.043600000000005,57.869337265951884,48.217862734048126
2011-02-21 00:00:00+05:30,56.8,57.17,55.8,56.42,9683510,56.826666666666675,56.84,56.81333333333335,0.0004692632566868246,65.00342429545061,-1,53.2192,58.20157186889906,48.23682813110094
2011-02-22 00:00:00+05:30,56.2,56.61,54.52,55.01,6919435,56.46333333333333,56.485,56.44166666666666,0.000767459708365368,65.00342429545061,-1,53.38080000000001,58.322789623622924,48.43881037637709
2011-02-23 00:00:00+05:30,54.8,55.2,53.42,53.65,7785735,55.379999999999995,55.565,55.19499999999999,0.006681112314915215,65.00342429545061,-1,53.4616,58.35223326778818,48.570966732211815
2011-02-24 00:00:00+05:30,53.6,53.91,50.62,51.06,13854735,54.09,54.31,53.870000000000005,0.00813459049731924,65.00342429545061,-1,53.3428,58.31602597918057,48.36957402081942
2011-02-25 00:00:00+05:30,51.26,52.24,48.31,51.07,22442335,51.86333333333334,52.265,51.46166666666667,0.015489427341088645,65.00342429545061,-1,53.1976,58.21561005977436,48.17958994022564
2011-02-28 00:00:00+05:30,51.65,52.88,50.61,51.2,19016470,50.54,50.275000000000006,50.80499999999999,0.010486743173723525,65.00342429545061,-1,53.087999999999994,58.15580583684859,48.020194163151395
2011-03-01 00:00:00+05:30,52.9,55.0,51.48,54.43,23772825,51.56333333333333,51.745000000000005,51.38166666666666,0.007046350766048431,65.00342429545061,-1,52.9908,57.854599074797065,48.127000925202935
2011-03-03 00:00:00+05:30,54.8,55.58,53.74,54.73,14478735,53.63666666666666,53.239999999999995,54.03333333333333,0.014790876887701261,65.00342429545061,-1,52.95399999999999,57.750215174488815,48.15778482551117
2011-03-04 00:00:00+05:30,55.19,56.47,54.9,55.07,16438515,54.68333333333333,54.66,54.70666666666666,0.0008533983541603205,65.00342429545061,-1,53.03759999999999,57.905043780876845,48.170156219123136
2011-03-07 00:00:00+05:30,54.8,54.8,53.42,54.15,7215755,55.48,55.685,55.27499999999999,0.0073900504686375415,65.00342429545061,-1,53.135600000000004,57.990011865509224,48.28118813449078
2011-03-08 00:00:00+05:30,54.2,55.26,53.86,54.87,4471895,54.123333333333335,54.11,54.13666666666667,0.0004927018537908018,65.00342429545061,-1,53.22559999999999,58.12168849593189,48.329511504068094
2011-03-09 00:00:00+05:30,55.01,56.0,54.82,55.09,9382465,54.663333333333334,54.56,54.766666666666666,0.003780718336483873,65.00342429545061,-1,53.3116,58.259852798715585,48.36334720128441
2011-03-10 00:00:00+05:30,54.74,55.09,54.0,54.34,5096680,55.303333333333335,55.41,55.19666666666667,0.0038575131095170403,65.00342429545061,-1,53.3692,58.33045442201835,48.40794557798165
2011-03-11 00:00:00+05:30,53.82,54.28,52.8,53.37,7777520,54.47666666666667,54.545,54.40833333333333,0.0025087193293765577,65.00342429545061,-1,53.34,58.292290783061574,48.38770921693843
2011-03-14 00:00:00+05:30,53.0,54.44,52.65,54.25,8017895,53.48333333333333,53.54,53.426666666666655,0.0021190401994392763,65.00342429545061,-1,53.4088,58.361957602983836,48.45564239701616
2011-03-15 00:00:00+05:30,53.05,53.8,52.8,53.13,6637555,53.78,53.545,54.015,0.00873930829304572,65.00342429545061,-1,53.458800000000004,58.37431118806545,48.54328881193456
2011-03-16 00:00:00+05:30,52.0,56.09,52.0,55.91,14966180,53.24333333333333,53.3,53.18666666666667,0.002128591998998242,65.00342429545061,-1,53.7164,58.44000838342854,48.99279161657146
2011-03-17 00:00:00+05:30,55.76,56.54,55.02,55.76,10306295,54.666666666666664,54.045,55.28833333333333,0.022743902439024244,65.00342429545061,-1,54.058,58.02806397933285,50.08793602066715
2011-03-18 00:00:00+05:30,55.76,56.47,54.64,54.85,5787535,55.77333333333333,55.78,55.766666666666666,0.00023906287353577728,65.00342429545061,-1,54.3112,57.58201308545689,51.040386914543106
2011-03-21 00:00:00+05:30,55.0,55.34,54.0,54.85,3911865,55.32,55.555,55.085,0.008496023138105546,65.00342429545061,-1,54.448,57.504403114773304,51.3915968852267
2011-03-22 00:00:00+05:30,55.0,56.34,54.92,55.98,6719340,54.73,54.67,54.78999999999999,0.0021925817650281444,65.00342429545061,-1,54.53320000000001,57.636564471021074,51.42983552897894
2011-03-23 00:00:00+05:30,55.89,57.36,55.42,57.2,9878840,55.74666666666667,55.63,55.86333333333334,0.0041856015307342904,65.00342429545061,-1,54.603199999999994,57.86121765495459,51.3451823450454
2011-03-24 00:00:00+05:30,57.39,59.32,57.39,58.96,12171740,56.660000000000004,56.39,56.93000000000001,0.009530533003882919,65.00342429545061,-1,54.742799999999995,58.410712845201715,51.074887154798276
2011-03-25 00:00:00+05:30,59.1,60.26,59.04,59.9,12039925,58.55666666666667,58.355000000000004,58.75833333333334,0.006887914840325656,65.00342429545061,-1,54.882,59.027053920034774,50.73694607996522
2011-03-28 00:00:00+05:30,59.9,60.98,59.51,60.0,13396905,59.73333333333333,59.65,59.816666666666656,0.002790178571428413,65.00342429545061,-1,55.01,59.5617434022576,50.4582565977424
2011-03-29 00:00:00+05:30,60.0,62.08,59.7,61.89,12506910,60.163333333333334,60.245,60.08166666666667,0.002714831846639596,65.00342429545061,-1,55.22879999999999,60.4996900804319,49.95790991956809
2011-03-30 00:00:00+05:30,61.8,64.39,61.8,64.15,14351730,61.223333333333336,60.89,61.55666666666667,0.010889094571786433,65.00342429545061,-1,55.59439999999999,61.916900973506856,49.27189902649313
2011-03-31 00:00:00+05:30,64.4,65.19,61.6,61.92,21743965,63.446666666666665,63.095,63.79833333333333,0.011085426079646944,65.00342429545061,-1,55.925200000000004,62.65821625127958,49.192183748720424
2011-04-01 00:00:00+05:30,62.15,63.18,61.6,62.41,18432945,62.90333333333333,63.394999999999996,62.41166666666666,0.01563245191033863,65.00342429545061,-1,56.3792,63.26761327447727,49.490786725522725
2011-04-04 00:00:00+05:30,62.75,63.1,62.23,62.84,10061365,62.39666666666667,62.39,62.403333333333336,0.0002136866285592513,65.00342429545061,-1,56.85,63.83085381597368,49.86914618402632
2011-04-05 00:00:00+05:30,63.21,63.21,61.81,62.42,7534680,62.723333333333336,62.665,62.78166666666667,0.0018600201945050898,65.00342429545061,-1,57.2988,64.21132618367511,50.38627381632488
2011-04-06 00:00:00+05:30,62.41,64.1,62.21,63.77,14655590,62.48,62.510000000000005,62.44999999999999,0.0009603072983357312,65.00342429545061,-1,57.672399999999996,64.92554669367674,50.419253306323256
2011-04-07 00:00:00+05:30,63.9,66.4,63.52,66.06,17406080,63.36000000000001,63.155,63.56500000000001,0.006470959595959766,50.31224200745012,1,58.125600000000006,65.97783755116932,50.27336244883069
2011-04-08 00:00:00+05:30,66.03,66.7,63.3,63.68,13847625,65.32666666666667,64.96000000000001,65.69333333333333,0.011225635268904787,50.31224200745012,1,58.47,66.50900093295138,50.43099906704862
2011-04-11 00:00:00+05:30,63.95,64.4,62.57,63.98,8226180,64.56,65.0,64.12,0.01363073110284999,50.31224200745012,1,58.8632,66.97977212374737,50.746627876252624
2011-04-13 00:00:00+05:30,63.4,67.0,62.76,66.7,16205700,63.65,63.485,63.815,0.005184603299292982,50.31224200745012,1,59.336400000000005,67.83688446619325,50.83591553380676
2011-04-15 00:00:00+05:30,67.54,68.22,65.1,66.07,18563700,65.48666666666666,64.88,66.09333333333333,0.018527944619770004,50.891168625315245,1,59.7756,68.48514433710469,51.06605566289531
2011-04-18 00:00:00+05:30,66.6,67.8,64.02,64.26,8740035,66.46333333333332,66.66,66.26666666666665,0.005918050052660793,50.891168625315245,1,60.172399999999996,68.75823816292807,51.586561837071926
2011-04-19 00:00:00+05:30,65.0,65.35,63.67,64.68,14854605,65.36,65.91,64.81,0.016829865361077025,50.891168625315245,1,60.62479999999999,68.91607757586198,52.33352242413801
2011-04-20 00:00:00+05:30,65.32,66.7,64.83,66.22,20034990,64.56666666666666,64.50999999999999,64.62333333333333,0.0017552916881777587,50.891168625315245,1,61.1036,69.24824217507383,52.95895782492617
2011-04-21 00:00:00+05:30,66.3,66.3,63.14,63.51,24612390,65.91666666666667,65.765,66.06833333333334,0.004601769911504551,50.891168625315245,1,61.5188,69.02876845798909,54.0088315420109
2011-04-25 00:00:00+05:30,66.0,66.0,62.94,63.86,8605665,64.31666666666666,64.72,63.91333333333333,0.012542109354755202,50.891168625315245,1,61.836800000000004,69.03671271058136,54.63688728941865
2011-04-26 00:00:00+05:30,64.0,64.26,62.22,63.49,11547175,64.26666666666667,64.47,64.06333333333333,0.006327800829875513,50.891168625315245,1,62.146,68.92724000460024,55.364759995399766
2011-04-27 00:00:00+05:30,63.42,64.18,62.6,63.17,8414855,63.32333333333333,63.24,63.40666666666666,0.0026319945254512376,50.891168625315245,1,62.4788,68.57739871117869,56.38020128882131
2011-04-28 00:00:00+05:30,63.6,63.6,61.95,62.08,9661930,63.31666666666666,63.39,63.243333333333325,0.0023163990523823435,50.891168625315245,1,62.768,68.018907731049,57.517092268951
2011-04-29 00:00:00+05:30,64.0,64.0,60.48,61.03,9051370,62.54333333333333,62.775000000000006,62.31166666666665,0.007408196983425132,50.891168625315245,1,62.97,67.49987946859406,58.44012053140594
2011-05-02 00:00:00+05:30,61.44,61.7,59.56,59.83,8068585,61.836666666666666,62.239999999999995,61.43333333333334,0.013045118861516755,50.891168625315245,1,63.0752,67.164969167079,58.98543083292101
2011-05-03 00:00:00+05:30,59.83,61.15,56.81,57.28,33999060,60.36333333333334,60.63,60.09666666666667,0.008835385719807798,50.891168625315245,1,63.008,67.40937069558905,58.60662930441095
2011-05-04 00:00:00+05:30,57.57,57.72,56.05,56.36,18147335,58.413333333333334,58.980000000000004,57.846666666666664,0.019401963022141176,50.891168625315245,1,62.866400000000006,67.84813264637818,57.88466735362183
2011-05-05 00:00:00+05:30,56.02,58.3,55.9,57.0,21358370,56.71,56.885,56.535000000000004,0.006171751013930423,50.891168625315245,1,62.7464,68.12708807495753,57.36571192504247
2011-05-06 00:00:00+05:30,57.53,60.56,57.32,60.05,17715710,57.06666666666666,57.099999999999994,57.03333333333333,0.0011682242990653543,50.891168625315245,1,62.67280000000001,68.1478416107999,57.197758389200125
2011-05-09 00:00:00+05:30,60.5,60.86,59.14,59.5,10950520,59.31,58.94,59.68000000000001,0.012476816725678791,50.891168625315245,1,62.4868,68.06346773620146,56.910132263798545
2011-05-10 00:00:00+05:30,59.04,59.66,58.42,59.22,7601880,59.833333333333336,60.0,59.66666666666667,0.005571030640668444,50.891168625315245,1,62.3788,68.09795048236977,56.65964951763023
2011-05-11 00:00:00+05:30,59.57,61.1,59.16,60.48,20704840,59.1,59.04,59.160000000000004,0.002030456852791955,50.891168625315245,1,62.30160000000001,68.06888339515153,56.534316604848485
2011-05-12 00:00:00+05:30,60.38,60.75,58.28,58.56,12472660,60.24666666666666,60.129999999999995,60.36333333333333,0.003872966692486461,50.891168625315245,1,62.1304,68.07496654096752,56.18583345903248
2011-05-13 00:00:00+05:30,58.6,59.96,57.53,59.17,11840615,59.196666666666665,59.515,58.87833333333333,0.01075511008502737,50.891168625315245,1,62.0004,68.05507483519888,55.94572516480112
2011-05-16 00:00:00+05:30,58.9,59.0,58.02,58.35,5574080,58.88666666666668,58.745000000000005,59.02833333333335,0.004811502320842504,50.891168625315245,1,61.78360000000001,67.95629051224753,55.61090948775247
2011-05-17 00:00:00+05:30,58.2,59.0,57.28,57.68,8258335,58.45666666666667,58.510000000000005,58.403333333333336,0.001824713462964061,50.891168625315245,1,61.4484,67.56566914235354,55.33113085764645
2011-05-18 00:00:00+05:30,57.8,58.16,55.0,56.37,12736370,57.98666666666667,58.14,57.83333333333334,0.005288572085536751,50.891168625315245,1,61.156000000000006,67.5127765416122,54.799223458387814
2011-05-19 00:00:00+05:30,56.76,57.4,55.64,55.92,9786010,56.51,56.58,56.44,0.002477437621659893,50.891168625315245,1,60.833600000000004,67.39891462764666,54.26828537235334
2011-05-20 00:00:00+05:30,56.21,56.79,55.31,56.1,10114365,56.31999999999999,56.519999999999996,56.11999999999999,0.007102272727272829,50.891168625315245,1,60.4096,66.77065520806033,54.04854479193967
2011-05-23 00:00:00+05:30,56.0,56.3,54.46,54.72,8617790,56.06666666666666,56.05,56.08333333333333,0.0005945303210463396,50.891168625315245,1,59.955600000000004,66.25572591620134,53.655474083798666
2011-05-24 00:00:00+05:30,54.77,56.68,54.47,56.51,15039720,55.16,55.379999999999995,54.94,0.007976794778825194,50.891168625315245,1,59.6456,65.8296338420801,53.46156615791991
2011-05-25 00:00:00+05:30,56.02,57.1,55.92,56.65,11999550,55.88666666666666,55.575,56.19833333333332,0.011153524991053095,50.891168625315245,1,59.324400000000004,65.2582138292326,53.390586170767406
2011-05-26 00:00:00+05:30,56.7,57.65,56.6,57.08,13889720,56.55666666666667,56.510000000000005,56.60333333333334,0.001650262273825668,50.891168625315245,1,58.958800000000004,64.23834337419366,53.67925662580634
2011-05-27 00:00:00+05:30,57.08,59.66,57.07,59.36,10773700,57.10999999999999,57.125,57.094999999999985,0.0005253020486782586,50.891168625315245,1,58.7928,63.740017464392714,53.845582535607285
2011-05-30 00:00:00+05:30,59.79,60.4,59.45,59.66,8067125,58.69666666666666,58.364999999999995,59.02833333333332,0.011301039241296955,50.891168625315245,1,58.62479999999999,63.138573126774574,54.11102687322541
2011-05-31 00:00:00+05:30,59.84,60.41,59.17,60.16,8650880,59.836666666666666,59.925,59.748333333333335,0.002952481755890964,50.891168625315245,1,58.4916,62.60171505434975,54.38148494565025
2011-06-01 00:00:00+05:30,60.59,61.03,59.32,59.63,10267290,59.913333333333334,59.79,60.03666666666667,0.004117057972627179,50.891168625315245,1,58.35,62.02671157421853,54.67328842578147
2011-06-02 00:00:00+05:30,58.81,59.3,57.5,57.77,9701010,59.99333333333333,60.175,59.81166666666667,0.006056228469829921,50.891168625315245,1,58.17759999999999,61.52828365561306,54.82691634438692
2011-06-03 00:00:00+05:30,57.5,58.6,57.45,58.21,11762220,58.19,58.4,57.98,0.007217735006014809,50.891168625315245,1,58.0648,61.20718187367363,54.92241812632636
2011-06-06 00:00:00+05:30,58.4,59.74,57.5,59.59,11955225,58.08666666666667,58.025000000000006,58.14833333333334,0.0021232640881441783,50.891168625315245,1,58.055200000000006,61.177353718187604,54.93304628181241
2011-06-07 00:00:00+05:30,59.48,60.14,59.0,59.88,7272330,58.943333333333335,58.620000000000005,59.266666666666666,0.010970989085562311,50.891168625315245,1,58.1592,61.343727192534644,54.97467280746535
2011-06-08 00:00:00+05:30,59.41,60.79,59.36,60.07,9317635,59.67333333333334,59.57,59.77666666666668,0.0034633001899230975,50.891168625315245,1,58.307599999999994,61.488695559707764,55.12650444029222
2011-06-09 00:00:00+05:30,60.1,60.56,59.14,59.34,6076805,60.07333333333333,60.075,60.07166666666666,5.548773721026267e-05,50.891168625315245,1,58.401199999999996,61.56051800235311,55.24188199764688
2011-06-10 00:00:00+05:30,59.6,59.76,58.5,58.7,6782495,59.68000000000001,59.85,59.51000000000001,0.00569705093833762,50.891168625315245,1,58.347199999999994,61.43733667011549,55.257063329884495
2011-06-13 00:00:00+05:30,58.59,59.16,57.91,58.85,5714175,58.98666666666666,59.129999999999995,58.84333333333332,0.004859855334539037,50.891168625315245,1,58.3212,61.38290838585135,55.259491614148644
2011-06-14 00:00:00+05:30,59.18,59.89,59.04,59.37,6746005,58.63999999999999,58.535,58.74499999999999,0.0035811732605728814,50.891168625315245,1,58.32719999999999,61.39650882121569,55.25789117878429
2011-06-15 00:00:00+05:30,54.0,59.53,49.8,58.64,8486805,59.43333333333334,59.465,59.40166666666667,0.0010656197420078391,50.891168625315245,1,58.2536,61.19861547703786,55.308584522962136
2011-06-16 00:00:00+05:30,58.02,59.28,57.55,58.22,15553865,55.99,54.665,57.315000000000005,0.047329880335774344,50.891168625315245,1,58.24,61.18236911348535,55.29763088651465
2011-06-17 00:00:00+05:30,58.22,58.36,56.35,56.58,13712050,58.35,58.415,58.285000000000004,0.002227934875749708,50.891168625315245,1,58.1364,61.12255407505919,55.15024592494081
2011-06-20 00:00:00+05:30,56.8,58.51,54.82,58.13,19019650,57.09666666666667,57.355000000000004,56.83833333333334,0.009048981259851697,50.891168625315245,1,58.1276,61.112480727934134,55.14271927206587
2011-06-21 00:00:00+05:30,58.54,59.0,57.22,57.5,7481730,57.153333333333336,56.665,57.64166666666667,0.017088533768809172,50.891168625315245,1,58.1204,61.11042865537984,55.13037134462015
2011-06-22 00:00:00+05:30,58.14,58.28,57.22,57.4,6899700,57.906666666666666,58.11,57.70333333333333,0.007022795302786086,50.891168625315245,1,58.1616,61.08158180816124,55.24161819183876
2011-06-23 00:00:00+05:30,57.51,57.89,56.96,57.38,6256775,57.63333333333333,57.75,57.516666666666666,0.0040485829959514335,50.891168625315245,1,58.22,61.013999284178965,55.42600071582103
2011-06-24 00:00:00+05:30,57.48,59.9,57.48,59.73,9880570,57.41,57.425,57.394999999999996,0.0005225570458108542,50.891168625315245,1,58.3652,61.0795713526326,55.650828647367405
2011-06-27 00:00:00+05:30,59.0,62.97,59.0,62.67,21588200,59.03666666666666,58.69,59.383333333333326,0.011744113827564701,50.891168625315245,1,58.6832,61.4764645846737,55.8899354153263
2011-06-28 00:00:00+05:30,62.8,63.4,61.61,61.85,11358380,61.54666666666666,60.985,62.10833333333332,0.01825173310225283,50.891168625315245,1,58.896800000000006,61.806913234908954,55.98668676509106
2011-06-29 00:00:00+05:30,62.36,63.16,62.2,62.55,13419565,62.28666666666666,62.504999999999995,62.06833333333333,0.007010596168254321,50.891168625315245,1,59.132799999999996,62.2269261512731,56.038673848726894
2011-06-30 00:00:00+05:30,63.14,63.56,61.9,62.41,13358020,62.63666666666666,62.68,62.59333333333333,0.001383641104784308,50.891168625315245,1,59.346000000000004,62.57647488768943,56.11552511231058
2011-07-01 00:00:00+05:30,63.0,63.9,62.67,63.67,8072215,62.623333333333335,62.730000000000004,62.516666666666666,0.0034066109543834286,50.891168625315245,1,59.5184,63.16649070062573,55.87030929937427
2011-07-04 00:00:00+05:30,63.67,64.38,63.46,63.77,5769920,63.413333333333334,63.285,63.54166666666667,0.004047518923465225,50.891168625315245,1,59.6828,63.69396250480978,55.67163749519022
2011-07-05 00:00:00+05:30,63.76,65.15,62.8,64.57,10929780,63.870000000000005,63.92,63.82000000000001,0.0015656802880850838,50.891168625315245,1,59.8592,64.30330592132904,55.41509407867097
2011-07-06 00:00:00+05:30,64.49,65.86,64.2,65.31,15991885,64.17333333333333,63.975,64.37166666666667,0.006181175981716211,50.891168625315245,1,60.086400000000005,65.01478595891106,55.15801404108895
2011-07-07 00:00:00+05:30,65.2,65.77,64.64,65.36,6689395,65.12333333333333,65.03,65.21666666666667,0.002866356144750997,51.10799195635918,1,60.39,65.63514251474558,55.14485748525443
2011-07-08 00:00:00+05:30,65.43,65.62,64.04,64.45,6049245,65.25666666666666,65.205,65.30833333333332,0.0015834908310771512,51.10799195635918,1,60.6396,66.03768404528786,55.241515954712135
2011-07-11 00:00:00+05:30,64.02,64.7,60.57,64.27,8697655,64.70333333333333,64.83000000000001,64.57666666666665,0.003915305754469508,51.10799195635918,1,60.826800000000006,66.38842197924234,55.26517802075768
2011-07-12 00:00:00+05:30,63.58,63.89,62.24,62.95,7999320,63.18000000000001,62.635000000000005,63.72500000000001,0.01725229503007286,51.10799195635918,1,60.949600000000004,66.55755572022385,55.34164427977616
2011-07-13 00:00:00+05:30,63.0,64.1,62.84,63.59,5628320,63.026666666666664,63.065,62.98833333333333,0.001216416331711466,51.10799195635918,1,61.0904,66.77912141697863,55.401678583021386
2011-07-14 00:00:00+05:30,63.39,66.05,63.31,65.25,9781340,63.51,63.47,63.55,0.001259644150527449,51.10799195635918,1,61.32679999999999,67.19332802260341,55.46027197739658
2011-07-15 00:00:00+05:30,65.25,65.98,64.5,64.93,5861115,64.87,64.68,65.06,0.005857869585324424,51.10799195635918,1,61.57599999999999,67.50398650470723,55.648013495292766
2011-07-18 00:00:00+05:30,64.9,65.92,64.7,65.73,5570885,65.13666666666667,65.24000000000001,65.03333333333333,0.0031728161301879786,51.18627085756552,1,61.8512,67.88527211093727,55.81712788906273
2011-07-19 00:00:00+05:30,65.68,65.94,64.52,64.74,8420390,65.45,65.31,65.59,0.004278074866310178,51.273620023262886,1,62.066,68.11378306489169,56.018216935108306
2011-07-20 00:00:00+05:30,65.33,65.66,63.29,63.75,11273205,65.06666666666666,65.22999999999999,64.90333333333334,0.005020491803278491,51.273620023262886,1,62.2704,68.18515302611958,56.355646973880425
2011-07-21 00:00:00+05:30,63.8,64.75,62.64,63.57,26131440,64.23333333333333,64.475,63.991666666666674,0.007524649714582046,51.273620023262886,1,62.484399999999994,68.18057718825446,56.78822281174553
2011-07-22 00:00:00+05:30,64.06,65.96,64.06,65.82,16818245,63.653333333333336,63.695,63.61166666666667,0.001309174696271396,51.273620023262886,1,62.854,68.15516062763527,57.55283937236473
2011-07-25 00:00:00+05:30,65.8,66.9,65.12,66.69,12730100,65.27999999999999,65.00999999999999,65.54999999999998,0.008272058823529292,51.88377258710547,1,63.1964,68.33616148862865,58.05663851137135
2011-07-26 00:00:00+05:30,66.59,66.65,63.46,63.73,18834145,66.23666666666666,66.01,66.46333333333332,0.00684414473353106,51.88377258710547,1,63.44559999999999,68.03062634234418,58.860573657655806
2011-07-27 00:00:00+05:30,64.19,64.19,62.27,62.49,10301780,64.61333333333333,65.055,64.17166666666665,0.01367106892282327,51.88377258710547,1,63.6492,67.54212659062433,59.756273409375666
2011-07-28 00:00:00+05:30,62.0,62.98,61.34,62.09,9592190,62.98333333333334,63.230000000000004,62.73666666666668,0.007832759989415058,51.88377258710547,1,63.8376,66.85644364616486,60.81875635383514
2011-07-29 00:00:00+05:30,61.4,63.19,58.99,62.13,7445680,62.13666666666666,62.16,62.11333333333333,0.0007510326699211447,51.88377258710547,1,63.9336,66.54961149844375,61.31758850155625
2011-08-01 00:00:00+05:30,62.41,63.77,62.41,63.26,7978855,61.43666666666667,61.09,61.78333333333333,0.011285334490803451,51.88377258710547,1,63.9572,66.53759079210687,61.37680920789313
2011-08-02 00:00:00+05:30,63.6,63.6,61.62,61.94,5897630,63.14666666666667,63.09,63.20333333333333,0.0017947635135134564,51.88377258710547,1,63.9608,66.52964671399246,61.39195328600753
2011-08-03 00:00:00+05:30,60.0,61.6,58.24,61.39,6503080,62.38666666666666,62.61,62.16333333333333,0.007159649497756025,51.88377258710547,1,63.91439999999999,66.62167659465926,61.207123405340724
2011-08-04 00:00:00+05:30,61.7,62.8,60.21,60.47,9302330,60.410000000000004,59.92,60.900000000000006,0.016222479721900412,51.88377258710547,1,63.8368,66.81024363322898,60.86335636677102
2011-08-05 00:00:00+05:30,60.1,60.72,58.04,60.29,17250205,61.16,61.504999999999995,60.815,0.011281883584041821,51.88377258710547,1,63.7016,66.98436800276687,60.418831997233134
2011-08-08 00:00:00+05:30,59.54,61.4,58.45,60.43,17462705,59.68333333333333,59.379999999999995,59.986666666666665,0.010164758447361115,51.88377258710547,1,63.568000000000005,67.0917707076355,60.044229292364506
2011-08-09 00:00:00+05:30,58.4,60.5,58.0,58.27,17616760,60.093333333333334,59.925,60.26166666666667,0.0056023962724651615,51.88377258710547,1,63.315999999999995,67.37719588298694,59.25480411701306
2011-08-10 00:00:00+05:30,60.0,60.72,59.0,60.55,16128585,58.92333333333334,59.25,58.59666666666668,0.01108785427391506,51.88377258710547,1,63.12559999999999,67.24096858130473,59.01023141869526
2011-08-11 00:00:00+05:30,59.74,61.86,59.74,61.35,9901570,60.089999999999996,59.86,60.31999999999999,0.007655183890830318,51.88377258710547,1,62.9652,67.03201445851543,58.89838554148457
2011-08-12 00:00:00+05:30,61.8,61.82,59.37,59.79,11673340,60.98333333333333,60.8,61.16666666666666,0.006012571740912709,51.88377258710547,1,62.778800000000004,66.98122337705165,58.57637662294836
2011-08-16 00:00:00+05:30,60.11,60.7,59.14,59.43,5275695,60.32666666666666,60.595,60.05833333333332,0.008896010608907216,51.88377258710547,1,62.58520000000001,66.93824075790593,58.23215924209408
2011-08-17 00:00:00+05:30,58.7,60.09,57.55,57.91,9174650,59.75666666666667,59.92,59.593333333333334,0.005466614603670463,51.88377258710547,1,62.383599999999994,67.10189420023701,57.665305799762976
2011-08-18 00:00:00+05:30,58.0,58.26,54.6,54.93,14455395,58.51666666666667,58.82,58.213333333333345,0.010367416690401393,51.88377258710547,1,62.037200000000006,67.5543050959711,56.5200949040289
2011-08-19 00:00:00+05:30,54.0,55.0,51.91,52.59,25715165,55.93,56.43,55.43,0.017879492222420884,51.88377258710547,1,61.5308,68.0147097341026,55.0468902658974
2011-08-22 00:00:00+05:30,52.54,53.72,50.4,53.24,20429560,53.166666666666664,53.455,52.87833333333333,0.010846394984326045,51.88377258710547,1,61.063199999999995,68.15655851624535,53.96984148375464
2011-08-23 00:00:00+05:30,53.4,56.2,52.59,55.94,17702410,52.45333333333334,52.06,52.84666666666668,0.014997458057956454,51.88377258710547,1,60.6716,67.77210968311364,53.571090316886355
2011-08-24 00:00:00+05:30,55.5,56.91,54.6,55.28,13442000,54.910000000000004,54.395,55.425000000000004,0.018757967583318175,51.88377258710547,1,60.2932,67.49370602666164,53.092693973338356
2011-08-25 00:00:00+05:30,55.79,55.8,53.02,53.47,10485525,55.596666666666664,55.754999999999995,55.43833333333333,0.005695785119011863,51.88377258710547,1,59.882,67.41247143278498,52.35152856721501
2011-08-26 00:00:00+05:30,53.59,53.8,51.52,51.88,12903110,54.096666666666664,54.41,53.78333333333333,0.01158420112144923,69.62334352229408,-1,59.41440000000001,67.40829182813921,51.4205081718608
2011-08-29 00:00:00+05:30,52.61,54.94,52.2,54.25,11823165,52.4,52.66,52.14,0.009923664122137328,69.62334352229408,-1,58.9516,66.7456914646924,51.1575085353076
2011-08-30 00:00:00+05:30,55.74,56.66,54.8,55.51,11727690,53.79666666666666,53.57,54.02333333333332,0.008426792242393934,69.62334352229408,-1,58.504400000000004,65.73363194813882,51.27516805186118
2011-09-02 00:00:00+05:30,56.02,57.14,54.82,55.73,15525085,55.656666666666666,55.73,55.583333333333336,0.0026352039288493954,69.62334352229408,-1,58.184400000000004,65.16398870994496,51.20481129005505
2011-09-05 00:00:00+05:30,55.0,56.7,54.24,56.54,10118085,55.89666666666667,55.980000000000004,55.81333333333333,0.0029816924086112123,69.62334352229408,-1,57.946400000000004,64.72538371144165,51.16741628855836
2011-09-06 00:00:00+05:30,56.34,57.34,54.4,57.21,15603800,55.82666666666666,55.47,56.18333333333332,0.012777645091951112,69.62334352229408,-1,57.75120000000001,64.3194468163119,51.18295318368813
2011-09-07 00:00:00+05:30,57.61,58.42,57.29,58.13,7598780,56.31666666666667,55.870000000000005,56.763333333333335,0.015862681266646892,69.62334352229408,-1,57.5912,63.91532857554235,51.267071424457654
2011-09-08 00:00:00+05:30,58.2,59.6,57.42,59.37,12768200,57.946666666666665,57.855000000000004,58.03833333333333,0.003163828808099222,69.62334352229408,-1,57.4356,63.37381274122032,51.49738725877968
2011-09-09 00:00:00+05:30,58.9,60.08,58.52,58.78,9879810,58.796666666666674,58.510000000000005,59.08333333333334,0.009751119677986354,69.62334352229408,-1,57.309200000000004,62.987343133101824,51.631056866898184
2011-09-12 00:00:00+05:30,57.4,58.2,54.42,54.73,13008740,59.126666666666665,59.3,58.95333333333333,0.005863118728154201,69.62334352229408,-1,57.04280000000001,62.5525485096864,51.53305149031361
2011-09-13 00:00:00+05:30,55.11,56.58,54.24,54.75,13482710,55.78333333333333,56.31,55.25666666666666,0.018882581416193756,69.62334352229408,-1,56.81400000000001,62.20934317722159,51.41865682277842
2011-09-14 00:00:00+05:30,55.11,55.62,53.26,55.31,13036435,55.19,55.41,54.97,0.007972458778764228,69.62334352229408,-1,56.6148,61.8473630278088,51.38223697219121
2011-09-15 00:00:00+05:30,55.77,56.2,54.4,55.72,11911470,54.73,54.44,55.019999999999996,0.010597478530970187,69.62334352229408,-1,56.4264,61.430091053611484,51.42270894638852
2011-09-16 00:00:00+05:30,56.0,57.1,55.2,56.14,18888315,55.44,55.3,55.58,0.005050505050505071,69.62334352229408,-1,56.3412,61.288643202300726,51.393756797699275
2011-09-19 00:00:00+05:30,55.86,57.05,55.4,56.79,11903795,56.14666666666667,56.150000000000006,56.14333333333333,0.00011873664212790573,69.62334352229408,-1,56.190799999999996,60.83673386091447,51.54486613908552
2011-09-20 00:00:00+05:30,56.6,58.0,56.48,57.9,7684020,56.41333333333333,56.224999999999994,56.60166666666666,0.0066769085322618505,69.62334352229408,-1,56.0528,60.26197671760069,51.84362328239931
2011-09-21 00:00:00+05:30,57.9,58.26,56.8,57.04,14458750,57.46,57.239999999999995,57.68000000000001,0.007657500870170761,69.62334352229408,-1,55.9428,59.89122153777832,51.994378462221675
2011-09-22 00:00:00+05:30,56.28,56.28,53.8,54.15,11798900,57.36666666666667,57.53,57.20333333333333,0.005694363742010482,69.62334352229408,-1,55.7316,59.470608125157234,51.992591874842766
2011-09-23 00:00:00+05:30,54.36,54.36,51.9,53.49,18203380,54.74333333333333,55.04,54.446666666666665,0.010838458259757664,69.50609838779098,-1,55.55480000000001,59.283049433714424,51.82655056628559
2011-09-26 00:00:00+05:30,53.64,53.85,51.2,52.46,15769770,53.25,53.129999999999995,53.370000000000005,0.004507042253521298,68.98805445227936,-1,55.456,59.3714545074604,51.54054549253961
2011-09-27 00:00:00+05:30,53.18,54.73,53.06,54.36,10611675,52.50333333333334,52.525000000000006,52.48166666666667,0.0008253444225764056,68.98805445227936,-1,55.5268,59.29358842516963,51.76001157483037
2011-09-28 00:00:00+05:30,54.4,55.0,53.42,54.45,8735315,54.04999999999999,53.894999999999996,54.204999999999984,0.005735430157261575,68.98805445227936,-1,55.5752,59.253260880408575,51.89713911959143
2011-09-29 00:00:00+05:30,54.4,55.98,53.7,55.42,8490515,54.29,54.21,54.37,0.002947135752440534,68.98805445227936,-1,55.55440000000001,59.2298540617442,51.87894593825582
2011-09-30 00:00:00+05:30,55.39,56.32,54.1,54.51,9279710,55.03333333333334,54.84,55.226666666666674,0.007026044821320476,68.98805445227936,-1,55.52360000000001,59.22057770618,51.826622293820016
2011-10-03 00:00:00+05:30,53.41,53.58,51.9,52.1,10442095,54.97666666666667,55.21,54.74333333333333,0.008488449645304102,68.98805445227936,-1,55.4688,59.323178580263225,51.61442141973678
2011-10-04 00:00:00+05:30,52.11,52.88,49.75,50.22,14599175,52.526666666666664,52.739999999999995,52.31333333333333,0.00812285823073986,67.81123594184963,-1,55.4024,59.547983790009795,51.256816209990205
2011-10-05 00:00:00+05:30,51.0,51.36,48.06,49.21,19574675,50.949999999999996,51.315,50.584999999999994,0.014327772325809696,66.47038650417565,-1,55.2008,59.99101308920512,50.41058691079488
2011-10-07 00:00:00+05:30,50.94,52.99,50.3,52.59,19211635,49.54333333333333,49.71,49.37666666666666,0.006728116800107841,66.47038650417565,-1,55.083999999999996,59.97959802271306,50.18840197728693
2011-10-10 00:00:00+05:30,53.0,53.08,52.1,52.86,10130925,51.96,51.644999999999996,52.275000000000006,0.012124711316397415,66.47038650417565,-1,54.9692,59.93294671392408,50.00545328607592
2011-10-11 00:00:00+05:30,53.24,54.06,52.2,52.76,10279310,52.68000000000001,52.59,52.77000000000001,0.0034168564920274637,66.47038650417565,-1,54.818000000000005,59.81133956385826,49.82466043614175
2011-10-12 00:00:00+05:30,52.99,54.57,52.68,54.42,9817185,53.00666666666667,53.13,52.88333333333333,0.004653502704062439,66.47038650417565,-1,54.706399999999995,59.60471605350167,49.80808394649832
2011-10-13 00:00:00+05:30,54.8,57.16,54.71,56.84,21060085,53.89000000000001,53.625,54.155000000000015,0.009834848766005109,66.47038650417565,-1,54.6548,59.433486413648865,49.87611358635114
2011-10-14 00:00:00+05:30,56.95,57.6,55.76,56.66,11190895,56.23666666666667,55.935,56.53833333333334,0.010728468970422716,66.47038650417565,-1,54.54639999999999,59.00452473580453,50.08827526419545
2011-10-17 00:00:00+05:30,57.0,58.2,56.81,57.82,8545830,56.673333333333325,56.68,56.66666666666665,0.00023526643924272962,66.47038650417565,-1,54.508,58.834184462085766,50.18181553791424
2011-10-18 00:00:00+05:30,57.0,57.0,55.2,55.98,7034360,57.61000000000001,57.505,57.71500000000001,0.0036452004860268693,66.47038650417565,-1,54.55799999999999,58.92202016493877,50.193979835061214
2011-10-19 00:00:00+05:30,56.78,58.2,56.4,57.99,9252890,56.06,56.1,56.02,0.0014270424545129914,66.47038650417565,-1,54.687599999999996,59.25445547833432,50.12074452166567
2011-10-20 00:00:00+05:30,57.6,58.6,56.58,56.96,26092165,57.53,57.3,57.760000000000005,0.007995828263514826,66.47038650417565,-1,54.7536,59.40149975795436,50.105700242045636
2011-10-21 00:00:00+05:30,57.0,58.05,55.26,55.56,15777150,57.38,57.59,57.17,0.0073196235622168294,66.47038650417565,-1,54.74719999999999,59.390197376694516,50.10420262330547
2011-10-24 00:00:00+05:30,55.6,57.1,55.6,56.33,7857415,56.29,56.655,55.925,0.012968555693728975,66.47038650417565,-1,54.7548,59.407503712895576,50.10209628710443
2011-10-25 00:00:00+05:30,56.41,61.8,55.83,61.27,55925695,56.343333333333334,56.35,56.336666666666666,0.00023664438265400375,66.47038650417565,-1,54.934000000000005,60.19214872364716,49.67585127635285
2011-10-28 00:00:00+05:30,62.4,64.77,62.4,63.14,18834490,59.63333333333333,58.815,60.45166666666667,0.027445500279485807,66.47038650417565,-1,55.1436,61.21311432653323,49.07408567346677
2011-10-31 00:00:00+05:30,63.1,63.98,62.45,62.86,11604940,63.43666666666667,63.584999999999994,63.28833333333334,0.004676580316325773,66.47038650417565,-1,55.376400000000004,62.12722662790211,48.6255733720979
2011-11-01 00:00:00+05:30,62.86,63.13,61.22,61.46,11457365,63.09666666666667,63.215,62.97833333333334,0.0037508584711289225,66.47038650417565,-1,55.668800000000005,62.804110101179354,48.533489898820655
2011-11-02 00:00:00+05:30,61.2,62.38,60.71,61.46,10014775,61.93666666666667,62.175,61.69833333333334,0.0076960335826918806,66.47038650417565,-1,55.9876,63.41138939356391,48.56381060643609
2011-11-03 00:00:00+05:30,61.24,62.48,60.78,61.99,11655165,61.51666666666667,61.545,61.488333333333344,0.0009211595773501668,66.47038650417565,-1,56.3688,64.00456913218255,48.73303086781745
2011-11-04 00:00:00+05:30,62.4,63.46,62.4,63.3,8167640,61.75,61.629999999999995,61.870000000000005,0.0038866396761135075,66.47038650417565,-1,56.726400000000005,64.77838485840553,48.67441514159448
2011-11-08 00:00:00+05:30,63.58,63.7,61.55,61.87,8082855,63.053333333333335,62.93,63.17666666666667,0.003912032142101973,66.47038650417565,-1,57.023199999999996,65.26249845557203,48.78390154442796
2011-11-09 00:00:00+05:30,62.31,62.39,61.11,61.38,6924105,62.373333333333335,62.625,62.12166666666667,0.008069687900812264,66.47038650417565,-1,57.2616,65.64518716540788,48.87801283459212
2011-11-11 00:00:00+05:30,60.9,61.25,59.26,59.65,11577545,61.626666666666665,61.75,61.50333333333333,0.004002596278667293,66.47038650417565,-1,57.46719999999999,65.82284196456452,49.111558035435465
2011-11-14 00:00:00+05:30,60.04,61.2,58.5,58.73,7347265,60.053333333333335,60.254999999999995,59.851666666666674,0.0067162522202484755,66.47038650417565,-1,57.7324,65.80590487458771,49.658895125412286
2011-11-15 00:00:00+05:30,58.6,59.54,56.6,56.94,10668825,59.47666666666667,59.85,59.10333333333333,0.01255394272263638,66.47038650417565,-1,58.0012,65.4820519728699,50.52034802713009
2011-11-16 00:00:00+05:30,56.81,57.0,53.69,54.14,29422930,57.69333333333333,58.07,57.316666666666656,0.013057545643633197,66.47038650417565,-1,58.1984,64.96799243677133,51.42880756322867
2011-11-17 00:00:00+05:30,54.04,55.76,53.13,54.32,15277110,54.94333333333333,55.345,54.54166666666666,0.014621124795243738,66.47038650417565,-1,58.2676,64.83892261877253,51.69627738122747
2011-11-18 00:00:00+05:30,53.6,54.59,53.16,54.08,13449210,54.403333333333336,54.445,54.36166666666667,0.001531768886710286,66.47038650417565,-1,58.316399999999994,64.74288987861893,51.88991012138107
2011-11-21 00:00:00+05:30,54.1,56.0,52.22,52.62,8730830,53.94333333333333,53.875,54.011666666666656,0.002533522832601917,66.47038650417565,-1,58.3108,64.75686154484981,51.86473845515019
2011-11-22 00:00:00+05:30,53.2,53.89,52.44,53.32,11296025,53.61333333333334,54.11,53.116666666666674,0.018527729420542,66.47038650417565,-1,58.2668,64.83240180333772,51.70119819666228
2011-11-23 00:00:00+05:30,53.2,53.38,52.03,52.95,10043650,53.21666666666667,53.165,53.26833333333334,0.0019417475728156371,66.47038650417565,-1,58.1112,64.98197129876927,51.24042870123073
2011-11-24 00:00:00+05:30,53.2,55.8,52.31,55.4,16749210,52.78666666666667,52.705,52.86833333333334,0.003094215711038288,66.47038650417565,-1,58.0608,64.9916352627942,51.129964737205796
2011-11-25 00:00:00+05:30,55.54,55.95,54.49,54.82,10421620,54.50333333333333,54.055,54.95166666666666,0.016451593174729273,66.47038650417565,-1,57.940799999999996,64.98707883637822,50.894521163621775
2011-11-28 00:00:00+05:30,55.57,56.48,55.41,56.22,6404140,55.086666666666666,55.22,54.95333333333333,0.004840856831659186,66.47038650417565,-1,57.9504,64.98661370909039,50.91418629090961
2011-11-29 00:00:00+05:30,56.2,56.46,54.84,55.04,8835055,56.03666666666666,55.94499999999999,56.12833333333333,0.0032716673606567807,66.47038650417565,-1,57.83240000000001,64.96034675625398,50.70445324374603
2011-11-30 00:00:00+05:30,54.8,55.19,54.01,54.44,5147235,55.446666666666665,55.650000000000006,55.243333333333325,0.007334375375736693,66.47038650417565,-1,57.7316,64.97636015890048,50.486839841099524
2011-12-01 00:00:00+05:30,55.6,57.32,55.31,55.82,6583495,54.54666666666666,54.599999999999994,54.493333333333325,0.0019555120997311625,66.47038650417565,-1,57.742000000000004,64.97499771878795,50.509002281212055
2011-12-02 00:00:00+05:30,55.82,58.26,55.82,58.04,9220790,56.15,56.315,55.985,0.005877114870881537,66.47038650417565,-1,57.8104,65.02099993065707,50.59980006934294
2011-12-05 00:00:00+05:30,57.4,58.28,57.11,57.77,8584095,57.373333333333335,57.04,57.70666666666667,0.011619800139437683,66.47038650417565,-1,57.6704,64.74143948228206,50.59936051771795
2011-12-07 00:00:00+05:30,57.8,59.89,57.0,59.27,13563890,57.72,57.695,57.745,0.000866250866250817,66.47038650417565,-1,57.515600000000006,64.26293269966672,50.76826730033329
2011-12-08 00:00:00+05:30,56.31,59.02,56.31,57.44,10935975,58.72,58.445,58.995,0.00936648501362393,66.47038650417565,-1,57.2988,63.68389093435573,50.91370906564427
2011-12-09 00:00:00+05:30,56.9,57.56,55.84,57.31,18987445,57.59,57.665000000000006,57.515,0.0026046188574406263,66.47038650417565,-1,57.132799999999996,63.28817883805633,50.97742116194366
2011-12-12 00:00:00+05:30,57.6,58.32,56.06,56.54,16738910,56.903333333333336,56.7,57.10666666666667,0.007146622927772238,66.47038650417565,-1,56.93599999999999,62.83464798068098,51.03735201931901
2011-12-13 00:00:00+05:30,56.0,56.2,54.68,55.63,12729365,56.97333333333333,57.19,56.75666666666666,0.007605897495904583,66.47038650417565,-1,56.681599999999996,62.224271355943074,51.13892864405692
2011-12-14 00:00:00+05:30,55.95,56.8,55.23,55.57,13058660,55.50333333333333,55.44,55.56666666666666,0.0022821452165034863,66.47038650417565,-1,56.3724,61.222964602187254,51.521835397812744
2011-12-15 00:00:00+05:30,55.01,55.01,53.06,53.57,15262180,55.86666666666667,56.015,55.718333333333334,0.005310262529832939,66.47038650417565,-1,56.0404,60.45716978797764,51.623630212022356
2011-12-16 00:00:00+05:30,54.0,54.72,50.63,51.3,19255795,53.879999999999995,54.035,53.724999999999994,0.0057535263548627,66.47038650417565,-1,55.63719999999999,59.866997233909935,51.40740276609005
2011-12-19 00:00:00+05:30,51.0,51.25,49.4,51.01,12249735,52.21666666666666,52.675,51.758333333333326,0.017555059048835076,66.2791382688017,-1,55.291599999999995,59.56509666666446,51.01810333333553
2011-12-20 00:00:00+05:30,51.19,51.6,48.04,48.52,19200075,50.553333333333335,50.325,50.781666666666666,0.009033364103916591,66.13277273804962,-1,54.88320000000001,59.68327573273511,50.08312426726491
2011-12-21 00:00:00+05:30,49.05,50.6,48.56,50.09,11756070,49.38666666666666,49.82,48.953333333333326,0.01754859611231117,65.82266182852764,-1,54.6092,59.68261280007773,49.535787199922275
2011-12-22 00:00:00+05:30,50.2,51.8,48.82,51.59,15521760,49.75,49.58,49.92,0.006834170854271425,65.82266182852764,-1,54.50719999999999,59.7149988286792,49.29940117132078
2011-12-23 00:00:00+05:30,51.6,52.27,50.04,50.4,17342680,50.73666666666667,50.31,51.16333333333334,0.016818868668287343,65.82266182852764,-1,54.3504,59.801663281111324,48.89913671888868
2011-12-26 00:00:00+05:30,50.24,51.35,50.24,50.89,5211800,50.903333333333336,51.155,50.65166666666667,0.00988802305022586,65.82266182852764,-1,54.2228,59.84021440878209,48.60538559121791
2011-12-27 00:00:00+05:30,51.0,51.1,49.75,50.18,5696920,50.826666666666675,50.795,50.85833333333335,0.0012460650577127514,65.82266182852764,-1,54.12519999999999,59.93220299982638,48.318197000173605
2011-12-28 00:00:00+05:30,50.1,50.29,48.21,48.32,11961890,50.343333333333334,50.425,50.26166666666667,0.0032443885320795913,64.98666019939513,-1,53.9252,60.15814503745963,47.69225496254036
2011-12-29 00:00:00+05:30,48.0,48.29,47.37,47.86,11895005,48.94,49.25,48.629999999999995,0.012668573763792492,63.203193791419324,-1,53.721599999999995,60.38624505881542,47.05695494118457
2011-12-30 00:00:00+05:30,48.2,49.08,47.35,47.76,9134895,47.839999999999996,47.83,47.849999999999994,0.00041806020066881316,63.203193791419324,-1,53.416000000000004,60.43595099697947,46.396049003020536
2012-01-02 00:00:00+05:30,48.0,48.51,46.1,46.37,16278750,48.06333333333333,48.215,47.91166666666666,0.006311117275816804,62.612759398172045,-1,53.077999999999996,60.59136941724504,45.56463058275495
2012-01-03 00:00:00+05:30,47.2,49.38,46.6,49.18,21337225,46.99333333333333,47.305,46.681666666666665,0.013264292807490457,62.612759398172045,-1,52.796400000000006,60.34524654500231,45.2475534549977
2012-01-04 00:00:00+05:30,49.98,51.0,47.61,48.21,19977935,48.38666666666666,47.99,48.783333333333324,0.016395701295122397,62.612759398172045,-1,52.523199999999996,60.22039059397604,44.82600940602395
2012-01-05 00:00:00+05:30,48.2,49.82,47.64,49.57,16636020,48.94,49.305,48.574999999999996,0.014916223947691131,62.612759398172045,-1,52.3284,60.068071682958745,44.58872831704126
2012-01-06 00:00:00+05:30,49.0,50.55,48.5,49.96,16571055,49.01,48.730000000000004,49.28999999999999,0.011426239542950176,62.612759398172045,-1,52.093999999999994,59.75099888990415,44.437001110095835
2012-01-09 00:00:00+05:30,50.4,50.48,48.85,49.8,16560130,49.669999999999995,49.525,49.81499999999999,0.005838534326555105,62.612759398172045,-1,51.764399999999995,59.07058166760132,44.45821833239867
2012-01-10 00:00:00+05:30,50.0,53.1,50.0,52.86,16994660,49.71,49.665,49.755,0.0018105009052505213,62.612759398172045,-1,51.568000000000005,58.47070207962026,44.66529792037975
2012-01-11 00:00:00+05:30,52.75,54.7,52.57,54.46,17791780,51.98666666666666,51.55,52.42333333333332,0.016799179276737384,62.612759398172045,-1,51.375600000000006,57.64824557901958,45.10295442098043
2012-01-12 00:00:00+05:30,54.46,56.7,53.7,56.12,17364820,53.910000000000004,53.635000000000005,54.185,0.010202188833240533,62.612759398172045,-1,51.3228,57.40984465565958,45.23575534434042
2012-01-13 00:00:00+05:30,56.4,57.14,55.52,56.16,14516560,55.50666666666667,55.2,55.81333333333333,0.011049723756906013,62.612759398172045,-1,51.2768,57.19726949489598,45.356330505104026
2012-01-16 00:00:00+05:30,55.46,56.39,54.76,56.06,7915470,56.27333333333333,56.33,56.21666666666667,0.00201397938632857,62.612759398172045,-1,51.257600000000004,57.112420318335474,45.40277968166453
2012-01-17 00:00:00+05:30,56.26,57.91,56.26,57.06,9409235,55.73666666666667,55.575,55.89833333333334,0.0058010884516477065,62.612759398172045,-1,51.3148,57.364083250104414,45.26551674989558
2012-01-18 00:00:00+05:30,57.1,57.2,55.6,56.21,7636335,57.07666666666666,57.084999999999994,57.06833333333333,0.0002920049056823989,62.612759398172045,-1,51.3404,57.466427045320145,45.21437295467986
2012-01-19 00:00:00+05:30,57.09,57.64,56.54,57.46,7842060,56.33666666666667,56.400000000000006,56.27333333333334,0.002248387669368649,62.612759398172045,-1,51.496,58.02500482462632,44.96699517537368
2012-01-20 00:00:00+05:30,57.7,59.98,57.5,59.58,14383555,57.21333333333334,57.09,57.33666666666667,0.004311349335819209,62.612759398172045,-1,51.827200000000005,59.082484463065086,44.571915536934924
2012-01-23 00:00:00+05:30,60.0,61.88,59.8,61.51,22157770,59.02,58.739999999999995,59.30000000000001,0.009488309047780693,62.612759398172045,-1,52.2472,60.42202480790833,44.07237519209167
2012-01-24 00:00:00+05:30,61.7,64.7,59.74,63.88,46331850,61.06333333333333,60.84,61.28666666666666,0.007314809760357962,46.113066305419856,1,52.861599999999996,62.067392402612235,43.655807597387756
2012-01-25 00:00:00+05:30,64.38,66.58,63.7,66.06,35077840,62.77333333333333,62.22,63.32666666666667,0.017629566694987296,48.87094365320306,1,53.5004,63.976893275900714,43.023906724099284
2012-01-27 00:00:00+05:30,65.8,66.63,64.02,65.2,16161410,65.44666666666667,65.14,65.75333333333334,0.009371498421106406,48.97590590707493,1,54.0448,65.44165868298774,42.647941317012275
2012-01-30 00:00:00+05:30,64.67,64.91,62.33,62.75,18450955,65.28333333333332,65.32499999999999,65.24166666666665,0.0012764871074803599,48.97590590707493,1,54.5388,66.3248762868731,42.7527237131269
2012-01-31 00:00:00+05:30,63.32,66.4,63.17,66.09,11771910,63.330000000000005,63.62,63.04000000000001,0.009158376756671152,48.97590590707493,1,55.146800000000006,67.66285269404025,42.63074730595975
2012-02-01 00:00:00+05:30,66.09,67.49,64.88,67.23,11113750,65.22,64.785,65.655,0.013339466421343217,49.26785012860185,1,55.8288,69.02745971377367,42.630140286226336
2012-02-02 00:00:00+05:30,67.7,68.3,65.63,67.8,16279970,66.53333333333335,66.185,66.88166666666669,0.010470941883767834,49.976936123457776,1,56.608000000000004,70.23460691441534,42.98139308558467
2012-02-03 00:00:00+05:30,67.48,69.36,66.02,68.95,13128310,67.24333333333334,66.965,67.52166666666668,0.008278391909978762,50.446258678519456,1,57.4516,71.41459988397878,43.48860011602122
2012-02-06 00:00:00+05:30,69.98,70.89,68.35,69.18,13525150,68.11,67.69,68.53,0.012332990750256987,52.35480833137869,1,58.3084,72.41547133887084,44.20132866112915
2012-02-07 00:00:00+05:30,69.19,69.51,67.1,67.52,15675840,69.47333333333334,69.62,69.32666666666668,0.0042222435466844205,52.35480833137869,1,59.1544,72.82623625413905,45.48256374586095
2012-02-08 00:00:00+05:30,67.42,68.08,66.0,66.69,18883530,68.04333333333334,68.305,67.78166666666667,0.0076911771910058374,52.35480833137869,1,59.854800000000004,73.20112248374026,46.508477516259745
2012-02-09 00:00:00+05:30,66.23,69.6,66.0,69.2,14263600,66.92333333333333,67.03999999999999,66.80666666666667,0.003486576679782638,52.35480833137869,1,60.6944,73.6397325395677,47.7490674604323
2012-02-10 00:00:00+05:30,68.98,70.0,67.65,69.56,14558735,68.26666666666667,67.8,68.73333333333333,0.013671875000000056,52.35480833137869,1,61.49400000000001,74.05583298726704,48.932167012732975
2012-02-13 00:00:00+05:30,69.43,70.4,68.1,69.85,9574445,69.07000000000001,68.825,69.31500000000001,0.007094252207905155,52.35480833137869,1,62.2896,74.33759001327566,50.24160998672434
2012-02-14 00:00:00+05:30,69.82,72.0,69.55,71.59,13775870,69.45,69.25,69.65,0.005759539236861132,53.413197109907706,1,63.16120000000001,74.60656981665467,51.715830183345346
2012-02-15 00:00:00+05:30,75.0,75.0,71.9,73.17,12342405,71.04666666666667,70.775,71.31833333333333,0.0076475555972598626,55.82786922551139,1,63.9736,75.26104134691248,52.686158653087524
2012-02-16 00:00:00+05:30,73.16,74.48,72.0,73.45,16939125,73.35666666666667,73.45,73.26333333333334,0.0025446448857181906,55.82786922551139,1,64.7332,75.91288403131274,53.55351596868726
2012-02-17 00:00:00+05:30,74.6,74.83,72.45,72.82,7645555,73.31,73.24000000000001,73.38,0.0019096985404445008,56.06642027823129,1,65.4012,76.43722728521405,54.365172714785956
2012-02-21 00:00:00+05:30,71.0,74.18,70.2,73.75,10762910,73.36666666666666,73.64,73.09333333333332,0.0074511585642891565,56.06642027823129,1,66.1048,76.93541013239737,55.27418986760263
2012-02-22 00:00:00+05:30,73.82,74.15,68.81,69.14,18165725,72.71,72.19,73.22999999999999,0.014303397056800882,56.06642027823129,1,66.628,76.70458037232812,56.551419627671876
2012-02-23 00:00:00+05:30,68.6,71.26,67.54,70.72,24058310,70.7,71.48,69.92,0.022065063649222096,56.06642027823129,1,67.1744,76.57519329418471,57.7736067058153
2012-02-24 00:00:00+05:30,70.58,71.46,67.11,67.95,11557050,69.84,69.4,70.28,0.01260022909507439,56.06642027823129,1,67.64399999999999,75.9116584351307,59.37634156486928
2012-02-27 00:00:00+05:30,67.95,67.95,63.42,63.95,15232130,68.83999999999999,69.285,68.39499999999998,0.012928529924462738,56.06642027823129,1,67.9036,75.22983314944234,60.57736685055765
2012-02-28 00:00:00+05:30,65.19,70.2,64.4,69.87,19757525,65.10666666666667,65.685,64.52833333333334,0.01776571779643661,56.06642027823129,1,68.3152,74.8366676139645,61.793732386035515
2012-02-29 00:00:00+05:30,70.42,71.17,68.0,69.09,10790200,68.15666666666668,67.30000000000001,69.01333333333335,0.02513816207756646,56.06642027823129,1,68.61840000000001,74.52163214518856,62.71516785481145
2012-03-01 00:00:00+05:30,68.46,69.24,67.42,68.0,7258105,69.42,69.58500000000001,69.255,0.004753673292999316,56.06642027823129,1,68.7832,74.36963992538963,63.19676007461035
2012-03-02 00:00:00+05:30,68.14,71.35,68.07,70.09,15549565,68.22,68.33,68.11,0.003224860744649646,56.06642027823129,1,68.9444,74.43904053055223,63.44975946944776
2012-03-05 00:00:00+05:30,69.77,69.78,67.33,67.94,6190950,69.83666666666666,69.71,69.96333333333332,0.0036275118132785594,56.06642027823129,1,69.054,74.35127779146869,63.75672220853132
2012-03-06 00:00:00+05:30,67.6,71.3,66.74,68.47,19686660,68.35000000000001,68.555,68.14500000000001,0.005998536942209166,56.06642027823129,1,69.2828,73.92476689346091,64.64083310653908
2012-03-07 00:00:00+05:30,68.0,68.49,66.2,67.56,16764080,68.83666666666666,69.02,68.65333333333332,0.005326618565687002,56.06642027823129,1,69.3416,73.85578627883112,64.82741372116888
2012-03-09 00:00:00+05:30,69.56,74.28,68.65,73.25,24908540,67.41666666666667,67.345,67.48833333333334,0.0021260815822004213,56.06642027823129,1,69.58239999999999,74.25964459056686,64.90515540943312
2012-03-12 00:00:00+05:30,74.0,74.94,70.87,72.92,119209690,72.06,71.465,72.655,0.016514016097696333,56.06642027823129,1,69.7872,74.58124470567255,64.99315529432745
2012-03-13 00:00:00+05:30,73.99,73.99,72.6,73.71,11548850,72.91000000000001,72.905,72.91500000000002,0.00013715539706513955,56.06642027823129,1,69.9776,74.99634974072097,64.95885025927902
2012-03-14 00:00:00+05:30,75.98,77.74,74.15,77.3,26934685,73.43333333333332,73.29499999999999,73.57166666666666,0.00376758965047668,56.06642027823129,1,70.30239999999999,76.06806465899523,64.53673534100476
2012-03-15 00:00:00+05:30,76.8,77.54,74.0,75.04,32447355,76.39666666666666,75.945,76.84833333333333,0.011824250621754911,56.06642027823129,1,70.6032,76.53897821687994,64.66742178312006
2012-03-16 00:00:00+05:30,75.39,76.54,72.84,73.53,20056935,75.52666666666669,75.77000000000001,75.28333333333336,0.00644364021537625,56.06642027823129,1,70.87679999999999,76.69526363226464,65.05833636773534
2012-03-19 00:00:00+05:30,74.0,74.0,71.43,72.19,10367325,74.30333333333333,74.69,73.91666666666666,0.010407787896460553,56.06642027823129,1,70.9964,76.79496500868846,65.19783499131152
2012-03-20 00:00:00+05:30,72.3,73.8,71.36,73.19,13116355,72.54,72.715,72.36500000000001,0.004824924179762811,56.06642027823129,1,71.1416,76.97073422044699,65.31246577955301
2012-03-21 00:00:00+05:30,72.48,75.09,72.48,74.87,11171740,72.78333333333333,72.58,72.98666666666666,0.005587359743531023,56.06642027823129,1,71.3424,77.32360062863519,65.3611993713648
2012-03-22 00:00:00+05:30,74.38,76.56,72.6,73.35,20748290,74.14666666666666,73.785,74.50833333333333,0.009755439669124203,56.06642027823129,1,71.4128,77.44521250578788,65.38038749421213
2012-03-23 00:00:00+05:30,73.76,75.18,73.24,74.41,10563425,74.17,74.58,73.76,0.011055682890656508,56.06642027823129,1,71.4624,77.57169070841992,65.35310929158008
2012-03-26 00:00:00+05:30,73.4,74.0,71.03,71.63,18090955,74.27666666666667,74.21000000000001,74.34333333333333,0.0017950904276801923,56.06642027823129,1,71.3896,77.44555899589702,65.33364100410299
2012-03-27 00:00:00+05:30,72.42,72.71,67.1,70.88,44477790,72.22,72.515,71.925,0.008169482137911983,56.06642027823129,1,71.312,77.34231806789542,65.28168193210458
2012-03-28 00:00:00+05:30,70.42,70.95,69.22,70.03,15669935,70.23,69.905,70.555,0.009255304001139195,56.06642027823129,1,71.1632,77.1287778462766,65.1976221537234
2012-03-29 00:00:00+05:30,69.2,73.38,68.24,72.42,22352725,70.06666666666668,70.08500000000001,70.04833333333335,0.0005233111322549248,56.06642027823129,1,71.2944,77.22036477883441,65.36843522116558
2012-03-30 00:00:00+05:30,71.15,74.0,71.15,73.76,10941725,71.34666666666668,70.81,71.88333333333335,0.015043917024855425,56.06642027823129,1,71.416,77.41414904783016,65.41785095216983
2012-04-02 00:00:00+05:30,73.97,75.47,73.66,74.61,19365795,72.97000000000001,72.575,73.36500000000002,0.01082636700013732,56.06642027823129,1,71.6824,77.63253218004323,65.73226781995677
2012-04-03 00:00:00+05:30,75.04,76.18,74.5,74.85,9341450,74.58,74.565,74.595,0.00040225261464201043,56.06642027823129,1,72.11840000000001,77.28392782975621,66.95287217024381
2012-04-04 00:00:00+05:30,74.65,75.53,73.75,74.71,9609890,75.17666666666666,75.34,75.01333333333332,0.004345319913093808,56.06642027823129,1,72.312,77.48872946946098,67.13527053053902
2012-04-09 00:00:00+05:30,75.4,75.49,73.36,74.52,11035360,74.66333333333334,74.64,74.68666666666668,0.0006250279030315781,56.06642027823129,1,72.5292,77.60156251070305,67.45683748929696
2012-04-10 00:00:00+05:30,74.71,76.14,73.4,75.51,10879660,74.45666666666666,74.425,74.48833333333333,0.0008506066168240934,56.06642027823129,1,72.8296,77.67803720800688,67.98116279199311
2012-04-11 00:00:00+05:30,75.4,75.9,74.36,75.16,11170215,75.01666666666667,74.77000000000001,75.26333333333332,0.006576316374138782,56.06642027823129,1,73.0324,77.82936664153353,68.23543335846647
2012-04-12 00:00:00+05:30,75.4,76.0,74.02,74.29,15780860,75.14,75.13,75.15,0.00026616981634296287,56.06642027823129,1,73.2864,77.62882652902562,68.94397347097438
2012-04-13 00:00:00+05:30,74.73,75.99,72.7,73.09,16195390,74.77,75.00999999999999,74.53,0.006419687040256651,56.06642027823129,1,73.4712,77.34606802871858,69.59633197128142
2012-04-16 00:00:00+05:30,72.79,74.29,72.55,73.75,13567515,73.92666666666666,74.345,73.50833333333333,0.01131752186851844,56.06642027823129,1,73.7188,76.75047449439832,70.68712550560168
2012-04-17 00:00:00+05:30,74.4,75.5,72.62,74.24,21066960,73.53,73.42,73.64,0.002991976064191471,56.06642027823129,1,73.7584,76.79040886541996,70.72639113458003
2012-04-18 00:00:00+05:30,74.66,75.17,73.73,73.98,8820810,74.12,74.06,74.18,0.001618996222342209,56.06642027823129,1,73.8008,76.8143157938835,70.7872842061165
2012-04-19 00:00:00+05:30,74.0,74.4,73.23,73.55,6445235,74.29333333333334,74.45,74.13666666666667,0.0042175161521895085,56.06642027823129,1,73.7944,76.80933922989922,70.77946077010077
2012-04-20 00:00:00+05:30,73.5,73.96,72.3,72.88,8824110,73.72666666666667,73.815,73.63833333333335,0.002396238357898292,56.06642027823129,1,73.6176,76.28824205014175,70.94695794985824
2012-04-23 00:00:00+05:30,72.0,74.8,71.12,71.76,11175030,73.04666666666667,73.13,72.96333333333334,0.0022816464360681373,56.06642027823129,1,73.4864,76.18674593339175,70.78605406660826
2012-04-24 00:00:00+05:30,72.16,72.9,71.41,71.88,6512450,72.56,72.96000000000001,72.16,0.011025358324145692,56.06642027823129,1,73.4204,76.19294817090442,70.64785182909559
2012-04-25 00:00:00+05:30,72.0,74.28,71.85,73.21,21993950,72.06333333333333,72.155,71.97166666666666,0.0025440584670891873,56.06642027823129,1,73.4612,76.18979418748656,70.73260581251346
2012-04-26 00:00:00+05:30,72.6,72.77,70.91,71.53,22606205,73.11333333333333,73.065,73.16166666666666,0.0013221482629706943,56.06642027823129,1,73.39479999999999,76.22544442132623,70.56415557867375
2012-04-27 00:00:00+05:30,71.99,72.18,69.1,69.66,14464395,71.73666666666666,71.84,71.63333333333333,0.002880907021049361,56.06642027823129,1,73.1864,76.30448084564615,70.06831915435386
2012-04-30 00:00:00+05:30,69.4,70.76,69.4,69.94,6884420,70.31333333333333,70.64,69.98666666666666,0.009291741727505489,56.06642027823129,1,73.05,76.41600415923472,69.68399584076528
2012-05-02 00:00:00+05:30,70.4,70.58,69.45,69.73,6990135,70.03333333333335,70.08000000000001,69.98666666666668,0.001332698714897673,56.06642027823129,1,72.86280000000001,76.42053195167729,69.30506804832272
2012-05-03 00:00:00+05:30,69.1,69.56,67.07,67.56,12518765,69.92,70.015,69.825,0.0027173913043477935,56.06642027823129,1,72.7,76.79968584162074,68.60031415837926
2012-05-04 00:00:00+05:30,68.0,68.0,66.3,66.74,10880370,68.06333333333333,68.315,67.81166666666667,0.007395073216122195,56.06642027823129,1,72.5344,77.20892698783369,67.85987301216632
2012-05-07 00:00:00+05:30,66.5,68.3,64.43,67.91,12162340,67.01333333333334,67.15,66.87666666666667,0.004078790290489562,56.06642027823129,1,72.44959999999999,77.37306700608275,67.52613299391723
2012-05-08 00:00:00+05:30,68.02,68.38,65.34,65.83,10386010,66.88000000000001,66.36500000000001,67.39500000000001,0.015400717703349297,56.06642027823129,1,72.186,77.75138444314368,66.62061555685634
2012-05-09 00:00:00+05:30,65.32,66.54,63.03,64.1,11543315,66.51666666666667,66.86,66.17333333333333,0.010323227261338021,56.06642027823129,1,71.7996,78.15894205401672,65.44025794598328
2012-05-10 00:00:00+05:30,64.2,65.72,63.8,65.2,14769885,64.55666666666666,64.785,64.32833333333332,0.007073888573346585,56.06642027823129,1,71.4232,78.17446232937112,64.67193767062886
2012-05-11 00:00:00+05:30,65.68,67.17,64.21,65.9,8626760,64.90666666666665,64.75999999999999,65.05333333333331,0.004519309778142806,56.06642027823129,1,71.0652,77.99837617257674,64.13202382742327
2012-05-14 00:00:00+05:30,66.01,66.69,63.1,63.72,8432075,65.76,65.69,65.83000000000001,0.0021289537712897624,56.06642027823129,1,70.62559999999999,77.9606339167577,63.29056608324228
2012-05-15 00:00:00+05:30,63.0,64.28,62.3,63.35,17594245,64.50333333333333,64.895,64.11166666666666,0.012144075241589553,56.06642027823129,1,70.1788,77.86300992945833,62.49459007054166
2012-05-16 00:00:00+05:30,63.0,63.0,59.71,60.71,21600315,63.31,63.29,63.330000000000005,0.0006318117201075067,56.06642027823129,1,69.5868,77.79917255852328,61.37442744147671
2012-05-17 00:00:00+05:30,61.0,62.84,60.2,60.47,18025065,61.14000000000001,61.355000000000004,60.92500000000001,0.007033038927052544,56.06642027823129,1,68.9992,77.62421277912019,60.37418722087982
2012-05-18 00:00:00+05:30,60.0,63.0,58.8,62.49,17588195,61.169999999999995,61.52,60.819999999999986,0.011443518064410938,56.06642027823129,1,68.52720000000001,77.23352233724358,59.82087766275642
2012-05-21 00:00:00+05:30,62.61,64.79,62.61,64.48,13322330,61.43,60.9,61.96,0.017255412664821786,56.06642027823129,1,68.1828,76.82081554988105,59.544784450118954
2012-05-22 00:00:00+05:30,65.25,65.61,63.86,64.31,15228520,63.96,63.7,64.22,0.008130081300812947,56.06642027823129,1,67.8052,76.26012541894882,59.35027458105118
2012-05-23 00:00:00+05:30,64.0,64.65,63.02,64.14,8794225,64.59333333333333,64.735,64.45166666666667,0.004386417586954248,56.06642027823129,1,67.4012,75.54719449054485,59.25520550945516
2012-05-24 00:00:00+05:30,64.61,65.8,64.0,65.6,10688050,63.93666666666667,63.83500000000001,64.03833333333333,0.0031802304363690984,56.06642027823129,1,67.066,74.77975291281663,59.35224708718337
2012-05-25 00:00:00+05:30,65.6,66.39,65.12,66.01,12383420,65.13333333333334,64.9,65.36666666666667,0.007164790174002076,56.06642027823129,1,66.76440000000001,74.01628213914066,59.51251786085936
2012-05-28 00:00:00+05:30,66.19,67.8,66.11,67.62,6017515,65.83999999999999,65.755,65.92499999999998,0.002582017010935412,56.06642027823129,1,66.554,73.37644530941708,59.73155469058292
2012-05-29 00:00:00+05:30,67.79,68.14,67.12,67.69,6101320,67.17666666666666,66.955,67.39833333333333,0.006599513720041602,56.06642027823129,1,66.3912,72.89580100544123,59.88659899455876
2012-05-30 00:00:00+05:30,67.62,67.62,65.32,65.6,5598590,67.64999999999999,67.63,67.66999999999999,0.0005912786400590103,56.06642027823129,1,66.14,72.2504238805493,60.029576119450695
2012-05-31 00:00:00+05:30,64.2,67.2,64.2,65.97,13771135,66.17999999999999,66.47,65.88999999999999,0.008763977032336244,56.06642027823129,1,65.8504,71.23638620124366,60.46441379875632
2012-06-01 00:00:00+05:30,65.97,66.96,64.22,64.67,9887445,65.79,65.7,65.88000000000001,0.002735978112175206,56.06642027823129,1,65.57600000000001,70.45138142097491,60.700618579025104
2012-06-04 00:00:00+05:30,64.0,64.69,62.1,64.21,8922395,65.28333333333335,65.59,64.97666666666669,0.009394945111054103,56.06642027823129,1,65.358,69.96333950974164,60.75266049025837
2012-06-05 00:00:00+05:30,65.48,65.68,63.79,64.62,7766480,63.666666666666664,63.394999999999996,63.93833333333333,0.008534031413612616,56.06642027823129,1,65.14519999999999,69.35898735106403,60.93141264893595
2012-06-06 00:00:00+05:30,64.81,66.68,64.81,66.31,6369340,64.69666666666667,64.735,64.65833333333335,0.0011850172600338055,56.06642027823129,1,65.0084,68.8208750176214,61.195924982378585
2012-06-07 00:00:00+05:30,67.8,68.08,65.91,67.63,13314670,65.93333333333334,65.745,66.12166666666667,0.005712841253791685,56.06642027823129,1,65.0112,68.83126207279246,61.19113792720755
2012-06-08 00:00:00+05:30,67.5,69.4,66.6,69.09,9168085,67.20666666666666,66.995,67.41833333333332,0.0062989782759644555,56.06642027823129,1,65.1052,69.19679966761014,61.01360033238986
2012-06-11 00:00:00+05:30,69.71,70.6,68.0,68.56,7975525,68.36333333333333,68.0,68.72666666666666,0.010629479740601583,56.06642027823129,1,65.1312,69.30126981236374,60.961130187636265
2012-06-12 00:00:00+05:30,68.2,70.0,67.75,69.62,7317465,69.05333333333333,69.3,68.80666666666666,0.007144236339061683,56.06642027823129,1,65.2828,69.80422816375395,60.76137183624605
2012-06-13 00:00:00+05:30,69.9,70.24,68.89,69.22,7604155,69.12333333333333,68.875,69.37166666666667,0.007185224477986252,56.06642027823129,1,65.4876,70.23438259034342,60.74081740965658
2012-06-14 00:00:00+05:30,69.06,69.06,66.12,66.41,9960825,69.45,69.565,69.33500000000001,0.0033117350611949568,56.06642027823129,1,65.536,70.29472587989552,60.77727412010448
2012-06-15 00:00:00+05:30,66.8,67.27,66.13,66.88,8841685,67.19666666666667,67.59,66.80333333333334,0.011706929907237387,56.06642027823129,1,65.5752,70.36134039075196,60.78905960924803
2012-06-18 00:00:00+05:30,69.19,69.19,64.2,64.98,15032820,66.75999999999999,66.69999999999999,66.82,0.0017974835230677737,56.06642027823129,1,65.6256,70.35877848385073,60.892421516149284
2012-06-19 00:00:00+05:30,65.01,65.25,63.62,64.62,14011455,66.12333333333333,66.695,65.55166666666668,0.01729092100620028,56.06642027823129,1,65.6764,70.33750675269162,61.015293247308385
2012-06-20 00:00:00+05:30,65.0,66.96,64.73,66.5,14036715,64.49666666666667,64.435,64.55833333333334,0.0019122435267972739,56.06642027823129,1,65.908,70.11198287341747,61.70401712658253
2012-06-21 00:00:00+05:30,66.13,68.8,65.72,68.65,11307305,66.06333333333333,65.845,66.28166666666667,0.006609818860689249,56.06642027823129,1,66.23519999999999,69.93880740899834,62.53159259100165
2012-06-22 00:00:00+05:30,67.58,68.58,67.02,68.05,6976670,67.72333333333333,67.25999999999999,68.18666666666667,0.013683122508244473,56.06642027823129,1,66.4576,69.89294233519564,63.02225766480436
2012-06-25 00:00:00+05:30,68.2,69.96,67.42,67.82,7174785,67.88333333333333,67.8,67.96666666666665,0.0024551927326293722,56.06642027823129,1,66.59120000000001,69.9677986199114,63.21460138008863
2012-06-26 00:00:00+05:30,68.0,68.78,67.6,68.28,7873375,68.39999999999999,68.69,68.10999999999999,0.008479532163742873,56.06642027823129,1,66.75,70.05518622773174,63.44481377226827
2012-06-27 00:00:00+05:30,68.72,68.96,66.72,66.97,10714670,68.22,68.19,68.25,0.0008795074758135777,56.06642027823129,1,66.8632,69.99222653232401,63.73417346767601
2012-06-28 00:00:00+05:30,66.2,66.77,64.62,66.32,147813475,67.55,67.84,67.25999999999999,0.008586232420429498,56.06642027823129,1,66.892,69.9870592886062,63.79694071139379
2012-06-29 00:00:00+05:30,67.2,68.1,66.88,67.88,13399530,65.90333333333332,65.695,66.11166666666665,0.006322391381315926,56.06642027823129,1,66.96679999999999,70.063366976506,63.87023302349398
2012-07-02 00:00:00+05:30,68.33,69.17,67.81,68.88,15016445,67.61999999999999,67.49,67.74999999999999,0.003845016267376382,56.06642027823129,1,67.0172,70.19461288472046,63.83978711527955
2012-07-03 00:00:00+05:30,68.88,70.78,68.71,70.13,18270885,68.62,68.49000000000001,68.75,0.0037889828038471423,56.06642027823129,1,67.1148,70.51123163334515,63.71836836665486
2012-07-04 00:00:00+05:30,70.39,70.7,69.49,69.93,8020600,69.87333333333333,69.745,70.00166666666667,0.003673313615112975,56.06642027823129,1,67.288,70.79751164693717,63.77848835306283
2012-07-05 00:00:00+05:30,69.73,71.74,68.92,71.52,15680455,70.04,70.095,69.98500000000001,0.0015705311250711767,56.06642027823129,1,67.51,71.3449925684397,63.67500743156032
2012-07-06 00:00:00+05:30,71.5,72.68,70.32,72.23,14544905,70.72666666666667,70.33,71.12333333333335,0.011216891318691921,56.06642027823129,1,67.8124,71.88860325302697,63.73619674697303
2012-07-09 00:00:00+05:30,71.96,72.85,71.2,71.95,13207985,71.74333333333334,71.5,71.98666666666668,0.006783440970125151,56.1456494060531,1,68.122,72.23233040034347,64.01166959965653
2012-07-10 00:00:00+05:30,71.79,72.7,71.64,71.89,10979745,72.0,72.025,71.975,0.0006944444444446023,56.62902342981097,1,68.4128,72.51961977203624,64.30598022796377
2012-07-11 00:00:00+05:30,71.78,72.4,70.5,70.67,9174905,72.07666666666667,72.17,71.98333333333333,0.0025898348980252614,56.62902342981097,1,68.5872,72.69232078263084,64.48207921736915
2012-07-12 00:00:00+05:30,70.5,71.0,69.75,70.73,10477855,71.19,71.45,70.92999999999999,0.007304396684927802,56.62902342981097,1,68.7112,72.87996123566555,64.54243876433446
2012-07-13 00:00:00+05:30,71.0,71.31,69.6,69.85,6516620,70.49333333333334,70.375,70.61166666666668,0.003357291469642691,56.62902342981097,1,68.7416,72.93199541809454,64.55120458190547
2012-07-16 00:00:00+05:30,69.62,70.9,69.52,70.0,8210675,70.25333333333333,70.455,70.05166666666666,0.0057411273486430445,56.62902342981097,1,68.7992,73.01752163780665,64.58087836219335
2012-07-17 00:00:00+05:30,70.6,70.78,69.71,70.1,5113750,70.14,70.21000000000001,70.07,0.0019960079840321467,56.62902342981097,1,68.8184,73.05581687351949,64.5809831264805
2012-07-18 00:00:00+05:30,70.0,70.6,68.54,70.23,7929530,70.19666666666667,70.245,70.14833333333334,0.0013770834322617029,56.62902342981097,1,68.8588,73.12988724331262,64.58771275668738
2012-07-19 00:00:00+05:30,70.6,71.3,70.33,70.97,10560650,69.79,69.57,70.01000000000002,0.006304628170225334,56.62902342981097,1,69.0412,73.26763990138127,64.81476009861873
2012-07-20 00:00:00+05:30,70.88,71.18,69.8,70.79,6447635,70.86666666666666,70.815,70.91833333333332,0.001458137347130639,56.62902342981097,1,69.19760000000001,73.38173108781116,65.01346891218886
2012-07-23 00:00:00+05:30,70.21,70.28,67.8,67.94,9730280,70.59000000000002,70.49000000000001,70.69000000000003,0.00283326250177103,56.62902342981097,1,69.316,73.17058480254201,65.461415197458
2012-07-24 00:00:00+05:30,68.19,68.79,67.46,68.16,8626510,68.67333333333333,69.03999999999999,68.30666666666667,0.010678574895641007,56.62902342981097,1,69.4576,72.84331247450042,66.07188752549958
2012-07-25 00:00:00+05:30,68.43,69.98,67.86,69.21,25745135,68.13666666666667,68.125,68.14833333333334,0.00034244899955981407,56.62902342981097,1,69.56599999999999,72.73242890335275,66.39957109664722
2012-07-26 00:00:00+05:30,69.6,70.94,68.4,69.13,28565025,69.01666666666667,68.92,69.11333333333333,0.0028012557353295536,56.62902342981097,1,69.5852,72.73495615563932,66.43544384436068
2012-07-27 00:00:00+05:30,70.54,71.83,70.06,70.88,13970600,69.49,69.67,69.30999999999999,0.005180601525399535,56.62902342981097,1,69.6984,72.82263650833093,66.57416349166908
2012-07-30 00:00:00+05:30,70.01,72.24,57.0,72.02,9900750,70.92333333333333,70.945,70.90166666666667,0.0006109883912204119,56.62902342981097,1,69.8664,73.02009436692711,66.71270563307289
2012-07-31 00:00:00+05:30,71.97,73.45,71.54,73.04,17070505,67.08666666666666,64.62,69.55333333333331,0.07353671867236375,56.62902342981097,1,70.0568,73.3748703789986,66.7387296210014
2012-08-01 00:00:00+05:30,73.2,73.77,72.4,73.1,7090925,72.67666666666668,72.495,72.85833333333335,0.00499931202128162,56.62902342981097,1,70.30199999999999,73.57710854781759,67.0268914521824
2012-08-02 00:00:00+05:30,73.4,73.4,72.24,72.68,2448205,73.09,73.08500000000001,73.095,0.0001368176221096033,56.62902342981097,1,70.5564,73.52881116940235,67.58398883059765
2012-08-03 00:00:00+05:30,72.6,73.75,71.16,73.56,8135680,72.77333333333333,72.82,72.72666666666666,0.0012825210699890122,56.62902342981097,1,70.7836,73.77125931123143,67.79594068876858
2012-08-06 00:00:00+05:30,73.8,74.79,72.95,73.14,13706045,72.82333333333334,72.455,73.19166666666668,0.01011580537373569,56.7347562642764,1,70.954,73.97370064741322,67.93429935258676
2012-08-07 00:00:00+05:30,73.13,74.48,73.0,74.06,13446345,73.62666666666667,73.87,73.38333333333333,0.0066099239406013964,56.875766013705345,1,71.11120000000001,74.34456763143135,67.87783236856868
2012-08-08 00:00:00+05:30,74.0,74.37,73.22,73.45,6365740,73.84666666666668,73.74000000000001,73.95333333333335,0.0028888688272998768,57.28333537315713,1,71.252,74.57274208573745,67.93125791426255
2012-08-09 00:00:00+05:30,73.5,73.98,72.35,72.53,6608160,73.68,73.795,73.56500000000001,0.0031216069489683734,57.28333537315713,1,71.2924,74.64957633733884,67.93522366266116
2012-08-10 00:00:00+05:30,72.18,72.9,71.04,71.31,8033865,72.95333333333333,73.16499999999999,72.74166666666667,0.005802796308141979,57.28333537315713,1,71.2556,74.59095763599466,67.92024236400535
2012-08-13 00:00:00+05:30,72.0,72.75,70.42,72.38,11347325,71.75,71.97,71.53,0.006132404181184637,57.28333537315713,1,71.2728,74.62668739226407,67.91891260773593
2012-08-14 00:00:00+05:30,72.57,73.58,72.14,73.14,6790940,71.85000000000001,71.58500000000001,72.11500000000001,0.007376478775226181,57.28333537315713,1,71.3228,74.74850294100173,67.89709705899827
2012-08-16 00:00:00+05:30,73.88,73.88,71.66,72.0,7627015,72.95333333333333,72.86,73.04666666666667,0.0025587133327241262,57.28333537315713,1,71.376,74.8008083158022,67.95119168419781
2012-08-17 00:00:00+05:30,72.2,73.0,71.4,71.87,6120060,72.51333333333334,72.77,72.25666666666667,0.007079157856026311,57.28333537315713,1,71.4216,74.84114233194852,68.00205766805148
2012-08-21 00:00:00+05:30,72.09,72.34,71.2,71.65,8803000,72.09,72.2,71.98,0.0030517408794562195,57.28333537315713,1,71.4936,74.85301842585706,68.13418157414294
2012-08-22 00:00:00+05:30,71.56,72.24,70.85,71.45,6659955,71.73,71.77000000000001,71.69,0.0011152934615922558,57.28333537315713,1,71.55160000000001,74.8554773827108,68.24772261728921
2012-08-23 00:00:00+05:30,72.0,72.0,70.16,70.9,8833670,71.51333333333332,71.54499999999999,71.48166666666665,0.0008856157359932775,57.28333537315713,1,71.58359999999999,74.84585384665078,68.3213461533492
2012-08-24 00:00:00+05:30,70.74,70.74,68.48,68.9,15464575,71.02,71.08,70.96,0.0016896648831315763,57.28333537315713,1,71.5304,74.92010431748669,68.14069568251331
2012-08-27 00:00:00+05:30,69.59,69.59,67.0,67.17,11928725,69.37333333333333,69.61,69.13666666666667,0.006822986738420082,57.28333537315713,1,71.3784,75.1717528388469,67.5850471611531
2012-08-28 00:00:00+05:30,67.2,67.68,66.21,67.12,11033060,67.92,68.295,67.545,0.011042402826855124,57.28333537315713,1,71.2316,75.37277927165535,67.09042072834465
2012-08-29 00:00:00+05:30,67.12,67.46,66.04,66.16,10056265,67.00333333333333,66.945,67.06166666666667,0.0017412069051292113,57.28333537315713,1,71.1604,75.57751753975235,66.74328246024764
2012-08-30 00:00:00+05:30,66.2,66.95,65.64,65.99,16751295,66.55333333333333,66.75,66.35666666666665,0.005910047080036238,57.28333537315713,1,71.0736,75.79776047144759,66.34943952855241
2012-08-31 00:00:00+05:30,66.01,66.78,65.2,65.75,14183785,66.19333333333333,66.295,66.09166666666665,0.003071809849934747,57.28333537315713,1,70.93520000000001,76.05573784674891,65.8146621532511
2012-09-03 00:00:00+05:30,66.24,66.74,65.02,65.6,11635285,65.91000000000001,65.99000000000001,65.83000000000001,0.0024275527234106594,57.28333537315713,1,70.794,76.28700063717345,65.30099936282654
2012-09-04 00:00:00+05:30,65.8,66.75,65.22,66.6,7125215,65.78666666666666,65.88,65.69333333333333,0.0028374543980543288,57.28333537315713,1,70.6228,76.35594718457392,64.88965281542607
2012-09-05 00:00:00+05:30,66.4,66.5,64.56,64.82,14429015,66.19,65.985,66.395,0.006194289167547917,57.28333537315713,1,70.3348,76.4676991382533,64.20190086174671
2012-09-06 00:00:00+05:30,65.19,65.74,64.02,65.36,16073455,65.29333333333334,65.53,65.05666666666667,0.007249336328364241,57.28333537315713,1,70.0276,76.35404046522119,63.701159534778824
2012-09-07 00:00:00+05:30,66.39,67.48,66.22,67.0,16270315,65.04,64.88,65.20000000000002,0.004920049200492336,57.28333537315713,1,69.78359999999999,76.08772405969204,63.47947594030795
2012-09-10 00:00:00+05:30,67.51,67.78,66.32,66.62,5417165,66.89999999999999,66.85,66.94999999999999,0.001494768310911724,57.28333537315713,1,69.5412,75.84723094188318,63.235169058116824
2012-09-11 00:00:00+05:30,66.11,66.84,65.79,65.97,7019740,66.90666666666667,67.05,66.76333333333334,0.004284575528098771,57.28333537315713,1,69.2376,75.47087914985268,63.00432085014733
2012-09-12 00:00:00+05:30,66.4,67.5,65.75,67.34,13269955,66.2,66.315,66.08500000000001,0.0034743202416916883,57.28333537315713,1,69.0056,75.0700883180684,62.9411116819316
2012-09-13 00:00:00+05:30,67.58,68.5,66.02,67.81,13460900,66.86333333333333,66.625,67.10166666666666,0.007128969539857313,57.28333537315713,1,68.7556,74.4712993062956,63.039900693704396
2012-09-14 00:00:00+05:30,68.8,71.98,68.62,71.18,35396820,67.44333333333333,67.25999999999999,67.62666666666667,0.005436662877477501,57.28333537315713,1,68.6648,74.14665113260001,63.182948867399986
2012-09-17 00:00:00+05:30,71.58,76.16,71.58,75.51,50077475,70.59333333333335,70.30000000000001,70.88666666666668,0.008310510907545655,58.57871547269674,1,68.784,74.70857390872864,62.859426091271374
2012-09-18 00:00:00+05:30,75.4,75.43,73.67,74.13,12382345,74.41666666666667,73.87,74.96333333333334,0.014692049272116465,59.35516685378887,1,68.8968,75.1098127184795,62.683787281520495
2012-09-20 00:00:00+05:30,73.62,74.08,72.45,72.7,11271160,74.41000000000001,74.55000000000001,74.27000000000001,0.0037629350893697232,59.35516685378887,1,68.9096,75.15251080826789,62.666689191732104
2012-09-21 00:00:00+05:30,72.69,75.17,72.6,74.18,26447800,73.07666666666667,73.265,72.88833333333334,0.005154404050540507,59.35516685378887,1,68.9512,75.31892692881755,62.58347307118246
2012-09-24 00:00:00+05:30,74.2,76.2,73.86,75.4,27529840,73.98333333333333,73.88499999999999,74.08166666666668,0.0026582563640462275,59.80704746155375,1,69.0872,75.84298690013148,62.33141309986852
2012-09-25 00:00:00+05:30,75.75,76.83,74.43,75.07,16700605,75.15333333333334,75.03,75.27666666666667,0.0032821786569680166,60.343965563091594,1,69.21520000000001,76.290728802852,62.139671197148026
2012-09-26 00:00:00+05:30,74.8,75.29,74.33,74.89,10346245,75.44333333333333,75.63,75.25666666666666,0.004948526487871713,60.343965563091594,1,69.34479999999999,76.70686084191023,61.98273915808976
2012-09-27 00:00:00+05:30,75.21,77.0,74.85,76.19,28703355,74.83666666666666,74.81,74.86333333333332,0.0007126631330450304,60.97734266294521,1,69.53439999999999,77.33466477499245,61.73413522500754
2012-09-28 00:00:00+05:30,76.38,77.68,75.82,76.41,12410220,76.01333333333334,75.925,76.10166666666667,0.002324153657253243,61.879448956427396,1,69.7548,77.9958720079361,61.5137279920639
2012-10-01 00:00:00+05:30,76.0,79.0,76.0,78.84,12621070,76.63666666666667,76.75,76.52333333333334,0.0029576790918184434,62.38427099817031,1,70.1524,79.11747406327399,61.18732593672601
2012-10-03 00:00:00+05:30,78.99,80.5,78.69,80.19,19286545,77.94666666666667,77.5,78.39333333333335,0.01146082791652427,64.5771001582435,1,70.6732,80.36778689372517,60.978613106274814
2012-10-04 00:00:00+05:30,80.19,81.39,79.11,79.68,11823615,79.79333333333334,79.595,79.99166666666667,0.004971175536803518,65.19441615191376,1,71.1756,81.37044902095113,60.980750979048885
2012-10-05 00:00:00+05:30,80.0,80.39,77.33,78.7,10997845,80.06,80.25,79.87,0.004746440169872539,65.19441615191376,1,71.6772,82.06768567873456,61.286714321265436
2012-10-08 00:00:00+05:30,78.8,79.58,76.9,77.13,8250440,78.80666666666667,78.86,78.75333333333334,0.0013535233905759443,65.19441615191376,1,72.1228,82.45479693379687,61.790803066203125
2012-10-09 00:00:00+05:30,77.42,79.28,77.42,78.84,7855350,77.87,78.24000000000001,77.5,0.009503017850263376,65.19441615191376,1,72.6464,82.96021811745717,62.33258188254282
2012-10-10 00:00:00+05:30,78.8,79.18,77.47,78.64,5608425,78.51333333333334,78.35,78.67666666666668,0.004160652118536327,65.19441615191376,1,73.168,83.32132536659729,63.01467463340272
2012-10-11 00:00:00+05:30,78.9,79.66,78.53,79.41,17336535,78.43,78.325,78.53500000000001,0.0026775468570701,65.19441615191376,1,73.6804,83.74874799557446,63.61205200442556
2012-10-12 00:00:00+05:30,79.4,80.0,78.51,78.93,7046720,79.2,79.095,79.305,0.002651515151515252,65.19441615191376,1,74.2448,83.83363203732279,64.65596796267721
2012-10-15 00:00:00+05:30,78.93,79.38,78.1,78.99,5908305,79.14666666666666,79.255,79.03833333333333,0.0027375336927223963,65.19441615191376,1,74.79,83.83041414980465,65.74958585019536
2012-10-16 00:00:00+05:30,79.4,79.4,76.24,76.54,22239765,78.82333333333332,78.74,78.90666666666665,0.002114433120480279,65.19441615191376,1,75.1716,83.65258801791325,66.69061198208675
2012-10-17 00:00:00+05:30,77.0,77.5,76.53,77.06,10208270,77.39333333333333,77.82,76.96666666666667,0.011025928159186725,65.19441615191376,1,75.5892,83.34157959854832,67.83682040145169
2012-10-18 00:00:00+05:30,77.06,78.4,77.06,77.82,13285105,77.03,77.015,77.045,0.0003894586524730772,65.19441615191376,1,76.06320000000001,82.78572028929538,69.34067971070463
2012-10-19 00:00:00+05:30,77.82,77.91,75.71,76.69,8175230,77.76,77.73,77.79,0.0007716049382716342,65.19441615191376,1,76.4372,82.1398801277985,70.7345198722015
2012-10-22 00:00:00+05:30,76.44,77.55,75.81,77.41,6536820,76.77,76.81,76.72999999999999,0.001042073726716328,65.19441615191376,1,76.8212,81.31270066681371,72.3296993331863
2012-10-23 00:00:00+05:30,77.4,80.13,77.01,79.87,36661590,76.92333333333333,76.68,77.16666666666666,0.006326645577847862,65.19441615191376,1,77.1688,81.17951093947046,73.15808906052955
2012-10-25 00:00:00+05:30,80.94,83.65,80.0,83.24,32377850,79.00333333333333,78.57,79.43666666666667,0.010970001265769472,66.74405201569078,1,77.47800000000001,82.07806956469008,72.87793043530993
2012-10-26 00:00:00+05:30,82.94,83.59,82.24,82.6,24327755,82.29666666666667,81.825,82.76833333333333,0.011462594677791664,68.05928993506315,1,77.8168,82.62363087282962,73.00996912717038
2012-10-29 00:00:00+05:30,83.0,84.2,82.6,82.97,13951570,82.80999999999999,82.91499999999999,82.70499999999998,0.002535925612848786,68.69051833766063,1,78.2276,82.97000539810631,73.48519460189368
2012-10-30 00:00:00+05:30,82.0,84.0,81.25,81.49,18996925,83.25666666666667,83.4,83.11333333333334,0.0034431677142970937,68.69051833766063,1,78.52,83.12760762218181,73.91239237781818
2012-10-31 00:00:00+05:30,81.46,82.43,80.95,82.32,8849940,82.24666666666667,82.625,81.86833333333334,0.009199967577206702,68.69051833766063,1,78.79679999999999,83.45259972077707,74.14100027922291
2012-11-01 00:00:00+05:30,82.32,83.52,82.14,82.51,8518460,81.89999999999999,81.69,82.10999999999999,0.005128205128204976,68.69051833766063,1,79.0944,83.71024429546621,74.47855570453378
2012-11-02 00:00:00+05:30,82.82,84.35,82.82,84.01,9939630,82.72333333333334,82.83,82.61666666666669,0.0025788773824391726,69.14225059070897,1,79.4592,84.12947680549965,74.78892319450034
2012-11-05 00:00:00+05:30,84.2,84.7,83.21,83.7,5853575,83.72666666666667,83.585,83.86833333333335,0.003384027390716138,69.67276056708062,1,79.7596,84.51543844973608,75.00376155026393
2012-11-06 00:00:00+05:30,83.6,84.35,83.11,84.16,5269325,83.87,83.955,83.78500000000001,0.002026946464766752,69.67276056708062,1,80.0696,84.92105250002389,75.2181474999761
2012-11-07 00:00:00+05:30,83.92,84.88,83.52,84.03,7241575,83.87333333333332,83.72999999999999,84.01666666666665,0.0034178523169858727,70.32337613862148,1,80.27720000000001,85.33999138815616,75.21440861184385
2012-11-08 00:00:00+05:30,82.35,84.15,82.35,83.91,5060790,84.14333333333333,84.19999999999999,84.08666666666667,0.0013469080537176507,70.32337613862148,1,80.426,85.68467207572293,75.16732792427707
2012-11-09 00:00:00+05:30,84.13,85.49,84.04,85.03,9982530,83.47,83.25,83.69,0.005271354977836321,71.05006344935356,1,80.64,86.18733233184997,75.09266766815003
2012-11-12 00:00:00+05:30,85.0,85.99,84.8,84.97,9549265,84.85333333333334,84.765,84.94166666666668,0.0020820238843495815,71.89546091137942,1,80.8908,86.62830306666481,75.15329693333518
2012-11-13 00:00:00+05:30,85.0,100.8,84.01,84.38,2573430,85.25333333333333,85.395,85.11166666666666,0.0033234282139505567,74.74424247492425,1,81.1808,86.86124764433121,75.5003523556688
2012-11-15 00:00:00+05:30,84.36,84.36,83.27,83.51,10020390,89.73,92.405,87.055,0.0596233143876072,74.74424247492425,1,81.3676,87.03498396087542,75.70021603912457
2012-11-16 00:00:00+05:30,83.6,84.64,82.9,83.09,6107865,83.71333333333332,83.815,83.61166666666665,0.00242892410607646,74.74424247492425,1,81.5456,87.13816672378506,75.95303327621492
2012-11-19 00:00:00+05:30,83.15,83.72,82.4,82.88,6938635,83.54333333333334,83.77000000000001,83.31666666666666,0.005426325659338635,74.74424247492425,1,81.6844,87.23011136645138,76.13868863354861
2012-11-20 00:00:00+05:30,83.3,84.13,82.93,83.93,5466705,83.0,83.06,82.94,0.0014457831325301752,74.74424247492425,1,81.8844,87.37874932999242,76.39005067000758
2012-11-21 00:00:00+05:30,84.22,84.97,83.96,84.44,7596265,83.66333333333334,83.53,83.79666666666668,0.0031873779831867394,74.74424247492425,1,82.1024,87.55238577612714,76.65241422387287
2012-11-22 00:00:00+05:30,84.53,84.84,83.83,84.17,4607595,84.45666666666666,84.465,84.44833333333332,0.00019733985870481823,74.74424247492425,1,82.4076,87.41392649354675,77.40127350645325
2012-11-23 00:00:00+05:30,84.3,84.42,83.26,84.12,4281765,84.28000000000002,84.33500000000001,84.22500000000002,0.0013051732320833555,74.74424247492425,1,82.69,87.23290479759241,78.14709520240758
2012-11-26 00:00:00+05:30,84.0,84.68,83.72,83.9,4807645,83.93333333333334,83.84,84.02666666666667,0.0022239872915012005,74.74424247492425,1,82.9332,87.03697278123292,78.82942721876708
2012-11-27 00:00:00+05:30,84.27,87.1,84.05,86.87,13614240,84.10000000000001,84.2,84.00000000000001,0.002378121284185358,74.74424247492425,1,83.34039999999999,86.86474949458594,79.81605050541404
2012-11-29 00:00:00+05:30,86.9,89.55,86.61,88.67,15138480,86.00666666666666,85.57499999999999,86.43833333333333,0.010037981551817813,74.74424247492425,1,83.7908,87.03536429123979,80.54623570876022
2012-11-30 00:00:00+05:30,88.8,89.58,88.04,88.45,11040960,88.27666666666666,88.08,88.47333333333331,0.004455688554921837,74.74424247492425,1,84.134,87.46112007597988,80.80687992402012
2012-12-03 00:00:00+05:30,88.64,89.8,88.22,89.48,7214650,88.69,88.81,88.57,0.002706054797609754,74.74424247492425,1,84.3836,88.29069664072804,80.47650335927196
2012-12-04 00:00:00+05:30,88.5,90.52,88.5,90.13,6487305,89.16666666666667,89.00999999999999,89.32333333333335,0.0035140186915890953,74.74424247492425,1,84.6848,89.12066517378383,80.24893482621616
2012-12-05 00:00:00+05:30,90.21,90.78,89.53,90.08,6341945,89.71666666666665,89.50999999999999,89.92333333333332,0.004607096414638606,75.26043535607783,1,84.9692,89.82102331087896,80.11737668912104
2012-12-06 00:00:00+05:30,90.42,94.0,89.62,93.54,11082015,90.13,90.155,90.10499999999999,0.0005547542438700917,76.28481794183473,1,85.45120000000001,91.14571475017746,79.75668524982257
2012-12-07 00:00:00+05:30,94.6,94.6,90.68,91.09,17578005,92.38666666666667,91.81,92.96333333333334,0.012483763890893375,76.63822522416135,1,85.80199999999999,91.75631944053966,79.84768055946033
2012-12-10 00:00:00+05:30,91.2,92.09,91.07,91.51,6025060,92.12333333333333,92.64,91.60666666666667,0.01121684698049714,76.63822522416135,1,86.162,92.3599480475387,79.96405195246132
2012-12-11 00:00:00+05:30,91.62,93.2,90.42,91.3,7699350,91.55666666666667,91.58,91.53333333333335,0.0005097025521533401,76.63822522416135,1,86.4536,92.90009580469798,80.007104195302
2012-12-12 00:00:00+05:30,91.2,91.76,90.22,90.82,7044145,91.64,91.81,91.47,0.0037101702313400635,76.63822522416135,1,86.7384,93.30118643260535,80.17561356739465
2012-12-13 00:00:00+05:30,91.0,91.18,89.21,89.61,6923545,90.93333333333334,90.99000000000001,90.87666666666667,0.0012463343108505564,76.63822522416135,1,86.95640000000002,93.52418045918019,80.38861954081985
2012-12-14 00:00:00+05:30,89.69,92.53,89.31,92.12,6880120,90.0,90.195,89.805,0.004333333333333181,76.63822522416135,1,87.28,94.03371779096439,80.52628220903561
2012-12-17 00:00:00+05:30,92.12,93.43,92.0,93.21,6191905,91.32000000000001,90.92,91.72000000000001,0.008760402978537137,77.13969561731275,1,87.652,94.642597113265,80.661402886735
2012-12-18 00:00:00+05:30,93.31,94.36,91.0,93.69,7799660,92.88,92.715,93.04499999999999,0.003552971576227219,77.13969561731275,1,87.9984,95.2868625100215,80.7099374899785
2012-12-19 00:00:00+05:30,93.79,94.95,93.4,93.95,7764605,93.01666666666667,92.68,93.35333333333332,0.007238846084930849,78.48363148091545,1,88.3576,95.89455170211335,80.82064829788666
2012-12-20 00:00:00+05:30,94.16,94.98,92.62,94.6,7238320,94.10000000000001,94.17500000000001,94.025,0.0015940488841658413,78.48363148091545,1,88.76639999999999,96.50206882434796,81.03073117565202
2012-12-21 00:00:00+05:30,94.54,94.6,91.45,91.86,13644435,94.06666666666668,93.80000000000001,94.33333333333334,0.005669737774627903,78.48363148091545,1,89.1004,96.61737062386099,81.583429376139
2012-12-24 00:00:00+05:30,91.8,92.68,91.45,92.33,3488290,92.63666666666667,93.025,92.24833333333333,0.008384009211615315,78.48363148091545,1,89.47,96.67050664884002,82.26949335115998
2012-12-26 00:00:00+05:30,92.4,93.4,91.89,92.77,4547165,92.15333333333332,92.065,92.24166666666665,0.001917094697243523,78.48363148091545,1,89.8656,96.64905063813318,83.08214936186683
2012-12-27 00:00:00+05:30,92.52,93.64,92.05,93.25,8394315,92.68666666666667,92.64500000000001,92.72833333333332,0.0008990865280872587,78.48363148091545,1,90.2384,96.69246335264765,83.78433664735235
2012-12-28 00:00:00+05:30,93.62,93.62,91.86,92.61,5663540,92.98,92.845,93.11500000000001,0.002903850290385139,78.48363148091545,1,90.5652,96.62723165943478,84.50316834056522
2012-12-31 00:00:00+05:30,92.6,93.93,92.39,92.81,3882155,92.69666666666667,92.74000000000001,92.65333333333334,0.0009349491171923454,78.48363148091545,1,90.9108,96.43646352938627,85.38513647061372
2013-01-01 00:00:00+05:30,93.35,95.7,93.21,95.4,5381020,93.04333333333334,93.16,92.92666666666668,0.0025077920682118017,79.23734237647021,1,91.36200000000001,96.41815506091238,86.30584493908763
2013-01-02 00:00:00+05:30,95.79,97.92,95.77,97.57,9784680,94.77,94.455,95.085,0.006647673314339933,81.5304486814114,1,91.90880000000001,96.55917570955187,87.25842429044816
2013-01-03 00:00:00+05:30,97.4,99.39,97.4,98.44,11175970,97.08666666666666,96.845,97.32833333333332,0.004978369841378701,83.13583073415496,1,92.3716,97.22257822711977,87.52062177288023
2013-01-04 00:00:00+05:30,98.4,98.81,97.6,97.81,6492540,98.41000000000001,98.39500000000001,98.42500000000001,0.00030484706838737055,83.21739750478875,1,92.73720000000002,97.7906377051657,87.68376229483434
2013-01-07 00:00:00+05:30,97.81,100.28,97.81,99.65,12424670,98.07333333333334,98.205,97.94166666666668,0.0026850655971720604,83.9653016045972,1,93.18519999999998,98.61101715873195,87.759382841268
2013-01-08 00:00:00+05:30,99.6,100.2,98.75,99.93,8237425,99.24666666666667,99.045,99.44833333333334,0.004063948411365648,84.59248954041331,1,93.6032,99.41893787579792,87.78746212420208
2013-01-09 00:00:00+05:30,100.0,101.98,100.0,100.84,13271735,99.62666666666667,99.475,99.77833333333334,0.003044700214132846,86.1287899587968,1,94.0316,100.3195253939587,87.7436746060413
2013-01-10 00:00:00+05:30,101.21,103.36,100.6,103.09,11726305,100.94000000000001,100.99000000000001,100.89000000000001,0.0009906875371507263,86.9404383604449,1,94.552,101.55807279436854,87.54592720563147
2013-01-11 00:00:00+05:30,103.3,103.31,99.3,99.68,20748980,102.34999999999998,101.97999999999999,102.71999999999997,0.0072300928187589725,86.9404383604449,1,94.79759999999999,102.06996804349112,87.52523195650886
2013-01-14 00:00:00+05:30,99.8,101.92,99.0,101.3,12428020,100.76333333333334,101.305,100.22166666666666,0.010751265341228715,86.9404383604449,1,95.206,102.74163268743847,87.67036731256154
2013-01-15 00:00:00+05:30,101.2,106.5,101.2,105.59,24333505,100.74000000000001,100.46000000000001,101.02000000000001,0.005558864403414753,87.24028991326658,1,95.7692,104.17061115765628,87.36778884234371
2013-01-16 00:00:00+05:30,106.2,109.0,103.33,103.61,35973650,104.42999999999999,103.85,105.00999999999999,0.01110791918031214,88.63207831673591,1,96.2616,104.99398694515948,87.52921305484053
2013-01-17 00:00:00+05:30,103.22,105.76,102.0,104.78,23747745,105.31333333333333,106.16499999999999,104.46166666666667,0.016173957080458178,88.63207831673591,1,96.82,105.86873913868621,87.77126086131378
2013-01-18 00:00:00+05:30,104.82,105.35,102.98,103.4,14648145,104.17999999999999,103.88,104.47999999999999,0.0057592628143597075,88.63207831673591,1,97.3716,106.27511603356743,88.46808396643257
2013-01-21 00:00:00+05:30,103.6,104.2,102.11,102.34,9755405,103.91000000000001,104.16499999999999,103.65500000000003,0.004908093542488331,88.63207831673591,1,97.78040000000001,106.62014204148474,88.94065795851529
2013-01-22 00:00:00+05:30,102.2,103.8,99.0,101.78,10474485,102.88333333333333,103.155,102.61166666666665,0.005281062692370169,88.63207831673591,1,98.1232,106.89179800880349,89.3546019911965
2013-01-23 00:00:00+05:30,101.87,103.39,100.3,102.89,9589035,101.52666666666669,101.4,101.65333333333336,0.002495239345984884,88.63207831673591,1,98.49119999999999,107.2569101389444,89.72548986105558
2013-01-24 00:00:00+05:30,102.81,103.2,101.15,101.56,8815275,102.19333333333333,101.845,102.54166666666666,0.0068171439754712475,88.63207831673591,1,98.79560000000001,107.43702595640286,90.15417404359715
2013-01-25 00:00:00+05:30,101.59,101.74,98.95,100.85,13114410,101.97000000000001,102.17500000000001,101.76500000000001,0.004020790428557385,88.63207831673591,1,99.04560000000001,107.54754345782148,90.54365654217854
2013-01-28 00:00:00+05:30,101.24,105.06,101.2,104.71,15045005,100.51333333333332,100.345,100.68166666666664,0.003349472706771686,88.63207831673591,1,99.5596,107.81179191245536,91.30740808754464
2013-01-29 00:00:00+05:30,105.18,105.2,102.01,102.29,25670720,103.65666666666665,103.13,104.18333333333331,0.010161751937485738,88.63207831673591,1,99.95800000000001,107.7229118475353,92.19308815246472
2013-01-30 00:00:00+05:30,102.67,104.49,102.2,104.0,15270780,103.16666666666667,103.605,102.72833333333334,0.008497576736672037,88.63207831673591,1,100.40720000000002,107.74436570890929,93.07003429109075
2013-01-31 00:00:00+05:30,104.01,104.76,103.41,104.43,7798360,103.56333333333333,103.345,103.78166666666667,0.004216421513405653,88.63207831673591,1,100.8544,107.74114339292487,93.96765660707513
2013-02-01 00:00:00+05:30,104.43,107.32,103.82,106.47,17842710,104.2,104.08500000000001,104.315,0.002207293666026773,88.63207831673591,1,101.40880000000001,107.76239506421325,95.05520493578678
2013-02-04 00:00:00+05:30,106.6,107.78,104.59,104.96,8342665,105.87,105.57,106.17000000000002,0.005667327854916622,88.63207831673591,1,101.89479999999999,107.33638541603409,96.45321458396589
2013-02-05 00:00:00+05:30,104.8,104.96,102.26,102.78,9497325,105.77666666666666,106.185,105.36833333333331,0.007720669334762153,88.63207831673591,1,102.19,106.94798949137083,97.43201050862916
2013-02-06 00:00:00+05:30,103.0,103.73,100.62,102.28,12926095,103.33333333333333,103.61,103.05666666666666,0.005354838709677501,88.63207831673591,1,102.3784,106.74677243833392,98.01002756166608
2013-02-07 00:00:00+05:30,102.4,103.2,100.66,101.58,8800420,102.21,102.17500000000001,102.24499999999998,0.000684864494667496,88.63207831673591,1,102.50400000000002,106.5831920768696,98.42480792313044
2013-02-08 00:00:00+05:30,101.02,102.77,101.02,101.93,8289905,101.81333333333333,101.93,101.69666666666666,0.002291775798847713,88.63207831673591,1,102.66879999999999,106.28245552315042,99.05514447684956
2013-02-11 00:00:00+05:30,102.4,103.68,101.6,103.34,8514845,101.90666666666668,101.895,101.91833333333336,0.0002289676828473991,88.63207831673591,1,102.81640000000002,106.22012445418189,99.41267554581815
2013-02-12 00:00:00+05:30,103.39,104.6,102.94,104.43,7132355,102.87333333333333,102.64,103.10666666666667,0.004536322986196635,88.63207831673591,1,102.9964,106.24283252817547,99.74996747182452
2013-02-13 00:00:00+05:30,105.48,105.48,102.17,102.45,7447230,103.99000000000001,103.77,104.21000000000002,0.004231176074622811,88.63207831673591,1,103.06080000000001,106.19552382196517,99.92607617803486
2013-02-14 00:00:00+05:30,102.41,102.49,99.36,100.29,8949720,103.36666666666667,103.825,102.90833333333335,0.008868107062237895,88.63207831673591,1,102.9488,106.26611129681793,99.63148870318209
2013-02-15 00:00:00+05:30,100.29,100.71,98.37,100.39,10042725,100.71333333333332,100.925,100.50166666666665,0.004203349440656778,88.63207831673591,1,102.9772,106.1926801569899,99.7617198430101
2013-02-18 00:00:00+05:30,100.44,101.67,99.6,100.28,6031220,99.82333333333332,99.53999999999999,100.10666666666665,0.005676695495375125,88.63207831673591,1,102.93639999999999,106.26003598488097,99.61276401511901
2013-02-19 00:00:00+05:30,100.3,101.2,99.13,101.01,9129495,100.51666666666665,100.63499999999999,100.39833333333331,0.0023545017410049295,88.63207831673591,1,102.75319999999999,105.97490995590783,99.53149004409215
2013-02-20 00:00:00+05:30,101.4,102.19,100.76,101.84,6873390,100.44666666666666,100.16499999999999,100.72833333333332,0.005608283002588432,88.63207831673591,1,102.68240000000002,105.90347698759216,99.46132301240787
2013-02-21 00:00:00+05:30,101.44,101.44,96.82,97.39,11418430,101.59666666666665,101.475,101.7183333333333,0.0023950917024834575,88.63207831673591,1,102.38680000000001,106.10208613164527,98.67151386835475
2013-02-22 00:00:00+05:30,97.1,98.74,95.12,98.02,11938300,98.55,99.13,97.97,0.01177067478437338,88.63207831673591,1,102.1716,106.23422055328767,98.10897944671233
2013-02-25 00:00:00+05:30,98.6,98.6,95.42,95.86,15535955,97.29333333333334,96.93,97.65666666666667,0.0074688228038919365,88.63207831673591,1,101.91239999999999,106.66691542851585,97.15788457148413
2013-02-26 00:00:00+05:30,95.6,96.0,93.7,94.43,11238880,96.62666666666667,97.00999999999999,96.24333333333334,0.007934317648682056,88.63207831673591,1,101.61840000000001,107.20540973330057,96.03139026669945
2013-02-27 00:00:00+05:30,94.5,98.68,94.5,98.11,15321650,94.71,94.85,94.57,0.0029563932002956515,88.63207831673591,1,101.42720000000001,107.15250808253977,95.70189191746026
2013-02-28 00:00:00+05:30,99.01,99.48,93.44,94.4,25401920,97.09666666666668,96.59,97.60333333333335,0.010436334923959107,88.63207831673591,1,101.1408,107.49290810991083,94.78869189008917
2013-03-01 00:00:00+05:30,95.0,96.78,94.2,94.6,20642990,95.77333333333335,96.46000000000001,95.0866666666667,0.014339412501739935,88.63207831673591,1,100.8908,107.74141146467926,94.04018853532074
2013-03-04 00:00:00+05:30,96.0,96.0,93.64,94.99,10299945,95.19333333333334,95.49000000000001,94.89666666666668,0.006232929476854125,88.63207831673591,1,100.502,107.54213636231533,93.46186363768466
2013-03-05 00:00:00+05:30,95.34,96.58,93.8,96.01,12699775,94.87666666666667,94.82,94.93333333333334,0.001194533253697895,88.63207831673591,1,100.2508,107.46385021748736,93.03774978251263
2013-03-06 00:00:00+05:30,97.6,97.6,95.91,96.35,6451520,95.46333333333332,95.19,95.73666666666665,0.0057264569293619125,88.63207831673591,1,99.9448,107.1447380441775,92.7448619558225
2013-03-07 00:00:00+05:30,96.14,97.29,95.5,97.01,4397380,96.62,96.755,96.48500000000001,0.0027944524943074086,88.63207831673591,1,99.64800000000001,106.69399971615061,92.6020002838494
2013-03-08 00:00:00+05:30,97.36,98.1,96.04,97.17,8269145,96.60000000000001,96.39500000000001,96.805,0.004244306418219426,88.63207831673591,1,99.27599999999998,105.80506608941846,92.7469339105815
2013-03-11 00:00:00+05:30,97.2,99.6,97.2,98.75,8089175,97.10333333333334,97.07,97.13666666666668,0.0006865538429853897,88.63207831673591,1,99.0276,105.13144345801842,92.92375654198159
2013-03-12 00:00:00+05:30,99.11,100.11,97.62,98.4,8287530,98.51666666666667,98.4,98.63333333333333,0.0023684655726610056,88.63207831673591,1,98.8524,104.76376743571181,92.9410325642882
2013-03-13 00:00:00+05:30,98.0,98.21,96.12,96.48,4364440,98.71,98.86500000000001,98.55499999999998,0.003140512612704191,88.63207831673591,1,98.62039999999999,104.42985293121426,92.81094706878572
2013-03-14 00:00:00+05:30,96.47,97.68,94.2,96.95,9480165,96.93666666666667,97.16499999999999,96.70833333333334,0.004710979677452452,88.63207831673591,1,98.43520000000001,104.14987477989727,92.72052522010274
2013-03-15 00:00:00+05:30,97.0,98.2,94.52,94.74,8537335,96.27666666666666,95.94,96.61333333333332,0.0069937333379494985,88.63207831673591,1,98.1476,103.85349107502007,92.44170892497992
2013-03-18 00:00:00+05:30,94.0,94.65,91.67,91.88,12217560,95.82,96.36,95.27999999999999,0.011271133375078403,88.63207831673591,1,97.6892,103.49335001873604,91.88504998126396
2013-03-19 00:00:00+05:30,92.8,93.0,87.0,87.76,17212970,92.73333333333333,93.16,92.30666666666667,0.009202012940330604,110.32994780632471,-1,97.0224,103.37958247024524,90.66521752975477
2013-03-20 00:00:00+05:30,87.76,88.72,85.71,86.24,14927190,89.25333333333333,90.0,88.50666666666666,0.01673140125485516,107.57454989407172,-1,96.374,103.62798428451518,89.12001571548481
2013-03-21 00:00:00+05:30,86.4,89.2,85.52,86.42,15131420,86.89,87.215,86.565,0.007480722752906038,107.57454989407172,-1,95.8192,103.86833693758486,87.77006306241513
2013-03-22 00:00:00+05:30,86.6,88.91,86.2,88.1,11940000,87.04666666666667,87.36,86.73333333333333,0.007199203492379549,107.57454989407172,-1,95.3276,103.6949733608578,86.9602266391422
2013-03-25 00:00:00+05:30,89.0,89.6,86.34,87.03,6875915,87.73666666666668,87.555,87.91833333333335,0.0041411800463509426,107.57454989407172,-1,94.79759999999999,103.51431732706713,86.08088267293284
2013-03-26 00:00:00+05:30,86.8,87.23,84.54,85.06,10922525,87.65666666666668,87.97,87.34333333333336,0.007149104460584515,106.41774372007819,-1,94.15960000000001,103.2891835260976,85.03001647390242
2013-03-28 00:00:00+05:30,88.8,88.8,83.37,85.78,13023190,85.61000000000001,85.885,85.33500000000002,0.006424483121130509,106.41774372007819,-1,93.51719999999999,102.65477345469748,84.3796265453025
2013-04-01 00:00:00+05:30,85.8,86.8,84.4,86.46,7589125,85.98333333333335,86.08500000000001,85.88166666666669,0.002364799379724585,106.41774372007819,-1,93.08,102.4767841307541,83.6832158692459
2013-04-02 00:00:00+05:30,85.66,90.18,85.66,89.91,10772960,85.88666666666666,85.6,86.17333333333332,0.006675463789489911,106.41774372007819,-1,92.7556,102.00664634946729,83.50455365053271
2013-04-03 00:00:00+05:30,89.8,91.94,86.7,87.09,15064410,88.58333333333333,87.92,89.24666666666666,0.014976481655691294,106.41774372007819,-1,92.4048,101.8219912925241,82.98760870747589
2013-04-04 00:00:00+05:30,86.5,87.37,85.0,85.37,10367295,88.57666666666667,89.32,87.83333333333334,0.016783953637150305,106.41774372007819,-1,92.0424,101.8107198637223,82.2740801362777
2013-04-05 00:00:00+05:30,85.4,86.9,84.64,85.13,9522365,85.91333333333334,86.185,85.64166666666668,0.006324202684876103,106.41774372007819,-1,91.5232,101.32607095906049,81.72032904093952
2013-04-08 00:00:00+05:30,85.4,86.09,84.71,85.07,5022015,85.55666666666667,85.77000000000001,85.34333333333333,0.004986948221451785,106.41774372007819,-1,91.15,101.19380485672593,81.10619514327408
2013-04-09 00:00:00+05:30,85.8,87.36,84.71,84.91,9051245,85.29,85.4,85.18,0.0025794348692695372,106.41774372007819,-1,90.7624,100.98994598914086,80.53485401085914
2013-04-10 00:00:00+05:30,85.4,85.98,83.35,85.69,11236575,85.66000000000001,86.035,85.28500000000003,0.00875554517861279,105.60168311345542,-1,90.39040000000001,100.65228205740016,80.12851794259987
2013-04-11 00:00:00+05:30,86.8,87.7,85.5,87.37,10320780,85.00666666666666,84.66499999999999,85.34833333333333,0.00803858520900326,105.60168311345542,-1,90.0448,100.1063770056185,79.98322299438149
2013-04-12 00:00:00+05:30,87.4,88.94,86.67,88.51,9257855,86.85666666666667,86.6,87.11333333333334,0.005910120121272782,105.60168311345542,-1,89.7312,99.47070523589319,79.99169476410681
2013-04-15 00:00:00+05:30,89.0,92.66,88.62,91.58,11970230,88.04,87.805,88.275,0.005338482507950918,105.60168311345542,-1,89.514,98.82738821267485,80.20061178732514
2013-04-16 00:00:00+05:30,91.8,94.12,91.8,93.78,10249140,90.95333333333333,90.64,91.26666666666667,0.006889980209631296,105.60168311345542,-1,89.3784,98.33379824686712,80.42300175313288
2013-04-17 00:00:00+05:30,94.83,97.6,93.64,95.88,33430050,93.23333333333335,92.96000000000001,93.50666666666669,0.005863425098319781,105.60168311345542,-1,89.26360000000001,97.79925862485086,80.72794137514916
2013-04-18 00:00:00+05:30,96.54,98.6,94.9,98.25,15909155,95.70666666666666,95.62,95.79333333333332,0.001811089439955257,105.60168311345542,-1,89.2576,97.76773378038152,80.74746621961847
2013-04-22 00:00:00+05:30,98.6,99.8,97.57,98.87,11689930,97.25,96.75,97.75,0.010282776349614395,105.60168311345542,-1,89.3532,98.23145698208779,80.47494301791221
2013-04-23 00:00:00+05:30,99.38,99.49,96.82,99.04,10095395,98.74666666666667,98.685,98.80833333333334,0.001248987307588457,105.60168311345542,-1,89.43679999999999,98.63327361981703,80.24032638018295
2013-04-25 00:00:00+05:30,99.24,101.66,98.7,100.76,13817710,98.45,98.155,98.745,0.005992889791772508,105.60168311345542,-1,89.6776,99.69547087958269,79.65972912041731
2013-04-26 00:00:00+05:30,100.19,100.48,98.93,99.55,4704920,100.37333333333333,100.18,100.56666666666666,0.003852284803400532,105.60168311345542,-1,89.98440000000001,100.69884942869167,79.26995057130834
2013-04-29 00:00:00+05:30,99.55,101.54,98.35,100.99,7395980,99.65333333333335,99.70500000000001,99.60166666666669,0.0010369280171259492,105.60168311345542,-1,90.51360000000001,102.01435041725503,79.01284958274499
2013-04-30 00:00:00+05:30,101.2,101.8,98.84,100.33,8479455,100.29333333333334,99.945,100.64166666666668,0.006946290880085284,105.60168311345542,-1,91.07719999999999,103.0560300196635,79.09836998033649
2013-05-02 00:00:00+05:30,100.4,102.2,100.13,100.92,8054630,100.32333333333332,100.32,100.32666666666665,6.645180582776293e-05,105.60168311345542,-1,91.65719999999999,104.07401765348882,79.24038234651115
2013-05-03 00:00:00+05:30,100.92,101.71,99.1,99.5,18797890,101.08333333333333,101.16499999999999,101.00166666666667,0.0016158285243198045,105.60168311345542,-1,92.11319999999999,104.80818133279415,79.41821866720584
2013-05-06 00:00:00+05:30,99.4,99.6,97.4,99.28,7024525,100.10333333333334,100.405,99.80166666666668,0.006027105324497932,105.60168311345542,-1,92.60320000000002,105.4206103094187,79.78578969058132
2013-05-07 00:00:00+05:30,99.4,102.2,99.01,101.65,8163965,98.75999999999999,98.5,99.01999999999998,0.005265289590927317,105.60168311345542,-1,93.26679999999999,106.17089636665786,80.36270363334212
2013-05-08 00:00:00+05:30,101.8,102.51,100.82,101.34,4979590,100.95333333333333,100.605,101.30166666666666,0.006900878293600921,105.60168311345542,-1,93.8892,106.78982314153829,80.98857685846171
2013-05-09 00:00:00+05:30,101.38,102.38,100.26,100.57,5064430,101.55666666666666,101.66499999999999,101.44833333333332,0.0021334558702859018,105.60168311345542,-1,94.45360000000001,107.2388375871547,81.66836241284531
2013-05-10 00:00:00+05:30,100.2,102.35,99.9,102.0,7248730,101.07,101.32,100.82,0.004947066389630949,105.60168311345542,-1,94.93720000000002,107.91161484769137,81.96278515230867
2013-05-13 00:00:00+05:30,102.2,102.8,100.23,100.57,4427455,101.41666666666667,101.125,101.70833333333334,0.005751848808545697,105.60168311345542,-1,95.4764,108.21988759798485,82.73291240201515
2013-05-14 00:00:00+05:30,100.57,102.09,99.6,101.53,6268460,101.2,101.515,100.885,0.0062252964426877016,105.60168311345542,-1,96.12280000000001,108.38029667101706,83.86530332898296
2013-05-15 00:00:00+05:30,101.61,106.24,101.61,105.57,10867955,101.07333333333334,100.845,101.30166666666668,0.004518171624563132,105.60168311345542,-1,96.94040000000001,108.87847418975082,85.0023258102492
2013-05-16 00:00:00+05:30,106.0,109.4,106.0,108.51,11647435,104.47333333333331,103.925,105.02166666666663,0.01049709654776309,87.46400072162433,1,97.87799999999999,109.61993851116564,86.13606148883433
2013-05-17 00:00:00+05:30,108.8,109.54,107.51,108.55,6225355,107.97000000000001,107.7,108.24000000000002,0.005001389274798744,88.53004069275936,1,98.8236,110.03128005253521,87.61591994746479
2013-05-20 00:00:00+05:30,108.6,109.4,105.62,105.98,6713815,108.53333333333335,108.525,108.54166666666669,0.00015356265356277575,88.53004069275936,1,99.6352,109.81227874785274,89.45812125214725
2013-05-21 00:00:00+05:30,105.9,106.38,102.73,103.05,7879880,107.0,107.51,106.49,0.009532710280373927,88.53004069275936,1,100.2624,109.19523431840065,91.32956568159935
2013-05-22 00:00:00+05:30,104.0,104.53,100.97,101.97,6380590,104.05333333333334,104.555,103.55166666666668,0.009642491030240872,88.53004069275936,1,100.8008,108.35086949901765,93.25073050098234
2013-05-23 00:00:00+05:30,100.9,100.98,98.8,99.34,7569735,102.49000000000001,102.75,102.23000000000002,0.00507366572348504,88.53004069275936,1,101.1112,107.695718375705,94.526681624295
2013-05-24 00:00:00+05:30,100.8,101.8,99.17,101.0,6397200,99.70666666666666,99.89,99.52333333333333,0.003677453864669774,88.53004069275936,1,101.4,107.26726512099097,95.53273487900904
2013-05-27 00:00:00+05:30,101.0,104.1,100.8,103.73,5746935,100.65666666666668,100.485,100.82833333333336,0.0034109348610792006,88.53004069275936,1,101.714,107.19339558710605,96.23460441289394
2013-05-28 00:00:00+05:30,103.8,104.5,102.6,103.09,5052105,102.87666666666667,102.44999999999999,103.30333333333334,0.008294721835207398,88.53004069275936,1,101.9076,107.22332243067652,96.59187756932349
2013-05-29 00:00:00+05:30,103.01,103.33,100.1,100.58,5631005,103.39666666666666,103.55,103.24333333333333,0.002965924111028776,88.53004069275936,1,101.976,107.17637229436484,96.77562770563516
2013-05-30 00:00:00+05:30,100.01,101.48,99.61,100.0,5747865,101.33666666666666,101.715,100.95833333333331,0.00746685964277513,88.53004069275936,1,102.01440000000001,107.14114268517521,96.8876573148248
2013-05-31 00:00:00+05:30,100.2,100.49,97.2,97.46,7125855,100.36333333333334,100.545,100.18166666666669,0.003620180012620633,88.53004069275936,1,101.8824,107.29357740976928,96.47122259023072
2013-06-03 00:00:00+05:30,97.51,100.79,97.3,100.54,6786515,98.38333333333333,98.845,97.92166666666665,0.009385058444858678,88.53004069275936,1,101.92199999999998,107.27853619422078,96.56546380577919
2013-06-04 00:00:00+05:30,100.59,101.75,97.89,98.46,7250035,99.54333333333334,99.045,100.04166666666667,0.010012389913940357,88.53004069275936,1,101.8208,107.33715798693281,96.3044420130672
2013-06-05 00:00:00+05:30,97.9,100.6,97.9,99.94,5392525,99.36666666666666,99.82,98.91333333333333,0.009124454880912443,88.53004069275936,1,101.8052,107.34050666178463,96.26989333821537
2013-06-06 00:00:00+05:30,99.6,101.97,98.47,101.52,8151105,99.48,99.25,99.71000000000001,0.004624045034177804,88.53004069275936,1,101.8292,107.35413958699979,96.30426041300021
2013-06-07 00:00:00+05:30,101.2,102.98,100.1,100.52,6523260,100.65333333333332,100.22,101.08666666666664,0.008610411975095832,88.53004069275936,1,101.87,107.34033015456997,96.39966984543004
2013-06-10 00:00:00+05:30,99.59,100.6,97.47,98.1,7131360,101.19999999999999,101.53999999999999,100.85999999999999,0.006719367588932874,88.53004069275936,1,101.82279999999999,107.40100478648796,96.24459521351201
2013-06-11 00:00:00+05:30,97.32,97.61,93.28,94.39,9362000,98.72333333333331,99.035,98.41166666666663,0.006313941317486883,88.53004069275936,1,101.5324,107.82634192537532,95.23845807462467
2013-06-12 00:00:00+05:30,94.0,94.8,92.24,93.75,9948575,95.09333333333332,95.445,94.74166666666665,0.007396242288278332,88.53004069275936,1,101.22879999999999,108.22377035304632,94.23382964695367
2013-06-13 00:00:00+05:30,93.0,93.94,91.03,91.35,9434155,93.59666666666665,93.52,93.6733333333333,0.0016382349798779257,88.53004069275936,1,100.86,108.85566282430649,92.8643371756935
2013-06-14 00:00:00+05:30,92.66,96.13,92.65,95.73,11859645,92.10666666666667,92.485,91.72833333333334,0.008215112912565076,88.53004069275936,1,100.6092,108.83609427669985,92.38230572330015
2013-06-17 00:00:00+05:30,96.02,97.94,94.0,96.79,11633775,94.83666666666666,94.39,95.28333333333332,0.009419704052581456,88.53004069275936,1,100.45800000000001,108.82005142294622,92.0959485770538
2013-06-18 00:00:00+05:30,96.56,96.6,94.56,95.03,8210050,96.24333333333334,95.97,96.51666666666668,0.005680047102829783,88.53004069275936,1,100.198,108.81099854870513,91.58500145129486
2013-06-19 00:00:00+05:30,95.34,95.89,94.12,95.64,10144520,95.39666666666666,95.58,95.21333333333332,0.0038436004053252135,88.53004069275936,1,99.80080000000002,108.30135230205643,91.30024769794362
2013-06-20 00:00:00+05:30,94.0,94.0,91.62,91.9,11980550,95.21666666666665,95.005,95.42833333333331,0.004446000350078605,88.53004069275936,1,99.1364,107.40352018540895,90.86927981459104
2013-06-21 00:00:00+05:30,91.58,92.49,89.11,90.55,21129120,92.50666666666666,92.81,92.20333333333332,0.0065580859037188315,88.53004069275936,1,98.4164,106.40948076776381,90.42331923223618
2013-06-24 00:00:00+05:30,89.73,90.09,87.7,88.18,5562825,90.71666666666665,90.8,90.63333333333331,0.0018372221201545357,110.47629164941186,-1,97.70439999999999,106.03948839545181,89.36931160454817
2013-06-25 00:00:00+05:30,88.61,90.8,87.15,89.53,12169990,88.65666666666668,88.89500000000001,88.41833333333335,0.005376546227018003,110.47629164941186,-1,97.1636,105.7904824125518,88.53671758744821
2013-06-26 00:00:00+05:30,90.16,91.87,89.15,89.69,6988610,89.16000000000001,88.975,89.34500000000003,0.004149842978914681,110.47629164941186,-1,96.6724,105.54361778337085,87.80118221662914
2013-06-27 00:00:00+05:30,91.2,92.5,87.4,88.66,11126865,90.23666666666668,90.51,89.96333333333335,0.006058143400686926,110.47629164941186,-1,96.24520000000001,105.57802914447677,86.91237085552325
2013-06-28 00:00:00+05:30,90.0,92.8,88.25,92.22,17389700,89.52,89.95,89.08999999999999,0.0096067917783737,110.47629164941186,-1,95.89400000000002,105.14512922836964,86.6428707716304
2013-07-01 00:00:00+05:30,92.64,94.38,92.24,94.03,9356370,91.08999999999999,90.525,91.65499999999997,0.01240531342628134,110.47629164941186,-1,95.506,104.20730289094654,86.80469710905346
2013-07-02 00:00:00+05:30,93.45,94.8,92.68,93.69,8966530,93.55,93.31,93.78999999999999,0.005130946018171992,110.47629164941186,-1,95.13,103.28304213162144,86.97695786837855
2013-07-03 00:00:00+05:30,92.42,94.14,91.23,92.67,10143720,93.72333333333334,93.74000000000001,93.70666666666668,0.00035565672013370667,110.47629164941186,-1,94.81360000000001,102.70584405096513,86.92135594903489
2013-07-04 00:00:00+05:30,93.74,95.3,92.31,94.04,11272655,92.68,92.685,92.67500000000001,0.00010789814415182244,110.47629164941186,-1,94.57520000000001,102.18125889012137,86.96914110987865
2013-07-05 00:00:00+05:30,94.74,95.6,92.6,93.06,6617615,93.88333333333334,93.805,93.96166666666667,0.0016687377951358027,110.47629164941186,-1,94.39920000000001,101.93339069575454,86.86500930424548
2013-07-08 00:00:00+05:30,92.8,93.93,90.67,93.36,8102225,93.75333333333333,94.1,93.40666666666667,0.00739529261181819,110.47629164941186,-1,94.11200000000001,101.22349604513666,87.00050395486336
2013-07-09 00:00:00+05:30,93.4,96.72,93.4,95.73,10261315,92.65333333333335,92.30000000000001,93.00666666666669,0.007626996690171365,110.47629164941186,-1,94.00280000000001,100.92520771986122,87.0803922801388
2013-07-10 00:00:00+05:30,96.18,96.88,94.6,95.24,6475455,95.28333333333335,95.06,95.50666666666669,0.004687773307679063,110.47629164941186,-1,93.81479999999999,100.32503838580385,87.30456161419613
2013-07-11 00:00:00+05:30,96.6,98.88,96.4,97.31,8572490,95.57333333333332,95.74,95.40666666666665,0.003487723214285814,110.47629164941186,-1,93.6464,99.53920749388557,87.75359250611443
2013-07-12 00:00:00+05:30,98.4,98.54,96.42,98.09,4981880,97.53000000000002,97.64,97.42000000000003,0.0022557161898899866,110.47629164941186,-1,93.5492,99.05258636114111,88.04581363885889
2013-07-15 00:00:00+05:30,98.59,100.4,97.0,100.07,8304370,97.68333333333334,97.48,97.88666666666667,0.004163112096911786,110.47629164941186,-1,93.62800000000001,99.43766367356959,87.81833632643044
2013-07-16 00:00:00+05:30,95.05,96.0,89.0,90.19,48102645,99.15666666666668,98.7,99.61333333333336,0.009211012875248144,110.47629164941186,-1,93.46,99.41294616135522,87.50705383864477
2013-07-17 00:00:00+05:30,91.0,91.18,83.32,85.37,51862030,91.73,92.5,90.96000000000001,0.016788400741305918,110.47629164941186,-1,93.12480000000001,99.86619242590089,86.38340757409912
2013-07-18 00:00:00+05:30,85.6,88.38,84.44,88.09,34532895,86.62333333333333,87.25,85.99666666666667,0.014468772847962408,110.47629164941186,-1,92.99439999999998,99.98941555109018,85.9993844489098
2013-07-19 00:00:00+05:30,88.6,89.39,84.6,84.92,24233900,86.96999999999998,86.41,87.52999999999997,0.012878003909393771,110.47629164941186,-1,92.56199999999998,100.13935785086024,84.98464214913973
2013-07-22 00:00:00+05:30,85.18,86.57,84.4,84.78,13173330,86.30333333333334,86.995,85.61166666666668,0.016028735854157726,110.47629164941186,-1,92.0816,100.03914872809418,84.12405127190581
2013-07-23 00:00:00+05:30,86.48,88.58,85.65,87.73,16437705,85.25,85.485,85.015,0.005513196480938403,110.47629164941186,-1,91.78960000000001,99.82828542486851,83.7509145751315
2013-07-24 00:00:00+05:30,84.0,84.6,74.76,76.67,116809725,87.32000000000001,87.11500000000001,87.525,0.004695373339441097,107.52040496158693,-1,91.0308,100.85534220002097,81.20625779997903
2013-07-25 00:00:00+05:30,76.0,78.49,73.9,74.74,59957910,78.67666666666668,79.68,77.67333333333335,0.0255052323857136,104.20698876312343,-1,90.34440000000001,102.04818547992028,78.64061452007974
2013-07-26 00:00:00+05:30,75.98,76.43,68.44,73.42,80554565,75.71,76.195,75.225,0.012812045964865923,101.56370921259851,-1,89.6592,103.10998010525755,76.20841989474245
2013-07-29 00:00:00+05:30,73.6,74.25,71.42,72.69,25620020,72.76333333333334,72.435,73.09166666666667,0.009024691923587883,101.56370921259851,-1,89.03960000000001,104.04327899416647,74.03592100583354
2013-07-30 00:00:00+05:30,72.68,74.96,69.31,69.74,35393495,72.78666666666668,72.83500000000001,72.73833333333334,0.0013280820663124748,101.32272241033077,-1,88.24799999999999,105.04565793198539,71.45034206801459
2013-07-31 00:00:00+05:30,69.6,69.6,57.0,64.8,103997330,71.33666666666666,72.13499999999999,70.53833333333333,0.022382131676089868,94.88741351391755,-1,87.2524,106.37916472799284,68.12563527200714
2013-08-01 00:00:00+05:30,66.0,67.86,60.81,65.53,66343175,63.79999999999999,63.3,64.29999999999998,0.01567398119122235,94.88741351391755,-1,86.32719999999999,107.24585580385104,65.40854419614894
2013-08-02 00:00:00+05:30,66.0,66.98,61.0,61.74,39518370,64.73333333333333,64.33500000000001,65.13166666666666,0.012306900102986395,94.88741351391755,-1,85.108,107.97310914034725,62.24289085965277
2013-08-05 00:00:00+05:30,61.71,62.41,58.0,59.92,47327705,63.24,63.99,62.49,0.023719165085388995,92.81298428264935,-1,83.7436,108.32286337708253,59.164336622917475
2013-08-06 00:00:00+05:30,58.8,59.2,54.1,55.03,42811320,60.10999999999999,60.205,60.014999999999986,0.00316087173515242,89.58326491134338,-1,82.1972,108.85542891041318,55.53897108958681
2013-08-07 00:00:00+05:30,54.8,59.93,53.71,58.72,68961285,56.11000000000001,56.650000000000006,55.57000000000001,0.019247905899126682,89.58326491134338,-1,80.8392,108.65869700192275,53.019702998077264
2013-08-08 00:00:00+05:30,58.38,58.74,56.0,56.61,43490955,57.45333333333334,56.82,58.08666666666668,0.02204687862613158,89.58326491134338,-1,79.342,108.16915497582076,50.51484502417924
2013-08-12 00:00:00+05:30,56.88,61.51,55.1,60.24,60836825,57.116666666666674,57.370000000000005,56.863333333333344,0.008870732419025279,89.58326491134338,-1,78.0292,107.2248083930441,48.8335916069559
2013-08-13 00:00:00+05:30,59.7,63.68,59.42,61.94,79380130,58.949999999999996,58.305,59.59499999999999,0.021882951653943886,89.58326491134338,-1,76.7724,105.92506699566246,47.619733004337554
2013-08-14 00:00:00+05:30,62.82,63.0,57.68,58.29,67281550,61.68,61.55,61.81,0.0042153047989624695,89.58326491134338,-1,75.2748,104.22406824360135,46.32553175639864
2013-08-16 00:00:00+05:30,57.8,57.8,50.52,51.66,72616170,59.656666666666666,60.34,58.97333333333333,0.022908867407945593,88.30326607324812,-1,73.5316,102.70955533891957,44.35364466108042
2013-08-19 00:00:00+05:30,51.0,51.04,47.02,48.3,80110420,53.32666666666666,54.16,52.493333333333325,0.031253906738342385,83.10673543031821,-1,71.5712,100.68092033943275,42.461479660567264
2013-08-20 00:00:00+05:30,46.4,49.52,44.03,48.56,95941590,48.78666666666667,49.03,48.54333333333334,0.009975403115605314,81.02586601310549,-1,69.59,97.94274547552641,41.23725452447359
2013-08-21 00:00:00+05:30,53.41,56.9,49.22,51.01,183243375,47.370000000000005,46.775000000000006,47.965,0.025121384842727416,81.02586601310549,-1,67.6276,93.99166419655329,41.263535803446715
2013-08-22 00:00:00+05:30,50.12,50.6,46.74,48.5,156594290,52.376666666666665,53.06,51.69333333333333,0.026093043976325482,81.02586601310549,-1,65.96,91.67048097566402,40.24951902433597
2013-08-23 00:00:00+05:30,49.1,52.58,48.56,51.85,90441270,48.61333333333334,48.67,48.55666666666667,0.002331321996708648,81.02586601310549,-1,64.6192,89.62745650540201,39.610943494598004
2013-08-26 00:00:00+05:30,52.68,53.48,50.7,52.24,58984450,50.99666666666667,50.57,51.42333333333334,0.01673311981175251,81.02586601310549,-1,63.185199999999995,86.71318444066088,39.65721555933911
2013-08-27 00:00:00+05:30,50.83,50.98,46.68,47.16,67949685,52.14000000000001,52.09,52.19000000000001,0.001917913310318537,81.02586601310549,-1,61.674800000000005,84.2567773235202,39.09282267647981
2013-08-28 00:00:00+05:30,45.55,46.46,43.22,45.17,88139505,48.27333333333333,48.83,47.71666666666667,0.023063112829719578,78.89549309256383,-1,60.0904,81.49305664257547,38.68774335742454
2013-08-29 00:00:00+05:30,46.6,47.34,44.7,46.5,66257745,44.95000000000001,44.84,45.06000000000002,0.00489432703003366,78.89549309256383,-1,58.4412,77.269755606843,39.612644393157
2013-08-30 00:00:00+05:30,46.92,49.7,46.2,48.67,83708730,46.18000000000001,46.02,46.34000000000001,0.006929406669554079,78.89549309256383,-1,57.3212,74.9735895900804,39.6688104099196
2013-09-02 00:00:00+05:30,49.3,51.18,49.2,50.59,51970255,48.19,47.95,48.42999999999999,0.009960572732931931,78.89549309256383,-1,56.3552,72.6823965701396,40.028003429860405
2013-09-03 00:00:00+05:30,51.04,51.24,45.22,45.82,76228885,50.32333333333333,50.19,50.45666666666666,0.0052990660396105005,78.89549309256383,-1,55.2512,70.51119247181917,39.99120752818082
2013-09-04 00:00:00+05:30,46.0,48.5,44.6,47.21,76147375,47.42666666666667,48.230000000000004,46.623333333333335,0.033876862524599434,78.89549309256383,-1,54.232,68.0305564462366,40.4334435537634
2013-09-05 00:00:00+05:30,50.0,58.68,50.0,57.5,155685515,46.77,46.55,46.99000000000001,0.0094077400042765,78.89549309256383,-1,53.742399999999996,66.09838676593567,41.38641323406432
2013-09-06 00:00:00+05:30,58.94,59.26,56.02,58.59,92734175,55.39333333333334,54.34,56.44666666666667,0.038031050667950456,78.89549309256383,-1,53.494,65.18246405649509,41.805535943504914
2013-09-10 00:00:00+05:30,60.0,62.79,60.0,61.38,74394495,57.95666666666667,57.64,58.27333333333334,0.01092770460689032,78.89549309256383,-1,53.328,64.4312319619099,42.224768038090104
2013-09-11 00:00:00+05:30,60.59,61.2,58.76,60.75,69387605,61.38999999999999,61.394999999999996,61.38499999999999,0.000162892979312675,78.89549309256383,-1,53.2884,64.27782135692219,42.29897864307782
2013-09-12 00:00:00+05:30,61.14,61.38,55.26,56.24,71756585,60.23666666666667,59.980000000000004,60.49333333333334,0.008521941231807903,78.89549309256383,-1,53.1412,63.86678260608613,42.41561739391386
2013-09-13 00:00:00+05:30,55.8,57.55,54.84,56.24,74714580,57.626666666666665,58.32,56.93333333333333,0.02406293382693204,78.89549309256383,-1,53.1896,63.95966737954677,42.419532620453225
2013-09-16 00:00:00+05:30,59.02,60.0,56.72,58.34,63017875,56.21,56.195,56.225,0.000533712862480006,78.89549309256383,-1,53.1744,63.91423400988942,42.43456599011058
2013-09-17 00:00:00+05:30,58.45,60.8,58.02,60.18,55299355,58.35333333333333,58.36,58.346666666666664,0.00022849308808412118,78.89549309256383,-1,53.3172,64.32748976185357,42.30691023814643
2013-09-18 00:00:00+05:30,61.0,63.88,60.54,63.17,70870750,59.666666666666664,59.41,59.92333333333333,0.008603351955307297,78.89549309256383,-1,53.4344,64.79379868830993,42.07500131169006
2013-09-19 00:00:00+05:30,69.48,78.94,69.48,77.34,171000505,62.53,62.21,62.85,0.01023508715816409,78.89549309256383,-1,54.050399999999996,68.45107051772165,39.64972948227834
2013-09-20 00:00:00+05:30,78.0,78.0,67.0,71.21,175198035,75.25333333333334,74.21000000000001,76.29666666666668,0.02772856130403977,78.89549309256383,-1,54.5672,70.39588941637234,38.73851058362766
2013-09-23 00:00:00+05:30,69.36,72.17,64.71,65.46,100282825,72.07,72.5,71.63999999999999,0.011932843069238431,78.89549309256383,-1,55.1192,71.45813501547693,38.78026498452307
2013-09-24 00:00:00+05:30,64.25,67.1,63.3,63.78,113573695,67.44666666666666,68.44,66.45333333333332,0.029455372145893235,78.89549309256383,-1,55.7384,72.16972489362857,39.30707510637142
2013-09-25 00:00:00+05:30,64.4,64.91,61.26,62.82,89735180,64.72666666666666,65.19999999999999,64.25333333333333,0.014625605108661939,78.89549309256383,-1,56.3088,72.69373680915426,39.923863190845736
2013-09-26 00:00:00+05:30,63.2,64.45,62.2,63.16,71720310,62.99666666666666,63.084999999999994,62.90833333333333,0.0028043811841895706,78.89549309256383,-1,56.794799999999995,73.24287696479982,40.34672303520018
2013-09-27 00:00:00+05:30,63.56,64.0,60.4,60.92,58042975,63.27,63.325,63.215,0.0017385806859490979,78.89549309256383,-1,57.291599999999995,73.45532994577609,41.127870054223905
2013-09-30 00:00:00+05:30,59.8,59.8,57.23,57.47,54582960,61.77333333333333,62.2,61.346666666666664,0.013813943449169095,78.89549309256383,-1,57.516400000000004,73.52675153143049,41.50604846856952
2013-10-01 00:00:00+05:30,57.8,59.72,56.08,58.98,93841295,58.166666666666664,58.515,57.81833333333333,0.01197707736389695,78.89549309256383,-1,57.786,73.65826814289561,41.913731857104395
2013-10-03 00:00:00+05:30,59.4,62.57,59.2,62.13,70843410,58.26,57.9,58.62,0.012358393408856829,78.89549309256383,-1,58.3848,73.72911503326164,43.04048496673836
2013-10-04 00:00:00+05:30,61.2,63.78,60.92,63.07,81777845,61.300000000000004,60.885000000000005,61.715,0.013539967373572565,78.89549309256383,-1,59.1008,73.55654645045973,44.645053549540265
2013-10-07 00:00:00+05:30,63.0,63.54,61.27,63.11,50897750,62.59,62.35,62.830000000000005,0.007668956702348681,78.89549309256383,-1,59.76519999999999,73.34348633664717,46.18691366335281
2013-10-08 00:00:00+05:30,67.8,69.0,65.41,65.79,87997525,62.64000000000001,62.405,62.875000000000014,0.007503192848020642,78.89549309256383,-1,60.45,73.4348071221709,47.46519287782912
2013-10-09 00:00:00+05:30,63.85,68.49,63.85,68.15,76793695,66.73333333333333,67.205,66.26166666666667,0.014135864135864056,78.89549309256383,-1,61.1524,73.82374629626939,48.48105370373061
2013-10-10 00:00:00+05:30,68.0,68.98,67.23,68.45,51421145,66.83,66.17,67.49,0.019751608559030274,78.89549309256383,-1,62.0576,73.37983763043243,50.73536236956757
2013-10-11 00:00:00+05:30,70.02,70.4,68.5,69.51,49562650,68.22000000000001,68.105,68.33500000000002,0.003371445323952186,78.89549309256383,-1,62.949600000000004,72.88057857010983,53.018621429890175
2013-10-14 00:00:00+05:30,69.76,70.96,69.2,69.73,36451545,69.47000000000001,69.45,69.49000000000002,0.0005757881099758235,78.89549309256383,-1,63.4388,73.45234973223685,53.42525026776315
2013-10-15 00:00:00+05:30,70.6,70.71,65.8,66.22,59872630,69.96333333333332,70.08,69.84666666666665,0.0033350802801469606,78.89549309256383,-1,63.74400000000001,73.61185001912682,53.8761499808732
2013-10-17 00:00:00+05:30,66.92,68.18,65.27,67.16,48868490,67.57666666666667,68.255,66.89833333333334,0.020075963103635203,78.89549309256383,-1,63.975199999999994,73.88143742093742,54.06896257906257
2013-10-18 00:00:00+05:30,67.38,69.59,67.3,69.26,36973820,66.86999999999999,66.725,67.01499999999999,0.004336772842829252,78.89549309256383,-1,64.31559999999999,74.33929206230823,54.291907937691754
2013-10-21 00:00:00+05:30,69.86,72.14,69.65,71.73,47494135,68.71666666666665,68.445,68.98833333333332,0.00790686393402846,78.89549309256383,-1,64.9352,74.79927967526527,55.07112032473473
2013-10-22 00:00:00+05:30,72.05,74.98,69.8,74.4,123371010,71.17333333333335,70.89500000000001,71.45166666666668,0.00782128137879363,78.89549309256383,-1,65.66159999999999,75.53204020092221,55.791159799077775
2013-10-23 00:00:00+05:30,75.33,76.38,73.11,74.8,80269010,73.06,72.39,73.73,0.018341089515466785,78.89549309256383,-1,66.32,76.34378930345113,56.29621069654885
2013-10-24 00:00:00+05:30,75.1,75.99,72.14,72.54,52911405,74.76333333333334,74.745,74.78166666666667,0.0004904364884746766,78.89549309256383,-1,66.81439999999999,76.79722698237235,56.831573017627626
2013-10-25 00:00:00+05:30,72.16,72.45,70.89,71.1,34500465,73.55666666666667,74.065,73.04833333333335,0.013821543481216088,78.89549309256383,-1,67.1316,77.13499571145628,57.12820428854373
2013-10-28 00:00:00+05:30,71.52,72.3,69.08,69.48,25681580,71.48,71.67,71.29,0.005316172355903685,78.89549309256383,-1,66.8172,75.97586281942849,57.658537180571514
2013-10-29 00:00:00+05:30,69.4,74.62,68.23,74.28,79565345,70.28666666666668,70.69,69.88333333333335,0.011476809257326807,78.89549309256383,-1,66.94,76.40806506103448,57.471934938965525
2013-10-30 00:00:00+05:30,74.96,75.96,73.64,74.47,46732700,72.37666666666668,71.42500000000001,73.32833333333335,0.026297609726891755,78.89549309256383,-1,67.30040000000001,77.19213308171939,57.40866691828062
2013-10-31 00:00:00+05:30,74.0,74.59,73.08,73.76,37250975,74.69,74.8,74.58,0.00294550810014726,78.89549309256383,-1,67.6996,77.7942646977491,57.60493530225091
2013-11-01 00:00:00+05:30,73.8,77.25,73.3,75.62,53064905,73.81,73.83500000000001,73.785,0.0006774149844196094,78.89549309256383,-1,68.2116,78.55960646308176,57.863593536918245
2013-11-05 00:00:00+05:30,75.69,76.6,73.62,75.17,45440740,75.39,75.275,75.505,0.0030508024936992937,78.89549309256383,-1,68.69200000000001,79.17160915301625,58.212390846983766
2013-11-06 00:00:00+05:30,74.94,75.48,72.82,73.68,31461630,75.13,75.11,75.14999999999999,0.0005324104884865173,78.89549309256383,-1,69.20240000000001,79.35603781902734,59.04876218097269
2013-11-07 00:00:00+05:30,74.2,74.99,71.91,72.15,34542345,73.99333333333334,74.15,73.83666666666667,0.00423461573114694,78.89549309256383,-1,69.78960000000001,78.79423254997016,60.78496745002985
2013-11-08 00:00:00+05:30,72.53,73.08,70.48,70.85,40878305,73.01666666666667,73.44999999999999,72.58333333333334,0.01186943620178013,78.89549309256383,-1,70.26440000000001,78.11716935609229,62.41163064390772
2013-11-11 00:00:00+05:30,70.25,70.58,66.35,66.69,47216800,71.47,71.78,71.16,0.008674968518259473,78.89549309256383,-1,70.4468,77.72623452748783,63.16736547251216
2013-11-12 00:00:00+05:30,66.97,68.5,65.16,65.79,34123545,67.87333333333333,68.465,67.28166666666667,0.01743443669580597,78.89549309256383,-1,70.5556,77.46253814652934,63.648661853470664
2013-11-13 00:00:00+05:30,65.01,67.1,64.73,66.32,44134030,66.48333333333333,66.83,66.13666666666667,0.010428678866883851,78.89549309256383,-1,70.68400000000001,77.13693607592562,64.2310639240744
2013-11-14 00:00:00+05:30,68.2,70.72,68.04,70.25,43864960,66.05,65.91499999999999,66.185,0.0040878122634369456,78.89549309256383,-1,70.86240000000001,77.00332964948974,64.72147035051027
2013-11-18 00:00:00+05:30,71.74,72.93,71.42,72.56,30517050,69.67,69.38,69.96000000000001,0.008324960528204571,78.89549309256383,-1,71.0388,77.11090887912775,64.96669112087224
2013-11-19 00:00:00+05:30,72.73,73.36,72.11,72.72,20347880,72.30333333333334,72.17500000000001,72.43166666666667,0.003549859388686468,78.89549309256383,-1,71.2096,77.22073494774341,65.19846505225658
2013-11-20 00:00:00+05:30,72.4,74.56,71.42,73.09,38597245,72.73,72.735,72.72500000000001,0.00013749484394322707,78.89549309256383,-1,71.3528,77.36572612959633,65.33987387040368
2013-11-21 00:00:00+05:30,71.99,72.41,70.31,70.88,38409310,73.02333333333334,72.99000000000001,73.05666666666667,0.0009129501985666162,78.89549309256383,-1,71.3988,77.37886908321151,65.41873091678848
2013-11-22 00:00:00+05:30,71.97,72.28,68.42,68.85,37653845,71.2,71.36,71.04,0.004494382022471814,78.89549309256383,-1,71.50399999999999,77.20182274206404,65.80617725793594
2013-11-25 00:00:00+05:30,69.87,70.48,68.64,70.17,38155805,69.85,70.35,69.35,0.014316392269148177,78.89549309256383,-1,71.62440000000001,77.07166303385308,66.17713696614693
2013-11-26 00:00:00+05:30,70.6,73.25,69.55,72.41,107280655,69.76333333333334,69.56,69.96666666666667,0.005829232165894208,78.89549309256383,-1,71.75040000000001,77.11821662875907,66.38258337124095
2013-11-27 00:00:00+05:30,72.4,72.8,70.43,71.19,27269055,71.73666666666666,71.4,72.07333333333332,0.009386180939547203,78.89549309256383,-1,71.7288,77.10111516573463,66.35648483426539
2013-11-28 00:00:00+05:30,72.2,73.16,71.8,72.84,23337605,71.47333333333334,71.61500000000001,71.33166666666668,0.003964182445667355,78.89549309256383,-1,71.66640000000001,76.94864461379652,66.3841553862035
2013-11-29 00:00:00+05:30,72.36,74.66,72.36,73.73,27279320,72.6,72.47999999999999,72.72,0.003305785123967068,78.89549309256383,-1,71.62360000000001,76.82023546537395,66.42696453462607
2013-12-02 00:00:00+05:30,74.34,75.6,74.34,75.12,22308545,73.58333333333333,73.50999999999999,73.65666666666667,0.001993204983012576,78.89549309256383,-1,71.7268,77.09187437413334,66.36172562586665
2013-12-03 00:00:00+05:30,74.4,74.9,73.7,74.31,16433240,75.02,74.97,75.07,0.0013329778725672398,78.89549309256383,-1,71.8552,77.30706975632968,66.40333024367031
2013-12-04 00:00:00+05:30,73.98,74.69,73.55,74.1,17567785,74.30333333333334,74.30000000000001,74.30666666666667,8.972230945216369e-05,78.89549309256383,-1,72.04,77.47045928075907,66.60954071924094
2013-12-05 00:00:00+05:30,76.2,79.75,76.0,79.01,58022885,74.11333333333333,74.12,74.10666666666665,0.00017990465053543622,55.034560530156824,1,72.2292,78.25554461676249,66.20285538323752
2013-12-06 00:00:00+05:30,79.0,79.22,77.43,78.38,31192285,78.25333333333333,77.875,78.63166666666666,0.009669449650707028,55.89697810895056,1,72.3856,78.82522503256068,65.94597496743931
2013-12-09 00:00:00+05:30,82.4,82.98,78.46,79.01,33444000,78.34333333333333,78.325,78.36166666666666,0.00046802535846481394,57.90109898459254,1,72.59559999999999,79.52462320388538,65.6665767961146
2013-12-10 00:00:00+05:30,78.8,78.95,76.0,76.67,25058825,80.14999999999999,80.72,79.57999999999998,0.014223331253899126,57.90109898459254,1,72.6376,79.65165053873882,65.62354946126119
2013-12-11 00:00:00+05:30,75.92,77.74,75.15,77.3,27867240,77.20666666666666,77.475,76.93833333333333,0.0069510404973663125,57.90109898459254,1,72.72279999999999,79.90749600191839,65.5381039980816
2013-12-12 00:00:00+05:30,76.8,77.0,75.5,76.1,23110325,76.73,76.445,77.01500000000001,0.007428645901212324,57.90109898459254,1,72.8196,80.11758981637972,65.52161018362027
2013-12-13 00:00:00+05:30,74.9,75.1,72.9,73.12,19996840,76.2,76.25,76.15,0.0013123359580051747,57.90109898459254,1,72.8584,80.15205023564897,65.56474976435103
2013-12-16 00:00:00+05:30,72.54,73.94,71.54,72.52,19521015,73.70666666666666,74.0,73.41333333333333,0.007959479015919046,57.90109898459254,1,72.92519999999999,80.17450478321764,65.67589521678234
2013-12-17 00:00:00+05:30,73.98,74.04,72.17,72.75,18436680,72.66666666666667,72.74000000000001,72.59333333333333,0.0020183486238533306,57.90109898459254,1,73.16760000000001,79.95743541479338,66.37776458520663
2013-12-18 00:00:00+05:30,72.21,75.75,72.21,75.1,35406150,72.98666666666666,73.105,72.86833333333333,0.003242601388381606,57.90109898459254,1,73.54,79.65849393233191,67.4215060676681
2013-12-19 00:00:00+05:30,75.6,75.94,72.68,72.9,21219360,74.35333333333332,73.97999999999999,74.72666666666666,0.01004214112794768,57.90109898459254,1,73.8032,79.17757094365305,68.42882905634696
2013-12-20 00:00:00+05:30,72.8,74.36,72.17,74.09,17083180,73.84,74.31,73.37,0.012730227518959882,57.90109898459254,1,73.9568,79.13199227082262,68.78160772917738
2013-12-23 00:00:00+05:30,74.3,76.27,74.3,75.91,17542200,73.54,73.265,73.81500000000001,0.007478923035083102,57.90109898459254,1,74.0908,79.28782043867274,68.89377956132726
2013-12-24 00:00:00+05:30,75.91,76.68,74.91,75.17,14710505,75.49333333333333,75.285,75.70166666666665,0.0055192511480041135,57.90109898459254,1,74.1888,79.37110626651709,69.00649373348291
2013-12-26 00:00:00+05:30,75.48,75.99,73.93,74.24,14776655,75.58666666666666,75.795,75.37833333333332,0.005512436055742005,57.90109898459254,1,74.2348,79.39765539599767,69.07194460400234
2013-12-27 00:00:00+05:30,74.86,75.35,74.4,74.76,10444720,74.72000000000001,74.96000000000001,74.48000000000002,0.006423982869378877,57.90109898459254,1,74.39,79.37017188458212,69.40982811541788
2013-12-30 00:00:00+05:30,74.8,75.47,73.5,73.7,10520705,74.83666666666666,74.875,74.79833333333332,0.0010244532537528246,57.90109898459254,1,74.584,79.03563879936168,70.13236120063833
2013-12-31 00:00:00+05:30,73.8,74.31,73.27,74.04,9363870,74.22333333333334,74.485,73.96166666666669,0.007050792652804312,57.90109898459254,1,74.7388,78.8193933686147,70.6582066313853
2014-01-01 00:00:00+05:30,74.6,75.16,74.22,74.89,6697155,73.87333333333333,73.78999999999999,73.95666666666668,0.0022561140691275917,57.90109898459254,1,74.838,78.80635079094354,70.86964920905645
2014-01-02 00:00:00+05:30,75.0,76.36,72.04,72.43,30635905,74.75666666666666,74.69,74.82333333333332,0.0017835644535603393,57.90109898459254,1,74.8876,78.70027058109959,71.07492941890042
2014-01-03 00:00:00+05:30,71.6,74.29,71.6,73.96,19839425,73.61,74.2,73.02,0.016030430648009873,57.90109898459254,1,74.9324,78.6734256561513,71.19137434384871
2014-01-06 00:00:00+05:30,74.06,74.13,72.42,73.28,15155620,73.28333333333332,72.945,73.62166666666664,0.009233568342051147,57.90109898459254,1,74.9144,78.68262538603814,71.14617461396186
2014-01-07 00:00:00+05:30,73.2,73.78,71.86,73.03,24125140,73.27666666666667,73.275,73.27833333333334,4.548969658368241e-05,57.90109898459254,1,74.8308,78.66915348033271,70.99244651966728
2014-01-08 00:00:00+05:30,73.25,73.5,70.71,71.28,25616620,72.89,72.82,72.96000000000001,0.0019207024283168443,57.90109898459254,1,74.7096,78.78980972009799,70.629390279902
2014-01-09 00:00:00+05:30,71.14,71.14,69.6,70.03,19098620,71.83,72.10499999999999,71.555,0.007656967840734831,57.90109898459254,1,74.54679999999999,79.01741774702134,70.07618225297864
2014-01-10 00:00:00+05:30,70.4,71.4,68.35,68.6,20346150,70.25666666666667,70.37,70.14333333333335,0.003226265597570709,57.90109898459254,1,74.1304,78.79558502955479,69.4652149704452
2014-01-13 00:00:00+05:30,68.6,69.75,67.0,67.75,24968885,69.45,69.875,69.025,0.012239020878329652,57.90109898459254,1,73.7052,78.67157048960125,68.73882951039876
2014-01-14 00:00:00+05:30,68.2,69.52,68.04,69.32,19910120,68.16666666666667,68.375,67.95833333333334,0.0061124694376526725,57.90109898459254,1,73.3176,78.07555680518246,68.55964319481754
2014-01-15 00:00:00+05:30,70.18,71.36,68.46,70.61,64934430,68.96,68.78,69.13999999999999,0.005220417633410459,57.90109898459254,1,73.07520000000001,77.74188231616232,68.4085176838377
2014-01-16 00:00:00+05:30,71.2,72.0,70.42,71.31,24749415,70.14333333333333,69.91,70.37666666666667,0.00665304376752367,57.90109898459254,1,72.8356,77.21635456513852,68.45484543486148
2014-01-17 00:00:00+05:30,70.6,71.52,69.88,70.23,20753925,71.24333333333334,71.21000000000001,71.27666666666667,0.0009357600711177121,57.90109898459254,1,72.60079999999999,76.88469325730485,68.31690674269514
2014-01-20 00:00:00+05:30,69.83,72.11,69.83,71.88,16425455,70.54333333333334,70.69999999999999,70.38666666666668,0.004441714312715174,57.90109898459254,1,72.5512,76.83861160141896,68.26378839858103
2014-01-21 00:00:00+05:30,72.06,73.27,72.06,72.64,15888735,71.27333333333333,70.97,71.57666666666665,0.008511832382377536,57.90109898459254,1,72.556,76.84352982496705,68.26847017503295
2014-01-22 00:00:00+05:30,72.8,72.96,71.73,72.29,14133155,72.65666666666665,72.66499999999999,72.64833333333331,0.0002293893655091976,57.90109898459254,1,72.5376,76.82558985073216,68.24961014926784
2014-01-23 00:00:00+05:30,72.19,72.45,71.1,71.5,13339170,72.32666666666667,72.345,72.30833333333334,0.0005069591667434105,57.90109898459254,1,72.3936,76.56800153315203,68.21919846684798
2014-01-24 00:00:00+05:30,70.84,71.55,69.03,69.61,13383640,71.68333333333334,71.775,71.59166666666667,0.0025575447570333008,57.90109898459254,1,72.262,76.56955986609378,67.95444013390622
2014-01-27 00:00:00+05:30,68.0,68.18,64.0,64.33,37111925,70.06333333333333,70.28999999999999,69.83666666666667,0.006470336362338631,57.90109898459254,1,71.8716,77.11349181116721,66.6297081888328
2014-01-28 00:00:00+05:30,64.4,65.98,62.89,64.98,46534380,65.50333333333333,66.09,64.91666666666666,0.017912574423693647,57.90109898459254,1,71.43440000000001,77.06490002752703,65.80389997247299
2014-01-29 00:00:00+05:30,65.64,66.34,63.6,64.16,22696605,64.61666666666667,64.435,64.79833333333335,0.005622904307454381,57.90109898459254,1,70.994,77.08995538041263,64.89804461958737
2014-01-30 00:00:00+05:30,63.0,63.2,60.65,61.27,28954900,64.7,64.97,64.43,0.008346213292117342,57.90109898459254,1,70.4752,77.51275666691086,63.437643333089135
2014-01-31 00:00:00+05:30,61.62,62.36,60.82,61.53,33432480,61.70666666666667,61.925,61.488333333333344,0.0070764909248053134,57.90109898459254,1,69.946,77.57961827706765,62.31238172293234
2014-02-03 00:00:00+05:30,61.4,61.41,59.75,59.89,27475485,61.57,61.59,61.55,0.0006496670456392115,57.90109898459254,1,69.39359999999999,77.81835187527687,60.96884812472312
2014-02-04 00:00:00+05:30,59.02,61.16,58.28,60.68,39635305,60.35,60.58,60.120000000000005,0.007622203811101802,57.90109898459254,1,68.8592,77.72081144713427,59.997588552865736
2014-02-05 00:00:00+05:30,60.21,61.09,59.61,60.61,30274690,60.04,59.72,60.36,0.010659560293137917,57.90109898459254,1,68.288,77.3594761753521,59.21652382464789
2014-02-06 00:00:00+05:30,60.84,62.05,60.31,61.0,27112565,60.43666666666667,60.35,60.52333333333333,0.0028680161050134907,57.90109898459254,1,67.8308,77.16937362984201,58.49222637015798
2014-02-07 00:00:00+05:30,61.6,62.05,61.0,61.78,18804365,61.120000000000005,61.18,61.06000000000001,0.0019633507853401557,57.90109898459254,1,67.3436,76.62297046140418,58.06422953859581
2014-02-10 00:00:00+05:30,62.02,62.69,61.13,61.56,16384370,61.60999999999999,61.525,61.694999999999986,0.0027592923226746877,57.90109898459254,1,66.87480000000001,76.09114916005142,57.6584508399486
2014-02-11 00:00:00+05:30,61.53,62.16,61.02,61.26,13932460,61.79333333333333,61.91,61.67666666666666,0.0037760276189448857,57.90109898459254,1,66.40400000000001,75.51645301771046,57.29154698228957
2014-02-12 00:00:00+05:30,61.8,62.39,60.42,60.62,26281690,61.48,61.59,61.36999999999999,0.003578399479505743,57.90109898459254,1,65.9776,75.13501322426698,56.820186775733006
2014-02-13 00:00:00+05:30,61.0,61.1,58.82,58.97,24896975,61.14333333333334,61.405,60.881666666666675,0.008559123371313192,57.90109898459254,1,65.5352,74.93226698071157,56.138133019288425
2014-02-14 00:00:00+05:30,59.8,60.4,58.83,60.13,17736015,59.629999999999995,59.96,59.29999999999999,0.011068254234445931,57.90109898459254,1,65.1964,74.73670587350215,55.65609412649785
2014-02-17 00:00:00+05:30,60.48,61.4,59.41,61.03,26114905,59.78666666666666,59.614999999999995,59.95833333333333,0.0057426404995539766,57.90109898459254,1,64.9276,74.54334255894881,55.31185744105118
2014-02-18 00:00:00+05:30,61.2,62.2,60.76,61.54,27827705,60.61333333333334,60.405,60.82166666666667,0.006874175098988199,57.90109898459254,1,64.6164,74.14658090908978,55.08621909091021
2014-02-19 00:00:00+05:30,61.98,62.1,61.0,61.39,18059465,61.5,61.480000000000004,61.519999999999996,0.0006504065040649113,57.90109898459254,1,64.2476,73.53189431674693,54.96330568325308
2014-02-20 00:00:00+05:30,60.9,61.28,60.26,60.38,18586325,61.49666666666667,61.55,61.44333333333334,0.0017345113556288402,57.90109898459254,1,63.8104,72.74608572410528,54.87471427589472
2014-02-21 00:00:00+05:30,60.41,61.5,60.41,61.24,11296215,60.63999999999999,60.769999999999996,60.50999999999999,0.004287598944591114,57.90109898459254,1,63.4508,72.04105851997359,54.86054148002641
2014-02-24 00:00:00+05:30,61.2,61.3,60.24,60.78,15555400,61.050000000000004,60.955,61.14500000000001,0.0031122031122033074,57.90109898459254,1,63.006800000000005,70.92999878836689,55.083601211633116
2014-02-25 00:00:00+05:30,61.24,61.38,60.31,60.45,12886480,60.77333333333333,60.769999999999996,60.77666666666667,0.0001096972356297962,57.90109898459254,1,62.5192,69.44915335049077,55.58924664950923
2014-02-26 00:00:00+05:30,60.44,61.18,60.3,60.5,16223385,60.71333333333333,60.845,60.58166666666666,0.004337322938399068,57.90109898459254,1,62.0476,67.74953028368272,56.345669716317296
2014-02-28 00:00:00+05:30,61.06,61.3,60.44,60.99,15882385,60.66,60.739999999999995,60.58,0.002637652489284481,57.90109898459254,1,61.6272,65.83295422962134,57.42144577037867
2014-03-03 00:00:00+05:30,60.47,62.49,60.31,60.55,23682525,60.91,60.87,60.949999999999996,0.0013134132326382908,57.90109898459254,1,61.26480000000001,63.93924869832599,58.590351301674026
2014-03-04 00:00:00+05:30,60.87,64.56,60.72,64.09,46799740,61.116666666666674,61.400000000000006,60.83333333333334,0.009271884374147742,57.90109898459254,1,61.255199999999995,63.886951477624265,58.623448522375725
2014-03-05 00:00:00+05:30,64.94,67.0,63.93,66.29,60714475,63.123333333333335,62.64,63.60666666666667,0.015313935681470167,57.90109898459254,1,61.307599999999994,64.26583341877843,58.34936658122155
2014-03-06 00:00:00+05:30,66.8,69.48,66.22,69.16,47161875,65.74000000000001,65.465,66.01500000000001,0.008366291451171452,57.90109898459254,1,61.507600000000004,65.64945767017382,57.36574232982619
2014-03-07 00:00:00+05:30,69.48,75.78,69.4,75.18,89367625,68.28666666666666,67.85,68.72333333333333,0.012789221907644269,57.90109898459254,1,62.06400000000001,68.83283682769633,55.29516317230369
2014-03-10 00:00:00+05:30,74.4,77.9,74.0,76.38,63668545,73.45333333333333,72.59,74.31666666666666,0.02350698856416763,59.393035042576074,1,62.658,71.44161201328805,53.874387986711945
2014-03-11 00:00:00+05:30,76.58,77.48,73.28,74.25,50590570,76.09333333333333,75.95,76.23666666666666,0.0037673033117223815,59.393035042576074,1,63.2324,73.03577293792185,53.42902706207815
2014-03-12 00:00:00+05:30,74.0,74.66,72.18,72.95,41946620,75.00333333333333,75.38,74.62666666666667,0.010043998044531315,59.393035042576074,1,63.7232,74.17352549923584,53.27287450076416
2014-03-13 00:00:00+05:30,73.62,75.6,71.22,72.27,36475990,73.26333333333334,73.42,73.10666666666667,0.004276809681969142,59.393035042576074,1,64.1896,75.07427323165831,53.30492676834169
2014-03-14 00:00:00+05:30,71.16,71.56,70.06,71.17,36817220,73.02999999999999,73.41,72.64999999999998,0.010406682185403526,59.393035042576074,1,64.5964,75.73114544657305,53.46165455342696
2014-03-18 00:00:00+05:30,71.9,73.47,71.82,72.74,27174725,70.93,70.81,71.05000000000001,0.0033836176512055415,59.393035042576074,1,65.0348,76.54807737179902,53.521522628200984
2014-03-19 00:00:00+05:30,73.45,74.2,72.26,73.08,31403380,72.67666666666666,72.645,72.70833333333333,0.0008714397101316229,59.393035042576074,1,65.4956,77.33326744591093,53.65793255408906
2014-03-20 00:00:00+05:30,73.18,73.18,72.0,72.41,17171155,73.18,73.23,73.13000000000001,0.001366493577480108,59.393035042576074,1,65.9416,77.94633597210616,53.936864027893826
2014-03-21 00:00:00+05:30,72.12,73.25,71.32,72.07,16034890,72.53,72.59,72.47,0.0016544877981525513,59.393035042576074,1,66.3996,78.43092109786701,54.36827890213299
2014-03-24 00:00:00+05:30,73.0,76.16,72.95,75.84,37513855,72.21333333333332,72.285,72.14166666666665,0.0019848596750370907,59.393035042576074,1,67.0744,79.25466348483398,54.89413651516601
2014-03-25 00:00:00+05:30,76.0,76.78,75.32,75.91,19975350,74.98333333333333,74.555,75.41166666666666,0.011424761058012736,59.393035042576074,1,67.7056,80.01576111023655,55.395438889763454
2014-03-26 00:00:00+05:30,76.6,80.6,76.44,80.35,65115345,76.00333333333333,76.05,75.95666666666666,0.0012280163150739053,60.87344088013329,1,68.4784,81.42451686027823,55.53228313972175
2014-03-27 00:00:00+05:30,80.5,80.94,77.5,78.81,39826555,79.13,78.52,79.74,0.015417667130039163,61.31610324492796,1,69.1692,82.40057231884815,55.93782768115186
2014-03-28 00:00:00+05:30,79.78,81.54,79.66,80.98,29302440,79.08333333333333,79.22,78.94666666666666,0.003456269757639712,62.64785911513083,1,69.95280000000001,83.56344820792827,56.342151792071746
2014-03-31 00:00:00+05:30,81.6,83.35,80.74,82.79,32357400,80.72666666666667,80.6,80.85333333333335,0.003138161697910959,64.08014475052559,1,70.8492,84.76826769291611,56.93013230708388
2014-04-01 00:00:00+05:30,83.68,83.8,81.04,82.07,34599935,82.29333333333334,82.04499999999999,82.54166666666669,0.006035320803629675,64.40093896050458,1,71.6824,85.6943483641634,57.670451635836606
2014-04-02 00:00:00+05:30,83.0,84.58,81.95,84.13,27943390,82.30333333333333,82.42,82.18666666666665,0.002835041108096252,65.2303014020844,1,72.6164,86.70959481735711,58.52320518264289
2014-04-03 00:00:00+05:30,84.27,84.4,81.64,82.42,22231335,83.55333333333333,83.265,83.84166666666665,0.0069017793026408735,65.2303014020844,1,73.4952,87.17815537667141,59.812244623328574
2014-04-04 00:00:00+05:30,82.4,85.0,81.64,84.63,30135815,82.82000000000001,83.02000000000001,82.62,0.004829751267809776,65.2303014020844,1,74.46039999999999,87.73873541374752,61.18206458625247
2014-04-07 00:00:00+05:30,84.6,86.22,83.8,85.78,26874500,83.75666666666666,83.32,84.19333333333333,0.010427030684124665,66.76107242127453,1,75.452,88.25239749382736,62.65160250617264
2014-04-09 00:00:00+05:30,85.99,89.99,85.65,89.46,31729315,85.26666666666667,85.00999999999999,85.52333333333334,0.006020328381548276,69.08582952442356,1,76.6084,89.03280524773648,64.18399475226353
2014-04-10 00:00:00+05:30,89.94,91.14,88.82,89.36,38488235,88.36666666666666,87.82,88.91333333333333,0.012372689551112794,71.34559634344662,1,77.6192,89.91642950261489,65.32197049738512
2014-04-11 00:00:00+05:30,87.99,90.11,87.6,88.64,21511955,89.77333333333333,89.97999999999999,89.56666666666666,0.004604188326154689,71.34559634344662,1,78.51320000000001,90.63434149079954,66.39205850920048
2014-04-15 00:00:00+05:30,87.25,89.0,82.67,83.96,32734535,88.78333333333332,88.85499999999999,88.71166666666664,0.001614417120330525,71.34559634344662,1,79.1052,90.77866820100958,67.43173179899041
2014-04-16 00:00:00+05:30,83.22,85.0,80.8,81.51,37971290,85.21,85.83500000000001,84.58499999999998,0.014669639713648968,71.34559634344662,1,79.3584,90.95467344279109,67.76212655720892
2014-04-17 00:00:00+05:30,82.0,83.65,81.82,83.42,25164155,82.43666666666667,82.9,81.97333333333333,0.01124095265051971,71.34559634344662,1,79.64,91.2751398788318,68.0048601211682
2014-04-21 00:00:00+05:30,83.8,88.16,83.7,87.28,29146500,82.96333333333332,82.735,83.19166666666665,0.005504439712322503,71.34559634344662,1,80.1612,91.95020683857558,68.3721931614244
2014-04-22 00:00:00+05:30,87.89,88.7,86.52,86.87,25043430,86.38,85.93,86.82999999999998,0.010419078490391032,71.34559634344662,1,80.718,92.40652565552998,69.02947434447003
2014-04-23 00:00:00+05:30,87.74,89.14,87.1,88.27,54729380,87.36333333333334,87.61,87.11666666666669,0.005646915181807519,71.34559634344662,1,81.358,92.87709163085277,69.83890836914723
2014-04-25 00:00:00+05:30,88.79,94.0,88.38,93.68,63239435,88.17,88.12,88.22,0.0011341726210728628,71.34559634344662,1,82.2584,93.96875463852322,70.54804536147677
2014-04-28 00:00:00+05:30,93.7,94.96,91.3,92.65,24581965,92.02,91.19,92.85,0.018039556618126458,72.15900081969562,1,83.0548,94.77559604122446,71.33400395877554
2014-04-29 00:00:00+05:30,93.0,93.52,89.4,89.87,30283420,92.96999999999998,93.13,92.80999999999997,0.003441970528127586,72.15900081969562,1,83.7264,94.9995949402103,72.4532050597897
2014-04-30 00:00:00+05:30,90.04,90.9,85.75,88.15,35672520,90.93,91.46000000000001,90.4,0.01165731881667219,72.15900081969562,1,84.35600000000001,94.75506303471536,73.95693696528465
2014-05-02 00:00:00+05:30,88.9,90.1,88.04,88.8,15135350,88.26666666666667,88.325,88.20833333333333,0.0013217522658611131,72.15900081969562,1,85.0252,94.26412482056129,75.7862751794387
2014-05-05 00:00:00+05:30,88.21,89.47,87.13,87.7,25461135,88.98,89.07,88.89000000000001,0.0020229265003369116,72.15900081969562,1,85.49959999999999,93.99097064083199,77.00822935916798
2014-05-06 00:00:00+05:30,88.4,89.78,88.37,89.17,16527750,88.10000000000001,88.3,87.90000000000002,0.004540295119182488,72.15900081969562,1,86.03,93.6732914375931,78.38670856240691
2014-05-07 00:00:00+05:30,89.17,89.56,86.7,87.09,16843665,89.10666666666667,89.075,89.13833333333334,0.000710758641328736,72.15900081969562,1,86.29960000000001,93.58979611258738,79.00940388741265
2014-05-08 00:00:00+05:30,87.6,88.89,87.4,88.64,14093740,87.78333333333335,88.13,87.4366666666667,0.007898234288968667,72.15900081969562,1,86.6928,93.35837369173758,80.02722630826243
2014-05-09 00:00:00+05:30,87.8,99.7,87.8,96.91,83167225,88.31,88.14500000000001,88.475,0.003736836145396717,72.15900081969562,1,87.33,94.69794353941344,79.96205646058655
2014-05-12 00:00:00+05:30,97.6,100.5,97.42,98.76,49316300,94.80333333333333,93.75,95.85666666666665,0.02222144087760615,75.66379854957603,1,87.96880000000002,96.35090344961125,79.58669655038878
2014-05-13 00:00:00+05:30,100.6,107.18,99.93,103.84,84689900,98.89333333333333,98.96000000000001,98.82666666666665,0.0013482540110558937,78.83304660759299,1,88.8396,98.93724088091791,78.7419591190821
2014-05-14 00:00:00+05:30,104.6,106.18,103.2,104.46,28450920,103.65000000000002,103.555,103.74500000000003,0.0018330921369997695,80.12252474328926,1,89.65279999999998,101.26347718266184,78.04212281733813
2014-05-15 00:00:00+05:30,104.98,106.98,103.51,104.75,25460630,104.61333333333333,104.69,104.53666666666666,0.001465715014019908,80.68862375355769,1,90.54599999999999,103.18382133122574,77.90817866877424
2014-05-16 00:00:00+05:30,107.96,119.8,106.29,109.11,67713355,105.08,105.245,104.91499999999999,0.003140464408070161,85.25687880341538,1,91.5252,105.85764165660495,77.19275834339504
2014-05-19 00:00:00+05:30,110.94,114.38,110.02,113.15,36475525,111.73333333333333,113.045,110.42166666666667,0.023478520286396194,85.25687880341538,1,92.62,109.05668093016304,76.18331906983697
2014-05-20 00:00:00+05:30,114.4,114.56,108.77,109.26,22389590,112.51666666666665,112.19999999999999,112.83333333333331,0.005628795733965272,85.25687880341538,1,93.412,111.02903902476194,75.79496097523807
2014-05-21 00:00:00+05:30,109.95,110.73,105.45,106.98,25711185,110.86333333333333,111.66499999999999,110.06166666666667,0.01446225081932702,85.25687880341538,1,94.11679999999998,112.42528434578855,75.80831565421141
2014-05-22 00:00:00+05:30,107.4,112.32,107.4,111.57,23723640,107.72000000000001,108.09,107.35000000000002,0.0068696620868917615,85.25687880341538,1,95.03399999999999,114.41890629329905,75.64909370670094
2014-05-23 00:00:00+05:30,112.56,113.0,110.36,112.67,24517250,110.42999999999999,109.86,110.99999999999999,0.010323281716924626,85.25687880341538,1,96.1824,116.19845617897755,76.16634382102245
2014-05-26 00:00:00+05:30,114.0,116.74,108.91,110.29,29270615,112.01,111.68,112.34,0.005892331041871231,85.25687880341538,1,97.3336,117.15128574178088,77.51591425821913
2014-05-27 00:00:00+05:30,109.18,111.19,106.0,109.46,27006860,111.98,112.82499999999999,111.13500000000002,0.015091980710840947,85.25687880341538,1,98.3752,117.89326229726674,78.85713770273327
2014-05-28 00:00:00+05:30,109.59,113.38,109.3,112.48,18271905,108.88333333333333,108.595,109.17166666666665,0.005296188581049936,85.25687880341538,1,99.3832,119.10692193679442,79.65947806320558
2014-05-29 00:00:00+05:30,111.48,112.52,107.4,109.63,46033460,111.72000000000001,111.34,112.10000000000002,0.0068027210884355465,85.25687880341538,1,100.29360000000001,119.72184161266237,80.86535838733765
2014-05-30 00:00:00+05:30,112.43,115.3,111.08,113.88,45742700,109.85000000000001,109.96000000000001,109.74000000000001,0.0020027309968138267,85.25687880341538,1,101.318,120.80293571967805,81.83306428032195
2014-06-02 00:00:00+05:30,114.58,115.71,112.06,115.13,23806670,113.42,113.19,113.65,0.0040557220948687,85.25687880341538,1,102.176,122.1236121879283,82.2283878120717
2014-06-03 00:00:00+05:30,115.92,117.4,113.6,116.09,31139715,114.3,113.88499999999999,114.715,0.007261592300962489,85.25687880341538,1,103.1136,123.38297621536455,82.84422378463546
2014-06-04 00:00:00+05:30,115.62,117.0,115.02,116.27,16038050,115.69666666666667,115.5,115.89333333333335,0.003399694603705192,86.31814028504814,1,104.1696,124.3195065843985,84.01969341560151
2014-06-05 00:00:00+05:30,116.5,117.6,113.84,114.86,26187635,116.09666666666665,116.00999999999999,116.18333333333331,0.0014930086996467124,86.31814028504814,1,105.23800000000001,124.6976493288031,85.77835067119693
2014-06-06 00:00:00+05:30,115.79,117.09,115.0,115.99,15963525,115.43333333333334,115.72,115.14666666666668,0.004966791799018107,87.0458940867004,1,106.3256,125.01276357717205,87.63843642282794
2014-06-09 00:00:00+05:30,117.0,117.0,113.43,113.91,35775525,116.02666666666666,116.045,116.00833333333331,0.00031601930590689065,87.0458940867004,1,107.374,124.65147481549275,90.09652518450724
2014-06-10 00:00:00+05:30,113.6,114.28,110.42,113.41,29144680,114.78000000000002,115.215,114.34500000000003,0.007579717720857083,87.0458940867004,1,108.34360000000001,124.07758449725901,92.60961550274101
2014-06-11 00:00:00+05:30,113.18,113.9,109.45,110.63,46967165,112.70333333333333,112.35,113.05666666666667,0.006270148768152474,87.0458940867004,1,109.28519999999999,122.42193337782214,96.14846662217784
2014-06-12 00:00:00+05:30,111.4,111.76,107.89,109.0,20172355,111.32666666666667,111.67500000000001,110.97833333333332,0.006257859752081143,87.0458940867004,1,110.0996,120.18612087490958,100.01307912509041
2014-06-13 00:00:00+05:30,109.82,110.48,104.82,105.6,27790985,109.55,109.825,109.27499999999999,0.005020538566864549,87.0458940867004,1,110.44720000000001,119.2027431950272,101.69165680497282
2014-06-16 00:00:00+05:30,104.98,108.0,101.5,107.44,30836225,106.96666666666665,107.65,106.2833333333333,0.012776565908383011,87.0458940867004,1,110.79439999999998,118.26231554317447,103.3264844568255
2014-06-17 00:00:00+05:30,106.33,111.11,106.04,110.71,26144515,105.64666666666666,104.75,106.54333333333332,0.01697482173281999,87.0458940867004,1,111.06919999999998,117.9779374707675,104.16046252923246
2014-06-18 00:00:00+05:30,109.7,111.84,107.6,108.52,21602520,109.28666666666668,108.575,109.99833333333335,0.013023851643994505,87.0458940867004,1,111.2316,117.68728445325414,104.77591554674586
2014-06-19 00:00:00+05:30,108.0,109.68,107.06,107.65,18026030,109.32,109.72,108.91999999999999,0.007317965605561758,87.0458940867004,1,111.3476,117.42647431684412,105.26872568315588
2014-06-20 00:00:00+05:30,107.41,109.18,107.41,108.54,13657550,108.13,108.37,107.88999999999999,0.004439101082031057,87.0458940867004,1,111.3248,117.4412332613041,105.20836673869589
2014-06-23 00:00:00+05:30,109.2,110.5,107.6,110.05,11082020,108.37666666666667,108.295,108.45833333333333,0.0015070894719034869,87.0458940867004,1,111.2008,117.28982729834472,105.11177270165528
2014-06-24 00:00:00+05:30,110.6,112.08,110.42,111.72,12414530,109.38333333333333,109.05,109.71666666666665,0.006094773731525131,87.0458940867004,1,111.2992,117.33890044290172,105.25949955709828
2014-06-25 00:00:00+05:30,111.4,111.8,108.04,108.41,14890625,111.40666666666668,111.25,111.56333333333336,0.0028125187002575637,87.0458940867004,1,111.35640000000001,117.25687558761048,105.45592441238954
2014-06-26 00:00:00+05:30,108.4,109.48,106.75,107.06,21170285,109.41666666666667,109.92,108.91333333333334,0.009200304645849144,87.0458940867004,1,111.176,117.3104587373286,105.0415412626714
2014-06-27 00:00:00+05:30,106.2,107.54,105.12,106.58,14927175,107.76333333333334,108.11500000000001,107.41166666666666,0.006526647901265248,87.0458940867004,1,110.9324,117.28982156538223,104.57497843461778
2014-06-30 00:00:00+05:30,106.4,109.1,106.4,108.21,17599045,106.41333333333334,106.33000000000001,106.49666666666667,0.0015662197719583121,87.0458940867004,1,110.8492,117.29194207461288,104.40645792538712
2014-07-01 00:00:00+05:30,108.74,111.68,108.44,111.25,20105690,107.90333333333332,107.75,108.05666666666664,0.00284204998300927,87.0458940867004,1,110.9208,117.3399386836543,104.5016613163457
2014-07-02 00:00:00+05:30,112.2,114.1,112.05,113.78,18809840,110.45666666666666,110.06,110.85333333333332,0.0071823037692004925,87.0458940867004,1,110.97279999999999,117.4622955612888,104.48330443871119
2014-07-03 00:00:00+05:30,114.4,114.72,111.86,112.58,13053170,113.30999999999999,113.07499999999999,113.54499999999999,0.004147912805577609,87.09224712773842,1,111.0908,117.5856174293037,104.59598257069631
2014-07-04 00:00:00+05:30,111.85,112.98,110.01,111.46,12912355,113.05333333333333,113.28999999999999,112.81666666666666,0.0041868144828399205,87.09224712773842,1,110.99400000000001,117.39104931980263,104.5969506801974
2014-07-07 00:00:00+05:30,111.62,112.17,108.05,108.44,12804925,111.48333333333333,111.495,111.47166666666666,0.00020929884885639586,87.09224712773842,1,110.7264,116.9667868598018,104.4860131401982
2014-07-08 00:00:00+05:30,108.21,109.45,104.5,105.19,22584930,109.55333333333333,110.11,108.99666666666666,0.010162477940729117,87.09224712773842,1,110.29039999999999,116.49389960586657,104.08690039413341
2014-07-09 00:00:00+05:30,105.68,106.96,101.94,102.63,19825825,106.38,106.975,105.785,0.011186313216770048,87.09224712773842,1,109.7448,116.14486779963984,103.34473220036016
2014-07-10 00:00:00+05:30,102.8,109.25,100.8,105.77,35045375,103.84333333333332,104.44999999999999,103.23666666666665,0.011684267967772013,87.09224712773842,1,109.38119999999999,115.60803308271441,103.15436691728557
2014-07-11 00:00:00+05:30,105.77,107.15,101.6,102.09,18143350,105.27333333333333,105.025,105.52166666666665,0.004717877271863479,87.09224712773842,1,108.82520000000001,115.07456507494857,102.57583492505145
2014-07-14 00:00:00+05:30,102.0,105.6,100.44,104.76,20497480,103.61333333333334,104.375,102.85166666666669,0.014702097542143662,87.09224712773842,1,108.4592,114.5441030756444,102.37429692435559
2014-07-15 00:00:00+05:30,105.55,106.69,103.26,106.54,15878345,103.60000000000001,103.02,104.18000000000002,0.011196911196911437,87.09224712773842,1,108.18439999999998,113.96295090485378,102.40584909514618
2014-07-16 00:00:00+05:30,107.51,108.8,105.9,108.43,12173000,105.49666666666667,104.975,106.01833333333335,0.009889727953490007,87.09224712773842,1,108.09640000000002,113.78967429165212,102.40312570834791
2014-07-17 00:00:00+05:30,107.34,110.36,107.29,109.53,13624155,107.71,107.35,108.07,0.006684616098783761,87.09224712773842,1,108.1176,113.82809638472757,102.40710361527242
2014-07-18 00:00:00+05:30,109.2,111.38,107.5,110.72,20923335,109.06,108.825,109.295,0.004309554373739216,87.09224712773842,1,108.3224,114.02428258034018,102.62051741965982
2014-07-21 00:00:00+05:30,111.6,112.7,110.62,111.64,10681925,109.86666666666667,109.44,110.29333333333335,0.007766990291262315,87.09224712773842,1,108.4904,114.32435435018022,102.65644564981977
2014-07-22 00:00:00+05:30,112.04,112.39,108.2,109.19,19285245,111.65333333333332,111.66,111.64666666666665,0.00011941724385015789,87.09224712773842,1,108.42960000000001,114.20110650696911,102.6580934930309
2014-07-23 00:00:00+05:30,109.95,110.9,105.51,107.31,36305975,109.92666666666666,110.295,109.55833333333332,0.006701437321851042,87.09224712773842,1,108.3812,114.16913315787137,102.59326684212864
2014-07-24 00:00:00+05:30,107.7,109.96,106.96,108.98,20594690,107.90666666666668,108.20500000000001,107.60833333333335,0.005529469912269837,87.09224712773842,1,108.43440000000001,114.21892025322644,102.64987974677358
2014-07-25 00:00:00+05:30,108.62,110.25,106.69,107.82,13230920,108.63333333333333,108.46,108.80666666666666,0.003191162933415134,87.09224712773842,1,108.4056,114.19489793325467,102.61630206674535
2014-07-28 00:00:00+05:30,108.0,109.2,106.5,107.33,9100720,108.25333333333333,108.47,108.03666666666666,0.004002956029067654,87.09224712773842,1,108.2968,114.06057298650691,102.5330270134931
2014-07-30 00:00:00+05:30,107.4,108.8,106.26,108.38,14940830,107.67666666666666,107.85,107.50333333333333,0.0032195152153050555,87.09224712773842,1,108.1632,113.75568272594442,102.57071727405558
2014-07-31 00:00:00+05:30,107.46,109.5,107.46,108.22,16687645,107.81333333333333,107.53,108.09666666666666,0.005255998021271298,87.09224712773842,1,108.15559999999999,113.74723684085319,102.5639631591468
2014-08-01 00:00:00+05:30,107.14,109.6,106.03,107.26,19918900,108.39333333333332,108.47999999999999,108.30666666666664,0.0015991143366751914,87.09224712773842,1,108.16359999999999,113.74951336846416,102.57768663153581
2014-08-04 00:00:00+05:30,107.8,108.96,107.0,108.49,11342575,107.63,107.815,107.445,0.003437703242590398,87.09224712773842,1,108.24,113.78931347105087,102.69068652894912
2014-08-05 00:00:00+05:30,108.8,109.4,107.4,108.94,13652470,108.14999999999999,107.97999999999999,108.32,0.0031437817845585154,87.09224712773842,1,108.2692,113.82525304510196,102.71314695489804
2014-08-06 00:00:00+05:30,108.0,109.04,107.2,107.53,13717075,108.58,108.4,108.75999999999999,0.003315527721495535,87.09224712773842,1,108.12039999999999,113.54690526213572,102.69389473786426
2014-08-07 00:00:00+05:30,107.0,107.96,106.05,106.44,14193945,107.92333333333333,108.12,107.72666666666666,0.003644562498069726,87.09224712773842,1,107.8268,112.76936846588764,102.88423153411237
2014-08-08 00:00:00+05:30,104.8,105.38,103.21,104.26,18137860,106.81666666666666,107.005,106.62833333333333,0.003526291153065987,87.09224712773842,1,107.494,112.22756356247456,102.76043643752544
2014-08-11 00:00:00+05:30,105.0,107.09,104.66,106.79,16341530,104.28333333333332,104.29499999999999,104.27166666666665,0.00022374940067131728,87.09224712773842,1,107.30720000000001,111.76025295724034,102.85414704275968
2014-08-12 00:00:00+05:30,107.3,109.6,106.93,109.09,12712735,106.18,105.875,106.48500000000001,0.005744961386325236,87.09224712773842,1,107.33320000000002,111.81986903615444,102.8465309638456
2014-08-13 00:00:00+05:30,108.6,109.6,107.82,109.04,18687725,108.54,108.265,108.81500000000001,0.00506725631103751,87.09224712773842,1,107.48720000000002,111.93315463764387,103.04124536235616
2014-08-14 00:00:00+05:30,108.63,109.23,107.28,108.17,9303355,108.82,108.71,108.92999999999999,0.002021687189854796,87.09224712773842,1,107.70880000000001,111.69250408539426,103.72509591460576
2014-08-18 00:00:00+05:30,107.45,112.0,107.45,111.88,16438715,108.22666666666667,108.255,108.19833333333335,0.0005235924602683585,87.09224712773842,1,107.9532,112.17378847081622,103.73261152918377
2014-08-19 00:00:00+05:30,112.76,116.35,112.57,115.85,28744215,110.44333333333333,109.725,111.16166666666666,0.013008179156731966,90.72815873646746,1,108.50359999999999,113.09476326871379,103.91243673128619
2014-08-20 00:00:00+05:30,116.38,116.93,114.75,116.53,12854710,114.92333333333333,114.46,115.38666666666667,0.008063346578878758,92.44703238700876,1,108.9744,114.29018202713269,103.65861797286732
2014-08-21 00:00:00+05:30,115.8,117.88,114.63,114.99,20209010,116.07000000000001,115.84,116.30000000000001,0.0039631257000086835,92.8877510915284,1,109.3124,115.02574796419637,103.59905203580362
2014-08-22 00:00:00+05:30,115.3,117.6,115.3,116.78,14629055,115.83333333333333,116.255,115.41166666666666,0.007280575539568349,93.28664104786726,1,109.6464,116.04905165068246,103.24374834931754
2014-08-25 00:00:00+05:30,117.2,118.67,114.65,115.27,16523290,116.55999999999999,116.44999999999999,116.66999999999999,0.0018874399450926466,93.29757540595259,1,109.876,116.64659052077342,103.1054094792266
2014-08-26 00:00:00+05:30,113.0,114.88,111.36,113.54,18530280,116.19666666666666,116.66,115.73333333333332,0.00797498493932709,93.29757540595259,1,109.9888,116.90429060009389,103.07330939990611
2014-08-27 00:00:00+05:30,114.3,115.3,113.26,114.72,10521530,113.26,113.12,113.4,0.002472187886279367,93.29757540595259,1,110.11200000000001,117.24702235455412,102.9769776454459
2014-08-28 00:00:00+05:30,115.44,115.54,113.16,114.41,12930910,114.42666666666666,114.28,114.57333333333332,0.00256350501048697,93.29757540595259,1,110.3208,117.63884546583218,103.00275453416783
2014-09-01 00:00:00+05:30,114.88,119.49,114.53,119.28,17242775,114.37,114.35,114.39000000000001,0.00034974206522707407,93.61003414498643,1,110.7996,118.80142275234755,102.79777724765245
2014-09-02 00:00:00+05:30,119.6,122.49,119.54,121.72,23281320,117.76666666666665,117.00999999999999,118.52333333333331,0.012850268893291718,97.65223277918697,1,111.3092,120.33923153039828,102.27916846960173
2014-09-03 00:00:00+05:30,122.24,125.68,122.0,124.87,36167575,121.25,121.015,121.485,0.003876288659793805,100.30294346801949,1,111.99119999999999,122.34283263644855,101.63956736355144
2014-09-04 00:00:00+05:30,125.2,125.28,122.82,123.83,12723880,124.18333333333334,123.84,124.52666666666667,0.005529459133002288,100.7656257292987,1,112.65119999999999,123.80300533545967,101.4993946645403
2014-09-05 00:00:00+05:30,123.8,124.92,121.31,122.33,14048445,123.97666666666667,124.05,123.90333333333335,0.0011830183098968646,100.7656257292987,1,113.20919999999998,124.83619743871937,101.5822025612806
2014-09-08 00:00:00+05:30,122.99,124.4,121.93,124.18,9623690,122.85333333333334,123.11500000000001,122.59166666666667,0.004259822009984864,100.7656257292987,1,113.8476,126.04725019826336,101.64794980173664
2014-09-09 00:00:00+05:30,124.2,125.7,123.0,125.16,11380145,123.50333333333333,123.165,123.84166666666665,0.005478934441715323,101.39798656523682,1,114.56360000000001,127.22506390272419,101.90213609727583
2014-09-10 00:00:00+05:30,124.0,124.58,122.38,124.09,13272385,124.62,124.35,124.89000000000001,0.004333172845450333,101.39798656523682,1,115.1876,128.12488537831595,102.25031462168407
2014-09-11 00:00:00+05:30,124.6,125.85,124.51,125.1,10535900,123.68333333333332,123.47999999999999,123.88666666666666,0.003287966581323269,102.78736041852227,1,115.834,129.06947233762315,102.59852766237687
2014-09-12 00:00:00+05:30,125.24,126.94,124.6,126.6,10529130,125.15333333333335,125.18,125.1266666666667,0.00042614393011223493,103.61786600178137,1,116.5968,130.02670420814636,103.16689579185363
2014-09-15 00:00:00+05:30,124.84,124.84,119.58,120.05,21389680,126.04666666666667,125.77,126.32333333333334,0.004389908499497607,103.61786600178137,1,117.14120000000001,129.97003791463544,104.31236208536458
2014-09-16 00:00:00+05:30,117.95,119.36,114.82,115.2,20635070,121.49000000000001,122.21000000000001,120.77000000000001,0.011852827393201067,103.61786600178137,1,117.57879999999999,129.32051956060897,105.837080439391
2014-09-17 00:00:00+05:30,116.0,118.6,114.26,117.4,22373330,116.46,117.09,115.82999999999998,0.010819165378670954,103.61786600178137,1,118.00319999999999,128.89029874300712,107.11610125699285
2014-09-18 00:00:00+05:30,116.25,119.6,115.39,118.96,14341395,116.75333333333333,116.43,117.07666666666665,0.005538742648318223,103.61786600178137,1,118.398,128.66156195479851,108.13443804520148
2014-09-19 00:00:00+05:30,119.2,119.74,116.12,116.48,9684735,117.98333333333333,117.495,118.47166666666666,0.008278005367989769,103.61786600178137,1,118.6956,128.26448136408786,109.12671863591216
2014-09-22 00:00:00+05:30,116.98,118.8,116.6,118.44,7809745,117.44666666666667,117.93,116.96333333333334,0.008230686268944786,103.61786600178137,1,119.10640000000001,127.66050989875556,110.55229010124445
2014-09-23 00:00:00+05:30,118.4,119.43,116.1,116.61,6562715,117.94666666666666,117.69999999999999,118.19333333333333,0.004182681437938103,103.61786600178137,1,119.29560000000001,127.39938890149466,111.19181109850535
2014-09-24 00:00:00+05:30,115.44,116.48,112.52,113.69,8890980,117.38,117.765,116.99499999999999,0.0065598909524621765,103.61786600178137,1,119.2092,127.50194559117713,110.91645440882286
2014-09-25 00:00:00+05:30,113.0,113.58,108.34,108.78,12011790,114.23,114.5,113.96000000000001,0.004727304560973405,103.61786600178137,1,118.89920000000001,128.09918073041393,109.69921926958607
2014-09-26 00:00:00+05:30,107.7,115.55,107.19,114.71,13249530,110.23333333333335,110.96000000000001,109.50666666666669,0.013184154823102378,103.61786600178137,1,118.888,128.1076503187479,109.66834968125214
2014-09-29 00:00:00+05:30,114.8,115.16,112.31,113.69,7332935,112.48333333333333,111.37,113.59666666666666,0.01979552526300186,103.61786600178137,1,118.76440000000001,128.17465666812484,109.35414333187518
2014-09-30 00:00:00+05:30,112.7,114.4,110.77,111.77,9510265,113.71999999999998,113.735,113.70499999999997,0.00026380583890282767,103.61786600178137,1,118.62440000000001,128.33770317451214,108.91109682548786
2014-10-01 00:00:00+05:30,112.38,112.72,110.51,111.49,5309380,112.31333333333333,112.58500000000001,112.04166666666666,0.0048376565560635494,103.61786600178137,1,118.5424,128.45850452546702,108.62629547453297
2014-10-07 00:00:00+05:30,110.5,112.96,109.19,110.22,6322180,111.57333333333334,111.61500000000001,111.53166666666667,0.0007468929254302952,103.61786600178137,1,118.3624,128.70376281928003,108.02103718071996
2014-10-08 00:00:00+05:30,109.12,111.59,109.02,110.79,6727305,110.79,111.07499999999999,110.50500000000002,0.005144868670457304,103.61786600178137,1,118.2176,128.87288418016092,107.56231581983909
2014-10-09 00:00:00+05:30,111.44,116.13,111.44,115.69,9761695,110.46666666666668,110.305,110.62833333333336,0.0029269764634883995,103.61786600178137,1,118.07400000000001,128.76484692622563,107.3831530737744
2014-10-10 00:00:00+05:30,114.4,115.54,112.25,114.61,8274295,114.42,113.785,115.055,0.011099458136689479,103.61786600178137,1,117.7896,128.4556035327196,107.12359646728036
2014-10-13 00:00:00+05:30,113.47,117.74,113.2,117.09,9097035,114.13333333333334,113.89500000000001,114.37166666666667,0.004176401869158815,103.61786600178137,1,117.47840000000001,127.74647819214421,107.2103218078558
2014-10-14 00:00:00+05:30,117.4,119.38,116.69,117.46,8819670,116.00999999999999,115.47,116.54999999999998,0.009309542280837722,103.61786600178137,1,117.2236,127.15934054411585,107.28785945588416
2014-10-16 00:00:00+05:30,116.28,120.15,115.73,117.72,13356615,117.84333333333332,118.035,117.65166666666664,0.003252906401154252,103.61786600178137,1,117.0392,126.75775449333835,107.32064550666163
2014-10-17 00:00:00+05:30,117.02,120.0,117.02,119.66,9083030,117.86666666666667,117.94,117.79333333333335,0.0012443438914025477,103.61786600178137,1,116.8584,126.19970385759865,107.51709614240136
2014-10-20 00:00:00+05:30,122.8,123.6,121.23,122.77,9029220,118.89333333333332,118.50999999999999,119.27666666666664,0.006448357070763583,103.61786600178137,1,116.76280000000001,125.80648689418135,107.71911310581868
2014-10-21 00:00:00+05:30,123.0,125.0,122.43,124.73,8625255,122.53333333333332,122.41499999999999,122.65166666666664,0.0019314472252446985,103.61786600178137,1,116.7884,125.9181205740366,107.65867942596338
2014-10-22 00:00:00+05:30,125.8,126.2,123.13,124.24,6112170,124.05333333333334,123.715,124.39166666666668,0.0054546431642305175,103.61786600178137,1,116.75399999999999,125.76388612580575,107.74411387419423
2014-10-23 00:00:00+05:30,124.94,125.17,123.87,124.19,636915,124.52333333333333,124.66499999999999,124.38166666666666,0.0022753433091522186,103.61786600178137,1,116.6576,125.28760214136632,108.02759785863368
2014-10-27 00:00:00+05:30,124.4,129.16,123.8,128.79,12679510,124.41000000000001,124.52000000000001,124.30000000000001,0.0017683465959327936,103.61786600178137,1,117.0072,126.78973222023762,107.22466777976237
2014-10-28 00:00:00+05:30,128.8,129.37,126.54,128.26,6769400,127.25,126.47999999999999,128.02,0.012102161100196624,103.61786600178137,1,117.52960000000002,128.22276863048498,106.83643136951505
2014-10-29 00:00:00+05:30,128.66,129.0,127.05,127.66,7074230,128.05666666666667,127.95500000000001,128.15833333333333,0.001587838717234445,103.65440542950523,1,117.94,129.345588805493,106.53441119450697
2014-10-30 00:00:00+05:30,128.19,132.94,127.2,132.52,31458985,127.90333333333335,128.025,127.7816666666667,0.0019024784342340122,105.06702921232501,1,118.4824,131.24000263372346,105.72479736627653
2014-10-31 00:00:00+05:30,133.6,137.84,133.2,136.9,15570795,130.88666666666666,130.07,131.70333333333332,0.012478989456527218,110.027548043832,1,119.2992,133.91834899848786,104.68005100151215
2014-11-03 00:00:00+05:30,137.08,137.09,135.1,135.67,9279455,135.98,135.51999999999998,136.44,0.0067657008383587,111.06504612207874,1,119.9884,135.94402313919417,104.03277686080582
2014-11-05 00:00:00+05:30,136.18,137.8,133.43,133.97,9979795,135.95333333333335,136.095,135.8116666666667,0.0020840484479966383,111.06504612207874,1,120.6828,137.47876953557574,103.88683046442425
2014-11-07 00:00:00+05:30,134.98,136.18,133.01,135.23,9392425,135.0666666666667,135.615,134.51833333333337,0.0081194471865743,111.06504612207874,1,121.54440000000001,139.01353445365822,104.07526554634178
2014-11-10 00:00:00+05:30,135.6,136.31,133.64,134.93,6305545,134.80666666666664,134.595,135.0183333333333,0.0031402996884423826,111.06504612207874,1,122.59039999999999,140.00858863602036,105.17221136397961
2014-11-11 00:00:00+05:30,135.0,135.8,133.85,135.32,5124080,134.96,134.975,134.94500000000002,0.0002222880853584226,111.06504612207874,1,123.4148,141.20989696067963,105.61970303932037
2014-11-12 00:00:00+05:30,135.8,140.94,135.62,140.13,17274100,134.98999999999998,134.825,135.15499999999997,0.002444625527816758,113.25995870133976,1,124.4724,142.9592491896264,105.9855508103736
2014-11-13 00:00:00+05:30,141.0,142.48,138.02,138.69,15115325,138.89666666666668,138.28,139.51333333333335,0.008879502747846229,114.98196035328617,1,125.5492,144.08704964444343,107.01135035555659
2014-11-14 00:00:00+05:30,138.78,140.06,137.52,137.89,8353105,139.73,140.25,139.20999999999998,0.0074429256423103165,114.98196035328617,1,126.60520000000001,144.8242231307826,108.38617686921742
2014-11-17 00:00:00+05:30,137.8,139.4,137.1,137.91,6580170,138.49,138.79000000000002,138.19,0.004332442775651836,114.98196035328617,1,127.71279999999999,145.16322946864034,110.26237053135962
2014-11-18 00:00:00+05:30,137.98,139.88,136.8,138.71,7901560,138.13666666666666,138.25,138.0233333333333,0.0016408870442317118,114.98196035328617,1,128.8296,145.35405700650986,112.30514299349015
2014-11-19 00:00:00+05:30,138.6,139.3,135.56,136.21,5732640,138.46333333333334,138.34,138.58666666666667,0.001781458388502393,114.98196035328617,1,129.6504,145.5077082003218,113.7930917996782
2014-11-20 00:00:00+05:30,136.42,136.71,134.0,135.09,6640050,137.02333333333334,137.43,136.61666666666667,0.00593572870800593,114.98196035328617,1,130.4696,145.21103708598295,115.72816291401706
2014-11-21 00:00:00+05:30,138.4,141.1,137.6,140.6,24618510,135.26666666666668,135.35500000000002,135.17833333333334,0.0013060620995565045,114.98196035328617,1,131.41,145.6068435928552,117.2131564071448
2014-11-24 00:00:00+05:30,141.5,141.52,138.8,139.73,10982620,139.76666666666665,139.35,140.1833333333333,0.005962318149296312,115.35522788090971,1,132.3008,145.6542809484267,118.94731905157332
2014-11-25 00:00:00+05:30,140.19,140.2,134.98,135.66,11316990,140.01666666666668,140.16000000000003,139.87333333333333,0.0020473753124629697,115.35522788090971,1,133.0184,145.02028209240515,121.01651790759487
2014-11-26 00:00:00+05:30,134.33,137.8,134.22,136.71,12708050,136.94666666666663,137.58999999999997,136.30333333333328,0.009395385064745574,115.35522788090971,1,133.7004,144.46207493283438,122.93872506716562
2014-11-27 00:00:00+05:30,136.4,139.0,135.21,138.65,11706160,136.24333333333334,136.01,136.4766666666667,0.0034252440486386877,115.35522788090971,1,134.3356,144.28566103297845,124.38553896702155
2014-11-28 00:00:00+05:30,139.04,143.98,139.04,141.99,16628900,137.62,137.10500000000002,138.135,0.007484377270745333,115.71405815146673,1,135.02599999999998,144.6024644833047,125.44953551669526
2014-12-01 00:00:00+05:30,142.06,143.9,142.0,142.93,13368260,141.67,141.51,141.82999999999998,0.0022587703818733196,117.65109582540806,1,135.77360000000002,144.7655250530683,126.78167494693172
2014-12-02 00:00:00+05:30,141.81,143.96,139.78,143.58,15632775,142.94333333333333,142.95,142.93666666666667,9.327705617602226e-05,117.65109582540806,1,136.5492,144.71804994598372,128.3803500540163
2014-12-03 00:00:00+05:30,143.6,150.0,143.6,148.26,25366385,142.44000000000003,141.87,143.01000000000005,0.008003369839932904,120.5633459126961,1,137.328,146.08094327640703,128.57505672359298
2014-12-04 00:00:00+05:30,148.8,152.5,146.44,151.92,16231820,147.28666666666666,146.8,147.7733333333333,0.006608428008871368,122.58601207618824,1,138.27439999999999,147.96681861250323,128.58198138749674
2014-12-05 00:00:00+05:30,151.65,153.35,149.28,150.12,10470870,150.28666666666666,149.47,151.10333333333332,0.010868118706472026,124.36677159314071,1,139.1728,148.9267186299661,129.4188813700339
2014-12-08 00:00:00+05:30,150.24,150.4,146.71,147.15,11133160,150.91666666666666,151.315,150.51833333333332,0.005278851463280052,124.36677159314071,1,139.75799999999998,149.60021763628504,129.91578236371492
2014-12-09 00:00:00+05:30,146.38,147.76,142.62,143.36,13694005,148.08666666666667,148.555,147.61833333333334,0.006325124926844645,124.36677159314071,1,140.0164,149.88408281614286,130.14871718385714
2014-12-10 00:00:00+05:30,142.6,145.76,142.6,143.45,17204115,144.58,145.19,143.97000000000003,0.008438234887259444,124.36677159314071,1,140.3276,150.11777512407215,130.53742487592783
2014-12-11 00:00:00+05:30,143.0,144.26,140.41,140.96,16623555,143.93666666666667,144.18,143.69333333333333,0.0033811166948427233,124.36677159314071,1,140.6072,150.04816184930337,131.16623815069664
2014-12-12 00:00:00+05:30,141.54,142.72,139.1,139.78,12044030,141.87666666666667,142.33499999999998,141.41833333333335,0.006461010737024849,124.36677159314071,1,140.7892,149.98063413401857,131.59776586598142
2014-12-15 00:00:00+05:30,138.38,143.7,138.05,141.71,13295620,140.53333333333333,140.91,140.15666666666667,0.005360531309297891,124.36677159314071,1,141.06040000000002,149.93908725431876,132.18171274568127
2014-12-16 00:00:00+05:30,140.4,140.86,136.04,138.19,24593550,141.15333333333334,140.875,141.43166666666667,0.003943701884475549,124.36677159314071,1,141.17520000000002,149.82530357394654,132.5250964260535
2014-12-17 00:00:00+05:30,136.8,140.0,134.0,137.28,22411880,138.36333333333332,138.45,138.27666666666664,0.0012527403695585023,124.36677159314071,1,141.06119999999999,149.83759619889634,132.28480380110364
2014-12-18 00:00:00+05:30,140.0,144.9,139.93,143.95,16173390,137.09333333333333,137.0,137.18666666666667,0.001361602801011482,124.36677159314071,1,141.2716,150.0627131126839,132.48048688731612
2014-12-19 00:00:00+05:30,146.01,147.3,144.22,145.69,16823360,142.92666666666668,142.41500000000002,143.43833333333333,0.007159848873548058,124.36677159314071,1,141.58360000000002,150.42601031393608,132.74118968606396
2014-12-22 00:00:00+05:30,145.2,148.96,144.02,148.25,10991390,145.73666666666665,145.76,145.7133333333333,0.00032021225498054303,124.36677159314071,1,141.99720000000002,151.07768724683888,132.91671275316116
2014-12-23 00:00:00+05:30,149.69,149.9,146.2,147.09,11301155,147.07666666666668,146.49,147.66333333333336,0.007977698705890438,124.36677159314071,1,142.3324,151.520803613251,133.14399638674902
2014-12-24 00:00:00+05:30,147.52,149.78,146.5,149.01,9685860,147.73000000000002,148.05,147.41000000000003,0.004332227712719057,124.36677159314071,1,142.8444,152.0376167689011,133.6511832310989
2014-12-26 00:00:00+05:30,149.23,149.66,147.34,148.2,6999975,148.42999999999998,148.14,148.71999999999997,0.003907565855958931,124.36677159314071,1,143.3688,152.22224736472776,134.51535263527222
2014-12-29 00:00:00+05:30,149.2,149.75,147.28,148.49,8101710,148.4,148.5,148.3,0.0013477088948786295,124.36677159314071,1,143.6844,152.68188779160081,134.6869122083992
2014-12-30 00:00:00+05:30,148.8,153.89,147.27,153.52,20468880,148.50666666666666,148.515,148.49833333333333,0.00011222840725434218,124.36677159314071,1,144.236,153.864811764699,134.60718823530098
2014-12-31 00:00:00+05:30,153.52,155.0,152.36,154.41,10031815,151.55999999999997,150.57999999999998,152.53999999999996,0.012932172077065056,125.23353274473408,1,144.986,154.7460213114525,135.22597868854749
2015-01-01 00:00:00+05:30,153.8,154.93,153.21,154.51,3675025,153.92333333333332,153.68,154.16666666666663,0.003161747190159313,126.27979143494471,1,145.698,155.5359135999463,135.86008640005372
2015-01-02 00:00:00+05:30,154.6,159.16,154.2,158.44,10627395,154.21666666666667,154.07,154.36333333333334,0.001902085810007678,128.61259977754693,1,146.4896,157.08712345409103,135.89207654590896
2015-01-05 00:00:00+05:30,159.3,160.98,157.96,158.78,14164070,157.26666666666668,156.68,157.85333333333335,0.007460788469690628,131.67969578644505,1,147.1612,158.6256023934966,135.69679760650342
2015-01-06 00:00:00+05:30,157.71,157.76,153.67,154.33,12749005,159.24,159.47,159.01000000000002,0.002888721426777063,131.67969578644505,1,147.6172,159.27734410888695,135.95705589111304
2015-01-07 00:00:00+05:30,154.0,155.2,150.85,151.47,15567125,155.25333333333333,155.71499999999997,154.79166666666669,0.005947268979731767,131.67969578644505,1,147.93280000000001,159.5658460602549,136.29975393974513
2015-01-08 00:00:00+05:30,154.0,154.9,152.2,153.83,11130605,152.50666666666666,153.02499999999998,151.98833333333334,0.0067975170484348224,131.67969578644505,1,148.15560000000002,160.01630767534604,136.294892324654
2015-01-09 00:00:00+05:30,156.0,156.46,150.27,152.77,13265440,153.64333333333335,153.55,153.73666666666668,0.0012149350226715603,131.67969578644505,1,148.1896,160.09805411294062,136.2811458870594
2015-01-12 00:00:00+05:30,153.2,156.2,151.7,155.57,9423490,153.16666666666666,153.365,152.9683333333333,0.0025897714907510585,131.67969578644505,1,148.40759999999997,160.64443786605068,136.17076213394927
2015-01-13 00:00:00+05:30,157.1,159.75,155.2,156.35,17997855,154.48999999999998,153.95,155.02999999999997,0.006990743737458633,131.67969578644505,1,148.77560000000003,161.3866479564552,136.16455204354486
2015-01-14 00:00:00+05:30,157.59,158.6,155.04,157.34,30983715,157.1,157.475,156.725,0.004774029280712922,131.67969578644505,1,149.3348,162.1734505459107,136.4961494540893
2015-01-15 00:00:00+05:30,163.6,165.0,161.4,162.64,30096355,156.99333333333334,156.82,157.16666666666669,0.0022081617053804348,133.478008947457,1,150.10240000000002,163.71334063465173,136.4914593653483
2015-01-16 00:00:00+05:30,162.7,163.74,160.0,160.53,24563605,163.01333333333332,163.2,162.82666666666665,0.002290201210534935,133.478008947457,1,150.8852,164.5538070921661,137.2165929078339
2015-01-19 00:00:00+05:30,161.99,165.45,161.26,164.99,14671960,161.42333333333332,161.87,160.97666666666663,0.0055341028764947665,133.58030104597637,1,151.8936,165.85291675118856,137.93428324881143
2015-01-20 00:00:00+05:30,165.4,172.59,165.4,171.67,20434335,163.9,163.355,164.44500000000002,0.006650396583282684,138.28328900413734,1,153.092,168.4250336202597,137.75896637974031
2015-01-21 00:00:00+05:30,172.2,176.0,169.7,171.04,24417815,169.88666666666666,168.995,170.7783333333333,0.01049719420790313,141.60275744397183,1,154.406,170.03306984690397,138.77893015309604
2015-01-22 00:00:00+05:30,171.8,172.58,168.28,170.4,11307420,172.24666666666667,172.85,171.64333333333335,0.00700545728993294,141.60275744397183,1,155.7308,170.93560968115077,140.5259903188492
2015-01-23 00:00:00+05:30,172.88,176.35,171.5,175.24,18715695,170.42,170.43,170.40999999999997,0.00011735711770941589,142.30570126036446,1,156.98239999999998,173.21852296578268,140.7462770342173
2015-01-27 00:00:00+05:30,176.0,177.0,172.44,176.57,17618110,174.36333333333334,173.925,174.80166666666668,0.005027815481083552,143.08867320994986,1,158.21759999999998,175.49457129013115,140.9406287098688
2015-01-28 00:00:00+05:30,176.24,179.0,174.87,176.76,15155780,175.33666666666667,174.72,175.95333333333335,0.007034086804433462,145.41252628155186,1,159.358,177.59001842912676,141.12598157087325
2015-01-29 00:00:00+05:30,175.81,177.58,174.4,174.85,18110675,176.87666666666667,176.935,176.81833333333333,0.0006595933136083952,145.41252628155186,1,160.4684,178.95607864714276,141.98072135285724
2015-01-30 00:00:00+05:30,175.6,177.19,171.4,172.49,15269195,175.61,175.99,175.23000000000002,0.0043277717669836045,145.41252628155186,1,161.4076,179.85703644017394,142.95816355982606
2015-02-02 00:00:00+05:30,171.79,171.79,163.81,166.44,40766690,173.69333333333336,174.29500000000002,173.0916666666667,0.006927918937591073,145.41252628155186,1,162.1372,179.86835722788615,144.40604277211386
2015-02-03 00:00:00+05:30,167.98,168.14,160.2,161.43,29277895,167.34666666666666,167.8,166.89333333333332,0.0054178949884473035,145.41252628155186,1,162.6548,179.49531507050835,145.81428492949163
2015-02-04 00:00:00+05:30,162.2,164.38,158.32,160.47,18173280,163.25666666666666,164.17,162.34333333333333,0.011188925413969745,145.41252628155186,1,162.9328,179.3859582573079,146.47964174269208
2015-02-05 00:00:00+05:30,160.16,165.4,158.8,161.57,19136815,161.05666666666664,161.35,160.7633333333333,0.0036426102613988966,145.41252628155186,1,163.2192,179.31433508610658,147.12406491389342
2015-02-06 00:00:00+05:30,162.0,163.98,159.62,162.16,15057070,161.92333333333335,162.10000000000002,161.74666666666667,0.002182102641167752,145.41252628155186,1,163.52519999999998,179.23259659650887,147.8178034034911
2015-02-09 00:00:00+05:30,161.0,161.5,158.2,159.31,12726995,161.92,161.8,162.03999999999996,0.001482213438734883,145.41252628155186,1,163.56,179.22597740327808,147.89402259672192
2015-02-10 00:00:00+05:30,157.94,165.96,146.8,163.56,21805225,159.67,159.85,159.48999999999998,0.002254650216070731,145.41252628155186,1,163.7512,179.2953588463326,148.20704115366743
2015-02-11 00:00:00+05:30,164.0,167.0,164.0,165.31,12201935,158.77333333333334,156.38,161.16666666666669,0.030147799798454968,145.41252628155186,1,164.1904,179.2581345131914,149.12266548680861
2015-02-12 00:00:00+05:30,164.84,168.24,163.05,167.82,14864220,165.43666666666667,165.5,165.37333333333333,0.0007656505006951209,145.41252628155186,1,164.84439999999998,179.04102729524232,150.64777270475764
2015-02-13 00:00:00+05:30,168.4,169.0,166.25,167.01,11192775,166.37,165.645,167.095,0.008715513614233266,145.41252628155186,1,165.3716,178.85388904007104,151.88931095992896
2015-02-16 00:00:00+05:30,167.9,167.91,162.42,163.13,12646900,167.42,167.625,167.21499999999997,0.0024489308326366326,145.41252628155186,1,165.78599999999997,178.29524138387373,153.27675861612622
2015-02-18 00:00:00+05:30,163.2,164.97,161.23,163.93,12668965,164.48666666666665,165.165,163.8083333333333,0.008247882300490518,145.41252628155186,1,166.12040000000002,177.94775470678127,154.29304529321877
2015-02-19 00:00:00+05:30,164.7,165.44,160.52,162.67,12998200,163.37666666666667,163.1,163.65333333333334,0.003386856548262757,145.41252628155186,1,166.3732,177.6098282772022,155.13657172279778
2015-02-20 00:00:00+05:30,162.78,166.4,160.8,165.01,12511580,162.87666666666667,162.98000000000002,162.7733333333333,0.0012688537339093347,145.41252628155186,1,166.68,177.31611056730893,156.0438894326911
2015-02-23 00:00:00+05:30,168.2,168.36,161.35,162.2,16180655,164.07000000000002,163.60000000000002,164.54000000000002,0.005729261900408348,145.41252628155186,1,166.6624,177.3266119708875,155.99818802911247
2015-02-24 00:00:00+05:30,162.4,162.4,159.0,160.07,17155100,163.97,164.85500000000002,163.08499999999998,0.010794657559309865,145.41252628155186,1,166.644,177.35196936865344,155.93603063134657
2015-02-25 00:00:00+05:30,160.6,162.13,158.6,158.97,15775115,160.48999999999998,160.7,160.27999999999997,0.0026169854819615922,145.41252628155186,1,166.4032,177.51235834075743,155.29404165924257
2015-02-26 00:00:00+05:30,159.0,160.23,156.02,156.72,21484770,159.9,160.365,159.435,0.005816135084427809,145.41252628155186,1,165.8052,177.31810631595778,154.29229368404225
2015-02-27 00:00:00+05:30,157.98,164.9,157.22,164.16,19578860,157.65666666666667,158.125,157.18833333333333,0.00594118020170413,145.41252628155186,1,165.53,176.85663409844338,154.20336590155662
2015-03-02 00:00:00+05:30,175.0,177.7,173.01,176.5,29341120,162.09333333333333,161.06,163.12666666666667,0.012749856050012316,145.41252628155186,1,165.774,177.75374690884664,153.79425309115337
2015-03-03 00:00:00+05:30,176.98,177.0,173.0,175.73,10322765,175.73666666666668,175.355,176.11833333333337,0.004343620189298636,145.41252628155186,1,165.7936,177.83666788820938,153.75053211179062
2015-03-04 00:00:00+05:30,181.21,181.79,169.96,171.33,20876230,175.24333333333334,175.0,175.48666666666668,0.002777090902174189,145.41252628155186,1,165.584,177.03751928448284,154.13048071551717
2015-03-05 00:00:00+05:30,171.0,172.98,168.5,171.34,13710620,174.36,175.875,172.84500000000003,0.01737783895388835,145.41252628155186,1,165.36720000000003,176.15198857651,154.58241142349004
2015-03-09 00:00:00+05:30,169.0,169.76,164.25,164.83,13809950,170.94000000000003,170.74,171.14000000000004,0.002340002340002539,145.41252628155186,1,164.9664,175.03255697076196,154.90024302923803
2015-03-10 00:00:00+05:30,165.19,169.2,163.39,165.52,17286410,166.28,167.005,165.555,0.00872023093577092,145.41252628155186,1,164.68759999999997,174.27972723852324,155.0954727614767
2015-03-11 00:00:00+05:30,165.6,166.66,163.28,164.58,13969840,166.03666666666666,166.295,165.77833333333334,0.0031117624621066725,145.41252628155186,1,164.6132,174.17862058876764,155.04777941123237
2015-03-12 00:00:00+05:30,165.8,166.7,163.92,164.64,8946110,164.84,164.97,164.71,0.0015772870662460017,145.41252628155186,1,164.7416,174.21842424444074,155.26477575555927
2015-03-13 00:00:00+05:30,166.25,166.58,159.5,160.67,13538380,165.08666666666667,165.31,164.86333333333334,0.0027056495578079696,145.41252628155186,1,164.7496,174.21231416455234,155.28688583544763
2015-03-16 00:00:00+05:30,161.4,163.98,159.5,162.77,12452355,162.25,163.04000000000002,161.45999999999998,0.009738058551618125,145.41252628155186,1,164.7976,174.20733841081778,155.3878615891822
2015-03-17 00:00:00+05:30,164.3,167.76,163.3,166.64,12641860,162.08333333333334,161.74,162.42666666666668,0.0042365038560411355,145.41252628155186,1,164.9768,174.3493517891351,155.60424821086488
2015-03-18 00:00:00+05:30,167.4,171.78,165.76,171.14,21565815,165.9,165.53,166.27,0.004460518384569072,145.41252628155186,1,165.45,174.82489413273663,156.07510586726335
2015-03-19 00:00:00+05:30,172.6,174.12,165.07,166.8,19070450,169.55999999999997,168.76999999999998,170.34999999999997,0.009318235432885022,145.41252628155186,1,165.5796,174.93596250687307,156.22323749312693
2015-03-20 00:00:00+05:30,165.79,168.4,163.31,166.41,16854390,168.66333333333333,169.595,167.73166666666665,0.011047649163027001,145.41252628155186,1,165.6236,174.98482193733383,156.2623780626662
2015-03-23 00:00:00+05:30,167.28,167.8,164.72,165.84,8688850,166.04,165.85500000000002,166.22499999999997,0.0022283787039264497,145.41252628155186,1,165.5444,174.86335973593725,156.22544026406274
2015-03-24 00:00:00+05:30,165.74,167.2,162.44,164.53,21492620,166.12,166.26,165.98000000000002,0.0016855285335900115,145.41252628155186,1,165.4452,174.7524343819214,156.1379656180786
2015-03-25 00:00:00+05:30,164.6,165.4,160.8,161.3,14640920,164.72333333333333,164.82,164.62666666666667,0.00117368516907134,145.41252628155186,1,165.372,174.77916662975736,155.96483337024267
2015-03-26 00:00:00+05:30,160.2,164.6,158.41,161.27,42225610,162.50000000000003,163.10000000000002,161.90000000000003,0.007384615384615313,145.41252628155186,1,165.2656,174.79497702895736,155.73622297104265
2015-03-27 00:00:00+05:30,162.56,164.4,156.64,163.2,28115590,161.42666666666665,161.505,161.3483333333333,0.0009705129264063851,145.41252628155186,1,165.2868,174.7953203391495,155.7782796608505
2015-03-30 00:00:00+05:30,163.87,165.54,163.0,164.59,12687060,161.41333333333333,160.51999999999998,162.30666666666667,0.011068891458780915,145.41252628155186,1,165.27,174.78190075642192,155.7580992435781
2015-03-31 00:00:00+05:30,165.54,166.78,162.16,163.15,14274760,164.37666666666667,164.26999999999998,164.48333333333335,0.0012978322146292053,145.41252628155186,1,165.308,174.77803695874624,155.83796304125374
2015-04-01 00:00:00+05:30,162.44,170.2,161.62,169.55,14082540,164.03,164.47,163.59,0.005364872279461046,145.41252628155186,1,165.68720000000002,175.046457269678,156.32794273032204
2015-04-06 00:00:00+05:30,170.01,171.56,168.2,169.18,11597585,167.12333333333333,165.91,168.33666666666667,0.01452021461196328,145.41252628155186,1,166.09560000000002,175.13225616032946,157.05894383967058
2015-04-07 00:00:00+05:30,170.5,170.5,167.09,168.16,13655825,169.64666666666668,169.88,169.41333333333336,0.0027508154202851424,145.41252628155186,1,166.5532,174.7654556609022,158.3409443390978
2015-04-08 00:00:00+05:30,168.76,168.76,163.8,164.12,19859170,168.58333333333334,168.79500000000002,168.37166666666667,0.0025111220958972586,145.41252628155186,1,166.5516,174.7657354846399,158.33746451536013
2015-04-09 00:00:00+05:30,165.2,168.76,164.37,168.34,19811865,165.56,166.28,164.84,0.008697753080454201,145.41252628155186,1,166.2252,173.41702228924075,159.03337771075925
2015-04-10 00:00:00+05:30,169.29,170.08,167.61,168.52,11584115,167.15666666666667,166.565,167.74833333333333,0.007079187189662415,145.41252628155186,1,165.9368,172.0831477805946,159.7904522194054
2015-04-13 00:00:00+05:30,168.78,169.36,167.13,168.34,9860795,168.73666666666668,168.84500000000003,168.62833333333333,0.0012840520732504117,145.41252628155186,1,165.8172,171.64734379239655,159.98705620760347
2015-04-15 00:00:00+05:30,168.86,172.8,167.2,169.13,17151840,168.27666666666667,168.245,168.30833333333334,0.0003763643206623967,145.41252628155186,1,165.7288,171.28173167975442,160.1758683202456
2015-04-16 00:00:00+05:30,169.73,170.92,167.08,170.16,12454880,169.71,170.0,169.42000000000002,0.0034175947204053035,145.41252628155186,1,165.942,171.7442119919924,160.13978800800763
2015-04-17 00:00:00+05:30,170.07,170.07,161.24,161.88,20015130,169.38666666666666,169.0,169.7733333333333,0.004565491183878968,145.41252628155186,1,165.7964,171.81240765957128,159.78039234042873
2015-04-20 00:00:00+05:30,162.58,163.14,155.01,157.58,22838400,164.39666666666668,165.655,163.13833333333335,0.015308501794440184,145.41252628155186,1,165.5164,172.33134564615304,158.70145435384697
2015-04-21 00:00:00+05:30,156.53,160.6,154.36,156.75,17859615,158.57666666666668,159.075,158.07833333333338,0.006285077670106653,145.41252628155186,1,165.20080000000002,172.83088135212333,157.5707186478767
2015-04-22 00:00:00+05:30,158.0,160.32,155.24,159.21,34472565,157.23666666666668,157.48000000000002,156.99333333333334,0.003095122002925603,145.41252628155186,1,165.14239999999998,172.9310035308019,157.35379646919807
2015-04-23 00:00:00+05:30,161.0,171.0,160.98,170.26,66203965,158.25666666666666,157.78,158.73333333333332,0.006023969501021457,145.41252628155186,1,165.442,173.41653145959185,157.46746854040816
2015-04-24 00:00:00+05:30,170.8,170.94,164.1,164.79,25613130,167.41333333333333,165.99,168.83666666666664,0.017003822873526416,145.41252628155186,1,165.368,173.33101651386082,157.40498348613917
2015-04-27 00:00:00+05:30,165.56,166.04,160.77,162.22,15325245,166.60999999999999,167.51999999999998,165.7,0.010923714062781305,145.41252628155186,1,165.01120000000003,172.70245699999816,157.3199430000019
2015-04-28 00:00:00+05:30,161.76,166.36,161.1,165.29,24754225,163.01,163.405,162.61499999999998,0.004846328446107727,145.41252628155186,1,164.95080000000002,172.60856138568056,157.29303861431947
2015-04-29 00:00:00+05:30,164.8,168.98,164.0,166.91,16815610,164.25,163.73000000000002,164.76999999999998,0.0063318112633178915,145.41252628155186,1,164.97080000000003,172.6462922604365,157.29530773956355
2015-04-30 00:00:00+05:30,166.32,169.76,165.39,167.89,32475555,166.63,166.49,166.76999999999998,0.0016803696813297289,145.41252628155186,1,165.0528,172.8070814393095,157.29851856069047
2015-05-04 00:00:00+05:30,169.4,171.84,168.0,170.78,10958590,167.67999999999998,167.575,167.78499999999997,0.0012523854961830842,145.41252628155186,1,165.30280000000002,173.37022094104555,157.2353790589545
2015-05-05 00:00:00+05:30,170.4,173.11,169.84,171.49,11601860,170.20666666666668,169.92000000000002,170.49333333333334,0.003368454036269575,145.41252628155186,1,165.71040000000002,173.9554091182497,157.46539088175035
2015-05-06 00:00:00+05:30,170.0,170.8,163.4,164.21,15416255,171.48000000000002,171.47500000000002,171.485,5.8315838581705764e-05,145.41252628155186,1,165.828,173.89833481337794,157.75766518662206
2015-05-07 00:00:00+05:30,163.96,163.96,157.64,159.68,16180565,166.13666666666668,167.10000000000002,165.17333333333335,0.011596878072269876,145.41252628155186,1,165.68720000000002,174.0534206903727,157.32097930962735
2015-05-08 00:00:00+05:30,161.3,165.9,160.69,165.22,17101355,160.42666666666668,160.8,160.05333333333334,0.004654255319148955,145.41252628155186,1,165.7124,174.06903909475693,157.35576090524307
2015-05-11 00:00:00+05:30,166.4,169.68,165.4,168.87,10048910,163.9366666666667,163.29500000000002,164.57833333333338,0.00782822634757341,145.41252628155186,1,165.94119999999998,174.317878711758,157.56452128824196
2015-05-12 00:00:00+05:30,168.7,168.7,163.8,164.53,11975115,167.98333333333335,167.54000000000002,168.42666666666668,0.005278301418791483,145.41252628155186,1,165.74040000000002,174.00129289120858,157.47950710879147
2015-05-13 00:00:00+05:30,165.2,169.95,165.12,168.15,19426025,165.67666666666665,166.25,165.1033333333333,0.006921111401726479,145.41252628155186,1,165.69920000000002,173.90112742225998,157.49727257774006
2015-05-14 00:00:00+05:30,167.88,169.0,165.28,167.76,15087310,167.74,167.535,167.94500000000002,0.002444258972219059,145.41252628155186,1,165.6832,173.8674047286233,157.49899527137669
2015-05-15 00:00:00+05:30,168.88,172.86,168.32,169.91,17026980,167.34666666666666,167.14,167.55333333333334,0.00246992271532162,145.41252628155186,1,165.91479999999999,174.23550981587627,157.5940901841237
2015-05-18 00:00:00+05:30,170.74,173.76,170.41,172.91,11991900,170.36333333333334,170.59,170.13666666666668,0.00266097947523911,145.41252628155186,1,166.09760000000003,174.8147523423662,157.38044765763385
2015-05-19 00:00:00+05:30,172.8,175.55,171.6,172.81,17563885,172.35999999999999,172.08499999999998,172.635,0.003190995590624341,145.41252628155186,1,166.2692,175.33237193040162,157.2060280695984
2015-05-20 00:00:00+05:30,173.34,175.8,173.2,174.96,11868010,173.32000000000002,173.575,173.06500000000005,0.0029425340410797023,145.41252628155186,1,166.53400000000002,176.19108527455464,156.8769147254454
2015-05-21 00:00:00+05:30,173.99,174.2,170.58,172.16,9573470,174.65333333333334,174.5,174.80666666666667,0.0017558592258951368,145.41252628155186,1,166.6552,176.51352459599602,156.796875404004
2015-05-22 00:00:00+05:30,172.76,174.5,172.24,173.37,9091245,172.3133333333333,172.39,172.23666666666662,0.0008898518203274913,145.41252628155186,1,166.7836,176.90137664114107,156.66582335885894
2015-05-25 00:00:00+05:30,173.4,173.65,170.11,170.54,6228425,173.37,173.37,173.37,0.0,145.41252628155186,1,167.13,177.1449823764208,157.11501762357918
2015-05-26 00:00:00+05:30,171.24,172.9,169.05,172.15,8637040,171.4333333333333,171.88,170.98666666666662,0.005210966362045734,145.41252628155186,1,167.7128,177.113912308659,158.31168769134098
2015-05-27 00:00:00+05:30,169.6,174.8,169.6,174.18,9011875,171.36666666666667,170.97500000000002,171.75833333333333,0.0045710951176812075,145.41252628155186,1,168.41,177.00646625073463,159.81353374926536
2015-05-28 00:00:00+05:30,174.34,175.18,171.22,171.81,15283635,172.85999999999999,172.2,173.51999999999998,0.007636237417563307,145.41252628155186,1,168.91400000000002,176.73642724478916,161.09157275521088
2015-05-29 00:00:00+05:30,172.14,176.87,172.14,176.46,10859570,172.73666666666668,173.2,172.27333333333337,0.005364620520638079,145.41252628155186,1,169.162,177.514557452662,160.80944254733802
2015-06-01 00:00:00+05:30,176.98,179.5,175.62,175.91,12704125,175.15666666666667,174.505,175.80833333333334,0.00744095761889361,145.41252628155186,1,169.6068,178.16257039430226,161.05102960569772
2015-06-02 00:00:00+05:30,176.59,176.61,168.27,169.14,16620215,177.01,177.56,176.45999999999998,0.006214338172984706,145.41252628155186,1,169.8836,177.89604208465929,161.87115791534072
2015-06-03 00:00:00+05:30,168.6,168.74,165.0,165.88,21569610,171.34,172.44,170.24,0.012839967316446764,145.41252628155186,1,169.90720000000002,177.8686963819636,161.94570361803645
2015-06-04 00:00:00+05:30,167.0,167.18,164.05,165.43,16055485,166.54,166.87,166.20999999999998,0.003963011889035818,145.41252628155186,1,169.84799999999998,177.91901877088753,161.77698122911244
2015-06-05 00:00:00+05:30,165.4,168.2,163.63,164.68,13471950,165.55333333333334,165.615,165.49166666666667,0.0007449764426368231,145.41252628155186,1,169.71959999999999,178.0102761702541,161.42892382974588
2015-06-08 00:00:00+05:30,166.0,166.1,163.11,164.52,10556045,165.50333333333333,165.915,165.09166666666667,0.004974723570522186,145.41252628155186,1,169.46920000000003,177.9915431895236,160.94685681047645
2015-06-09 00:00:00+05:30,164.58,167.1,163.64,164.64,11576335,164.57666666666668,164.60500000000002,164.54833333333335,0.00034431774451626577,145.41252628155186,1,169.1952,177.87898004327718,160.51141995672282
2015-06-10 00:00:00+05:30,164.6,167.28,164.6,166.69,8792205,165.12666666666667,165.37,164.88333333333333,0.0029472324276313866,145.41252628155186,1,169.2944,177.80301225817814,160.78578774182185
2015-06-11 00:00:00+05:30,168.0,168.69,160.4,160.92,15458335,166.19,165.94,166.44,0.0030086046091822613,145.41252628155186,1,169.34400000000002,177.6396412651476,161.04835873485246
2015-06-12 00:00:00+05:30,159.78,162.17,158.8,161.09,15189245,163.33666666666667,164.54500000000002,162.12833333333333,0.014795616415991626,145.41252628155186,1,169.17880000000002,177.94737355788385,160.4102264421162
2015-06-15 00:00:00+05:30,162.38,163.0,159.61,160.71,9629465,160.6866666666667,160.485,160.88833333333338,0.002510060988258916,145.41252628155186,1,168.8524,178.22906086408264,159.47573913591734
2015-06-16 00:00:00+05:30,160.8,163.8,159.22,163.1,10452720,161.10666666666668,161.305,160.90833333333336,0.0024621368865346783,145.41252628155186,1,168.7952,178.2932943267594,159.2971056732406
2015-06-17 00:00:00+05:30,164.0,164.74,162.32,163.42,10595150,162.04,161.51,162.57,0.006541594667983228,145.41252628155186,1,168.606,178.33363321677064,158.87836678322935
2015-06-18 00:00:00+05:30,162.1,165.68,161.43,164.93,15115310,163.49333333333334,163.53,163.45666666666668,0.0004485402055129066,145.41252628155186,1,168.4928,178.32250765791227,158.6630923420877
2015-06-19 00:00:00+05:30,165.2,166.95,164.4,165.98,9672370,164.01333333333335,163.555,164.4716666666667,0.005588976505975239,145.41252628155186,1,168.3356,178.19527639225646,158.47592360774354
2015-06-22 00:00:00+05:30,167.16,172.8,167.02,171.88,16062505,165.77666666666667,165.675,165.87833333333333,0.0012265497758027,145.41252628155186,1,168.2944,178.08564356555485,158.50315643444515
2015-06-23 00:00:00+05:30,172.18,173.96,171.16,173.28,12920395,170.5666666666667,169.91000000000003,171.22333333333336,0.0076998241156927836,145.41252628155186,1,168.3132,178.14079009320287,158.48560990679712
2015-06-24 00:00:00+05:30,172.2,174.76,170.5,172.01,9633250,172.79999999999998,172.56,173.03999999999996,0.0027777777777775545,145.41252628155186,1,168.1952,177.76826909199028,158.62213090800972
2015-06-25 00:00:00+05:30,171.48,173.0,169.6,171.73,9546750,172.42333333333332,172.63,172.21666666666664,0.0023972006882287122,145.41252628155186,1,168.178,177.7240199036048,158.63198009639518
2015-06-26 00:00:00+05:30,170.4,171.12,167.92,170.15,8739610,171.44333333333336,171.3,171.5866666666667,0.0016720782377074453,145.41252628155186,1,168.04919999999998,177.39635172873636,158.7020482712636
2015-06-29 00:00:00+05:30,166.6,168.0,164.8,167.51,13008910,169.73,169.51999999999998,169.94,0.0024745183526778763,145.41252628155186,1,167.928,177.22124227597772,158.63475772402228
2015-06-30 00:00:00+05:30,167.8,169.2,166.81,168.77,10901255,166.77,166.4,167.14000000000001,0.0044372489056785334,145.41252628155186,1,167.7928,176.93351247989014,158.65208752010986
2015-07-01 00:00:00+05:30,168.78,174.3,168.33,173.41,10008360,168.26,168.005,168.515,0.0030310234161416314,145.41252628155186,1,167.762,176.82124323550372,158.70275676449629
2015-07-02 00:00:00+05:30,173.6,175.6,173.4,173.94,12745860,172.01333333333332,171.315,172.71166666666664,0.00811952561816902,145.41252628155186,1,167.84720000000002,177.09521993077544,158.5991800692246
2015-07-03 00:00:00+05:30,173.96,174.91,172.44,174.27,5434175,174.31333333333336,174.5,174.12666666666672,0.00214173710177044,145.41252628155186,1,167.75959999999998,176.71653604755662,158.80266395244334
2015-07-06 00:00:00+05:30,171.94,174.14,171.0,173.91,9839550,173.87333333333333,173.675,174.07166666666666,0.002281354242551936,145.41252628155186,1,167.6796,176.3758547892768,158.9833452107232
2015-07-07 00:00:00+05:30,174.0,175.58,171.25,172.4,8516965,173.01666666666665,172.57,173.4633333333333,0.005163279067527117,145.41252628155186,1,167.81,176.68585128311756,158.93414871688245
2015-07-08 00:00:00+05:30,170.0,170.53,158.44,159.5,51260720,173.07666666666668,173.41500000000002,172.73833333333334,0.003909635421682163,145.41252628155186,1,167.5548,176.98736167962974,158.12223832037026
2015-07-09 00:00:00+05:30,161.8,164.0,159.0,159.96,30729465,162.82333333333335,164.485,161.1616666666667,0.020410670051384874,145.41252628155186,1,167.33599999999998,177.19948417142845,157.47251582857152
2015-07-10 00:00:00+05:30,161.59,162.87,160.8,161.97,12458255,160.98666666666668,161.5,160.47333333333336,0.006377339738280452,145.41252628155186,1,167.22760000000002,177.2635183416377,157.19168165836234
2015-07-13 00:00:00+05:30,163.0,164.02,157.6,162.9,23861560,161.88,161.835,161.92499999999998,0.000555967383246695,145.41252628155186,1,167.16279999999998,177.28833132630675,157.0372686736932
2015-07-14 00:00:00+05:30,163.0,164.38,161.2,162.4,13142700,161.50666666666666,160.81,162.20333333333332,0.008627094856765355,145.41252628155186,1,167.07319999999999,177.32529398318312,156.82110601681686
2015-07-15 00:00:00+05:30,162.34,163.0,160.2,160.86,13717715,162.66,162.79,162.53,0.0015984261650067067,145.41252628155186,1,166.84,177.3776004858801,156.3023995141199
2015-07-16 00:00:00+05:30,161.6,167.14,160.96,166.07,28100665,161.35333333333332,161.6,161.10666666666665,0.0030574722141883614,145.41252628155186,1,167.046,177.31043958528764,156.78156041471235
2015-07-17 00:00:00+05:30,164.2,167.2,162.4,164.91,21185955,164.72333333333333,164.05,165.39666666666665,0.008175324281117646,145.41252628155186,1,167.1988,177.21476217245353,157.18283782754648
2015-07-20 00:00:00+05:30,165.18,165.4,162.8,163.59,10734130,164.83666666666667,164.8,164.87333333333333,0.0004448848354936613,145.41252628155186,1,167.31400000000002,177.09221251558893,157.53578748441112
2015-07-21 00:00:00+05:30,164.0,164.51,161.01,161.53,7971710,163.93000000000004,164.10000000000002,163.76000000000005,0.002074055999511834,145.41252628155186,1,167.25119999999998,177.1562069278128,157.34619307218716
2015-07-22 00:00:00+05:30,161.4,164.98,160.22,164.62,13214535,162.35,162.76,161.94,0.0050508161379734726,145.41252628155186,1,167.29919999999998,177.1409054131903,157.45749458680967
2015-07-23 00:00:00+05:30,164.4,166.4,163.01,164.07,9892340,163.27333333333334,162.6,163.9466666666667,0.008247927810216155,145.41252628155186,1,167.2648,177.14532487674717,157.38427512325285
2015-07-24 00:00:00+05:30,164.2,165.5,161.2,161.63,12759565,164.4933333333333,164.70499999999998,164.28166666666664,0.0025735592121262033,145.41252628155186,1,167.09080000000003,177.20612053076027,156.9754794692398
2015-07-27 00:00:00+05:30,161.6,161.87,156.45,157.06,16092860,162.77666666666667,163.35,162.20333333333335,0.0070444166854380045,145.41252628155186,1,166.498,177.1442643213486,155.85173567865138
2015-07-28 00:00:00+05:30,157.59,159.99,156.82,158.99,10796865,158.46,159.16,157.76000000000002,0.008835037233371054,145.41252628155186,1,165.9264,176.58923096368036,155.26356903631964
2015-07-29 00:00:00+05:30,160.38,164.2,159.2,163.22,32223395,158.6,158.405,158.795,0.002459016393442537,145.41252628155186,1,165.57479999999998,175.9888184290225,155.16078157097746
2015-07-30 00:00:00+05:30,164.4,165.18,161.76,162.5,19520480,162.20666666666668,161.7,162.71333333333337,0.00624717438658529,145.41252628155186,1,165.2056,175.3720846707218,155.03911532927822
2015-07-31 00:00:00+05:30,163.58,168.16,162.82,165.79,21541175,163.14666666666668,163.47,162.82333333333335,0.003963713631905731,145.41252628155186,1,165.03119999999998,175.00009453450187,155.0623054654981
2015-08-03 00:00:00+05:30,166.99,168.18,164.85,166.65,19091075,165.59,165.49,165.69,0.0012078024035267144,145.41252628155186,1,164.9968,174.93713676693207,155.05646323306794
2015-08-04 00:00:00+05:30,166.3,168.7,165.01,168.33,18714140,166.55999999999997,166.515,166.60499999999996,0.0005403458213254983,145.41252628155186,1,164.97920000000002,174.89427768199633,155.0641223180037
2015-08-05 00:00:00+05:30,168.8,169.29,165.84,166.12,6614900,167.34666666666666,166.855,167.83833333333334,0.005876025814676212,145.41252628155186,1,164.68759999999997,174.0044840799927,155.37071592000726
2015-08-06 00:00:00+05:30,166.6,167.28,165.0,165.52,7253480,167.08333333333334,167.565,166.6016666666667,0.005765586034912578,145.41252628155186,1,164.35080000000002,172.88100219221224,155.8205978077878
2015-08-07 00:00:00+05:30,165.6,165.94,163.87,164.29,6664450,165.9333333333333,166.14,165.72666666666663,0.0024909602249900886,145.41252628155186,1,163.95159999999998,171.4605955227062,156.44260447729377
2015-08-10 00:00:00+05:30,164.8,166.86,162.42,163.35,11091580,164.70000000000002,164.905,164.49500000000003,0.002489374620521968,145.41252628155186,1,163.5292,169.8428421691463,157.2155578308537
2015-08-11 00:00:00+05:30,164.0,164.6,159.4,159.73,12570600,164.21,164.64,163.78000000000003,0.0052371962730647145,145.41252628155186,1,163.0224,168.36595171772694,157.67884828227307
2015-08-12 00:00:00+05:30,158.96,159.0,153.34,154.0,15414625,161.24333333333334,162.0,160.48666666666668,0.009385400946809095,145.41252628155186,1,162.8024,169.07929166387495,156.52550833612506
2015-08-13 00:00:00+05:30,156.0,157.0,151.44,152.43,17850695,155.4466666666667,156.17000000000002,154.72333333333336,0.00930651456019208,145.41252628155186,1,162.50119999999998,169.9145443357248,155.08785566427517
2015-08-14 00:00:00+05:30,153.2,159.76,153.0,159.36,18962485,153.62333333333333,154.22,153.02666666666667,0.007767917200078078,145.41252628155186,1,162.3968,169.90996651219865,154.88363348780138
2015-08-17 00:00:00+05:30,159.39,160.5,156.68,158.12,7442630,157.37333333333333,156.38,158.36666666666667,0.01262390917563339,145.41252628155186,1,162.2056,169.8989406631985,154.51225933680152
2015-08-18 00:00:00+05:30,158.99,160.0,156.35,157.2,9974165,158.43333333333334,158.59,158.27666666666667,0.0019776982958131656,145.41252628155186,1,161.9976,169.93594699166164,154.05925300833837
2015-08-19 00:00:00+05:30,157.6,157.92,154.31,154.85,8477175,157.85,158.175,157.52499999999998,0.004117833386126285,145.41252628155186,1,161.7572,170.1686940789389,153.34570592106112
2015-08-20 00:00:00+05:30,154.8,155.16,140.66,144.01,34706850,155.69333333333336,156.115,155.2716666666667,0.005416630983985432,181.56347148473245,-1,160.8748,171.601251968849,150.148348031151
2015-08-21 00:00:00+05:30,141.79,141.8,135.86,138.43,47775905,146.60999999999999,147.91,145.30999999999997,0.01773412454812102,173.41933262534317,-1,159.81560000000002,173.5475680512309,146.08363194876912
2015-08-24 00:00:00+05:30,132.6,132.6,119.0,125.94,49036520,138.6966666666667,138.83,138.56333333333336,0.0019226609627723676,164.44615932032943,-1,158.3096,177.30497921074564,139.31422078925434
2015-08-25 00:00:00+05:30,129.6,136.99,127.5,136.14,35878850,125.84666666666665,125.8,125.8933333333333,0.0007416432695871057,164.44615932032943,-1,157.29399999999998,178.1189342856113,136.46906571438868
2015-08-26 00:00:00+05:30,136.14,139.0,132.56,136.33,28419915,133.54333333333332,132.245,134.84166666666664,0.019444375109202775,164.44615932032943,-1,156.1624,178.30482211141387,134.0199778885861
2015-08-27 00:00:00+05:30,140.94,141.0,133.72,137.52,30871450,135.96333333333334,135.78,136.14666666666668,0.002696805511289864,164.44615932032943,-1,155.1004,178.15201407277226,132.04878592722775
2015-08-28 00:00:00+05:30,139.97,140.36,131.76,135.34,29301755,137.41333333333333,137.36,137.46666666666664,0.0007762468464968938,164.44615932032943,-1,154.0488,178.18606368584543,129.91153631415457
2015-08-31 00:00:00+05:30,135.39,138.85,134.2,137.89,14909355,135.82000000000002,136.06,135.58000000000004,0.0035340892357529174,164.44615932032943,-1,153.282,178.19348104790308,128.37051895209694
2015-09-01 00:00:00+05:30,135.98,135.98,130.56,133.28,20935610,136.98,136.52499999999998,137.435,0.006643305592057417,164.44615932032943,-1,152.2536,178.23727295360752,126.26992704639248
2015-09-02 00:00:00+05:30,135.0,135.44,130.46,131.85,18930000,133.2733333333333,133.26999999999998,133.27666666666664,5.002251012951281e-05,164.44615932032943,-1,150.99880000000002,177.76109366552944,124.23650633447059
2015-09-03 00:00:00+05:30,133.2,135.28,132.16,134.34,15062695,132.58333333333334,132.95,132.2166666666667,0.005531112507856379,164.44615932032943,-1,149.8724,176.97190805752822,122.77289194247176
2015-09-04 00:00:00+05:30,133.0,133.6,127.0,129.44,18705090,133.92666666666665,133.72,134.1333333333333,0.003086266115784498,164.44615932032943,-1,148.4184,175.84439040618295,120.99240959381703
2015-09-07 00:00:00+05:30,129.8,131.25,128.22,130.14,13447880,130.01333333333335,130.3,129.7266666666667,0.00440980412265401,164.44615932032943,-1,146.958,174.2330300458137,119.68296995418628
2015-09-08 00:00:00+05:30,131.28,140.18,130.64,139.37,34189085,129.87,129.735,130.005,0.002079002079001939,164.44615932032943,-1,145.7996,171.77439854320417,119.82480145679581
2015-09-09 00:00:00+05:30,143.55,144.78,142.0,143.31,30508645,136.73,135.41,138.04999999999998,0.01930812550281567,164.44615932032943,-1,144.8872,169.51005476219285,120.26434523780716
2015-09-10 00:00:00+05:30,139.0,143.94,138.2,142.6,17735250,143.36333333333332,143.39,143.33666666666664,0.00037201515961781263,164.44615932032943,-1,143.97039999999998,167.11442521948254,120.82637478051744
2015-09-11 00:00:00+05:30,143.94,145.27,140.87,142.19,15170375,141.58,141.07,142.09000000000003,0.007204407402175721,164.44615932032943,-1,143.0864,164.6957837987122,121.4770162012878
2015-09-14 00:00:00+05:30,142.0,146.82,141.26,146.33,16565705,142.77666666666667,143.07,142.48333333333335,0.004108981392851152,164.44615932032943,-1,142.4056,162.43299889651288,122.3782011034871
2015-09-15 00:00:00+05:30,146.54,148.25,145.07,145.8,16110920,144.8033333333333,144.04,145.56666666666663,0.010543035381321626,164.44615932032943,-1,141.8484,160.6546956947945,123.04210430520548
2015-09-16 00:00:00+05:30,147.0,152.08,147.0,151.69,27152445,146.37333333333333,146.66,146.08666666666667,0.003916924758608058,164.44615932032943,-1,141.756,160.34400473423779,123.1679952657622
2015-09-18 00:00:00+05:30,154.6,155.8,152.72,154.33,26829095,150.2566666666667,149.54000000000002,150.97333333333336,0.00953923286820332,164.44615932032943,-1,141.832,160.60853343937708,123.05546656062289
2015-09-21 00:00:00+05:30,151.93,154.56,151.18,153.44,16264740,154.28333333333333,154.26,154.30666666666667,0.0003024738036081737,164.44615932032943,-1,141.5952,159.6156409446619,123.57475905533812
2015-09-22 00:00:00+05:30,154.4,154.76,144.6,146.65,19125910,153.06,152.87,153.25,0.002482686528158862,164.44615932032943,-1,141.13639999999998,157.99734363195745,124.27545636804251
2015-09-23 00:00:00+05:30,144.6,148.78,142.85,147.65,28532335,148.67,149.68,147.65999999999997,0.013587139301809638,164.44615932032943,-1,140.75439999999998,156.54077901990343,124.96802098009653
2015-09-24 00:00:00+05:30,147.54,148.7,143.72,144.18,18338545,146.42666666666665,145.815,147.0383333333333,0.00835458022218153,164.44615932032943,-1,140.3276,155.1116771426575,125.54352285734248
2015-09-28 00:00:00+05:30,144.0,148.3,144.0,145.98,17370665,145.53333333333333,146.20999999999998,144.85666666666668,0.009299129638112434,164.44615932032943,-1,140.40640000000002,155.2888201042723,125.52397989572773
2015-09-29 00:00:00+05:30,144.02,149.8,140.55,147.72,38504095,146.09333333333333,146.15,146.03666666666666,0.0007757597882632833,164.44615932032943,-1,140.778,155.9063606514403,125.64963934855967
2015-09-30 00:00:00+05:30,148.86,150.87,144.66,145.94,21025405,146.02333333333334,145.175,146.87166666666667,0.011619147624808764,164.44615932032943,-1,141.578,155.55455522652298,127.60144477347703
2015-10-01 00:00:00+05:30,147.8,147.88,143.0,145.72,18723595,147.15666666666667,147.765,146.54833333333335,0.008267832468797247,164.44615932032943,-1,141.9612,155.8453714999508,128.07702850004918
2015-10-05 00:00:00+05:30,146.55,150.6,146.55,150.05,16198610,145.53333333333333,145.44,145.62666666666667,0.0012826385707741693,164.44615932032943,-1,142.51,156.544258655164,128.475741344836
2015-10-06 00:00:00+05:30,150.48,151.32,147.38,148.62,13222105,149.06666666666666,148.575,149.55833333333334,0.006596601073345362,164.44615932032943,-1,142.954,157.03096671872336,128.87703328127665
2015-10-07 00:00:00+05:30,148.62,149.13,146.72,147.15,12428940,149.10666666666665,149.35,148.86333333333332,0.003263882679066522,164.44615932032943,-1,143.4264,157.23978814918502,129.61301185081498
2015-10-08 00:00:00+05:30,146.6,147.1,144.09,145.47,13806750,147.66666666666666,147.925,147.4083333333333,0.003498871331828725,164.44615932032943,-1,143.7296,157.37532839243272,130.0838716075673
2015-10-09 00:00:00+05:30,146.66,148.38,144.02,145.13,13380905,145.5533333333333,145.595,145.51166666666663,0.0005725278248525482,164.44615932032943,-1,144.2036,157.17086324865983,131.23633675134016
2015-10-12 00:00:00+05:30,145.86,147.3,144.12,144.75,11647585,145.84333333333333,146.2,145.48666666666668,0.004891093182181632,164.44615932032943,-1,144.71959999999999,156.66593129291343,132.77326870708654
2015-10-13 00:00:00+05:30,145.18,147.22,144.8,146.76,15112280,145.39000000000001,145.71,145.07000000000002,0.0044019533668064265,164.44615932032943,-1,145.21640000000002,156.40371121226377,134.02908878773627
2015-10-14 00:00:00+05:30,146.6,148.52,146.0,147.74,9671405,146.26,146.01,146.51,0.003418569670449884,164.44615932032943,-1,145.9484,155.12491555657382,136.77188444342616
2015-10-15 00:00:00+05:30,148.4,152.22,148.4,151.83,19755775,147.42,147.26,147.57999999999998,0.002170668837335458,164.44615932032943,-1,146.81599999999997,153.65321814775862,139.97878185224133
2015-10-16 00:00:00+05:30,152.0,154.94,150.45,154.64,16218250,150.8166666666667,150.31,151.32333333333338,0.006718974472317679,164.44615932032943,-1,147.42680000000001,154.22229667353608,140.63130332646395
2015-10-19 00:00:00+05:30,154.57,155.19,153.22,154.09,9387355,153.34333333333333,152.695,153.99166666666667,0.00845597026280904,164.44615932032943,-1,147.858,154.91682936470625,140.79917063529376
2015-10-20 00:00:00+05:30,154.18,155.74,152.27,154.02,13621220,154.16666666666666,154.20499999999998,154.12833333333333,0.0004972972972972137,164.44615932032943,-1,148.3148,155.43127355366676,141.19832644633323
2015-10-21 00:00:00+05:30,154.0,155.08,151.4,153.06,9432540,154.01,154.005,154.015,6.493084864613275e-05,164.44615932032943,-1,148.74960000000002,155.64079665660748,141.85840334339255
2015-10-23 00:00:00+05:30,154.52,156.0,152.8,154.23,12371450,153.18,153.24,153.12,0.0007833920877399435,164.44615932032943,-1,149.06560000000002,156.20408853469962,141.9271114653004
2015-10-26 00:00:00+05:30,154.8,155.2,148.72,149.24,11315700,154.34333333333333,154.4,154.28666666666666,0.0007342936742760336,164.44615932032943,-1,149.2032,156.21610860057635,142.19029139942367
2015-10-27 00:00:00+05:30,149.2,151.26,148.4,150.26,13654945,151.0533333333333,151.95999999999998,150.14666666666665,0.012004589990290401,164.44615932032943,-1,149.146,156.0999214835974,142.19207851640257
2015-10-28 00:00:00+05:30,148.2,149.69,143.36,145.53,20105845,149.97333333333333,149.82999999999998,150.11666666666667,0.001911450924608976,164.44615932032943,-1,148.79399999999998,155.5507495143773,142.03725048562268
2015-10-29 00:00:00+05:30,145.98,149.52,141.55,148.72,59974035,146.19333333333336,146.525,145.8616666666667,0.0045373706051345135,164.44615932032943,-1,148.6052,155.09043768570115,142.11996231429885
2015-10-30 00:00:00+05:30,149.98,153.13,148.8,151.73,20048755,146.5966666666667,145.53500000000003,147.65833333333336,0.014484185634052623,164.44615932032943,-1,148.8084,155.35391737909526,142.26288262090475
2015-11-02 00:00:00+05:30,151.04,154.7,150.48,154.4,13308240,151.22,150.965,151.475,0.0033725697659039208,164.44615932032943,-1,149.0784,155.95881087145509,142.1979891285449
2015-11-03 00:00:00+05:30,155.08,156.3,153.3,155.86,15156160,153.1933333333333,152.58999999999997,153.79666666666662,0.00787675703903553,164.44615932032943,-1,149.5456,156.61569721008394,142.47550278991608
2015-11-04 00:00:00+05:30,156.8,158.0,156.04,156.75,12395670,155.15333333333334,154.8,155.50666666666666,0.004554634125381231,164.44615932032943,-1,149.97639999999998,157.42719191496016,142.5256080850398
2015-11-05 00:00:00+05:30,156.0,156.1,151.82,152.4,12105005,156.92999999999998,157.01999999999998,156.83999999999997,0.001147008220225622,164.44615932032943,-1,150.1636,157.61338685332913,142.71381314667087
2015-11-06 00:00:00+05:30,152.44,154.74,150.0,151.69,12841760,153.43999999999997,153.95999999999998,152.91999999999996,0.006777893639207643,164.44615932032943,-1,150.3936,157.66039435239742,143.12680564760257
2015-11-09 00:00:00+05:30,148.8,153.64,147.06,152.39,19696955,152.14333333333335,152.37,151.91666666666669,0.002979646386083204,164.44615932032943,-1,150.6604,157.70770184964678,143.61309815035324
2015-11-10 00:00:00+05:30,151.03,153.3,147.42,147.93,11980700,151.03,150.35,151.71,0.009004833476792781,164.44615932032943,-1,150.5756,157.70082971980798,143.45037028019203
2015-11-11 00:00:00+05:30,150.0,152.0,150.0,151.26,3522170,149.55,150.36,148.74,0.010832497492477462,164.44615932032943,-1,150.68120000000002,157.7655022408728,143.59689775912724
2015-11-13 00:00:00+05:30,150.7,151.5,146.7,147.62,19647750,151.08666666666667,151.0,151.17333333333335,0.0011472444071836002,164.44615932032943,-1,150.7,157.74912590326167,143.6508740967383
2015-11-16 00:00:00+05:30,147.2,150.6,147.02,150.19,12772960,148.60666666666665,149.1,148.11333333333332,0.006639450899466234,164.44615932032943,-1,150.8888,157.6128424032002,144.1647575967998
2015-11-17 00:00:00+05:30,151.28,151.48,147.4,149.13,15427460,149.27,148.81,149.73000000000002,0.006163328197226608,164.44615932032943,-1,151.0488,157.39695581409546,144.70064418590454
2015-11-18 00:00:00+05:30,149.13,150.2,144.04,144.61,13495465,149.33666666666667,149.44,149.23333333333335,0.0013838976808552212,164.44615932032943,-1,151.04319999999998,157.41377917618436,144.6726208238156
2015-11-19 00:00:00+05:30,145.7,146.98,144.82,146.68,16618620,146.28333333333333,147.12,145.44666666666666,0.011438988264783043,164.44615932032943,-1,151.04,157.41925638299904,144.66074361700095
2015-11-20 00:00:00+05:30,146.67,148.32,145.02,146.24,13068955,146.16,145.89999999999998,146.42000000000002,0.0035577449370555463,164.44615932032943,-1,150.98,157.5087450555244,144.45125494447558
2015-11-23 00:00:00+05:30,146.8,148.95,146.42,148.13,11223220,146.52666666666667,146.67000000000002,146.38333333333333,0.001956412939624347,164.44615932032943,-1,150.832,157.44417785604972,144.21982214395027
2015-11-24 00:00:00+05:30,148.0,149.64,147.58,148.83,12498670,147.83333333333334,147.685,147.98166666666668,0.002006764374295475,164.44615932032943,-1,150.59959999999998,157.0669023247746,144.13229767522537
2015-11-26 00:00:00+05:30,149.39,150.8,149.04,149.96,14841055,148.68333333333337,148.61,148.75666666666672,0.0009864364981506811,164.44615932032943,-1,150.4344,156.7457411062971,144.12305889370293
2015-11-27 00:00:00+05:30,150.2,153.94,149.77,152.54,12464520,149.93333333333337,149.92000000000002,149.94666666666672,0.00017785682525588652,164.44615932032943,-1,150.3752,156.57772624662206,144.17267375337795
2015-11-30 00:00:00+05:30,152.4,154.2,152.4,153.64,11087220,152.08333333333334,151.85500000000002,152.31166666666667,0.0030027397260272825,164.44615932032943,-1,150.3984,156.64510327132925,144.15169672867077
2015-12-01 00:00:00+05:30,154.0,154.4,151.74,152.04,10485970,153.41333333333333,153.3,153.52666666666664,0.0014774900052144384,164.44615932032943,-1,150.31080000000003,156.39954350256568,144.22205649743438
2015-12-02 00:00:00+05:30,152.44,152.74,149.6,150.13,9236230,152.72666666666666,153.07,152.38333333333333,0.004496049587498368,164.44615932032943,-1,150.3464,156.4200727076815,144.27272729231848
2015-12-03 00:00:00+05:30,149.0,151.78,149.0,150.41,10662525,150.82333333333335,151.17000000000002,150.4766666666667,0.004596989855681004,164.44615932032943,-1,150.3524,156.42601580609403,144.27878419390595
2015-12-04 00:00:00+05:30,149.0,150.24,147.71,148.0,8180645,150.39666666666665,150.39,150.4033333333333,8.865444712862347e-05,164.44615932032943,-1,150.4512,156.28337645823882,144.61902354176118
2015-12-07 00:00:00+05:30,148.98,149.18,146.5,146.98,7792800,148.65,148.97500000000002,148.325,0.004372687521022766,164.44615932032943,-1,150.38160000000002,156.33502370069826,144.42817629930178
2015-12-08 00:00:00+05:30,146.2,147.0,144.72,145.15,7330215,147.5533333333333,147.84,147.26666666666662,0.00388560068675765,164.44615932032943,-1,150.1184,156.38373237426683,143.8530676257332
2015-12-09 00:00:00+05:30,145.0,146.98,142.69,143.34,10317275,145.62333333333333,145.86,145.38666666666666,0.0032503948543046507,164.44615932032943,-1,149.67600000000002,156.22503473803863,143.1269652619614
2015-12-10 00:00:00+05:30,143.98,144.36,140.46,141.42,16252330,144.33666666666667,144.83499999999998,143.83833333333337,0.006905152305950991,164.44615932032943,-1,149.0984,155.90593389709062,142.29086610290938
2015-12-11 00:00:00+05:30,141.8,142.74,134.45,136.12,28722100,142.08,142.41000000000003,141.75,0.004645270270270446,164.44615932032943,-1,148.2732,156.09633230362616,140.45006769637385
2015-12-14 00:00:00+05:30,135.82,137.8,133.6,136.65,17360285,137.77,138.595,136.94500000000002,0.011976482543369218,164.44615932032943,-1,147.6432,156.5034893316212,138.7829106683788
2015-12-15 00:00:00+05:30,137.6,138.84,135.15,138.27,13407435,136.01666666666665,135.7,136.33333333333331,0.00465629212106354,164.44615932032943,-1,147.1064,156.5291891921682,137.68361080783183
2015-12-16 00:00:00+05:30,139.4,142.12,138.85,139.71,18151740,137.42,136.995,137.84499999999997,0.006185416969873133,164.44615932032943,-1,146.5992,156.19328137551702,137.00511862448298
2015-12-17 00:00:00+05:30,141.6,144.75,141.14,144.22,18659360,140.2266666666667,140.485,139.96833333333336,0.0036845107920508565,164.44615932032943,-1,146.4508,156.07268325849168,136.8289167415083
2015-12-18 00:00:00+05:30,143.58,145.49,142.72,143.74,16685490,143.37,142.945,143.79500000000002,0.005928715909883676,164.44615932032943,-1,146.15,155.62068740905556,136.67931259094445
2015-12-21 00:00:00+05:30,143.4,145.3,143.38,143.77,9460115,143.98333333333335,144.10500000000002,143.86166666666668,0.0016900104178724808,164.44615932032943,-1,145.996,155.49124175574502,136.500758244255
2015-12-22 00:00:00+05:30,143.99,145.56,142.4,142.79,8068060,144.15,144.34,143.96,0.002636142906694384,164.44615932032943,-1,145.7,155.11484784794973,136.28515215205024
2015-12-23 00:00:00+05:30,143.6,145.2,143.6,144.95,8680400,143.58333333333334,143.98000000000002,143.18666666666667,0.005525246662797567,164.44615932032943,-1,145.53279999999998,154.845970922948,136.21962907705196
2015-12-24 00:00:00+05:30,145.23,145.88,144.02,144.87,6064000,144.58333333333331,144.39999999999998,144.76666666666665,0.002536023054755096,164.44615932032943,-1,145.5432,154.8528057403117,136.23359425968832
2015-12-28 00:00:00+05:30,145.18,147.22,145.04,146.59,8447475,144.92333333333332,144.95,144.89666666666665,0.00036801067230955454,164.44615932032943,-1,145.53959999999998,154.84751401765422,136.23168598234574
2015-12-29 00:00:00+05:30,146.89,147.19,145.6,146.29,7058305,146.28333333333333,146.13,146.43666666666667,0.002096388287569821,164.44615932032943,-1,145.5416,154.85013660679508,136.2330633932049
2015-12-30 00:00:00+05:30,146.76,147.38,146.02,146.85,6045445,146.35999999999999,146.39499999999998,146.325,0.0004782727521180185,164.44615932032943,-1,145.49040000000002,154.7554042288196,136.22539577118044
2015-12-31 00:00:00+05:30,146.82,147.3,144.68,145.16,6457360,146.75,146.7,146.8,0.0006814310051108874,164.44615932032943,-1,145.3436,154.50804761892635,136.17915238107366
2016-01-01 00:00:00+05:30,145.53,147.1,144.55,146.49,4988895,145.71333333333334,145.99,145.43666666666667,0.0037974104405911722,164.44615932032943,-1,145.2048,154.1887040422327,136.2208959577673
2016-01-04 00:00:00+05:30,145.98,145.98,140.22,141.15,12693585,146.04666666666665,145.825,146.26833333333332,0.003035559410234136,164.44615932032943,-1,144.7492,153.34582988851133,136.15257011148867
2016-01-05 00:00:00+05:30,141.8,142.62,139.68,141.54,10345630,142.45000000000002,143.1,141.80000000000004,0.009126009126008805,164.44615932032943,-1,144.2652,152.13701324982034,136.39338675017964
2016-01-06 00:00:00+05:30,142.39,143.38,140.3,140.77,8329590,141.28,141.15,141.41,0.0018403171007926875,164.44615932032943,-1,143.81439999999998,151.12436488090387,136.5044351190961
2016-01-07 00:00:00+05:30,138.58,138.58,135.14,135.77,12052960,141.48333333333335,141.84,141.1266666666667,0.0050418188243607715,162.34313032623166,-1,143.24,150.7291879399605,135.75081206003952
2016-01-08 00:00:00+05:30,137.0,139.8,136.67,138.74,12796475,136.49666666666667,136.86,136.13333333333333,0.005323695328335401,162.34313032623166,-1,142.7732,149.86057631567922,135.68582368432078
2016-01-11 00:00:00+05:30,137.0,140.93,135.25,138.9,14801465,138.40333333333334,138.235,138.57166666666666,0.002432504034103066,162.34313032623166,-1,142.4092,149.3178957843034,135.5005042156966
2016-01-12 00:00:00+05:30,139.51,139.89,133.68,134.59,15401165,138.36,138.09,138.63000000000002,0.003902862098872654,162.34313032623166,-1,141.91359999999997,149.2065574357768,134.62064256422315
2016-01-13 00:00:00+05:30,136.3,137.97,132.02,136.54,24823865,136.0533333333333,136.785,135.32166666666663,0.010755586044688605,162.34313032623166,-1,141.5692,149.0295612137787,134.1088387862213
2016-01-14 00:00:00+05:30,134.59,135.73,132.4,134.84,17869410,135.51,134.995,136.02499999999998,0.007600915061618868,161.56977359009585,-1,141.2292,149.09927073920267,133.35912926079732
2016-01-15 00:00:00+05:30,136.0,136.72,132.02,132.74,18152225,134.32333333333335,134.065,134.5816666666667,0.0038464401816515493,161.56977359009585,-1,140.882,149.42487071188924,132.33912928811077
2016-01-18 00:00:00+05:30,132.2,134.01,130.34,131.2,18905815,133.82666666666668,134.37,133.28333333333336,0.008119956162199696,159.81435934063234,-1,140.6852,149.8610397893629,131.5093602106371
2016-01-19 00:00:00+05:30,132.6,137.3,131.5,136.25,24393180,131.85,132.175,131.52499999999998,0.004929844520288465,159.81435934063234,-1,140.6692,149.87447660855747,131.4639233914425
2016-01-20 00:00:00+05:30,134.78,135.16,126.31,129.25,26445660,135.01666666666668,134.4,135.63333333333335,0.00913467473151474,159.81435934063234,-1,140.3084,150.5142378274425,130.1025621725575
2016-01-21 00:00:00+05:30,131.01,134.6,129.49,130.86,20534760,130.24,130.735,129.745,0.00760135135135142,159.81435934063234,-1,139.9544,150.81184585803018,129.0969541419698
2016-01-22 00:00:00+05:30,133.4,137.94,132.35,136.8,16567570,131.65,132.04500000000002,131.255,0.006000759589821651,159.81435934063234,-1,139.6576,150.4377926216584,128.87740737834162
2016-01-25 00:00:00+05:30,138.38,139.02,134.7,135.5,9817820,135.69666666666666,135.14499999999998,136.24833333333333,0.008130880149352869,159.81435934063234,-1,139.328,150.09262502830722,128.56337497169278
2016-01-27 00:00:00+05:30,136.02,136.96,133.0,135.61,10075060,136.40666666666667,136.86,135.95333333333332,0.0066467914569182445,159.81435934063234,-1,139.0016,149.7023359447871,128.30086405521288
2016-01-28 00:00:00+05:30,135.97,137.28,133.53,134.31,16022000,135.19000000000003,134.98000000000002,135.40000000000003,0.0031067386641024917,159.81435934063234,-1,138.6624,149.39883259933484,127.92596740066514
2016-01-29 00:00:00+05:30,132.6,149.9,130.23,149.36,87063495,135.04,135.405,134.67499999999998,0.005405805687203926,159.81435934063234,-1,138.83880000000002,150.11405051784038,127.56354948215964
2016-02-01 00:00:00+05:30,150.88,155.16,148.9,154.48,55294340,143.16333333333333,140.065,146.26166666666666,0.04328389485203375,159.81435934063234,-1,139.2232,151.86692188242284,126.57947811757712
2016-02-02 00:00:00+05:30,154.48,157.0,152.08,152.86,32985285,152.84666666666666,152.03,153.66333333333333,0.010686090635495218,159.81435934063234,-1,139.47400000000002,152.915834398625,126.03216560137503
2016-02-03 00:00:00+05:30,150.27,157.8,150.01,155.54,29323850,153.98000000000002,154.54000000000002,153.42000000000002,0.007273671905442294,159.81435934063234,-1,139.84400000000002,154.4727618067989,125.21523819320115
2016-02-04 00:00:00+05:30,156.94,157.59,150.85,151.87,29722165,154.45000000000002,153.905,154.99500000000003,0.007057300097119014,159.81435934063234,-1,140.0448,155.18170496237778,124.90789503762224
2016-02-05 00:00:00+05:30,151.84,155.98,151.84,155.41,15978405,153.43666666666667,154.22,152.65333333333334,0.010210510308270488,159.81435934063234,-1,140.4548,156.64249124489518,124.26710875510483
2016-02-08 00:00:00+05:30,155.04,157.9,153.0,153.67,16112350,154.41,153.91,154.91,0.006476264490641798,159.81435934063234,-1,140.74200000000002,157.5891443277505,123.89485567224953
2016-02-09 00:00:00+05:30,151.71,153.78,148.3,149.37,19050925,154.85666666666665,155.45,154.26333333333332,0.007663000193727539,159.81435934063234,-1,141.0708,158.2544544844237,123.8871455155763
2016-02-10 00:00:00+05:30,148.42,149.35,145.52,147.07,21933695,150.48333333333335,151.04000000000002,149.92666666666668,0.007398382988149366,159.81435934063234,-1,141.292,158.63574538558652,123.94825461441347
2016-02-11 00:00:00+05:30,147.0,147.96,141.92,142.89,15571410,147.31333333333333,147.435,147.19166666666666,0.0016518079377291447,159.81435934063234,-1,141.3768,158.73023536709817,124.02336463290183
2016-02-12 00:00:00+05:30,144.0,146.59,138.44,145.69,22277665,144.25666666666666,144.94,143.57333333333332,0.009473854472352572,159.81435934063234,-1,141.77360000000002,159.04955774942894,124.4976422505711
2016-02-15 00:00:00+05:30,147.04,152.36,147.03,150.68,18884615,143.57333333333332,142.515,144.63166666666666,0.014742756315007483,159.81435934063234,-1,142.25119999999998,159.82293031434443,124.67946968565553
2016-02-16 00:00:00+05:30,151.69,151.86,146.2,146.77,16563985,150.02333333333334,149.695,150.3516666666667,0.004377096896038581,159.81435934063234,-1,142.566,160.1682598549178,124.96374014508218
2016-02-17 00:00:00+05:30,146.58,146.58,140.24,144.07,26398540,148.27666666666667,149.03,147.52333333333334,0.010161185171863367,159.81435934063234,-1,142.9452,160.2497558116945,125.64064418830549
2016-02-18 00:00:00+05:30,145.6,147.18,141.28,142.85,16055755,143.63000000000002,143.41000000000003,143.85000000000002,0.0030634268606836846,159.81435934063234,-1,143.1976,160.30403226859562,126.09116773140437
2016-02-19 00:00:00+05:30,142.2,144.72,141.71,142.51,11826110,143.77,144.23000000000002,143.31,0.006399109689086846,159.81435934063234,-1,143.5044,160.2720250721457,126.7367749278543
2016-02-22 00:00:00+05:30,143.2,144.1,141.84,142.55,8648975,142.98,143.215,142.74499999999998,0.0032871730311933647,159.81435934063234,-1,143.8968,160.08764652018075,127.70595347981927
2016-02-23 00:00:00+05:30,142.5,143.45,136.24,137.27,21500155,142.83,142.97,142.69000000000003,0.001960372470769255,159.81435934063234,-1,144.1396,159.73256711213259,128.54663288786742
2016-02-24 00:00:00+05:30,136.77,140.75,134.41,138.13,20841410,138.98666666666668,139.845,138.12833333333336,0.012351304681504029,159.81435934063234,-1,144.2148,159.6723911396326,128.7572088603674
2016-02-25 00:00:00+05:30,138.96,139.01,133.32,134.1,22305795,137.76333333333332,137.57999999999998,137.94666666666666,0.0026615693580779184,159.81435934063234,-1,144.4088,159.21841884182194,129.59918115817808
2016-02-26 00:00:00+05:30,136.46,138.4,133.78,137.31,20627085,135.47666666666666,136.165,134.78833333333333,0.010161651452894707,159.81435934063234,-1,144.6668,158.72916932526118,130.6044306747388
2016-02-29 00:00:00+05:30,137.59,140.8,132.67,137.8,24929325,136.49666666666667,136.09,136.90333333333334,0.005958631468411921,159.81435934063234,-1,144.70680000000002,158.6848705049033,130.72872949509673
2016-03-01 00:00:00+05:30,139.36,144.36,138.19,143.88,20408715,137.09,136.735,137.445,0.005179079436866143,159.81435934063234,-1,145.042,158.51359856884275,131.57040143115725
2016-03-02 00:00:00+05:30,146.2,152.35,146.1,151.05,26665300,142.14333333333335,141.275,143.01166666666668,0.012217714513519303,159.81435934063234,-1,145.6596,158.7553855571953,132.56381444280473
2016-03-03 00:00:00+05:30,151.8,152.0,148.22,151.53,20116495,149.83333333333334,149.225,150.4416666666667,0.008120133481646476,159.81435934063234,-1,146.3484,158.77842517133587,133.91837482866413
2016-03-04 00:00:00+05:30,151.2,153.9,149.05,151.81,19092795,150.58333333333334,150.11,151.05666666666667,0.006286662977310404,159.81435934063234,-1,146.44639999999998,159.0077934004171,133.88500659958285
2016-03-08 00:00:00+05:30,153.8,153.91,150.32,151.91,21291635,151.58666666666667,151.47500000000002,151.69833333333332,0.001473304600228477,159.81435934063234,-1,146.3436,158.6803858115493,134.00681418845073
2016-03-09 00:00:00+05:30,151.0,158.68,150.26,158.12,30298510,152.04666666666665,152.115,151.9783333333333,0.0008988468452671082,159.81435934063234,-1,146.554,159.49287290300214,133.61512709699787
2016-03-10 00:00:00+05:30,158.8,160.19,156.9,158.28,18269590,155.68666666666667,154.47,156.90333333333334,0.015629683552434402,159.81435934063234,-1,146.66359999999997,159.94691751333386,133.3802824866661
2016-03-11 00:00:00+05:30,157.4,160.96,157.12,160.12,20752680,158.45666666666668,158.54500000000002,158.36833333333334,0.001114921008898394,121.42479388053087,1,146.99360000000001,161.15855041149254,132.8286495885075
2016-03-14 00:00:00+05:30,161.0,162.0,159.4,160.4,12531405,159.4,159.04000000000002,159.76,0.004516938519447744,123.86140212530961,1,147.1932,161.95496761231666,132.43143238768332
2016-03-15 00:00:00+05:30,160.2,163.4,159.41,162.19,18064305,160.6,160.7,160.5,0.0012453300124532294,124.92274604029723,1,147.534,163.2412599774767,131.8267400225233
2016-03-16 00:00:00+05:30,161.4,163.1,159.1,160.88,16745200,161.66666666666666,161.405,161.9283333333333,0.0032371134020617244,124.95703619868533,1,147.9944,164.54218881180324,131.44661118819678
2016-03-17 00:00:00+05:30,162.22,163.76,158.6,159.91,15460550,161.02666666666667,161.1,160.95333333333335,0.0009108222240621447,125.03795475073792,1,148.50799999999998,165.69388071644974,131.32211928355022
2016-03-18 00:00:00+05:30,160.2,163.5,159.15,162.85,13220715,160.75666666666666,161.18,160.33333333333331,0.005266759284218545,125.41063656070838,1,149.30640000000002,167.21354081477105,131.399259185229
2016-03-21 00:00:00+05:30,163.6,166.9,162.55,166.37,17150930,161.83333333333334,161.325,162.3416666666667,0.006282183316169155,129.0292110982801,1,150.1336,169.1710039238557,131.0961960761443
2016-03-22 00:00:00+05:30,166.2,167.55,164.53,166.44,13091505,165.27333333333334,164.72500000000002,165.82166666666666,0.006635472550522179,130.92644265434888,1,150.764,170.84705634110594,130.68094365889408
2016-03-23 00:00:00+05:30,166.0,170.37,165.29,169.85,20967780,166.17333333333335,166.04000000000002,166.30666666666667,0.001604750060178036,132.69858494817487,1,151.6872,173.03319954652002,130.34120045347996
2016-03-28 00:00:00+05:30,168.63,171.98,167.1,168.45,17251110,168.50333333333333,167.82999999999998,169.17666666666668,0.007991928943047769,134.4474415502479,1,152.6624,174.7423183186902,130.5824816813098
2016-03-29 00:00:00+05:30,168.2,170.88,167.2,169.27,9845555,169.17666666666665,169.54,168.8133333333333,0.004295312592359198,134.4474415502479,1,153.7192,176.34175859623377,131.09664140376623
2016-03-30 00:00:00+05:30,170.7,174.0,169.71,173.26,13545105,169.11666666666667,169.04,169.19333333333336,0.0009066719227359677,137.2001141327085,1,154.9492,178.33124502262424,131.56715497737574
2016-03-31 00:00:00+05:30,172.5,175.0,171.71,173.01,31232455,172.32333333333335,171.85500000000002,172.79166666666669,0.005435518502040741,139.16510956740015,1,156.1676,180.00820420710906,132.32699579289093
2016-04-01 00:00:00+05:30,172.6,173.1,170.48,171.12,14136725,173.24,173.35500000000002,173.125,0.0013276379589010517,139.16510956740015,1,157.5216,180.75248336159484,134.29071663840517
2016-04-04 00:00:00+05:30,171.18,173.98,171.0,173.59,16196910,171.5666666666667,171.79,171.3433333333334,0.0026034583252376223,139.44194097731597,1,158.94,181.5844695234846,136.2955304765154
2016-04-05 00:00:00+05:30,172.0,173.02,165.3,165.84,22500685,172.85666666666668,172.49,173.22333333333336,0.004242435929575651,139.44194097731597,1,160.2096,180.5864978836333,139.83270211636668
2016-04-06 00:00:00+05:30,167.0,168.43,165.65,166.81,16484090,168.05333333333337,169.16000000000003,166.94666666666672,0.013170422088225817,139.44194097731597,1,161.3896,179.63010830870724,143.14909169129277
2016-04-07 00:00:00+05:30,167.79,168.8,166.2,167.1,9215225,166.96333333333334,167.04000000000002,166.88666666666666,0.0009183653097488334,139.44194097731597,1,162.5616,178.16301396668956,146.96018603331044
2016-04-08 00:00:00+05:30,167.4,170.7,166.64,169.88,11833340,167.36666666666667,167.5,167.23333333333335,0.0015933081059548984,139.44194097731597,1,163.6016,177.4510334093498,149.75216659065018
2016-04-11 00:00:00+05:30,170.6,172.49,169.57,171.93,9609845,169.07333333333332,168.67,169.47666666666666,0.004771105240329671,139.44194097731597,1,164.4368,177.66206759804936,151.21153240195065
2016-04-12 00:00:00+05:30,171.96,173.66,170.64,171.86,8861115,171.33,171.03,171.63000000000002,0.003502013657853398,140.40534120968775,1,165.25,177.67680457720377,152.82319542279623
2016-04-13 00:00:00+05:30,173.42,175.0,173.15,174.03,8343925,172.0533333333333,172.14999999999998,171.95666666666665,0.0011236825790452267,142.72092756130024,1,166.1388,177.74476304664165,154.53283695335836
2016-04-18 00:00:00+05:30,172.4,179.4,172.22,178.71,19491185,174.05999999999997,174.075,174.04499999999996,0.00017235436056549215,143.69969045884824,1,167.21079999999998,178.30105939462234,156.1205406053776
2016-04-20 00:00:00+05:30,178.94,178.94,175.4,176.38,15352350,176.77666666666667,175.81,177.74333333333334,0.010936586653593067,145.35290284049432,1,167.94119999999998,178.94524335869357,156.9371566413064
2016-04-21 00:00:00+05:30,177.68,179.65,175.32,176.27,14804655,176.90666666666667,177.17000000000002,176.64333333333332,0.0029770877298765787,145.72818672687455,1,168.66080000000002,179.39311072230058,157.92848927769947
2016-04-22 00:00:00+05:30,176.0,177.58,174.53,175.15,9580800,177.08,177.485,176.675,0.004574203749717654,145.72818672687455,1,169.262,179.69286957065452,158.83113042934548
2016-04-25 00:00:00+05:30,175.42,177.1,174.23,175.73,7570435,175.75333333333333,176.055,175.45166666666665,0.0034328414823807216,145.72818672687455,1,169.8752,179.94629625810444,159.80410374189557
2016-04-26 00:00:00+05:30,176.0,182.96,175.12,182.14,16571225,175.68666666666664,175.665,175.7083333333333,0.0002466512351532687,147.1899016519881,1,170.6732,181.32673683243286,160.01966316756716
2016-04-27 00:00:00+05:30,183.0,184.6,179.6,183.1,51044735,180.07333333333335,179.04000000000002,181.10666666666668,0.011476805745807242,150.12390558590855,1,171.562,182.50279338987818,160.62120661012185
2016-04-28 00:00:00+05:30,183.27,190.34,183.2,189.11,66735715,182.4333333333333,182.1,182.76666666666662,0.003654302941713661,154.04574936247218,1,172.73,184.63756801366256,160.82243198633742
2016-04-29 00:00:00+05:30,189.6,190.49,185.74,188.59,21534815,187.54999999999998,186.76999999999998,188.32999999999998,0.00831778192482006,155.36971938797333,1,173.75959999999998,186.4945088477302,161.02469115226975
2016-05-02 00:00:00+05:30,189.58,191.52,188.3,188.99,19933955,188.27333333333334,188.115,188.43166666666667,0.001681951772246005,157.5729306124544,1,174.6644,188.34945296153418,160.97934703846582
2016-05-03 00:00:00+05:30,189.3,190.36,185.6,186.24,14613445,189.60333333333335,189.91000000000003,189.29666666666668,0.003234823579051057,157.5729306124544,1,175.45640000000003,189.4345336436591,161.47826635634095
2016-05-04 00:00:00+05:30,186.2,186.78,182.88,183.52,24070805,187.4,187.98000000000002,186.82,0.006189967982924359,157.5729306124544,1,176.0032,190.13000597445836,161.87639402554163
2016-05-05 00:00:00+05:30,183.8,186.64,181.13,182.43,33803715,184.39333333333332,184.82999999999998,183.95666666666665,0.004736252214469079,157.5729306124544,1,176.56240000000003,190.55512300018808,162.56967699981197
2016-05-06 00:00:00+05:30,181.8,183.98,181.18,182.04,11919815,183.4,183.885,182.91500000000002,0.005288985823336807,157.5729306124544,1,177.07319999999999,190.89508956112695,163.25131043887302
2016-05-09 00:00:00+05:30,182.96,189.6,182.68,189.24,23103750,182.39999999999998,182.57999999999998,182.21999999999997,0.001973684210526391,157.5729306124544,1,177.7124,192.23027894149794,163.19452105850206
2016-05-10 00:00:00+05:30,189.8,190.58,187.62,189.95,16215080,187.17333333333332,186.14,188.20666666666665,0.011041458897278795,157.5729306124544,1,178.39,193.53449233219746,163.2455076678025
2016-05-11 00:00:00+05:30,187.25,192.48,185.6,191.27,22916480,189.38333333333335,189.10000000000002,189.66666666666669,0.002992167561383417,157.5729306124544,1,179.19600000000003,194.84348363156155,163.5485163684385
2016-05-12 00:00:00+05:30,191.2,193.48,190.02,191.01,13195830,189.78333333333333,189.04,190.52666666666667,0.007833494335645976,159.1874544780796,1,179.89280000000002,196.02365740560572,163.76194259439433
2016-05-13 00:00:00+05:30,191.21,192.18,188.82,190.11,15825760,191.50333333333333,191.75,191.25666666666666,0.0025761083357992345,159.1874544780796,1,180.86360000000002,196.4051683944698,165.32203160553024
2016-05-16 00:00:00+05:30,190.59,197.42,189.04,196.06,26057460,190.37,190.5,190.24,0.001365761411987135,159.97079004699816,1,182.03359999999998,197.57107251518016,166.4961274848198
2016-05-17 00:00:00+05:30,197.74,199.97,193.54,193.99,32223600,194.17333333333332,193.23,195.11666666666665,0.009716404586966917,163.02575844511824,1,183.10920000000002,198.07503727828072,168.1433627217193
2016-05-18 00:00:00+05:30,193.28,195.53,192.57,194.25,14691410,195.83333333333334,196.755,194.9116666666667,0.009412765957446665,163.02575844511824,1,184.084,198.64532741201756,169.52267258798244
2016-05-19 00:00:00+05:30,194.34,197.4,192.9,193.38,15444495,194.11666666666667,194.05,194.18333333333334,0.0006868721559199403,163.02575844511824,1,184.942,199.05861942534304,170.82538057465698
2016-05-20 00:00:00+05:30,194.98,196.3,192.9,195.54,13374215,194.56000000000003,195.15,193.97000000000006,0.0060649671052629,163.02575844511824,1,185.88920000000002,199.53759966589382,172.2408003341062
2016-05-23 00:00:00+05:30,196.55,197.0,194.9,195.62,11301460,194.91333333333333,194.60000000000002,195.22666666666663,0.003215104148852182,163.9057795171521,1,186.75280000000004,200.01716009161274,173.48843990838733
2016-05-24 00:00:00+05:30,195.01,197.11,194.23,195.4,10828000,195.84,195.95,195.73000000000002,0.0011233660130717444,164.10114833646605,1,187.4204,200.67839680796337,174.16240319203663
2016-05-25 00:00:00+05:30,197.0,199.84,197.0,199.2,12132775,195.58,195.67000000000002,195.49,0.0009203395030167032,166.8707024030074,1,188.3332,201.56727084158027,175.09912915841974
2016-05-26 00:00:00+05:30,200.0,205.2,199.42,204.21,16518240,198.67999999999998,198.42000000000002,198.93999999999994,0.002617274008455431,170.3426743068871,1,189.4508,203.13264305713093,175.76895694286904
2016-05-27 00:00:00+05:30,205.0,208.36,203.6,205.1,18491290,202.94333333333336,202.31,203.5766666666667,0.006241479559154648,173.95856733461164,1,190.64880000000002,204.3569561940314,176.94064380596865
2016-05-30 00:00:00+05:30,204.88,206.97,204.26,205.39,14618760,205.6866666666667,205.98000000000002,205.39333333333337,0.0028522347907819884,174.11562464122716,1,191.83520000000001,205.30518692798023,178.3652130720198
2016-05-31 00:00:00+05:30,205.4,209.2,203.98,206.6,57458505,205.54,205.615,205.46499999999997,0.0007297849566995919,174.88899965557803,1,192.8136,206.8653567641899,178.76184323581012
2016-06-01 00:00:00+05:30,206.3,206.78,201.11,203.58,12213510,206.59333333333333,206.58999999999997,206.5966666666667,3.226951498943551e-05,174.88899965557803,1,193.63279999999997,207.71176759851213,179.55383240148782
2016-06-02 00:00:00+05:30,202.85,210.5,202.33,209.81,14912165,203.82333333333335,203.945,203.7016666666667,0.0011938443423223505,174.88899965557803,1,194.4608,209.7602890581337,179.1613109418663
2016-06-03 00:00:00+05:30,211.0,211.96,208.42,209.88,15162245,207.5466666666667,206.41500000000002,208.6783333333334,0.010905177951946763,177.4925555992775,1,195.31240000000003,211.55121599624653,179.07358400375352
2016-06-06 00:00:00+05:30,210.0,213.8,208.91,212.94,16298060,210.08666666666667,210.19,209.98333333333335,0.0009837210040299998,178.59625337530642,1,196.2704,213.68733472916372,178.85346527083627
2016-06-07 00:00:00+05:30,214.5,217.07,212.42,213.24,32603455,211.88333333333335,211.35500000000002,212.4116666666667,0.004987021159443114,181.99460324029414,1,197.35039999999998,215.47941981244287,179.2213801875571
2016-06-08 00:00:00+05:30,213.1,213.22,208.98,210.76,14662560,214.24333333333334,214.745,213.74166666666667,0.004683148444914647,181.99460324029414,1,198.44,216.38654373409946,180.49345626590053
2016-06-09 00:00:00+05:30,210.76,211.94,207.33,208.01,13298390,210.98666666666668,211.1,210.87333333333336,0.0010743174924164136,181.99460324029414,1,199.4632,216.53753884634904,182.38886115365096
2016-06-10 00:00:00+05:30,208.52,213.68,208.12,212.66,17476725,209.09333333333333,209.635,208.55166666666668,0.005181099349572668,181.99460324029414,1,200.688,216.96149157372014,184.41450842627984
2016-06-13 00:00:00+05:30,211.59,214.35,210.48,213.03,13488360,211.48666666666668,210.9,212.07333333333335,0.005548025092204455,181.99460324029414,1,201.6396,217.90635380522923,185.37284619477077
2016-06-14 00:00:00+05:30,213.02,214.34,211.51,212.92,7728830,212.62,212.415,212.82500000000002,0.001928322829461128,181.99460324029414,1,202.5584,218.67443591954108,186.44236408045893
2016-06-15 00:00:00+05:30,213.71,214.69,211.42,214.18,9095765,212.92333333333332,212.925,212.92166666666662,1.5655087120812556e-05,181.99460324029414,1,203.4748,219.52437431958668,187.4252256804133
2016-06-16 00:00:00+05:30,213.2,213.47,209.49,212.11,11322575,213.42999999999998,213.055,213.80499999999995,0.003514032703930765,181.99460324029414,1,204.31879999999998,219.86906566460956,188.7685343353904
2016-06-17 00:00:00+05:30,213.0,215.0,212.0,214.17,10541745,211.69000000000003,211.48000000000002,211.90000000000003,0.0019840332561765596,182.1071033696095,1,205.28119999999998,220.1583936278296,190.40400637217036
2016-06-20 00:00:00+05:30,211.59,215.8,211.07,215.05,7533270,213.72333333333333,213.5,213.94666666666666,0.0020899293479108116,182.1071033696095,1,206.04080000000002,220.89632925479043,191.1852707452096
2016-06-21 00:00:00+05:30,215.61,216.0,213.27,214.28,7588760,213.97333333333336,213.435,214.5116666666667,0.005031779661017154,183.6674824654321,1,206.8524,221.1938780605045,192.5109219394955
2016-06-22 00:00:00+05:30,215.0,216.32,213.36,215.77,10105465,214.51666666666665,214.635,214.3983333333333,0.0011032553803123867,184.28238316681484,1,207.7132,221.498212986571,193.928187013429
2016-06-23 00:00:00+05:30,215.26,223.0,215.26,222.16,19308820,215.15,214.84,215.46,0.0028817104345805465,187.62748784014224,1,208.8644,222.47500772191782,195.25379227808216
2016-06-24 00:00:00+05:30,212.45,217.29,208.4,216.1,26805430,220.14,219.13,221.14999999999998,0.00917597892250378,187.62748784014224,1,209.6868,222.43488060218982,196.9387193978102
2016-06-27 00:00:00+05:30,214.09,217.98,213.99,215.15,14452850,213.92999999999998,212.845,215.01499999999996,0.010143504884775204,187.62748784014224,1,210.468,222.00870777725208,198.9272922227479
2016-06-28 00:00:00+05:30,216.58,216.58,212.49,213.98,12291115,215.70666666666668,215.985,215.42833333333334,0.002580665100754135,187.62748784014224,1,211.2112,221.04099522878914,201.38140477121084
2016-06-29 00:00:00+05:30,215.0,216.76,214.0,214.54,11630900,214.35000000000002,214.53500000000003,214.16500000000002,0.0017261488220200816,187.62748784014224,1,211.82479999999998,220.4160031660254,203.23359683397456
2016-06-30 00:00:00+05:30,216.38,222.0,214.9,221.42,16237150,215.1,215.38,214.82,0.0026034402603440365,187.62748784014224,1,212.51319999999998,221.30901849744092,203.71738150255905
2016-07-01 00:00:00+05:30,222.53,226.8,221.31,225.94,12687335,219.43999999999997,218.45,220.42999999999995,0.009022967553773065,190.0327841985331,1,213.3468,223.07503802339986,203.61856197660015
2016-07-04 00:00:00+05:30,227.0,228.0,223.0,223.52,10167140,224.6833333333333,224.055,225.3116666666666,0.0055930568948888235,191.43867283059177,1,214.07199999999997,224.02007961367025,204.1239203863297
2016-07-05 00:00:00+05:30,223.78,226.4,222.6,225.28,7817760,224.84,225.5,224.18,0.005870841487279813,191.43867283059177,1,214.81920000000002,225.20655834752614,204.4318416524739
2016-07-07 00:00:00+05:30,226.0,226.0,222.0,222.42,8108555,224.76,224.5,225.01999999999998,0.0023135789286349074,191.43867283059177,1,215.5728,225.30203268505383,205.84356731494617
2016-07-08 00:00:00+05:30,222.25,224.8,221.32,224.05,5656625,223.47333333333333,224.0,222.94666666666666,0.004713463202171811,191.43867283059177,1,216.14239999999998,226.1196080744023,206.16519192559767
2016-07-11 00:00:00+05:30,226.4,229.78,226.22,228.7,9376860,223.39000000000001,223.06,223.72000000000003,0.002954474237880053,194.55675383562857,1,216.89519999999996,227.6763852706424,206.1140147293575
2016-07-12 00:00:00+05:30,228.4,231.19,227.62,230.73,8146520,228.23333333333335,228.0,228.4666666666667,0.0020446911055938236,196.29988368220344,1,217.6068,229.53700331092128,205.6765966890787
2016-07-13 00:00:00+05:30,230.54,230.65,227.6,229.34,8914315,229.84666666666666,229.405,230.28833333333333,0.003843141804681349,196.4676883349153,1,218.25080000000003,230.88593567160706,205.615664328393
2016-07-14 00:00:00+05:30,229.6,234.78,229.08,234.29,9619720,229.1966666666667,229.125,229.26833333333337,0.0006253726784859007,198.9829808015187,1,219.192,232.91374332947223,205.4702566705278
2016-07-15 00:00:00+05:30,234.4,237.24,232.11,235.84,9389850,232.71666666666667,231.93,233.50333333333333,0.006760724772613293,201.60946156945795,1,220.3052,234.71590393283807,205.89449606716195
2016-07-18 00:00:00+05:30,235.02,236.89,234.06,234.9,5684970,235.06333333333336,234.675,235.4516666666667,0.0033040740793262775,202.9396831066796,1,221.1948,236.33521914346866,206.0543808565313
2016-07-19 00:00:00+05:30,234.0,234.19,228.7,230.67,10242095,235.28333333333333,235.475,235.09166666666667,0.0016292413402280617,202.9396831066796,1,221.90040000000002,237.09708645988042,206.70371354011962
2016-07-20 00:00:00+05:30,231.1,233.75,229.62,232.56,7295870,231.18666666666664,231.445,230.92833333333328,0.0022348463002481765,202.9396831066796,1,222.68600000000004,237.97479746742405,207.39720253257602
2016-07-21 00:00:00+05:30,232.4,234.0,230.08,230.93,5165295,231.9766666666667,231.685,232.26833333333337,0.002514620723348776,202.9396831066796,1,223.356,238.56289212166345,208.14910787833654
2016-07-22 00:00:00+05:30,231.0,233.27,229.86,231.34,9143215,231.67,232.04000000000002,231.29999999999995,0.0031941986446241033,202.9396831066796,1,224.1252,238.91865706181989,209.33174293818013
2016-07-25 00:00:00+05:30,230.01,237.87,229.55,236.55,10202270,231.49,231.565,231.41500000000002,0.000647976154477417,202.9396831066796,1,225.0204,240.0031895720359,210.0376104279641
2016-07-26 00:00:00+05:30,236.6,242.22,235.43,240.03,12171520,234.65666666666667,233.71,235.60333333333332,0.008068525647399676,204.97140998290803,1,226.0196,241.53188723818334,210.50731276181665
2016-07-27 00:00:00+05:30,241.18,242.9,235.22,240.09,40172445,239.22666666666666,238.825,239.62833333333333,0.0033580425816520246,204.97140998290803,1,227.05200000000002,242.73616169260904,211.367838307391
2016-07-28 00:00:00+05:30,241.39,245.57,240.53,244.7,17546355,239.40333333333334,239.06,239.74666666666667,0.002868241879116139,208.25174744024807,1,228.20919999999998,244.64402343805074,211.77437656194923
2016-07-29 00:00:00+05:30,245.0,247.2,241.8,243.39,12436060,243.6,243.05,244.14999999999998,0.00451559934318541,209.58167754263812,1,229.0584,246.327941909382,211.78885809061802
2016-08-01 00:00:00+05:30,244.8,247.0,240.71,244.28,8392665,244.13,244.5,243.76,0.003031171916601848,209.58167754263812,1,230.18559999999997,247.60280627884674,212.7683937211532
2016-08-02 00:00:00+05:30,245.2,248.9,244.57,245.68,9455220,243.99666666666667,243.85500000000002,244.13833333333332,0.0011612180494267805,211.5699220232953,1,231.4068,248.71676542572794,214.09683457427207
2016-08-03 00:00:00+05:30,246.6,248.98,243.53,247.11,14034865,246.38333333333335,246.735,246.0316666666667,0.0028546303186091546,211.5699220232953,1,232.732,249.56868090806185,215.89531909193815
2016-08-04 00:00:00+05:30,248.1,249.06,244.01,246.31,9219130,246.54,246.255,246.825,0.0023119980530542437,211.5699220232953,1,234.00280000000004,249.9263739907815,218.07922600921856
2016-08-05 00:00:00+05:30,247.96,252.6,246.9,251.69,10681115,246.46,246.535,246.38500000000002,0.000608618031323449,214.1131879712022,1,235.2136,251.71868079834482,218.7085192016552
2016-08-08 00:00:00+05:30,253.63,254.0,251.04,253.05,6486035,250.39666666666668,249.75,251.04333333333335,0.005165137981070105,217.47986045235407,1,236.298,253.7581260018331,218.8378739981669
2016-08-09 00:00:00+05:30,253.03,253.17,250.2,251.97,8699890,252.69666666666663,252.51999999999998,252.87333333333328,0.0013982508673111224,217.47986045235407,1,237.43600000000004,255.1235468055886,219.74845319441147
2016-08-10 00:00:00+05:30,252.8,254.37,249.52,253.48,12298940,251.78,251.685,251.875,0.0007546270553657865,217.49567139288953,1,238.56399999999996,256.6001423813376,220.5278576186623
2016-08-11 00:00:00+05:30,253.0,253.0,247.22,250.5,17711960,252.45666666666668,251.945,252.96833333333336,0.0040535009308529605,217.49567139288953,1,239.68720000000002,257.04664747507485,222.32775252492516
2016-08-12 00:00:00+05:30,250.8,258.8,250.6,258.14,17444495,250.24,250.11,250.37,0.0010390025575447207,218.944810755687,1,241.0508,258.63687987699024,223.46472012300978
2016-08-16 00:00:00+05:30,259.79,262.99,257.98,258.99,14094365,255.84666666666666,254.7,256.99333333333334,0.008963702217474076,224.75721832545955,1,242.26239999999999,260.4415619432766,224.08323805672333
2016-08-17 00:00:00+05:30,260.2,261.98,257.06,261.67,8196950,259.9866666666667,260.485,259.48833333333334,0.00383352992461153,224.75721832545955,1,243.5,262.5614979474299,224.43850205257007
2016-08-18 00:00:00+05:30,262.04,264.95,261.6,264.13,9260895,260.2366666666667,259.52,260.9533333333334,0.005507806996196003,228.08778040874347,1,244.8916,264.68071594184727,225.10248405815275
2016-08-19 00:00:00+05:30,264.2,267.8,263.2,267.19,8321130,263.56,263.275,263.845,0.00216269540142681,230.43226919239376,1,246.20759999999999,267.3323163521755,225.08288364782447
2016-08-22 00:00:00+05:30,267.0,269.85,266.54,268.66,10797710,266.06333333333333,265.5,266.62666666666667,0.004234580738921805,233.60317842469806,1,247.5204,269.9440385843125,225.09676141568747
2016-08-23 00:00:00+05:30,268.64,270.27,267.1,268.25,10622375,268.3500000000001,268.19500000000005,268.5050000000001,0.001155207751071582,234.58925128771008,1,248.85440000000003,272.0701712462858,225.6386287537143
2016-08-24 00:00:00+05:30,268.25,268.57,266.01,267.57,9255800,268.54,268.685,268.39500000000004,0.0010799136069113116,234.58925128771008,1,250.3304,273.4257228026773,227.23507719732274
2016-08-25 00:00:00+05:30,267.86,269.92,267.4,268.71,18358660,267.38333333333327,267.28999999999996,267.4766666666666,0.0006981237923079622,235.84362998675357,1,251.7764,274.76669978403635,228.78610021596364
2016-08-26 00:00:00+05:30,269.32,269.4,263.81,265.3,11571115,268.6766666666667,268.65999999999997,268.6933333333334,0.0001240648611096983,235.84362998675357,1,253.15120000000002,275.0766200014472,231.22577999855284
2016-08-29 00:00:00+05:30,264.94,268.6,263.4,267.73,14935990,266.17,266.605,265.735,0.003268587744674473,235.84362998675357,1,254.6068,275.346593418447,233.86700658155297
2016-08-30 00:00:00+05:30,268.6,274.95,268.04,271.04,16352895,266.57666666666665,266.0,267.1533333333333,0.004326460180310758,237.59932773996044,1,255.9864,276.32272641751837,235.6500735824816
2016-08-31 00:00:00+05:30,272.0,276.46,268.4,273.22,115844660,271.3433333333333,271.495,271.1916666666666,0.0011178949178779598,237.63335463036196,1,257.314,277.64374490739755,236.98425509260252
2016-09-01 00:00:00+05:30,273.94,275.33,272.03,272.97,10078310,272.6933333333333,272.42999999999995,272.9566666666667,0.0019313514570705411,239.3512204451475,1,258.6292,278.58241000340183,238.67598999659825
2016-09-02 00:00:00+05:30,273.0,278.85,272.46,277.67,10368200,273.4433333333333,273.67999999999995,273.2066666666667,0.0017310106908192211,240.9101716273416,1,259.94800000000004,280.3964319203173,239.49956807968275
2016-09-06 00:00:00+05:30,277.99,289.8,277.99,288.16,15724805,276.32666666666665,275.655,276.99833333333333,0.004861395932350704,247.14356476224796,1,261.7388,283.84740561500547,239.6301943849946
2016-09-07 00:00:00+05:30,289.54,289.54,278.01,280.31,25600470,285.31666666666666,283.895,286.73833333333334,0.009965535370056764,247.14356476224796,1,263.18,285.24569681654873,241.1143031834513
2016-09-08 00:00:00+05:30,277.43,278.0,264.25,265.65,35636540,282.61999999999995,283.775,281.4649999999999,0.00817351921307784,247.14356476224796,1,263.97880000000004,284.8670453604856,243.0905546395145
2016-09-09 00:00:00+05:30,250.01,263.0,249.39,255.25,78742560,269.3,271.125,267.475,0.013553657630894828,247.14356476224796,1,264.30440000000004,284.36820867532003,244.24059132468005
2016-09-12 00:00:00+05:30,249.8,249.8,239.4,241.02,43954345,255.88,256.195,255.565,0.0024620916054400323,291.6239256766475,-1,264.0928,285.00489450628623,243.1807054937138
2016-09-14 00:00:00+05:30,240.62,251.39,240.62,250.7,31911355,243.40666666666667,244.60000000000002,242.2133333333333,0.00980526416696357,291.6239256766475,-1,264.0532,285.06261329594537,243.04378670405464
2016-09-15 00:00:00+05:30,248.0,248.0,241.24,244.36,24159660,247.57000000000002,246.005,249.13500000000005,0.012642888879912962,291.6239256766475,-1,263.7056,285.69633483446717,241.71486516553287
2016-09-16 00:00:00+05:30,246.4,247.87,231.78,233.96,51458690,244.53333333333333,244.62,244.44666666666666,0.0007088331515812959,291.25598486745434,-1,262.9852,287.5014953938773,238.46890460612275
2016-09-19 00:00:00+05:30,233.2,238.75,231.16,235.47,36763550,237.87,239.825,235.91500000000002,0.01643754992222629,286.4539454727562,-1,262.2648,288.8288889141685,235.70071108583147
2016-09-20 00:00:00+05:30,237.82,242.69,234.26,241.41,23871605,235.12666666666667,234.95499999999998,235.29833333333335,0.0014602058464942109,286.4539454727562,-1,261.9012,289.3340989762265,234.4683010237735
2016-09-21 00:00:00+05:30,241.82,245.56,241.82,244.05,18703315,239.45333333333335,238.475,240.4316666666667,0.008171390389220054,286.4539454727562,-1,261.3376,289.62216046962465,233.0530395303754
2016-09-22 00:00:00+05:30,249.0,251.8,246.18,249.31,23157050,243.81000000000003,243.69,243.93000000000006,0.0009843730773966036,286.4539454727562,-1,260.9504,289.61537820267534,232.28542179732466
2016-09-23 00:00:00+05:30,249.0,249.78,245.61,246.63,10170100,249.09666666666666,248.99,249.20333333333332,0.0008564278927858388,286.4539454727562,-1,260.3488,289.5543174622853,231.14328253771467
2016-09-26 00:00:00+05:30,244.39,248.6,243.25,247.07,12014610,247.34,247.695,246.985,0.002870542572976387,286.4539454727562,-1,259.6664,289.28099471544147,230.05180528455853
2016-09-27 00:00:00+05:30,249.4,250.36,247.64,249.38,14692145,246.3066666666667,245.925,246.6883333333334,0.0030991176311375166,286.4539454727562,-1,258.954,288.6670786018523,229.24092139814766
2016-09-28 00:00:00+05:30,249.2,254.96,249.0,254.24,15717480,249.12666666666667,249.0,249.25333333333333,0.0010168856538842234,286.4539454727562,-1,258.3772,287.8732794791419,228.88112052085813
2016-09-29 00:00:00+05:30,255.2,260.99,245.0,246.16,43012315,252.73333333333335,251.98000000000002,253.48666666666668,0.005961487734107072,286.4539454727562,-1,257.4936,287.07707099580875,227.91012900419128
2016-09-30 00:00:00+05:30,246.31,251.82,242.31,250.94,20948795,250.71666666666667,252.995,248.43833333333333,0.018174566243435508,286.4539454727562,-1,256.8284,286.2229288405829,227.43387115941712
2016-10-03 00:00:00+05:30,255.0,256.6,252.65,254.05,10837885,248.35666666666665,247.065,249.6483333333333,0.010401707222140125,286.4539454727562,-1,256.242,285.2473512304171,227.23664876958293
2016-10-04 00:00:00+05:30,256.0,258.36,254.06,256.81,11167390,254.4333333333333,254.625,254.24166666666662,0.00150661600943292,286.4539454727562,-1,255.90239999999997,284.6734467129692,227.13135328703072
2016-10-05 00:00:00+05:30,258.8,259.5,254.2,255.83,8482040,256.41,256.21000000000004,256.61,0.001560001560001471,286.4539454727562,-1,255.4264,283.78984344680066,227.06295655319934
2016-10-06 00:00:00+05:30,247.42,259.0,246.3,256.01,29599565,256.51000000000005,256.85,256.1700000000001,0.0026509687731470504,286.4539454727562,-1,254.8252,282.4673441252277,227.1830558747723
2016-10-07 00:00:00+05:30,255.2,256.96,253.23,254.76,8982320,253.76999999999998,252.65,254.88999999999996,0.008826890491389653,286.4539454727562,-1,254.0868,280.69072615836734,227.48287384163268
2016-10-10 00:00:00+05:30,255.8,258.0,255.2,255.9,6132935,254.98333333333332,255.09499999999997,254.87166666666667,0.000875874240146287,286.4539454727562,-1,253.40399999999997,278.8868965386563,227.92110346134365
2016-10-13 00:00:00+05:30,253.6,256.78,247.06,251.14,12997300,256.3666666666667,256.6,256.1333333333333,0.0018203094526070614,286.4539454727562,-1,252.34279999999998,275.8263973530433,228.85920264695667
2016-10-14 00:00:00+05:30,252.0,253.6,248.83,251.99,9909040,251.66,251.92,251.4,0.002066279901454271,286.4539454727562,-1,250.896,269.2771546971311,232.51484530286888
2016-10-17 00:00:00+05:30,252.88,253.4,248.45,250.11,6591605,251.47333333333336,251.215,251.7316666666667,0.0020545584687576214,286.4539454727562,-1,249.68800000000002,263.6055894464475,235.77041055355255
2016-10-18 00:00:00+05:30,251.0,259.36,251.0,258.21,12869390,250.65333333333334,250.925,250.38166666666666,0.002167668493005017,286.4539454727562,-1,249.3904,262.20442666455267,236.57637333544736
2016-10-19 00:00:00+05:30,259.59,261.71,255.45,258.31,14327055,256.19,255.18,257.2,0.00788477302002413,286.4539454727562,-1,249.5128,262.6038369581583,236.4217630418417
2016-10-20 00:00:00+05:30,260.2,264.73,259.36,261.76,28955560,258.49,258.58,258.40000000000003,0.000696351889821463,286.4539454727562,-1,250.34240000000003,263.7990305202999,236.8857694797002
2016-10-21 00:00:00+05:30,262.81,264.0,259.4,263.48,13051360,261.95,262.045,261.85499999999996,0.0007253292613096185,286.4539454727562,-1,250.8536,265.2629923591477,236.44420764085228
2016-10-24 00:00:00+05:30,264.0,265.59,261.21,262.16,6980205,262.29333333333335,261.7,262.8866666666667,0.004524196827979073,286.4539454727562,-1,251.5656,266.3747075544701,236.7564924455299
2016-10-25 00:00:00+05:30,262.0,262.4,259.7,261.69,6748985,262.9866666666667,263.4,262.5733333333334,0.0031433786250250847,286.4539454727562,-1,252.6748,266.1356981810228,239.21390181897723
2016-10-26 00:00:00+05:30,260.79,262.72,256.91,258.05,9314120,261.2633333333333,261.04999999999995,261.4766666666667,0.0016330904961790787,286.4539454727562,-1,253.57800000000003,265.2053264338739,241.9506735661262
2016-10-27 00:00:00+05:30,260.0,260.19,248.42,250.72,24423540,259.2266666666667,259.81500000000005,258.6383333333333,0.004539142063573963,286.4539454727562,-1,253.95039999999997,264.54555282380863,243.3552471761913
2016-10-28 00:00:00+05:30,251.8,255.58,251.46,254.46,6607850,253.11,254.305,251.91500000000002,0.009442534866263626,286.4539454727562,-1,254.3668,264.1607977047098,244.57280229529024
2016-11-01 00:00:00+05:30,254.69,254.69,249.42,249.89,8123990,253.83333333333334,253.52,254.14666666666668,0.002468811556139193,286.4539454727562,-1,254.39,264.138616312065,244.64138368793496
2016-11-02 00:00:00+05:30,247.21,247.59,240.16,241.93,14708685,251.33333333333334,252.055,250.61166666666668,0.0057427055702917555,286.4539454727562,-1,254.202,264.6948348886209,243.70916511137906
2016-11-03 00:00:00+05:30,242.2,253.0,238.0,241.76,9504210,243.2266666666667,243.875,242.57833333333338,0.005331104045608859,286.4539454727562,-1,253.9896,265.2390088449065,242.7401911550935
2016-11-04 00:00:00+05:30,243.0,243.08,234.52,239.22,10946935,244.25333333333333,245.5,243.00666666666666,0.010207980784977371,286.4539454727562,-1,253.5832,266.1287722484015,241.03762775159854
2016-11-07 00:00:00+05:30,242.0,246.38,240.8,241.47,8729235,238.94000000000003,238.8,239.08000000000004,0.0011718423035072803,286.4539454727562,-1,253.07240000000002,266.47969029147436,239.66510970852568
2016-11-08 00:00:00+05:30,243.0,247.18,239.23,245.29,9374000,242.88333333333333,243.59,242.17666666666665,0.0058189803060455176,286.4539454727562,-1,253.03760000000003,266.52077859259686,239.55442140740317
2016-11-09 00:00:00+05:30,228.0,245.9,224.61,243.83,22095675,243.89999999999998,243.20499999999998,244.59499999999997,0.00569905699056985,286.4539454727562,-1,252.7532,266.69355031983997,238.81284968016
2016-11-10 00:00:00+05:30,248.0,262.6,246.06,258.05,23416240,238.11333333333334,235.255,240.9716666666667,0.024008175378671347,286.4539454727562,-1,252.9132,267.0004591741567,238.82594082584328
2016-11-11 00:00:00+05:30,254.0,257.2,241.93,242.98,23019025,255.57000000000002,254.33,256.81000000000006,0.009703799350471677,286.4539454727562,-1,252.36,266.871515978693,237.848484021307
2016-11-15 00:00:00+05:30,243.6,243.6,229.42,231.49,23185210,247.37,249.565,245.175,0.017746695233860153,286.4539454727562,-1,251.38640000000004,267.9561033214196,234.81669667858043
2016-11-16 00:00:00+05:30,235.4,239.8,226.71,236.4,18857495,234.83666666666667,236.51,233.16333333333336,0.014251039729741106,286.4539454727562,-1,250.602,268.05502999481365,233.14897000518636
2016-11-17 00:00:00+05:30,236.99,241.65,233.23,234.63,12123435,234.3033333333333,233.255,235.35166666666663,0.008948514034513532,286.4539454727562,-1,249.7968,268.2376622097739,231.35593779022614
2016-11-18 00:00:00+05:30,235.64,237.11,232.02,236.15,14506735,236.50333333333333,237.44,235.56666666666666,0.007920959535454053,286.4539454727562,-1,249.0068,268.0175015925206,229.99609840747937
2016-11-21 00:00:00+05:30,236.4,238.29,221.14,222.5,17277555,235.09333333333333,234.565,235.62166666666667,0.004494668784029061,286.4539454727562,-1,247.8612,269.4909656538361,226.2314343461639
2016-11-22 00:00:00+05:30,225.74,228.2,219.03,226.33,18976840,227.30999999999997,229.71499999999997,224.90499999999997,0.02116052967313362,286.4539454727562,-1,246.8348,269.9665977649786,223.7030022350214
2016-11-23 00:00:00+05:30,229.0,229.2,223.62,225.05,12537850,224.52,223.615,225.425,0.008061642615357216,286.4539454727562,-1,245.83239999999998,270.43477665267056,221.2300233473294
2016-11-24 00:00:00+05:30,224.02,226.0,221.84,223.97,10787270,225.95666666666668,226.41,225.50333333333336,0.004012568781624668,285.2261924251724,-1,244.46280000000002,269.9527048377956,218.97289516220448
2016-11-25 00:00:00+05:30,226.09,234.34,224.97,233.54,13887575,223.9366666666667,223.92000000000002,223.95333333333338,0.00014885160983027875,285.2261924251724,-1,243.472,268.6556956779555,218.28830432204452
2016-11-28 00:00:00+05:30,227.0,235.2,226.8,229.92,15220840,230.95000000000002,229.655,232.24500000000003,0.011214548603593989,285.2261924251724,-1,242.1984,266.7667377899254,217.6300622100746
2016-11-29 00:00:00+05:30,230.38,232.76,228.28,228.91,13297495,230.64,231.0,230.27999999999997,0.0031217481789803476,285.2261924251724,-1,240.81560000000002,264.30480370212405,217.326396297876
2016-11-30 00:00:00+05:30,229.6,236.16,229.23,234.77,16167775,229.98333333333332,230.51999999999998,229.44666666666666,0.004667004855424263,285.2261924251724,-1,239.72,261.62652578570777,217.81347421429223
2016-12-01 00:00:00+05:30,235.14,236.95,231.4,232.2,10222350,233.38666666666666,232.695,234.07833333333332,0.005927216636197408,285.2261924251724,-1,238.5404,258.6935428655652,218.38725713443483
2016-12-02 00:00:00+05:30,230.8,232.72,228.52,230.03,12103050,233.51666666666665,234.175,232.8583333333333,0.0056384269502536,285.2261924251724,-1,237.4196,256.1762730354794,218.66292696452058
2016-12-05 00:00:00+05:30,231.4,237.5,230.21,236.71,8199915,230.42333333333332,230.62,230.22666666666663,0.00170700305235309,285.2261924251724,-1,236.85920000000002,254.8128362177661,218.90556378223394
2016-12-06 00:00:00+05:30,237.54,241.29,235.48,238.63,11322055,234.8066666666667,233.85500000000002,235.75833333333338,0.008105959512790795,285.2261924251724,-1,236.22600000000003,252.70826003920226,219.7437399607978
2016-12-07 00:00:00+05:30,239.7,244.0,234.98,237.65,19343400,238.46666666666667,238.385,238.54833333333335,0.0006849315068494072,285.2261924251724,-1,235.7364,251.26565381851566,220.20714618148435
2016-12-08 00:00:00+05:30,238.72,243.78,238.65,243.11,8945565,238.87666666666667,239.49,238.26333333333332,0.005135146449353312,285.2261924251724,-1,235.7836,251.39482353180185,220.17237646819817
2016-12-09 00:00:00+05:30,244.0,245.0,240.77,243.95,10060200,241.84666666666666,241.215,242.47833333333332,0.005223695454420106,285.2261924251724,-1,235.8712,251.63937181032358,220.1030281896764
2016-12-12 00:00:00+05:30,242.4,243.6,237.41,238.53,7934645,243.24,242.885,243.59500000000003,0.0029189278079264774,285.2261924251724,-1,235.8436,251.59063007426747,220.09656992573255
2016-12-13 00:00:00+05:30,239.0,241.96,236.02,241.33,10786580,239.84666666666666,240.505,239.18833333333333,0.005489618367290197,285.2261924251724,-1,235.838,251.57712017871023,220.09887982128976
2016-12-14 00:00:00+05:30,242.0,242.14,238.71,239.22,8792235,239.77,238.99,240.55,0.006506235142011103,285.2261924251724,-1,235.5952,250.92555276306075,220.26484723693926
2016-12-15 00:00:00+05:30,236.44,240.9,236.03,237.04,14376015,240.02333333333334,240.425,239.62166666666667,0.003346896829474947,285.2261924251724,-1,235.3236,250.29720117539813,220.34999882460187
2016-12-16 00:00:00+05:30,237.89,239.4,234.51,236.42,14828850,237.99,238.465,237.51500000000001,0.003991764359847005,285.2261924251724,-1,234.4584,246.2384043191794,222.6783956808206
2016-12-19 00:00:00+05:30,236.8,237.57,234.81,235.96,7153710,236.77666666666664,236.95499999999998,236.5983333333333,0.0015063421226754468,285.2261924251724,-1,234.1776,245.45567824763978,222.89952175236024
2016-12-20 00:00:00+05:30,236.1,236.71,228.75,229.42,10497495,236.11333333333334,236.19,236.0366666666667,0.0006494056526525718,283.6060914209464,-1,234.0948,245.48046975807245,222.70913024192754
2016-12-21 00:00:00+05:30,230.38,231.31,226.82,227.67,12158130,231.62666666666667,232.73000000000002,230.5233333333333,0.009526824775500976,279.1632477641085,-1,233.74560000000002,245.36024465921736,222.1309553407827
2016-12-22 00:00:00+05:30,227.34,227.34,223.0,225.23,8476115,228.6,229.065,228.135,0.004068241469816303,274.5719178535442,-1,233.3696,245.4448553331135,221.29434466688647
2016-12-23 00:00:00+05:30,225.2,227.99,224.56,224.94,8115335,225.19000000000003,225.17000000000002,225.21000000000004,0.0001776277809850369,274.5719178535442,-1,232.92120000000003,245.3767187061755,220.46568129382456
2016-12-26 00:00:00+05:30,223.98,224.2,218.11,220.3,10491065,225.83,226.275,225.38500000000002,0.00394101757959521,269.5181914938263,-1,232.8332,245.6089541867354,220.05744581326462
2016-12-27 00:00:00+05:30,220.34,226.62,219.9,225.6,8043755,220.87,221.155,220.585,0.0025807035812921318,269.5181914938263,-1,232.804,245.64225907200375,219.96574092799625
2016-12-28 00:00:00+05:30,225.78,227.8,222.1,222.61,9113155,224.04,223.26,224.82,0.006963042313872533,269.5181914938263,-1,232.7064,245.81325668495262,219.59954331504738
2016-12-29 00:00:00+05:30,222.0,230.74,221.02,229.66,14143345,224.17,224.95,223.39,0.0069590043270732135,269.5181914938263,-1,232.93399999999997,245.61687916838625,220.2511208316137
2016-12-30 00:00:00+05:30,229.54,232.25,229.0,231.29,8215860,227.14,225.88,228.39999999999998,0.01109447917583861,269.5181914938263,-1,232.84400000000002,245.54032639781633,220.14767360218372
2017-01-02 00:00:00+05:30,232.12,232.4,226.26,228.93,7840160,230.84666666666666,230.625,231.06833333333333,0.0019204666878447224,269.5181914938263,-1,232.8044,245.54306439466424,220.06573560533573
2017-01-03 00:00:00+05:30,229.0,234.54,228.09,232.58,8751180,229.19666666666663,229.32999999999998,229.06333333333328,0.0011634840529968808,269.5181914938263,-1,232.9512,245.59116875945057,220.31123124054943
2017-01-04 00:00:00+05:30,233.2,234.38,231.66,232.63,6142000,231.73666666666668,231.315,232.15833333333336,0.0036391881589736717,269.5181914938263,-1,232.86559999999997,245.484107144662,220.24709285533794
2017-01-05 00:00:00+05:30,234.02,243.88,233.68,242.04,18553125,232.89,233.01999999999998,232.76,0.0011164068873716815,269.5181914938263,-1,233.2592,246.37420260922147,220.14419739077852
2017-01-06 00:00:00+05:30,243.0,250.38,243.0,249.35,18725905,239.86666666666667,238.78,240.95333333333335,0.009060589216231292,269.5181914938263,-1,234.032,248.50169909845692,219.5623009015431
2017-01-09 00:00:00+05:30,250.96,253.55,249.46,251.24,12191130,247.57666666666668,246.69,248.46333333333337,0.00716276439621411,269.5181914938263,-1,234.6132,250.55848115273872,218.6679188472613
2017-01-10 00:00:00+05:30,251.8,254.8,250.31,252.92,7624730,251.41666666666666,251.505,251.32833333333332,0.0007026847862115075,269.5181914938263,-1,235.1848,252.61998751949295,217.74961248050704
2017-01-11 00:00:00+05:30,254.8,264.53,254.61,263.57,20699225,252.67666666666665,252.555,252.7983333333333,0.0009630225716658282,269.5181914938263,-1,236.2216,256.9007858098882,215.5424141901118
2017-01-12 00:00:00+05:30,263.8,268.7,263.6,265.1,15027680,260.90333333333336,259.57,262.23666666666674,0.010220899183605968,269.5181914938263,-1,237.10119999999998,260.5612905846478,213.64110941535216
2017-01-13 00:00:00+05:30,265.74,266.79,261.4,263.61,8671860,265.8,266.15,265.45000000000005,0.002633559066967388,269.5181914938263,-1,237.8876,263.4381737109733,212.3370262890267
2017-01-16 00:00:00+05:30,263.7,267.14,262.28,265.75,8523630,263.93333333333334,264.095,263.77166666666665,0.0012250568325336462,269.5181914938263,-1,238.97639999999998,266.7654982250212,211.18730177497878
2017-01-17 00:00:00+05:30,267.26,267.26,263.0,264.76,6981840,265.0566666666667,264.71,265.40333333333336,0.002615792849328011,269.5181914938263,-1,239.9136,269.48049601834924,210.34670398165076
2017-01-18 00:00:00+05:30,265.76,270.25,265.6,269.19,10352885,265.00666666666666,265.13,264.8833333333333,0.0009307941938567698,269.5181914938263,-1,241.11239999999998,272.82222650472676,209.4025734952732
2017-01-19 00:00:00+05:30,268.99,271.3,266.47,269.5,25297635,268.34666666666664,267.925,268.76833333333326,0.003142700983801731,269.5181914938263,-1,242.4108,275.9526119582093,208.86898804179071
2017-01-20 00:00:00+05:30,270.8,275.74,270.43,271.74,22001130,269.09,268.885,269.29499999999996,0.0015236537961275714,227.9532181368802,1,243.8236,279.16421544681793,208.48298455318204
2017-01-23 00:00:00+05:30,272.19,277.8,271.71,276.59,15537505,272.6366666666667,273.08500000000004,272.1883333333334,0.003288870413615117,229.72328941140492,1,245.44879999999998,282.86914369483884,208.02845630516114
2017-01-24 00:00:00+05:30,278.39,282.64,269.3,271.78,30640810,275.3666666666666,274.755,275.97833333333324,0.0044425614332402035,229.72328941140492,1,247.1432,285.335132433956,208.951267566044
2017-01-25 00:00:00+05:30,274.4,282.0,273.44,281.36,23329875,274.5733333333333,275.97,273.1766666666666,0.010173359879571,229.7713835215508,1,249.2908,288.87398306351645,209.70761693648353
2017-01-27 00:00:00+05:30,282.0,284.3,278.04,279.75,13920505,278.93333333333334,277.72,280.14666666666665,0.008699808795410921,233.38652818068877,1,251.4716,291.51681631555823,211.42638368444176
2017-01-30 00:00:00+05:30,279.99,280.09,276.78,277.8,7839290,280.69666666666666,281.17,280.2233333333333,0.003372561127670612,233.38652818068877,1,253.58599999999998,293.3857238181353,213.78627618186465
2017-01-31 00:00:00+05:30,277.6,280.0,276.21,279.2,11578925,278.2233333333333,278.43499999999995,278.01166666666666,0.0015215594186922595,233.38652818068877,1,255.942,294.53622423109243,217.34777576890755
2017-02-01 00:00:00+05:30,280.6,283.28,276.44,282.62,17459400,278.47,278.105,278.83500000000004,0.0026214673034797935,233.79615139646987,1,258.2228,296.1078702076668,220.33772979233325
2017-02-02 00:00:00+05:30,283.8,283.8,276.6,277.4,9416970,280.78000000000003,279.86,281.70000000000005,0.006553173302941918,233.9627053406111,1,260.4144,296.07929953104923,224.74950046895077
2017-02-03 00:00:00+05:30,277.53,280.46,277.05,279.56,8084475,279.2666666666667,280.20000000000005,278.33333333333337,0.0066841728336118665,233.9627053406111,1,262.4104,296.51852711597974,228.30227288402025
2017-02-06 00:00:00+05:30,282.0,282.15,278.6,279.69,6608055,279.0233333333333,278.755,279.29166666666663,0.0019233755838817543,235.85210124190718,1,264.3464,296.6138572310839,232.07894276891614
2017-02-07 00:00:00+05:30,279.2,281.0,277.48,279.36,7400480,280.1466666666667,280.375,279.9183333333334,0.0016300985198226846,235.85210124190718,1,266.3636,295.69423756824636,237.03296243175367
2017-02-08 00:00:00+05:30,280.0,284.65,275.51,282.05,9060940,279.28000000000003,279.24,279.32000000000005,0.00028645087367531124,235.85210124190718,1,268.3424,294.82599388300275,241.85880611699724
2017-02-09 00:00:00+05:30,283.0,283.92,279.02,281.64,8521155,280.7366666666667,280.08,281.3933333333334,0.004678168152836191,237.34182768436,1,270.3028,292.8912965555439,247.7143034444561
2017-02-10 00:00:00+05:30,282.4,283.29,280.4,282.57,7798400,281.5266666666667,281.47,281.58333333333337,0.0004025669563570435,238.6727545769856,1,271.92400000000004,291.8237173849232,252.02428261507683
2017-02-13 00:00:00+05:30,283.2,291.46,282.0,290.57,18793785,282.08666666666664,281.845,282.32833333333326,0.0017134214071322107,242.63584439390618,1,273.5728,292.52586414909763,254.6197358509023
2017-02-14 00:00:00+05:30,291.34,294.36,288.24,291.43,15388990,288.01,286.73,289.28999999999996,0.008888580257629754,247.25601061814993,1,275.1804,293.0717730987817,257.28902690121834
2017-02-15 00:00:00+05:30,291.54,292.08,283.77,286.19,11266445,291.3433333333333,291.3,291.3866666666666,0.00029747262679743667,247.25601061814993,1,276.5112,292.42116097543317,260.6012390245668
2017-02-16 00:00:00+05:30,286.5,289.2,285.2,287.39,8392305,287.34666666666664,287.92499999999995,286.7683333333333,0.004025335251264342,247.25601061814993,1,277.464,293.0086237651416,261.9193762348584
2017-02-17 00:00:00+05:30,289.0,291.74,287.05,288.18,8932190,287.2633333333333,287.2,287.32666666666665,0.00044094268905417266,247.25601061814993,1,278.3872,293.6233543914402,263.1510456085598
2017-02-20 00:00:00+05:30,288.0,288.01,284.68,285.85,6579210,288.99,289.395,288.58500000000004,0.0028028651510430998,247.25601061814993,1,279.2768,293.52275686641656,265.0308431335834
2017-02-21 00:00:00+05:30,286.8,290.76,286.21,289.95,6692070,286.18,286.345,286.015,0.00115312041372577,247.25601061814993,1,280.2448,293.96157993698955,266.52802006301044
2017-02-22 00:00:00+05:30,290.5,291.71,288.24,289.39,5801400,288.97333333333336,288.485,289.4616666666667,0.003379781294698546,248.2943355668933,1,281.23,293.85079553751655,268.6092044624835
2017-02-23 00:00:00+05:30,290.0,291.0,288.28,289.35,6372095,289.78000000000003,289.975,289.58500000000004,0.001345848574780821,248.86496214421751,1,282.0364,294.03802506329026,270.03477493670977
2017-02-27 00:00:00+05:30,288.33,289.05,283.45,284.38,6439075,289.54333333333335,289.64,289.4466666666667,0.0006677181308495141,248.86496214421751,1,282.6316,293.5107053749743,271.7524946250257
2017-02-28 00:00:00+05:30,285.4,291.9,284.6,290.54,8081825,285.62666666666667,286.25,285.00333333333333,0.004364671832695371,248.86496214421751,1,283.3836,293.73345276029534,273.03374723970467
2017-03-01 00:00:00+05:30,291.94,293.3,288.61,290.93,5863515,289.0133333333333,288.25,289.77666666666664,0.005282339915113406,250.02279690762649,1,283.9572,294.32689665129084,273.58750334870916
2017-03-02 00:00:00+05:30,292.0,292.04,283.83,284.94,7519330,290.9466666666667,290.95500000000004,290.9383333333334,5.7284267448735754e-05,250.02279690762649,1,284.4836,293.5858685172319,275.38133148276813
2017-03-03 00:00:00+05:30,284.56,288.39,284.02,286.75,6324110,286.93666666666667,287.935,285.93833333333333,0.00695856228436009,250.02279690762649,1,284.6992,293.7505042949506,275.64789570504945
2017-03-06 00:00:00+05:30,289.01,292.96,287.44,292.3,6495315,286.38666666666666,286.205,286.5683333333333,0.001268681037292276,250.02279690762649,1,285.2012,294.487884351252,275.91451564874797
2017-03-07 00:00:00+05:30,293.0,293.0,287.82,289.64,7445505,290.90000000000003,290.2,291.6000000000001,0.004812650395325166,250.02279690762649,1,285.6748,294.6041531590921,276.7454468409079
2017-03-08 00:00:00+05:30,290.0,296.32,289.6,294.89,13481850,290.1533333333333,290.40999999999997,289.89666666666665,0.0017691795142797645,251.67349622413235,1,286.30240000000003,295.52396824839394,277.0808317516061
2017-03-09 00:00:00+05:30,295.4,295.76,292.4,293.05,5479040,293.60333333333335,292.96000000000004,294.24666666666667,0.00438232990088657,253.50415637516699,1,286.7196,296.1777342430622,277.2614657569378
2017-03-10 00:00:00+05:30,294.0,296.89,293.02,296.27,8345885,293.7366666666667,294.08,293.3933333333334,0.0023376947606130564,254.9185901201603,1,287.4744,296.8485262291365,278.1002737708635
2017-03-14 00:00:00+05:30,304.54,307.8,302.85,306.35,16745770,295.3933333333333,294.955,295.83166666666665,0.0029677943532916513,263.66164651535394,1,288.54600000000005,299.95937040491475,277.13262959508535
2017-03-15 00:00:00+05:30,305.3,307.2,303.94,305.81,8129185,305.6666666666667,305.32500000000005,306.0083333333333,0.0022355507088329778,264.66038065473975,1,289.5908,302.28084765317215,276.90075234682786
2017-03-16 00:00:00+05:30,308.0,309.09,303.7,305.59,10198655,305.65000000000003,305.57,305.7300000000001,0.0005234745624082507,265.6125654285501,1,290.64,304.08778227068603,277.19221772931394
2017-03-17 00:00:00+05:30,308.0,308.0,300.7,301.58,17495735,306.1266666666666,306.395,305.85833333333323,0.0017530869574688488,265.6125654285501,1,291.4212,305.0500309931474,277.7923690068526
2017-03-20 00:00:00+05:30,303.75,304.8,301.42,303.15,6081850,303.4266666666667,304.35,302.50333333333333,0.0060860394603859,265.6125654285501,1,292.2816,306.04701832854255,278.5161816714575
2017-03-21 00:00:00+05:30,304.4,304.43,293.73,296.95,12168835,303.12333333333333,303.11,303.13666666666666,8.797299229128654e-05,265.6125654285501,1,292.8568,306.14438544807047,279.5692145519296
2017-03-22 00:00:00+05:30,295.0,295.4,292.03,294.17,10002040,298.37000000000006,299.08000000000004,297.6600000000001,0.004759191607735224,265.6125654285501,1,293.0008,306.26414005595024,279.7374599440498
2017-03-23 00:00:00+05:30,294.8,304.3,292.4,303.72,20748350,293.8666666666666,293.715,294.01833333333326,0.00103221415607969,265.6125654285501,1,293.4924,307.3826455327388,279.60215446726113
2017-03-24 00:00:00+05:30,307.8,308.95,304.91,305.81,16829935,300.14000000000004,298.35,301.93000000000006,0.011927767042047179,265.6125654285501,1,294.2772,308.6375270380507,279.9168729619493
2017-03-27 00:00:00+05:30,305.81,308.4,304.0,305.59,7944450,306.5566666666667,306.93,306.18333333333334,0.002435656268009187,265.6125654285501,1,295.0052,309.735658371679,280.274741628321
2017-03-28 00:00:00+05:30,306.86,307.9,305.2,306.97,8336700,305.99666666666667,306.2,305.79333333333335,0.0013289905118791202,265.6125654285501,1,295.7568,310.9284342903382,280.5851657096618
2017-03-29 00:00:00+05:30,307.3,311.0,305.41,308.99,7800535,306.69,306.54999999999995,306.83000000000004,0.0009129740128471304,266.755686331596,1,296.68240000000003,312.1441983740497,281.22060162595034
2017-03-30 00:00:00+05:30,308.0,311.5,307.73,310.43,9487205,308.4666666666667,308.20500000000004,308.72833333333335,0.0016965636481520814,268.7680588783321,1,297.5016,313.60657630422855,281.39662369577144
2017-03-31 00:00:00+05:30,310.8,311.0,306.8,309.35,8166155,309.8866666666667,309.615,310.1583333333334,0.0017533291741069022,268.7680588783321,1,298.3,314.6937285569745,281.9062714430255
2017-04-03 00:00:00+05:30,309.64,311.22,307.0,307.77,4339220,309.05,308.9,309.20000000000005,0.0009707167125062876,269.1548990622709,1,299.0368,315.41102923498266,282.6625707650174
2017-04-05 00:00:00+05:30,311.0,314.0,307.26,313.5,9783590,308.66333333333336,309.11,308.2166666666667,0.0028941997213792264,270.38590309978,1,300.20160000000004,316.3814122906218,284.02178770937826
2017-04-06 00:00:00+05:30,313.54,315.07,311.15,312.95,16374930,311.58666666666664,310.63,312.5433333333333,0.0061406136334459065,273.37806697578884,1,301.098,317.51872544072745,284.6772745592726
2017-04-07 00:00:00+05:30,311.22,315.18,309.92,311.31,7763240,313.0566666666667,313.11,313.00333333333333,0.0003407263860643441,273.37806697578884,1,301.9132,318.2571742730999,285.56922572690013
2017-04-10 00:00:00+05:30,312.4,321.0,311.82,319.92,11888320,312.1366666666667,312.55,311.7233333333334,0.0026484125543296106,275.66596252488694,1,303.31239999999997,319.59365624636337,287.03114375363657
2017-04-11 00:00:00+05:30,320.6,324.7,319.08,322.95,13096210,317.58,316.40999999999997,318.75,0.007368222180238151,281.2021240238915,1,304.76039999999995,321.32856366890854,288.19223633109135
2017-04-12 00:00:00+05:30,323.4,327.0,320.69,326.29,9419810,322.24333333333334,321.89,322.5966666666667,0.0021929597716012932,283.0178390629359,1,306.12,323.90853383502247,288.33146616497754
2017-04-13 00:00:00+05:30,325.2,327.59,322.62,323.28,5963665,324.66,323.845,325.475,0.005020636974065161,284.5193255004184,1,307.4656,325.1531495917251,289.7780504082749
2017-04-17 00:00:00+05:30,323.72,325.18,320.46,322.12,5512460,324.49666666666667,325.105,323.8883333333333,0.00374939650124818,284.5193255004184,1,308.5548,326.36381175921144,290.74578824078856
2017-04-18 00:00:00+05:30,322.8,325.59,319.59,321.18,5196760,322.58666666666664,322.82,322.3533333333333,0.0014466396627263898,284.5193255004184,1,309.68,326.97555133552345,292.38444866447657
2017-04-19 00:00:00+05:30,320.06,323.8,318.45,321.09,16480495,322.11999999999995,322.59,321.6499999999999,0.0029181671426799166,284.5193255004184,1,310.6728,327.62128337284855,293.72431662715144
2017-04-20 00:00:00+05:30,304.12,314.99,304.12,309.03,39365810,321.1133333333333,321.125,321.1016666666666,7.266385699781739e-05,284.5193255004184,1,310.78,327.65148695283625,293.9085130471637
2017-04-21 00:00:00+05:30,311.4,312.56,304.8,308.83,15381650,309.38,309.555,309.205,0.0011312948477601096,284.5193255004184,1,310.9008,327.67115949047377,294.13044050952624
2017-04-24 00:00:00+05:30,309.8,314.63,308.64,310.86,9259060,308.73,308.68,308.78000000000003,0.0003239076215464086,284.5193255004184,1,311.1116,327.74153510990715,294.4816648900929
2017-04-25 00:00:00+05:30,312.0,313.4,310.6,311.39,6576035,311.37666666666667,311.635,311.11833333333334,0.001659297956387178,284.5193255004184,1,311.504,327.6723334948201,295.3356665051799
2017-04-26 00:00:00+05:30,312.0,317.38,311.55,316.41,9858260,311.7966666666667,312.0,311.59333333333336,0.0013042688076630215,284.5193255004184,1,312.0344,327.93957005755425,296.12922994244576
2017-04-27 00:00:00+05:30,317.0,330.38,314.79,328.48,21107455,315.1133333333334,314.46500000000003,315.76166666666677,0.004114921615503642,284.5193255004184,1,313.2956,329.2166211531709,297.3745788468291
2017-04-28 00:00:00+05:30,327.91,328.93,324.36,326.05,6679805,324.55,322.58500000000004,326.515,0.012109074102603451,284.5193255004184,1,314.57079999999996,329.21580452166916,299.92579547833077
2017-05-02 00:00:00+05:30,326.4,330.36,324.71,326.78,8228195,326.44666666666666,326.645,326.24833333333333,0.0012151040496660413,284.5193255004184,1,315.4932,330.1930239118606,300.7933760881394
2017-05-03 00:00:00+05:30,327.54,328.29,323.12,326.59,4906685,327.2833333333333,327.53499999999997,327.03166666666664,0.0015379131231858135,284.5193255004184,1,316.32439999999997,331.08994051024564,301.5588594897543
2017-05-04 00:00:00+05:30,326.51,328.0,324.02,325.37,5059810,326.0,325.70500000000004,326.29499999999996,0.0018098159509199942,284.5193255004184,1,317.1156,331.6129267383922,302.6182732616077
2017-05-05 00:00:00+05:30,325.2,326.2,320.87,321.75,4888600,325.7966666666667,326.01,325.58333333333337,0.0013096102886256857,284.5193255004184,1,317.7068,331.69756577745835,303.7160342225416
2017-05-08 00:00:00+05:30,322.8,326.8,321.81,323.09,4212900,322.94,323.53499999999997,322.345,0.003684895026939806,284.5193255004184,1,318.2708,331.94371269041454,304.5978873095855
2017-05-09 00:00:00+05:30,323.21,323.32,318.43,320.5,4889665,323.90000000000003,324.305,323.49500000000006,0.002500771843161301,284.5193255004184,1,318.6736,331.98743266229894,305.3597673377011
2017-05-10 00:00:00+05:30,321.2,322.99,316.82,319.68,9752185,320.75,320.875,320.625,0.000779423226812159,284.5193255004184,1,319.0868,331.847228481822,306.32637151817795
2017-05-11 00:00:00+05:30,321.6,321.6,315.0,315.46,8346570,319.83,319.905,319.755,0.0004689991558014485,284.5193255004184,1,319.39439999999996,331.3970438154139,307.39175618458603
2017-05-12 00:00:00+05:30,316.2,318.36,293.85,296.62,51398635,317.3533333333333,318.3,316.4066666666666,0.005966010545554158,284.5193255004184,1,318.7192,333.5404203761936,303.8979796238064
2017-05-15 00:00:00+05:30,299.38,301.2,290.71,294.41,30387720,302.9433333333333,306.105,299.78166666666664,0.020872990548287514,284.5193255004184,1,317.9776,335.49025990532846,300.46494009467153
2017-05-16 00:00:00+05:30,295.3,300.0,293.62,296.68,13899055,295.44,295.955,294.925,0.0034863254806389546,284.5193255004184,1,317.3924,336.64816176004734,298.1366382399527
2017-05-17 00:00:00+05:30,296.79,296.79,290.21,290.93,17047740,296.76666666666665,296.81,296.7233333333333,0.0002920363922274566,284.5193255004184,1,316.2328,338.0599585104361,294.4056414895639
2017-05-18 00:00:00+05:30,287.6,288.78,278.6,280.23,24997430,292.6433333333334,293.5,291.78666666666675,0.005854680897109972,333.94772816686043,-1,314.524,340.3099999224329,288.7380000775671
2017-05-19 00:00:00+05:30,282.55,291.0,281.05,286.02,29884735,282.5366666666667,283.69,281.3833333333334,0.008164132089050206,333.94772816686043,-1,312.9132,340.5245267888328,285.3018732111672
2017-05-22 00:00:00+05:30,288.76,290.11,279.6,281.16,12638575,286.0233333333333,286.025,286.02166666666665,1.16540608574952e-05,333.94772816686043,-1,311.2284,341.1475976790776,281.30920232092245
2017-05-23 00:00:00+05:30,282.2,283.6,275.25,280.63,14373025,283.6233333333334,284.855,282.39166666666677,0.008685228060690537,331.83208634743545,-1,309.56879999999995,341.4272827359955,277.7103172640044
2017-05-24 00:00:00+05:30,281.61,288.8,279.61,285.01,14895365,279.82666666666665,279.425,280.2283333333333,0.0028708247963023,331.83208634743545,-1,308.12199999999996,341.008476734362,275.23552326563794
2017-05-25 00:00:00+05:30,286.8,294.0,286.12,292.85,19542615,284.47333333333336,284.20500000000004,284.7416666666667,0.0018865271495862527,331.83208634743545,-1,306.99240000000003,339.95945569139803,274.02534430860203
2017-05-26 00:00:00+05:30,293.96,300.0,291.01,298.72,12482845,290.99,290.06,291.92,0.00639197223272282,331.83208634743545,-1,306.58,339.69240540944946,273.4675945905505
2017-05-29 00:00:00+05:30,298.72,298.74,286.63,287.66,10137385,296.57666666666665,295.505,297.6483333333333,0.0072269115349599886,331.83208634743545,-1,305.7332,339.6452588440121,271.8211411559879
2017-05-30 00:00:00+05:30,287.2,292.2,286.41,287.67,8310575,291.01,292.685,289.335,0.011511631902683835,331.83208634743545,-1,304.8056,339.3683716851491,270.24282831485095
2017-05-31 00:00:00+05:30,288.4,289.68,281.85,286.27,11974010,288.76,289.305,288.215,0.00377476104723657,331.83208634743545,-1,303.8008,338.9942789050436,268.6073210949564
2017-06-01 00:00:00+05:30,286.0,290.0,284.21,288.92,10535155,285.93333333333334,285.765,286.1016666666667,0.0011774306365121294,331.83208634743545,-1,302.7012,337.9678397922987,267.4345602077012
2017-06-02 00:00:00+05:30,291.34,297.5,289.06,296.35,13008640,287.71000000000004,287.105,288.31500000000005,0.004205623718327609,331.83208634743545,-1,301.416,335.1392193006503,267.69278069934967
2017-06-05 00:00:00+05:30,296.6,305.26,296.35,304.71,16429705,294.30333333333334,293.28,295.3266666666667,0.006954276200292458,331.83208634743545,-1,300.5624,332.79566891520244,268.3291310847976
2017-06-06 00:00:00+05:30,305.0,306.49,299.76,301.23,8410250,302.1066666666666,300.805,303.40833333333325,0.008617265425015137,331.83208634743545,-1,299.54040000000003,329.9525520343392,269.1282479656609
2017-06-07 00:00:00+05:30,303.99,304.03,296.22,298.75,9245400,302.49333333333334,303.125,301.8616666666667,0.004176400581830965,331.83208634743545,-1,298.4268,326.7635180710781,270.0900819289219
2017-06-08 00:00:00+05:30,299.8,300.34,293.47,295.24,9557160,299.6666666666667,300.125,299.20833333333337,0.00305895439377073,331.83208634743545,-1,297.2216,323.3488790347516,271.09432096524847
2017-06-09 00:00:00+05:30,295.94,299.79,295.04,297.76,10083805,296.34999999999997,296.905,295.79499999999996,0.0037455711152354102,331.83208634743545,-1,296.262,320.40190422515735,272.12209577484265
2017-06-12 00:00:00+05:30,296.2,300.86,294.09,296.72,8054565,297.53000000000003,297.415,297.64500000000004,0.0007730312909623169,331.83208634743545,-1,295.2072,316.72834013336126,273.68605986663874
2017-06-13 00:00:00+05:30,297.7,302.19,297.5,298.77,7061315,297.22333333333336,297.475,296.9716666666667,0.0016934516132649869,331.83208634743545,-1,294.338,313.3067186704789,275.36928132952113
2017-06-14 00:00:00+05:30,299.21,299.95,289.0,289.8,17689740,299.4866666666667,299.845,299.12833333333333,0.002392983549629467,331.83208634743545,-1,293.14279999999997,309.10019680022333,277.1854031997766
2017-06-15 00:00:00+05:30,289.8,290.0,286.2,289.23,13899395,292.9166666666667,294.475,291.35833333333335,0.01064011379800856,331.83208634743545,-1,292.0936,305.2463808527239,278.94081914727604
2017-06-16 00:00:00+05:30,289.8,291.67,287.4,288.7,14628365,288.4766666666667,288.1,288.85333333333335,0.0026114186011577953,331.83208634743545,-1,291.7768,304.85956389146355,278.6940361085364
2017-06-19 00:00:00+05:30,290.8,291.15,285.12,286.19,14848970,289.25666666666666,289.53499999999997,288.97833333333335,0.001924473074662463,331.83208634743545,-1,291.448,304.6620398061979,278.23396019380203
2017-06-20 00:00:00+05:30,286.6,291.08,285.23,289.41,9913855,287.4866666666667,288.135,286.83833333333337,0.0045103541033785595,331.83208634743545,-1,291.1572,304.21695989977553,278.09744010022445
2017-06-21 00:00:00+05:30,287.6,289.03,285.32,286.54,9528905,288.5733333333333,288.155,288.9916666666667,0.00289932079656252,331.83208634743545,-1,290.9816,304.16631439811215,277.7968856018879
2017-06-22 00:00:00+05:30,287.78,294.0,287.47,290.4,15429910,286.9633333333333,287.17499999999995,286.75166666666667,0.0014752175074630536,331.83208634743545,-1,291.3884,303.82758670009355,278.94921329990643
2017-06-23 00:00:00+05:30,290.74,291.66,286.24,287.08,6802620,290.62333333333333,290.735,290.51166666666666,0.000768463188319443,331.83208634743545,-1,291.43080000000003,303.80355189437597,279.0580481056241
2017-06-27 00:00:00+05:30,291.0,291.08,281.01,283.1,10131580,288.32666666666665,288.95000000000005,287.70333333333326,0.004323799394206051,331.83208634743545,-1,291.5084,303.64458415152734,279.37221584847265
2017-06-28 00:00:00+05:30,282.88,291.81,280.3,289.94,13617320,285.06333333333333,286.04499999999996,284.0816666666667,0.006887358364807539,331.83208634743545,-1,291.88079999999997,303.2029678772125,280.55863212278746
2017-06-29 00:00:00+05:30,291.98,294.0,286.77,287.7,13099315,287.34999999999997,286.055,288.6449999999999,0.009013398294762201,331.83208634743545,-1,291.9884,303.0964405904814,280.88035940951863
2017-06-30 00:00:00+05:30,287.6,293.37,285.0,292.7,10461845,289.49,290.385,288.595,0.006183287851048269,331.83208634743545,-1,291.98240000000004,303.08873445200453,280.87606554799555
2017-07-03 00:00:00+05:30,293.96,299.2,290.4,298.55,10883920,290.3566666666666,289.185,291.52833333333325,0.008070533941014783,331.83208634743545,-1,291.9756,303.06562157616395,280.885578423836
2017-07-04 00:00:00+05:30,301.56,302.4,296.0,297.01,10966170,296.04999999999995,294.79999999999995,297.29999999999995,0.008444519506840062,331.83208634743545,-1,292.3496,303.462853320238,281.236346679762
2017-07-05 00:00:00+05:30,297.82,301.94,297.4,301.19,9132875,298.46999999999997,299.2,297.73999999999995,0.004891613897544264,331.83208634743545,-1,292.8904,304.35055634098325,281.43024365901675
2017-07-06 00:00:00+05:30,300.2,303.8,299.0,300.81,7192995,300.1766666666667,299.66999999999996,300.6833333333334,0.0033757898126662127,331.83208634743545,-1,293.472,305.0047623750677,281.9392376249323
2017-07-07 00:00:00+05:30,300.53,303.04,299.52,301.15,6158365,301.2033333333333,301.4,301.00666666666666,0.001305873108973949,331.83208634743545,-1,293.9612,305.71553104178093,282.2068689582191
2017-07-10 00:00:00+05:30,302.4,304.4,300.18,302.58,1573045,301.2366666666666,301.28,301.19333333333327,0.00028770291354539025,331.83208634743545,-1,294.2104,306.412378174041,282.008421825959
2017-07-11 00:00:00+05:30,303.05,306.6,301.6,302.96,9910100,302.3866666666666,302.28999999999996,302.48333333333323,0.0006393579963841149,331.83208634743545,-1,294.1404,306.1186676276569,282.1621323723431
2017-07-12 00:00:00+05:30,303.2,304.54,301.0,303.09,8068060,303.72,304.1,303.34000000000003,0.002502304754379003,331.83208634743545,-1,294.21479999999997,306.38977514739855,282.0398248526014
2017-07-13 00:00:00+05:30,303.6,317.6,303.6,316.4,20791405,302.8766666666666,302.77,302.98333333333323,0.0007043571090540254,331.83208634743545,-1,294.92080000000004,309.8102152148354,280.0313847851647
2017-07-14 00:00:00+05:30,318.37,318.97,310.84,312.92,10366505,312.53333333333336,310.6,314.4666666666667,0.012372013651877156,331.83208634743545,-1,295.62800000000004,312.10565905703146,279.1503409429686
2017-07-17 00:00:00+05:30,313.94,314.98,308.68,309.49,5489385,314.24333333333334,314.905,313.5816666666667,0.004211173931029881,331.83208634743545,-1,296.0972,313.4364673616784,278.75793263832156
2017-07-18 00:00:00+05:30,309.94,315.49,309.02,311.56,7161790,311.05,311.83000000000004,310.27,0.0050152708567756275,331.83208634743545,-1,296.69079999999997,315.06018750856333,278.3214124914366
2017-07-19 00:00:00+05:30,312.2,315.3,310.22,314.03,10549830,312.0233333333333,312.255,311.79166666666663,0.001484931682459752,331.83208634743545,-1,297.30120000000005,316.88067931482766,277.72172068517244
2017-07-20 00:00:00+05:30,314.4,315.8,312.24,314.32,8239275,313.18333333333334,312.76,313.6066666666667,0.0027034218508861447,331.83208634743545,-1,298.282,318.6988455937679,277.8651544062321
2017-07-21 00:00:00+05:30,314.4,316.29,313.0,315.53,5325410,314.11999999999995,314.02,314.2199999999999,0.0006366993505664453,331.83208634743545,-1,299.334,320.47423500341836,278.19376499658165
2017-07-24 00:00:00+05:30,315.6,323.8,315.39,318.65,12576130,314.94,314.645,315.235,0.0018733727059123382,331.83208634743545,-1,300.532,322.5040928452378,278.5599071547622
2017-07-25 00:00:00+05:30,319.34,324.74,317.22,323.57,12826760,319.28000000000003,319.595,318.96500000000003,0.0019731896767727244,331.83208634743545,-1,302.0272,324.9583885570666,279.0960114429334
2017-07-26 00:00:00+05:30,324.94,344.8,321.05,342.39,42745710,321.8433333333333,320.98,322.7066666666666,0.005364929106293666,280.7914927241685,1,304.14639999999997,331.40569705916374,276.8871029408362
2017-07-27 00:00:00+05:30,349.45,359.6,348.4,357.17,59043405,336.08,332.925,339.23499999999996,0.01877529159723859,299.13303301520176,1,306.97159999999997,340.3090406600105,273.6341593399894
2017-07-28 00:00:00+05:30,353.0,372.2,353.0,368.37,42766660,355.0566666666667,354.0,356.11333333333334,0.005952101542476817,304.55171169459373,1,310.0904,350.48471384934896,269.696086150651
2017-07-31 00:00:00+05:30,370.0,371.6,360.63,361.9,21767735,364.52333333333337,362.6,366.4466666666667,0.010552593798293732,307.3170432268099,1,313.0832,357.1358295133411,269.03057048665886
2017-08-01 00:00:00+05:30,363.74,367.6,361.83,365.45,14552820,364.71000000000004,366.115,363.30500000000006,0.00770475172054494,307.3170432268099,1,316.37719999999996,363.197694835485,269.55670516451494
2017-08-02 00:00:00+05:30,366.0,368.59,362.61,365.8,10065875,364.96000000000004,364.71500000000003,365.20500000000004,0.00134261288908376,308.1864270378281,1,319.4116,368.750412528877,270.07278747112304
2017-08-03 00:00:00+05:30,364.4,365.78,354.46,357.09,14988025,365.6666666666667,365.6,365.73333333333335,0.0003646308113035344,308.1864270378281,1,322.1872,371.8837632678927,272.49063673210736
2017-08-04 00:00:00+05:30,354.0,363.05,352.71,361.59,14304925,359.10999999999996,360.12,358.0999999999999,0.0056250174041382744,308.1864270378281,1,324.9428,375.42714197490983,274.4584580250901
2017-08-07 00:00:00+05:30,362.0,363.4,358.75,359.97,6655985,359.1166666666666,357.88,360.35333333333324,0.006887269689515694,308.1864270378281,1,327.39959999999996,378.48166432163475,276.3175356783652
2017-08-08 00:00:00+05:30,359.8,360.4,350.8,352.71,11647730,360.70666666666665,361.075,360.3383333333333,0.0020422873618453005,308.1864270378281,1,329.62760000000003,380.0682138836516,279.18698611634846
2017-08-09 00:00:00+05:30,351.2,354.89,347.2,348.31,9912435,354.6366666666667,355.6,353.6733333333334,0.005432790367606149,308.1864270378281,1,331.51239999999996,381.0754834488696,281.9493165511303
2017-08-10 00:00:00+05:30,348.31,348.84,342.02,346.02,10660635,350.13333333333327,351.04499999999996,349.2216666666666,0.0052075399847678425,308.1864270378281,1,333.3208,381.55223470227287,285.08936529772717
2017-08-11 00:00:00+05:30,341.4,351.46,340.43,347.88,15510645,345.6266666666666,345.42999999999995,345.82333333333327,0.00113802947303444,308.1864270378281,1,335.19,381.88707965172557,288.4929203482744
2017-08-14 00:00:00+05:30,350.4,357.2,350.04,355.7,9926005,346.59,345.945,347.23499999999996,0.0037219769756772084,308.1864270378281,1,337.31479999999993,382.6989142674349,291.930685732565
2017-08-16 00:00:00+05:30,356.81,357.8,346.4,352.37,18723055,354.31333333333333,353.62,355.00666666666666,0.0039136733964287435,308.1864270378281,1,339.2912,382.7827886377997,295.7996113622003
2017-08-17 00:00:00+05:30,355.8,355.8,345.86,347.62,9567955,352.19000000000005,352.1,352.2800000000001,0.0005110877651269589,308.1864270378281,1,341.07239999999996,382.0631588726968,300.0816411273031
2017-08-18 00:00:00+05:30,346.98,347.46,341.66,344.15,8394525,349.76000000000005,350.83000000000004,348.69000000000005,0.006118481244281753,308.1864270378281,1,342.18240000000003,381.9244809842612,302.44031901573885
2017-08-21 00:00:00+05:30,344.2,350.6,342.02,343.34,7164610,344.42333333333335,344.56,344.2866666666667,0.0007935970269144912,308.1864270378281,1,343.3992,381.30327510333905,305.49512489666097
2017-08-22 00:00:00+05:30,346.4,346.4,337.2,342.58,13768740,345.32,346.31,344.33,0.0057338121162979795,308.1864270378281,1,344.7228,380.01933241664915,309.42626758335086
2017-08-23 00:00:00+05:30,343.74,345.6,339.52,344.65,11216740,342.05999999999995,341.79999999999995,342.31999999999994,0.0015202011343038704,308.1864270378281,1,346.0464,378.64816332899125,313.44463667100877
2017-08-24 00:00:00+05:30,345.56,347.79,342.88,343.89,8865265,343.25666666666666,342.56,343.9533333333333,0.00405915884129461,308.1864270378281,1,347.24080000000004,377.13903803235826,317.3425619676418
2017-08-28 00:00:00+05:30,344.6,351.56,342.32,350.67,9749985,344.8533333333333,345.33500000000004,344.37166666666656,0.0027934580884631547,308.1864270378281,1,348.69480000000004,375.414175513652,321.97542448634806
2017-08-29 00:00:00+05:30,350.4,350.67,343.21,344.31,8813485,348.18333333333334,346.94,349.4266666666667,0.007141831410655341,308.1864270378281,1,349.846,372.99153054046377,326.70046945953624
2017-08-30 00:00:00+05:30,346.31,353.0,346.21,350.42,9864255,346.06333333333333,346.94,345.18666666666667,0.005066509983721661,308.1864270378281,1,351.1168,370.44548601430364,331.7881139856964
2017-08-31 00:00:00+05:30,350.0,354.88,349.01,350.61,12833805,349.8766666666667,349.605,350.1483333333334,0.001552928174690341,308.1864270378281,1,352.19840000000005,367.932044643233,336.4647553567671
2017-09-01 00:00:00+05:30,350.67,356.0,350.67,355.29,7997070,351.5,351.945,351.055,0.002532005689900388,308.1864270378281,1,352.71439999999996,367.9662547907961,337.4625452092038
2017-09-04 00:00:00+05:30,354.1,355.93,347.41,352.82,8600510,353.9866666666667,353.33500000000004,354.6383333333333,0.0036818712569210276,308.1864270378281,1,352.54040000000003,367.6838268037169,337.39697319628317
2017-09-05 00:00:00+05:30,353.4,357.56,353.0,355.65,8064790,352.05333333333334,351.67,352.43666666666667,0.0021777003484320127,308.1864270378281,1,352.0316,365.80631617709537,338.2568838229047
2017-09-06 00:00:00+05:30,354.0,360.96,352.46,358.79,9434255,355.40333333333336,355.28,355.52666666666676,0.0006940471389316834,308.1864270378281,1,351.90719999999993,365.3759567592384,338.43844324076144
2017-09-07 00:00:00+05:30,360.36,363.8,358.48,360.0,8895275,357.40333333333336,356.71,358.09666666666675,0.003879836972235205,308.1864270378281,1,351.68919999999997,364.4309059077477,338.94749409225227
2017-09-08 00:00:00+05:30,361.4,361.54,356.05,357.8,5402980,360.76,361.14,360.38,0.002106663709945645,308.1864270378281,1,351.36920000000003,363.0335826000151,339.70481739998496
2017-09-11 00:00:00+05:30,359.25,373.15,358.85,368.41,16706180,358.46333333333337,358.795,358.1316666666667,0.0018504914496135312,309.46650165979713,1,351.82200000000006,365.1059572417083,338.5380427582918
2017-09-12 00:00:00+05:30,370.98,371.77,364.4,370.15,10676065,366.80333333333334,366.0,367.6066666666667,0.004380185567197726,311.74924159340526,1,352.1644,366.8093599029677,337.5194400970323
2017-09-13 00:00:00+05:30,370.4,372.4,366.52,367.8,6871880,368.7733333333333,368.085,369.46166666666664,0.0037330971147588364,313.731271929669,1,352.47759999999994,368.0804718176985,336.8747281823014
2017-09-14 00:00:00+05:30,369.08,373.2,368.04,370.31,6350920,368.9066666666667,369.46,368.3533333333334,0.0029998554286537775,315.6084210524823,1,353.18160000000006,370.2794835462033,336.0837164537968
2017-09-15 00:00:00+05:30,365.68,371.8,365.46,369.01,8160390,370.51666666666665,370.62,370.4133333333333,0.0005577796770276804,315.6084210524823,1,354.0096000000001,372.0618632198716,335.95733678012857
2017-09-18 00:00:00+05:30,370.42,374.4,370.2,371.83,7120825,368.75666666666666,368.63,368.8833333333333,0.0006869932295009274,318.38793684196764,1,355.04200000000003,374.07402774271634,336.0099722572837
2017-09-19 00:00:00+05:30,372.28,374.4,369.43,373.3,5622390,372.14333333333326,372.29999999999995,371.98666666666657,0.0008419694920417478,318.76781936828894,1,356.05879999999996,376.13894447755587,335.97865552244406
2017-09-20 00:00:00+05:30,373.0,377.2,372.2,376.02,6049650,372.3766666666666,371.91499999999996,372.83833333333325,0.0024795681791733,322.27870659355744,1,356.87160000000006,378.41924371711025,335.32395628288987
2017-09-21 00:00:00+05:30,375.3,382.9,373.35,377.05,7307710,375.14000000000004,374.7,375.5800000000001,0.0023457909047291917,325.1265583298151,1,357.8588,380.71284214224505,335.0047578577549
2017-09-22 00:00:00+05:30,376.8,376.8,359.45,360.65,12176561,377.76666666666665,378.125,377.4083333333333,0.0018971146210183456,325.1265583298151,1,358.38,380.86763855987357,335.8923614401264
2017-09-25 00:00:00+05:30,361.0,363.7,349.0,359.6,9426506,365.6333333333334,368.125,363.14166666666677,0.0136293189898803,325.1265583298151,1,358.99799999999993,380.7236869166319,337.272313083368
2017-09-26 00:00:00+05:30,361.0,363.0,355.7,360.75,6184763,357.4333333333334,356.35,358.51666666666677,0.006061736454350672,325.1265583298151,1,359.69440000000003,380.4628623060907,338.92593769390936
2017-09-27 00:00:00+05:30,364.9,364.9,350.75,353.2,8301438,359.81666666666666,359.35,360.2833333333333,0.002593913567094206,325.1265583298151,1,360.11920000000003,379.8800484999888,340.3583515000113
2017-09-28 00:00:00+05:30,353.5,355.45,347.3,350.8,11672921,356.2833333333333,357.825,354.7416666666666,0.00865416101417422,325.1265583298151,1,360.36519999999996,379.49259615942293,341.237803840577
2017-09-29 00:00:00+05:30,353.7,353.9,345.1,350.0,10421179,351.18333333333334,351.375,350.9916666666667,0.0010915476246974299,325.1265583298151,1,360.6096,379.03184696825844,342.18735303174157
2017-10-03 00:00:00+05:30,354.9,354.9,347.5,351.05,8078173,349.6666666666667,349.5,349.83333333333337,0.000953288846520604,325.1265583298151,1,360.62480000000005,379.01481652635226,342.23478347364784
2017-10-04 00:00:00+05:30,352.7,357.5,351.05,355.8,7252399,351.15000000000003,351.2,351.1000000000001,0.00028477858465017524,325.1265583298151,1,361.0844,378.3611108721396,343.80768912786044
2017-10-05 00:00:00+05:30,357.3,367.5,357.0,359.45,10552658,354.7833333333333,354.275,355.29166666666663,0.0028655987222247895,325.1265583298151,1,361.44560000000007,378.1845835581348,344.7066164418653
2017-10-06 00:00:00+05:30,360.6,366.8,360.6,365.8,4977073,361.31666666666666,362.25,360.3833333333333,0.0051662899580239155,325.1265583298151,1,362.0532,378.26939409847773,345.8370059015223
2017-10-09 00:00:00+05:30,367.9,372.65,363.15,370.9,5402776,364.40000000000003,363.70000000000005,365.1,0.0038419319429198054,325.1265583298151,1,362.67760000000004,379.00577959723324,346.34942040276684
2017-10-10 00:00:00+05:30,372.0,374.0,371.0,372.9,5475930,368.8999999999999,367.9,369.89999999999986,0.005421523448088606,325.1265583298151,1,363.48079999999993,379.7657917850608,347.19580821493906
2017-10-11 00:00:00+05:30,374.2,375.0,362.0,363.0,7532154,372.6333333333334,372.5,372.76666666666677,0.0007156275158782499,325.1265583298151,1,363.77479999999997,379.7460482868278,347.80355171317217
2017-10-12 00:00:00+05:30,363.1,367.65,359.0,365.4,7573094,366.6666666666667,368.5,364.83333333333337,0.009999999999999896,325.1265583298151,1,364.0392,379.8900053246357,348.1883946753643
2017-10-13 00:00:00+05:30,366.0,373.05,365.95,369.7,5848807,364.01666666666665,363.325,364.7083333333333,0.003800192298887393,325.1265583298151,1,364.4272,380.33828345272246,348.5161165472776
2017-10-16 00:00:00+05:30,374.0,374.2,365.75,367.7,5086334,369.56666666666666,369.5,369.6333333333333,0.0003607828988905721,325.1265583298151,1,364.8232,380.5464930087656,349.0999069912344
2017-10-17 00:00:00+05:30,369.0,375.9,368.0,373.55,6984827,369.2166666666667,369.975,368.45833333333337,0.004107795783866703,325.1265583298151,1,365.0288,381.0656189563734,348.9919810436266
2017-10-18 00:00:00+05:30,366.0,368.0,359.0,362.4,12849346,372.48333333333335,371.95,373.0166666666667,0.002863662803705006,325.1265583298151,1,364.7188,380.64690680022886,348.7906931997711
2017-10-23 00:00:00+05:30,358.0,364.55,351.0,353.9,9451524,363.1333333333334,363.5,362.76666666666677,0.0020194602533501966,325.1265583298151,1,364.1628,380.5846289066565,347.7409710933435
2017-10-24 00:00:00+05:30,355.7,363.4,344.6,347.6,12420114,356.4833333333333,357.775,355.1916666666666,0.007246715601477502,325.1265583298151,1,363.2544,380.69635592700257,345.8124440729974
2017-10-25 00:00:00+05:30,356.0,356.0,312.85,326.9,33427154,351.8666666666666,354.0,349.73333333333323,0.012125805229253786,325.1265583298151,1,361.56999999999994,383.90910222008716,339.2308977799127
2017-10-26 00:00:00+05:30,331.9,338.65,318.0,331.2,26581626,331.9166666666667,334.425,329.40833333333336,0.015114235500878688,325.1265583298151,1,359.9448,384.82855927868434,335.06104072131563
2017-10-27 00:00:00+05:30,307.0,313.5,298.55,307.05,80906668,329.2833333333333,328.325,330.2416666666666,0.005820721769499304,389.1054523127448,-1,357.29479999999995,389.0789349707604,325.51066502923953
2017-10-30 00:00:00+05:30,311.5,317.45,308.1,314.85,23574790,306.3666666666666,306.025,306.70833333333326,0.002230442824502058,389.1054523127448,-1,354.84799999999996,389.75405082216434,319.94194917783557
2017-10-31 00:00:00+05:30,317.5,319.25,311.3,314.25,11811133,313.46666666666664,312.775,314.1583333333333,0.004413015737983813,389.1054523127448,-1,352.336,389.4578913311206,315.2141086688794
2017-11-01 00:00:00+05:30,317.0,320.5,316.45,318.8,9265421,314.93333333333334,315.275,314.5916666666667,0.0021697713801861144,389.1054523127448,-1,350.66200000000003,389.85016433567074,311.47383566432933
2017-11-02 00:00:00+05:30,321.0,323.9,318.2,320.45,9244908,318.5833333333333,318.475,318.6916666666666,0.0006800941668843839,389.1054523127448,-1,349.096,389.82882627070626,308.36317372929375
2017-11-03 00:00:00+05:30,322.45,328.0,321.7,325.95,12865964,320.84999999999997,321.04999999999995,320.65,0.001246688483715061,389.1054523127448,-1,347.704,389.12138688038567,306.28661311961434
2017-11-06 00:00:00+05:30,327.0,329.0,317.8,319.65,9427134,325.2166666666667,324.85,325.58333333333337,0.0022549069850869114,389.1054523127448,-1,346.36199999999997,389.13216979156783,303.5918302084321
2017-11-07 00:00:00+05:30,323.0,323.0,305.5,311.7,30444032,322.15,323.4,320.9,0.007760360080707745,389.1054523127448,-1,344.798,389.615233114055,299.980766885945
2017-11-08 00:00:00+05:30,313.2,313.65,301.85,303.8,25323557,313.40000000000003,314.25,312.55000000000007,0.00542437779195894,387.16493524635166,-1,342.95,390.4844927394787,295.4155072605213
2017-11-09 00:00:00+05:30,305.95,308.8,302.0,304.65,15467103,306.43333333333334,307.75,305.1166666666667,0.00859349505058194,383.5423378364976,-1,341.09399999999994,390.7926303231744,291.39536967682545
2017-11-10 00:00:00+05:30,305.0,309.9,302.0,304.05,11561127,305.15,305.4,304.9,0.0016385384237260364,383.1786443230377,-1,339.024,390.38325326559533,287.6647467344047
2017-11-13 00:00:00+05:30,306.75,307.95,303.05,303.75,6538482,305.31666666666666,305.95,304.68333333333334,0.004148698073038872,381.0114985501162,-1,336.796,389.23875294070257,284.3532470592974
2017-11-14 00:00:00+05:30,305.0,306.35,302.0,302.55,9724235,304.9166666666667,305.5,304.33333333333337,0.003826182016944396,377.88403860811155,-1,334.26599999999996,386.96977383071896,281.56222616928096
2017-11-15 00:00:00+05:30,302.8,305.8,295.6,300.95,13048729,303.6333333333334,304.175,303.09166666666675,0.0035678998792400616,374.31667706378715,-1,331.468,383.51833625251226,279.4176637474878
2017-11-16 00:00:00+05:30,302.9,303.95,297.5,301.3,9008654,300.78333333333336,300.70000000000005,300.8666666666667,0.0005541087161299787,373.20300998123565,-1,328.60400000000004,379.07564685246166,278.1323531475384
2017-11-17 00:00:00+05:30,308.0,314.4,305.1,306.1,18464900,300.9166666666667,300.725,301.10833333333335,0.0012738853503184461,373.20300998123565,-1,326.328,375.50524742194915,277.1507525780508
2017-11-20 00:00:00+05:30,309.45,314.0,308.2,313.35,9652806,308.53333333333336,309.75,307.3166666666667,0.007886776145202938,373.20300998123565,-1,324.246,370.97663166702984,277.5153683329701
2017-11-21 00:00:00+05:30,316.0,318.0,310.7,312.3,9635431,311.85,311.1,312.6,0.004810004810004809,373.20300998123565,-1,321.95,365.0188750723724,278.8811249276276
2017-11-22 00:00:00+05:30,315.6,315.8,307.0,309.75,6979712,313.6666666666667,314.35,312.98333333333335,0.004357066950053159,373.20300998123565,-1,319.632,358.6494307713825,280.6145692286175
2017-11-23 00:00:00+05:30,310.0,316.35,307.15,313.25,7091441,310.84999999999997,311.4,310.29999999999995,0.003538684252855148,373.20300998123565,-1,317.22,349.4761870034206,284.96381299657946
2017-11-24 00:00:00+05:30,315.0,315.95,312.05,313.05,7331839,312.25,311.75,312.75,0.0032025620496397116,373.20300998123565,-1,315.246,341.7235364412863,288.7684635587137
2017-11-27 00:00:00+05:30,312.0,316.0,309.5,315.3,5301460,313.68333333333334,314.0,313.3666666666667,0.002019021305987968,373.20300998123565,-1,313.702,334.9731914099716,292.4308085900284
2017-11-28 00:00:00+05:30,314.5,316.9,313.65,315.0,5342555,313.59999999999997,312.75,314.44999999999993,0.005420918367346722,373.20300998123565,-1,312.39799999999997,328.58687222754116,296.20912777245877
2017-11-29 00:00:00+05:30,315.0,316.0,310.95,312.9,5457734,315.18333333333334,315.275,315.0916666666667,0.0005816720427262871,373.20300998123565,-1,311.83799999999997,326.9116931108357,296.76430688916423
2017-11-30 00:00:00+05:30,311.0,311.95,305.0,306.9,9124083,313.28333333333336,313.475,313.0916666666667,0.0012235995105601715,373.20300998123565,-1,310.86600000000004,323.8026369663704,297.92936303362967
2017-12-01 00:00:00+05:30,307.8,309.9,305.1,306.85,6121307,307.95,308.475,307.42499999999995,0.00340964442279613,371.0832487144716,-1,310.858,323.8043100534345,297.9116899465655
2017-12-04 00:00:00+05:30,307.8,308.2,301.65,303.2,6436175,307.28333333333336,307.5,307.0666666666667,0.001410207734446863,367.79891876589267,-1,310.392,323.5666629558278,297.2173370441722
2017-12-05 00:00:00+05:30,302.15,310.0,300.6,308.7,7558058,304.34999999999997,304.92499999999995,303.775,0.003778544438968219,367.79891876589267,-1,310.17,323.26393752847713,297.0760624715229
2017-12-06 00:00:00+05:30,306.8,309.9,304.6,306.45,6114939,306.43333333333334,305.3,307.56666666666666,0.007396932448602148,367.79891876589267,-1,309.67600000000004,322.35562523104153,296.99637476895856
2017-12-07 00:00:00+05:30,306.55,311.95,306.55,310.5,5794382,306.98333333333335,307.25,306.7166666666667,0.0017373364460610337,367.79891876589267,-1,309.278,321.180741868984,297.37525813101604
2017-12-08 00:00:00+05:30,312.0,315.5,311.0,312.7,8434605,309.6666666666667,309.25,310.08333333333337,0.002691065662002275,367.79891876589267,-1,308.748,318.6450896732153,298.8509103267847
2017-12-11 00:00:00+05:30,313.5,315.8,310.6,311.6,4416465,313.06666666666666,313.25,312.8833333333333,0.0011712095400340959,367.79891876589267,-1,308.42600000000004,317.36034362444536,299.4916563755547
2017-12-12 00:00:00+05:30,312.0,312.0,305.9,306.8,5457103,312.6666666666667,313.20000000000005,312.1333333333333,0.0034115138592752227,367.3300343578392,-1,308.23,317.08306726505947,299.37693273494057
2017-12-13 00:00:00+05:30,306.35,307.35,301.05,301.9,6911856,308.23333333333335,308.95,307.5166666666667,0.004650156807613107,362.0088329835257,-1,308.154,317.18864088935845,299.11935911064154
2017-12-14 00:00:00+05:30,303.9,304.65,301.75,303.9,4904177,303.43333333333334,304.20000000000005,302.66666666666663,0.005053279138745743,359.5084796641846,-1,308.124,317.209818400104,299.03818159989606
2017-12-15 00:00:00+05:30,307.0,317.45,307.0,315.9,20571225,303.43333333333334,303.2,303.6666666666667,0.0015379545204878512,359.5084796641846,-1,308.598,318.0146015100813,299.1813984899187
2017-12-18 00:00:00+05:30,315.9,318.0,305.3,311.15,13690080,313.45,312.225,314.67499999999995,0.007816238634550748,359.5084796641846,-1,308.894,318.14621357296,299.64178642704
2017-12-19 00:00:00+05:30,314.0,314.4,309.55,312.25,6290291,311.4833333333333,311.65,311.3166666666666,0.0010701482155279724,359.5084796641846,-1,309.282,318.2465916805878,300.31740831941215
2017-12-20 00:00:00+05:30,312.4,313.4,310.0,311.7,6605913,312.06666666666666,311.975,312.1583333333333,0.000587481307412776,359.5084796641846,-1,309.712,318.0458000935745,301.3781999064255
2017-12-21 00:00:00+05:30,311.2,313.95,309.4,310.45,7130623,311.7,311.7,311.7,0.0,359.5084796641846,-1,310.078,317.6728445671825,302.48315543281745
2017-12-22 00:00:00+05:30,310.5,313.5,308.7,310.15,7895699,311.26666666666665,311.67499999999995,310.85833333333335,0.0026236881559218443,359.5084796641846,-1,310.24,317.6592722014805,302.8207277985195
2017-12-26 00:00:00+05:30,310.5,317.9,310.2,315.5,9269961,310.78333333333336,311.1,310.4666666666667,0.002037861318174481,359.5084796641846,-1,310.326,317.93489584628816,302.7171041537119
2017-12-27 00:00:00+05:30,316.65,318.95,313.35,315.15,8912485,314.5333333333333,314.04999999999995,315.01666666666665,0.0030733361593896684,359.5084796641846,-1,310.44,318.2466125816298,302.6333874183702
2017-12-28 00:00:00+05:30,314.0,316.0,311.8,313.5,7927990,315.81666666666666,316.15,315.48333333333335,0.002110929336640336,359.5084796641846,-1,310.59,318.4814637425296,302.6985362574703
2017-12-29 00:00:00+05:30,313.5,315.8,312.8,315.15,4718184,313.76666666666665,313.9,313.6333333333333,0.0008498884521406083,359.5084796641846,-1,310.666,318.69388739330964,302.63811260669036
2018-01-01 00:00:00+05:30,315.5,317.75,311.3,312.6,4019878,314.5833333333333,314.3,314.8666666666666,0.0018013245033110655,359.5084796641846,-1,310.64799999999997,318.6564195694069,302.639580430593
2018-01-02 00:00:00+05:30,313.4,314.0,307.15,311.65,5224976,313.8833333333333,314.525,313.2416666666667,0.0040885679392554655,359.5084796641846,-1,310.50199999999995,318.29607364602487,302.70792635397504
2018-01-03 00:00:00+05:30,312.0,316.5,311.15,315.85,5672263,310.93333333333334,310.575,311.2916666666667,0.002304888507718794,359.5084796641846,-1,310.536,318.4152141739935,302.6567858260065
2018-01-04 00:00:00+05:30,316.0,318.4,313.0,317.1,5667580,314.5,313.825,315.175,0.004292527821939659,359.5084796641846,-1,310.704,318.9483153748301,302.4596846251699
2018-01-05 00:00:00+05:30,317.5,337.9,317.45,332.85,30720675,316.1666666666667,315.7,316.6333333333334,0.0029520295202953946,359.5084796641846,-1,311.74199999999996,323.5663369369981,299.91766306300184
2018-01-08 00:00:00+05:30,336.0,341.3,331.3,333.6,12747890,329.4,327.67499999999995,331.125,0.010473588342440941,359.5084796641846,-1,312.812,327.22899774570476,298.39500225429526
2018-01-09 00:00:00+05:30,334.9,342.8,327.55,341.35,13282560,335.40000000000003,336.3,334.50000000000006,0.005366726296958719,359.5084796641846,-1,314.338,332.05972181250047,296.6162781874996
2018-01-10 00:00:00+05:30,341.5,342.35,335.45,339.8,10385044,337.23333333333335,335.175,339.2916666666667,0.012207176040328182,359.5084796641846,-1,315.582,335.74418004085004,295.41981995914995
2018-01-11 00:00:00+05:30,339.0,344.25,335.3,343.15,8266266,339.2,338.9,339.5,0.001768867924528369,359.5084796641846,-1,317.05,339.54776877825105,294.55223122174897
2018-01-12 00:00:00+05:30,344.1,344.7,337.55,340.9,5688676,340.9,339.775,342.025,0.006600176004693459,359.5084796641846,-1,318.26599999999996,342.43999793165466,294.09200206834527
2018-01-15 00:00:00+05:30,341.9,343.7,335.1,336.0,7142164,341.05,341.125,340.975,0.00043981820847376415,359.5084796641846,-1,319.198,344.22338679021055,294.1726132097894
2018-01-16 00:00:00+05:30,336.0,338.75,328.0,334.85,7296505,338.26666666666665,339.4,337.1333333333333,0.006700827749310165,359.5084796641846,-1,320.128,345.67738872066496,294.578611279335
2018-01-17 00:00:00+05:30,335.1,343.5,331.4,342.4,7985222,333.8666666666667,333.375,334.35833333333335,0.0029452875399361474,359.5084796641846,-1,321.552,347.92632812413694,295.1776718758631
2018-01-18 00:00:00+05:30,350.0,356.9,332.35,341.2,35465087,339.09999999999997,337.45,340.74999999999994,0.009731642583308626,359.5084796641846,-1,323.12399999999997,349.3097842349553,296.9382157650446
2018-01-19 00:00:00+05:30,347.5,352.25,339.1,349.35,21425789,343.48333333333335,344.625,342.3416666666667,0.006647581153864728,359.5084796641846,-1,324.942,351.8379726353154,298.0460273646846
2018-01-22 00:00:00+05:30,349.95,358.25,348.75,355.35,13456538,346.90000000000003,345.675,348.12500000000006,0.007062554050158678,359.5084796641846,-1,326.52,355.6455077208901,297.39449227910984
2018-01-23 00:00:00+05:30,359.85,360.4,352.3,359.55,10196645,354.1166666666666,353.5,354.73333333333323,0.003482844636889636,292.34463261302426,1,328.45599999999996,359.6018160271909,297.310183972809
2018-01-24 00:00:00+05:30,357.0,366.3,356.0,364.8,11258771,357.4166666666667,356.35,358.48333333333335,0.00596875728608065,296.82084730850323,1,330.55800000000005,364.04991759215386,297.06608240784624
2018-01-25 00:00:00+05:30,364.5,364.5,355.65,361.6,8963188,362.3666666666666,361.15,363.58333333333326,0.006715113605003994,296.82084730850323,1,332.55400000000003,367.23900448320023,297.8689955167998
2018-01-29 00:00:00+05:30,361.2,363.7,355.55,358.0,7931235,360.5833333333333,360.075,361.09166666666664,0.002819505431014518,296.82084730850323,1,334.45599999999996,369.2985753353511,299.61342466464885
2018-01-30 00:00:00+05:30,358.0,360.8,351.85,353.35,7890491,359.0833333333333,359.625,358.54166666666663,0.003016941285681238,296.82084730850323,1,336.184,370.311018269981,302.05698173001906
2018-01-31 00:00:00+05:30,353.0,356.55,350.45,354.4,8527044,355.3333333333333,356.32500000000005,354.3416666666666,0.00558161350844314,296.82084730850323,1,337.74,371.49808051414675,303.98191948585327
2018-02-01 00:00:00+05:30,355.0,367.25,352.65,359.9,15217926,353.8,353.5,354.1,0.00169587337478808,296.82084730850323,1,339.53,373.0518257259298,306.00817427407014
2018-02-02 00:00:00+05:30,354.2,356.0,341.8,349.05,16298953,359.93333333333334,359.95,359.9166666666667,9.26097425448315e-05,296.82084730850323,1,340.952,372.9162860705446,308.9877139294554
2018-02-05 00:00:00+05:30,340.0,349.0,333.6,343.6,13407059,348.95,348.9,349.0,0.00028657400773756335,296.82084730850323,1,342.09,372.2750691567802,311.90493084321974
2018-02-06 00:00:00+05:30,325.0,342.9,324.0,338.75,12557261,342.06666666666666,341.3,342.8333333333333,0.0044825570064314065,296.82084730850323,1,343.13599999999997,370.8740824138873,315.3979175861126
2018-02-07 00:00:00+05:30,344.0,344.0,330.6,332.9,11681640,335.21666666666664,333.45,336.9833333333333,0.010540446477402585,296.82084730850323,1,343.986,368.9791273753327,318.99287262466726
2018-02-08 00:00:00+05:30,332.9,340.35,331.5,335.0,7785799,335.8333333333333,337.3,334.3666666666666,0.008734491315136657,296.82084730850323,1,344.75199999999995,367.3034430580307,322.2005569419692
2018-02-09 00:00:00+05:30,330.0,331.45,324.0,325.55,9395513,335.6166666666667,335.925,335.30833333333334,0.0018374137160451136,296.82084730850323,1,345.09,366.17942863141633,324.0005713685836
2018-02-12 00:00:00+05:30,326.6,337.2,326.6,335.4,12049356,327.0,327.725,326.275,0.004434250764526133,296.82084730850323,1,345.19199999999995,366.067223208378,324.3167767916219
2018-02-14 00:00:00+05:30,336.0,337.85,318.95,320.35,13548524,333.06666666666666,331.9,334.23333333333335,0.007005604483586983,296.82084730850323,1,344.66200000000003,367.28701765744296,322.0369823425571
2018-02-15 00:00:00+05:30,321.2,328.8,317.7,319.8,15482667,325.71666666666664,328.4,323.0333333333333,0.016476487744972648,296.82084730850323,1,343.8,368.4183508789603,319.1816491210397
2018-02-16 00:00:00+05:30,324.0,325.0,309.65,311.8,18611798,322.09999999999997,323.25,320.94999999999993,0.007140639552934084,296.82084730850323,1,342.68,370.2902444755494,315.0697555244506
2018-02-19 00:00:00+05:30,313.85,315.0,307.55,312.05,9311433,315.48333333333335,317.325,313.6416666666667,0.011675207353795595,296.82084730850323,1,341.436,371.53934891668376,311.3326510833162
2018-02-20 00:00:00+05:30,314.35,316.1,307.5,308.7,11389041,311.5333333333333,311.275,311.79166666666663,0.0016584635138026478,296.82084730850323,1,340.148,372.8740322067862,307.42196779321387
2018-02-21 00:00:00+05:30,311.0,313.9,304.5,312.35,13342678,310.76666666666665,311.8,309.7333333333333,0.006650219886302863,296.82084730850323,1,339.202,373.6736867008217,304.7303132991783
2018-02-22 00:00:00+05:30,311.9,316.9,308.15,316.1,14787238,310.25,309.2,311.3,0.006768734891216834,296.82084730850323,1,338.452,374.0667326818496,302.8372673181504
2018-02-23 00:00:00+05:30,316.45,326.0,316.45,323.45,11399732,313.71666666666664,312.525,314.9083333333333,0.007597088668118767,296.82084730850323,1,337.694,373.74433503311184,301.6436649668882
2018-02-26 00:00:00+05:30,326.5,328.2,319.35,326.15,9225197,321.9666666666667,321.225,322.70833333333337,0.004607102184491195,296.82084730850323,1,337.09200000000004,373.3898311197737,300.7941688802264
2018-02-27 00:00:00+05:30,325.3,334.25,325.0,327.15,15104405,324.56666666666666,323.775,325.35833333333335,0.004878299270822752,296.82084730850323,1,336.204,372.3447240657905,300.0632759342095
2018-02-28 00:00:00+05:30,323.0,325.2,318.05,322.3,10985771,328.8,329.625,327.975,0.005018248175182412,296.82084730850323,1,334.88199999999995,370.53927841548773,299.22472158451217
2018-03-01 00:00:00+05:30,322.1,326.0,318.35,321.05,7333939,321.84999999999997,321.625,322.07499999999993,0.0013981668479103055,296.82084730850323,1,333.34200000000004,367.9137419867674,298.7702580132327
2018-03-05 00:00:00+05:30,318.5,319.0,311.15,312.95,7973146,321.8,322.175,321.425,0.0023306401491609693,296.82084730850323,1,331.26800000000003,364.2254863119082,298.3105136880919
2018-03-06 00:00:00+05:30,317.0,320.5,309.85,312.15,8299126,314.3666666666666,315.075,313.65833333333325,0.004506415014314737,296.82084730850323,1,329.29,360.6240198506291,297.95598014937093
2018-03-07 00:00:00+05:30,312.0,314.9,308.0,311.95,8420190,314.1666666666667,315.175,313.15833333333336,0.006419098143236025,296.82084730850323,1,327.448,357.18812077984245,297.7078792201575
2018-03-08 00:00:00+05:30,312.3,313.25,294.7,308.55,24027679,311.6166666666666,311.45,311.78333333333325,0.0010696903246507706,296.82084730850323,1,325.656,354.3165138823368,296.99548611766323
2018-03-09 00:00:00+05:30,310.0,310.95,301.3,303.25,11596136,305.5,303.975,307.025,0.009983633387888559,296.82084730850323,1,323.61,351.04739054647183,296.1726094535282
2018-03-12 00:00:00+05:30,305.2,314.5,301.35,311.15,12860205,305.1666666666667,306.125,304.20833333333337,0.006280720917531279,296.82084730850323,1,321.66,345.1488569325887,298.1711430674113
2018-03-13 00:00:00+05:30,310.0,315.4,309.8,312.8,11436348,309.0,307.925,310.075,0.006957928802588923,296.82084730850323,1,320.21,341.08683884115646,299.3331611588435
2018-03-14 00:00:00+05:30,311.8,321.9,308.2,318.85,12905495,312.6666666666667,312.6,312.73333333333335,0.0004264392324093574,296.82084730850323,1,319.22,337.78564569304336,300.6543543069567
2018-03-15 00:00:00+05:30,318.95,321.0,310.85,311.85,9999620,316.31666666666666,315.04999999999995,317.58333333333337,0.008008851888930133,296.82084730850323,1,318.144,335.10617721873047,301.18182278126955
2018-03-16 00:00:00+05:30,312.4,316.85,310.0,312.9,17094363,314.56666666666666,315.925,313.2083333333333,0.008636219137437841,296.82084730850323,1,317.344,333.30385764346346,301.38414235653653
2018-03-19 00:00:00+05:30,316.0,316.5,302.5,304.8,11267355,313.25,313.425,313.075,0.0011173184357542625,296.82084730850323,1,316.13599999999997,331.1086021786334,301.1633978213665
2018-03-20 00:00:00+05:30,303.0,305.8,299.7,302.4,9874137,307.93333333333334,309.5,306.3666666666667,0.010175362632604434,296.82084730850323,1,315.21,330.5969295182508,299.82307048174914
2018-03-21 00:00:00+05:30,305.0,309.05,300.05,300.75,13383435,302.6333333333333,302.75,302.51666666666665,0.0007710100231303507,296.82084730850323,1,313.824,327.8705830720364,299.7774169279636
2018-03-22 00:00:00+05:30,301.8,303.7,295.75,298.25,19356591,303.28333333333336,304.55,302.0166666666667,0.008353025223937912,296.82084730850323,1,312.94,327.9790957174831,297.9009042825169
2018-03-23 00:00:00+05:30,293.0,293.05,285.0,286.65,21617995,299.23333333333335,299.725,298.7416666666667,0.0032861757825554698,360.9165663632579,-1,311.614,329.56387509704786,293.6641249029521
2018-03-26 00:00:00+05:30,286.5,304.9,286.0,303.35,24240033,288.2333333333333,289.025,287.4416666666666,0.00549323464785488,360.9165663632579,-1,311.276,329.5150376939032,293.0369623060968
2018-03-27 00:00:00+05:30,307.0,309.25,300.7,303.5,15267419,298.0833333333333,295.45,300.71666666666664,0.017668437237908813,360.9165663632579,-1,310.934,329.4211137822977,292.44688621770234
2018-03-28 00:00:00+05:30,300.15,307.5,299.1,304.85,14952643,304.48333333333335,304.975,303.9916666666667,0.0032295144780776675,360.9165663632579,-1,310.78,329.4026313930019,292.15736860699803
2018-04-02 00:00:00+05:30,307.0,308.5,303.6,306.25,8844027,303.81666666666666,303.3,304.3333333333333,0.003401173953590333,360.9165663632579,-1,310.536,329.22966780489105,291.84233219510895
2018-04-03 00:00:00+05:30,306.45,314.2,304.0,313.1,10392997,306.1166666666667,306.05,306.18333333333334,0.00043556378287142944,360.9165663632579,-1,310.416,329.00347363144385,291.82852636855614
2018-04-04 00:00:00+05:30,313.0,320.0,304.0,305.45,13516525,310.43333333333334,309.1,311.76666666666665,0.008590142811124113,360.9165663632579,-1,309.69599999999997,327.58970660315015,291.8022933968498
2018-04-05 00:00:00+05:30,311.8,315.6,307.8,313.05,11449637,309.81666666666666,312.0,307.6333333333333,0.01409435687772341,360.9165663632579,-1,309.172,325.83239807446455,292.5116019255355
2018-04-06 00:00:00+05:30,314.7,316.0,311.6,314.5,8598435,312.15000000000003,311.70000000000005,312.6,0.0028832292167226565,360.9165663632579,-1,308.666,323.8110776161637,293.5209223838363
2018-04-09 00:00:00+05:30,316.0,319.9,314.4,316.25,14002415,314.03333333333336,313.8,314.2666666666667,0.001486041821462786,360.9165663632579,-1,308.42400000000004,322.86699470330245,293.9810052966976
2018-04-10 00:00:00+05:30,320.1,320.5,315.0,319.25,9976629,316.84999999999997,317.15,316.54999999999995,0.0018936405239072835,360.9165663632579,-1,308.35200000000003,322.5585190669503,294.1454809330498
2018-04-11 00:00:00+05:30,320.0,320.0,310.5,312.0,9921987,318.25,317.75,318.75,0.003142183817753339,360.9165663632579,-1,308.314,322.47613317264114,294.1518668273589
2018-04-12 00:00:00+05:30,312.2,313.35,308.0,311.75,11359462,314.1666666666667,315.25,313.08333333333337,0.00689655172413781,360.9165663632579,-1,308.298,322.4436560116391,294.1523439883609
2018-04-13 00:00:00+05:30,312.6,314.45,305.7,309.55,12849690,311.03333333333336,310.675,311.3916666666667,0.002304147465437885,360.9165663632579,-1,308.202,322.279627072757,294.124372927243
2018-04-16 00:00:00+05:30,307.0,311.1,306.45,310.35,10808237,309.90000000000003,310.075,309.7250000000001,0.001129396579541494,360.9165663632579,-1,308.274,322.3764003630454,294.1715996369546
2018-04-17 00:00:00+05:30,311.9,313.35,307.25,307.9,12509310,309.3,308.775,309.82500000000005,0.003394762366634556,360.9165663632579,-1,308.46,322.4143254942552,294.50567450574476
2018-04-18 00:00:00+05:30,311.0,313.7,308.75,309.55,11323144,309.5,310.3,308.7,0.0051696284329564544,360.9165663632579,-1,308.396,322.3150206551906,294.4769793448094
2018-04-19 00:00:00+05:30,311.0,319.5,309.0,318.5,13498117,310.6666666666667,311.225,310.10833333333335,0.003594420600858393,360.9165663632579,-1,308.624,323.0032383664651,294.24476163353495
2018-04-20 00:00:00+05:30,317.7,317.7,306.05,308.55,21800867,315.6666666666667,314.25,317.08333333333337,0.008975712777191249,360.9165663632579,-1,308.212,321.9725604536887,294.4514395463113
2018-04-23 00:00:00+05:30,310.9,317.0,309.0,313.05,10927239,310.76666666666665,311.875,309.6583333333333,0.007132897136115083,360.9165663632579,-1,308.26,322.0792329743594,294.4407670256406
2018-04-24 00:00:00+05:30,314.0,328.8,314.0,324.0,24392058,313.01666666666665,313.0,313.0333333333333,0.00010649060220425862,360.9165663632579,-1,308.70399999999995,323.7498477992973,293.6581522007026
2018-04-25 00:00:00+05:30,323.75,328.5,317.45,325.25,15370686,322.26666666666665,321.4,323.1333333333333,0.005378568473314073,360.9165663632579,-1,309.522,325.8028373248927,293.24116267510726
2018-04-26 00:00:00+05:30,327.95,360.25,323.6,352.4,62364794,323.73333333333335,322.975,324.4916666666667,0.004684925864909343,360.9165663632579,-1,311.522,334.6545239435652,288.3894760564348
2018-04-27 00:00:00+05:30,365.0,369.0,345.1,348.9,52230752,345.4166666666667,341.925,348.90833333333336,0.020217129071170126,360.9165663632579,-1,313.448,340.3784360157725,286.5175639842275
2018-04-30 00:00:00+05:30,350.9,367.2,350.3,362.0,28400085,354.3333333333333,357.05,351.6166666666666,0.015333960489181734,278.2608780728319,1,315.998,348.23848982257584,283.75751017742414
2018-05-02 00:00:00+05:30,361.95,364.7,351.7,354.25,13058846,359.8333333333333,358.75,360.91666666666663,0.006021306160259274,278.2608780728319,1,318.702,351.9662207784823,285.4377792215177
2018-05-03 00:00:00+05:30,354.0,359.25,346.5,353.95,15431044,356.8833333333334,358.2,355.5666666666668,0.007378695185167548,278.2608780728319,1,320.726,356.098306908083,285.353693091917
2018-05-04 00:00:00+05:30,354.5,357.75,344.2,345.1,12241946,353.23333333333335,352.875,353.5916666666667,0.002028876097008673,278.2608780728319,1,322.39,358.2745593535662,286.5054406464338
2018-05-07 00:00:00+05:30,347.8,350.0,342.65,347.9,6781161,349.0166666666667,350.975,347.0583333333334,0.011222004679814608,278.2608780728319,1,324.112,360.5912793788421,287.63272062115794
2018-05-08 00:00:00+05:30,350.0,353.95,340.5,343.3,11670852,346.84999999999997,346.325,347.37499999999994,0.003027245206861625,278.2608780728319,1,325.594,362.0606019255923,289.12739807440767
2018-05-09 00:00:00+05:30,344.45,349.75,343.2,347.85,9802803,345.9166666666667,347.225,344.60833333333335,0.007564442303059526,278.2608780728319,1,326.98400000000004,364.0833446842342,289.8846553157659
2018-05-10 00:00:00+05:30,350.95,350.95,342.65,344.65,7330619,346.9333333333334,346.475,347.39166666666677,0.0026421983089933002,278.2608780728319,1,328.55199999999996,365.1889592624662,291.91504073753373
2018-05-11 00:00:00+05:30,346.5,351.8,341.8,350.25,7642090,346.0833333333333,346.79999999999995,345.3666666666667,0.0041415843968214214,278.2608780728319,1,330.04,367.05741211915836,293.0225878808417
2018-05-14 00:00:00+05:30,350.8,353.8,343.1,344.8,7468232,347.95,346.8,349.09999999999997,0.006610145135795243,278.2608780728319,1,331.25199999999995,368.1387399481115,294.3652600518884
2018-05-15 00:00:00+05:30,346.0,354.6,343.6,345.75,12805393,347.23333333333335,348.45000000000005,346.01666666666665,0.007007775751176137,278.2608780728319,1,332.43199999999996,369.2108404384859,295.65315956151403
2018-05-16 00:00:00+05:30,344.0,356.45,342.0,349.75,12708109,347.98333333333335,349.1,346.8666666666667,0.0064179318932899515,278.2608780728319,1,333.652,370.6237890289286,296.68021097107135
2018-05-17 00:00:00+05:30,351.5,352.0,344.0,345.3,6702419,349.40000000000003,349.225,349.57500000000005,0.001001717229536413,278.2608780728319,1,334.98400000000004,371.12974630574956,298.8382536942505
2018-05-18 00:00:00+05:30,346.5,348.8,343.1,345.5,8938377,347.09999999999997,348.0,346.19999999999993,0.005185825410544708,278.2608780728319,1,336.334,371.4131644142161,301.2548355857839
2018-05-21 00:00:00+05:30,346.0,349.2,333.05,334.15,8748958,345.8,345.95000000000005,345.65,0.0008675534991326437,278.2608780728319,1,337.31800000000004,370.6745091698698,303.9614908301303
2018-05-22 00:00:00+05:30,334.1,340.75,331.0,334.7,10869535,338.8,341.125,336.475,0.013724911452184112,278.2608780728319,1,338.29200000000003,369.8133410882152,306.77065891178484
2018-05-23 00:00:00+05:30,335.0,338.75,331.5,333.7,7738850,335.48333333333335,335.875,335.0916666666667,0.0023349396393262545,278.2608780728319,1,339.324,368.3915230454816,310.2564769545184
2018-05-24 00:00:00+05:30,336.7,337.0,325.6,330.0,8077461,334.65000000000003,335.125,334.17500000000007,0.0028387867921707208,278.2608780728319,1,340.142,366.86868598984177,313.4153140101582
2018-05-25 00:00:00+05:30,333.0,341.9,332.0,339.4,6957024,330.8666666666667,331.3,330.43333333333334,0.002619383437437057,278.2608780728319,1,340.97799999999995,366.21028217977124,315.74571782022866
2018-05-28 00:00:00+05:30,341.5,348.25,340.75,345.2,8982939,337.76666666666665,336.95,338.5833333333333,0.004835685384387622,278.2608780728319,1,342.444,363.9537990692522,320.9342009307478
2018-05-29 00:00:00+05:30,344.4,345.9,335.1,338.05,7870400,344.73333333333335,344.5,344.9666666666667,0.0013537033455812133,278.2608780728319,1,343.44399999999996,361.4306466023993,325.4573533976006
2018-05-30 00:00:00+05:30,335.75,344.0,332.65,343.15,10036644,339.68333333333334,340.5,338.8666666666667,0.0048083999803738555,278.2608780728319,1,344.21,360.35605834250583,328.0639416574941
2018-05-31 00:00:00+05:30,345.4,349.4,338.0,346.2,17910411,339.93333333333334,338.325,341.5416666666667,0.009462639733281125,278.2608780728319,1,345.04799999999994,359.2255450625135,330.8704549374864
2018-06-01 00:00:00+05:30,347.0,348.7,340.25,342.7,9470256,344.5333333333333,343.7,345.3666666666666,0.004837461300309488,278.2608780728319,1,344.66,358.53927952019137,330.7807204798087
2018-06-04 00:00:00+05:30,343.9,350.9,342.0,342.95,14501600,343.8833333333334,344.475,343.29166666666674,0.0034410895167933313,278.2608780728319,1,344.42199999999997,358.20602205452394,330.637977945476
2018-06-05 00:00:00+05:30,342.5,342.75,333.65,336.75,8492155,345.2833333333333,346.45,344.1166666666666,0.006757735193319607,278.2608780728319,1,343.412,355.4908502763965,331.33314972360347
2018-06-06 00:00:00+05:30,337.95,340.55,332.55,339.15,8211104,337.71666666666664,338.2,337.2333333333333,0.002862359966441387,278.2608780728319,1,342.80800000000005,354.14606614902226,331.46993385097784
2018-06-07 00:00:00+05:30,341.2,345.5,338.0,339.55,9630695,337.4166666666667,336.55,338.28333333333336,0.00513707088169923,278.2608780728319,1,342.23199999999997,352.6751749961208,331.78882500387914
2018-06-08 00:00:00+05:30,337.5,340.25,335.05,337.65,5851442,341.01666666666665,341.75,340.2833333333333,0.0043008650603588204,278.2608780728319,1,341.934,352.4576769239465,331.41032307605354
2018-06-11 00:00:00+05:30,338.6,344.85,334.7,335.7,11980621,337.65,337.65,337.65,0.0,278.2608780728319,1,341.44599999999997,351.94925359113086,330.9427464088691
2018-06-12 00:00:00+05:30,335.7,337.95,331.2,332.2,9851496,338.4166666666667,339.775,337.0583333333334,0.008027579413937207,278.2608780728319,1,341.00199999999995,352.0771065005987,329.9268934994012
2018-06-13 00:00:00+05:30,336.9,336.9,331.5,333.2,7530350,333.7833333333333,334.575,332.9916666666666,0.0047435961452040884,278.2608780728319,1,340.416,351.52998110487886,329.30201889512114
2018-06-14 00:00:00+05:30,333.0,338.35,330.55,337.2,6819965,333.8666666666666,334.2,333.53333333333325,0.0019968051118213134,278.2608780728319,1,340.11800000000005,351.1611835989268,329.0748164010733
2018-06-15 00:00:00+05:30,333.0,336.2,328.65,330.65,8518379,335.36666666666673,334.45000000000005,336.2833333333334,0.005466653414173653,278.2608780728319,1,339.334,350.1696345453141,328.4983654546859
2018-06-18 00:00:00+05:30,330.8,333.85,327.7,331.65,6785348,331.8333333333333,332.42499999999995,331.2416666666667,0.0035660472124558924,278.2608780728319,1,338.80799999999994,349.80667919341244,327.80932080658744
2018-06-19 00:00:00+05:30,330.95,334.5,328.5,330.9,8566372,331.06666666666666,330.775,331.35833333333335,0.0017619814740234734,278.2608780728319,1,338.214,349.25278688985367,327.17521311014633
2018-06-20 00:00:00+05:30,331.9,337.0,331.4,336.1,7720519,331.3,331.5,331.1,0.0012073649260488297,278.2608780728319,1,337.66799999999995,347.6722343035139,327.663765696486
2018-06-21 00:00:00+05:30,336.8,337.6,331.2,332.95,5133865,334.8333333333333,334.2,335.46666666666664,0.003782976605276212,278.2608780728319,1,337.1739999999999,346.83580604233,327.51219395766987
2018-06-22 00:00:00+05:30,333.6,335.7,329.5,335.1,6006046,333.9166666666667,334.4,333.4333333333334,0.002894933865734714,278.2608780728319,1,336.758,345.82745114103415,327.6885488589658
2018-06-25 00:00:00+05:30,334.75,338.95,332.9,334.15,5792052,333.43333333333334,332.6,334.26666666666665,0.004998500449864927,278.2608780728319,1,336.758,345.82745114103415,327.6885488589658
2018-06-26 00:00:00+05:30,333.1,337.75,332.05,335.95,4706265,335.3333333333333,335.92499999999995,334.7416666666667,0.0035288270377732017,278.2608780728319,1,336.80800000000005,345.8452420571548,327.7707579428453
2018-06-27 00:00:00+05:30,336.0,337.75,331.05,335.6,6930662,335.25,334.9,335.6,0.002087994034302895,278.2608780728319,1,336.884,345.8470673320915,327.9209326679085
2018-06-28 00:00:00+05:30,336.4,336.4,327.3,329.3,8130250,334.8,334.4,335.20000000000005,0.002389486260454206,278.2608780728319,1,336.856,345.90883690340246,327.80316309659753
2018-06-29 00:00:00+05:30,330.7,341.75,329.65,339.65,8963268,331.0,331.85,330.15,0.005135951661631557,278.2608780728319,1,336.866,345.9306001566316,327.80139984336836
2018-07-02 00:00:00+05:30,338.05,341.7,332.35,337.05,8091469,337.01666666666665,335.7,338.3333333333333,0.007813659067306244,278.2608780728319,1,336.54,344.9444274046247,328.1355725953753
2018-07-03 00:00:00+05:30,337.7,340.5,335.3,336.9,4998778,337.0333333333333,337.025,337.04166666666663,4.9451092869107435e-05,278.2608780728319,1,336.494,344.8774274613434,328.11057253865664
2018-07-04 00:00:00+05:30,337.0,337.5,332.5,335.55,4507001,337.56666666666666,337.9,337.23333333333335,0.001974918534610335,278.2608780728319,1,336.19,344.1251370498314,328.2548629501686
2018-07-05 00:00:00+05:30,338.75,350.8,338.6,348.65,21239763,335.18333333333334,335.0,335.3666666666667,0.0010939286957386731,282.2275224658077,1,336.288,344.75772396242087,327.81827603757915
2018-07-06 00:00:00+05:30,348.3,357.7,347.0,352.6,17790500,346.0166666666667,344.70000000000005,347.33333333333337,0.007610423390010093,289.38042156717535,1,336.68399999999997,347.03309541938836,326.3349045806116
2018-07-09 00:00:00+05:30,356.1,366.9,355.0,363.3,16834621,352.4333333333334,352.35,352.51666666666677,0.0004729026766293647,296.4952047044883,1,337.49799999999993,352.0416303583254,322.9543696416745
2018-07-10 00:00:00+05:30,363.9,373.1,360.0,371.4,20404168,361.73333333333335,360.95,362.5166666666667,0.004330998894213195,301.0053965163088,1,338.884,358.5725493625001,319.1954506374999
2018-07-11 00:00:00+05:30,370.95,373.35,367.45,371.6,9423127,368.1666666666667,366.55,369.78333333333336,0.008782254413761924,305.8251806556564,1,340.18199999999996,363.6797084840118,316.6842915159881
2018-07-12 00:00:00+05:30,372.5,385.0,372.5,374.8,17868601,370.8,370.4,371.20000000000005,0.0021574973031285548,313.0061734294302,1,341.592,368.7189412945802,314.4650587054198
2018-07-13 00:00:00+05:30,376.9,380.3,367.3,376.0,15448753,377.43333333333334,378.75,376.1166666666667,0.006976949571668265,313.0061734294302,1,343.126,373.3484700512648,312.9035299487351
2018-07-16 00:00:00+05:30,376.0,380.8,369.6,378.5,9093938,374.5333333333333,373.8,375.2666666666666,0.003915984336062433,313.0061734294302,1,344.83799999999997,377.899485508059,311.77651449194093
2018-07-17 00:00:00+05:30,377.9,385.9,375.6,380.8,12586691,376.3,375.20000000000005,377.4,0.005846399149614488,313.3348858552604,1,346.78200000000004,382.26879619238116,311.2952038076189
2018-07-18 00:00:00+05:30,381.9,388.0,378.0,383.65,10472260,380.76666666666665,380.75,380.7833333333333,8.754267705498473e-05,315.48149042104995,1,348.8,386.6284020281004,310.9715979718996
2018-07-19 00:00:00+05:30,380.95,394.35,379.4,392.3,17050256,383.2166666666667,383.0,383.4333333333334,0.0011307789327188117,317.8712308042079,1,351.00399999999996,392.1475041774468,309.8604958225531
2018-07-20 00:00:00+05:30,391.1,392.5,385.3,386.5,10076070,388.68333333333334,386.875,390.4916666666667,0.009304918313965974,320.6403815720396,1,353.23799999999994,395.7601568596841,310.71584314031577
2018-07-23 00:00:00+05:30,387.9,392.35,382.75,386.6,9511403,388.09999999999997,388.9,387.29999999999995,0.004122648801855251,320.6403815720396,1,355.436,398.93687373834666,311.9351262616533
2018-07-24 00:00:00+05:30,389.2,390.0,382.7,384.35,9785989,387.23333333333335,387.55,386.9166666666667,0.0016355341310148722,320.6403815720396,1,357.574,401.2945042971782,313.8534957028218
2018-07-25 00:00:00+05:30,386.0,392.7,381.5,382.9,12467278,385.6833333333334,386.35,385.01666666666677,0.003457067542456914,320.6403815720396,1,359.44599999999997,403.3357338337745,315.55626616622544
2018-07-26 00:00:00+05:30,385.0,386.3,358.55,369.75,35251243,385.7,387.1,384.29999999999995,0.007259528130671683,320.6403815720396,1,360.918,403.60644227656445,318.22955772343556
2018-07-27 00:00:00+05:30,374.9,374.9,362.4,370.0,17100821,371.5333333333333,372.425,370.6416666666666,0.004799928225372556,320.6403815720396,1,362.314,403.79958805175085,320.8284119482492
2018-07-30 00:00:00+05:30,372.0,373.0,365.25,369.3,11469162,369.09999999999997,368.65,369.54999999999995,0.0024383635871037044,320.6403815720396,1,363.72,403.6454505297006,323.79454947029944
2018-07-31 00:00:00+05:30,370.0,374.7,366.4,367.95,9734450,369.18333333333334,369.125,369.2416666666667,0.0003160128210916191,320.6403815720396,1,365.0,403.30095560165006,326.69904439834994
2018-08-01 00:00:00+05:30,369.9,371.55,362.0,365.85,7742871,369.68333333333334,370.54999999999995,368.8166666666667,0.004688697533925165,320.6403815720396,1,366.21,402.58203321234004,329.8379667876599
2018-08-02 00:00:00+05:30,364.95,365.65,356.65,361.8,8365895,366.4666666666667,366.775,366.1583333333334,0.0016827360378385316,320.6403815720396,1,367.51,400.69585240730703,334.32414759269295
2018-08-03 00:00:00+05:30,364.0,374.0,364.0,373.2,10625834,361.3666666666666,361.15,361.58333333333326,0.0011991513697996873,320.6403815720396,1,368.85200000000003,400.0784052365873,337.6255947634128
2018-08-06 00:00:00+05:30,374.0,380.7,373.45,377.9,12018227,370.40000000000003,369.0,371.80000000000007,0.007559395248380313,320.6403815720396,1,370.486,399.046259382568,341.925740617432
2018-08-07 00:00:00+05:30,380.0,386.4,376.5,381.65,13526041,377.34999999999997,377.075,377.62499999999994,0.0014575327944877556,320.6403815720396,1,372.276,397.6202398978458,346.9317601021542
2018-08-08 00:00:00+05:30,382.6,385.75,379.55,382.75,6767532,381.51666666666665,381.45,381.5833333333333,0.00034948232929970493,320.6403815720396,1,374.164,394.8960335712528,353.43196642874716
2018-08-09 00:00:00+05:30,383.5,384.7,377.65,381.05,5854134,382.68333333333334,382.65,382.7166666666667,0.00017420844039907595,320.6403815720396,1,375.46,393.53017432122755,357.3898256787724
2018-08-10 00:00:00+05:30,382.0,391.0,381.0,382.85,13916077,381.13333333333327,381.17499999999995,381.0916666666666,0.0002186461430821355,320.6403815720396,1,376.67,392.3480100777985,360.9919899222015
2018-08-13 00:00:00+05:30,379.0,383.0,368.3,370.7,9205915,384.95,386.0,383.9,0.005455253929081758,320.6403815720396,1,376.966,391.88414251170536,362.04785748829465
2018-08-14 00:00:00+05:30,369.0,384.3,368.15,382.5,12351125,374.0,375.65,372.35,0.008823529411764584,320.6403815720396,1,377.41,392.2997817310916,362.5202182689084
2018-08-16 00:00:00+05:30,381.2,384.85,374.2,378.45,11567658,378.31666666666666,376.225,380.4083333333333,0.011057755848275114,320.6403815720396,1,377.684,392.38697167240514,362.9810283275949
2018-08-17 00:00:00+05:30,382.4,395.65,380.3,393.2,16094026,379.1666666666667,379.525,378.8083333333334,0.00189010989010967,320.6403815720396,1,378.42,394.2692649671695,362.57073503283056
2018-08-20 00:00:00+05:30,396.8,404.0,392.55,394.0,15247130,389.7166666666667,387.975,391.45833333333337,0.008938117435743955,323.5717580585201,1,379.14,396.0818534995302,362.19814650046976
2018-08-21 00:00:00+05:30,396.0,397.45,389.5,391.35,9991245,396.84999999999997,398.275,395.42499999999995,0.007181554743605954,323.5717580585201,1,379.654,397.2539299998478,362.0540700001522
2018-08-23 00:00:00+05:30,395.25,395.5,383.35,388.6,9262319,392.7666666666667,393.475,392.0583333333334,0.0036068912840532003,323.5717580585201,1,379.966,397.9093267818301,362.0226732181699
2018-08-24 00:00:00+05:30,387.0,388.7,372.85,374.2,16301075,389.15000000000003,389.425,388.87500000000006,0.0014133367596041487,323.5717580585201,1,379.588,397.60297776849984,361.5730222315002
2018-08-27 00:00:00+05:30,378.0,384.65,377.0,383.0,9563369,378.5833333333333,380.775,376.39166666666665,0.011578252256218339,323.5717580585201,1,379.21600000000007,396.536316856211,361.89568314378914
2018-08-28 00:00:00+05:30,386.0,386.0,362.8,370.6,26309238,381.55,380.825,382.27500000000003,0.0038002882977330506,323.5717580585201,1,378.58,395.9513557329169,361.20864426708306
2018-08-29 00:00:00+05:30,373.65,378.55,362.0,365.15,30544751,373.1333333333334,374.4,371.8666666666668,0.006789351438270115,323.5717580585201,1,377.722,395.537343499342,359.90665650065796
2018-08-30 00:00:00+05:30,369.0,369.0,358.0,361.75,28157288,368.5666666666666,370.275,366.85833333333323,0.009270145609116605,323.5717580585201,1,376.81800000000004,395.4702251755535,358.1657748244466
2018-08-31 00:00:00+05:30,343.0,350.0,336.25,343.5,84019022,362.9166666666667,363.5,362.33333333333337,0.00321469575200908,323.5717580585201,1,375.24199999999996,397.81778667509843,352.6662133249015
2018-09-03 00:00:00+05:30,347.95,348.0,337.2,339.05,26137760,343.25,343.125,343.375,0.0007283321194464676,323.5717580585201,1,374.014,400.62952208767575,347.39847791232427
2018-09-04 00:00:00+05:30,340.75,343.4,332.55,334.05,22057643,341.4166666666667,342.6,340.23333333333335,0.006931901391261921,323.5717580585201,1,372.57599999999996,403.4479305518712,341.70406944812873
2018-09-05 00:00:00+05:30,332.9,344.9,332.25,343.8,24809578,336.6666666666667,337.975,335.35833333333335,0.007772277227722794,323.5717580585201,1,371.556,404.4145857273188,338.69741427268116
2018-09-06 00:00:00+05:30,346.55,347.8,337.9,339.2,17527530,340.31666666666666,338.575,342.05833333333334,0.010235564915030164,323.5717580585201,1,370.406,405.6171041576314,335.1948958423686
2018-09-07 00:00:00+05:30,341.0,341.05,321.8,323.4,48830425,341.6333333333334,342.85,340.41666666666674,0.00712264611181563,416.8503014019086,-1,368.708,408.4383176931619,328.9776823068382
2018-09-10 00:00:00+05:30,323.65,328.9,316.0,323.65,43295622,328.75,331.425,326.075,0.0162737642585552,408.07028934583224,-1,367.182,410.6145212715032,323.74947872849685
2018-09-11 00:00:00+05:30,326.0,327.85,314.6,316.6,28553718,322.84999999999997,322.45,323.24999999999994,0.0024779309276752506,407.130477771999,-1,364.918,412.5567731160195,317.2792268839805
2018-09-12 00:00:00+05:30,318.0,319.95,310.6,314.3,26121445,319.68333333333334,321.225,318.14166666666665,0.009644961159480854,400.362258661119,-1,362.374,413.62386727787293,311.1241327221271
2018-09-14 00:00:00+05:30,318.5,328.5,316.7,323.1,36624891,314.95,315.275,314.625,0.0020638196539132475,400.362258661119,-1,360.03200000000004,412.8709089970601,307.19309100294
2018-09-17 00:00:00+05:30,317.5,321.85,315.95,318.6,18554055,322.7666666666667,322.6,322.9333333333334,0.0010327377878757756,400.362258661119,-1,357.46600000000007,411.85067960740054,303.0813203925996
2018-09-18 00:00:00+05:30,319.35,328.95,319.1,323.55,30243505,318.8,318.9,318.70000000000005,0.0006273525721453318,400.362258661119,-1,355.166,410.2258563020247,300.1061436979753
2018-09-19 00:00:00+05:30,326.0,328.75,318.05,319.2,16185496,323.8666666666666,324.025,323.70833333333326,0.000977768629065623,400.362258661119,-1,352.62,408.20779722204884,297.03220277795117
2018-09-21 00:00:00+05:30,287.3,287.3,218.1,226.5,293552756,322.0,323.4,320.6,0.008695652173912903,361.0810278204656,-1,346.85200000000003,420.6735604278292,273.03043957217085
2018-09-24 00:00:00+05:30,236.5,237.5,215.85,226.4,105701372,243.96666666666667,252.7,235.23333333333335,0.0715944801202349,336.78278670764695,-1,340.608,426.6994475659438,254.51655243405622
2018-09-25 00:00:00+05:30,230.0,238.85,197.25,219.7,110217421,226.58333333333334,226.675,226.49166666666667,0.000809121000367799,335.4014752393411,-1,334.25800000000004,431.0067661109932,237.50923388900685
2018-09-26 00:00:00+05:30,223.0,229.8,217.0,223.75,62814786,218.6,218.05,219.14999999999998,0.005032021957913842,335.4014752393411,-1,327.48,430.31295191717334,224.6470480828267
2018-09-27 00:00:00+05:30,226.0,227.0,202.05,203.25,91197198,223.51666666666665,223.4,223.6333333333333,0.0010439191708297294,333.10275958057673,-1,319.85,429.86389730393023,209.83610269606982
2018-09-28 00:00:00+05:30,203.6,204.0,165.0,183.65,148654874,210.76666666666665,214.525,207.0083333333333,0.03566345089356338,309.2546491973537,-1,311.54200000000003,429.7666866944452,193.31731330555488
2018-10-01 00:00:00+05:30,180.0,203.8,170.6,200.85,130992623,184.21666666666667,184.5,183.93333333333334,0.003076087939925791,309.2546491973537,-1,304.032,425.53031893487145,182.53368106512852
2018-10-03 00:00:00+05:30,205.0,222.95,202.25,212.75,97945695,191.75,187.2,196.3,0.04745762711864419,309.2546491973537,-1,297.574,420.6204761624638,174.52752383753625
2018-10-04 00:00:00+05:30,209.4,220.0,205.05,215.0,65604016,212.65,212.6,212.70000000000002,0.00047025628967798137,309.2546491973537,-1,290.85400000000004,412.8504750966182,168.8575249033819
2018-10-05 00:00:00+05:30,215.0,218.5,203.1,206.0,40546788,213.35,212.525,214.17499999999998,0.007733770799156209,309.2546491973537,-1,284.27,406.10705511871083,162.4329448812891
2018-10-08 00:00:00+05:30,210.0,226.6,207.4,221.2,62349640,209.20000000000002,210.8,207.60000000000002,0.015296367112810651,309.2546491973537,-1,278.512,398.10066929604915,158.92333070395085
2018-10-09 00:00:00+05:30,225.5,233.8,222.6,224.65,49480210,218.4,217.0,219.8,0.012820512820512872,309.2546491973537,-1,273.028,389.37558641243845,156.68041358756162
2018-10-10 00:00:00+05:30,229.0,237.0,219.4,233.9,52351177,227.01666666666665,228.2,225.83333333333331,0.010425078922252438,309.2546491973537,-1,268.644,382.26721354371136,155.02078645628865
2018-10-11 00:00:00+05:30,222.0,268.95,216.65,240.2,94679663,230.1,228.2,232.0,0.016514558887440293,309.2546491973537,-1,264.69,375.0712810217377,154.30871897826228
2018-10-12 00:00:00+05:30,247.0,254.4,244.5,246.45,43535321,241.9333333333333,242.8,241.0666666666666,0.007164508128961445,309.2546491973537,-1,261.186,368.0429942306063,154.32900576939363
2018-10-15 00:00:00+05:30,248.95,250.6,241.55,246.0,24694397,248.44999999999996,249.45,247.44999999999993,0.008049909438519047,309.2546491973537,-1,257.274,358.7732063811331,155.7747936188669
2018-10-16 00:00:00+05:30,247.0,251.4,245.6,248.9,18099074,246.04999999999998,246.075,246.02499999999998,0.00020321072952656522,309.2546491973537,-1,253.66199999999998,349.51200482003037,157.81199517996959
2018-10-17 00:00:00+05:30,252.5,254.85,228.5,231.9,37767849,248.63333333333333,248.5,248.76666666666665,0.0010725298297358287,309.2546491973537,-1,250.002,341.8239602491684,158.1800397508316
2018-10-19 00:00:00+05:30,225.0,230.55,213.0,217.9,50336402,238.41666666666666,241.675,235.1583333333333,0.0273331003145755,309.2546491973537,-1,245.77200000000002,333.27481403474906,158.269185965251
2018-10-22 00:00:00+05:30,221.0,222.35,208.5,211.5,33633639,220.48333333333335,221.775,219.1916666666667,0.011716683044825675,309.2546491973537,-1,241.56799999999998,325.06244474933567,158.0735552506643
2018-10-23 00:00:00+05:30,209.0,216.7,206.5,213.2,28293781,214.11666666666667,215.425,212.80833333333334,0.012220751926519845,309.2546491973537,-1,237.52399999999997,316.18958647845875,158.8584135215412
2018-10-24 00:00:00+05:30,217.5,220.0,202.0,204.0,38009322,212.13333333333333,211.6,212.66666666666666,0.005028284098051522,309.2546491973537,-1,232.76,304.213402998037,161.30659700196298
2018-10-25 00:00:00+05:30,202.6,207.5,195.0,198.35,59170164,208.66666666666666,211.0,206.33333333333331,0.02236421725239626,309.2546491973537,-1,227.95,291.3813108803522,164.51868911964777
2018-10-26 00:00:00+05:30,178.55,191.65,168.6,180.7,95760078,200.28333333333333,201.25,199.31666666666666,0.009652991595240095,309.0090834093853,-1,222.236,275.0360418181642,169.43595818183573
2018-10-29 00:00:00+05:30,185.0,185.9,174.75,181.3,52331613,180.3166666666667,180.125,180.50833333333338,0.0021258896385990345,307.17572007300987,-1,216.72,254.53451573139478,178.90548426860522
2018-10-30 00:00:00+05:30,182.0,189.9,180.65,182.05,43428186,180.65,180.325,180.97500000000002,0.0035981179075562364,307.17572007300987,-1,214.942,254.87081345594814,175.01318654405188
2018-10-31 00:00:00+05:30,185.0,189.5,179.65,188.1,53264490,184.20000000000002,185.275,183.12500000000003,0.011672095548316922,306.72502361928593,-1,213.41,254.38798433305263,172.43201566694736
2018-11-01 00:00:00+05:30,192.0,205.75,189.05,204.05,69202992,185.75,184.575,186.925,0.01265141318977132,306.72502361928593,-1,212.784,253.83658793303908,171.7314120669609
2018-11-02 00:00:00+05:30,212.75,215.9,207.65,209.1,51686587,199.61666666666667,197.4,201.83333333333334,0.02220923436586793,306.72502361928593,-1,212.19799999999998,253.0253484811334,171.37065151886657
2018-11-05 00:00:00+05:30,209.0,212.35,206.1,210.1,21134350,210.88333333333333,211.775,209.99166666666665,0.0084564925314156,306.72502361928593,-1,212.47199999999998,253.14712340485158,171.79687659514838
2018-11-06 00:00:00+05:30,212.25,217.9,211.0,214.45,26924066,209.51666666666665,209.225,209.8083333333333,0.002784185824516655,306.72502361928593,-1,213.704,252.64122044522318,174.76677955477683
2018-11-09 00:00:00+05:30,214.0,229.4,213.2,227.9,40754087,214.44999999999996,214.45,214.44999999999993,2.65066070696237e-16,306.72502361928593,-1,214.78599999999997,253.73766769215283,175.83433230784712
2018-11-12 00:00:00+05:30,230.0,230.85,221.1,223.05,29069172,223.5,221.3,225.7,0.019686800894854483,306.72502361928593,-1,215.19799999999998,254.27250810950667,176.12349189049328
2018-11-13 00:00:00+05:30,222.0,226.85,220.0,225.45,19014119,225.0,225.975,224.025,0.008666666666666616,306.72502361928593,-1,215.61599999999999,254.8961295313534,176.33587046864656
2018-11-14 00:00:00+05:30,226.9,229.0,221.0,222.4,19780790,224.1,223.425,224.77499999999998,0.006024096385542016,306.72502361928593,-1,216.27199999999996,255.43545316746085,177.10854683253908
2018-11-15 00:00:00+05:30,215.0,217.95,202.25,205.85,60944632,224.13333333333333,225.0,223.26666666666665,0.0077334919690661,306.72502361928593,-1,215.658,254.9741715328426,176.34182846715737
2018-11-16 00:00:00+05:30,201.75,201.75,187.8,191.0,88101871,208.6833333333333,210.1,207.26666666666662,0.013577190320262143,305.0738462321659,-1,214.312,254.5967393438248,174.02726065617523
2018-11-19 00:00:00+05:30,198.1,205.95,194.35,204.8,64329717,193.51666666666665,194.775,192.2583333333333,0.013004909137886704,305.0738462321659,-1,213.148,252.7778723692104,173.5181276307896
2018-11-20 00:00:00+05:30,198.0,199.75,191.0,192.1,77354754,201.69999999999996,200.14999999999998,203.24999999999994,0.015369360436291356,304.90897668756406,-1,211.224,250.07645032169665,172.37154967830332
2018-11-21 00:00:00+05:30,196.1,200.8,194.6,198.15,47627190,194.28333333333333,195.375,193.19166666666666,0.011237882817191406,304.90897668756406,-1,209.292,245.67045164379473,172.91354835620527
2018-11-22 00:00:00+05:30,200.0,203.85,194.65,195.55,44350629,197.85,197.7,198.0,0.0015163002274450916,304.90897668756406,-1,207.274,240.76610199434955,173.78189800565045
2018-11-26 00:00:00+05:30,189.0,191.95,182.2,187.9,60418383,198.01666666666665,199.25,196.7833333333333,0.012456863900345243,292.4396299986487,-1,204.834,234.51104459679092,175.15695540320908
2018-11-27 00:00:00+05:30,193.0,193.8,180.35,182.65,70065939,187.35,187.075,187.625,0.002935681878836463,291.9910447987028,-1,202.86399999999998,231.61696882062648,174.11103117937347
2018-11-28 00:00:00+05:30,180.4,181.0,160.3,162.1,140720495,185.6,187.075,184.125,0.015894396551724078,277.62740300675466,-1,200.632,232.82680554375074,168.43719445624927
2018-11-29 00:00:00+05:30,157.05,167.0,146.75,160.45,292043464,167.79999999999998,170.65,164.94999999999996,0.03396901072705629,265.24330688648445,-1,198.59,234.07609868666782,163.1039013133322
2018-11-30 00:00:00+05:30,164.0,171.35,160.45,169.8,120153166,158.06666666666666,156.875,159.25833333333333,0.015078026149304043,265.24330688648445,-1,196.854,233.5374340813388,160.17056591866123
2018-12-03 00:00:00+05:30,174.0,179.5,165.3,178.0,104720593,167.2,165.89999999999998,168.5,0.015550239234449897,265.24330688648445,-1,195.81400000000002,233.09741743992805,158.530582560072
2018-12-04 00:00:00+05:30,180.35,182.45,175.25,176.5,68038860,174.26666666666665,172.4,176.1333333333333,0.021423106350420575,265.24330688648445,-1,194.94,232.9617516692739,156.9182483307261
2018-12-05 00:00:00+05:30,173.5,178.45,172.2,173.4,52289539,178.0666666666667,178.85,177.2833333333334,0.008798202920254244,265.24330688648445,-1,194.648,233.21098204236716,156.08501795763283
2018-12-06 00:00:00+05:30,169.0,172.5,167.35,168.45,38867660,174.6833333333333,175.325,174.04166666666663,0.007346627230226276,265.24330688648445,-1,194.13400000000001,233.72381404351293,154.5441859564871
2018-12-07 00:00:00+05:30,170.0,172.0,162.0,166.2,49750931,169.43333333333334,169.925,168.94166666666666,0.0058036592563447675,265.24330688648445,-1,193.5,234.3317425540465,152.6682574459535
2018-12-10 00:00:00+05:30,162.0,169.5,160.0,165.65,50379613,166.73333333333332,167.0,166.46666666666664,0.003198720511795441,261.9837506014697,-1,192.602,234.8327895261258,150.3712104738742
2018-12-11 00:00:00+05:30,164.5,179.85,163.8,177.85,85103084,165.04999999999998,164.75,165.34999999999997,0.0036352620418053073,261.9837506014697,-1,191.554,233.89661135074144,149.21138864925857
2018-12-12 00:00:00+05:30,182.0,187.5,181.55,186.6,71832334,173.83333333333334,171.825,175.8416666666667,0.023106423777564954,261.9837506014697,-1,190.65399999999997,232.4191234404968,148.88887655950313
2018-12-13 00:00:00+05:30,193.0,193.2,172.3,174.7,108920029,185.21666666666667,184.525,185.90833333333333,0.007468730315846265,261.9837506014697,-1,189.23800000000003,230.66898627838762,147.80701372161244
2018-12-14 00:00:00+05:30,172.7,181.6,168.25,180.35,79566067,180.0666666666667,182.75,177.38333333333338,0.029803776379118567,261.9837506014697,-1,187.87399999999997,228.1234831768054,147.62451682319454
2018-12-17 00:00:00+05:30,183.25,184.45,179.45,181.0,35269769,176.73333333333335,174.925,178.54166666666669,0.02046397585816677,261.9837506014697,-1,185.998,222.83779891367413,149.15820108632585
2018-12-18 00:00:00+05:30,180.0,180.9,176.75,179.0,35729865,181.63333333333333,181.95,181.31666666666666,0.0034868783262983617,261.9837506014697,-1,184.236,217.89504954094735,150.57695045905263
2018-12-19 00:00:00+05:30,180.5,183.15,178.6,179.55,40247602,178.88333333333333,178.825,178.94166666666666,0.0006521941675207729,261.9837506014697,-1,182.4,211.57509897155364,153.22490102844637
2018-12-20 00:00:00+05:30,179.0,187.6,178.0,186.75,61970822,180.4333333333333,180.875,179.99166666666662,0.004895621651579804,261.9837506014697,-1,180.97400000000002,205.2655642970961,156.68243570290394
2018-12-21 00:00:00+05:30,188.0,188.45,180.85,182.95,40864241,184.11666666666667,182.8,185.43333333333334,0.014302525572553593,261.9837506014697,-1,180.058,202.1563742388429,157.9596257611571
2018-12-24 00:00:00+05:30,184.0,185.5,181.25,182.3,32861722,184.08333333333334,184.64999999999998,183.5166666666667,0.00615663196016262,261.9837506014697,-1,179.71,201.3779856008803,158.04201439911972
2018-12-26 00:00:00+05:30,182.5,182.65,174.25,179.45,47421246,183.01666666666665,183.375,182.6583333333333,0.0039158546580458815,261.9837506014697,-1,178.696,197.7925529873838,159.5994470126162
2018-12-27 00:00:00+05:30,183.0,183.45,177.05,178.1,44303877,178.7833333333333,178.45,179.11666666666662,0.003728908362076791,261.9837506014697,-1,178.13600000000002,196.4317376456911,159.84026235430895
2018-12-28 00:00:00+05:30,180.0,183.3,180.0,181.45,27142501,179.53333333333333,180.25,178.81666666666666,0.007983661344225792,261.9837506014697,-1,177.468,193.91843172685626,161.01756827314372
2018-12-31 00:00:00+05:30,183.2,183.85,181.0,181.8,18970865,181.58333333333334,181.65,181.51666666666668,0.0007342817806332763,261.41274368618645,-1,176.918,191.75362954511738,162.08237045488264
2019-01-01 00:00:00+05:30,182.6,185.9,181.0,184.25,24160878,182.2166666666667,182.425,182.00833333333338,0.0022866550809473815,260.65023393873895,-1,176.77200000000002,191.23973181946502,162.30426818053502
2019-01-02 00:00:00+05:30,183.45,187.0,182.5,184.65,32583205,183.71666666666667,183.45,183.98333333333335,0.0029030209561826717,260.12222458118936,-1,176.852,191.47019359565195,162.23380640434806
2019-01-03 00:00:00+05:30,185.25,186.0,183.5,184.1,20239949,184.71666666666667,184.75,184.68333333333334,0.0003609131101687064,257.8073355979418,-1,177.732,191.30328969552852,164.16071030447148
2019-01-04 00:00:00+05:30,184.85,190.3,181.55,189.65,45914917,184.53333333333333,184.75,184.31666666666666,0.0023482658959537777,257.8073355979418,-1,178.9,191.29606389141153,166.50393610858848
2019-01-07 00:00:00+05:30,193.9,194.4,185.8,187.15,40515242,187.16666666666666,185.925,188.4083333333333,0.013268032056989983,257.8073355979418,-1,179.59400000000002,191.81595794461575,167.3720420553843
2019-01-08 00:00:00+05:30,188.0,193.2,185.0,192.35,40559174,189.11666666666667,190.10000000000002,188.13333333333333,0.010399224464616358,257.8073355979418,-1,180.168,193.3470099779898,166.9889900220102
2019-01-09 00:00:00+05:30,193.95,193.95,181.5,186.45,63673200,190.1833333333333,189.1,191.26666666666662,0.011392515993339562,257.8073355979418,-1,180.56599999999997,193.8781814891457,167.25381851085425
2019-01-10 00:00:00+05:30,188.0,188.9,184.2,186.9,36296992,187.29999999999998,187.725,186.87499999999997,0.004538174052322599,257.1088537659623,-1,181.10600000000002,194.30640363019077,167.90559636980927
2019-01-11 00:00:00+05:30,188.7,189.9,182.75,184.25,33594786,186.66666666666666,186.55,186.7833333333333,0.0012499999999997767,256.0634996153238,-1,181.738,193.9284316576548,169.5475683423452
2019-01-14 00:00:00+05:30,185.0,198.0,182.3,195.35,98089778,185.63333333333333,186.325,184.94166666666666,0.007451966241695057,256.0634996153238,-1,182.90399999999997,194.4878480652998,171.32015193470014
2019-01-15 00:00:00+05:30,196.6,205.0,196.1,203.0,82308056,191.88333333333333,190.15,193.61666666666665,0.01806653348388764,256.0634996153238,-1,184.398,196.32449085020184,172.47150914979815
2019-01-16 00:00:00+05:30,204.8,209.15,203.5,208.35,58015710,201.36666666666667,200.55,202.18333333333334,0.008111239860950135,256.0634996153238,-1,185.618,200.49143618670368,170.7445638132963
2019-01-17 00:00:00+05:30,209.25,209.55,200.25,201.5,60534702,207.0,206.325,207.675,0.006521739130434892,256.0634996153238,-1,186.21400000000003,202.3385780099805,170.08942199001956
2019-01-18 00:00:00+05:30,202.0,203.05,196.2,198.6,41858021,203.76666666666665,204.9,202.6333333333333,0.011123834451169844,256.0634996153238,-1,187.17,203.28461448499291,171.05538551500706
2019-01-21 00:00:00+05:30,199.3,200.5,190.7,191.95,37304992,199.28333333333333,199.625,198.94166666666666,0.0034289537509408904,256.0634996153238,-1,187.63400000000001,203.6037644315733,171.66423556842673
2019-01-22 00:00:00+05:30,191.5,193.8,187.4,192.2,38382360,194.38333333333333,195.6,193.16666666666666,0.012518220012003792,256.0634996153238,-1,188.082,203.90997220113627,172.25402779886372
2019-01-23 00:00:00+05:30,194.5,199.5,193.65,197.25,46394304,191.13333333333335,190.60000000000002,191.66666666666669,0.0055807464248343016,256.0634996153238,-1,188.812,204.58045661439132,173.0435433856087
2019-01-24 00:00:00+05:30,199.0,235.0,189.0,215.4,127603904,196.79999999999998,196.575,197.02499999999998,0.002286585365853601,256.0634996153238,-1,190.24599999999998,208.67968481882932,171.81231518117065
2019-01-25 00:00:00+05:30,225.0,245.0,218.0,219.6,183425643,213.13333333333333,212.0,214.26666666666665,0.010634970284641781,256.0634996153238,-1,191.56,213.21188213527722,169.90811786472278
2019-01-28 00:00:00+05:30,222.45,223.0,206.1,207.5,58015753,227.53333333333333,231.5,223.56666666666666,0.03486668619982422,256.0634996153238,-1,192.542,214.7622372624582,170.3217627375418
2019-01-29 00:00:00+05:30,207.0,209.45,195.7,202.9,76651017,212.20000000000002,214.55,209.85000000000002,0.02214891611687082,256.0634996153238,-1,193.36599999999999,215.53366510031972,171.19833489968025
2019-01-30 00:00:00+05:30,211.0,212.0,198.3,199.5,65312137,202.6833333333333,202.575,202.79166666666663,0.0010689910369211751,256.0634996153238,-1,194.168,215.70559280885246,172.63040719114755
2019-01-31 00:00:00+05:30,202.0,202.45,190.15,194.1,67794993,203.26666666666665,205.15,201.3833333333333,0.018530665792063177,256.0634996153238,-1,194.808,215.3243677097076,174.2916322902924
2019-02-01 00:00:00+05:30,195.9,197.2,181.25,185.6,66597684,195.5666666666667,196.3,194.83333333333337,0.007499573887847145,256.0634996153238,-1,194.97400000000002,215.11915564595947,174.82884435404057
2019-02-04 00:00:00+05:30,184.25,184.7,175.6,179.8,60771732,188.01666666666665,189.225,186.8083333333333,0.012853470437018096,256.0634996153238,-1,194.89399999999998,215.26243283122025,174.5255671687797
2019-02-05 00:00:00+05:30,179.8,183.5,175.0,176.1,44477885,180.0333333333333,180.14999999999998,179.91666666666663,0.001296056285873071,256.0634996153238,-1,194.56799999999998,215.84792255624845,173.28807744375152
2019-02-06 00:00:00+05:30,178.9,178.95,173.0,176.45,45391450,178.20000000000002,179.25,177.15000000000003,0.011784511784511592,256.0634996153238,-1,194.24,216.35759480594427,172.12240519405574
2019-02-07 00:00:00+05:30,177.1,181.8,175.25,176.95,44494971,176.13333333333333,175.975,176.29166666666666,0.0017978803936411596,256.0634996153238,-1,193.95399999999998,216.7627863771822,171.14521362281775
2019-02-08 00:00:00+05:30,177.0,178.5,173.25,175.1,32561739,178.0,178.525,177.475,0.005898876404494446,255.3852848082496,-1,193.372,217.3051916801737,169.43880831982634
2019-02-11 00:00:00+05:30,175.1,176.0,170.1,173.25,29509227,175.61666666666667,175.875,175.35833333333335,0.002942013855936138,251.03187341591962,-1,192.81599999999997,217.91879219529042,167.71320780470953
2019-02-12 00:00:00+05:30,173.0,176.25,172.1,172.65,22298518,173.11666666666667,173.05,173.18333333333334,0.000770193511119625,250.19959847928283,-1,192.028,218.34716533630836,165.70883466369162
2019-02-13 00:00:00+05:30,173.95,174.7,168.1,169.45,26229114,173.66666666666666,174.175,173.1583333333333,0.005854126679462813,246.23161454011148,-1,191.34800000000004,219.05058442817094,163.64541557182915
2019-02-14 00:00:00+05:30,186.35,224.0,186.35,221.25,264725005,170.75,171.39999999999998,170.10000000000002,0.007613469985358445,246.23161454011148,-1,192.722,222.71828083612925,162.72571916387076
2019-02-15 00:00:00+05:30,226.9,226.9,211.3,219.0,141193124,210.53333333333333,205.175,215.89166666666665,0.05090246991766929,246.23161454011148,-1,194.112,225.5929438232073,162.6310561767927
2019-02-18 00:00:00+05:30,201.0,216.7,201.0,213.55,89969426,219.0666666666667,219.10000000000002,219.03333333333336,0.0003043213633596905,246.23161454011148,-1,194.84,227.23040598695752,162.44959401304249
2019-02-19 00:00:00+05:30,215.1,218.1,211.55,212.85,33990276,210.41666666666666,208.85,211.98333333333332,0.014891089108910856,246.23161454011148,-1,195.234,228.24553398435057,162.22246601564945
2019-02-20 00:00:00+05:30,216.9,219.8,213.35,217.85,48429455,214.16666666666666,214.825,213.50833333333333,0.006147859922178971,246.23161454011148,-1,195.614,229.42962384460668,161.79837615539333
2019-02-21 00:00:00+05:30,218.85,218.85,214.0,215.15,27975632,217.0,216.575,217.425,0.003917050691244345,246.23161454011148,-1,196.16,230.76961716055135,161.55038283944864
2019-02-22 00:00:00+05:30,214.5,223.7,213.1,222.0,51329944,216.0,216.425,215.575,0.003935185185185291,246.23161454011148,-1,197.09599999999998,233.15430744779803,161.03769255220192
2019-02-25 00:00:00+05:30,223.85,230.6,221.2,229.1,47825222,219.6,218.39999999999998,220.8,0.010928961748634036,246.23161454011148,-1,198.582,236.67416066331663,160.48983933668336
2019-02-26 00:00:00+05:30,223.2,234.45,220.1,229.5,84298892,226.96666666666667,225.89999999999998,228.03333333333336,0.009399324423557273,246.23161454011148,-1,200.074,239.93048373853276,160.21751626146727
2019-02-27 00:00:00+05:30,233.0,236.8,223.65,228.2,74650022,228.01666666666665,227.27499999999998,228.75833333333333,0.006505372414297267,246.23161454011148,-1,201.312,242.63637808364362,159.9876219163564
2019-02-28 00:00:00+05:30,230.0,232.75,226.8,231.15,45753501,229.55000000000004,230.22500000000002,228.87500000000006,0.0058810716619471385,246.23161454011148,-1,201.942,244.56605593089336,159.31794406910666
2019-03-01 00:00:00+05:30,234.9,238.5,234.1,237.6,42006406,230.23333333333335,229.775,230.6916666666667,0.003981468075865147,246.23161454011148,-1,202.662,247.02737640998802,158.296623590012
2019-03-05 00:00:00+05:30,236.0,240.75,234.5,237.45,30848699,236.73333333333335,236.3,237.16666666666669,0.003660940580118308,246.23161454011148,-1,203.86,250.25432723943652,157.4656727605635
2019-03-06 00:00:00+05:30,238.1,240.65,232.95,235.3,24658589,237.5666666666667,237.625,237.50833333333338,0.0004910902202888343,246.23161454011148,-1,205.15600000000003,253.15311924688734,157.15888075311273
2019-03-07 00:00:00+05:30,235.5,236.0,228.65,231.7,27229610,236.30000000000004,236.8,235.80000000000007,0.004231908590774198,246.23161454011148,-1,206.44400000000002,255.48176764902658,157.40623235097345
2019-03-08 00:00:00+05:30,231.7,234.9,229.5,232.3,23233663,232.11666666666665,232.325,231.9083333333333,0.0017950743160767674,246.23161454011148,-1,207.972,257.75100023102027,158.19299976897975
2019-03-11 00:00:00+05:30,233.0,238.0,231.6,236.3,21189817,232.23333333333335,232.2,232.2666666666667,0.0002870676044210695,246.23161454011148,-1,210.0,260.0980318974699,159.90196810253008
2019-03-12 00:00:00+05:30,238.0,239.2,235.0,235.85,22100817,235.30000000000004,234.8,235.80000000000007,0.004249893752656424,246.23161454011148,-1,212.24200000000002,261.7465022598946,162.73749774010543
2019-03-13 00:00:00+05:30,236.0,247.6,232.7,244.3,58883298,236.6833333333333,237.1,236.26666666666662,0.0035208788113514737,246.23161454011148,-1,214.97,263.71795585457824,166.22204414542176
2019-03-14 00:00:00+05:30,248.0,254.0,246.15,249.85,59684202,241.5333333333333,240.14999999999998,242.91666666666663,0.011454595638973166,176.21338012582166,1,217.90600000000003,265.85529254952473,169.95670745047534
2019-03-15 00:00:00+05:30,251.7,252.8,243.5,245.05,38715468,250.0,250.075,249.925,0.0005999999999999091,176.21338012582166,1,220.63,266.6621452900025,174.59785470999748
2019-03-18 00:00:00+05:30,247.0,248.55,241.8,245.95,24825632,247.11666666666667,248.15,246.08333333333334,0.008363121332703836,176.21338012582166,1,223.46400000000003,266.5654108353764,180.36258916462367
2019-03-19 00:00:00+05:30,246.65,250.5,245.0,248.8,21448040,245.4333333333333,245.175,245.6916666666666,0.0021051201955721638,176.64771947899897,1,226.486,265.4792868068324,187.49271319316753
2019-03-20 00:00:00+05:30,248.75,253.0,246.4,252.15,26817389,248.1,247.75,248.45,0.002821442966545702,179.59381069983897,1,229.66600000000003,263.15747616931645,196.1745238306836
2019-03-22 00:00:00+05:30,253.0,257.5,250.35,252.6,34018752,250.51666666666665,249.7,251.33333333333331,0.00651985895815312,184.62105827184547,1,232.99199999999996,257.10486262557566,208.87913737442423
2019-03-25 00:00:00+05:30,250.0,250.4,246.1,247.25,23540100,253.48333333333335,253.925,253.04166666666669,0.0034847787494246526,184.62105827184547,1,234.03199999999998,258.27184950448094,209.79215049551902
2019-03-26 00:00:00+05:30,247.5,254.8,247.45,253.7,20571726,247.91666666666666,248.25,247.58333333333331,0.0026890756302521772,184.62105827184547,1,235.42,260.0290064813654,210.8109935186346
2019-03-27 00:00:00+05:30,258.4,269.85,256.1,268.45,84155309,251.98333333333335,251.125,252.8416666666667,0.0068126198822674655,193.43055581119944,1,237.616,263.77594984704444,211.45605015295556
2019-03-28 00:00:00+05:30,270.65,277.7,268.3,276.1,48078072,264.8,262.975,266.625,0.013783987915407768,203.60533357875147,1,240.146,268.38720280724385,211.90479719275612
2019-03-29 00:00:00+05:30,277.9,281.5,273.55,275.1,35855963,274.03333333333336,273.0,275.0666666666667,0.007541661598345893,208.6801202356014,1,242.43599999999998,272.3113479644987,212.5606520355013
2019-04-01 00:00:00+05:30,276.0,280.0,273.8,275.9,27807546,276.71666666666664,277.525,275.9083333333333,0.005842317653436154,209.07291542617733,1,244.86599999999999,275.3449595622927,214.3870404377073
2019-04-02 00:00:00+05:30,278.2,282.05,274.8,280.3,24708930,276.56666666666666,276.9,276.23333333333335,0.002410509822827391,211.28099880913027,1,247.19799999999998,279.2050052332277,215.19099476677223
2019-04-03 00:00:00+05:30,283.5,286.0,272.2,273.7,31808834,279.05,278.425,279.675,0.004479483963447411,211.28099880913027,1,248.98199999999997,281.718656884903,216.24534311509697
2019-04-04 00:00:00+05:30,274.0,275.0,265.0,268.05,42003554,277.3,279.1,275.5,0.012982329606923991,211.28099880913027,1,250.52399999999997,283.0758677805109,217.97213221948903
2019-04-05 00:00:00+05:30,270.0,274.0,264.25,266.85,28319923,269.34999999999997,270.0,268.69999999999993,0.0048264340077968015,211.28099880913027,1,252.07,283.8972210536808,220.24277894631916
2019-04-08 00:00:00+05:30,267.1,268.1,258.25,260.05,26252469,268.3666666666667,269.125,267.60833333333335,0.005651471866848782,211.28099880913027,1,253.22600000000003,284.01223224754636,222.4397677524537
2019-04-09 00:00:00+05:30,261.9,272.0,258.7,270.6,39195173,262.1333333333334,263.175,261.09166666666675,0.00794760935910449,211.28099880913027,1,254.546,285.36891251650076,223.7230874834992
2019-04-10 00:00:00+05:30,272.0,275.45,267.5,268.25,32016249,267.1,265.35,268.85,0.013103706476974914,211.28099880913027,1,255.778,286.2290240221878,225.3269759778122
2019-04-11 00:00:00+05:30,268.75,270.25,264.0,269.05,20363799,270.40000000000003,271.475,269.32500000000005,0.007951183431952578,211.28099880913027,1,257.128,286.8106963734742,227.4453036265258
2019-04-12 00:00:00+05:30,269.7,271.9,265.8,267.9,21736271,267.76666666666665,267.125,268.4083333333333,0.004792729988796103,211.28099880913027,1,258.57599999999996,286.6435630577336,230.50843694226631
2019-04-15 00:00:00+05:30,268.45,269.9,264.8,265.5,13509220,268.53333333333336,268.85,268.2166666666667,0.0023584905660377076,211.28099880913027,1,259.904,285.94120292197016,233.8667970780298
2019-04-16 00:00:00+05:30,267.55,269.2,265.0,266.45,16368625,266.73333333333335,267.35,266.1166666666667,0.004623844038990309,211.28099880913027,1,261.11,285.39642419130183,236.82357580869817
2019-04-18 00:00:00+05:30,266.4,267.95,254.05,255.8,32491440,266.8833333333334,267.1,266.66666666666674,0.0016236807593828023,211.28099880913027,1,261.908,284.03725086847385,239.77874913152618
2019-04-22 00:00:00+05:30,253.95,254.4,237.0,238.35,37467080,259.26666666666665,261.0,257.5333333333333,0.013371046541527503,211.28099880913027,1,261.67,284.6627640791587,238.67723592084133
2019-04-23 00:00:00+05:30,239.0,244.65,230.5,232.7,43232834,243.25,245.7,240.8,0.02014388489208624,211.28099880913027,1,260.984,286.2567635212268,235.71123647877317
2019-04-24 00:00:00+05:30,233.0,240.4,231.2,239.15,38516951,235.94999999999996,237.575,234.32499999999993,0.013774104683195836,211.28099880913027,1,260.74800000000005,286.71225974295925,234.78374025704085
2019-04-25 00:00:00+05:30,241.0,250.4,236.05,237.05,71641179,236.91666666666666,235.8,238.0333333333333,0.009426661976784911,211.28099880913027,1,260.392,287.3818896626098,233.40211033739018
2019-04-26 00:00:00+05:30,239.9,240.35,232.1,237.2,48524121,241.16666666666666,243.22500000000002,239.1083333333333,0.017069799585349266,211.28099880913027,1,259.92800000000005,288.07319610874754,231.7828038912526
2019-04-30 00:00:00+05:30,213.5,213.5,165.6,168.0,217219923,236.54999999999998,236.225,236.87499999999997,0.002747833439019139,276.70075210871954,-1,256.562,302.2705749504386,210.85342504956145
2019-05-02 00:00:00+05:30,162.0,178.0,160.0,173.75,124177861,182.36666666666667,189.55,175.18333333333334,0.07877901663315669,257.70472202437077,-1,253.40800000000002,309.48137821105365,197.3346217889464
2019-05-03 00:00:00+05:30,177.0,177.8,169.7,175.9,58953903,170.58333333333334,169.0,172.16666666666669,0.018563751831949304,257.70472202437077,-1,250.554,314.3252594826217,186.78274051737833
2019-05-06 00:00:00+05:30,168.05,171.9,165.5,166.25,49500412,174.46666666666667,173.75,175.18333333333334,0.008215513947267886,255.53955181766008,-1,247.05599999999998,318.8431315487662,175.26886845123374
2019-05-07 00:00:00+05:30,169.0,169.95,163.65,164.75,40446604,167.88333333333333,168.7,167.06666666666666,0.009728978457261943,251.92996974495372,-1,242.908,320.97989343163056,164.83610656836944
2019-05-08 00:00:00+05:30,165.0,166.5,160.0,160.75,47387735,166.11666666666667,166.8,165.43333333333334,0.00822714959365912,246.79477095515554,-1,238.294,321.44314946047183,155.1448505395282
2019-05-09 00:00:00+05:30,158.0,171.4,156.5,170.3,88653903,162.41666666666666,163.25,161.58333333333331,0.010261672652642499,246.79477095515554,-1,234.102,319.93002563265617,148.27397436734384
2019-05-10 00:00:00+05:30,172.75,174.25,162.8,163.85,62257935,166.06666666666666,163.95,168.18333333333334,0.02549177037334413,246.79477095515554,-1,229.62,317.9162060340075,141.32379396599254
2019-05-13 00:00:00+05:30,164.9,165.45,154.0,154.7,60884255,166.96666666666667,168.525,165.40833333333333,0.018666400479137597,243.7687416757805,-1,224.59600000000003,315.0525350651898,134.1394649348103
2019-05-14 00:00:00+05:30,155.1,158.9,151.4,155.85,62642515,158.04999999999998,159.725,156.37499999999997,0.021195824106295624,237.9319920087493,-1,219.882,311.8812777362948,127.88272226370519
2019-05-15 00:00:00+05:30,154.2,154.3,141.8,142.95,95899314,155.38333333333333,155.15,155.61666666666665,0.0030033251099429808,231.4547123283993,-1,214.878,309.4266502494875,120.32934975051246
2019-05-16 00:00:00+05:30,144.0,145.9,134.65,137.75,82730883,146.35,148.05,144.64999999999998,0.02323197813460905,223.49352383526332,-1,209.71399999999997,306.4218177605095,113.00618223949044
2019-05-17 00:00:00+05:30,141.0,146.0,132.45,134.15,117940438,139.43333333333334,140.275,138.59166666666667,0.012072675113554893,222.9087828818528,-1,204.678,303.4664085508008,105.88959144919922
2019-05-20 00:00:00+05:30,142.5,144.9,137.0,143.55,82205265,137.53333333333333,139.225,135.84166666666667,0.02460009694619481,222.9087828818528,-1,199.59600000000003,297.3630206971652,101.82897930283482
2019-05-21 00:00:00+05:30,145.0,145.0,138.5,141.0,59499614,141.81666666666666,140.95,142.68333333333334,0.012222352802914668,222.9087828818528,-1,194.50600000000003,290.68280102810627,98.32919897189379
2019-05-22 00:00:00+05:30,141.0,141.25,135.5,137.55,58669730,141.5,141.75,141.25,0.0035335689045936395,218.54427133175892,-1,189.24599999999998,282.890301140005,95.60169885999497
2019-05-23 00:00:00+05:30,143.9,150.8,138.75,139.75,111719246,138.1,138.375,137.825,0.003982621288921154,218.54427133175892,-1,184.12,273.93256036880337,94.30743963119663
2019-05-24 00:00:00+05:30,141.0,142.9,139.5,141.2,45274708,143.1,144.775,141.42499999999998,0.023410202655485834,218.54427133175892,-1,179.14800000000002,264.0156639480548,94.28033605194524
2019-05-27 00:00:00+05:30,142.0,148.45,140.85,146.8,67258367,141.2,141.2,141.2,0.0,218.54427133175892,-1,174.36199999999997,252.2006653534088,96.52333464659115
2019-05-28 00:00:00+05:30,148.95,154.9,148.2,152.8,81670499,145.36666666666665,144.64999999999998,146.08333333333331,0.00986012382481085,218.54427133175892,-1,170.24200000000002,240.98239683236147,99.50160316763858
2019-05-29 00:00:00+05:30,154.0,156.0,150.65,151.7,49000782,151.96666666666667,151.55,152.38333333333333,0.0054836586970825685,218.54427133175892,-1,166.77599999999998,232.11334074784475,101.4386592521552
2019-05-30 00:00:00+05:30,150.2,156.5,149.9,155.0,55475576,152.78333333333333,153.325,152.24166666666667,0.007090651249045365,218.54427133175892,-1,163.668,223.309944166836,104.02605583316401
2019-05-31 00:00:00+05:30,156.6,157.0,147.0,147.8,63368992,153.79999999999998,153.2,154.39999999999998,0.0078023407022105905,218.54427133175892,-1,160.014,211.32127449397393,108.70672550602607
2019-06-03 00:00:00+05:30,148.0,149.9,144.5,149.45,40272408,150.6,152.0,149.2,0.018592297476759705,218.54427133175892,-1,156.51,197.15053149258745,115.86946850741253
2019-06-04 00:00:00+05:30,148.8,153.85,148.55,152.8,45560540,147.95,147.2,148.7,0.01013856032443393,218.54427133175892,-1,153.13400000000001,176.9357935458654,129.33220645413462
2019-06-06 00:00:00+05:30,148.45,151.2,142.3,143.4,65169529,151.73333333333332,151.2,152.26666666666665,0.007029876977152875,217.70596763304206,-1,152.15,175.44061613611802,128.859383863882
2019-06-07 00:00:00+05:30,143.4,145.45,136.15,139.9,66206668,145.63333333333333,146.75,144.51666666666665,0.015335317006180009,211.52172892772037,-1,150.796,172.80690493369144,128.78509506630854
2019-06-10 00:00:00+05:30,141.9,145.0,132.55,135.9,86398912,140.5,140.8,140.2,0.004270462633452119,210.15385977061158,-1,149.196,169.4174919330895,128.9745080669105
2019-06-11 00:00:00+05:30,135.0,143.5,133.75,139.55,80946657,137.8166666666667,138.775,136.85833333333338,0.013907364856693397,209.8787053797871,-1,148.12800000000001,167.43342058593925,128.82257941406078
2019-06-12 00:00:00+05:30,136.0,137.8,133.6,134.75,56236715,138.93333333333334,138.625,139.24166666666667,0.004438579654510611,205.7695571645956,-1,146.928,165.67281432290028,128.18318567709971
2019-06-13 00:00:00+05:30,130.8,130.8,116.0,117.1,197154833,135.38333333333333,135.7,135.06666666666666,0.004678074602979139,195.9167748780118,-1,145.18200000000002,166.4178165371622,123.94618346283785
2019-06-14 00:00:00+05:30,118.5,121.0,112.85,115.05,155169990,121.3,123.4,119.19999999999999,0.0346248969497116,188.82310388289133,-1,142.97199999999998,164.78363139244775,121.1603686075522
2019-06-17 00:00:00+05:30,118.0,118.35,113.75,116.15,84436078,116.3,116.925,115.675,0.010748065348237317,186.36017972757566,-1,141.064,163.57066603475548,118.55733396524451
2019-06-18 00:00:00+05:30,116.0,117.5,107.1,109.3,116604528,116.08333333333333,116.05,116.11666666666666,0.0005743000717874764,182.70977253847263,-1,139.24800000000002,164.2488076669539,114.24719233304616
2019-06-19 00:00:00+05:30,109.0,111.45,101.3,103.2,126458237,111.3,112.3,110.3,0.017969451931716084,176.81038163693376,-1,137.142,164.9109132664572,109.3730867335428
2019-06-20 00:00:00+05:30,102.0,115.9,98.7,114.55,159393077,105.31666666666666,106.375,104.25833333333333,0.0200981167906315,176.81038163693376,-1,136.006,165.02697613795965,106.98502386204034
2019-06-21 00:00:00+05:30,114.55,114.8,108.25,109.6,106421502,109.71666666666668,107.30000000000001,112.13333333333335,0.04405286343612343,176.81038163693376,-1,134.88,165.6732330228579,104.0867669771421
2019-06-24 00:00:00+05:30,112.0,114.0,108.85,111.95,79695315,110.88333333333333,111.525,110.24166666666665,0.011573726138584338,176.81038163693376,-1,133.992,166.0717341634875,101.91226583651249
2019-06-25 00:00:00+05:30,111.0,112.5,109.1,110.05,56892279,111.60000000000001,111.425,111.77500000000002,0.0031362007168460816,176.81038163693376,-1,132.65200000000002,165.80354874210298,99.50045125789704
2019-06-26 00:00:00+05:30,109.0,114.65,108.4,113.05,72879532,110.55,110.8,110.3,0.004522840343735866,176.81038163693376,-1,131.53400000000002,165.3622925374609,97.70570746253915
2019-06-27 00:00:00+05:30,113.05,114.5,111.8,112.4,51280994,112.03333333333335,111.525,112.54166666666669,0.009074680154715976,176.81038163693376,-1,130.528,165.06916477480215,95.98683522519784
2019-06-28 00:00:00+05:30,112.5,113.0,107.5,108.75,68854685,112.90000000000002,113.15,112.65000000000003,0.004428697962798684,174.389231354754,-1,129.28799999999998,164.63229832377542,93.94370167622455
2019-07-01 00:00:00+05:30,109.5,110.5,107.65,109.15,42545442,109.75,110.25,109.25,0.009111617312072893,171.44666210056386,-1,128.006,163.85050105664797,92.16149894335203
2019-07-02 00:00:00+05:30,108.05,108.05,99.8,100.8,149669579,109.10000000000001,109.075,109.12500000000001,0.0004582951420715982,166.4197956165413,-1,126.166,162.67898640210137,89.65301359789862
2019-07-03 00:00:00+05:30,100.75,103.8,98.85,99.75,112667717,102.88333333333333,103.925,101.84166666666665,0.020249473513688738,162.70600379187962,-1,124.04400000000001,160.2839814569495,87.80401854305052
2019-07-04 00:00:00+05:30,101.0,102.15,95.2,96.25,108105010,100.8,101.32499999999999,100.275,0.010416666666666498,159.54676364020446,-1,121.82600000000001,157.81047576386305,85.84152423613696
2019-07-05 00:00:00+05:30,95.0,96.85,87.4,88.15,220546903,97.86666666666667,98.67500000000001,97.05833333333334,0.016519073569482366,153.20789309459627,-1,119.152,154.81221289897258,83.49178710102743
2019-07-08 00:00:00+05:30,87.0,94.6,85.65,93.15,197675527,90.8,92.125,89.475,0.029185022026431782,151.27057737081242,-1,116.96599999999998,152.02879760658087,81.9032023934191
2019-07-09 00:00:00+05:30,95.0,97.0,90.3,91.35,137863884,91.13333333333333,90.125,92.14166666666665,0.022128749085588716,151.27057737081242,-1,114.64200000000001,148.46434385727957,80.81965614272043
2019-07-10 00:00:00+05:30,92.15,94.0,91.5,93.0,75776545,92.88333333333333,93.65,92.11666666666665,0.01650816436389765,151.27057737081242,-1,112.25,143.28287289311226,81.21712710688774
2019-07-11 00:00:00+05:30,94.0,95.0,90.7,92.45,73432269,92.83333333333333,92.75,92.91666666666666,0.0017953321364451403,150.5929351407431,-1,110.212,139.4335712103245,80.99042878967552
2019-07-12 00:00:00+05:30,93.25,94.85,91.65,94.2,60702978,92.71666666666665,92.85,92.58333333333331,0.002876145964407837,149.57921773511336,-1,108.384,135.59677229537755,81.17122770462247
2019-07-15 00:00:00+05:30,95.0,99.3,92.55,93.2,126736904,93.56666666666666,93.25,93.88333333333333,0.006768792304951825,149.57921773511336,-1,106.676,132.0652437067367,81.2867562932633
2019-07-16 00:00:00+05:30,94.0,106.5,92.25,103.85,228682135,95.01666666666667,95.925,94.10833333333333,0.01911945272759161,149.57921773511336,-1,105.24799999999999,126.80774916366309,83.68825083633689
2019-07-17 00:00:00+05:30,108.5,108.5,97.55,98.4,238375009,100.86666666666667,99.375,102.35833333333335,0.029576999339061615,149.57921773511336,-1,103.794,121.81095468163457,85.77704531836542
2019-07-18 00:00:00+05:30,88.6,90.25,79.15,85.8,229258092,101.48333333333335,103.025,99.94166666666669,0.030382657250779904,146.22572235080952,-1,102.54199999999999,121.03032453198709,84.05367546801288
2019-07-19 00:00:00+05:30,86.0,86.9,82.6,83.25,145863654,85.06666666666666,84.7,85.43333333333332,0.008620689655172258,145.01869345677716,-1,101.27,120.5018277862526,82.03817221374739
2019-07-22 00:00:00+05:30,83.3,92.5,81.7,91.15,208758719,84.25,84.75,83.75,0.011869436201780416,145.01869345677716,-1,100.27,118.89318984492397,81.64681015507603
2019-07-23 00:00:00+05:30,89.0,93.9,87.1,90.65,164964349,88.45,87.1,89.80000000000001,0.030525720746184478,145.01869345677716,-1,99.524,118.13468768208419,80.91331231791581
2019-07-24 00:00:00+05:30,91.5,93.65,88.15,89.15,104007122,90.55,90.5,90.6,0.0011043622308116435,145.01869345677716,-1,98.962,117.93965591426088,79.98434408573912
2019-07-25 00:00:00+05:30,88.4,90.4,85.85,87.65,113015178,90.31666666666668,90.9,89.73333333333335,0.01291751245617262,145.01869345677716,-1,97.88600000000001,116.24673026870344,79.52526973129658
2019-07-26 00:00:00+05:30,88.75,96.9,87.1,96.05,186097455,87.96666666666665,88.125,87.80833333333331,0.003599848427434915,145.01869345677716,-1,97.344,115.07887682506093,79.60912317493906
2019-07-29 00:00:00+05:30,95.7,98.7,91.35,94.75,138287221,93.35000000000001,92.0,94.70000000000002,0.028923406534547582,145.01869345677716,-1,96.656,113.37651004007009,79.93548995992992
2019-07-30 00:00:00+05:30,95.0,96.3,81.15,86.05,120979045,94.93333333333334,95.025,94.84166666666667,0.0019311797752809387,145.01869345677716,-1,95.696,111.98044460213751,79.41155539786249
2019-07-31 00:00:00+05:30,86.0,92.35,84.75,91.2,133054947,87.83333333333333,88.725,86.94166666666666,0.02030360531309296,145.01869345677716,-1,94.82199999999999,109.55889465254083,80.08510534745915
2019-08-01 00:00:00+05:30,88.95,91.3,85.75,88.4,111842102,89.43333333333334,88.55,90.31666666666668,0.019754006708908086,145.01869345677716,-1,93.86200000000001,106.92533127498834,80.79866872501168
2019-08-02 00:00:00+05:30,87.8,90.9,86.8,88.3,106397716,88.48333333333335,88.525,88.44166666666669,0.0009417969485776723,145.01869345677716,-1,93.04400000000001,104.76831047013383,81.3196895298662
2019-08-05 00:00:00+05:30,88.0,88.0,79.5,81.1,136352605,88.66666666666667,88.85,88.48333333333335,0.004135338345864426,141.9229903252272,-1,91.92200000000001,102.58712372174327,81.25687627825675
2019-08-06 00:00:00+05:30,80.9,86.65,79.7,85.35,134819814,82.86666666666666,83.75,81.98333333333332,0.021319388576025906,140.96707071221812,-1,91.304,101.62469455027575,80.98330544972426
2019-08-07 00:00:00+05:30,86.5,92.0,86.1,86.85,171429816,83.9,83.17500000000001,84.625,0.01728247914183538,140.96707071221812,-1,90.788,100.64762595639877,80.92837404360122
2019-08-08 00:00:00+05:30,89.25,89.9,84.8,89.2,122325009,88.31666666666666,89.05,87.58333333333333,0.016606906963578055,140.96707071221812,-1,90.506,100.1249529575777,80.8870470424223
2019-08-09 00:00:00+05:30,91.8,92.45,81.15,82.15,187030766,87.96666666666665,87.35,88.58333333333331,0.014020462296324216,140.96707071221812,-1,90.26599999999999,100.39404897302994,80.13795102697004
2019-08-13 00:00:00+05:30,84.0,84.2,72.85,73.6,206712601,85.25000000000001,86.80000000000001,83.70000000000002,0.03636363636363629,136.78935968669924,-1,89.48400000000001,101.4523489253988,77.51565107460122
2019-08-14 00:00:00+05:30,74.9,77.9,70.55,76.55,173114134,76.88333333333334,78.525,75.24166666666667,0.04270539778885755,132.21678529923125,-1,88.892,101.85535388701916,75.92864611298083
2019-08-16 00:00:00+05:30,79.0,81.45,76.85,79.45,143478784,75.0,74.225,75.775,0.02066666666666682,132.21678529923125,-1,88.35,101.7080537504569,74.99194624954309
2019-08-19 00:00:00+05:30,79.45,80.75,76.0,76.65,127652182,79.25,79.15,79.35,0.0025236593059935475,132.21678529923125,-1,87.71799999999999,101.71988215919905,73.71611784080093
2019-08-20 00:00:00+05:30,76.95,76.95,70.5,71.2,167966737,77.8,78.375,77.225,0.014781491002570767,129.37965535850066,-1,86.79800000000002,101.95054381284207,71.64545618715796
2019-08-21 00:00:00+05:30,71.2,71.5,64.55,65.4,228212985,72.88333333333333,73.725,72.04166666666666,0.023096272581751714,123.39946914416066,-1,85.686,102.75514221629487,68.61685778370514
2019-08-22 00:00:00+05:30,66.4,67.7,53.2,56.3,314692568,67.15,68.025,66.275,0.026061057334326135,117.66949037839423,-1,83.78399999999999,102.8171861757327,64.75081382426728
2019-08-23 00:00:00+05:30,56.4,61.25,54.75,59.25,309367850,59.06666666666666,60.45,57.68333333333332,0.04683972911963905,114.75071076325845,-1,82.21799999999999,102.57921568080121,61.85678431919877
2019-08-26 00:00:00+05:30,62.95,64.7,57.35,62.9,277799302,58.416666666666664,58.0,58.83333333333333,0.01426533523537795,114.75071076325845,-1,81.30199999999999,102.95562750210935,59.648372497890634
2019-08-27 00:00:00+05:30,62.9,65.35,62.5,64.5,190996863,61.650000000000006,61.025000000000006,62.275000000000006,0.0202757502027575,114.75071076325845,-1,80.55199999999999,103.16154630239421,57.94245369760577
2019-08-28 00:00:00+05:30,64.5,65.15,58.05,59.5,223167624,64.11666666666666,63.925,64.30833333333332,0.005978684689368221,114.75071076325845,-1,79.286,102.90208807571885,55.66991192428115
2019-08-29 00:00:00+05:30,59.25,59.3,55.0,57.4,188754023,60.9,61.6,60.199999999999996,0.02298850574712653,111.07572445232856,-1,77.956,102.58567835762604,53.32632164237397
2019-08-30 00:00:00+05:30,58.25,60.95,55.5,59.95,226395035,57.23333333333333,57.15,57.316666666666656,0.002912055911473335,111.07572445232856,-1,76.788,101.94728902016338,51.62871097983661
2019-09-03 00:00:00+05:30,59.25,62.3,57.65,58.75,196326964,58.800000000000004,58.225,59.37500000000001,0.019557823129251795,111.07572445232856,-1,75.632,101.33854204672647,49.925457953273536
2019-09-04 00:00:00+05:30,58.35,60.3,57.25,59.45,143742201,59.56666666666666,59.974999999999994,59.15833333333333,0.01371012870733066,109.99531134905536,-1,74.168,99.21689426701543,49.11910573298458
2019-09-05 00:00:00+05:30,59.7,62.35,58.85,61.95,177919556,59.0,58.775,59.225,0.007627118644067845,109.99531134905536,-1,72.85600000000001,96.8699013073703,48.84209869262972
2019-09-06 00:00:00+05:30,61.3,62.15,59.6,60.4,130716447,61.050000000000004,60.6,61.50000000000001,0.014742014742014834,109.73443893928942,-1,71.83,95.69269054402965,47.96730945597035
2019-09-09 00:00:00+05:30,60.1,64.1,59.85,63.1,150897861,60.71666666666667,60.875,60.55833333333334,0.0052154817458138275,109.73443893928942,-1,70.706,93.43345159493524,47.97854840506477
2019-09-11 00:00:00+05:30,66.0,75.45,65.0,71.6,332938591,62.349999999999994,61.974999999999994,62.724999999999994,0.01202886928628709,109.73443893928942,-1,70.03399999999999,91.59243630693388,48.47556369306611
2019-09-12 00:00:00+05:30,71.8,72.2,67.15,67.95,221839869,70.68333333333332,70.225,71.14166666666665,0.012968639471822552,109.73443893928942,-1,69.22,89.45430749989055,48.98569250010946
2019-09-13 00:00:00+05:30,67.0,69.5,64.1,68.55,278285524,69.10000000000001,69.67500000000001,68.525,0.016642547033285174,109.73443893928942,-1,68.71799999999999,88.36257950682904,49.07342049317095
2019-09-16 00:00:00+05:30,67.6,68.2,65.95,67.05,128189225,67.38333333333333,66.8,67.96666666666665,0.01731387583477602,109.73443893928942,-1,67.986,86.4237768725009,49.548223127499114
2019-09-17 00:00:00+05:30,67.1,68.8,64.65,65.1,150932029,67.06666666666666,67.075,67.05833333333332,0.0002485089463222654,109.73443893928942,-1,67.116,83.88861386904648,50.34338613095352
2019-09-18 00:00:00+05:30,66.0,66.45,61.7,64.1,186937027,66.18333333333332,66.725,65.64166666666665,0.016368672878368316,109.73443893928942,-1,66.112,80.2792659324279,51.944734067572085
2019-09-19 00:00:00+05:30,64.7,64.8,53.0,54.1,321270950,64.08333333333333,64.075,64.09166666666665,0.0002600780234067856,106.4806250226442,-1,64.99,78.31693513153472,51.66306486846527
2019-09-20 00:00:00+05:30,53.7,59.9,52.7,55.5,398347296,57.300000000000004,58.9,55.70000000000001,0.055846422338568735,103.99340002173842,-1,64.266,77.6098741001306,50.922125899869414
2019-09-23 00:00:00+05:30,57.0,57.5,52.9,55.45,221169297,56.03333333333333,56.3,55.766666666666666,0.00951814396192739,102.27366402086889,-1,63.422000000000004,76.20877691993326,50.63522308006676
2019-09-24 00:00:00+05:30,54.9,57.65,53.55,56.05,171828060,55.28333333333334,55.2,55.366666666666674,0.003014772384685042,101.93871746003413,-1,62.486000000000004,73.78153965068246,51.190460349317554
2019-09-25 00:00:00+05:30,55.9,56.85,53.1,53.7,152430784,55.75,55.599999999999994,55.900000000000006,0.005381165919282715,100.51016876163277,-1,61.568000000000005,71.78907156809605,51.34692843190396
2019-09-26 00:00:00+05:30,53.9,54.25,50.55,51.05,249670424,54.550000000000004,54.975,54.12500000000001,0.015582034830430693,97.14976201116745,-1,60.762,70.9956808627269,50.5283191372731
2019-09-27 00:00:00+05:30,50.0,52.9,48.4,48.75,306867611,51.949999999999996,52.4,51.49999999999999,0.017324350336862478,94.86977153072075,-1,60.096000000000004,71.16841328709077,49.02358671290924
2019-09-30 00:00:00+05:30,48.25,49.1,40.95,41.4,356666325,50.01666666666667,50.65,49.38333333333335,0.02532489170276544,89.75798066949193,-1,59.5,72.72113459579568,46.278865404204325
2019-10-01 00:00:00+05:30,42.0,44.3,29.0,32.0,808959169,43.81666666666667,45.025000000000006,42.608333333333334,0.05515405096995066,83.87766144271225,-1,58.41,75.46977725529109,41.3502227447089
2019-10-03 00:00:00+05:30,35.2,43.45,35.2,42.5,584506441,35.1,36.65,33.550000000000004,0.08831908831908815,83.87766144271225,-1,57.593999999999994,75.6397046412754,39.54829535872459
2019-10-04 00:00:00+05:30,45.0,45.9,40.95,42.15,512643766,40.38333333333333,39.325,41.44166666666666,0.0524143623607097,83.87766144271225,-1,56.7,75.48782584548171,37.9121741545183
2019-10-07 00:00:00+05:30,45.95,46.8,42.8,45.65,355287494,43.0,43.425,42.575,0.019767441860464984,83.87766144271225,-1,56.146,75.38233894482397,36.90966105517603
2019-10-09 00:00:00+05:30,45.45,45.45,41.05,43.25,343533101,45.083333333333336,44.8,45.366666666666674,0.012569316081331099,83.87766144271225,-1,55.58,75.45744450376236,35.702555496237636
2019-10-10 00:00:00+05:30,41.7,42.7,40.15,40.95,207266038,43.25,43.25,43.25,0.0,83.87766144271225,-1,54.82,75.4110854497803,34.2289145502197
2019-10-11 00:00:00+05:30,41.0,42.0,37.0,39.6,339478520,41.266666666666666,41.425,41.108333333333334,0.007673667205169537,83.87766144271225,-1,54.054,75.41373632796424,32.69426367203576
2019-10-14 00:00:00+05:30,39.9,41.5,38.8,40.1,223727101,39.53333333333333,39.5,39.56666666666666,0.0016863406408093478,83.87766144271225,-1,53.28,75.19660557659778,31.363394423402223
2019-10-15 00:00:00+05:30,41.1,41.45,39.0,40.6,193601940,40.13333333333333,40.15,40.11666666666667,0.0008305647840531089,83.41411018543783,-1,52.426,74.58719346967032,30.264806530329682
2019-10-16 00:00:00+05:30,40.6,42.05,39.8,41.05,188799876,40.35,40.225,40.475,0.006195786864931846,83.01654577802032,-1,51.652,73.99601002506398,29.307989974936017
2019-10-17 00:00:00+05:30,41.9,48.2,40.7,47.4,422749767,40.96666666666666,40.925,41.008333333333326,0.002034174125305011,83.01654577802032,-1,51.023999999999994,72.923792145136,29.124207854863982
2019-10-18 00:00:00+05:30,46.6,52.7,46.0,51.4,441645534,45.43333333333334,44.45,46.41666666666667,0.043286867204695566,83.01654577802032,-1,50.216,70.44648630162317,29.985513698376838
2019-10-22 00:00:00+05:30,53.0,56.6,50.25,51.8,407437580,50.03333333333333,49.35,50.71666666666666,0.02731512325116576,83.01654577802032,-1,49.57,68.48257782535643,30.657422174643575
2019-10-23 00:00:00+05:30,51.8,53.5,49.2,51.2,296722600,52.883333333333326,53.425,52.341666666666654,0.020485345099275316,83.01654577802032,-1,48.876000000000005,66.15447493270645,31.59752506729356
2019-10-24 00:00:00+05:30,51.2,52.55,47.45,48.3,230787323,51.300000000000004,51.35,51.25000000000001,0.001949317738791312,83.01654577802032,-1,48.126,63.73054087758324,32.52145912241676
2019-10-25 00:00:00+05:30,48.65,54.3,45.75,52.15,346577924,49.43333333333334,50.0,48.866666666666674,0.022926500337154262,83.01654577802032,-1,47.608000000000004,61.71191945524957,33.50408054475044
2019-10-27 00:00:00+05:30,55.2,56.45,54.15,54.75,74992659,50.73333333333333,50.025,51.441666666666656,0.027923784494086546,83.01654577802032,-1,47.23400000000001,60.001324543543504,34.466675456456514
2019-10-29 00:00:00+05:30,54.35,59.9,53.1,58.15,368611147,55.11666666666667,55.3,54.93333333333334,0.006652555185969036,83.01654577802032,-1,47.395999999999994,60.6029048607222,34.18909513927779
2019-10-30 00:00:00+05:30,59.1,59.45,56.0,56.8,256297926,57.050000000000004,56.5,57.60000000000001,0.019281332164767895,83.01654577802032,-1,47.44799999999999,60.79165706994029,34.104342930059694
2019-10-31 00:00:00+05:30,56.1,78.7,54.9,70.4,836967454,57.416666666666664,57.725,57.10833333333333,0.010740203193033515,83.01654577802032,-1,48.04599999999999,63.87839514413932,32.213604855860666
2019-11-01 00:00:00+05:30,71.0,71.85,65.0,66.6,431574597,68.0,66.8,69.2,0.035294117647058906,83.01654577802032,-1,48.46799999999999,65.63722549214627,31.298774507853707
2019-11-04 00:00:00+05:30,59.95,71.3,56.65,66.15,420997681,67.81666666666666,68.425,67.20833333333333,0.017940525927746403,83.01654577802032,-1,48.965999999999994,67.38976117952478,30.5422388204752
2019-11-05 00:00:00+05:30,70.3,72.0,67.2,68.3,294896159,64.7,63.974999999999994,65.42500000000001,0.022411128284389754,83.01654577802032,-1,49.65599999999999,69.57192970464003,29.740070295359953
2019-11-06 00:00:00+05:30,68.55,71.15,67.55,68.7,226082900,69.16666666666667,69.6,68.73333333333335,0.012530120481927408,83.01654577802032,-1,50.45399999999999,71.71413960443726,29.193860395562726
2019-11-07 00:00:00+05:30,68.0,69.3,66.0,66.45,189859140,69.13333333333333,69.35,68.91666666666666,0.006268081002893016,83.01654577802032,-1,51.456,73.2688644611422,29.64313553885781
2019-11-08 00:00:00+05:30,65.9,72.3,64.3,68.95,413106980,67.25,67.65,66.85,0.011895910780669315,83.01654577802032,-1,52.934000000000005,74.27559731604356,31.59240268395645
2019-11-11 00:00:00+05:30,70.0,73.55,69.15,73.0,263947818,68.51666666666667,68.3,68.73333333333333,0.006324495256628613,83.01654577802032,-1,54.154,76.43660164343821,31.871398356561798
2019-11-13 00:00:00+05:30,74.4,75.3,67.1,68.2,317911123,71.89999999999999,71.35,72.44999999999999,0.015299026425591021,83.01654577802032,-1,55.196000000000005,77.57193206997539,32.82006793002462
2019-11-14 00:00:00+05:30,68.85,70.8,67.1,68.75,195114955,70.19999999999999,71.19999999999999,69.19999999999999,0.028490028490028494,83.01654577802032,-1,56.12,78.74920237215954,33.49079762784045
2019-11-15 00:00:00+05:30,69.2,70.2,68.3,68.7,129526064,68.88333333333333,68.94999999999999,68.81666666666666,0.0019356399709652907,83.01654577802032,-1,57.13799999999999,79.6492110735995,34.62678892640048
2019-11-18 00:00:00+05:30,69.25,69.25,65.4,65.85,178150594,69.06666666666666,69.25,68.88333333333333,0.005308880308880419,83.01654577802032,-1,58.13400000000001,79.88261319717071,36.38538680282931
2019-11-19 00:00:00+05:30,65.0,67.25,63.05,64.15,239228500,66.83333333333333,67.325,66.34166666666665,0.014713216957606213,83.01654577802032,-1,59.11599999999999,79.60927148115071,38.62272851884927
2019-11-20 00:00:00+05:30,62.1,66.45,62.0,65.85,229215332,64.81666666666668,65.15,64.48333333333335,0.010285420416559379,83.01654577802032,-1,60.146,79.2543420526257,41.037657947374306
2019-11-21 00:00:00+05:30,66.9,66.9,63.8,64.25,133531524,64.76666666666667,64.225,65.30833333333334,0.016726711271230203,83.01654577802032,-1,61.092,78.50224250262303,43.68175749737696
2019-11-22 00:00:00+05:30,64.25,66.15,64.0,64.8,121791625,64.98333333333333,65.35,64.61666666666667,0.011284944857655604,83.01654577802032,-1,62.042,77.45100204426426,46.632997955735746
2019-11-25 00:00:00+05:30,64.95,65.5,62.3,63.75,171923335,64.98333333333333,65.075,64.89166666666667,0.0028212362144140104,83.01654577802032,-1,62.696000000000005,76.90484006526003,48.48715993473998
2019-11-26 00:00:00+05:30,64.6,67.5,62.55,63.15,399791670,63.85,63.9,63.800000000000004,0.0015661707126075851,83.01654577802032,-1,63.166000000000004,76.60566428152644,49.72633571847356
2019-11-27 00:00:00+05:30,68.1,69.0,65.65,68.25,254612192,64.4,65.025,63.775000000000006,0.019409937888198756,83.01654577802032,-1,63.824,76.56599733166415,51.08200266833584
2019-11-28 00:00:00+05:30,69.0,70.65,68.35,70.05,223021365,67.63333333333334,67.325,67.94166666666668,0.009117792015771427,83.01654577802032,-1,64.578,76.44341461560172,52.71258538439828
2019-11-29 00:00:00+05:30,72.0,74.0,67.55,68.3,428332393,69.68333333333334,69.5,69.86666666666667,0.00526189906720891,83.01654577802032,-1,65.378,75.27996263374759,55.47603736625241
2019-12-02 00:00:00+05:30,69.0,69.3,63.05,64.05,361756071,69.95,70.775,69.125,0.02358827734095791,83.01654577802032,-1,65.854,74.18634276780142,57.521657232198585
2019-12-03 00:00:00+05:30,64.1,65.25,59.0,59.5,297142445,65.46666666666665,66.175,64.75833333333331,0.021639511201629623,83.01654577802032,-1,66.044,73.52834739974917,58.55965260025083
2019-12-04 00:00:00+05:30,58.55,63.45,56.65,63.0,340845428,61.25,62.125,60.375,0.02857142857142857,83.01654577802032,-1,66.238,73.12109697738829,59.35490302261171
2019-12-05 00:00:00+05:30,63.0,64.0,60.85,62.1,224990595,61.03333333333333,60.05,62.016666666666666,0.03222282905516115,83.01654577802032,-1,66.45,72.42367558544414,60.47632441455586
2019-12-06 00:00:00+05:30,60.1,60.75,55.15,56.0,282441286,62.31666666666666,62.425,62.20833333333333,0.003476865472051381,83.01654577802032,-1,65.874,72.89779498562795,58.85020501437204
2019-12-09 00:00:00+05:30,56.0,58.85,53.75,56.25,314839590,57.300000000000004,57.95,56.650000000000006,0.02268760907504358,83.01654577802032,-1,65.46,73.42135666831558,57.4986433316844
2019-12-10 00:00:00+05:30,54.8,56.35,48.55,50.55,345518744,56.28333333333333,56.3,56.266666666666666,0.0005922416345868778,83.01654577802032,-1,64.836,74.70102995434551,54.97097004565448
2019-12-11 00:00:00+05:30,47.25,49.4,40.75,42.8,661012673,51.81666666666666,52.45,51.18333333333332,0.024445159215181988,83.01654577802032,-1,63.816,76.81334495964988,50.81865504035012
2019-12-12 00:00:00+05:30,43.15,48.8,42.8,45.35,398199436,44.31666666666666,45.075,43.55833333333332,0.03422339225272689,83.01654577802032,-1,62.882,77.58519366668813,48.17880633331187
2019-12-13 00:00:00+05:30,45.5,47.65,45.4,46.65,201459985,45.65,45.8,45.5,0.006571741511500486,83.01654577802032,-1,62.09,78.0209258990223,46.159074100977705
2019-12-16 00:00:00+05:30,47.25,48.0,45.95,46.8,172273653,46.56666666666666,46.525,46.60833333333333,0.0017895490336434202,83.01654577802032,-1,61.20399999999999,77.95303985308234,44.45496014691764
2019-12-17 00:00:00+05:30,47.4,48.2,46.85,47.6,130789036,46.916666666666664,46.975,46.85833333333333,0.002486678507993057,83.01654577802032,-1,60.187999999999995,77.0328515576761,43.343148442323894
2019-12-18 00:00:00+05:30,48.0,48.2,46.0,46.75,130282558,47.550000000000004,47.525000000000006,47.575,0.0010515247108306446,83.01654577802032,-1,59.32999999999999,76.63394174747893,42.026058252521054
2019-12-19 00:00:00+05:30,46.0,51.4,44.95,49.9,307936405,46.98333333333333,47.1,46.86666666666665,0.00496630010642104,83.01654577802032,-1,58.57599999999999,75.8149818724931,41.33701812750688
2019-12-20 00:00:00+05:30,49.5,53.5,48.3,51.4,359647922,48.75,48.175,49.325,0.023589743589743705,83.01654577802032,-1,57.88400000000001,74.82823134875547,40.93976865124455
2019-12-23 00:00:00+05:30,50.75,52.3,48.7,49.65,276776855,51.06666666666666,50.9,51.23333333333333,0.006527415143603041,83.01654577802032,-1,57.236,74.15114161927556,40.320858380724424
2019-12-24 00:00:00+05:30,50.15,52.0,50.05,51.2,242779981,50.21666666666667,50.5,49.93333333333334,0.011284434118818378,83.01654577802032,-1,56.718,73.54742375722205,39.888576242777965
2019-12-26 00:00:00+05:30,51.0,51.6,48.25,48.65,216380349,51.083333333333336,51.025,51.14166666666667,0.0022838499184340798,83.01654577802032,-1,56.03,72.71556262162444,39.34443737837556
2019-12-27 00:00:00+05:30,49.5,49.75,47.65,48.0,154956583,49.5,49.925,49.075,0.017171717171717057,83.01654577802032,-1,55.38,71.99998796630588,38.760012033694125
2019-12-30 00:00:00+05:30,47.9,48.95,46.65,47.35,152510288,48.46666666666667,48.7,48.233333333333334,0.009628610729023422,81.86182908432103,-1,54.681999999999995,71.12567063645321,38.23832936354678
2019-12-31 00:00:00+05:30,47.3,48.05,46.35,46.95,141422188,47.65,47.8,47.5,0.006295907660020927,80.37535592094818,-1,54.01,70.28872230858904,37.73127769141095
2020-01-01 00:00:00+05:30,46.95,47.5,46.5,46.65,102291841,47.116666666666674,47.2,47.033333333333346,0.003537318712415787,79.12834168411027,-1,53.349999999999994,69.42965173752702,37.270348262472965
2020-01-02 00:00:00+05:30,46.8,48.5,46.4,47.35,122242838,46.88333333333333,47.0,46.766666666666666,0.004976892996800589,78.88120801674586,-1,52.514,67.5472303913749,37.48076960862511
2020-01-03 00:00:00+05:30,47.35,48.25,46.85,47.1,94827592,47.416666666666664,47.45,47.383333333333326,0.0014059753954307997,78.11595969607602,-1,51.596,64.94197827063117,38.25002172936882
2020-01-06 00:00:00+05:30,46.75,46.75,45.0,45.15,102880221,47.4,47.55,47.25,0.006329113924050573,75.80632130823298,-1,50.67,62.361432760793754,38.97856723920625
2020-01-07 00:00:00+05:30,45.7,46.4,43.95,45.05,111094678,45.63333333333333,45.875,45.391666666666666,0.010591672753834937,74.59506845590366,-1,49.91,60.43562587213524,39.38437412786475
2020-01-08 00:00:00+05:30,46.25,47.2,45.3,46.05,140074287,45.133333333333326,45.175,45.091666666666654,0.0018463810930578173,74.59506845590366,-1,49.372,59.23607948062889,39.50792051937111
2020-01-09 00:00:00+05:30,47.0,48.5,46.3,47.3,152025694,46.18333333333334,46.25,46.116666666666674,0.002887044388307306,74.59506845590366,-1,48.744,56.910630639386426,40.577369360613574
2020-01-10 00:00:00+05:30,47.95,48.35,43.8,44.75,303072426,47.36666666666667,47.4,47.333333333333336,0.0014074595355382732,74.59135688540238,-1,48.05,54.27723052409066,41.82276947590933
2020-01-13 00:00:00+05:30,43.4,43.9,41.05,42.1,194734026,45.63333333333333,46.075,45.19166666666666,0.019357195032870853,70.88670260998629,-1,47.49400000000001,53.24672596254746,41.741274037452555
2020-01-14 00:00:00+05:30,41.75,41.75,36.55,38.55,314975429,42.349999999999994,42.474999999999994,42.224999999999994,0.00590318772136954,67.97923450558683,-1,46.786,52.40927449091443,41.162725509085575
2020-01-15 00:00:00+05:30,38.45,41.1,36.65,39.75,400694734,38.949999999999996,39.15,38.74999999999999,0.010269576379974473,67.79706512536336,-1,46.354,52.397900727193466,40.31009927280653
2020-01-16 00:00:00+05:30,40.15,40.9,39.75,39.95,126354618,39.166666666666664,38.875,39.45833333333333,0.014893617021276475,67.79706512536336,-1,46.24,52.64449841909341,39.835501580906595
2020-01-17 00:00:00+05:30,37.6,39.55,37.0,39.25,125635833,40.2,40.325,40.075,0.006218905472636815,66.06469521953487,-1,45.996,52.95806406176864,39.033935938231366
2020-01-20 00:00:00+05:30,39.5,40.2,38.45,38.65,89703186,38.6,38.275,38.925000000000004,0.016839378238342115,66.06469521953487,-1,45.675999999999995,53.201057873542965,38.150942126457025
2020-01-21 00:00:00+05:30,38.6,39.2,38.1,38.35,67215936,39.1,39.325,38.875,0.011508951406649688,65.03938311432334,-1,45.338,53.372589224109205,37.3034107758908
2020-01-22 00:00:00+05:30,38.7,39.0,38.0,38.45,62400795,38.550000000000004,38.650000000000006,38.45,0.005188067444876857,64.11380778975041,-1,44.97200000000001,53.38575445328496,36.55824554671506
2020-01-23 00:00:00+05:30,38.55,41.4,38.35,40.95,178774952,38.483333333333334,38.5,38.46666666666667,0.0008661758336941907,64.11380778975041,-1,44.74,53.26398967621225,36.216010323787756
2020-01-24 00:00:00+05:30,41.2,45.0,41.1,42.8,289854100,40.233333333333334,39.875,40.59166666666667,0.0178127589063795,64.11380778975041,-1,44.456,52.743210387106956,36.16878961289305
2020-01-27 00:00:00+05:30,42.3,43.45,41.85,42.4,134241973,42.96666666666666,43.05,42.883333333333326,0.0038789759503492184,64.11380778975041,-1,44.096,51.91397518544118,36.27802481455881
2020-01-28 00:00:00+05:30,42.5,43.3,41.25,41.65,106167368,42.56666666666667,42.650000000000006,42.483333333333334,0.003915426781519297,64.11380778975041,-1,43.776,51.30812426876873,36.24387573123128
2020-01-29 00:00:00+05:30,41.85,42.35,41.0,41.2,141475654,42.06666666666666,42.275,41.85833333333333,0.00990491283676715,64.11380778975041,-1,43.376000000000005,50.32841655830371,36.4235834416963
2020-01-30 00:00:00+05:30,40.8,40.85,38.55,39.05,150556233,41.516666666666666,41.675,41.358333333333334,0.0076274588518666295,63.43913498199362,-1,42.992,49.795686059789666,36.18831394021033
2020-01-31 00:00:00+05:30,39.3,40.2,38.7,39.25,117636393,39.483333333333334,39.7,39.266666666666666,0.01097509497678355,62.65956958271387,-1,42.641999999999996,49.27734053385182,36.00665946614817
2020-02-01 00:00:00+05:30,39.15,40.2,37.6,37.9,101654980,39.38333333333333,39.45,39.31666666666666,0.00338552687261972,61.90918679940532,-1,42.263999999999996,48.86003032135069,35.6679696786493
2020-02-03 00:00:00+05:30,37.95,38.4,35.7,36.0,148030362,38.56666666666667,38.900000000000006,38.233333333333334,0.01728608470181516,59.8948193274291,-1,41.82599999999999,48.571731687532385,35.0802683124676
2020-02-04 00:00:00+05:30,36.15,36.4,34.45,34.95,138230643,36.699999999999996,37.05,36.349999999999994,0.01907356948228891,57.90202655433193,-1,41.358000000000004,48.32005027274147,34.39594972725854
2020-02-05 00:00:00+05:30,35.1,39.7,34.05,37.6,281100614,35.266666666666666,35.425,35.108333333333334,0.008979206049149232,57.90202655433193,-1,40.968,47.62958419598374,34.30641580401627
2020-02-06 00:00:00+05:30,37.9,39.5,37.8,38.55,135268292,37.11666666666667,36.875,37.358333333333334,0.01302200269420748,57.90202655433193,-1,40.626000000000005,46.857219463329876,34.39478053667013
2020-02-07 00:00:00+05:30,38.8,39.95,38.15,38.7,127163152,38.61666666666667,38.65,38.583333333333336,0.0017263703064306312,57.90202655433193,-1,40.367999999999995,46.35805041716524,34.37794958283475
2020-02-10 00:00:00+05:30,40.0,40.75,37.1,37.55,142245961,38.93333333333333,39.05,38.81666666666666,0.005993150684931532,57.90202655433193,-1,40.068000000000005,45.837220397955186,34.298779602044824
2020-02-11 00:00:00+05:30,37.75,38.1,36.7,36.85,96791648,38.46666666666666,38.925,38.008333333333326,0.023830155979202898,57.90202655433193,-1,39.7,45.054773571327075,34.34522642867293
2020-02-12 00:00:00+05:30,36.75,36.75,35.05,35.2,101372754,37.21666666666667,37.400000000000006,37.03333333333333,0.009852216748768676,57.503941746130366,-1,39.216,43.87807850643722,34.55392149356278
2020-02-13 00:00:00+05:30,36.95,38.0,36.0,37.2,168339964,35.666666666666664,35.9,35.43333333333333,0.013084112149532765,57.503941746130366,-1,38.914,43.051682443129785,34.77631755687022
2020-02-14 00:00:00+05:30,37.5,40.2,37.5,38.9,187898337,37.06666666666667,37.0,37.13333333333334,0.003597122302158452,57.503941746130366,-1,38.786,42.71420773383801,34.857792266161994
2020-02-17 00:00:00+05:30,39.5,40.1,36.6,37.15,116075992,38.86666666666667,38.85,38.88333333333333,0.0008576329331045824,57.503941746130366,-1,38.73,42.709648225683374,34.75035177431662
2020-02-18 00:00:00+05:30,37.35,37.5,33.65,35.05,229070225,37.949999999999996,38.35,37.54999999999999,0.021080368906456166,57.41081062851623,-1,38.542,42.74872604292046,34.33527395707954
2020-02-19 00:00:00+05:30,34.0,36.2,33.6,35.3,127701131,35.4,35.575,35.224999999999994,0.009887005649717756,56.59037820337558,-1,38.356,42.70601793101886,34.00598206898114
2020-02-20 00:00:00+05:30,35.3,36.5,34.65,35.45,119436898,35.03333333333334,34.900000000000006,35.16666666666667,0.007611798287345357,56.59037820337558,-1,38.20399999999999,42.68211746163338,33.725882538366605
2020-02-24 00:00:00+05:30,35.5,35.9,34.15,34.95,105851722,35.53333333333334,35.575,35.491666666666674,0.0023452157598497724,56.00213255223093,-1,38.056,42.70661888356659,33.405381116433404
2020-02-25 00:00:00+05:30,35.25,36.0,34.75,35.15,88184594,35.0,35.025,34.975,0.0014285714285713475,55.86304725014169,-1,37.928,42.713401132631034,33.14259886736896
2020-02-26 00:00:00+05:30,34.9,37.05,34.45,36.55,149229469,35.300000000000004,35.375,35.22500000000001,0.004249291784702307,55.86304725014169,-1,37.852000000000004,42.66211268061224,33.04188731938777
2020-02-27 00:00:00+05:30,37.3,37.95,36.0,36.8,164315370,36.016666666666666,35.75,36.28333333333333,0.014807959278111934,55.86304725014169,-1,37.686,42.340934586026634,33.031065413973366
2020-02-28 00:00:00+05:30,35.15,35.85,34.3,34.6,141720001,36.916666666666664,36.975,36.85833333333333,0.0031602708803613795,55.09659777190136,-1,37.358000000000004,41.66814431315097,33.04785568684904
2020-03-02 00:00:00+05:30,35.2,35.55,29.8,31.55,127750922,34.916666666666664,35.075,34.758333333333326,0.009069212410501492,53.505733861025305,-1,36.924,41.300493573648716,32.54750642635128
2020-03-03 00:00:00+05:30,32.45,33.3,30.5,31.2,164268356,32.3,32.675,31.924999999999997,0.02321981424148607,52.68150450658429,-1,36.506,40.99191752043986,32.02008247956014
2020-03-04 00:00:00+05:30,31.5,31.7,28.7,29.3,202851281,31.666666666666668,31.9,31.433333333333337,0.014736842105262993,50.99024432632092,-1,36.03,40.92897948558578,31.131020514414224
2020-03-05 00:00:00+05:30,29.4,37.85,28.0,36.8,784703310,29.900000000000002,30.2,29.600000000000005,0.020066889632106833,50.99024432632092,-1,35.94,40.69428228023857,31.185717719761428
2020-03-06 00:00:00+05:30,33.15,33.15,5.65,16.15,1264917719,34.21666666666666,32.925,35.508333333333326,0.07549926936190927,49.929969171137365,-1,35.016,43.965758432504884,26.066241567495112
2020-03-09 00:00:00+05:30,17.0,22.8,16.2,21.25,727571816,18.316666666666666,19.4,17.233333333333334,0.11828935395814363,49.929969171137365,-1,34.35,44.70922777045633,23.990772229543673
2020-03-11 00:00:00+05:30,23.35,29.6,23.35,28.8,413676527,20.083333333333332,19.5,20.666666666666664,0.058091286307053826,49.929969171137365,-1,34.062,44.6201543841807,23.503845615819294
2020-03-12 00:00:00+05:30,28.7,28.7,17.45,25.05,337812521,27.25,26.475,28.025,0.05688073394495403,49.929969171137365,-1,33.666000000000004,44.78875936987738,22.543240630122625
2020-03-13 00:00:00+05:30,22.55,27.7,21.35,25.55,276663954,23.733333333333334,23.075,24.39166666666667,0.055477528089887776,49.929969171137365,-1,33.184,44.622941209753456,21.74505879024654
2020-03-16 00:00:00+05:30,26.7,40.4,26.05,37.1,166521851,24.866666666666664,24.525,25.20833333333333,0.02747989276139397,49.929969171137365,-1,33.126,44.46983074627774,21.782169253722262
2020-03-17 00:00:00+05:30,40.8,64.9,40.8,58.65,223463025,34.51666666666667,33.225,35.808333333333344,0.07484307098020306,9.222456783902288,1,33.924,48.93733060983453,18.91066939016547
2020-03-18 00:00:00+05:30,64.5,87.3,49.9,60.45,364152383,54.78333333333333,52.85,56.71666666666666,0.07058107696988124,16.24555851254619,1,34.84,53.07515286473334,16.604847135266663
2020-03-19 00:00:00+05:30,61.65,61.8,42.8,53.85,147327988,65.88333333333333,68.6,63.16666666666666,0.08246901087781439,16.24555851254619,1,35.52,55.213795977418656,15.826204022581347
2020-03-20 00:00:00+05:30,59.2,67.3,41.25,45.85,118192981,52.81666666666666,52.3,53.33333333333333,0.01956453139791729,16.24555851254619,1,35.946,56.05014723384681,15.841852766153188
2020-03-23 00:00:00+05:30,41.3,49.5,39.25,39.75,93894255,51.46666666666667,54.275,48.65833333333334,0.10913212435233147,16.24555851254619,1,36.047999999999995,56.20237381811179,15.893626181888202
2020-03-24 00:00:00+05:30,43.65,43.7,34.55,35.0,79664287,42.833333333333336,44.375,41.29166666666667,0.07198443579766525,16.24555851254619,1,35.891999999999996,56.01600914331412,15.767990856685874
2020-03-25 00:00:00+05:30,35.3,35.5,28.5,29.6,95160537,37.75,39.125,36.375,0.0728476821192053,16.24555851254619,1,35.59,55.85553724923648,15.32446275076353
2020-03-26 00:00:00+05:30,29.35,31.0,25.2,26.6,119575530,31.2,32.0,30.4,0.05128205128205133,16.24555851254619,1,35.252,55.82187078229204,14.682129217707963
2020-03-27 00:00:00+05:30,29.05,33.25,26.0,26.35,118572207,27.600000000000005,28.1,27.10000000000001,0.03623188405797075,16.24555851254619,1,34.894,55.7575053622394,14.030494637760594
2020-03-30 00:00:00+05:30,27.65,27.7,24.55,24.9,54983098,28.53333333333333,29.625,27.441666666666663,0.07651869158878519,16.24555851254619,1,34.472,55.697099858426895,13.246900141573107
2020-03-31 00:00:00+05:30,25.55,25.55,22.05,22.45,75272601,25.71666666666667,26.125,25.308333333333337,0.031756318859364724,16.24555851254619,1,33.972,55.71120108928096,12.232798910719044
2020-04-01 00:00:00+05:30,22.0,24.65,20.25,23.95,90387201,23.349999999999998,23.8,22.899999999999995,0.03854389721627434,16.24555851254619,1,33.524,55.60653825990562,11.441461740094386
2020-04-03 00:00:00+05:30,24.5,24.95,22.8,24.1,45326980,22.95,22.45,23.45,0.04357298474945534,16.24555851254619,1,33.025999999999996,55.37306459471123,10.678935405288762
2020-04-07 00:00:00+05:30,25.4,25.4,23.8,24.55,35071970,23.95,23.875,24.025,0.006263048016701403,16.24555851254619,1,32.536,55.06701897385463,10.00498102614537
2020-04-08 00:00:00+05:30,24.5,25.5,23.3,24.75,37250348,24.583333333333332,24.6,24.566666666666663,0.0013559322033900425,16.24555851254619,1,32.141999999999996,54.858596223910794,9.425403776089198
2020-04-09 00:00:00+05:30,25.0,25.3,24.5,24.9,26334529,24.516666666666666,24.4,24.633333333333333,0.009517335146159114,16.24555851254619,1,31.876000000000005,54.76914517492516,8.982854825074853
2020-04-13 00:00:00+05:30,25.0,25.0,23.55,24.1,26107072,24.899999999999995,24.9,24.89999999999999,2.8535852841771097e-16,16.24555851254619,1,31.592,54.68691164737807,8.497088352621926
2020-04-15 00:00:00+05:30,24.1,25.95,23.85,24.5,39619400,24.21666666666667,24.275,24.15833333333334,0.004817618719889609,16.24555851254619,1,31.4,54.64724499806805,8.152755001931954
2020-04-16 00:00:00+05:30,24.3,24.95,24.05,24.6,18765964,24.766666666666666,24.9,24.633333333333333,0.010767160161507364,16.24555851254619,1,30.912,54.19750244251132,7.626497557488676
2020-04-17 00:00:00+05:30,25.1,25.5,24.7,25.1,26605391,24.53333333333333,24.5,24.566666666666663,0.0027173913043476716,16.24555851254619,1,31.27,53.902719677497885,8.637280322502114
2020-04-20 00:00:00+05:30,25.6,30.1,25.1,29.45,114977373,25.100000000000005,25.1,25.10000000000001,2.830847552829084e-16,16.24555851254619,1,31.598000000000003,53.875243635607156,9.32075636439285
2020-04-21 00:00:00+05:30,29.4,30.45,27.55,29.65,76224557,28.21666666666667,27.6,28.833333333333336,0.04370939161252218,16.24555851254619,1,31.632,53.894648180308636,9.36935181969137
2020-04-22 00:00:00+05:30,29.0,30.3,28.8,29.6,35026262,29.21666666666667,29.0,29.433333333333337,0.014831717056474744,16.24555851254619,1,31.814,53.93236377312297,9.695636226877024
2020-04-23 00:00:00+05:30,29.6,29.9,27.85,28.3,33488476,29.566666666666666,29.55,29.583333333333332,0.0011273957158962156,16.24555851254619,1,31.924,53.943793277871585,9.904206722128414
2020-04-24 00:00:00+05:30,28.05,28.15,26.3,26.6,34135568,28.683333333333334,28.875,28.491666666666667,0.013364323067983713,16.24555851254619,1,31.504,53.51341471280415,9.494585287195857
2020-04-27 00:00:00+05:30,26.8,27.7,25.9,27.05,32510645,27.01666666666667,27.225,26.808333333333337,0.015422578655151052,16.24555851254619,1,30.24,49.300241341604305,11.179758658395691
2020-04-28 00:00:00+05:30,27.25,27.8,26.85,27.25,18704468,26.88333333333333,26.799999999999997,26.96666666666666,0.006199628022318574,16.24555851254619,1,28.912,43.46005224077109,14.363947759228909
2020-04-29 00:00:00+05:30,27.0,29.35,26.6,28.05,42492004,27.3,27.325000000000003,27.275,0.0018315018315019876,16.24555851254619,1,27.880000000000006,38.27230484542322,17.48769515457679
2020-04-30 00:00:00+05:30,28.7,28.95,27.7,27.9,32094929,28.0,27.975,28.025,0.0017857142857141842,16.24555851254619,1,27.162000000000003,34.52885984665164,19.79514015334836
2020-05-04 00:00:00+05:30,27.5,27.65,26.6,27.05,22743110,28.183333333333334,28.325,28.041666666666668,0.010053222945002889,16.24555851254619,1,26.654,31.934827207948516,21.373172792051484
2020-05-05 00:00:00+05:30,27.4,27.65,26.5,26.6,16870245,27.099999999999998,27.125,27.074999999999996,0.0018450184501846592,16.24555851254619,1,26.318,30.3542239779539,22.281776022046103
2020-05-06 00:00:00+05:30,26.4,26.75,25.0,26.3,22891215,26.916666666666668,27.075,26.758333333333336,0.0117647058823528,16.24555851254619,1,26.186,29.993626032084855,22.378373967915145
2020-05-07 00:00:00+05:30,25.75,31.55,25.55,28.1,99686585,26.016666666666666,25.875,26.15833333333333,0.010890454836643105,16.24555851254619,1,26.246,30.124445049270406,22.36755495072959
2020-05-08 00:00:00+05:30,28.1,28.8,26.65,27.05,28714694,28.400000000000002,28.55,28.250000000000004,0.01056338028169004,16.24555851254619,1,26.274,30.16513042703661,22.382869572963394
2020-05-11 00:00:00+05:30,27.25,28.05,26.7,27.8,29809727,27.5,27.725,27.275,0.016363636363636466,16.24555851254619,1,26.39,30.283276255316316,22.496723744683685
2020-05-12 00:00:00+05:30,27.7,28.4,26.85,27.95,21395834,27.516666666666666,27.375,27.65833333333333,0.01029678982434881,16.24555851254619,1,26.61,30.197422473059092,23.022577526940907
2020-05-13 00:00:00+05:30,29.0,29.45,28.1,28.65,25829898,27.733333333333334,27.625,27.84166666666667,0.007812500000000068,16.24555851254619,1,26.798000000000002,30.299711581528243,23.29628841847176
2020-05-14 00:00:00+05:30,28.4,28.8,27.9,28.2,13377407,28.73333333333333,28.775,28.691666666666663,0.0029002320185615676,16.24555851254619,1,26.962,30.32417548623041,23.59982451376959
2020-05-15 00:00:00+05:30,28.2,29.0,27.3,28.7,23447394,28.3,28.35,28.25,0.00353356890459369,16.24555851254619,1,27.128,30.406179982888123,23.849820017111877
2020-05-18 00:00:00+05:30,28.65,28.65,26.8,27.55,20466695,28.333333333333332,28.15,28.516666666666666,0.012941176470588253,16.24555851254619,1,27.24,30.37368792323169,24.106312076768308
2020-05-19 00:00:00+05:30,27.7,28.0,27.1,27.4,16161651,27.666666666666668,27.725,27.608333333333334,0.004216867469879535,16.24555851254619,1,27.34,30.32462727994769,24.35537272005231
2020-05-20 00:00:00+05:30,27.15,27.6,27.1,27.15,9932936,27.5,27.55,27.45,0.003636363636363688,16.24555851254619,1,27.462000000000003,30.140548860896086,24.78345113910392
2020-05-21 00:00:00+05:30,27.2,27.6,26.8,26.9,12109506,27.28333333333333,27.35,27.21666666666666,0.004886988393402809,16.24555851254619,1,27.558000000000003,29.963107897830685,25.15289210216932
2020-05-22 00:00:00+05:30,26.95,27.0,26.0,26.55,14604827,27.100000000000005,27.200000000000003,27.000000000000007,0.0073800738007378484,16.24555851254619,1,27.636,29.762691326969517,25.509308673030482
2020-05-26 00:00:00+05:30,26.95,28.15,26.35,27.4,19431968,26.516666666666666,26.5,26.53333333333333,0.0012570710245128137,16.24555851254619,1,27.728,29.590488657739204,25.8655113422608
2020-05-27 00:00:00+05:30,27.45,27.9,27.35,27.6,12273293,27.3,27.25,27.35,0.003663003663003715,16.24555851254619,1,27.653999999999996,29.378858255106,25.929141744893993
2020-05-28 00:00:00+05:30,27.85,28.8,26.85,27.0,27673481,27.616666666666664,27.625,27.608333333333327,0.0006035003017503739,16.24555851254619,1,27.548,29.08461446049669,26.011385539503305
2020-05-29 00:00:00+05:30,26.5,27.4,26.5,26.85,15150164,27.55,27.825000000000003,27.275,0.019963702359346795,16.24555851254619,1,27.438,28.748352624375496,26.127647375624502
2020-06-01 00:00:00+05:30,27.55,27.6,27.0,27.15,11175200,26.916666666666668,26.95,26.883333333333336,0.002476780185758373,16.24555851254619,1,27.392,28.658074247509933,26.125925752490065
2020-06-02 00:00:00+05:30,27.25,27.4,27.05,27.15,10006691,27.25,27.3,27.2,0.003669724770642254,16.24555851254619,1,27.414,28.642827083119432,26.18517291688057
2020-06-03 00:00:00+05:30,27.6,29.4,27.25,27.95,31713741,27.2,27.225,27.174999999999997,0.0018382352941178038,16.24555851254619,1,27.45,28.686769986783204,26.213230013216794
2020-06-04 00:00:00+05:30,28.0,28.7,27.8,27.95,12148979,28.2,28.325,28.075,0.008865248226950355,16.24555851254619,1,27.478,28.727025220004656,26.228974779995347
2020-06-05 00:00:00+05:30,28.0,29.2,28.0,28.85,18870401,28.150000000000002,28.25,28.050000000000004,0.007104795737122405,16.24555851254619,1,27.51,28.853428449977006,26.166571550022997
2020-06-08 00:00:00+05:30,29.6,32.0,29.0,30.6,49257680,28.683333333333337,28.6,28.766666666666673,0.005810575246949613,16.24555851254619,1,27.618,29.423963454837168,25.81203654516283
2020-06-09 00:00:00+05:30,31.0,31.6,29.7,29.85,23134391,30.53333333333333,30.5,30.566666666666663,0.0021834061135369938,16.24555851254619,1,27.73,29.719170681517095,25.740829318482906
2020-06-10 00:00:00+05:30,30.35,30.75,30.0,30.4,15647848,30.383333333333336,30.65,30.116666666666674,0.01755348326933596,16.24555851254619,1,27.881999999999998,30.073050889460777,25.69094911053922
2020-06-11 00:00:00+05:30,30.6,31.7,29.6,29.8,20837420,30.383333333333336,30.375,30.391666666666673,0.0005485463521669608,16.24555851254619,1,28.022000000000002,30.23795667832352,25.806043321676484
2020-06-12 00:00:00+05:30,28.0,29.7,28.0,29.5,12412232,30.366666666666664,30.65,30.08333333333333,0.01866081229418233,16.24555851254619,1,28.078000000000003,30.368516099093497,25.78748390090651
2020-06-15 00:00:00+05:30,30.0,30.8,28.8,29.0,13440399,29.066666666666666,28.85,29.28333333333333,0.014908256880733831,16.24555851254619,1,28.156,30.433949955597427,25.87805004440257
2020-06-16 00:00:00+05:30,29.5,29.95,27.55,28.4,22459083,29.53333333333333,29.8,29.266666666666662,0.018058690744921172,16.24555851254619,1,28.18,30.455082416134914,25.904917583865085
2020-06-17 00:00:00+05:30,27.35,28.3,27.05,27.65,12798061,28.633333333333336,28.75,28.516666666666673,0.00814901047729897,16.24555851254619,1,28.167999999999996,30.450959482821865,25.885040517178126
2020-06-18 00:00:00+05:30,27.7,28.2,27.4,28.0,11551012,27.666666666666668,27.675,27.658333333333335,0.0006024096385541826,16.24555851254619,1,28.142,30.417201969102162,25.866798030897836
2020-06-19 00:00:00+05:30,28.2,28.3,27.9,28.0,9275438,27.866666666666664,27.799999999999997,27.93333333333333,0.004784688995215294,16.24555851254619,1,28.134,30.409736364389857,25.858263635610143
2020-06-22 00:00:00+05:30,28.1,28.5,27.35,27.75,19374480,28.066666666666666,28.1,28.03333333333333,0.0023752969121141323,16.24555851254619,1,28.096,30.364377393690575,25.827622606309426
2020-06-23 00:00:00+05:30,27.8,27.8,27.4,27.55,16733550,27.866666666666664,27.925,27.808333333333326,0.00418660287081367,16.24555851254619,1,28.096000000000004,30.364377393690578,25.82762260630943
2020-06-24 00:00:00+05:30,27.8,27.8,27.05,27.05,14015494,27.583333333333332,27.6,27.566666666666663,0.0012084592145016994,16.24555851254619,1,28.081999999999997,30.37160782672633,25.792392173273665
2020-06-25 00:00:00+05:30,27.05,27.25,26.55,27.0,9662127,27.3,27.425,27.175,0.009157509157509158,16.24555851254619,1,28.076,30.376107823604467,25.775892176395534
2020-06-26 00:00:00+05:30,27.2,27.25,26.6,26.75,12130891,26.933333333333334,26.9,26.96666666666667,0.0024752475247525984,16.24555851254619,1,28.07,30.38309316721279,25.75690683278721
2020-06-29 00:00:00+05:30,26.8,26.9,26.0,26.1,10632406,26.866666666666664,26.925,26.808333333333326,0.0043424317617868835,16.24555851254619,1,28.052000000000003,30.418513046701104,25.685486953298902
2020-06-30 00:00:00+05:30,26.5,26.6,25.5,25.6,16166021,26.333333333333332,26.45,26.216666666666665,0.008860759493670923,16.24555851254619,1,27.98,30.524327023046894,25.435672976953107
2020-07-01 00:00:00+05:30,25.75,28.35,25.0,26.9,27490306,25.900000000000002,26.05,25.750000000000004,0.011583011583011473,16.24555851254619,1,27.952,30.527652150467283,25.37634784953272
2020-07-02 00:00:00+05:30,27.3,27.3,26.05,26.25,15605957,26.75,26.675,26.825,0.005607476635513965,16.24555851254619,1,27.922000000000004,30.558069801846454,25.285930198153554
2020-07-03 00:00:00+05:30,26.5,26.55,25.8,26.15,14816009,26.53333333333333,26.675,26.391666666666662,0.010678391959799192,16.24555851254619,1,27.894000000000002,30.589228376261804,25.1987716237382
2020-07-06 00:00:00+05:30,26.4,26.45,25.95,26.05,12734350,26.166666666666668,26.175,26.158333333333335,0.0006369426751591994,16.24555851254619,1,27.85,30.62704879327082,25.072951206729183
2020-07-07 00:00:00+05:30,26.05,26.1,25.5,25.75,19466396,26.150000000000002,26.2,26.100000000000005,0.003824091778202459,16.24555851254619,1,27.793999999999997,30.679594566152183,24.90840543384781
2020-07-08 00:00:00+05:30,25.2,27.1,24.0,26.05,33211696,25.78333333333333,25.8,25.766666666666662,0.0012928248222367892,16.24555851254619,1,27.718000000000004,30.682170035643566,24.75382996435644
2020-07-09 00:00:00+05:30,27.5,27.5,26.2,26.65,42188239,25.71666666666667,25.55,25.883333333333336,0.012961762799740855,16.24555851254619,1,27.666,30.65755076844891,24.67444923155109
2020-07-10 00:00:00+05:30,26.7,26.75,24.2,25.55,54312841,26.78333333333333,26.85,26.71666666666666,0.0049782202862479145,16.24555851254619,1,27.533999999999995,30.595335656246714,24.472664343753276
2020-07-13 00:00:00+05:30,22.05,23.5,21.0,22.05,70087262,25.5,25.475,25.525,0.0019607843137253787,16.24555851254619,1,27.192000000000004,30.68653058367046,23.697469416329547
2020-07-14 00:00:00+05:30,21.8,21.8,20.3,20.95,36853467,22.183333333333334,22.25,22.116666666666667,0.006010518407212601,16.24555851254619,1,26.836,30.93580682474295,22.736193175257046
2020-07-15 00:00:00+05:30,20.5,22.0,20.3,20.45,43266944,21.016666666666666,21.05,20.98333333333333,0.0031720856463126083,16.24555851254619,1,26.438000000000002,30.984143860483268,21.891856139516737
2020-07-16 00:00:00+05:30,20.0,20.25,18.7,19.2,38231469,20.916666666666668,21.15,20.683333333333337,0.022310756972111302,16.24555851254619,1,26.014,31.163953009514795,20.864046990485203
2020-07-17 00:00:00+05:30,18.4,20.4,18.1,19.8,71216655,19.383333333333336,19.475,19.29166666666667,0.009458297506448667,16.24555851254619,1,25.625999999999998,31.117238111775087,20.134761888224908
2020-07-20 00:00:00+05:30,19.8,19.95,18.7,19.45,36859961,19.433333333333334,19.25,19.616666666666667,0.01886792452830191,16.24555851254619,1,25.244,31.062200409079427,19.425799590920573
2020-07-21 00:00:00+05:30,19.0,19.45,18.8,19.3,27568130,19.366666666666664,19.325,19.408333333333328,0.0043029259896727335,16.24555851254619,1,24.88,30.993983971209992,18.766016028790006
2020-07-22 00:00:00+05:30,18.65,19.0,18.05,18.25,47895059,19.183333333333334,19.125,19.241666666666667,0.006081668114682909,16.24555851254619,1,24.504,31.032455866452146,17.975544133547857
2020-07-23 00:00:00+05:30,14.6,16.45,14.6,14.75,453542330,18.433333333333334,18.525,18.34166666666667,0.009945750452079386,29.12172786379878,-1,23.974,31.37427675159615,16.57372324840385
2020-07-24 00:00:00+05:30,14.0,14.4,13.55,13.65,455416170,15.266666666666666,15.524999999999999,15.008333333333333,0.03384279475982527,27.36385874924683,-1,23.4,31.64053396329483,15.159466036705169
2020-07-27 00:00:00+05:30,12.3,12.3,12.3,12.3,299502649,13.866666666666667,13.975000000000001,13.758333333333333,0.015625000000000135,25.53130439927696,-1,22.782000000000004,31.895983980686864,13.668016019313141
2020-07-28 00:00:00+05:30,11.1,11.95,11.1,11.9,1057437063,12.300000000000002,12.3,12.300000000000004,2.888385104715854e-16,24.56305222330588,-1,22.156,31.99503735129702,12.316962648702976
2020-07-29 00:00:00+05:30,12.0,12.3,11.65,11.7,596484508,11.649999999999999,11.524999999999999,11.774999999999999,0.021459227467811162,24.56305222330588,-1,21.541999999999998,31.98034009793794,11.103659902062056
2020-07-30 00:00:00+05:30,11.95,12.1,11.85,11.95,224040797,11.883333333333335,11.975000000000001,11.791666666666668,0.015427769985974773,24.277588928998696,-1,20.94,31.778081010964087,10.101918989035918
2020-07-31 00:00:00+05:30,12.05,12.1,11.9,11.95,120256191,11.966666666666667,11.975,11.958333333333334,0.0013927576601670518,23.86648537183875,-1,20.348,31.465211161088078,9.230788838911918
2020-08-03 00:00:00+05:30,12.0,12.05,11.9,12.0,90338901,11.983333333333334,12.0,11.966666666666669,0.0027816411682891323,23.408825956965202,-1,19.784,31.10550944000942,8.462490559990576
2020-08-04 00:00:00+05:30,12.3,12.4,12.15,12.25,157100547,11.983333333333334,11.975000000000001,11.991666666666667,0.0013908205841445661,23.36347291868659,-1,19.25,30.682654984745383,7.817345015254615
2020-08-05 00:00:00+05:30,12.25,12.85,12.2,12.85,372810294,12.266666666666666,12.275,12.258333333333331,0.0013586956521741255,23.351934001939128,-1,18.688,29.94109841777919,7.434901582220807
2020-08-06 00:00:00+05:30,13.45,13.45,13.15,13.45,426044874,12.633333333333333,12.524999999999999,12.741666666666667,0.017150395778364268,23.351934001939128,-1,18.176,29.168001455614238,7.18399854438576
2020-08-07 00:00:00+05:30,14.0,14.1,13.35,14.1,706276532,13.35,13.3,13.399999999999999,0.007490636704119691,23.351934001939128,-1,17.694000000000003,28.29491769613492,7.093082303865085
2020-08-10 00:00:00+05:30,14.5,14.8,14.3,14.8,221530509,13.85,13.725,13.975,0.018050541516245487,23.351934001939128,-1,17.244,27.33051852723363,7.157481472766369
2020-08-11 00:00:00+05:30,15.5,15.5,15.5,15.5,34750937,14.633333333333335,14.55,14.716666666666669,0.011389521640091197,23.351934001939128,-1,16.834,26.31955617769607,7.3484438223039295
2020-08-12 00:00:00+05:30,16.25,16.25,16.25,16.25,31868264,15.5,15.5,15.5,0.0,23.351934001939128,-1,16.441999999999997,25.149820852557127,7.734179147442864
2020-08-13 00:00:00+05:30,17.05,17.05,15.65,15.85,722526435,16.25,16.25,16.25,0.0,23.351934001939128,-1,16.01,23.656123200696527,8.363876799303476
2020-08-14 00:00:00+05:30,15.9,15.9,15.1,15.1,190650308,16.183333333333334,16.35,16.016666666666666,0.020597322348094894,23.351934001939128,-1,15.591999999999999,22.17492822384009,9.009071776159907
2020-08-17 00:00:00+05:30,14.7,14.9,14.35,14.35,276756159,15.366666666666667,15.5,15.233333333333334,0.017353579175704927,23.351934001939128,-1,15.283999999999999,21.32795367290576,9.240046327094237
2020-08-18 00:00:00+05:30,14.1,15.05,13.9,15.05,404138747,14.533333333333333,14.625,14.441666666666666,0.012614678899082585,23.351934001939128,-1,15.048,20.63179655791931,9.464203442080693
2020-08-19 00:00:00+05:30,15.5,15.8,15.35,15.8,257897804,14.666666666666666,14.475000000000001,14.85833333333333,0.026136363636363364,23.351934001939128,-1,14.862,20.006105753212296,9.717894246787704
2020-08-20 00:00:00+05:30,15.8,16.4,15.35,15.75,401515211,15.65,15.575,15.725000000000001,0.00958466453674135,23.351934001939128,-1,14.724,19.571772271903058,9.876227728096943
2020-08-21 00:00:00+05:30,16.0,16.1,15.3,15.55,146222743,15.833333333333334,15.875,15.791666666666668,0.005263157894736767,23.351934001939128,-1,14.554,18.955356154667836,10.152643845332165
2020-08-24 00:00:00+05:30,15.25,15.45,14.8,14.8,331334545,15.65,15.700000000000001,15.6,0.006389776357827567,23.351934001939128,-1,14.368,18.293290307764867,10.442709692235132
2020-08-25 00:00:00+05:30,14.75,15.0,14.35,14.75,206511513,15.016666666666666,15.125,14.908333333333331,0.014428412874583922,23.323553464913456,-1,14.186,17.563397814921,10.808602185078998
2020-08-26 00:00:00+05:30,14.85,14.9,14.6,14.65,107574332,14.700000000000001,14.675,14.725000000000001,0.003401360544217735,23.136611326316917,-1,14.042,16.994243892403443,11.089756107596557
2020-08-27 00:00:00+05:30,14.75,14.9,14.6,14.7,99012198,14.716666666666667,14.75,14.683333333333334,0.004530011325028296,22.88514687326424,-1,14.04,16.99038980479418,11.08961019520582
2020-08-28 00:00:00+05:30,15.1,15.4,14.9,15.0,273203064,14.733333333333334,14.75,14.716666666666669,0.0022624434389138985,22.88514687326424,-1,14.094000000000001,17.063218078928077,11.124781921071925
2020-08-31 00:00:00+05:30,15.35,15.6,14.3,14.35,244901648,15.1,15.15,15.049999999999999,0.006622516556291485,22.88514687326424,-1,14.176000000000002,17.05434952711327,11.297650472886733
2020-09-01 00:00:00+05:30,14.35,15.0,13.95,14.65,171000391,14.75,14.95,14.55,0.027118644067796512,22.496530904064308,-1,14.286,17.014299103880102,11.557700896119897
2020-09-02 00:00:00+05:30,14.8,14.8,14.2,14.4,94397816,14.533333333333333,14.475,14.591666666666667,0.00802752293577985,22.368669667901738,-1,14.393999999999998,16.909761514975685,11.878238485024312
2020-09-03 00:00:00+05:30,14.4,14.8,14.2,14.6,112781463,14.466666666666667,14.5,14.433333333333334,0.0046082949308755596,22.22192288118567,-1,14.5,16.80980518664076,12.19019481335924
2020-09-04 00:00:00+05:30,14.2,14.45,14.05,14.25,85875336,14.533333333333333,14.5,14.566666666666666,0.004587155963302736,21.81704596593824,-1,14.592,16.658626236219888,12.525373763780113
2020-09-07 00:00:00+05:30,14.25,14.3,14.05,14.1,86413060,14.25,14.25,14.25,0.0,21.50936412730071,-1,14.676000000000002,16.46666914873525,12.885330851264754
2020-09-08 00:00:00+05:30,14.1,14.15,13.9,13.95,68600478,14.15,14.175,14.125,0.00353356890459369,21.13598956220868,-1,14.744000000000002,16.270648617145444,13.217351382854561
2020-09-09 00:00:00+05:30,13.7,13.75,13.3,13.65,142136762,14.0,14.025,13.975,0.003571428571428622,20.533549979720334,-1,14.776,16.1703084308115,13.3816915691885
2020-09-10 00:00:00+05:30,13.75,14.15,13.65,13.9,93293387,13.566666666666668,13.525,13.608333333333336,0.0061425061425063165,20.533549979720334,-1,14.794,16.129760457653987,13.458239542346014
2020-09-11 00:00:00+05:30,14.35,14.55,14.25,14.55,147448561,13.9,13.9,13.9,0.0,20.533549979720334,-1,14.811999999999998,16.121741959407252,13.502258040592743
2020-09-14 00:00:00+05:30,14.95,15.25,14.55,14.75,332730618,14.450000000000001,14.4,14.500000000000002,0.006920415224913593,20.533549979720334,-1,14.81,16.11996183159356,13.500038168406439
2020-09-15 00:00:00+05:30,14.85,14.95,14.45,14.55,83557205,14.85,14.9,14.799999999999999,0.00673400673400683,20.533549979720334,-1,14.772,16.05452251451272,13.48947748548728
2020-09-16 00:00:00+05:30,14.6,14.6,14.2,14.25,86653977,14.65,14.7,14.600000000000001,0.006825938566552755,20.533549979720334,-1,14.692,15.838012216441074,13.545987783558926
2020-09-17 00:00:00+05:30,14.0,14.25,13.65,14.1,99052672,14.35,14.399999999999999,14.3,0.00696864111498243,20.282682598683834,-1,14.622,15.687487681877325,13.556512318122675
2020-09-18 00:00:00+05:30,14.1,14.25,13.95,14.0,63809876,14.0,13.95,14.05,0.007142857142857244,20.263375294736484,-1,14.578000000000001,15.651715046105066,13.504284953894937
2020-09-21 00:00:00+05:30,14.0,14.05,13.5,13.55,92795987,14.066666666666668,14.1,14.033333333333337,0.004739336492890725,19.845840282947023,-1,14.546000000000001,15.690349597034256,13.401650402965746
2020-09-22 00:00:00+05:30,13.5,13.5,12.95,13.2,125134164,13.700000000000001,13.775,13.625000000000002,0.010948905109488946,19.22100667162914,-1,14.472000000000001,15.711703190377683,13.23229680962232
2020-09-23 00:00:00+05:30,13.4,13.5,13.0,13.15,85130015,13.216666666666667,13.225,13.208333333333334,0.001261034047919222,19.146166404763978,-1,14.366,15.586399934543099,13.1456000654569
2020-09-24 00:00:00+05:30,13.0,13.05,12.75,12.95,111613938,13.216666666666667,13.25,13.183333333333334,0.005044136191677157,18.67231974857342,-1,14.253999999999998,15.459626808026849,13.048373191973146
2020-09-25 00:00:00+05:30,13.0,13.55,13.0,13.35,113065904,12.916666666666666,12.9,12.933333333333332,0.002580645161290176,18.67231974857342,-1,14.165999999999999,15.29939137116584,13.032608628834158
2020-09-28 00:00:00+05:30,13.5,13.85,13.35,13.55,73635342,13.299999999999999,13.275,13.324999999999998,0.003759398496240388,18.67231974857342,-1,14.116000000000001,15.243375713874164,12.98862428612584
2020-09-29 00:00:00+05:30,13.6,13.65,13.3,13.35,65135830,13.583333333333334,13.6,13.566666666666668,0.00245398773006121,18.67231974857342,-1,14.06,15.19490087683171,12.925099123168291
2020-09-30 00:00:00+05:30,13.4,13.4,13.1,13.15,40588298,13.433333333333335,13.475000000000001,13.39166666666667,0.00620347394540934,18.6084395696709,-1,14.0,15.162067123807184,12.837932876192816
2020-10-01 00:00:00+05:30,13.3,13.5,13.15,13.3,45037255,13.216666666666667,13.25,13.183333333333334,0.005044136191677157,18.56710198688406,-1,13.944,15.100657252704364,12.787342747295638
2020-10-05 00:00:00+05:30,13.45,13.65,13.3,13.35,52856809,13.316666666666668,13.325,13.308333333333337,0.0012515644555691238,18.56710198688406,-1,13.878,14.97274380575262,12.78325619424738
2020-10-06 00:00:00+05:30,13.35,13.45,13.15,13.3,41178658,13.433333333333335,13.475000000000001,13.39166666666667,0.00620347394540934,18.30920119111235,-1,13.835999999999999,14.93564357872622,12.736356421273777
2020-10-07 00:00:00+05:30,13.3,13.3,13.1,13.15,31462083,13.300000000000002,13.3,13.300000000000004,2.671213292331203e-16,18.064833143467858,-1,13.776,14.854932806171878,12.697067193828122
2020-10-08 00:00:00+05:30,13.2,13.25,13.1,13.1,36033569,13.183333333333332,13.2,13.166666666666664,0.0025284450063212385,17.887239817729146,-1,13.724,14.802932806171924,12.645067193828076
2020-10-09 00:00:00+05:30,13.05,13.2,13.0,13.15,48960826,13.15,13.175,13.125,0.0038022813688213465,17.67975022501998,-1,13.665999999999999,14.705507575842585,12.626492424157412
2020-10-12 00:00:00+05:30,13.2,13.35,12.95,13.0,86134568,13.116666666666667,13.1,13.133333333333335,0.0025412960609912318,17.65856021601918,-1,13.616,14.658581411801604,12.573418588198395
2020-10-13 00:00:00+05:30,12.95,13.15,12.8,12.95,63119167,13.1,13.149999999999999,13.05,0.0076335877862593795,17.401217807378412,-1,13.57,14.624514106228226,12.515485893771775
2020-10-14 00:00:00+05:30,12.9,12.95,12.8,12.9,63100944,12.966666666666669,12.975000000000001,12.958333333333336,0.0012853470437017263,17.166169095083276,-1,13.527999999999999,14.60208751982061,12.453912480179387
2020-10-15 00:00:00+05:30,12.9,12.9,12.6,12.65,53995047,12.883333333333333,12.875,12.891666666666666,0.0012936610608019965,16.953522331279945,-1,13.488,14.614154518809238,12.36184548119076
2020-10-16 00:00:00+05:30,12.55,12.75,12.5,12.65,60457698,12.716666666666667,12.75,12.683333333333334,0.005242463958060269,16.730381438028747,-1,13.437999999999999,14.597061689572456,12.278938310427542
2020-10-19 00:00:00+05:30,12.85,13.05,12.8,12.9,52213176,12.633333333333333,12.625,12.641666666666666,0.0013192612137202418,16.730381438028747,-1,13.372,14.455726902976338,12.288273097023662
2020-10-20 00:00:00+05:30,12.9,12.95,12.8,12.9,36303877,12.916666666666666,12.925,12.908333333333331,0.001290322580645363,16.730381438028747,-1,13.298000000000002,14.238416928938875,12.357583071061129
2020-10-21 00:00:00+05:30,13.0,13.15,12.65,12.95,76142455,12.883333333333333,12.875,12.891666666666666,0.0012936610608019965,16.730381438028747,-1,13.234000000000002,14.031857130215018,12.436142869784986
2020-10-22 00:00:00+05:30,12.9,12.95,12.65,12.7,60897141,12.916666666666666,12.9,12.933333333333332,0.002580645161290176,16.643089233877568,-1,13.172,13.880282429709405,12.463717570290596
2020-10-23 00:00:00+05:30,12.7,13.3,12.65,13.3,73135761,12.766666666666666,12.8,12.73333333333333,0.005221932114882767,16.643089233877568,-1,13.14,13.741996677926979,12.538003322073022
2020-10-26 00:00:00+05:30,13.95,13.95,12.9,13.15,187495833,13.083333333333334,12.975000000000001,13.191666666666666,0.01656050955414,16.643089233877568,-1,13.106,13.595342416141479,12.61665758385852
2020-10-27 00:00:00+05:30,13.05,13.1,12.7,12.85,96605827,13.333333333333334,13.425,13.241666666666667,0.013750000000000017,16.643089233877568,-1,13.078,13.541965516213471,12.614034483786527
2020-10-28 00:00:00+05:30,12.8,12.8,12.5,12.5,98696329,12.883333333333333,12.899999999999999,12.866666666666667,0.002587322121603993,16.56504697256695,-1,13.05,13.563030213764536,12.536969786235465
2020-10-29 00:00:00+05:30,12.3,12.45,12.15,12.4,58771611,12.6,12.65,12.549999999999999,0.007936507936508049,16.15644509366427,-1,13.02,13.5906137049137,12.449386295086299
2020-10-30 00:00:00+05:30,12.4,12.6,12.3,12.4,52899394,12.333333333333334,12.3,12.366666666666667,0.005405405405405386,16.15644509366427,-1,12.998000000000001,13.61798709682975,12.378012903170251
2020-11-02 00:00:00+05:30,12.45,12.5,12.2,12.25,49849401,12.433333333333332,12.45,12.416666666666664,0.0026809651474532167,16.06873979832099,-1,12.954,13.622083827251837,12.285916172748164
2020-11-03 00:00:00+05:30,12.4,12.4,12.25,12.25,47277462,12.316666666666668,12.35,12.283333333333337,0.005412719891745294,15.93699020638815,-1,12.902000000000001,13.578745151615848,12.225254848384154
2020-11-04 00:00:00+05:30,12.3,12.4,12.2,12.25,45799739,12.299999999999999,12.325,12.274999999999999,0.004065040650406563,15.823510598132627,-1,12.858000000000002,13.555240274393011,12.160759725606994
2020-11-05 00:00:00+05:30,12.25,12.4,12.25,12.3,32619961,12.283333333333333,12.3,12.266666666666666,0.0027137042062416548,15.749570174207319,-1,12.823999999999998,13.543510945181305,12.104489054818691
2020-11-06 00:00:00+05:30,12.3,12.35,12.2,12.3,83956341,12.316666666666668,12.325,12.308333333333337,0.001353179972936035,15.604587367239025,-1,12.783999999999999,13.504399889114213,12.063600110885785
2020-11-09 00:00:00+05:30,12.35,12.9,12.25,12.9,128615608,12.283333333333331,12.274999999999999,12.291666666666664,0.001356852103120683,15.604587367239025,-1,12.766000000000002,13.450526113625921,12.081473886374082
2020-11-10 00:00:00+05:30,13.5,13.5,13.5,13.5,80270780,12.683333333333332,12.575,12.791666666666664,0.017082785808147045,15.604587367239025,-1,12.774000000000001,13.487369469654956,12.060630530345046
2020-11-11 00:00:00+05:30,14.15,14.15,14.15,14.15,54007188,13.5,13.5,13.5,0.0,15.604587367239025,-1,12.814,13.698768896512371,11.929231103487629
2020-11-12 00:00:00+05:30,14.7,14.7,13.6,14.35,480646515,14.15,14.15,14.15,0.0,15.604587367239025,-1,12.864,13.930403300930577,11.797596699069425
2020-11-13 00:00:00+05:30,14.25,14.85,13.95,14.55,232152650,14.216666666666667,14.149999999999999,14.283333333333335,0.009378663540445703,15.604587367239025,-1,12.92,14.171559027867055,11.668440972132945
2020-11-14 00:00:00+05:30,14.8,14.9,14.5,14.55,66249326,14.449999999999998,14.399999999999999,14.499999999999996,0.0069204152249133484,15.604587367239025,-1,12.982000000000001,14.38738393339166,11.576616066608342
2020-11-17 00:00:00+05:30,14.65,14.7,14.4,14.65,192776749,14.65,14.7,14.600000000000001,0.006825938566552755,15.604587367239025,-1,13.05,14.599709650300756,11.500290349699245
2020-11-18 00:00:00+05:30,14.65,14.85,14.45,14.7,207060545,14.583333333333334,14.55,14.616666666666667,0.004571428571428555,15.604587367239025,-1,13.122,14.799159503516334,11.444840496483666
2020-11-19 00:00:00+05:30,14.55,14.7,14.05,14.25,200887914,14.666666666666666,14.649999999999999,14.683333333333334,0.002272727272727386,15.604587367239025,-1,13.186000000000002,14.907747949101449,11.464252050898555
2020-11-20 00:00:00+05:30,14.3,14.65,14.1,14.55,183959497,14.333333333333334,14.375,14.291666666666668,0.0058139534883720105,15.604587367239025,-1,13.262,15.048903466960345,11.475096533039656
2020-11-23 00:00:00+05:30,14.65,14.9,14.25,14.55,305463387,14.433333333333332,14.375,14.491666666666664,0.00808314087759794,15.604587367239025,-1,13.328,15.177341504491471,11.478658495508528
2020-11-24 00:00:00+05:30,14.6,14.75,14.5,14.7,173079102,14.566666666666668,14.575,14.558333333333337,0.0011441647597250915,15.604587367239025,-1,13.4,15.31603757798083,11.48396242201917
2020-11-25 00:00:00+05:30,14.75,14.75,14.05,14.15,157534267,14.65,14.625,14.675,0.003412969283276499,15.604587367239025,-1,13.448,15.376622306268017,11.519377693731984
2020-11-26 00:00:00+05:30,14.15,14.25,13.85,14.1,126306469,14.316666666666668,14.4,14.233333333333336,0.01164144353899867,15.604587367239025,-1,13.504000000000001,15.423774986875927,11.584225013124076
2020-11-27 00:00:00+05:30,14.2,14.8,14.05,14.7,1095161050,14.066666666666668,14.05,14.083333333333336,0.0023696682464456153,15.604587367239025,-1,13.56,15.533626104467196,11.586373895532805
2020-12-01 00:00:00+05:30,15.4,15.4,15.05,15.4,384256021,14.516666666666666,14.425,14.60833333333333,0.012629161882892998,15.604587367239025,-1,13.65,15.742271492955489,11.557728507044512
2020-12-02 00:00:00+05:30,15.7,15.9,14.85,15.45,311349886,15.283333333333333,15.225000000000001,15.341666666666665,0.0076335877862593405,15.604587367239025,-1,13.753999999999998,15.93352655414748,11.574473445852515
2020-12-03 00:00:00+05:30,15.65,15.8,15.25,15.45,152445535,15.4,15.375,15.425,0.003246753246753293,15.604587367239025,-1,13.872,16.086331501883535,11.657668498116466
2020-12-04 00:00:00+05:30,15.6,15.6,15.05,15.35,149691622,15.5,15.525,15.475,0.003225806451612949,15.604587367239025,-1,13.99,16.192362368056987,11.787637631943015
2020-12-07 00:00:00+05:30,15.65,15.85,15.5,15.75,193242183,15.333333333333334,15.325,15.341666666666669,0.0010869565217393002,11.812240342328387,1,14.123999999999999,16.33073877027466,11.917261229725337
2020-12-08 00:00:00+05:30,16.0,17.3,16.0,17.3,562741066,15.700000000000001,15.675,15.725000000000001,0.003184713375796223,12.50775072863525,1,14.325999999999999,16.72568664625883,11.926313353741167
2020-12-09 00:00:00+05:30,18.25,19.0,18.05,19.0,488175314,16.866666666666664,16.65,17.08333333333333,0.02569169960474289,14.072440699489839,1,14.595999999999998,17.47223642982152,11.719763570178474
2020-12-10 00:00:00+05:30,20.0,20.75,19.15,20.45,662896680,18.683333333333334,18.525,18.84166666666667,0.016949152542373058,15.185543071510246,1,14.924,18.451732416189166,11.39626758381083
2020-12-11 00:00:00+05:30,20.75,20.75,19.45,19.45,444459632,20.116666666666664,19.95,20.283333333333328,0.01657000828500391,15.185543071510246,1,15.21,18.990687768148984,11.429312231851018
2020-12-14 00:00:00+05:30,19.4,19.45,18.5,18.5,136661650,19.883333333333336,20.1,19.66666666666667,0.02179379715004174,15.185543071510246,1,15.458,19.25596577133482,11.66003422866518
2020-12-15 00:00:00+05:30,17.8,18.45,17.6,18.3,446734713,18.816666666666666,18.975,18.65833333333333,0.016829052258636137,15.185543071510246,1,15.674,19.479692578260952,11.868307421739047
2020-12-16 00:00:00+05:30,18.7,19.2,18.4,18.85,250939029,18.116666666666664,18.025,18.20833333333333,0.010119595216191171,15.185543071510246,1,15.888,19.78130502275767,11.994694977242329
2020-12-17 00:00:00+05:30,18.9,18.9,18.15,18.25,131495445,18.816666666666666,18.799999999999997,18.833333333333336,0.0017714791851198518,15.185543071510246,1,16.052,19.983867749585407,12.120132250414592
2020-12-18 00:00:00+05:30,18.15,19.1,17.55,18.9,283132487,18.433333333333334,18.525,18.34166666666667,0.009945750452079386,15.185543071510246,1,16.233999999999998,20.254121391230555,12.213878608769443
2020-12-21 00:00:00+05:30,18.95,19.0,18.0,18.0,168955038,18.51666666666667,18.325000000000003,18.708333333333336,0.020702070207020674,15.185543071510246,1,16.372,20.388274891018945,12.355725108981055
2020-12-22 00:00:00+05:30,17.4,17.6,17.1,17.3,284913909,18.333333333333332,18.5,18.166666666666664,0.018181818181818313,15.185543071510246,1,16.482,20.442896868163704,12.521103131836295
2020-12-23 00:00:00+05:30,17.5,17.85,17.05,17.6,216066991,17.333333333333332,17.35,17.316666666666663,0.0019230769230772237,15.185543071510246,1,16.6,20.511010099734957,12.688989900265046
2020-12-24 00:00:00+05:30,17.9,18.0,17.3,17.55,124638448,17.500000000000004,17.450000000000003,17.550000000000004,0.005714285714285794,15.185543071510246,1,16.714,20.56248229828703,12.865517701712967
2020-12-28 00:00:00+05:30,17.8,18.2,17.55,17.8,149082382,17.616666666666664,17.65,17.58333333333333,0.003784295175023841,15.185543071510246,1,16.855999999999998,20.590629298903487,13.12137070109651
2020-12-29 00:00:00+05:30,17.85,18.0,17.6,17.75,103589664,17.849999999999998,17.875,17.824999999999996,0.0028011204481795107,15.185543071510246,1,16.983999999999998,20.611530289360534,13.35646971063946
2020-12-30 00:00:00+05:30,17.7,17.85,17.45,17.75,79131606,17.783333333333335,17.8,17.76666666666667,0.0018744142455481595,15.185543071510246,1,17.112000000000002,20.610488816650403,13.613511183349603
2020-12-31 00:00:00+05:30,17.75,18.15,17.65,17.85,125361787,17.683333333333334,17.65,17.71666666666667,0.0037700282752122513,15.185543071510246,1,17.238,20.604336881571374,13.871663118428625
2021-01-01 00:00:00+05:30,17.85,18.45,17.8,18.0,146080241,17.883333333333333,17.9,17.866666666666667,0.0018639328984155512,15.185543071510246,1,17.392,20.523220848204005,14.260779151795996
2021-01-04 00:00:00+05:30,18.4,18.6,17.9,18.0,214860840,18.083333333333332,18.125,18.041666666666664,0.004608294930875707,15.185543071510246,1,17.548,20.38214607954973,14.713853920450266
2021-01-05 00:00:00+05:30,17.95,18.25,17.75,18.0,172429356,18.166666666666668,18.25,18.083333333333336,0.009174311926605373,15.185543071510246,1,17.68,20.267972179183324,15.092027820816677
2021-01-06 00:00:00+05:30,18.2,18.4,17.8,18.0,196901365,18.0,18.0,18.0,0.0,15.185543071510246,1,17.784000000000002,20.2003973183702,15.367602681629803
2021-01-07 00:00:00+05:30,18.2,18.35,17.85,18.0,157589035,18.066666666666666,18.1,18.03333333333333,0.0036900369003691875,15.185543071510246,1,17.886000000000003,20.10708441987839,15.664915580121617
2021-01-08 00:00:00+05:30,18.2,18.3,17.8,18.05,183783931,18.066666666666666,18.1,18.03333333333333,0.0036900369003691875,15.185543071510246,1,17.99,19.976152058686925,16.003847941313072
2021-01-11 00:00:00+05:30,18.3,18.55,17.85,17.95,189373243,18.05,18.05,18.05,0.0,15.185543071510246,1,18.094,19.76332800857894,16.42467199142106
2021-01-12 00:00:00+05:30,17.85,18.5,17.6,18.05,320993651,18.11666666666667,18.200000000000003,18.03333333333334,0.009199632014719279,15.185543071510246,1,18.186,19.5549470406944,16.8170529593056
2021-01-13 00:00:00+05:30,18.15,18.3,17.15,17.8,280118603,18.05,18.05,18.05,0.0,15.185543071510246,1,18.206,19.53665998670807,16.87534001329193
2021-01-14 00:00:00+05:30,17.85,18.1,17.6,17.85,141291865,17.75,17.725,17.775,0.002816901408450544,15.185543071510246,1,18.16,19.45676520628293,16.86323479371707
2021-01-15 00:00:00+05:30,17.8,17.85,17.25,17.6,163516334,17.85,17.85,17.85,0.0,15.185543071510246,1,18.046000000000003,18.96291657211887,17.129083427881135
2021-01-18 00:00:00+05:30,18.1,18.1,17.45,17.7,210883697,17.566666666666666,17.55,17.583333333333332,0.0018975332068310118,15.185543071510246,1,17.976000000000003,18.70049706709299,17.251502932907016
2021-01-19 00:00:00+05:30,17.85,18.0,17.6,17.9,128056245,17.75,17.775,17.725,0.002816901408450544,15.185543071510246,1,17.952,18.644520035974686,17.259479964025317
2021-01-20 00:00:00+05:30,17.95,18.0,17.4,17.65,196996362,17.833333333333332,17.8,17.866666666666664,0.0037383177570091334,15.185543071510246,1,17.926000000000002,18.613092424806467,17.238907575193537
2021-01-21 00:00:00+05:30,17.7,17.8,17.15,17.25,229436846,17.683333333333334,17.7,17.666666666666668,0.0018850141376059249,15.185543071510246,1,17.862000000000002,18.488277893771244,17.23572210622876
2021-01-22 00:00:00+05:30,17.35,17.5,16.75,17.0,220887609,17.400000000000002,17.475,17.325000000000003,0.00862068965517233,15.185543071510246,1,17.812,18.502669240828514,17.12133075917149
2021-01-25 00:00:00+05:30,17.4,17.5,16.25,16.35,326357534,17.083333333333332,17.125,17.041666666666664,0.004878048780487944,15.185543071510246,1,17.71,18.47681158065513,16.94318841934487
2021-01-27 00:00:00+05:30,16.2,16.2,15.7,15.75,224836150,16.7,16.875,16.525,0.020958083832335415,15.185543071510246,1,17.62,18.69554637288542,16.54445362711458
2021-01-28 00:00:00+05:30,15.2,15.4,15.0,15.05,312839641,15.883333333333333,15.95,15.816666666666666,0.00839454354669462,20.191428030379235,-1,17.53,19.001325932697153,16.05867406730285
2021-01-29 00:00:00+05:30,15.1,15.8,15.0,15.75,183110147,15.15,15.2,15.100000000000001,0.00660066006600646,20.191428030379235,-1,17.456,19.083592086558323,15.828407913441676
2021-02-01 00:00:00+05:30,16.0,16.5,15.45,16.4,186599301,15.516666666666666,15.4,15.633333333333331,0.015037593984962239,20.191428030379235,-1,17.41,19.088570820736308,15.731429179263694
2021-02-02 00:00:00+05:30,16.55,16.85,16.1,16.55,180587323,16.116666666666664,15.975,16.258333333333326,0.01758014477766243,20.191428030379235,-1,17.36,19.063408348056168,15.65659165194383
2021-02-03 00:00:00+05:30,16.65,16.65,16.2,16.25,88995339,16.5,16.475,16.525,0.003030303030302858,20.191428030379235,-1,17.3,19.049285568518634,15.550714431481367
2021-02-04 00:00:00+05:30,16.25,16.55,16.05,16.2,129199434,16.366666666666664,16.424999999999997,16.30833333333333,0.0071283095723014556,20.191428030379235,-1,17.238000000000003,19.028481499549127,15.44751850045088
2021-02-05 00:00:00+05:30,16.85,17.45,16.75,16.9,235552294,16.266666666666666,16.3,16.23333333333333,0.004098360655737909,20.191428030379235,-1,17.2,18.97718879138592,15.42281120861408
2021-02-08 00:00:00+05:30,17.15,17.3,16.9,17.05,132788785,17.033333333333335,17.1,16.96666666666667,0.00782778864970643,20.191428030379235,-1,17.162,18.909519384793146,15.414480615206854
2021-02-09 00:00:00+05:30,17.1,17.1,16.6,16.65,94882109,17.083333333333332,17.1,17.066666666666663,0.001951219512195427,20.191428030379235,-1,17.108,18.83187470548991,15.384125294510094
2021-02-10 00:00:00+05:30,16.65,16.7,16.3,16.4,80183508,16.783333333333335,16.85,16.71666666666667,0.007944389275074449,20.191428030379235,-1,17.043999999999997,18.749360958925713,15.338639041074282
2021-02-11 00:00:00+05:30,16.4,16.7,16.3,16.5,58079419,16.466666666666665,16.5,16.43333333333333,0.004048582995951619,20.191428030379235,-1,16.983999999999998,18.655818171999616,15.31218182800038
2021-02-12 00:00:00+05:30,16.5,16.55,16.35,16.4,47492701,16.5,16.5,16.5,0.0,20.191428030379235,-1,16.92,18.553401359197508,15.286598640802495
2021-02-15 00:00:00+05:30,16.4,16.6,16.15,16.25,64057989,16.433333333333334,16.450000000000003,16.416666666666664,0.002028397565923238,20.191428030379235,-1,16.848,18.433807050125708,15.262192949874292
2021-02-16 00:00:00+05:30,16.25,16.35,15.95,16.05,77478438,16.333333333333332,16.375,16.291666666666664,0.005102040816326676,20.191428030379235,-1,16.772000000000002,18.320955777363753,15.223044222636252
2021-02-17 00:00:00+05:30,16.05,16.1,15.75,15.9,87586901,16.116666666666664,16.15,16.08333333333333,0.004136504653567942,20.191428030379235,-1,16.686,18.179323809570015,15.192676190429985
2021-02-18 00:00:00+05:30,15.85,16.55,15.65,16.15,172725915,15.916666666666666,15.925,15.908333333333331,0.0010471204188483314,20.191428030379235,-1,16.62,18.05527000952045,15.184729990479555
2021-02-19 00:00:00+05:30,16.15,16.3,15.85,15.95,94798271,16.116666666666667,16.1,16.133333333333333,0.00206825232678375,20.191428030379235,-1,16.544,17.910256198605868,15.177743801394131
2021-02-22 00:00:00+05:30,16.0,16.0,15.55,15.6,75367244,16.03333333333333,16.075,15.991666666666664,0.005197505197505346,20.19043244970695,-1,16.464,17.807583268811094,15.120416731188904
2021-02-23 00:00:00+05:30,15.6,15.75,15.5,15.6,65178836,15.716666666666667,15.775,15.658333333333333,0.007423117709437994,19.933815151718672,-1,16.38,17.665301521133955,15.094698478866041
2021-02-24 00:00:00+05:30,15.8,16.4,15.7,16.1,100496229,15.616666666666667,15.625,15.608333333333334,0.001067235859124806,19.933815151718672,-1,16.308,17.436779872353064,15.179220127646936
2021-02-25 00:00:00+05:30,16.1,16.35,16.05,16.1,69277131,16.066666666666666,16.049999999999997,16.083333333333336,0.0020746887966808223,19.933815151718672,-1,16.246,17.234704202595253,15.257295797404744
2021-02-26 00:00:00+05:30,15.8,15.95,15.65,15.75,115922281,16.166666666666668,16.200000000000003,16.133333333333333,0.00412371134020639,19.933815151718672,-1,16.186,17.10317828159504,15.26882171840496
2021-03-01 00:00:00+05:30,15.95,16.9,15.75,16.3,182912199,15.783333333333333,15.8,15.766666666666666,0.002111932418162724,19.933815151718672,-1,16.158,17.01482203533154,15.301177964668462
2021-03-02 00:00:00+05:30,16.5,16.65,16.25,16.3,82198118,16.316666666666666,16.325,16.308333333333334,0.0010214504596526488,19.933815151718672,-1,16.156000000000002,17.011252009778225,15.300747990221781
2021-03-03 00:00:00+05:30,16.4,16.55,16.25,16.35,95262247,16.400000000000002,16.45,16.350000000000005,0.0060975609756094085,19.933815151718672,-1,16.18,17.02190260733035,15.338097392669649
2021-03-04 00:00:00+05:30,16.25,16.75,16.05,16.6,147502225,16.383333333333333,16.4,16.366666666666667,0.0020345879959307086,19.933815151718672,-1,16.242,16.961266292988572,15.522733707011428
2021-03-05 00:00:00+05:30,16.6,16.9,16.3,16.35,102085430,16.466666666666665,16.4,16.53333333333333,0.008097165991902806,19.933815151718672,-1,16.266,16.957502711657355,15.574497288342641
2021-03-08 00:00:00+05:30,16.55,16.65,16.25,16.25,67424765,16.51666666666667,16.6,16.433333333333337,0.010090817356205707,19.933815151718672,-1,16.26,16.94934751775102,15.570652482248985
2021-03-09 00:00:00+05:30,16.25,16.4,15.95,16.05,77245066,16.383333333333333,16.45,16.316666666666666,0.008138351983723268,19.933815151718672,-1,16.24,16.923520299793303,15.556479700206696
2021-03-10 00:00:00+05:30,16.1,16.25,16.0,16.05,44844215,16.13333333333333,16.174999999999997,16.09166666666666,0.005165289256198496,19.933815151718672,-1,16.232,16.919534726562624,15.544465273437375
2021-03-12 00:00:00+05:30,16.0,16.25,15.85,15.9,81941288,16.099999999999998,16.125,16.074999999999996,0.0031055900621120664,19.933815151718672,-1,16.220000000000002,16.91971422754548,15.520285772454525
2021-03-15 00:00:00+05:30,15.7,15.75,15.45,15.65,80253110,16.0,16.05,15.95,0.006250000000000089,19.57103082245196,-1,16.17,16.846461381181264,15.493538618818738
2021-03-16 00:00:00+05:30,15.65,15.65,15.4,15.45,53393224,15.616666666666667,15.6,15.633333333333335,0.002134471718249839,19.407189589553884,-1,16.105999999999998,16.738657885614163,15.473342114385833
2021-03-17 00:00:00+05:30,15.45,15.55,15.05,15.1,81186413,15.5,15.525,15.475,0.003225806451612949,19.16690200597173,-1,16.044,16.75072201057411,15.337277989425893
2021-03-18 00:00:00+05:30,15.2,15.3,14.8,14.9,92968773,15.233333333333334,15.3,15.166666666666668,0.008752735229759268,18.902225925732857,-1,15.984000000000002,16.80508221283257,15.162917787167434
2021-03-19 00:00:00+05:30,14.85,15.05,14.3,14.95,133410477,15.0,15.05,14.95,0.006666666666666762,18.583136888703546,-1,15.922,16.8092789866948,15.034721013305202
2021-03-22 00:00:00+05:30,14.95,15.1,14.75,14.85,62159949,14.766666666666666,14.675,14.85833333333333,0.012415349887132958,18.583136888703546,-1,15.86,16.818749185256642,14.901250814743358
2021-03-23 00:00:00+05:30,14.9,15.05,14.75,14.9,61085946,14.9,14.925,14.875,0.003355704697986625,18.583136888703546,-1,15.806,16.821212293183244,14.790787706816754
2021-03-24 00:00:00+05:30,14.85,15.0,14.6,14.65,59903730,14.9,14.9,14.9,0.0,18.54062619836402,-1,15.75,16.855621996991058,14.644378003008942
2021-03-25 00:00:00+05:30,14.65,14.7,14.1,14.2,110609689,14.75,14.8,14.7,0.006779661016949249,18.159001150429457,-1,15.682,16.940850269186384,14.423149730813616
2021-03-26 00:00:00+05:30,14.25,14.5,14.0,14.05,106766399,14.333333333333334,14.399999999999999,14.26666666666667,0.009302325581395068,17.99864110441228,-1,15.598000000000003,16.993558669576743,14.202441330423264
2021-03-30 00:00:00+05:30,14.15,16.85,14.0,16.3,336333365,14.183333333333332,14.25,14.116666666666664,0.009400705052879184,17.99864110441228,-1,15.611999999999998,17.02827116055887,14.195728839441127
2021-03-31 00:00:00+05:30,16.15,16.25,15.4,15.6,208381534,15.716666666666669,15.425,16.008333333333336,0.037115588547189965,17.99864110441228,-1,15.612,17.02827116055887,14.195728839441129
2021-04-01 00:00:00+05:30,15.65,15.85,15.35,15.7,93196660,15.75,15.825,15.675,0.009523809523809433,17.99864110441228,-1,15.616,17.032677803959235,14.199322196040765
2021-04-05 00:00:00+05:30,15.85,15.95,15.2,15.5,83064018,15.633333333333333,15.6,15.666666666666666,0.004264392324093802,17.99864110441228,-1,15.592,16.995333175062434,14.188666824937567
2021-04-06 00:00:00+05:30,15.65,15.85,15.5,15.6,59808985,15.549999999999999,15.575,15.524999999999999,0.003215434083601332,17.99864110441228,-1,15.572000000000001,16.95997118134018,14.184028818659822
2021-04-07 00:00:00+05:30,15.6,15.7,15.4,15.6,50497122,15.65,15.675,15.625,0.0031948881789137834,17.99864110441228,-1,15.565999999999999,16.952137078441687,14.17986292155831
2021-04-08 00:00:00+05:30,15.65,15.7,15.5,15.55,45104506,15.566666666666668,15.55,15.583333333333336,0.0021413276231264447,17.99864110441228,-1,15.536,16.889372084916385,14.182627915083614
2021-04-09 00:00:00+05:30,15.55,15.65,15.4,15.45,40565587,15.583333333333334,15.6,15.566666666666668,0.0021390374331549584,17.99864110441228,-1,15.501999999999999,16.819111992288807,14.184888007711193
2021-04-12 00:00:00+05:30,15.2,15.25,14.4,14.45,123708161,15.5,15.525,15.475,0.003225806451612949,17.99864110441228,-1,15.426000000000002,16.757801787140693,14.09419821285931
2021-04-13 00:00:00+05:30,14.4,14.75,14.3,14.7,79542179,14.699999999999998,14.825,14.574999999999996,0.01700680272108868,17.99864110441228,-1,15.35,16.620590414032506,14.079409585967493
2021-04-15 00:00:00+05:30,14.7,14.7,14.4,14.55,58323051,14.583333333333334,14.525,14.641666666666667,0.008000000000000031,17.99864110441228,-1,15.277999999999999,16.517380490499765,14.038619509500235
2021-04-16 00:00:00+05:30,14.55,14.8,14.45,14.6,65324005,14.550000000000002,14.55,14.550000000000004,2.4417276142958766e-16,17.99864110441228,-1,15.212,16.412426590938225,14.011573409061775
2021-04-19 00:00:00+05:30,14.2,14.3,14.05,14.2,75069350,14.616666666666667,14.625,14.608333333333334,0.0011402508551880766,17.99864110441228,-1,15.138,16.350692871353548,13.92530712864645
2021-04-20 00:00:00+05:30,14.3,14.35,14.0,14.05,79998707,14.183333333333332,14.175,14.191666666666663,0.0011750881316095537,17.99864110441228,-1,15.058,16.283293434338027,13.832706565661972
2021-04-22 00:00:00+05:30,14.0,14.2,13.9,14.05,65105485,14.133333333333335,14.175,14.091666666666669,0.005896226415094255,17.92798194185862,-1,14.983999999999998,16.220355935898727,13.747644064101268
2021-04-23 00:00:00+05:30,14.0,14.15,13.9,14.0,89475097,14.050000000000002,14.05,14.050000000000004,2.528621835445196e-16,17.817862664184272,-1,14.918,16.18097426744655,13.655025732553447
2021-04-26 00:00:00+05:30,14.05,14.2,14.0,14.05,73016298,14.016666666666666,14.025,14.008333333333331,0.0011890606420929327,17.797148157616903,-1,14.862,16.14956514407321,13.57443485592679
2021-04-27 00:00:00+05:30,14.05,15.05,14.0,14.75,127545345,14.083333333333334,14.1,14.066666666666668,0.002366863905325309,17.797148157616903,-1,14.847999999999999,16.132517029950282,13.563482970049717
2021-04-28 00:00:00+05:30,14.8,15.05,14.75,14.8,81387698,14.6,14.525,14.674999999999999,0.010273972602739628,17.797148157616903,-1,14.844000000000001,16.128467204809958,13.559532795190044
2021-04-29 00:00:00+05:30,14.95,15.15,14.35,14.5,135559239,14.866666666666667,14.9,14.833333333333334,0.00448430493273541,17.797148157616903,-1,14.826,16.11661845648989,13.535381543510114
2021-04-30 00:00:00+05:30,14.5,14.8,14.4,14.55,98365622,14.666666666666666,14.75,14.583333333333332,0.011363636363636445,17.797148157616903,-1,14.814,16.109073743163826,13.518926256836176
2021-05-03 00:00:00+05:30,12.85,14.0,12.85,13.9,248997751,14.583333333333334,14.600000000000001,14.566666666666666,0.0022857142857143995,17.553537779342964,-1,14.774000000000001,16.116868571466487,13.431131428533515
2021-05-04 00:00:00+05:30,14.0,14.15,13.8,13.85,104431586,13.583333333333334,13.425,13.741666666666667,0.023312883435582802,17.553537779342964,-1,14.741999999999997,16.13244741009234,13.351552589907655
2021-05-05 00:00:00+05:30,13.95,14.05,13.8,13.85,55591203,13.933333333333335,13.975000000000001,13.89166666666667,0.005980861244019053,17.553537779342964,-1,14.728,16.14675438333509,13.30924561666491
2021-05-06 00:00:00+05:30,13.9,13.9,13.5,13.55,122661349,13.9,13.925,13.875,0.0035971223021583243,17.553537779342964,-1,14.708,16.177606750199715,13.238393249800284
2021-05-07 00:00:00+05:30,13.65,13.65,13.3,13.35,120981135,13.65,13.7,13.600000000000001,0.00732600732600717,17.338295488714987,-1,14.59,16.00194900766026,13.178050992339736
2021-05-10 00:00:00+05:30,13.4,13.45,13.05,13.1,113970494,13.433333333333335,13.475000000000001,13.39166666666667,0.00620347394540934,17.070763669166386,-1,14.49,15.954786673967579,13.025213326032421
2021-05-11 00:00:00+05:30,13.1,13.4,13.0,13.15,141571542,13.200000000000001,13.25,13.150000000000002,0.007575757575757414,16.97993312239973,-1,14.388000000000002,15.856681041013742,12.919318958986262
2021-05-12 00:00:00+05:30,13.15,13.75,13.1,13.3,159663998,13.183333333333332,13.2,13.166666666666664,0.0025284450063212385,16.97993312239973,-1,14.3,15.755197581166687,12.844802418833314
2021-05-14 00:00:00+05:30,13.4,13.45,13.15,13.2,85666983,13.383333333333335,13.425,13.341666666666669,0.006226650062266412,16.97993312239973,-1,14.204,15.619604464613463,12.788395535386538
2021-05-17 00:00:00+05:30,13.25,13.4,13.25,13.35,95074257,13.266666666666666,13.3,13.23333333333333,0.005025125628140953,16.973614110979447,-1,14.114,15.446822568924215,12.781177431075786
2021-05-18 00:00:00+05:30,13.4,13.5,13.25,13.35,82571190,13.333333333333334,13.325,13.341666666666669,0.0012500000000001954,16.947669546540272,-1,14.026000000000002,15.254371279472913,12.79762872052709
2021-05-19 00:00:00+05:30,13.35,13.4,13.2,13.3,87038860,13.366666666666667,13.375,13.358333333333334,0.0012468827930173854,16.785762764678662,-1,13.94,15.053193604111202,12.826806395888797
2021-05-20 00:00:00+05:30,13.35,13.4,13.15,13.25,75911849,13.300000000000002,13.3,13.300000000000004,2.671213292331203e-16,16.691332254091513,-1,13.891999999999998,15.016519453026127,12.767480546973868
2021-05-21 00:00:00+05:30,13.3,13.4,13.15,13.35,112270395,13.266666666666666,13.275,13.258333333333331,0.0012562814070353724,16.624678963927852,-1,13.838,14.931354471447523,12.744645528552475
2021-05-24 00:00:00+05:30,13.35,14.1,13.3,13.85,300924526,13.299999999999999,13.275,13.324999999999998,0.003759398496240388,16.624678963927852,-1,13.81,14.864134716359514,12.755865283640487
2021-05-25 00:00:00+05:30,13.85,13.85,13.45,13.6,86120404,13.75,13.7,13.8,0.007272727272727376,16.624678963927852,-1,13.77,14.775982107313261,12.764017892686738
2021-05-26 00:00:00+05:30,13.65,13.7,13.4,13.45,110243035,13.633333333333333,13.649999999999999,13.616666666666667,0.002444987775060986,16.624678963927852,-1,13.74,14.737597113184723,12.742402886815277
2021-05-27 00:00:00+05:30,13.5,13.6,13.3,13.4,211323869,13.516666666666666,13.55,13.48333333333333,0.004932182490752403,16.624678963927852,-1,13.714,14.711805592404925,12.716194407595076
2021-05-28 00:00:00+05:30,13.4,13.5,13.3,13.35,82458603,13.433333333333332,13.45,13.416666666666664,0.0024813895781638953,16.624678963927852,-1,13.686,14.683805592404953,12.688194407595047
2021-05-31 00:00:00+05:30,13.4,13.6,13.35,13.5,65555223,13.383333333333333,13.4,13.366666666666665,0.0024906600249067243,16.624678963927852,-1,13.665999999999999,14.657854828205538,12.674145171794459
2021-06-01 00:00:00+05:30,13.5,13.55,13.3,13.35,59365980,13.483333333333334,13.475,13.491666666666669,0.0012360939431398717,16.543239831978642,-1,13.638,14.624419789052661,12.651580210947339
2021-06-02 00:00:00+05:30,13.35,13.6,13.35,13.45,77114380,13.4,13.425,13.375,0.0037313432835821424,16.538510238699494,-1,13.585999999999999,14.463505555671755,12.708494444328242
2021-06-03 00:00:00+05:30,13.5,13.6,13.4,13.5,87413665,13.466666666666667,13.475,13.458333333333334,0.0012376237623761672,16.496969829151517,-1,13.533999999999999,14.258276190575737,12.809723809424261
2021-06-04 00:00:00+05:30,13.55,13.9,13.5,13.75,183326321,13.5,13.5,13.5,0.0,16.496969829151517,-1,13.503999999999998,14.1197402051474,12.888259794852596
2021-06-07 00:00:00+05:30,13.85,15.2,13.8,15.05,566089990,13.716666666666667,13.7,13.733333333333334,0.002430133657351275,16.496969829151517,-1,13.524,14.288784937243747,12.759215062756251
2021-06-08 00:00:00+05:30,15.2,15.55,14.55,14.75,283140374,14.683333333333332,14.5,14.866666666666664,0.024971623155504902,16.496969829151517,-1,13.558,14.451389053120115,12.664610946879884
2021-06-09 00:00:00+05:30,14.85,15.05,14.1,14.2,224789425,14.950000000000001,15.05,14.850000000000001,0.013377926421404633,16.496969829151517,-1,13.572000000000001,14.49377220626076,12.650227793739242
2021-06-10 00:00:00+05:30,14.25,14.8,14.2,14.65,128849317,14.449999999999998,14.575,14.324999999999996,0.017301038062283985,16.496969829151517,-1,13.604000000000001,14.613522659594507,12.594477340405495
2021-06-11 00:00:00+05:30,14.9,15.0,14.35,14.4,135479511,14.549999999999999,14.5,14.599999999999998,0.00687285223367683,16.496969829151517,-1,13.638,14.69413635494414,12.58186364505586
2021-06-14 00:00:00+05:30,14.4,14.4,13.9,14.1,157306721,14.583333333333334,14.675,14.491666666666667,0.012571428571428588,16.496969829151517,-1,13.668000000000001,14.732285676045034,12.603714323954968
2021-06-15 00:00:00+05:30,14.15,14.35,14.05,14.1,76892324,14.133333333333333,14.15,14.116666666666665,0.0023584905660378533,16.496969829151517,-1,13.708,14.758972882730355,12.657027117269646
2021-06-16 00:00:00+05:30,14.15,14.3,14.0,14.0,77914829,14.166666666666666,14.2,14.133333333333333,0.00470588235294116,16.496969829151517,-1,13.741999999999997,14.773379658629391,12.710620341370603
2021-06-17 00:00:00+05:30,13.9,14.1,13.7,13.75,104336143,14.1,14.15,14.049999999999999,0.007092198581560385,16.496969829151517,-1,13.76,14.775480182098324,12.744519817901676
2021-06-18 00:00:00+05:30,13.8,13.9,13.45,13.75,105351801,13.85,13.899999999999999,13.8,0.007220216606498041,16.496969829151517,-1,13.781999999999998,14.771496841952716,12.79250315804728
2021-06-21 00:00:00+05:30,13.65,14.05,13.35,13.9,123963605,13.700000000000001,13.675,13.725000000000001,0.003649635036496402,16.496969829151517,-1,13.804,14.778441378552019,12.829558621447982
2021-06-22 00:00:00+05:30,14.1,14.1,13.75,13.8,93776874,13.766666666666666,13.7,13.833333333333332,0.00968523002421304,16.496969829151517,-1,13.821999999999997,14.778694308666209,12.865305691333786
2021-06-23 00:00:00+05:30,13.85,13.95,13.6,13.7,78472594,13.883333333333335,13.925,13.841666666666669,0.006002400960384068,16.496969829151517,-1,13.838000000000001,14.772357533406934,12.903642466593068
2021-06-24 00:00:00+05:30,13.75,13.9,13.6,13.6,83838008,13.75,13.774999999999999,13.725000000000001,0.0036363636363634295,16.496969829151517,-1,13.852,14.760836619109432,12.943163380890569
2021-06-25 00:00:00+05:30,13.65,13.75,13.55,13.65,64386105,13.700000000000001,13.75,13.650000000000002,0.007299270072992544,16.496969829151517,-1,13.864,14.753728048470002,12.97427195153
2021-06-28 00:00:00+05:30,13.7,13.8,13.6,13.65,55278874,13.65,13.65,13.65,0.0,16.496969829151517,-1,13.856,14.74967555647128,12.96232444352872
2021-06-29 00:00:00+05:30,13.65,13.8,13.5,13.55,77004331,13.683333333333332,13.7,13.666666666666664,0.0024360535931791712,16.496969829151517,-1,13.854000000000001,14.75017855376831,12.957821446231693
2021-06-30 00:00:00+05:30,13.6,13.9,13.5,13.55,106479676,13.616666666666667,13.65,13.583333333333334,0.004895960832313324,16.496969829151517,-1,13.858000000000002,14.74779997765467,12.968200022345334
2021-07-01 00:00:00+05:30,13.55,13.7,13.5,13.55,70546748,13.65,13.7,13.600000000000001,0.00732600732600717,16.496969829151517,-1,13.864,14.743327015526214,12.984672984473788
2021-07-02 00:00:00+05:30,13.55,13.7,13.5,13.55,55229264,13.583333333333334,13.6,13.566666666666668,0.00245398773006121,16.496969829151517,-1,13.872,14.735981481418566,13.008018518581434
2021-07-05 00:00:00+05:30,13.65,13.65,13.45,13.45,70053302,13.583333333333334,13.6,13.566666666666668,0.00245398773006121,16.496969829151517,-1,13.87,14.737640478674331,13.002359521325667
2021-07-06 00:00:00+05:30,13.45,13.55,13.3,13.35,62417703,13.516666666666666,13.55,13.48333333333333,0.004932182490752403,16.33467598773752,-1,13.87,14.737640478674331,13.002359521325667
2021-07-07 00:00:00+05:30,13.35,13.45,13.3,13.3,61558174,13.4,13.425,13.375,0.0037313432835821424,16.21028894822802,-1,13.864,14.745144710155056,12.982855289844945
2021-07-08 00:00:00+05:30,13.35,13.45,13.3,13.35,68507663,13.35,13.375,13.325,0.0037453183520599785,16.138877390298894,-1,13.858000000000002,14.750941207602299,12.965058792397706
2021-07-09 00:00:00+05:30,13.35,13.35,13.2,13.25,67070257,13.366666666666667,13.375,13.358333333333334,0.0012468827930173854,15.97032229468694,-1,13.838000000000001,14.761592984075936,12.914407015924066
2021-07-12 00:00:00+05:30,13.25,13.35,13.05,13.1,102986230,13.266666666666666,13.274999999999999,13.258333333333333,0.0012562814070351046,15.871509402899463,-1,13.76,14.58510605393152,12.93489394606848
2021-07-13 00:00:00+05:30,13.15,13.25,12.95,13.0,101454204,13.166666666666666,13.2,13.133333333333333,0.005063291139240488,15.748649026783484,-1,13.69,14.46252831678495,12.91747168321505
2021-07-14 00:00:00+05:30,13.05,13.05,13.0,13.05,36945483,13.066666666666668,13.1,13.033333333333337,0.00510204081632624,15.581703065712146,-1,13.644,14.426467890864975,12.861532109135025
2021-07-15 00:00:00+05:30,13.05,13.85,13.0,13.55,184390448,13.033333333333333,13.025,13.041666666666666,0.0012787723785165513,15.581703065712146,-1,13.6,14.266333250134473,12.933666749865527
2021-07-16 00:00:00+05:30,13.6,13.6,13.3,13.4,66607893,13.466666666666669,13.425,13.508333333333336,0.006188118811881363,15.581703065712146,-1,13.56,14.14446556804901,12.97553443195099
2021-07-19 00:00:00+05:30,13.3,13.35,13.15,13.2,96849269,13.433333333333332,13.45,13.416666666666664,0.0024813895781638953,15.581703065712146,-1,13.524,14.08122167961676,12.966778320383238
2021-07-20 00:00:00+05:30,13.25,13.25,12.9,12.95,133935082,13.233333333333334,13.25,13.216666666666669,0.0025188916876572875,15.581703065712146,-1,13.478000000000002,14.027239474396206,12.928760525603797
2021-07-22 00:00:00+05:30,13.05,13.2,13.0,13.0,52313522,13.033333333333331,13.075,12.991666666666664,0.006393861892583303,15.581703065712146,-1,13.438000000000002,13.974864973932087,12.901135026067918
2021-07-23 00:00:00+05:30,13.1,13.2,13.0,13.05,67760836,13.066666666666668,13.1,13.033333333333337,0.00510204081632624,15.581703065712146,-1,13.41,13.951848687582757,12.868151312417243
2021-07-26 00:00:00+05:30,13.8,14.1,13.25,13.3,252916364,13.083333333333334,13.1,13.066666666666668,0.0025477707006367977,15.581703065712146,-1,13.392000000000001,13.917113321327113,12.86688667867289
2021-07-27 00:00:00+05:30,13.35,13.4,13.0,13.05,135122387,13.550000000000002,13.675,13.425000000000004,0.01845018450184475,15.581703065712146,-1,13.357999999999999,13.85654187410413,12.859458125895868
2021-07-28 00:00:00+05:30,13.1,13.1,12.85,12.95,129141525,13.15,13.2,13.100000000000001,0.007604562737642423,15.581703065712146,-1,13.324000000000002,13.813178904119269,12.834821095880734
2021-07-29 00:00:00+05:30,13.0,13.05,12.8,12.85,74498391,12.966666666666667,12.975,12.958333333333334,0.0012853470437017263,15.581703065712146,-1,13.29,13.787995984155891,12.792004015844107
2021-07-30 00:00:00+05:30,12.9,12.95,12.7,12.75,99429624,12.9,12.925,12.875,0.003875968992248117,15.44829483646298,-1,13.256000000000002,13.780076330543048,12.731923669456956
2021-08-02 00:00:00+05:30,12.85,12.9,12.7,12.75,92948479,12.799999999999999,12.825,12.774999999999999,0.0039062500000000555,15.374363043004463,-1,13.22,13.754415568855865,12.685584431144136
2021-08-03 00:00:00+05:30,12.8,12.85,12.7,12.75,62836740,12.783333333333333,12.8,12.766666666666666,0.0026075619295959575,15.288388521284281,-1,13.184000000000001,13.718954203867593,12.649045796132409
2021-08-04 00:00:00+05:30,12.8,12.85,12.6,12.65,93050718,12.766666666666666,12.774999999999999,12.758333333333333,0.0013054830287205525,15.20785298043291,-1,13.148,13.700434611728557,12.595565388271442
2021-08-05 00:00:00+05:30,12.65,12.7,12.3,12.4,83509704,12.700000000000001,12.725,12.675000000000002,0.003937007874015524,14.995538861215595,-1,13.102,13.702319914908522,12.501680085091479
2021-08-06 00:00:00+05:30,12.45,12.75,12.4,12.5,64413341,12.466666666666667,12.5,12.433333333333334,0.005347593582887681,14.995538861215595,-1,13.06,13.675792172925135,12.444207827074866
2021-08-09 00:00:00+05:30,12.6,12.65,12.4,12.45,45466916,12.549999999999999,12.575,12.524999999999999,0.0039840637450199775,14.988968614496292,-1,13.016000000000002,13.642558856162731,12.389441143837272
2021-08-10 00:00:00+05:30,12.4,12.95,12.3,12.3,87906293,12.5,12.525,12.475,0.0040000000000000565,14.988968614496292,-1,12.970000000000002,13.630302960947507,12.309697039052498
2021-08-11 00:00:00+05:30,12.35,12.35,11.9,11.95,120719125,12.516666666666666,12.625,12.408333333333331,0.017310252996005478,14.696513475119781,-1,12.914000000000001,13.666871835199164,12.16112816480084
2021-08-12 00:00:00+05:30,12.0,12.15,11.9,11.95,75856427,12.066666666666668,12.125,12.008333333333336,0.00966850828729256,14.563652936114991,-1,12.86,13.684621125266787,12.035378874733212
2021-08-13 00:00:00+05:30,12.0,12.05,11.85,11.9,78563651,12.0,12.025,11.975,0.004166666666666726,14.44310681867039,-1,12.801999999999998,13.682672470465823,11.921327529534173
2021-08-16 00:00:00+05:30,11.95,11.95,11.6,11.7,63301331,11.933333333333332,11.95,11.916666666666664,0.002793296089385614,14.266382545923573,-1,12.74,13.700416576406564,11.779583423593436
2021-08-17 00:00:00+05:30,11.7,11.75,11.2,11.25,102193711,11.75,11.774999999999999,11.725000000000001,0.004255319148935928,14.020727244086633,-1,12.665999999999999,13.777294740488163,11.554705259511834
2021-08-18 00:00:00+05:30,11.3,11.45,11.1,11.3,100746217,11.4,11.475,11.325000000000001,0.01315789473684198,13.816898154323166,-1,12.597999999999999,13.821594704236983,11.374405295763015
2021-08-20 00:00:00+05:30,11.2,11.2,11.05,11.15,74548015,11.283333333333331,11.274999999999999,11.291666666666664,0.0014771048744460019,13.63522222815024,-1,12.522,13.854990622711558,11.189009377288443
2021-08-23 00:00:00+05:30,11.25,11.3,10.5,10.8,129880959,11.133333333333333,11.125,11.141666666666666,0.001497005988023867,13.533813339024231,-1,12.412,13.838122014498468,10.985877985501533
2021-08-24 00:00:00+05:30,10.85,11.25,10.7,11.0,128570784,10.866666666666667,10.9,10.833333333333334,0.006134969325153352,13.533813339024231,-1,12.316,13.785617637427288,10.846382362572713
2021-08-25 00:00:00+05:30,10.95,11.15,10.8,10.95,99499009,10.983333333333334,10.975,10.991666666666669,0.0015174506828530443,13.533813339024231,-1,12.226,13.742870462576665,10.709129537423337
2021-08-26 00:00:00+05:30,10.95,11.25,10.9,10.95,91932265,10.966666666666669,10.975000000000001,10.958333333333336,0.0015197568389056883,13.533813339024231,-1,12.146,13.711865894716947,10.580134105283054
2021-08-27 00:00:00+05:30,10.95,11.15,10.9,11.05,62585083,11.033333333333331,11.075,10.991666666666664,0.007552870090634657,13.533813339024231,-1,12.068,13.65012009665444,10.485879903345559
2021-08-30 00:00:00+05:30,11.15,11.15,10.8,10.9,115836903,11.033333333333333,11.025,11.041666666666666,0.0015105740181268023,13.533813339024231,-1,11.982000000000001,13.574954487811262,10.38904551218874
2021-08-31 00:00:00+05:30,10.9,11.0,10.75,10.8,89884569,10.950000000000001,10.975000000000001,10.925,0.004566210045662165,13.460737394036848,-1,11.882,13.445043185660023,10.318956814339977
2021-09-01 00:00:00+05:30,10.8,11.4,10.75,11.1,151330531,10.85,10.875,10.825,0.004608294930875642,13.460737394036848,-1,11.804,13.320026385073291,10.28797361492671
2021-09-02 00:00:00+05:30,11.15,11.4,10.95,11.15,159594864,11.083333333333334,11.075,11.091666666666669,0.0015037593984964755,13.460737394036848,-1,11.732000000000001,13.1934732293951,10.270526770604903
2021-09-03 00:00:00+05:30,11.2,11.25,11.05,11.1,111419956,11.166666666666666,11.175,11.158333333333331,0.0014925373134330692,13.460737394036848,-1,11.662,13.0692043207149,10.254795679285102
2021-09-06 00:00:00+05:30,11.15,11.2,10.95,11.0,58976619,11.133333333333333,11.15,11.116666666666665,0.002994011976048053,13.460737394036848,-1,11.592,12.948961311253502,10.2350386887465
2021-09-07 00:00:00+05:30,11.05,11.05,10.8,10.9,59519176,11.049999999999999,11.075,11.024999999999999,0.004524886877828119,13.460737394036848,-1,11.517999999999999,12.81472819057772,10.221271809422278
2021-09-08 00:00:00+05:30,10.95,11.4,10.9,10.9,146456916,10.916666666666666,10.925,10.908333333333331,0.0015267175572521471,13.460737394036848,-1,11.443999999999999,12.659671008225134,10.228328991774864
2021-09-09 00:00:00+05:30,10.9,11.1,10.8,10.95,89310141,11.066666666666668,11.15,10.983333333333336,0.015060240963855205,13.460737394036848,-1,11.376000000000001,12.501031555219344,10.250968444780659
2021-09-13 00:00:00+05:30,11.0,11.15,10.9,11.1,115738343,10.949999999999998,10.95,10.949999999999996,3.2444873779000017e-16,13.460737394036848,-1,11.323999999999998,12.372473175736678,10.275526824263318
2021-09-14 00:00:00+05:30,11.1,12.85,11.05,12.45,777602458,11.049999999999999,11.025,11.074999999999998,0.004524886877827797,13.460737394036848,-1,11.321999999999997,12.361646093745057,10.282353906254938
2021-09-15 00:00:00+05:30,12.6,12.85,12.3,12.7,338102064,12.116666666666665,11.95,12.283333333333331,0.027510316368638144,13.460737394036848,-1,11.331999999999999,12.418602043178337,10.24539795682166
2021-09-16 00:00:00+05:30,12.95,15.05,12.9,14.7,910231884,12.616666666666665,12.575,12.658333333333331,0.006605019815059352,10.450874479549338,1,11.427999999999999,13.103966586850449,9.75203341314955
2021-09-17 00:00:00+05:30,14.35,14.5,12.95,13.25,582883624,14.216666666666669,13.975000000000001,14.458333333333336,0.03399765533411495,10.450874479549338,1,11.48,13.29262240972549,9.66737759027451
2021-09-20 00:00:00+05:30,13.0,13.75,12.7,12.8,180681962,13.566666666666668,13.725,13.408333333333337,0.02334152334152306,10.450874479549338,1,11.514000000000001,13.391342803070067,9.636657196929935
2021-09-21 00:00:00+05:30,12.9,13.05,12.55,13.0,110549666,13.083333333333334,13.225,12.941666666666668,0.021656050955413866,10.450874479549338,1,11.558000000000002,13.51915884115461,9.596841158845393
2021-09-22 00:00:00+05:30,13.1,13.4,13.05,13.15,90746640,12.866666666666667,12.8,12.933333333333334,0.010362694300518097,10.450874479549338,1,11.616,13.673905731621048,9.558094268378952
2021-09-23 00:00:00+05:30,13.25,13.35,12.95,13.0,78550572,13.200000000000001,13.225000000000001,13.175,0.0037878787878788413,10.450874479549338,1,11.686,13.807418393490218,9.564581606509782
2021-09-24 00:00:00+05:30,13.0,13.3,12.8,12.85,71409608,13.1,13.149999999999999,13.05,0.0076335877862593795,10.450874479549338,1,11.748000000000001,13.910864766978856,9.585135233021147
2021-09-27 00:00:00+05:30,13.0,13.0,12.8,12.9,54816217,12.983333333333334,13.05,12.916666666666668,0.010269576379974289,10.450874479549338,1,11.818,14.011969917806155,9.624030082193844
2021-09-28 00:00:00+05:30,13.0,13.2,12.55,12.75,115261485,12.9,12.9,12.9,0.0,10.450874479549338,1,11.895999999999999,14.078277709238261,9.713722290761737
2021-09-29 00:00:00+05:30,12.65,12.85,12.2,12.3,195039117,12.833333333333334,12.875,12.791666666666668,0.006493506493506401,10.450874479549338,1,11.948,14.104196651569168,9.791803348430832
2021-09-30 00:00:00+05:30,12.35,12.75,12.3,12.55,67706218,12.449999999999998,12.524999999999999,12.374999999999996,0.012048192771084511,10.450874479549338,1,12.012,14.140714165931621,9.88328583406838
2021-10-01 00:00:00+05:30,12.5,13.4,12.4,12.85,199414914,12.533333333333333,12.525,12.541666666666666,0.0013297872340424777,10.450874479549338,1,12.088,14.195183902804356,9.980816097195643
2021-10-04 00:00:00+05:30,13.05,13.2,13.0,13.1,88762032,12.883333333333333,12.9,12.866666666666665,0.0025873221216042683,10.450874479549338,1,12.17,14.268761539631798,10.071238460368201
2021-10-05 00:00:00+05:30,13.1,13.2,13.0,13.1,96849882,13.1,13.1,13.1,0.0,10.450874479549338,1,12.258,14.3205576356159,10.195442364384098
2021-10-06 00:00:00+05:30,13.15,13.5,13.0,13.05,124309047,13.1,13.1,13.1,0.0,10.450874479549338,1,12.347999999999999,14.343490917102173,10.352509082897825
2021-10-07 00:00:00+05:30,13.15,13.45,12.85,13.15,150895888,13.183333333333332,13.25,13.116666666666664,0.010113780025284685,10.450874479549338,1,12.43,14.381614716135617,10.478385283864382
2021-10-08 00:00:00+05:30,13.3,13.5,13.15,13.2,82980014,13.149999999999999,13.149999999999999,13.149999999999999,0.0,10.450874479549338,1,12.512,14.413216452757798,10.610783547242203
2021-10-11 00:00:00+05:30,13.3,13.35,13.05,13.05,58760797,13.283333333333331,13.325,13.241666666666664,0.006273525721455637,10.450874479549338,1,12.59,14.411428011269395,10.768571988730605
2021-10-12 00:00:00+05:30,13.1,13.35,13.0,13.2,107152589,13.15,13.2,13.100000000000001,0.007604562737642423,10.450874479549338,1,12.677999999999999,14.393127983631718,10.96287201636828
2021-10-13 00:00:00+05:30,13.3,13.35,13.2,13.25,76105307,13.183333333333332,13.175,13.191666666666663,0.001264222503160215,10.450874479549338,1,12.772,14.338162188356115,11.205837811643885
2021-10-14 00:00:00+05:30,13.25,13.45,13.2,13.2,82128218,13.266666666666666,13.274999999999999,13.258333333333333,0.0012562814070351046,10.450874479549338,1,12.864,14.237905382563236,11.490094617436766
2021-10-18 00:00:00+05:30,13.45,14.35,13.35,13.95,327306508,13.283333333333331,13.325,13.241666666666664,0.006273525721455637,10.450874479549338,1,12.983999999999998,14.180902669491543,11.787097330508454
2021-10-19 00:00:00+05:30,14.1,14.25,13.5,13.6,146859092,13.883333333333333,13.85,13.916666666666666,0.004801920768307306,10.450874479549338,1,13.084000000000001,14.02494420676031,12.143055793239693
2021-10-20 00:00:00+05:30,13.6,13.75,13.3,13.5,100540663,13.783333333333333,13.875,13.691666666666666,0.013301088270858541,10.450874479549338,1,13.126000000000001,14.043439916417256,12.208560083582746
2021-10-21 00:00:00+05:30,13.6,14.45,13.5,14.3,248334945,13.516666666666666,13.525,13.508333333333331,0.0012330456226882322,10.450874479549338,1,13.19,14.19836501339325,12.181634986606749
2021-10-22 00:00:00+05:30,14.55,14.65,13.4,13.75,332024855,14.083333333333334,13.975,14.191666666666668,0.015384615384615519,10.450874479549338,1,13.151999999999997,13.986496255375448,12.317503744624547
2021-10-25 00:00:00+05:30,14.0,14.1,13.2,13.35,156375061,13.933333333333332,14.025,13.841666666666663,0.013157894736842379,10.450874479549338,1,13.155999999999999,13.993290869552295,12.318709130447703
2021-10-26 00:00:00+05:30,13.35,13.65,13.25,13.45,103292300,13.549999999999999,13.649999999999999,13.45,0.014760147601475964,10.450874479549338,1,13.182,14.013807670219258,12.350192329780743
2021-10-27 00:00:00+05:30,13.5,13.6,13.0,13.05,148970323,13.449999999999998,13.45,13.449999999999996,2.6414228095171017e-16,10.450874479549338,1,13.184,14.014286697614494,12.353713302385504
2021-10-28 00:00:00+05:30,13.1,13.1,12.65,12.75,122032074,13.216666666666669,13.3,13.133333333333336,0.012610340479192758,10.450874479549338,1,13.168,14.015528170762256,12.320471829237743
2021-10-29 00:00:00+05:30,12.95,13.05,12.55,12.8,105143336,12.833333333333334,12.875,12.791666666666668,0.006493506493506401,10.450874479549338,1,13.16,14.017438044546445,12.302561955453555
2021-11-01 00:00:00+05:30,12.85,13.25,12.7,13.05,95919811,12.800000000000002,12.8,12.800000000000004,2.775557561562891e-16,10.450874479549338,1,13.168,14.017413915729907,12.318586084270091
2021-11-02 00:00:00+05:30,13.05,13.25,13.0,13.05,60470098,13.0,12.975,13.025,0.003846153846153901,10.450874479549338,1,13.174000000000001,14.017857808066978,12.330142191933025
2021-11-03 00:00:00+05:30,13.1,13.15,12.95,13.0,50990867,13.1,13.125,13.075,0.0038167938931298255,10.450874479549338,1,13.184000000000001,14.013322615292497,12.354677384707506
2021-11-04 00:00:00+05:30,13.05,13.25,13.0,13.15,25871499,13.033333333333333,13.05,13.016666666666666,0.0025575447570333754,10.450874479549338,1,13.218,13.965197430560034,12.470802569439966
2021-11-08 00:00:00+05:30,13.2,13.45,13.05,13.1,68845607,13.133333333333333,13.125,13.141666666666666,0.0012690355329948518,10.450874479549338,1,13.24,13.937997134833283,12.542002865166717
2021-11-09 00:00:00+05:30,13.15,13.25,13.05,13.1,40719001,13.200000000000001,13.25,13.150000000000002,0.007575757575757414,10.450874479549338,1,13.25,13.932348884541812,12.567651115458188
2021-11-10 00:00:00+05:30,13.1,13.15,13.0,13.0,42806649,13.133333333333333,13.15,13.116666666666665,0.002538071065989974,10.450874479549338,1,13.245999999999999,13.932975982284287,12.55902401771571
2021-11-11 00:00:00+05:30,13.25,13.6,13.2,13.25,122452763,13.049999999999999,13.075,13.024999999999999,0.0038314176245211277,10.450874479549338,1,13.252,13.936385856250295,12.567614143749706
2021-11-12 00:00:00+05:30,13.3,13.4,13.05,13.15,43718885,13.35,13.399999999999999,13.3,0.007490636704119691,10.450874479549338,1,13.256000000000002,13.936776027952986,12.575223972047018
2021-11-15 00:00:00+05:30,13.2,13.25,13.0,13.05,48088769,13.200000000000001,13.225000000000001,13.175,0.0037878787878788413,10.450874479549338,1,13.251999999999999,13.936385856250293,12.567614143749704
2021-11-16 00:00:00+05:30,13.1,13.2,13.0,13.05,58369877,13.1,13.125,13.075,0.0038167938931298255,10.450874479549338,1,13.245999999999999,13.934720553080464,12.557279446919534
2021-11-17 00:00:00+05:30,13.0,13.15,12.95,13.0,33082573,13.083333333333334,13.1,13.066666666666668,0.0025477707006367977,10.450874479549338,1,13.243999999999998,13.935271292789931,12.552728707210065
2021-11-18 00:00:00+05:30,13.05,13.05,12.8,12.85,59537598,13.033333333333333,13.05,13.016666666666666,0.0025575447570333754,10.450874479549338,1,13.23,13.938237248551284,12.521762751448717
2021-11-22 00:00:00+05:30,12.85,12.9,12.5,12.55,84612273,12.9,12.925,12.875,0.003875968992248117,10.450874479549338,1,13.202,13.958560638835744,12.445439361164256
2021-11-23 00:00:00+05:30,12.55,12.7,12.45,12.55,69774910,12.65,12.7,12.600000000000001,0.00790513833992078,10.450874479549338,1,13.175999999999998,13.974558701809451,12.377441298190545
2021-11-24 00:00:00+05:30,12.6,12.95,12.45,12.6,61441021,12.566666666666668,12.575,12.558333333333337,0.0013262599469492438,10.450874479549338,1,13.122,13.885717225310328,12.358282774689672
2021-11-25 00:00:00+05:30,12.6,12.8,12.55,12.75,49158856,12.666666666666666,12.7,12.633333333333333,0.005263157894736824,10.450874479549338,1,13.088,13.839148454192493,12.336851545807505
2021-11-26 00:00:00+05:30,12.65,12.7,12.4,12.45,74233939,12.700000000000001,12.675,12.725000000000001,0.0039370078740158035,10.450874479549338,1,13.046,13.81745058184945,12.27454941815055
2021-11-29 00:00:00+05:30,12.35,12.45,12.15,12.15,68776074,12.516666666666666,12.55,12.48333333333333,0.005326231691078827,10.450874479549338,1,12.960000000000003,13.625131566110065,12.29486843388994
2021-11-30 00:00:00+05:30,12.15,12.95,12.1,12.4,187690847,12.25,12.3,12.2,0.008163265306122564,10.450874479549338,1,12.905999999999999,13.523297335354794,12.288702664645204
2021-12-01 00:00:00+05:30,12.25,12.7,12.15,12.45,111430763,12.483333333333333,12.524999999999999,12.441666666666666,0.00667556742323088,10.450874479549338,1,12.87,13.484491660021682,12.255508339978316
2021-12-02 00:00:00+05:30,12.6,12.7,12.5,12.6,42857712,12.433333333333332,12.425,12.441666666666663,0.0013404825737261799,10.450874479549338,1,12.836000000000002,13.411166063181993,12.260833936818011
2021-12-03 00:00:00+05:30,12.65,12.7,12.5,12.55,59708926,12.6,12.6,12.6,0.0,10.450874479549338,1,12.816,13.394771112130096,12.237228887869906
2021-12-06 00:00:00+05:30,12.6,12.9,12.5,12.6,82373982,12.583333333333334,12.6,12.566666666666668,0.002649006622516406,10.450874479549338,1,12.81,13.394465568050265,12.225534431949736
2021-12-07 00:00:00+05:30,12.65,13.7,12.6,13.1,318018723,12.666666666666666,12.7,12.633333333333333,0.005263157894736824,10.450874479549338,1,12.822000000000001,13.417368793468635,12.226631206531367
2021-12-08 00:00:00+05:30,13.25,13.45,13.1,13.25,89385559,13.133333333333333,13.149999999999999,13.116666666666667,0.0025380710659897035,10.450874479549338,1,12.83,13.442535713437413,12.217464286562587
2021-12-09 00:00:00+05:30,13.3,14.2,13.25,14.0,371016070,13.266666666666666,13.274999999999999,13.258333333333333,0.0012562814070351046,10.450874479549338,1,12.868,13.630039369216714,12.105960630783287
2021-12-10 00:00:00+05:30,14.2,14.65,14.05,14.45,287016764,13.816666666666668,13.725,13.908333333333337,0.013268998793727655,10.984003094411484,1,12.925999999999998,13.908291199307055,11.943708800692942
2021-12-13 00:00:00+05:30,14.7,14.95,13.8,14.0,255950390,14.383333333333335,14.350000000000001,14.416666666666668,0.004634994206257226,10.984003094411484,1,12.96,14.026208234931634,11.893791765068368
2021-12-14 00:00:00+05:30,13.8,14.2,13.7,13.95,137444898,14.25,14.375,14.125,0.017543859649122806,10.984003094411484,1,12.993999999999998,14.127955907536073,11.860044092463923
2021-12-15 00:00:00+05:30,13.9,14.15,13.7,13.75,113529974,13.949999999999998,13.95,13.949999999999996,2.5467481568462376e-16,10.984003094411484,1,13.02,14.191665481370817,11.848334518629182
2021-12-16 00:00:00+05:30,13.9,14.05,13.3,13.4,122729693,13.866666666666667,13.925,13.808333333333334,0.008413461538461573,10.984003094411484,1,13.036000000000001,14.21702328522171,11.854976714778292
2021-12-17 00:00:00+05:30,13.55,13.6,13.05,13.15,111405508,13.583333333333334,13.675,13.491666666666667,0.01349693251533744,10.984003094411484,1,13.032,14.210772242732194,11.853227757267806
2021-12-20 00:00:00+05:30,13.05,13.05,12.55,12.75,126631534,13.266666666666666,13.325,13.208333333333332,0.008793969849246267,10.984003094411484,1,13.015999999999998,14.198783158586524,11.833216841413472
2021-12-21 00:00:00+05:30,13.05,13.25,12.85,13.0,82841162,12.783333333333333,12.8,12.766666666666666,0.0026075619295959575,10.984003094411484,1,13.014000000000001,14.196715519571772,11.83128448042823
2021-12-22 00:00:00+05:30,13.2,13.7,13.15,13.65,131722111,13.033333333333333,13.05,13.016666666666666,0.0025575447570333754,10.984003094411484,1,13.038,14.246728257399436,11.829271742600564
2021-12-23 00:00:00+05:30,13.8,13.85,13.5,13.55,71313187,13.5,13.425,13.575,0.011111111111111006,10.984003094411484,1,13.06,14.285071426585338,11.834928573414663
2021-12-24 00:00:00+05:30,13.6,13.65,13.15,13.25,84988162,13.633333333333335,13.675,13.591666666666669,0.0061124694376527245,10.984003094411484,1,13.075999999999999,14.300130712071141,11.851869287928857
2021-12-27 00:00:00+05:30,13.15,13.45,13.05,13.2,62329124,13.35,13.4,13.299999999999999,0.007490636704119957,10.984003094411484,1,13.101999999999999,14.307812589184467,11.89618741081553
2021-12-28 00:00:00+05:30,13.25,13.6,13.2,13.45,97031374,13.233333333333334,13.25,13.216666666666669,0.0025188916876572875,10.984003094411484,1,13.138000000000002,14.329395820135225,11.946604179864778
2021-12-29 00:00:00+05:30,13.5,14.15,13.45,13.9,125963208,13.416666666666666,13.399999999999999,13.433333333333334,0.0024844720496895647,10.984003094411484,1,13.19,14.396316708097663,11.983683291902336
2021-12-30 00:00:00+05:30,13.9,13.95,13.5,13.55,77192964,13.833333333333334,13.8,13.866666666666667,0.004819277108433718,10.984003094411484,1,13.222000000000001,14.4223599461143,12.021640053885703
2021-12-31 00:00:00+05:30,13.65,13.9,13.6,13.7,72947892,13.666666666666666,13.725,13.608333333333333,0.008536585365853694,10.984003094411484,1,13.272,14.443351356440681,12.10064864355932
2022-01-03 00:00:00+05:30,13.7,14.4,13.65,14.05,233646824,13.733333333333334,13.75,13.716666666666669,0.0024271844660192794,10.984003094411484,1,13.347999999999999,14.46351960997343,12.232480390026568
2022-01-04 00:00:00+05:30,14.1,14.65,14.05,14.5,239478313,14.033333333333333,14.025,14.041666666666666,0.0011876484560569395,10.984003094411484,1,13.432,14.565447837456631,12.29855216254337
2022-01-05 00:00:00+05:30,14.55,14.95,14.4,14.5,312373031,14.4,14.350000000000001,14.45,0.006944444444444297,11.023825357623746,1,13.514000000000001,14.648026454821473,12.37997354517853
2022-01-06 00:00:00+05:30,14.25,14.45,14.1,14.25,125481711,14.616666666666667,14.675,14.558333333333334,0.007981755986317021,11.023825357623746,1,13.58,14.68526015047808,12.47473984952192
2022-01-07 00:00:00+05:30,14.3,14.55,13.45,13.95,163782823,14.266666666666666,14.274999999999999,14.258333333333333,0.0011682242990653543,11.023825357623746,1,13.636,14.666153386751079,12.60584661324892
2022-01-10 00:00:00+05:30,13.95,14.25,13.9,14.0,85450112,13.983333333333334,14.0,13.966666666666669,0.0023837902264599357,11.023825357623746,1,13.692,14.639704595448713,12.744295404551288
2022-01-11 00:00:00+05:30,14.1,14.2,13.8,13.9,108029504,14.049999999999999,14.075,14.024999999999999,0.0035587188612100154,11.023825357623746,1,13.723999999999998,14.643182245386921,12.804817754613076
2022-01-12 00:00:00+05:30,13.95,14.0,13.7,13.75,70742108,13.966666666666667,14.0,13.933333333333334,0.004773269689737453,11.023825357623746,1,13.743999999999998,14.642585555322643,12.845414444677353
2022-01-13 00:00:00+05:30,13.85,14.2,13.6,14.0,132643682,13.816666666666668,13.85,13.783333333333337,0.0048250904704460465,11.023825357623746,1,13.743999999999998,14.642585555322643,12.845414444677353
2022-01-14 00:00:00+05:30,13.95,14.15,13.85,14.05,76620802,13.933333333333332,13.899999999999999,13.966666666666665,0.004784688995215294,11.023825357623746,1,13.728,14.589199164093033,12.866800835906966
2022-01-17 00:00:00+05:30,14.1,14.2,14.0,14.1,46460460,14.016666666666666,14.0,14.033333333333331,0.0023781212841853584,11.023825357623746,1,13.732000000000001,14.599123982043244,12.864876017956759
2022-01-18 00:00:00+05:30,14.1,14.15,13.7,13.8,98757385,14.1,14.1,14.1,0.0,11.023825357623746,1,13.726,14.589073577532382,12.86292642246762
2022-01-19 00:00:00+05:30,13.9,13.9,13.7,13.8,79519938,13.883333333333335,13.925,13.841666666666669,0.006002400960384068,11.023825357623746,1,13.728,14.591518384421859,12.864481615578141
2022-01-20 00:00:00+05:30,13.8,14.0,13.75,13.8,54861059,13.800000000000002,13.8,13.800000000000004,2.574430202029348e-16,11.023825357623746,1,13.743999999999998,14.597379165573253,12.890620834426743
2022-01-21 00:00:00+05:30,13.85,13.85,13.6,13.75,67086949,13.85,13.875,13.825,0.0036101083032491488,11.023825357623746,1,13.767999999999999,14.586232241013795,12.949767758986203
2022-01-24 00:00:00+05:30,14.2,14.2,13.4,13.45,200908635,13.733333333333334,13.725,13.741666666666669,0.0012135922330098984,11.023825357623746,1,13.796,14.51484351581857,13.07715648418143
2022-01-25 00:00:00+05:30,13.35,13.8,13.25,13.6,98939782,13.683333333333332,13.8,13.566666666666663,0.01705237515225368,11.023825357623746,1,13.82,14.467456562430527,13.172543437569473
2022-01-27 00:00:00+05:30,13.5,13.65,13.35,13.55,95789692,13.549999999999999,13.525,13.574999999999998,0.003690036900368794,11.023825357623746,1,13.816,14.468821568450647,13.163178431549355
2022-01-28 00:00:00+05:30,13.55,13.8,13.3,13.35,81562705,13.516666666666666,13.5,13.533333333333331,0.002466091245375939,11.023825357623746,1,13.808,14.478331261567277,13.137668738432723
2022-01-31 00:00:00+05:30,13.5,13.6,13.2,13.3,82299006,13.483333333333334,13.55,13.416666666666668,0.009888751545117393,11.023825357623746,1,13.81,14.47392770708442,13.146072292915582
2022-02-01 00:00:00+05:30,13.4,13.6,13.1,13.35,108761671,13.366666666666665,13.399999999999999,13.333333333333332,0.004987531172069808,11.023825357623746,1,13.816,14.460186308636223,13.171813691363779
2022-02-02 00:00:00+05:30,13.5,13.8,13.4,13.65,74842792,13.35,13.35,13.35,0.0,11.023825357623746,1,13.823999999999998,14.454631429786325,13.193368570213671
2022-02-03 00:00:00+05:30,13.65,13.7,13.35,13.45,59047564,13.616666666666667,13.600000000000001,13.633333333333333,0.0024479804161565313,11.023825357623746,1,13.806,14.452417821717797,13.159582178282202
2022-02-04 00:00:00+05:30,13.6,13.85,13.55,13.7,102260941,13.5,13.524999999999999,13.475000000000001,0.003703703703703493,11.023825357623746,1,13.812000000000001,14.451549841868772,13.17245015813123
2022-02-07 00:00:00+05:30,13.9,14.15,13.7,13.95,107878882,13.699999999999998,13.7,13.699999999999996,2.59322166335803e-16,11.023825357623746,1,13.822000000000001,14.4620499982301,13.181950001769902
2022-02-08 00:00:00+05:30,14.05,14.25,14.0,14.15,148021736,13.933333333333332,13.925,13.941666666666663,0.0011961722488035048,11.023825357623746,1,13.825999999999999,14.472912668166531,13.179087331833466
2022-02-09 00:00:00+05:30,14.25,14.35,14.05,14.1,68633731,14.133333333333333,14.125,14.141666666666666,0.0011792452830188009,11.030515778412417,1,13.81,14.40732738111891,13.212672618881092
2022-02-10 00:00:00+05:30,14.15,14.2,13.8,13.85,65567550,14.166666666666666,14.2,14.133333333333333,0.00470588235294116,11.030515778412417,1,13.783999999999999,14.311423928386288,13.25657607161371
2022-02-11 00:00:00+05:30,13.85,14.2,13.75,13.9,105169399,13.950000000000001,14.0,13.900000000000002,0.007168458781361854,11.030515778412417,1,13.77,14.264772675311049,13.27522732468895
2022-02-14 00:00:00+05:30,13.8,13.85,13.2,13.25,115019220,13.950000000000001,13.975,13.925000000000002,0.0035842293906807998,11.030515778412417,1,13.742,14.270908309855791,13.21309169014421
2022-02-15 00:00:00+05:30,13.3,13.6,13.05,13.5,97078149,13.433333333333332,13.524999999999999,13.341666666666665,0.013647642679900764,11.030515778412417,1,13.722000000000001,14.248178677099851,13.195821322900152
2022-02-16 00:00:00+05:30,13.65,13.7,13.5,13.55,61575713,13.383333333333333,13.325,13.441666666666666,0.008717310087173136,11.030515778412417,1,13.708000000000002,14.23311332132653,13.182886678673475
2022-02-17 00:00:00+05:30,13.65,13.9,13.4,13.8,88068465,13.583333333333334,13.6,13.566666666666668,0.00245398773006121,11.030515778412417,1,13.71,14.236117857741565,13.183882142258437
2022-02-18 00:00:00+05:30,13.9,14.1,13.8,13.9,67852119,13.700000000000001,13.65,13.750000000000002,0.007299270072992804,11.030515778412417,1,13.706000000000001,14.224706082704436,13.187293917295566
2022-02-21 00:00:00+05:30,13.75,13.8,13.6,13.65,64338345,13.933333333333332,13.95,13.916666666666664,0.0023923444976077747,11.030515778412417,1,13.69,14.189599840106672,13.190400159893327
2022-02-22 00:00:00+05:30,13.45,13.75,13.35,13.6,110047883,13.683333333333332,13.7,13.666666666666664,0.0024360535931791712,11.030515778412417,1,13.67,14.14159304515085,13.19840695484915
2022-02-23 00:00:00+05:30,13.7,13.9,13.6,13.85,74202361,13.566666666666668,13.55,13.583333333333336,0.002457002457002579,11.030515778412417,1,13.671999999999999,14.146198271016088,13.19780172898391
2022-02-24 00:00:00+05:30,13.45,13.65,12.5,12.6,172480925,13.783333333333333,13.75,13.816666666666666,0.004836759371221264,11.030515778412417,1,13.624,14.253996825575133,12.994003174424869
2022-02-25 00:00:00+05:30,12.85,13.35,12.85,13.15,102883520,12.916666666666666,13.075,12.758333333333333,0.024516129032258048,11.030515778412417,1,13.597999999999999,14.250061346987223,12.945938653012774
2022-02-28 00:00:00+05:30,13.05,13.35,12.9,13.25,138460582,13.116666666666667,13.1,13.133333333333335,0.0025412960609912318,11.030515778412417,1,13.578,14.240769945180704,12.915230054819295
2022-03-02 00:00:00+05:30,13.2,13.25,12.6,12.9,129830542,13.166666666666666,13.125,13.208333333333332,0.0063291139240505435,11.030515778412417,1,13.556000000000001,14.268920753123991,12.84307924687601
2022-03-03 00:00:00+05:30,13.15,13.2,12.8,12.95,118672276,12.916666666666666,12.925,12.908333333333331,0.001290322580645363,11.030515778412417,1,13.53,14.280999334377153,12.779000665622846
2022-03-04 00:00:00+05:30,13.2,13.2,12.75,12.8,126930611,12.983333333333334,13.0,12.966666666666669,0.002567394094993435,11.030515778412417,1,13.5,14.303492377210256,12.696507622789744
2022-03-07 00:00:00+05:30,12.7,12.8,12.6,12.65,88242222,12.916666666666666,12.975,12.858333333333333,0.009032258064516166,11.030515778412417,1,13.472000000000001,14.340598871882209,12.603401128117794
2022-03-08 00:00:00+05:30,12.65,12.85,12.6,12.75,86562937,12.683333333333332,12.7,12.666666666666664,0.002628120893561235,11.030515778412417,1,13.45,14.361701705732244,12.538298294267754
2022-03-09 00:00:00+05:30,12.8,12.95,12.65,12.75,122615702,12.733333333333334,12.725,12.741666666666669,0.001308900523560414,11.030515778412417,1,13.425999999999998,14.377680618818694,12.474319381181303
2022-03-10 00:00:00+05:30,12.9,13.0,12.75,12.85,123845769,12.783333333333333,12.8,12.766666666666666,0.0026075619295959575,11.030515778412417,1,13.394,14.366962486550841,12.421037513449159
2022-03-11 00:00:00+05:30,12.85,12.9,12.7,12.75,58891356,12.866666666666667,12.875,12.858333333333334,0.0012953367875646932,11.030515778412417,1,13.366000000000001,14.370677062660064,12.361322937339938
2022-03-14 00:00:00+05:30,12.75,12.85,12.65,12.7,69297435,12.783333333333333,12.8,12.766666666666666,0.0026075619295959575,11.030515778412417,1,13.325999999999999,14.353665315282816,12.298334684717181
2022-03-15 00:00:00+05:30,12.8,12.8,12.6,12.7,82661443,12.733333333333334,12.75,12.716666666666669,0.00261780104712027,11.030515778412417,1,13.276,14.298983870955663,12.253016129044337
2022-03-16 00:00:00+05:30,12.8,12.85,12.75,12.8,63630406,12.699999999999998,12.7,12.699999999999996,2.797412345512206e-16,11.030515778412417,1,13.222000000000001,14.196096504580291,12.247903495419711
2022-03-17 00:00:00+05:30,12.9,13.4,12.25,12.95,820519351,12.800000000000002,12.8,12.800000000000004,2.775557561562891e-16,11.030515778412417,1,13.175999999999998,14.086437257715009,12.265562742284988
2022-03-21 00:00:00+05:30,13.2,13.45,12.9,12.95,132143743,12.866666666666665,12.825,12.908333333333331,0.006476683937823743,11.030515778412417,1,13.14,14.011320836566934,12.268679163433067
2022-03-22 00:00:00+05:30,13.05,13.05,12.75,12.8,80397218,13.1,13.175,13.024999999999999,0.011450381679389476,11.030515778412417,1,13.095999999999998,13.919125749953059,12.272874250046938
2022-03-23 00:00:00+05:30,12.9,13.0,12.8,12.85,77401990,12.866666666666667,12.9,12.833333333333334,0.0051813471502590485,11.030515778412417,1,13.08,13.906075057265271,12.253924942734729
2022-03-24 00:00:00+05:30,12.8,12.85,12.75,12.75,46327191,12.883333333333333,12.9,12.866666666666665,0.0025873221216042683,11.030515778412417,1,13.05,13.867312669812405,12.232687330187597
2022-03-25 00:00:00+05:30,12.8,12.85,12.65,12.7,48911163,12.783333333333333,12.8,12.766666666666666,0.0026075619295959575,11.030515778412417,1,13.015999999999998,13.817857842909792,12.214142157090205
2022-03-28 00:00:00+05:30,12.75,12.8,12.5,12.55,81110072,12.733333333333334,12.75,12.716666666666669,0.00261780104712027,11.030515778412417,1,12.966000000000001,13.72057007642501,12.211429923574991
2022-03-29 00:00:00+05:30,12.6,12.8,12.45,12.55,89485918,12.616666666666667,12.65,12.583333333333334,0.005284015852047537,11.030515778412417,1,12.912,13.579700531852533,12.244299468147469
2022-03-30 00:00:00+05:30,12.65,12.75,12.1,12.25,234110133,12.6,12.625,12.575,0.003968253968254024,11.030515778412417,1,12.856000000000002,13.501179045100091,12.210820954899912
2022-03-31 00:00:00+05:30,12.25,12.45,12.2,12.3,94468344,12.366666666666667,12.425,12.308333333333334,0.009433962264150981,11.030515778412417,1,12.803999999999998,13.409256970415347,12.19874302958465
2022-04-01 00:00:00+05:30,12.25,12.7,12.25,12.65,87342736,12.316666666666668,12.325,12.308333333333337,0.001353179972936035,11.030515778412417,1,12.756000000000002,13.187110195004088,12.324889804995916
2022-04-04 00:00:00+05:30,12.75,13.2,12.7,13.1,114480211,12.533333333333333,12.475,12.591666666666667,0.00930851063829791,11.030515778412417,1,12.776,13.222425805970513,12.329574194029487
2022-04-05 00:00:00+05:30,13.25,13.25,12.95,13.0,91829702,13.0,12.95,13.05,0.007692307692307802,11.030515778412417,1,12.77,13.19988370547909,12.340116294520909
2022-04-06 00:00:00+05:30,13.0,15.2,12.9,14.7,559694362,13.066666666666668,13.1,13.033333333333337,0.00510204081632624,11.030515778412417,1,12.828000000000001,13.682671866997106,11.973328133002896
2022-04-07 00:00:00+05:30,15.3,16.25,14.9,15.55,894347658,14.266666666666666,14.05,14.48333333333333,0.030373831775700705,11.897885375194225,1,12.934,14.30154378366329,11.566456216336709
2022-04-08 00:00:00+05:30,15.65,16.05,15.15,15.65,388365991,15.566666666666668,15.575,15.558333333333337,0.00107066381156288,11.897885375194225,1,13.042,14.775131270341602,11.308868729658398
2022-04-11 00:00:00+05:30,15.65,15.7,15.0,15.1,196889010,15.616666666666667,15.600000000000001,15.633333333333333,0.002134471718249612,11.897885375194225,1,13.133999999999999,15.041400325111566,11.226599674888432
2022-04-12 00:00:00+05:30,15.0,15.15,14.4,14.65,174419841,15.266666666666666,15.35,15.183333333333332,0.010917030567685667,11.897885375194225,1,13.214,15.199652537639846,11.228347462360155
2022-04-13 00:00:00+05:30,14.7,14.9,14.5,14.55,70370226,14.733333333333334,14.775,14.691666666666668,0.005656108597284987,11.897885375194225,1,13.286000000000001,15.32884507494705,11.243154925052952
2022-04-18 00:00:00+05:30,14.45,14.45,13.8,14.1,99356804,14.65,14.7,14.600000000000001,0.006825938566552755,11.897885375194225,1,13.34,15.394653255475315,11.285346744524684
2022-04-19 00:00:00+05:30,14.1,14.2,13.55,13.75,75612704,14.116666666666667,14.125,14.108333333333334,0.0011806375442738408,11.897885375194225,1,13.376,15.426584307029398,11.325415692970601
2022-04-20 00:00:00+05:30,13.8,14.15,13.7,13.9,78987240,13.833333333333334,13.875,13.791666666666668,0.006024096385542083,11.897885375194225,1,13.422,15.465933462771025,11.378066537228976
2022-04-21 00:00:00+05:30,14.0,14.25,13.95,14.15,75566285,13.916666666666666,13.925,13.908333333333331,0.001197604790419349,11.897885375194225,1,13.48,15.520980156747008,11.439019843252993
2022-04-22 00:00:00+05:30,14.05,14.2,13.9,13.95,55184187,14.116666666666667,14.1,14.133333333333335,0.0023612750885479332,11.897885375194225,1,13.53,15.553264688624536,11.506735311375463
2022-04-25 00:00:00+05:30,13.85,13.9,13.65,13.75,80863122,14.016666666666666,14.05,13.98333333333333,0.004756242568371224,11.897885375194225,1,13.568,15.570574343247927,11.565425656752073
2022-04-26 00:00:00+05:30,13.7,14.05,13.65,13.75,53580878,13.766666666666666,13.775,13.758333333333331,0.0012106537530268237,11.897885375194225,1,13.6,15.587561319867843,11.612438680132156
2022-04-27 00:00:00+05:30,13.7,13.75,13.5,13.55,50823471,13.816666666666668,13.850000000000001,13.783333333333335,0.004825090470446303,11.897885375194225,1,13.624,15.593998984830895,11.654001015169106
2022-04-28 00:00:00+05:30,13.6,13.75,13.45,13.65,52950069,13.6,13.625,13.575,0.0036764705882353465,11.897885375194225,1,13.658,15.599067747461353,11.716932252538646
2022-04-29 00:00:00+05:30,13.7,13.95,13.55,13.65,79999730,13.616666666666667,13.6,13.633333333333335,0.0024479804161567924,11.897885375194225,1,13.69,15.602903552256262,11.777096447743737
2022-05-02 00:00:00+05:30,14.25,14.5,13.65,13.8,154079451,13.716666666666667,13.75,13.683333333333334,0.004860267314702292,11.897885375194225,1,13.732000000000001,15.606220904865419,11.857779095134584
2022-05-04 00:00:00+05:30,13.9,13.95,13.45,13.55,100802126,13.983333333333334,14.075,13.89166666666667,0.013110846245530156,11.897885375194225,1,13.765999999999998,15.594380704403346,11.937619295596651
2022-05-05 00:00:00+05:30,13.7,13.8,13.45,13.5,62604654,13.65,13.7,13.600000000000001,0.00732600732600717,11.897885375194225,1,13.803999999999998,15.568068025965665,12.039931974034332
2022-05-06 00:00:00+05:30,13.4,13.4,13.1,13.2,70858847,13.583333333333334,13.625,13.541666666666668,0.006134969325153287,11.897885375194225,1,13.83,15.537629936559545,12.122370063440455
2022-05-09 00:00:00+05:30,13.05,13.2,12.9,12.95,80727091,13.233333333333334,13.25,13.216666666666669,0.0025188916876572875,11.897885375194225,1,13.857999999999999,15.481990147825503,12.234009852174495
2022-05-10 00:00:00+05:30,12.95,13.2,12.9,13.0,69056902,13.016666666666666,13.05,12.98333333333333,0.005121638924456081,11.897885375194225,1,13.886000000000001,15.423405606934699,12.348594393065303
2022-05-11 00:00:00+05:30,13.05,13.1,12.6,12.85,97715454,13.033333333333333,13.05,13.016666666666666,0.0025575447570333754,11.897885375194225,1,13.893999999999998,15.407491328100107,12.38050867189989
2022-05-12 00:00:00+05:30,12.85,12.85,12.5,12.55,108927333,12.85,12.85,12.85,0.0,11.897885375194225,1,13.872,15.44580557891827,12.29819442108173
2022-05-13 00:00:00+05:30,12.7,12.85,12.45,12.45,69982971,12.633333333333335,12.675,12.591666666666669,0.006596306068601489,11.897885375194225,1,13.85,15.486092906969013,12.213907093030986
2022-05-16 00:00:00+05:30,12.55,12.8,12.5,12.7,46521622,12.583333333333334,12.649999999999999,12.51666666666667,0.010596026490065904,11.897885375194225,1,13.77,15.427467948478784,12.112532051521216
2022-05-17 00:00:00+05:30,12.8,13.5,12.7,13.3,162808205,12.666666666666666,12.65,12.683333333333332,0.0026315789473682714,11.897885375194225,1,13.68,15.177731618226257,12.182268381773742
2022-05-18 00:00:00+05:30,13.5,14.0,13.2,13.9,197553271,13.166666666666666,13.1,13.233333333333333,0.010126582278480976,11.897885375194225,1,13.61,14.879015366429728,12.34098463357027
2022-05-19 00:00:00+05:30,13.5,14.05,13.25,13.45,162559992,13.700000000000001,13.6,13.800000000000002,0.014598540145985607,11.897885375194225,1,13.544,14.658385929664812,12.42961407033519
2022-05-20 00:00:00+05:30,13.75,14.3,13.65,13.95,154935644,13.583333333333334,13.65,13.516666666666667,0.009815950920245363,11.897885375194225,1,13.515999999999998,14.55010637762029,12.481893622379706
2022-05-23 00:00:00+05:30,14.0,14.15,13.7,13.75,121476707,13.966666666666669,13.975000000000001,13.958333333333336,0.0011933174224342995,11.897885375194225,1,13.483999999999998,14.434250493414773,12.533749506585224
2022-05-24 00:00:00+05:30,13.75,13.9,13.4,13.45,81452469,13.866666666666667,13.925,13.808333333333334,0.008413461538461573,11.897885375194225,1,13.458,14.374375469027337,12.541624530972664
2022-05-25 00:00:00+05:30,13.5,13.55,12.95,13.05,88268100,13.583333333333334,13.65,13.516666666666667,0.009815950920245363,11.897885375194225,1,13.43,14.351737489871777,12.508262510128223
2022-05-26 00:00:00+05:30,13.1,13.45,12.8,13.25,50038976,13.183333333333332,13.25,13.116666666666664,0.010113780025284685,11.897885375194225,1,13.403999999999998,14.307734474408923,12.500265525591074
2022-05-27 00:00:00+05:30,13.5,13.55,13.25,13.4,45731067,13.166666666666666,13.125,13.208333333333332,0.0063291139240505435,11.897885375194225,1,13.374,14.224938305775005,12.523061694224996
2022-05-30 00:00:00+05:30,13.45,13.55,13.35,13.45,35028932,13.4,13.4,13.4,0.0,11.897885375194225,1,13.354000000000001,14.172740496271727,12.535259503728275
2022-05-31 00:00:00+05:30,13.45,13.5,13.05,13.15,61918137,13.449999999999998,13.45,13.449999999999996,2.6414228095171017e-16,11.897885375194225,1,13.33,14.13597766733038,12.52402233266962
2022-06-01 00:00:00+05:30,13.15,13.3,13.1,13.25,34785728,13.233333333333334,13.275,13.191666666666668,0.006297229219143487,11.897885375194225,1,13.31,14.097908624293046,12.522091375706955
2022-06-02 00:00:00+05:30,13.45,13.55,13.3,13.35,38822401,13.216666666666667,13.2,13.233333333333334,0.002522068095838713,11.897885375194225,1,13.302,14.084038362380882,12.519961637619117
2022-06-03 00:00:00+05:30,13.45,13.55,13.15,13.25,35997270,13.4,13.425,13.375,0.0037313432835821424,11.897885375194225,1,13.286000000000001,14.05516578202323,12.516834217976772
2022-06-06 00:00:00+05:30,13.2,13.35,13.1,13.15,32648669,13.316666666666668,13.350000000000001,13.283333333333335,0.005006257822277829,11.897885375194225,1,13.265999999999998,14.022158713654376,12.50984128634562
2022-06-07 00:00:00+05:30,13.15,13.25,13.05,13.05,31123663,13.200000000000001,13.225,13.175000000000002,0.0037878787878785724,11.897885375194225,1,13.235999999999999,13.964021977851974,12.507978022148023
2022-06-08 00:00:00+05:30,13.1,13.45,13.05,13.2,40720659,13.116666666666667,13.15,13.083333333333334,0.005082592121982193,11.897885375194225,1,13.222000000000001,13.938703565105916,12.505296434894086
2022-06-09 00:00:00+05:30,13.2,13.25,13.05,13.2,31264919,13.233333333333334,13.25,13.216666666666669,0.0025188916876572875,11.897885375194225,1,13.21,13.917672240684594,12.502327759315408
2022-06-10 00:00:00+05:30,13.15,13.2,12.85,12.95,43479577,13.166666666666666,13.15,13.183333333333332,0.0025316455696201092,11.897885375194225,1,13.2,13.914982517433518,12.48501748256648
2022-06-13 00:00:00+05:30,12.85,12.95,12.75,12.8,41876039,13.0,13.024999999999999,12.975000000000001,0.0038461538461536274,11.897885375194225,1,13.193999999999999,13.919710686317615,12.468289313682384
2022-06-14 00:00:00+05:30,12.8,12.9,12.65,12.7,28710092,12.833333333333334,12.85,12.816666666666668,0.0025974025974024495,11.897885375194225,1,13.182,13.929732572672615,12.434267427327386
2022-06-15 00:00:00+05:30,12.75,13.0,12.7,12.75,45778927,12.75,12.775,12.725,0.003921568627451036,11.897885375194225,1,13.178000000000003,13.933820084567497,12.422179915432508
2022-06-16 00:00:00+05:30,12.85,12.9,12.45,12.5,60215220,12.816666666666668,12.85,12.783333333333337,0.005201560468140146,11.897885375194225,1,13.176000000000002,13.938689976488233,12.413310023511771
2022-06-17 00:00:00+05:30,12.55,12.7,12.35,12.45,89833411,12.616666666666667,12.675,12.558333333333334,0.00924702774108326,11.897885375194225,1,13.176000000000002,13.938689976488233,12.413310023511771
2022-06-20 00:00:00+05:30,12.45,12.75,12.25,12.35,93738331,12.5,12.524999999999999,12.475000000000001,0.003999999999999773,11.897885375194225,1,13.161999999999999,13.970593841329283,12.353406158670715
2022-06-21 00:00:00+05:30,12.4,12.65,12.35,12.6,39274440,12.450000000000001,12.5,12.400000000000002,0.008032128514056052,11.897885375194225,1,13.134,13.969569267168021,12.29843073283198
2022-06-22 00:00:00+05:30,12.6,12.6,12.45,12.45,26497740,12.533333333333333,12.5,12.566666666666666,0.0053191489361701936,11.897885375194225,1,13.075999999999999,13.891901955038602,12.260098044961396
2022-06-23 00:00:00+05:30,12.5,12.65,12.4,12.45,27841070,12.5,12.524999999999999,12.475000000000001,0.003999999999999773,11.897885375194225,1,13.036,13.872430511301383,12.199569488698616
2022-06-24 00:00:00+05:30,12.5,13.05,12.5,12.75,86625594,12.5,12.525,12.475,0.0040000000000000565,11.897885375194225,1,12.988,13.74286687583705,12.233133124162949
2022-06-27 00:00:00+05:30,12.9,12.95,12.7,12.85,33445377,12.766666666666666,12.775,12.758333333333331,0.0013054830287208307,11.897885375194225,1,12.952,13.641045717087088,12.262954282912911
2022-06-28 00:00:00+05:30,12.85,12.9,12.65,12.85,33141182,12.833333333333334,12.825,12.841666666666669,0.0012987012987015017,11.897885375194225,1,12.928000000000003,13.587138832292645,12.26886116770736
2022-06-29 00:00:00+05:30,12.75,12.9,12.7,12.7,26528632,12.799999999999999,12.775,12.824999999999998,0.0039062499999997784,11.897885375194225,1,12.914000000000001,13.577035444177865,12.250964555822138
2022-06-30 00:00:00+05:30,12.7,12.8,12.6,12.65,33846649,12.766666666666666,12.8,12.73333333333333,0.005221932114882767,11.897885375194225,1,12.89,13.546048778854276,12.233951221145725
2022-07-01 00:00:00+05:30,12.65,12.75,12.55,12.65,18633694,12.683333333333332,12.7,12.666666666666664,0.002628120893561235,11.897885375194225,1,12.86,13.488012738912392,12.231987261087607
2022-07-04 00:00:00+05:30,12.65,12.75,12.6,12.65,21510057,12.65,12.65,12.65,0.0,11.897885375194225,1,12.828,13.4125203163589,12.243479683641098
2022-07-05 00:00:00+05:30,12.7,12.85,12.6,12.65,20011968,12.666666666666666,12.675,12.658333333333331,0.0013157894736844163,11.897885375194225,1,12.808,13.381187578578208,12.234812421421791
2022-07-06 00:00:00+05:30,12.65,12.7,12.55,12.65,23304730,12.700000000000001,12.725,12.675000000000002,0.003937007874015524,11.897885375194225,1,12.784,13.33078697884679,12.237213021153211
2022-07-07 00:00:00+05:30,12.7,12.95,12.7,12.85,27916898,12.633333333333333,12.625,12.641666666666666,0.0013192612137202418,11.897885375194225,1,12.764,13.260805797305585,12.267194202694414
2022-07-08 00:00:00+05:30,12.9,12.95,12.7,12.8,19792617,12.833333333333334,12.825,12.841666666666669,0.0012987012987015017,11.897885375194225,1,12.745999999999999,13.202000000259291,12.289999999740706
2022-07-11 00:00:00+05:30,12.75,13.35,12.7,13.15,92442757,12.816666666666668,12.825,12.808333333333337,0.0013003901170347593,11.897885375194225,1,12.746000000000002,13.202000000259295,12.28999999974071
2022-07-12 00:00:00+05:30,13.15,13.7,13.1,13.35,92851423,13.066666666666665,13.024999999999999,13.10833333333333,0.006377551020408073,11.897885375194225,1,12.758,13.258943110778509,12.25705688922149
2022-07-13 00:00:00+05:30,13.5,13.6,13.15,13.25,50448827,13.383333333333333,13.399999999999999,13.366666666666667,0.002490660024906459,11.897885375194225,1,12.76,13.268330601318125,12.251669398681875
2022-07-14 00:00:00+05:30,13.35,13.5,13.1,13.3,40934758,13.333333333333334,13.375,13.291666666666668,0.006249999999999911,11.897885375194225,1,12.764000000000001,13.287465376349228,12.240534623650774
2022-07-15 00:00:00+05:30,13.35,13.5,13.1,13.3,58240029,13.300000000000002,13.3,13.300000000000004,2.671213292331203e-16,11.897885375194225,1,12.777999999999999,13.338057140153046,12.217942859846952
2022-07-18 00:00:00+05:30,13.4,13.5,13.25,13.35,62818790,13.300000000000002,13.3,13.300000000000004,2.671213292331203e-16,11.897885375194225,1,12.8,13.403324125355821,12.19667587464418
2022-07-19 00:00:00+05:30,13.35,13.55,13.3,13.5,61974559,13.366666666666667,13.375,13.358333333333334,0.0012468827930173854,11.897885375194225,1,12.831999999999999,13.49283583455825,12.171164165441748
2022-07-20 00:00:00+05:30,13.6,13.7,13.55,13.6,41676425,13.450000000000001,13.425,13.475000000000001,0.0037174721189591605,11.897885375194225,1,12.866,13.590828255682842,12.141171744317157
2022-07-21 00:00:00+05:30,13.65,14.5,13.55,14.3,166126277,13.616666666666667,13.625,13.608333333333334,0.0012239902080782657,11.897885375194225,1,12.937999999999999,13.839234708739118,12.03676529126088
2022-07-22 00:00:00+05:30,14.5,15.0,14.45,14.7,159313294,14.116666666666667,14.025,14.208333333333334,0.012987012987013003,11.9687438648874,1,13.027999999999999,14.140862974600152,11.915137025399845
2022-07-25 00:00:00+05:30,14.85,14.95,13.9,14.25,162099771,14.716666666666667,14.725,14.708333333333334,0.0011325028312570138,11.9687438648874,1,13.104000000000001,14.279047233193522,11.92895276680648
2022-07-26 00:00:00+05:30,14.25,14.35,13.65,13.7,85276540,14.366666666666667,14.425,14.308333333333334,0.00812064965197219,11.9687438648874,1,13.148,14.326636500468085,11.969363499531914
2022-07-27 00:00:00+05:30,13.75,14.9,13.7,14.7,215320288,13.9,14.0,13.8,0.014388489208633042,11.9687438648874,1,13.238,14.52804806121147,11.94795193878853
2022-07-28 00:00:00+05:30,14.8,15.0,14.35,14.55,121638236,14.433333333333332,14.3,14.566666666666663,0.018475750577366896,11.9687438648874,1,13.322000000000001,14.668129265797049,11.975870734202953
2022-07-29 00:00:00+05:30,14.7,15.3,14.65,14.95,240308552,14.633333333333335,14.675,14.591666666666669,0.005694760820045477,11.9687438648874,1,13.41,14.877242311356621,11.942757688643379
2022-08-01 00:00:00+05:30,15.8,15.8,14.75,15.25,283753874,14.966666666666669,14.975000000000001,14.958333333333336,0.0011135857461023865,11.9687438648874,1,13.505999999999998,15.120761902026091,11.891238097973906
2022-08-02 00:00:00+05:30,15.4,17.9,15.2,17.15,984540451,15.266666666666666,15.275,15.258333333333331,0.0010917030567687298,12.410696043189267,1,13.677999999999999,15.809868663927158,11.54613133607284
2022-08-03 00:00:00+05:30,17.3,17.5,16.15,16.45,380839570,16.749999999999996,16.549999999999997,16.949999999999996,0.023880597014925294,12.473268201461698,1,13.828,16.179863941692687,11.476136058307311
2022-08-04 00:00:00+05:30,16.6,17.05,16.35,16.65,234484381,16.7,16.825,16.575,0.014970059880239521,12.473268201461698,1,13.988,16.533785536967702,11.442214463032297
2022-08-05 00:00:00+05:30,16.8,16.95,16.6,16.65,111491714,16.683333333333334,16.700000000000003,16.666666666666664,0.0019980019980023103,12.4782839744671,1,14.148,16.836119045026393,11.459880954973606
2022-08-08 00:00:00+05:30,16.7,16.75,15.95,16.0,130861541,16.73333333333333,16.775,16.691666666666663,0.0049800796812750426,12.4782839744671,1,14.282,16.99196383744015,11.57203616255985
2022-08-10 00:00:00+05:30,16.0,16.05,15.25,15.4,138968107,16.233333333333334,16.35,16.116666666666667,0.014373716632443589,12.4782839744671,1,14.392000000000001,17.05082380014794,11.733176199852064
2022-08-11 00:00:00+05:30,15.65,15.7,15.25,15.4,110441016,15.566666666666668,15.65,15.483333333333336,0.010706638115631538,12.4782839744671,1,14.501999999999999,17.09004636748125,11.913953632518748
2022-08-12 00:00:00+05:30,15.3,15.45,15.15,15.3,73702389,15.450000000000001,15.475,15.425000000000002,0.0032362459546923725,12.4782839744671,1,14.6,17.114915505585166,12.085084494414831
2022-08-16 00:00:00+05:30,15.3,16.0,15.3,15.9,148736090,15.300000000000002,15.3,15.300000000000004,2.3220350841833336e-16,12.4782839744671,1,14.724,17.17661003835352,12.27138996164648
2022-08-17 00:00:00+05:30,16.0,16.8,15.95,16.55,237169795,15.733333333333334,15.65,15.816666666666668,0.010593220338983125,12.4782839744671,1,14.86,17.325441137044685,12.394558862955316
2022-08-18 00:00:00+05:30,16.55,16.8,16.35,16.65,121482844,16.433333333333334,16.375,16.491666666666667,0.007099391480730252,12.4782839744671,1,14.992,17.4732384005234,12.510761599476602
2022-08-19 00:00:00+05:30,16.65,16.75,16.15,16.55,183960328,16.6,16.575000000000003,16.625,0.0030120481927709128,12.4782839744671,1,15.124,17.57138554384708,12.676614456152922
2022-08-22 00:00:00+05:30,16.5,16.6,16.25,16.35,65541015,16.483333333333334,16.45,16.51666666666667,0.00404448938321557,12.4782839744671,1,15.245999999999999,17.620518056413008,12.87148194358699
2022-08-23 00:00:00+05:30,16.15,16.85,16.15,16.3,119341274,16.400000000000002,16.425,16.375000000000004,0.0030487804878047042,12.4782839744671,1,15.366,17.6359286332903,13.0960713667097
2022-08-24 00:00:00+05:30,16.35,16.75,16.25,16.6,86755636,16.433333333333334,16.5,16.366666666666667,0.008113590263691654,12.4782839744671,1,15.496000000000002,17.658946139003678,13.333053860996326
2022-08-25 00:00:00+05:30,16.8,16.95,16.45,16.5,94097792,16.533333333333335,16.5,16.56666666666667,0.004032258064516329,12.495912459376388,1,15.616000000000001,17.651823175089298,13.580176824910705
2022-08-26 00:00:00+05:30,16.6,16.7,16.4,16.45,61100663,16.633333333333333,16.7,16.566666666666666,0.008016032064128228,12.495912459376388,1,15.73,17.61509946693283,13.844900533067172
2022-08-29 00:00:00+05:30,16.1,16.35,15.85,16.2,101321244,16.516666666666666,16.549999999999997,16.483333333333334,0.004036326942482112,12.495912459376388,1,15.806,17.605626628006565,14.006373371993432
2022-08-30 00:00:00+05:30,16.25,16.6,16.25,16.45,79280387,16.133333333333336,16.1,16.16666666666667,0.0041322314049588825,12.495912459376388,1,15.876,17.633753111284445,14.118246888715554
2022-09-01 00:00:00+05:30,16.35,16.6,16.35,16.35,75338213,16.433333333333334,16.425,16.441666666666666,0.0010141987829614028,12.497606085432476,1,15.96,17.595359287811085,14.324640712188916
2022-09-02 00:00:00+05:30,16.45,16.5,16.2,16.2,53454387,16.433333333333334,16.475,16.391666666666666,0.005070993914807446,12.497606085432476,1,16.06,17.411443672607103,14.708556327392895
2022-09-05 00:00:00+05:30,16.25,17.4,16.2,16.65,145151126,16.3,16.35,16.25,0.006134969325153461,12.717793768334566,1,16.138,17.387729570839078,14.888270429160926
2022-09-06 00:00:00+05:30,16.75,17.2,16.5,16.75,126241432,16.749999999999996,16.799999999999997,16.699999999999996,0.005970149253731429,12.735082017601187,1,16.226,17.315631130350745,15.136368869649253
2022-09-07 00:00:00+05:30,16.6,17.45,16.6,17.3,209105496,16.816666666666666,16.85,16.78333333333333,0.003964321110010108,12.836678736897138,1,16.32,17.3573041985017,15.2826958014983
2022-09-08 00:00:00+05:30,17.5,18.05,17.4,17.75,268170150,17.116666666666664,17.025,17.20833333333333,0.010710808179162418,13.494211587421255,1,16.42,17.506278049225454,15.33372195077455
2022-09-09 00:00:00+05:30,17.85,18.2,17.3,17.5,193221914,17.733333333333334,17.725,17.741666666666667,0.0009398496240600969,13.494211587421255,1,16.433999999999997,17.56562537980951,15.302374620190482
2022-09-12 00:00:00+05:30,17.7,17.8,17.5,17.55,98441497,17.666666666666668,17.75,17.583333333333336,0.00943396226415081,13.494211587421255,1,16.477999999999998,17.691286446074848,15.264713553925148
2022-09-13 00:00:00+05:30,17.65,17.7,17.3,17.45,118386677,17.616666666666664,17.65,17.58333333333333,0.003784295175023841,13.494211587421255,1,16.51,17.780590414031554,15.239409585968447
2022-09-14 00:00:00+05:30,17.15,17.5,17.1,17.25,137081038,17.483333333333334,17.5,17.46666666666667,0.001906577693040883,13.494211587421255,1,16.534,17.836526775244497,15.231473224755502
2022-09-15 00:00:00+05:30,17.4,17.6,17.1,17.15,81502917,17.283333333333335,17.3,17.26666666666667,0.0019286403085823395,13.494211587421255,1,16.58,17.885067048173667,15.274932951826328
2022-09-16 00:00:00+05:30,17.15,17.25,16.65,16.75,127305239,17.283333333333335,17.35,17.21666666666667,0.007714561234329769,13.494211587421255,1,16.634,17.84782700589031,15.420172994109691
2022-09-19 00:00:00+05:30,16.75,16.8,16.3,16.35,103007423,16.883333333333333,16.95,16.816666666666666,0.007897334649555747,13.494211587421255,1,16.672,17.784143875687207,15.559856124312796
2022-09-20 00:00:00+05:30,16.45,16.85,16.35,16.4,87573547,16.483333333333334,16.55,16.416666666666668,0.008088978766430709,13.494211587421255,1,16.716,17.68542044553871,15.746579554461292
2022-09-21 00:00:00+05:30,16.85,17.25,16.65,16.9,171508609,16.533333333333335,16.6,16.46666666666667,0.008064516129032228,13.494211587421255,1,16.756,17.668280658694677,15.843719341305324
2022-09-22 00:00:00+05:30,16.85,17.15,16.6,16.75,99539210,16.933333333333334,16.95,16.916666666666668,0.001968503937007762,13.494211587421255,1,16.764,17.672414002659785,15.855585997340212
2022-09-23 00:00:00+05:30,16.75,16.75,16.0,16.2,104057075,16.833333333333332,16.875,16.791666666666664,0.004950495049505092,13.494211587421255,1,16.746,17.680203404098062,15.811796595901933
2022-09-26 00:00:00+05:30,16.0,16.0,15.35,15.5,98094429,16.316666666666666,16.375,16.258333333333333,0.007150153217568977,13.494211587421255,1,16.703999999999997,17.75658538856878,15.651414611431214
2022-09-27 00:00:00+05:30,15.6,15.9,15.45,15.75,66927489,15.616666666666667,15.675,15.558333333333334,0.007470651013874096,13.494211587421255,1,16.68,17.7895945206374,15.570405479362599
2022-09-28 00:00:00+05:30,15.6,15.75,15.4,15.45,67412435,15.700000000000001,15.675,15.725000000000001,0.003184713375796223,13.494211587421255,1,16.646,17.848304454050062,15.44369554594994
2022-09-29 00:00:00+05:30,15.6,15.75,15.4,15.5,45476468,15.533333333333331,15.575,15.491666666666664,0.005364806866952943,13.494211587421255,1,16.601999999999997,17.885582486725607,15.318417513274385
2022-09-30 00:00:00+05:30,15.55,15.85,15.4,15.65,86879185,15.549999999999999,15.575,15.524999999999999,0.003215434083601332,13.494211587421255,1,16.567999999999998,17.904526842315097,15.231473157684897
2022-10-03 00:00:00+05:30,15.65,15.75,15.3,15.4,48492331,15.633333333333333,15.625,15.641666666666666,0.0010660980810233936,13.494211587421255,1,16.526,17.938549468241327,15.113450531758673
2022-10-04 00:00:00+05:30,15.65,16.3,15.6,16.2,112076362,15.483333333333334,15.525,15.441666666666668,0.005382131324004229,13.494211587421255,1,16.526,17.938549468241327,15.113450531758673
2022-10-06 00:00:00+05:30,16.35,16.85,16.25,16.5,149333764,16.03333333333333,15.95,16.116666666666664,0.010395010395010248,13.494211587421255,1,16.528,17.94025493457408,15.115745065425914
2022-10-07 00:00:00+05:30,16.75,16.75,16.35,16.55,59605751,16.533333333333335,16.55,16.51666666666667,0.0020161290322579495,13.494211587421255,1,16.535999999999998,17.946395689240727,15.125604310759268
2022-10-10 00:00:00+05:30,16.4,16.55,16.2,16.45,51241998,16.55,16.55,16.55,0.0,13.494211587421255,1,16.546,17.95025638692826,15.141743613071737
2022-10-11 00:00:00+05:30,16.5,16.6,16.05,16.15,48398744,16.400000000000002,16.375,16.425000000000004,0.0030487804878051375,13.494211587421255,1,16.526,17.9379830028116,15.114016997188402
2022-10-12 00:00:00+05:30,16.25,16.3,15.8,16.0,66034496,16.26666666666667,16.325000000000003,16.208333333333336,0.0071721311475410115,13.494211587421255,1,16.496,17.919494292306403,15.072505707693594
2022-10-13 00:00:00+05:30,15.95,16.0,15.6,15.8,38929298,16.033333333333335,16.05,16.01666666666667,0.0020790020790019607,13.494211587421255,1,16.436,17.845260799223844,15.026739200776156
2022-10-14 00:00:00+05:30,16.05,16.15,15.7,15.8,60503189,15.800000000000002,15.8,15.800000000000004,2.2485529612661395e-16,13.494211587421255,1,16.358,17.680930081383437,15.035069918616564
2022-10-17 00:00:00+05:30,15.7,16.05,15.65,15.75,83954100,15.883333333333333,15.924999999999999,15.841666666666667,0.005246589716684081,13.494211587421255,1,16.288,17.5453877684427,15.0306122315573
2022-10-18 00:00:00+05:30,15.85,15.95,15.7,15.85,45399847,15.816666666666668,15.850000000000001,15.783333333333335,0.004214963119072693,13.494211587421255,1,16.22,17.37689238921753,15.063107610782467
2022-10-19 00:00:00+05:30,15.85,16.05,15.8,15.9,44781578,15.833333333333334,15.825,15.841666666666669,0.001052631578947533,13.494211587421255,1,16.158,17.20554188471372,15.110458115286283
2022-10-20 00:00:00+05:30,15.85,16.0,15.75,15.95,29372277,15.916666666666666,15.925,15.908333333333331,0.0010471204188483314,13.494211587421255,1,16.106,17.056082101836296,15.155917898163707
2022-10-21 00:00:00+05:30,16.15,16.35,15.9,16.05,62881273,15.9,15.875,15.925,0.003144654088050359,13.494211587421255,1,16.061999999999998,16.91113132095675,15.212868679043247
2022-10-24 00:00:00+05:30,16.0,16.0,15.6,15.75,39994792,16.099999999999998,16.125,16.074999999999996,0.0031055900621120664,13.494211587421255,1,16.022,16.830989493275304,15.213010506724693
2022-10-25 00:00:00+05:30,15.7,15.85,15.55,15.6,56903508,15.783333333333333,15.8,15.766666666666666,0.002111932418162724,13.494211587421255,1,15.992,16.80572231149815,15.17827768850185
2022-10-27 00:00:00+05:30,15.65,16.0,15.5,15.75,111351181,15.666666666666666,15.7,15.633333333333333,0.0042553191489361555,13.494211587421255,1,15.966,16.767358846104504,15.164641153895495
2022-10-28 00:00:00+05:30,15.8,15.8,15.6,15.65,27728826,15.75,15.75,15.75,0.0,13.494211587421255,1,15.915999999999999,16.629145146677757,15.20285485332224
2022-10-31 00:00:00+05:30,15.75,15.8,15.45,15.55,35745633,15.683333333333332,15.7,15.666666666666664,0.0021253985122211476,13.494211587421255,1,15.868,16.507924995784766,15.228075004215233
2022-11-01 00:00:00+05:30,15.6,15.85,15.25,15.5,111914590,15.6,15.625,15.575,0.0032051282051282506,13.494211587421255,1,15.84,16.480624695301536,15.199375304698462
2022-11-02 00:00:00+05:30,15.5,15.7,15.4,15.5,53832667,15.533333333333333,15.55,15.516666666666666,0.0021459227467812226,13.494211587421255,1,15.84,16.480624695301536,15.199375304698462
2022-11-03 00:00:00+05:30,15.5,16.3,15.5,16.1,140562676,15.533333333333333,15.55,15.516666666666666,0.0021459227467812226,13.494211587421255,1,15.854000000000001,16.501407136375683,15.20659286362432
2022-11-04 00:00:00+05:30,16.25,16.6,16.15,16.45,97341604,15.966666666666669,15.9,16.03333333333334,0.008350730688935585,13.494211587421255,1,15.894,16.55992492086577,15.228075079134229
2022-11-07 00:00:00+05:30,16.55,16.75,16.4,16.55,77873357,16.400000000000002,16.375,16.425000000000004,0.0030487804878051375,13.494211587421255,1,15.936000000000002,16.629120480313492,15.242879519686513
2022-11-09 00:00:00+05:30,16.55,16.7,16.4,16.55,85265325,16.566666666666666,16.575,16.558333333333334,0.0010060362173037658,13.494211587421255,1,15.972000000000001,16.69481671274946,15.249183287250544
2022-11-10 00:00:00+05:30,16.5,16.65,16.25,16.5,71558329,16.549999999999997,16.549999999999997,16.549999999999997,0.0,13.494211587421255,1,16.016000000000002,16.728022471716905,15.303977528283099
2022-11-11 00:00:00+05:30,16.65,16.95,16.4,16.85,112993914,16.466666666666665,16.45,16.48333333333333,0.0020242914979755936,13.494211587421255,1,16.042,16.823117148851438,15.260882851148564
2022-11-14 00:00:00+05:30,16.85,17.4,16.75,17.1,195844509,16.73333333333333,16.674999999999997,16.791666666666664,0.00697211155378489,13.671834704787418,1,16.066000000000003,16.933972349922367,15.198027650077638
2022-11-15 00:00:00+05:30,17.1,17.25,16.9,17.05,79191777,17.083333333333332,17.075,17.091666666666665,0.0009756097560975056,13.70996131659592,1,16.086000000000002,17.018317542594644,15.153682457405358
2022-11-16 00:00:00+05:30,17.05,17.35,16.9,17.05,106522657,17.066666666666666,17.075,17.058333333333334,0.0009765624999999445,13.768562863932084,1,16.110000000000003,17.107196069100592,15.112803930899412
2022-11-17 00:00:00+05:30,17.0,17.25,16.9,16.95,89810845,17.099999999999998,17.125,17.074999999999996,0.002923976608187384,13.768562863932084,1,16.142,17.192211407398343,15.091788592601658
2022-11-18 00:00:00+05:30,16.95,17.05,16.7,16.85,47492598,17.03333333333333,17.075,16.991666666666664,0.004892367906066676,13.768562863932084,1,16.176,17.2601106955609,15.091889304439096
2022-11-21 00:00:00+05:30,16.85,16.95,16.5,16.65,65235362,16.866666666666667,16.875,16.858333333333334,0.0009881422924900623,13.768562863932084,1,16.21,17.298117640804282,15.12188235919572
2022-11-22 00:00:00+05:30,16.65,17.4,16.65,17.05,124194131,16.7,16.725,16.674999999999997,0.00299401197604816,13.768562863932084,1,16.26,17.382497216134357,15.137502783865646
2022-11-23 00:00:00+05:30,17.05,17.15,16.8,16.85,49441045,17.03333333333333,17.025,17.041666666666664,0.0009784735812132517,13.768562863932084,1,16.304000000000002,17.429315955733898,15.178684044266106
2022-11-24 00:00:00+05:30,16.9,17.0,16.85,16.95,41585061,16.933333333333334,16.975,16.891666666666666,0.004921259842519825,13.768562863932084,1,16.348,17.484830682304626,15.21116931769537
2022-11-25 00:00:00+05:30,16.95,17.2,16.75,16.95,103021350,16.933333333333334,16.925,16.941666666666666,0.000984251968503881,13.768562863932084,1,16.39,17.53507641676402,15.24492358323598
2022-11-28 00:00:00+05:30,16.95,17.55,16.9,17.15,154681795,16.96666666666667,16.975,16.958333333333336,0.0009823182711197868,13.943878045783855,1,16.438,17.605657484123245,15.270342515876752
2022-11-29 00:00:00+05:30,17.2,17.3,17.0,17.05,64478352,17.2,17.225,17.174999999999997,0.0029069767441862945,13.943878045783855,1,16.478,17.658196593889745,15.297803406110257
2022-11-30 00:00:00+05:30,17.1,17.35,16.95,17.15,126117843,17.116666666666664,17.15,17.08333333333333,0.003894839337877507,13.943878045783855,1,16.534000000000002,17.70351955957515,15.364480440424856
2022-12-01 00:00:00+05:30,17.2,17.3,17.0,17.05,49791930,17.15,17.15,17.15,0.0,13.978138886714621,1,16.592,17.713313515582833,15.470686484417165
2022-12-02 00:00:00+05:30,17.3,17.9,17.25,17.4,292355548,17.116666666666664,17.15,17.08333333333333,0.003894839337877507,14.292013331246038,1,16.658,17.767479157185303,15.5485208428147
2022-12-05 00:00:00+05:30,17.6,17.8,17.35,17.45,138780670,17.516666666666666,17.575,17.458333333333332,0.006660323501427239,14.2973327979962,1,16.73,17.801447618984927,15.658552381015074
2022-12-06 00:00:00+05:30,17.35,17.9,17.3,17.5,157373790,17.533333333333335,17.575000000000003,17.491666666666667,0.00475285171102675,14.2973327979962,1,16.808000000000003,17.805869731091352,15.810130268908654
2022-12-07 00:00:00+05:30,17.5,17.65,17.35,17.45,132599554,17.566666666666666,17.6,17.53333333333333,0.003795066413662428,14.2973327979962,1,16.886000000000003,17.759851246052882,16.012148753947123
2022-12-08 00:00:00+05:30,17.5,17.8,17.45,17.75,151748493,17.483333333333334,17.5,17.46666666666667,0.001906577693040883,14.391661030367965,1,16.976000000000003,17.71308615522746,16.238913844772544
2022-12-09 00:00:00+05:30,17.7,20.5,17.65,19.7,1322003621,17.666666666666668,17.625,17.708333333333336,0.004716981132075605,15.172994589153245,1,17.12,18.35482792332686,15.885172076673143
2022-12-12 00:00:00+05:30,19.95,21.4,19.65,21.1,919584556,19.28333333333333,19.075,19.491666666666664,0.021607605877268676,16.289074805587113,1,17.305999999999997,19.267901118871016,15.344098881128977
2022-12-13 00:00:00+05:30,21.5,24.35,21.45,23.95,1288049180,20.716666666666665,20.525,20.90833333333333,0.018503620273531758,17.92351181336363,1,17.602,20.837735465118676,14.366264534881324
2022-12-14 00:00:00+05:30,24.05,24.75,21.9,22.1,1225305753,23.25,22.9,23.6,0.030107526881720553,17.92351181336363,1,17.823999999999998,21.47542383190809,14.17257616809191
2022-12-15 00:00:00+05:30,22.0,22.9,21.45,22.45,568038558,22.916666666666668,23.325,22.508333333333336,0.035636363636363466,17.92351181336363,1,18.061999999999998,22.093107044004892,14.030892955995103
2022-12-16 00:00:00+05:30,22.2,22.45,21.05,21.2,483675727,22.266666666666666,22.174999999999997,22.358333333333334,0.008233532934131907,17.92351181336363,1,18.236,22.41561912143027,14.05638087856973
2022-12-19 00:00:00+05:30,21.5,22.1,21.25,21.4,333082150,21.566666666666666,21.75,21.383333333333333,0.017001545595054117,17.92351181336363,1,18.408,22.737681743526334,14.078318256473668
2022-12-20 00:00:00+05:30,21.35,21.5,20.6,21.3,294564961,21.583333333333332,21.675,21.491666666666664,0.00849420849420867,17.92351181336363,1,18.578,23.013500422751065,14.142499577248934
2022-12-21 00:00:00+05:30,21.45,21.65,19.65,19.85,369893062,21.133333333333336,21.05,21.216666666666672,0.007886435331230507,17.92351181336363,1,18.69,23.106876724589977,14.273123275410025
2022-12-22 00:00:00+05:30,20.05,20.2,18.85,18.95,387642459,20.383333333333333,20.65,20.116666666666667,0.026165167620604977,17.92351181336363,1,18.77,23.130000000025746,14.409999999974254
2022-12-23 00:00:00+05:30,18.55,18.9,17.25,17.45,401631548,19.333333333333332,19.525,19.141666666666666,0.01982758620689653,24.69403237050172,-1,18.794,23.117916742980196,14.470083257019805
2022-12-26 00:00:00+05:30,17.6,19.95,17.55,19.6,553301260,17.866666666666664,18.075,17.658333333333328,0.023320895522388328,24.69403237050172,-1,18.912,23.15570404248744,14.668295957512559
2022-12-27 00:00:00+05:30,20.2,20.7,19.6,20.15,525572234,19.033333333333335,18.75,19.31666666666667,0.02977232924693537,24.69403237050172,-1,19.035999999999998,23.23576380290892,14.836236197091075
2022-12-28 00:00:00+05:30,20.15,20.7,19.65,20.15,411993069,20.15,20.15,20.15,0.0,24.69403237050172,-1,19.168,23.291385017218712,15.044614982781287
2022-12-29 00:00:00+05:30,19.9,20.35,19.75,20.15,258614432,20.166666666666664,20.174999999999997,20.15833333333333,0.0008264462809916887,24.69403237050172,-1,19.296000000000003,23.333813269608136,15.25818673039187
2022-12-30 00:00:00+05:30,20.5,20.85,20.3,20.6,290592965,20.083333333333332,20.05,20.116666666666664,0.0033195020746886084,24.69403237050172,-1,19.441999999999997,23.39296747648259,15.491032523517402
2023-01-02 00:00:00+05:30,20.85,22.1,20.75,21.65,495265210,20.583333333333336,20.575000000000003,20.59166666666667,0.0008097165991902373,24.69403237050172,-1,19.622,23.54883893229948,15.695161067700523
2023-01-03 00:00:00+05:30,21.9,22.25,21.75,22.05,339801604,21.5,21.425,21.575,0.006976744186046446,24.69403237050172,-1,19.822,23.713640271173908,15.930359728826092
2023-01-04 00:00:00+05:30,22.2,22.4,20.9,21.35,395137176,22.016666666666666,22.0,22.03333333333333,0.00151400454201354,24.69403237050172,-1,19.99,23.76666519567491,16.213334804325086
2023-01-05 00:00:00+05:30,21.5,21.7,21.15,21.45,207055994,21.55,21.65,21.450000000000003,0.009280742459396554,24.69403237050172,-1,20.166,23.785029704246966,16.546970295753034
2023-01-06 00:00:00+05:30,21.6,21.75,20.95,21.1,221378840,21.433333333333334,21.424999999999997,21.44166666666667,0.000777604976672138,24.69403237050172,-1,20.314,23.767290604658346,16.860709395341654
2023-01-09 00:00:00+05:30,21.4,21.5,21.05,21.25,133642156,21.26666666666667,21.35,21.183333333333337,0.007836990595611174,24.69403237050172,-1,20.465999999999998,23.73105375150568,17.200946248494315
2023-01-10 00:00:00+05:30,21.2,21.2,20.35,20.65,217605501,21.266666666666666,21.275,21.258333333333333,0.000783699059561084,24.69403237050172,-1,20.592,23.624316606197493,17.559683393802505
2023-01-11 00:00:00+05:30,20.65,20.65,20.0,20.05,180768626,20.73333333333333,20.775,20.691666666666663,0.004019292604501723,24.69403237050172,-1,20.695999999999998,23.45627824688398,17.935721753116017
2023-01-12 00:00:00+05:30,20.1,20.15,19.65,19.9,206504664,20.233333333333334,20.325,20.14166666666667,0.00906095551894547,24.69403237050172,-1,20.781999999999996,23.292439005477075,18.27156099452292
2023-01-13 00:00:00+05:30,19.9,20.3,19.65,20.15,177999521,19.9,19.9,19.9,0.0,24.69403237050172,-1,20.8,23.285477821309357,18.314522178690645
2023-01-16 00:00:00+05:30,20.45,20.55,20.05,20.15,136916066,20.033333333333335,19.975,20.09166666666667,0.005823627287853601,24.69403237050172,-1,20.761999999999997,23.25699979964343,18.267000200356563
2023-01-17 00:00:00+05:30,20.2,20.2,19.95,20.1,78608576,20.25,20.3,20.2,0.004938271604938342,24.69403237050172,-1,20.607999999999997,22.746724853790468,18.469275146209526
2023-01-18 00:00:00+05:30,20.15,20.45,20.0,20.35,97888455,20.083333333333332,20.075,20.091666666666665,0.0008298755186721521,24.69403237050172,-1,20.538,22.589590602489004,18.486409397510997
2023-01-19 00:00:00+05:30,20.25,20.35,20.05,20.15,84048843,20.26666666666667,20.225,20.308333333333337,0.004111842105263274,24.69403237050172,-1,20.445999999999998,22.34714071026354,18.544859289736454
2023-01-20 00:00:00+05:30,20.15,20.15,19.65,19.75,132306803,20.183333333333334,20.200000000000003,20.166666666666664,0.001651527663088615,24.69403237050172,-1,20.387999999999998,22.28204962982005,18.493950370179945
2023-01-23 00:00:00+05:30,17.75,18.6,17.45,18.15,461080397,19.849999999999998,19.9,19.799999999999997,0.005037783375314933,24.196798439250333,-1,20.258,22.29695659596317,18.219043404036828
2023-01-24 00:00:00+05:30,18.2,18.5,18.1,18.2,158031026,18.066666666666666,18.025,18.108333333333334,0.0046125461254613856,24.196798439250333,-1,20.134,22.278708838099465,17.989291161900535
2023-01-25 00:00:00+05:30,18.2,18.2,17.55,17.9,169888903,18.266666666666666,18.3,18.23333333333333,0.003649635036496532,23.852449441613107,-1,20.056,22.3713954306386,17.740604569361402
2023-01-27 00:00:00+05:30,18.2,18.2,17.3,17.5,186338397,17.883333333333333,17.875,17.891666666666666,0.0009319664492077756,23.74035146394858,-1,19.998,22.487414389012446,17.508585610987556
2023-01-30 00:00:00+05:30,17.5,17.9,17.0,17.1,210890783,17.666666666666668,17.75,17.583333333333336,0.00943396226415081,23.45273740539064,-1,19.983999999999998,22.533779598361832,17.434220401638164
2023-01-31 00:00:00+05:30,17.1,17.6,16.75,17.25,172354037,17.333333333333332,17.45,17.216666666666665,0.013461538461538518,23.175627909175013,-1,19.89,22.65376554726019,17.126234452739812
2023-02-01 00:00:00+05:30,17.3,17.55,16.65,16.9,165385637,17.2,17.175,17.224999999999998,0.0029069767441858812,23.112602792808016,-1,19.76,22.758399573142754,16.76160042685725
2023-02-02 00:00:00+05:30,16.85,17.25,16.7,16.85,123967342,17.033333333333335,17.1,16.96666666666667,0.00782778864970643,22.901098681095696,-1,19.628,22.829759516300825,16.426240483699175
2023-02-03 00:00:00+05:30,16.95,17.15,16.15,16.45,156969022,16.933333333333334,16.975,16.891666666666666,0.004921259842519825,22.619054733851865,-1,19.48,22.905784581701422,16.05421541829858
2023-02-06 00:00:00+05:30,16.5,17.0,16.4,16.65,208869003,16.583333333333332,16.65,16.516666666666666,0.008040201005025097,22.59829254449779,-1,19.322,22.888071227586945,15.755928772413053
2023-02-07 00:00:00+05:30,16.7,16.95,16.55,16.85,92270861,16.683333333333334,16.7,16.666666666666668,0.0019980019980018844,22.52436084271788,-1,19.13,22.6908987629844,15.569101237015598
2023-02-08 00:00:00+05:30,16.95,17.35,16.75,17.1,125682040,16.783333333333335,16.75,16.81666666666667,0.003972194637537436,22.52436084271788,-1,18.932000000000002,22.369776025314074,15.49422397468593
2023-02-09 00:00:00+05:30,17.15,17.15,16.75,16.85,77906475,17.066666666666666,17.05,17.083333333333332,0.001953124999999889,22.52436084271788,-1,18.752,22.135309622281788,15.368690377718208
2023-02-10 00:00:00+05:30,16.8,17.3,16.7,17.05,148680021,16.916666666666668,16.95,16.883333333333336,0.003940886699507165,22.52436084271788,-1,18.576,21.835094352765026,15.316905647234975
2023-02-13 00:00:00+05:30,17.05,17.15,16.55,16.7,177648359,17.016666666666666,17.0,17.03333333333333,0.0019588638589616908,22.335568365961134,-1,18.4,21.568848371289672,15.231151628710325
2023-02-14 00:00:00+05:30,16.75,16.85,16.25,16.4,67042640,16.8,16.85,16.75,0.005952380952381037,21.984145631322686,-1,18.206,21.24433112089936,15.167668879100638
2023-02-15 00:00:00+05:30,16.3,16.5,16.2,16.4,69598730,16.5,16.55,16.45,0.0060606060606061465,21.65077980606978,-1,18.036,20.98252609019942,15.08947390980058
2023-02-16 00:00:00+05:30,16.4,16.5,16.2,16.25,66369663,16.366666666666667,16.35,16.383333333333333,0.0020366598778002913,21.52274861382699,-1,17.884,20.79105624304487,14.976943756955128
2023-02-17 00:00:00+05:30,16.25,16.35,16.0,16.1,60097807,16.316666666666666,16.35,16.28333333333333,0.0040858018386110305,21.23883866927391,-1,17.732,20.598618914370455,14.865381085629544
2023-02-20 00:00:00+05:30,16.2,16.75,16.1,16.6,173752454,16.150000000000002,16.175,16.125000000000004,0.003095975232197966,21.23883866927391,-1,17.59,20.3114701909495,14.8685298090505
2023-02-21 00:00:00+05:30,16.75,17.0,16.45,16.7,173188893,16.483333333333334,16.425,16.541666666666668,0.007077856420626924,21.23883866927391,-1,17.452,19.983478619350155,14.920521380649848
2023-02-22 00:00:00+05:30,16.65,16.7,16.1,16.3,106084194,16.71666666666667,16.725,16.708333333333336,0.0009970089730807008,21.23883866927391,-1,17.3,19.625166660742245,14.974833339257756
2023-02-23 00:00:00+05:30,16.25,16.55,16.15,16.4,74749112,16.366666666666664,16.4,16.33333333333333,0.004073319755601018,21.227182306142772,-1,17.142,19.128893052035647,15.155106947964352
2023-02-24 00:00:00+05:30,16.45,16.55,16.1,16.15,88544284,16.366666666666667,16.35,16.383333333333333,0.0020366598778002913,21.133095013897066,-1,16.982,18.58046926783965,15.383530732160349
2023-02-27 00:00:00+05:30,16.15,16.55,16.0,16.4,94589990,16.26666666666667,16.325000000000003,16.208333333333336,0.0071721311475410115,21.04477121334118,-1,16.848,17.993244078888022,15.702755921111976
2023-02-28 00:00:00+05:30,16.4,17.65,16.3,17.45,212755636,16.316666666666666,16.275,16.358333333333334,0.00510725229826368,21.04477121334118,-1,16.82,17.866518036265084,15.773481963734916
2023-03-01 00:00:00+05:30,17.55,18.4,17.55,18.3,282273280,17.133333333333336,16.975,17.29166666666667,0.018482490272373732,21.04477121334118,-1,16.824,17.89212733334005,15.755872666659954
2023-03-02 00:00:00+05:30,18.4,18.6,17.3,17.5,246207153,18.083333333333332,17.975,18.191666666666663,0.01198156682027621,21.04477121334118,-1,16.808,17.82177709592797,15.79422290407203
2023-03-03 00:00:00+05:30,17.5,17.7,16.8,16.85,269921902,17.8,17.950000000000003,17.65,0.016853932584269902,21.04477121334118,-1,16.782,17.75601437372772,15.80798562627228
2023-03-06 00:00:00+05:30,16.8,17.25,16.5,16.9,166703741,17.116666666666667,17.25,16.983333333333334,0.015579357351509195,21.04477121334118,-1,16.774,17.740693333083566,15.807306666916435
2023-03-08 00:00:00+05:30,16.85,16.85,16.4,16.7,99406365,16.883333333333333,16.875,16.891666666666666,0.0009871668311944159,21.04477121334118,-1,16.752,17.699197973091295,15.804802026908705
2023-03-09 00:00:00+05:30,16.65,16.95,16.5,16.55,99557952,16.650000000000002,16.625,16.675000000000004,0.003003003003003259,21.04477121334118,-1,16.738,17.686379670927355,15.789620329072642
2023-03-10 00:00:00+05:30,16.4,16.75,16.3,16.5,93220422,16.666666666666668,16.725,16.608333333333334,0.007000000000000028,21.04477121334118,-1,16.724,17.675680618815107,15.772319381184891
2023-03-13 00:00:00+05:30,14.4,16.3,14.4,15.65,560565493,16.516666666666666,16.525,16.508333333333333,0.001009081735620528,20.74350418042095,-1,16.691999999999997,17.72840918571207,15.65559081428792
2023-03-14 00:00:00+05:30,15.7,15.95,15.45,15.55,179730170,15.450000000000001,15.350000000000001,15.55,0.01294498381877018,20.74350418042095,-1,16.648,17.7770633287059,15.5189366712941
2023-03-15 00:00:00+05:30,15.5,15.85,15.3,15.35,139128847,15.65,15.7,15.600000000000001,0.00638977635782734,20.74350418042095,-1,16.588,17.82227063492111,15.353729365078891
2023-03-16 00:00:00+05:30,15.35,15.35,14.8,14.9,207783632,15.5,15.575,15.425,0.009677419354838618,20.277691314568905,-1,16.5,17.88072444761028,15.119275552389718
2023-03-17 00:00:00+05:30,15.0,15.85,14.5,15.05,445464706,15.016666666666666,15.075,14.958333333333332,0.007769145394006692,20.277691314568905,-1,16.428,17.912070079284955,14.943929920715048
2023-03-20 00:00:00+05:30,15.4,15.5,15.0,15.35,297633356,15.133333333333335,15.175,15.091666666666669,0.00550660792951534,20.277691314568905,-1,16.36,17.879210321261993,14.840789678738005
2023-03-21 00:00:00+05:30,15.45,15.55,15.15,15.25,185863476,15.283333333333333,15.25,15.316666666666666,0.004362050163576866,20.277691314568905,-1,16.302,17.874636003730387,14.729363996269614
2023-03-22 00:00:00+05:30,15.3,15.5,15.2,15.3,139692815,15.316666666666668,15.350000000000001,15.283333333333335,0.0043525571273122805,20.277691314568905,-1,16.258,17.878044443905523,14.637955556094475
2023-03-23 00:00:00+05:30,15.25,15.4,14.9,15.2,124581123,15.333333333333334,15.35,15.316666666666668,0.0021739130434781373,20.16090769162014,-1,16.21,17.880688480905178,14.539311519094824
2023-03-24 00:00:00+05:30,15.05,15.25,15.0,15.05,93654254,15.166666666666666,15.15,15.183333333333332,0.002197802197802073,20.005471383955335,-1,16.162,17.89319149727271,14.430808502727286
2023-03-27 00:00:00+05:30,15.1,15.3,15.0,15.05,131495843,15.1,15.125,15.075,0.0033112582781457426,19.91925252859712,-1,16.12,17.905273088417964,14.334726911582038
2023-03-28 00:00:00+05:30,15.1,15.15,14.7,14.75,87761633,15.116666666666667,15.15,15.083333333333334,0.004410143329658198,19.629482427453237,-1,16.046,17.897684638438616,14.194315361561383
2023-03-29 00:00:00+05:30,14.8,15.1,14.75,14.95,111967037,14.866666666666667,14.925,14.808333333333334,0.007847533632287027,19.53930313035511,-1,15.975999999999999,17.85559995749885,14.096400042501148
2023-03-31 00:00:00+05:30,15.0,15.2,14.95,15.05,101307931,14.933333333333332,14.925,14.941666666666663,0.0011160714285711273,19.53930313035511,-1,15.925999999999998,17.83474199414949,14.017258005850508
2023-04-03 00:00:00+05:30,15.1,15.45,15.05,15.35,80090577,15.066666666666668,15.075,15.058333333333337,0.001106194690265188,19.53930313035511,-1,15.884,17.79538065288677,13.97261934711323
2023-04-05 00:00:00+05:30,15.45,15.55,15.15,15.25,57795927,15.283333333333333,15.25,15.316666666666666,0.004362050163576866,19.53930313035511,-1,15.847999999999999,17.771846147754523,13.924153852245475
2023-04-06 00:00:00+05:30,15.25,15.6,15.2,15.4,69023622,15.316666666666668,15.350000000000001,15.283333333333335,0.0043525571273122805,19.53930313035511,-1,15.808,17.725848794934052,13.890151205065948
2023-04-10 00:00:00+05:30,15.45,15.45,15.15,15.2,58424414,15.399999999999999,15.399999999999999,15.399999999999999,0.0,19.515660682141768,-1,15.718,17.52728273087159,13.908717269128408
2023-04-11 00:00:00+05:30,15.25,15.4,15.15,15.2,43019043,15.266666666666666,15.3,15.23333333333333,0.004366812227074453,19.392034254856096,-1,15.594000000000001,17.073275498421573,14.114724501578428
2023-04-12 00:00:00+05:30,15.25,15.5,15.15,15.4,57667885,15.25,15.275,15.225,0.0032786885245902103,19.37535288466185,-1,15.51,16.768888398640065,14.251111601359934
2023-04-13 00:00:00+05:30,15.5,15.55,15.2,15.35,76131404,15.35,15.325,15.375,0.0032573289902280596,19.361338769275378,-1,15.45,16.58454836839628,14.315451631603718
2023-04-17 00:00:00+05:30,15.35,15.4,15.25,15.35,61971667,15.366666666666667,15.375,15.358333333333334,0.0010845986984815,19.193885218504363,-1,15.388,16.356000000119202,14.419999999880796
2023-04-18 00:00:00+05:30,15.35,16.8,15.3,16.65,346144836,15.333333333333334,15.325,15.341666666666669,0.0010869565217393002,19.193885218504363,-1,15.386,16.343296192529134,14.428703807470862
2023-04-19 00:00:00+05:30,16.8,17.3,16.4,16.55,267886872,16.25,16.05,16.45,0.02461538461538453,19.193885218504363,-1,15.386,16.343296192529134,14.428703807470862
2023-04-20 00:00:00+05:30,16.6,16.75,16.45,16.5,93150119,16.75,16.85,16.65,0.011940298507462857,19.193885218504363,-1,15.386,16.343296192529134,14.428703807470862
2023-04-21 00:00:00+05:30,16.6,16.6,16.1,16.2,86456901,16.566666666666666,16.6,16.53333333333333,0.004024144869215492,19.193885218504363,-1,15.408000000000001,16.41266113701623,14.403338862983773
2023-04-24 00:00:00+05:30,15.5,16.0,15.5,15.7,163198015,16.3,16.35,16.25,0.006134969325153461,19.193885218504363,-1,15.414000000000001,16.423760367726288,14.404239632273713
2023-04-25 00:00:00+05:30,15.75,15.8,15.45,15.55,99104709,15.733333333333334,15.75,15.716666666666669,0.0021186440677964896,19.193885218504363,-1,15.421999999999999,16.43277396099757,14.41122603900243
2023-04-26 00:00:00+05:30,15.5,15.95,15.4,15.5,128851297,15.6,15.625,15.575,0.0032051282051282506,19.193885218504363,-1,15.446,16.43429954984846,14.45770045015154
2023-04-27 00:00:00+05:30,15.5,15.7,15.5,15.6,41936192,15.616666666666667,15.675,15.558333333333334,0.007470651013874096,19.193885218504363,-1,15.468,16.4444752942244,14.4915247057756
2023-04-28 00:00:00+05:30,15.65,15.85,15.6,15.7,79514507,15.6,15.6,15.6,0.0,19.193885218504363,-1,15.481999999999998,16.46133855240698,14.502661447593017
2023-05-02 00:00:00+05:30,15.75,16.1,15.7,15.95,117555064,15.716666666666667,15.725,15.708333333333334,0.0010604453870625059,19.193885218504363,-1,15.509999999999998,16.50116093558541,14.518839064414585
2023-05-03 00:00:00+05:30,15.95,16.4,15.85,16.15,83692417,15.916666666666666,15.9,15.933333333333332,0.002094240837696216,19.193885218504363,-1,15.544,16.561966600744096,14.526033399255907
2023-05-04 00:00:00+05:30,16.2,16.3,16.0,16.05,85512962,16.133333333333333,16.125,16.141666666666666,0.0010330578512396107,19.193885218504363,-1,15.578,16.604481368671845,14.551518631328156
2023-05-05 00:00:00+05:30,16.0,16.15,15.9,15.95,47642044,16.116666666666664,16.15,16.08333333333333,0.004136504653567942,19.193885218504363,-1,15.614,16.626924479036003,14.601075520963999
2023-05-08 00:00:00+05:30,16.0,16.2,15.95,16.1,59725157,16.0,16.025,15.975000000000001,0.0031249999999998224,19.193885218504363,-1,15.655999999999999,16.658923726028192,14.653076273971806
2023-05-09 00:00:00+05:30,16.1,16.25,16.0,16.1,76780928,16.083333333333332,16.075,16.091666666666665,0.0010362694300517547,19.193885218504363,-1,15.71,16.655727233524644,14.764272766475358
2023-05-10 00:00:00+05:30,16.05,16.15,15.8,15.95,77871060,16.116666666666667,16.125,16.108333333333334,0.001034126163391875,19.193885218504363,-1,15.75,16.647106459808477,14.852893540191523
2023-05-11 00:00:00+05:30,16.0,16.15,15.95,16.1,49450726,15.966666666666667,15.975,15.958333333333334,0.001043841336116851,19.193885218504363,-1,15.792,16.651618520176257,14.932381479823741
2023-05-12 00:00:00+05:30,16.1,16.15,15.8,15.95,58478892,16.066666666666666,16.049999999999997,16.083333333333336,0.0020746887966808223,19.193885218504363,-1,15.815999999999999,16.658244620184643,14.973755379815355
2023-05-15 00:00:00+05:30,15.95,16.0,15.75,15.85,44787937,15.966666666666667,15.975,15.958333333333334,0.001043841336116851,19.173697465032046,-1,15.84,16.649938269394607,15.030061730605393
2023-05-16 00:00:00+05:30,15.9,16.15,15.8,15.9,95893603,15.866666666666667,15.875,15.858333333333334,0.0010504201680671672,19.173697465032046,-1,15.86,16.649936706470772,15.070063293529227
2023-05-17 00:00:00+05:30,15.95,16.05,15.85,15.9,85822286,15.950000000000001,15.975,15.925000000000002,0.0031347962382443357,19.14015958377353,-1,15.888000000000002,16.630579288850587,15.145420711149418
2023-05-18 00:00:00+05:30,15.95,16.0,15.65,15.7,60436667,15.933333333333332,15.95,15.916666666666664,0.0020920502092051253,18.98555320042259,-1,15.908,16.600635546467117,15.215364453532883
2023-05-19 00:00:00+05:30,15.75,15.8,15.55,15.65,53851070,15.783333333333331,15.825,15.741666666666664,0.005279831045406698,18.779131072405686,-1,15.918,16.587853715545254,15.248146284454746
2023-05-22 00:00:00+05:30,15.7,15.8,15.6,15.65,41531446,15.666666666666666,15.675,15.658333333333331,0.0010638297872342089,18.73596582950946,-1,15.93,16.568748777086704,15.291251222913296
2023-05-23 00:00:00+05:30,15.65,15.75,15.5,15.55,49358138,15.683333333333332,15.7,15.666666666666664,0.0021253985122211476,18.609527196329083,-1,15.937999999999999,16.552022801066656,15.323977198933342
2023-05-24 00:00:00+05:30,15.55,15.7,15.5,15.6,45339237,15.6,15.625,15.575,0.0032051282051282506,18.521146108475918,-1,15.895999999999999,16.450198520595123,15.341801479404875
2023-05-25 00:00:00+05:30,15.55,15.75,15.5,15.5,67397531,15.6,15.6,15.6,0.0,18.49930026413688,-1,15.854000000000001,16.360691227701746,15.347308772298254
2023-05-26 00:00:00+05:30,15.55,15.65,15.5,15.6,34064577,15.583333333333334,15.625,15.541666666666668,0.005347593582887625,18.376328253571405,-1,15.818000000000001,16.259705784691544,15.376294215308459
2023-05-29 00:00:00+05:30,15.65,16.2,15.6,15.9,127417730,15.583333333333334,15.575,15.591666666666669,0.0010695187165777073,18.376328253571405,-1,15.806,16.221037347994123,15.390962652005877
2023-05-30 00:00:00+05:30,16.0,16.05,15.75,15.9,77893859,15.899999999999999,15.899999999999999,15.899999999999999,0.0,18.376328253571405,-1,15.813999999999998,16.22826561555357,15.399734384446427
2023-05-31 00:00:00+05:30,15.9,16.5,15.7,16.2,223440763,15.9,15.9,15.9,0.0,18.376328253571405,-1,15.84,16.26614551532303,15.413854484676971
2023-06-01 00:00:00+05:30,16.25,16.65,16.25,16.3,85940004,16.133333333333336,16.1,16.16666666666667,0.0041322314049588825,18.376328253571405,-1,15.871999999999998,16.31116284021974,15.432837159780258
2023-06-02 00:00:00+05:30,16.35,16.5,16.3,16.4,113767784,16.400000000000002,16.45,16.350000000000005,0.0060975609756094085,18.376328253571405,-1,15.904000000000002,16.374676109686703,15.433323890313298
2023-06-05 00:00:00+05:30,16.4,16.5,16.05,16.15,39525286,16.4,16.4,16.4,0.0,18.376328253571405,-1,15.922,16.394508201230174,15.449491798769825
2023-06-06 00:00:00+05:30,16.15,16.15,15.95,16.0,39361694,16.23333333333333,16.275,16.191666666666663,0.005133470225872836,18.376328253571405,-1,15.924000000000001,16.397387790537284,15.450612209462717
2023-06-07 00:00:00+05:30,16.05,16.3,16.0,16.15,52628264,16.03333333333333,16.049999999999997,16.016666666666666,0.002079002079001961,18.376328253571405,-1,15.924,16.397387790537284,15.450612209462715
2023-06-08 00:00:00+05:30,16.2,17.2,16.15,16.75,307712828,16.15,16.15,16.15,0.0,18.376328253571405,-1,15.951999999999998,16.524349543749025,15.379650456250973
2023-06-09 00:00:00+05:30,16.75,16.95,16.5,16.6,114417447,16.7,16.674999999999997,16.725,0.00299401197604816,18.376328253571405,-1,15.978,16.60415014192258,15.351849858077419
2023-06-12 00:00:00+05:30,16.6,16.6,16.35,16.4,53269073,16.683333333333334,16.725,16.641666666666666,0.004995004995005137,18.376328253571405,-1,15.99,16.636219777033826,15.343780222966174
2023-06-13 00:00:00+05:30,16.45,16.7,16.35,16.4,61321328,16.45,16.475,16.424999999999997,0.0030395136778118095,18.376328253571405,-1,16.002,16.66681877247083,15.337181227529166
2023-06-14 00:00:00+05:30,16.5,16.6,16.1,16.2,99586254,16.48333333333333,16.525,16.441666666666663,0.005055611729019356,18.376328253571405,-1,16.012,16.680897600705524,15.343102399294477
2023-06-15 00:00:00+05:30,16.2,16.35,15.95,16.1,56035794,16.3,16.35,16.25,0.006134969325153461,18.376328253571405,-1,16.012,16.680897600705524,15.343102399294477
2023-06-16 00:00:00+05:30,16.15,16.45,16.0,16.3,79705305,16.133333333333333,16.15,16.116666666666667,0.0020661157024792214,18.376328253571405,-1,16.026,16.70371380407188,15.34828619592812
2023-06-19 00:00:00+05:30,16.4,16.75,16.1,16.25,127260482,16.25,16.225,16.275,0.003076923076922902,18.376328253571405,-1,16.041999999999998,16.721223085760155,15.362776914239841
2023-06-20 00:00:00+05:30,16.3,16.4,16.15,16.25,62344783,16.366666666666667,16.425,16.308333333333334,0.007128309572301455,18.376328253571405,-1,16.055999999999997,16.73736333936419,15.374636660635806
2023-06-21 00:00:00+05:30,16.25,16.35,16.15,16.2,43815628,16.266666666666666,16.275,16.258333333333333,0.001024590163934368,18.376328253571405,-1,16.067999999999998,16.748517450348995,15.387482549651
2023-06-22 00:00:00+05:30,16.2,16.3,15.95,16.0,52482954,16.233333333333334,16.25,16.21666666666667,0.002053388090348959,18.376328253571405,-1,16.08,16.744529909206104,15.41547009079389
2023-06-23 00:00:00+05:30,16.0,16.1,15.9,16.0,42620606,16.083333333333332,16.125,16.041666666666664,0.005181347150259215,18.376328253571405,-1,16.094,16.73607164727112,15.45192835272888
2023-06-26 00:00:00+05:30,16.05,16.35,16.0,16.1,69419649,16.0,16.0,16.0,0.0,18.376328253571405,-1,16.112,16.727974025612617,15.496025974387377
2023-06-27 00:00:00+05:30,16.15,16.25,16.0,16.05,35114512,16.150000000000002,16.175,16.125000000000004,0.003095975232197966,18.376328253571405,-1,16.132,16.704629024962394,15.55937097503761
2023-06-28 00:00:00+05:30,16.1,16.35,15.95,16.2,63502734,16.099999999999998,16.125,16.074999999999996,0.0031055900621120664,18.376328253571405,-1,16.156,16.68614714960031,15.625852850399687
2023-06-30 00:00:00+05:30,16.25,16.35,16.15,16.25,69541563,16.166666666666668,16.15,16.183333333333337,0.002061855670103415,18.376328253571405,-1,16.186,16.644275026844447,15.727724973155551
2023-07-03 00:00:00+05:30,16.35,16.55,16.3,16.35,108321412,16.25,16.25,16.25,0.0,18.376328253571405,-1,16.215999999999998,16.610684684563793,15.8213153154362
2023-07-04 00:00:00+05:30,16.4,17.2,16.25,16.8,323137498,16.400000000000002,16.425,16.375000000000004,0.0030487804878047042,18.376328253571405,-1,16.252,16.686952871273608,15.81704712872639
2023-07-05 00:00:00+05:30,16.85,17.45,16.8,17.15,214341757,16.75,16.725,16.775,0.002985074626865502,18.376328253571405,-1,16.302,16.839013966512102,15.764986033487896
2023-07-06 00:00:00+05:30,17.25,17.95,17.25,17.8,264919299,17.133333333333333,17.125,17.141666666666666,0.0009727626459143416,18.376328253571405,-1,16.366,17.159332213028655,15.572667786971344
2023-07-07 00:00:00+05:30,17.85,17.95,17.3,17.45,248157506,17.666666666666668,17.6,17.733333333333334,0.007547169811320727,18.376328253571405,-1,16.412,17.311012792027373,15.512987207972623
2023-07-10 00:00:00+05:30,17.3,17.5,17.0,17.05,104189506,17.566666666666666,17.625,17.508333333333333,0.006641366223908945,18.376328253571405,-1,16.438,17.37107234458471,15.504927655415289
2023-07-11 00:00:00+05:30,17.2,17.5,17.05,17.2,152871399,17.183333333333334,17.25,17.116666666666667,0.007759456838021311,18.376328253571405,-1,16.48,17.451184843492076,15.508815156507923
2023-07-12 00:00:00+05:30,17.2,17.65,17.15,17.3,131237755,17.25,17.275,17.225,0.0028985507246375164,18.376328253571405,-1,16.532,17.533550797627676,15.530449202372324
2023-07-13 00:00:00+05:30,17.4,17.75,17.05,17.15,125488334,17.366666666666664,17.4,17.33333333333333,0.0038387715930904027,18.376328253571405,-1,16.572,17.589086033838118,15.55491396616188
2023-07-14 00:00:00+05:30,17.25,17.45,17.15,17.35,84745330,17.316666666666666,17.4,17.233333333333334,0.009624639076034513,18.376328253571405,-1,16.596,17.656158478826875,15.535841521173126
2023-07-17 00:00:00+05:30,17.5,17.85,17.45,17.7,172530419,17.316666666666666,17.299999999999997,17.333333333333336,0.0019249278152072306,18.376328253571405,-1,16.64,17.785076416763715,15.494923583236286
2023-07-18 00:00:00+05:30,17.7,17.9,17.35,17.5,165941309,17.666666666666668,17.65,17.683333333333337,0.0018867924528304836,18.376328253571405,-1,16.684,17.872518405506767,15.495481594493235
2023-07-19 00:00:00+05:30,17.5,17.6,17.3,17.45,107842846,17.583333333333332,17.625,17.541666666666664,0.00473933649289113,18.376328253571405,-1,16.726,17.945219422511087,15.506780577488913
2023-07-20 00:00:00+05:30,17.4,18.1,17.35,17.7,214353303,17.450000000000003,17.450000000000003,17.450000000000003,0.0,18.376328253571405,-1,16.785999999999998,18.0428277528079,15.529172247192097
2023-07-21 00:00:00+05:30,17.7,18.2,17.6,18.05,242664132,17.71666666666667,17.725,17.708333333333336,0.0009407337723423736,18.376328253571405,-1,16.863999999999997,18.181427796969537,15.54657220303046
2023-07-24 00:00:00+05:30,18.4,18.45,17.3,17.4,274651589,17.95,17.9,18.0,0.0055710306406686035,18.376328253571405,-1,16.908,18.220609614557173,15.59539038544283
2023-07-25 00:00:00+05:30,17.4,17.6,16.95,17.05,112478211,17.716666666666665,17.875,17.55833333333333,0.017873941674506302,18.376328253571405,-1,16.94,18.22561269448768,15.654387305512323
2023-07-26 00:00:00+05:30,17.05,17.15,16.65,17.0,113833184,17.2,17.275,17.125,0.008720930232558058,18.376328253571405,-1,16.97,18.224432142536138,15.71556785746386
2023-07-27 00:00:00+05:30,17.05,17.35,16.9,16.95,89067183,16.933333333333334,16.9,16.96666666666667,0.003937007874015944,18.376328253571405,-1,17.0,18.214578116148875,15.785421883851123
2023-07-28 00:00:00+05:30,17.0,17.1,16.85,16.95,75578803,17.066666666666666,17.125,17.008333333333333,0.006835937500000028,18.376328253571405,-1,17.038,18.18247542578584,15.89352457421416
2023-07-31 00:00:00+05:30,16.95,17.1,16.9,16.95,60939265,16.96666666666667,16.975,16.958333333333336,0.0009823182711197868,18.376328253571405,-1,17.076,18.140375873565166,16.011624126434835
2023-08-01 00:00:00+05:30,17.1,17.2,17.0,17.1,69943055,16.983333333333334,17.0,16.96666666666667,0.0019627085377820278,18.376328253571405,-1,17.116,18.103003546208186,16.128996453791814
2023-08-02 00:00:00+05:30,17.05,17.3,16.85,17.0,108943704,17.1,17.1,17.1,0.0,18.376328253571405,-1,17.154,18.042108101656247,16.265891898343753
2023-08-03 00:00:00+05:30,17.0,17.1,16.9,17.0,67175859,17.05,17.075000000000003,17.025,0.0029325513196483436,18.376328253571405,-1,17.186,17.98775806838934,16.38424193161066
2023-08-04 00:00:00+05:30,17.05,17.15,16.9,16.95,86412240,17.0,17.0,17.0,0.0,18.376328253571405,-1,17.214000000000002,17.927032958724457,16.500967041275548
2023-08-07 00:00:00+05:30,17.0,17.15,16.75,16.9,69343019,17.0,17.025,16.975,0.0029411764705880683,18.376328253571405,-1,17.236,17.870677871228633,16.60132212877137
2023-08-08 00:00:00+05:30,16.9,17.0,16.75,16.85,49199132,16.933333333333334,16.95,16.916666666666668,0.001968503937007762,18.376328253571405,-1,17.238,17.867463263604243,16.608536736395756
2023-08-09 00:00:00+05:30,16.9,17.0,16.8,16.95,48443836,16.866666666666667,16.875,16.858333333333334,0.0009881422924900623,18.376328253571405,-1,17.23,17.868748777084797,16.591251222915204
2023-08-10 00:00:00+05:30,17.0,17.45,16.9,16.95,170855859,16.916666666666668,16.9,16.933333333333337,0.0019704433497540023,18.376328253571405,-1,17.195999999999998,17.79927108353325,16.592728916466747
2023-08-11 00:00:00+05:30,17.05,17.4,17.0,17.05,88552616,17.099999999999998,17.174999999999997,17.025,0.008771929824561321,18.376328253571405,-1,17.18,17.776657355797624,16.583342644202375
2023-08-14 00:00:00+05:30,17.05,17.1,16.8,16.95,84692730,17.150000000000002,17.2,17.100000000000005,0.005830903790087131,18.376328253571405,-1,17.176,17.777411672839342,16.574588327160654
2023-08-16 00:00:00+05:30,16.95,17.0,16.8,16.85,59611983,16.950000000000003,16.950000000000003,16.950000000000003,0.0,18.376328253571405,-1,17.162,17.77667389746714,16.547326102532857
2023-08-17 00:00:00+05:30,16.9,17.3,16.85,17.0,110008087,16.883333333333333,16.9,16.866666666666667,0.0019743336623888317,18.376328253571405,-1,17.15,17.765142260154075,16.534857739845922
2023-08-18 00:00:00+05:30,17.05,17.2,16.8,16.9,93032287,17.05,17.075000000000003,17.025,0.0029325513196483436,18.376328253571405,-1,17.14,17.7628964602785,16.5171035397215
2023-08-21 00:00:00+05:30,16.9,17.05,16.75,16.95,79437088,16.966666666666665,17.0,16.93333333333333,0.003929273084479567,18.376328253571405,-1,17.124,17.74504428201821,16.502955717981788
2023-08-22 00:00:00+05:30,17.0,17.05,16.85,16.95,76696780,16.916666666666668,16.9,16.933333333333337,0.0019704433497540023,18.376328253571405,-1,17.094,17.67180273470067,16.516197265299333
2023-08-23 00:00:00+05:30,17.05,17.3,16.95,17.0,103711610,16.950000000000003,16.950000000000003,16.950000000000003,0.0,18.376328253571405,-1,17.074,17.62834285440295,16.519657145597055
2023-08-24 00:00:00+05:30,17.1,17.2,16.9,16.95,65221207,17.083333333333332,17.125,17.041666666666664,0.004878048780487944,18.376328253571405,-1,17.054000000000002,17.588355686998508,16.519644313001496
2023-08-25 00:00:00+05:30,16.95,17.05,16.8,16.85,57171325,17.016666666666666,17.049999999999997,16.983333333333334,0.0039177277179233815,18.376328253571405,-1,17.02,17.489893605221123,16.550106394778876
2023-08-28 00:00:00+05:30,16.9,17.0,16.75,16.8,48816935,16.900000000000002,16.925,16.875000000000004,0.0029585798816566364,18.376328253571405,-1,16.97,17.19090722085934,16.749092779140657
2023-08-29 00:00:00+05:30,16.85,17.0,16.8,16.85,60519632,16.849999999999998,16.875,16.824999999999996,0.0029673590504453572,18.376328253571405,-1,16.948,17.087942846290332,16.80805715370967
2023-08-30 00:00:00+05:30,16.9,17.0,16.8,16.8,76931357,16.883333333333333,16.9,16.866666666666667,0.0019743336623888317,18.376328253571405,-1,16.938000000000002,17.08299655246887,16.793003447531134
2023-08-31 00:00:00+05:30,16.9,17.0,16.7,16.8,122502581,16.866666666666664,16.9,16.83333333333333,0.003952569169960672,18.376328253571405,-1,16.93,17.082315462865303,16.777684537134697
2023-09-01 00:00:00+05:30,16.85,17.6,16.7,17.35,392364788,16.833333333333332,16.85,16.816666666666663,0.00198019801980229,18.376328253571405,-1,16.945999999999998,17.17035685910585,16.721643140894145
2023-09-04 00:00:00+05:30,17.45,19.0,17.45,18.6,776578716,17.216666666666665,17.15,17.28333333333333,0.007744433688286517,15.129199068896217,1,17.012,17.698020408025684,16.325979591974317
2023-09-05 00:00:00+05:30,18.8,19.1,17.9,18.15,368062167,18.35,18.225,18.475,0.013623978201634876,15.192031106140366,1,17.06,17.87731266980736,16.242687330192638
2023-09-06 00:00:00+05:30,18.15,18.3,17.9,18.0,168431922,18.383333333333333,18.5,18.266666666666666,0.012692656391659164,15.192031106140366,1,17.096,17.992624782296126,16.199375217703874
2023-09-07 00:00:00+05:30,18.15,18.85,18.05,18.55,230732062,18.066666666666666,18.1,18.03333333333333,0.0036900369003691875,15.192031106140366,1,17.158,18.218822322647608,16.097177677352395
2023-09-08 00:00:00+05:30,18.65,18.95,18.3,18.35,153694460,18.483333333333334,18.450000000000003,18.516666666666666,0.0036068530207391996,15.192031106140366,1,17.212,18.368297539661555,16.055702460338445
2023-09-11 00:00:00+05:30,18.5,18.6,18.25,18.4,133672969,18.533333333333335,18.625,18.44166666666667,0.009892086330935072,15.192031106140366,1,17.27,18.510322538788706,16.029677461211293
2023-09-12 00:00:00+05:30,18.55,18.6,17.45,17.55,301858096,18.416666666666668,18.425,18.408333333333335,0.0009049773755655594,15.192031106140366,1,17.296000000000003,18.531449715782568,16.060550284217438
2023-09-13 00:00:00+05:30,17.5,17.85,17.3,17.7,229941097,17.866666666666664,18.025,17.70833333333333,0.017723880597015115,15.192031106140366,1,17.33,18.561259517821956,16.09874048217804
2023-09-14 00:00:00+05:30,17.75,18.0,17.4,17.5,154490813,17.61666666666667,17.575000000000003,17.65833333333334,0.004730368968779698,15.192031106140366,1,17.352,18.574940718198196,16.129059281801805
2023-09-15 00:00:00+05:30,17.55,18.4,17.45,18.3,358807251,17.633333333333333,17.7,17.566666666666666,0.007561436672967837,15.192031106140366,1,17.406000000000002,18.671644499939468,16.140355500060537
2023-09-18 00:00:00+05:30,18.4,19.0,18.25,18.55,493458905,18.049999999999997,17.924999999999997,18.174999999999997,0.013850415512465375,15.192031106140366,1,17.465999999999998,18.798882590563366,16.13311740943663
2023-09-20 00:00:00+05:30,18.4,18.45,17.85,18.0,179937051,18.599999999999998,18.625,18.574999999999996,0.0026881720430109823,15.192031106140366,1,17.508000000000003,18.839369220098934,16.17663077990107
2023-09-21 00:00:00+05:30,18.05,18.2,17.65,17.7,180166816,18.099999999999998,18.15,18.049999999999997,0.005524861878453118,15.192031106140366,1,17.542,18.84758186270597,16.236418137294034
2023-09-22 00:00:00+05:30,17.7,18.0,17.5,17.65,141097202,17.849999999999998,17.924999999999997,17.775,0.008403361344537737,15.192031106140366,1,17.567999999999998,18.85513014113831,16.280869858861685
2023-09-25 00:00:00+05:30,17.75,17.75,17.4,17.45,115437155,17.716666666666665,17.75,17.68333333333333,0.003762935089369896,15.192031106140366,1,17.59,18.84920609918579,16.33079390081421
2023-09-26 00:00:00+05:30,17.5,17.55,17.25,17.35,104957648,17.53333333333333,17.575,17.491666666666664,0.004752851711026751,15.192031106140366,1,17.606,18.842226516552152,16.36977348344785
2023-09-27 00:00:00+05:30,17.4,17.7,17.3,17.35,160278361,17.383333333333333,17.4,17.366666666666667,0.0019175455417065066,15.192031106140366,1,17.622,18.83396699634381,16.41003300365619
2023-09-28 00:00:00+05:30,17.4,17.7,17.2,17.25,136298936,17.45,17.5,17.4,0.005730659025788047,15.192031106140366,1,17.631999999999998,18.82728406675008,16.436715933249914
2023-09-29 00:00:00+05:30,17.4,17.45,17.0,17.25,135475544,17.383333333333333,17.45,17.316666666666666,0.007670182166826435,15.192031106140366,1,17.644000000000002,18.817480293923424,16.47051970607658
2023-10-03 00:00:00+05:30,17.25,17.4,17.1,17.2,79015930,17.233333333333334,17.225,17.241666666666667,0.0009671179883945291,15.192031106140366,1,17.658,18.801216515025295,16.514783484974707
2023-10-04 00:00:00+05:30,17.2,17.5,17.05,17.2,154229605,17.233333333333334,17.25,17.21666666666667,0.0019342359767890581,15.192031106140366,1,17.674,18.77930357831075,16.56869642168925
2023-10-05 00:00:00+05:30,17.25,17.4,17.05,17.15,94470407,17.25,17.275,17.225,0.0028985507246375164,15.192031106140366,1,17.686,18.76136784414754,16.61063215585246
2023-10-06 00:00:00+05:30,17.2,17.5,17.15,17.3,130610068,17.2,17.225,17.174999999999997,0.0029069767441862945,15.192031106140366,1,17.706,18.732185168586298,16.6798148314137
2023-10-09 00:00:00+05:30,17.2,17.2,16.85,16.9,103002467,17.316666666666666,17.325,17.308333333333334,0.0009624639076034102,15.192031106140366,1,17.71,18.722719112205596,16.697280887794406
2023-10-10 00:00:00+05:30,17.0,17.15,16.95,17.05,65790049,16.98333333333333,17.025,16.941666666666663,0.004906771344455488,15.192031106140366,1,17.698,18.734331993246617,16.661668006753384
2023-10-11 00:00:00+05:30,17.1,17.35,17.0,17.05,82337766,17.049999999999997,17.049999999999997,17.049999999999997,0.0,15.192031106140366,1,17.636,18.63380559240095,16.638194407599048
2023-10-12 00:00:00+05:30,17.1,17.25,17.05,17.1,49467423,17.133333333333336,17.175,17.091666666666672,0.004863813229571707,15.192031106140366,1,17.594,18.590120474755285,16.597879525244718
2023-10-13 00:00:00+05:30,17.05,17.2,17.05,17.1,53963713,17.133333333333333,17.15,17.116666666666667,0.0019455252918286832,15.192031106140366,1,17.558,18.557871991920344,16.558128008079656
2023-10-16 00:00:00+05:30,17.15,17.2,17.05,17.05,67053870,17.116666666666667,17.125,17.108333333333334,0.0009737098344692728,15.192031106140366,1,17.498,18.430300380900313,16.56569961909969
2023-10-17 00:00:00+05:30,17.15,17.3,17.05,17.1,76798183,17.099999999999998,17.125,17.074999999999996,0.002923976608187384,15.192031106140366,1,17.448,18.324575153781442,16.57142484621856
2023-10-18 00:00:00+05:30,17.15,17.25,16.95,17.05,76543547,17.150000000000002,17.175,17.125000000000004,0.0029154518950435656,15.192031106140366,1,17.394000000000002,18.1921578792614,16.595842120738602
2023-10-19 00:00:00+05:30,17.1,17.25,17.0,17.05,69004632,17.083333333333332,17.1,17.066666666666663,0.001951219512195427,15.192031106140366,1,17.374,18.18053332245301,16.56746667754699
2023-10-20 00:00:00+05:30,17.1,17.85,17.05,17.3,242605105,17.099999999999998,17.125,17.074999999999996,0.002923976608187384,15.192031106140366,1,17.358,18.153829127531232,16.56217087246877
2023-10-23 00:00:00+05:30,17.4,17.45,16.2,16.35,239210207,17.400000000000002,17.450000000000003,17.35,0.00574712643678169,15.192031106140366,1,17.312,18.197564227048048,16.426435772951955
2023-10-25 00:00:00+05:30,16.4,16.7,15.85,16.0,156556497,16.666666666666668,16.825,16.508333333333336,0.01899999999999977,15.192031106140366,1,17.22,18.15252345827189,16.287476541728108
2023-10-26 00:00:00+05:30,16.0,16.05,15.7,15.9,153370332,16.183333333333334,16.275,16.09166666666667,0.011328527291451906,15.192031106140366,1,17.114,18.019768182388606,16.208231817611395
2023-10-27 00:00:00+05:30,15.95,16.15,15.9,15.95,74336446,15.883333333333333,15.875,15.891666666666666,0.0010493179433367715,15.192031106140366,1,17.032,17.972587050850535,16.091412949149465
2023-10-30 00:00:00+05:30,16.05,16.1,15.85,15.95,120388059,16.0,16.025,15.975000000000001,0.0031249999999998224,15.192031106140366,1,16.962,17.95246655684472,15.971533443155279
2023-10-31 00:00:00+05:30,16.1,16.15,15.9,15.95,52455781,15.966666666666669,15.975000000000001,15.958333333333336,0.0010438413361168507,15.192031106140366,1,16.894000000000002,17.919015121950874,15.86898487804913
2023-11-01 00:00:00+05:30,16.0,16.25,15.95,16.0,68205389,16.0,16.025,15.975000000000001,0.0031249999999998224,15.192031106140366,1,16.836000000000002,17.892227248383637,15.779772751616365
2023-11-02 00:00:00+05:30,16.1,16.2,15.9,16.05,77309428,16.066666666666666,16.1,16.03333333333333,0.004149377593361202,15.192031106140366,1,16.784000000000002,17.861671564173506,15.7063284358265
2023-11-03 00:00:00+05:30,16.15,16.65,16.1,16.45,173537061,16.05,16.05,16.05,0.0,15.192031106140366,1,16.748,17.807615024538737,15.688384975461265
2023-11-06 00:00:00+05:30,16.55,16.9,16.5,16.7,146210916,16.400000000000002,16.375,16.425000000000004,0.0030487804878051375,15.192031106140366,1,16.726000000000003,17.765661483478286,15.686338516521717
2023-11-07 00:00:00+05:30,16.75,16.9,16.7,16.8,107607382,16.7,16.7,16.7,0.0,15.192031106140366,1,16.708,17.726108049387832,15.689891950612164
2023-11-08 00:00:00+05:30,16.9,18.3,16.85,17.95,460583338,16.799999999999997,16.799999999999997,16.799999999999997,0.0,15.192031106140366,1,16.738,17.85201256735651,15.623987432643489
2023-11-09 00:00:00+05:30,18.35,18.8,18.0,18.35,524322630,17.700000000000003,17.575000000000003,17.825000000000003,0.014124293785310733,15.192031106140366,1,16.784000000000002,18.054502262976406,15.513497737023599
2023-11-10 00:00:00+05:30,18.35,18.55,18.15,18.3,188889074,18.383333333333333,18.4,18.366666666666667,0.00181323662737977,15.192031106140366,1,16.83,18.22713993580746,15.432860064192536
2023-11-12 00:00:00+05:30,18.5,18.6,18.35,18.4,50380572,18.333333333333332,18.35,18.316666666666663,0.0018181818181821025,15.192031106140366,1,16.874000000000002,18.391661358876874,15.356338641123129
2023-11-13 00:00:00+05:30,18.4,19.5,18.15,19.4,493509056,18.45,18.475,18.424999999999997,0.002710027100271234,15.19352273298507,1,16.974,18.786207493701482,15.161792506298518
2023-11-15 00:00:00+05:30,19.65,20.6,19.6,20.35,664202872,19.016666666666666,18.825,19.208333333333332,0.020157756354075348,16.27778182366567,1,17.106,19.35033865542337,14.861661344576634
2023-11-16 00:00:00+05:30,20.4,20.6,19.9,20.15,270319207,20.183333333333334,20.1,20.266666666666666,0.008257638315441667,16.38467055071904,1,17.23,19.771180827927708,14.688819172072295
2023-11-17 00:00:00+05:30,20.05,21.15,19.8,20.8,611686157,20.216666666666665,20.25,20.18333333333333,0.0032976092333060177,16.38628372869028,1,17.378,20.27739028077061,14.478609719229391
2023-11-20 00:00:00+05:30,20.9,21.1,20.0,20.15,290789131,20.583333333333332,20.475,20.691666666666663,0.010526315789473432,16.38628372869028,1,17.5,20.592571745364502,14.407428254635496
2023-11-21 00:00:00+05:30,20.3,20.45,19.6,19.7,206049431,20.416666666666668,20.55,20.283333333333335,0.013061224489795872,16.38628372869028,1,17.606,20.809288310506357,14.402711689493646
2023-11-22 00:00:00+05:30,19.7,19.85,19.05,19.2,195379978,19.916666666666668,20.025,19.808333333333337,0.010878661087865846,16.38628372869028,1,17.69,20.945518391934918,14.434481608065084
2023-11-23 00:00:00+05:30,19.3,20.3,19.25,20.15,262350330,19.36666666666667,19.450000000000003,19.28333333333334,0.008605851979345831,16.38628372869028,1,17.814,21.196250138624624,14.431749861375376
2023-11-24 00:00:00+05:30,20.3,20.4,19.6,19.8,168959338,19.9,19.775,20.025,0.01256281407035176,16.38628372869028,1,17.924,21.37782338868479,14.47017661131521
2023-11-28 00:00:00+05:30,19.85,20.0,19.4,19.75,279844132,19.933333333333334,20.0,19.866666666666667,0.006688963210702318,16.38628372869028,1,18.022000000000002,21.537915812448574,14.50608418755143
2023-11-29 00:00:00+05:30,19.85,20.45,19.8,19.85,204911091,19.716666666666665,19.7,19.73333333333333,0.001690617075232364,16.38628372869028,1,18.162,21.679189787348083,14.644810212651915
2023-11-30 00:00:00+05:30,19.85,19.9,19.2,19.35,259007784,20.033333333333335,20.125,19.94166666666667,0.009151414309484027,16.38628372869028,1,18.296,21.727724930734603,14.864275069265396
2023-12-01 00:00:00+05:30,19.45,19.65,19.2,19.3,123823351,19.48333333333333,19.549999999999997,19.416666666666664,0.006843455945252329,16.38628372869028,1,18.432000000000002,21.740399008618095,15.123600991381911
2023-12-04 00:00:00+05:30,19.65,19.75,19.3,19.55,130093389,19.38333333333333,19.424999999999997,19.34166666666666,0.00429922613929505,16.38628372869028,1,18.576,21.750412701622917,15.401587298377084
2023-12-05 00:00:00+05:30,19.55,19.85,19.35,19.6,152090824,19.53333333333333,19.525,19.541666666666664,0.0008532423208190642,16.38628372869028,1,18.721999999999998,21.731329493462727,15.712670506537268
2023-12-06 00:00:00+05:30,19.7,19.85,19.4,19.75,169448494,19.6,19.6,19.6,0.0,16.38628372869028,1,18.874,21.685280135494214,16.062719864505784
2023-12-07 00:00:00+05:30,19.75,20.45,19.5,20.05,300341296,19.666666666666668,19.625,19.708333333333336,0.004237288135593341,16.38628372869028,1,19.035999999999998,21.624052549741613,16.447947450258383
2023-12-08 00:00:00+05:30,20.2,20.45,19.75,19.9,158754847,20.0,19.975,20.025,0.002499999999999858,16.38628372869028,1,19.19,21.491303978231432,16.88869602176857
2023-12-11 00:00:00+05:30,20.0,20.75,19.95,20.25,267650645,20.033333333333335,20.1,19.96666666666667,0.006655574043261207,16.38628372869028,1,19.342,21.387029095202198,17.2969709047978
2023-12-12 00:00:00+05:30,20.5,21.85,20.5,21.3,781360562,20.316666666666666,20.35,20.28333333333333,0.003281378178835274,16.386673931947648,1,19.526,21.408364470612213,17.643635529387787
2023-12-13 00:00:00+05:30,21.55,21.7,20.9,21.2,342846077,21.21666666666667,21.175,21.258333333333336,0.003927729772191784,16.47920697466974,1,19.702,21.338699117193777,18.065300882806227
2023-12-14 00:00:00+05:30,21.5,22.1,21.3,21.4,339666217,21.266666666666666,21.299999999999997,21.233333333333334,0.003134796238244336,16.820038695682957,1,19.84,21.443995012530472,18.236004987469528
2023-12-15 00:00:00+05:30,21.95,22.1,21.4,21.95,337939556,21.600000000000005,21.700000000000003,21.500000000000007,0.00925925925925906,16.869237147855635,1,19.983999999999998,21.671298432471968,18.29670156752803
2023-12-18 00:00:00+05:30,22.0,23.0,21.65,22.8,542808852,21.816666666666666,21.75,21.883333333333333,0.006111535523300207,17.26146766194141,1,20.164,22.04347226641471,18.284527733585293
2023-12-19 00:00:00+05:30,22.9,23.05,22.05,22.15,310394626,22.483333333333334,22.325,22.64166666666667,0.014084507042253667,17.409008955463754,1,20.314,22.204929930013737,18.423070069986263
2023-12-20 00:00:00+05:30,22.35,22.45,20.25,20.5,397366094,22.416666666666668,22.55,22.283333333333335,0.011895910780669101,17.409008955463754,1,20.358,22.212654684900045,18.503345315099956
2023-12-21 00:00:00+05:30,20.15,21.25,19.95,21.15,318567154,21.066666666666666,21.35,20.78333333333333,0.026898734177215347,17.409008955463754,1,20.39,22.270425483825836,18.509574516174165
2023-12-22 00:00:00+05:30,21.25,21.45,20.8,21.05,279614591,20.783333333333335,20.6,20.96666666666667,0.01764234161988775,17.409008955463754,1,20.426000000000002,22.321071502667266,18.530928497332738
2023-12-26 00:00:00+05:30,21.15,21.35,20.85,20.95,156456958,21.099999999999998,21.125,21.074999999999996,0.0023696682464457,17.409008955463754,1,20.432000000000002,22.33271144580695,18.531288554193054
2023-12-27 00:00:00+05:30,21.1,21.25,20.85,20.95,115159241,21.05,21.1,21.0,0.0047505938242280955,17.409008955463754,1,20.464000000000002,22.37156808534361,18.556431914656393
2023-12-28 00:00:00+05:30,21.0,21.15,20.8,20.85,127826051,21.016666666666666,21.05,20.98333333333333,0.0031720856463126083,17.409008955463754,1,20.51,22.397008214137237,18.622991785862766
2023-12-29 00:00:00+05:30,20.9,21.8,20.7,21.45,226340962,20.933333333333334,20.975,20.891666666666666,0.003980891719745336,17.409008955463754,1,20.6,22.442606849065,18.757393150935002
2024-01-01 00:00:00+05:30,21.5,23.0,21.4,22.65,577972312,21.316666666666666,21.25,21.383333333333333,0.006254886630179806,17.409008955463754,1,20.7,22.698799639839134,18.701200360160865
2024-01-02 00:00:00+05:30,22.7,23.7,22.3,23.2,618101025,22.349999999999998,22.2,22.499999999999996,0.013422818791946184,17.409008955463754,1,20.836,23.024976016364914,18.647023983635084
2024-01-03 00:00:00+05:30,23.25,23.75,22.75,22.9,378099590,23.066666666666666,23.0,23.133333333333333,0.005780346820809228,17.409008955463754,1,20.962,23.246956017130437,18.677043982869563
2024-01-04 00:00:00+05:30,23.05,23.6,22.9,23.25,271346506,23.133333333333336,23.25,23.016666666666673,0.010086455331411837,17.41909942351035,1,21.098,23.503573528333803,18.692426471666195
2024-01-05 00:00:00+05:30,23.35,24.3,23.25,24.0,561257556,23.25,23.25,23.25,0.0,17.883335446569934,1,21.284000000000002,23.83487749612168,18.733122503878324
2024-01-08 00:00:00+05:30,24.3,24.45,23.45,24.2,546082056,23.849999999999998,23.775,23.924999999999997,0.00628930817610057,18.014002028707136,1,21.479999999999997,24.141578479064563,18.81842152093543
2024-01-09 00:00:00+05:30,24.4,25.0,24.1,24.2,474325248,24.03333333333333,23.95,24.116666666666664,0.006934812760055381,18.59944194755885,1,21.666,24.41069961930615,18.92130038069385
2024-01-10 00:00:00+05:30,24.15,25.65,24.0,25.5,706576963,24.433333333333334,24.55,24.316666666666666,0.009549795361528005,18.650464269656496,1,21.901999999999997,24.898595401487977,18.905404598512018
2024-01-11 00:00:00+05:30,25.6,25.95,25.15,25.55,410909551,25.05,24.825,25.275000000000002,0.01796407185628754,19.398445698870233,1,22.133999999999997,25.32031071934588,18.947689280654114
2024-01-12 00:00:00+05:30,25.65,25.7,24.6,24.9,264160446,25.549999999999997,25.549999999999997,25.549999999999997,0.0,19.398445698870233,1,22.328000000000003,25.573190903509094,19.082809096490912
2024-01-15 00:00:00+05:30,25.0,25.3,24.6,24.75,239737801,25.066666666666663,25.15,24.983333333333327,0.006648936170212956,19.398445698870233,1,22.522000000000002,25.74318984231259,19.300810157687415
2024-01-16 00:00:00+05:30,24.95,26.25,24.9,25.65,555808959,24.883333333333336,24.950000000000003,24.81666666666667,0.0053583389149363505,19.398445698870233,1,22.738000000000003,26.043907439753482,19.432092560246524
2024-01-17 00:00:00+05:30,25.4,25.65,24.65,24.75,407818402,25.599999999999998,25.575,25.624999999999996,0.0019531249999998892,19.398445698870233,1,22.875999999999998,26.218109513498494,19.5338904865015
2024-01-18 00:00:00+05:30,24.7,25.1,23.9,24.95,308605574,25.016666666666666,25.15,24.883333333333333,0.01065956029313787,19.398445698870233,1,23.026,26.390297252059764,19.661702747940236
2024-01-19 00:00:00+05:30,25.1,25.55,25.1,25.15,184495376,24.650000000000002,24.5,24.800000000000004,0.012170385395537697,19.398445698870233,1,23.176000000000002,26.57118718191157,19.780812818088435
2024-01-20 00:00:00+05:30,25.3,25.45,25.1,25.25,115224398,25.26666666666667,25.325000000000003,25.208333333333336,0.0046174142480211264,19.398445698870233,1,23.308000000000003,26.75841214932599,19.857587850674015
2024-01-23 00:00:00+05:30,25.45,25.6,23.9,24.05,292673233,25.266666666666666,25.275,25.258333333333333,0.0006596306068601209,19.398445698870233,1,23.358,26.81374073104686,19.90225926895314
2024-01-24 00:00:00+05:30,24.15,24.8,23.65,24.7,240904515,24.516666666666666,24.75,24.28333333333333,0.01903467029231823,19.398445698870233,1,23.46,26.91762924562714,20.002370754372862
2024-01-25 00:00:00+05:30,24.8,25.3,24.7,24.85,213588805,24.383333333333336,24.225,24.54166666666667,0.012987012987013121,19.398445698870233,1,23.633999999999997,26.911403850643946,20.356596149356047
2024-01-29 00:00:00+05:30,25.3,25.5,24.25,24.35,300993947,24.95,25.0,24.9,0.004008016032064185,19.398445698870233,1,23.761999999999997,26.887799737701624,20.63620026229837
2024-01-30 00:00:00+05:30,24.45,24.5,23.8,23.9,219652035,24.7,24.875,24.525,0.014170040485830017,19.398445698870233,1,23.875999999999998,26.79916540760446,20.952834592395536
2024-01-31 00:00:00+05:30,24.0,24.3,23.9,24.1,164453372,24.066666666666663,24.15,23.983333333333327,0.0069252077562328845,19.398445698870233,1,24.002,26.670254860431275,21.333745139568723
2024-02-01 00:00:00+05:30,24.1,24.25,23.7,23.9,193648566,24.100000000000005,24.1,24.10000000000001,2.948310106888382e-16,19.398445698870233,1,24.12,26.481186142644184,21.75881385735582
2024-02-02 00:00:00+05:30,23.95,24.15,23.6,23.7,164885094,23.95,23.975,23.924999999999997,0.0020876826722339985,19.398445698870233,1,24.234,26.193738758154954,22.27426124184505
2024-02-05 00:00:00+05:30,23.7,23.8,22.6,22.8,225297171,23.816666666666666,23.875,23.758333333333333,0.00489853044086776,19.398445698870233,1,24.287999999999997,25.996163926622565,22.57983607337743
2024-02-06 00:00:00+05:30,23.1,25.7,23.0,25.4,807723717,23.066666666666666,23.200000000000003,22.93333333333333,0.011560693641618764,19.398445698870233,1,24.398000000000003,26.022187181397033,22.773812818602973
2024-02-07 00:00:00+05:30,26.1,30.45,25.95,29.8,1615426506,24.7,24.35,25.049999999999997,0.028340080971659746,20.30629423835538,1,24.662,27.269417112817578,22.05458288718242
2024-02-08 00:00:00+05:30,31.1,32.7,28.9,30.0,2038376473,28.733333333333334,28.2,29.26666666666667,0.03712296983758712,22.158042468821165,1,24.945999999999998,28.192280332967787,21.69971966703221
2024-02-09 00:00:00+05:30,30.2,32.85,29.25,31.4,1571172149,30.53333333333333,30.8,30.266666666666662,0.017467248908297116,22.158042468821165,1,25.272,29.31151284194182,21.232487158058177
2024-02-12 00:00:00+05:30,31.95,32.35,28.0,28.3,571969199,31.166666666666668,31.05,31.283333333333335,0.007486631016042811,22.158042468821165,1,25.444000000000003,29.616224346821802,21.271775653178203
2024-02-13 00:00:00+05:30,28.45,28.95,26.75,27.85,317180197,29.55,30.175,28.925,0.04230118443316413,22.158042468821165,1,25.59,29.832734967000924,21.347265032999076
2024-02-14 00:00:00+05:30,27.15,28.95,27.0,28.7,246006958,27.850000000000005,27.85,27.85000000000001,2.5513204156556556e-16,22.158042468821165,1,25.77,30.14145284776263,21.39854715223737
2024-02-15 00:00:00+05:30,29.0,29.8,28.7,29.0,248464035,28.21666666666667,27.975,28.458333333333336,0.01712935617247493,22.158042468821165,1,25.91,30.4584942563679,21.3615057436321
2024-02-16 00:00:00+05:30,29.25,29.7,28.3,28.4,204865939,29.166666666666668,29.25,29.083333333333336,0.005714285714285633,22.158042468821165,1,26.024,30.67245092479329,21.375549075206713
2024-02-19 00:00:00+05:30,28.5,28.55,27.0,27.1,357958339,28.8,29.0,28.6,0.01388888888888884,22.158042468821165,1,26.112,30.755298827365237,21.46870117263476
2024-02-20 00:00:00+05:30,27.1,27.35,26.45,26.6,369440835,27.55,27.775,27.325000000000003,0.016333938294010735,22.158042468821165,1,26.186,30.798983416424917,21.573016583575082
2024-02-21 00:00:00+05:30,26.85,27.1,25.4,25.55,435692162,26.8,26.9,26.700000000000003,0.00746268656716402,22.158042468821165,1,26.182,30.797008559061542,21.566991440938455
2024-02-22 00:00:00+05:30,25.8,27.35,24.95,27.15,667905535,26.016666666666666,26.25,25.78333333333333,0.017937219730941777,22.158042468821165,1,26.278,30.869651554747062,21.686348445252936
2024-02-23 00:00:00+05:30,26.85,27.4,26.1,26.2,353166971,26.48333333333333,26.15,26.816666666666663,0.025173064820641827,22.158042468821165,1,26.328000000000003,30.88783157586013,21.768168424139876
2024-02-26 00:00:00+05:30,26.0,26.0,25.1,25.25,271088654,26.566666666666666,26.75,26.383333333333333,0.013801756587202025,22.158042468821165,1,26.331999999999997,30.887864791695534,21.77613520830446
2024-02-27 00:00:00+05:30,25.3,26.15,25.0,25.1,312044110,25.45,25.55,25.349999999999998,0.007858546168958855,22.158042468821165,1,26.326,30.887939938251165,21.764060061748836
2024-02-28 00:00:00+05:30,25.35,25.45,23.6,23.8,372869982,25.416666666666668,25.575,25.258333333333336,0.012459016393442473,22.158042468821165,1,26.316,30.898900391696404,21.733099608303593
2024-02-29 00:00:00+05:30,24.15,24.8,23.85,24.45,362379098,24.28333333333333,24.525,24.041666666666664,0.01990391214824987,22.158042468821165,1,26.305999999999997,30.904027403160082,21.707972596839912
2024-03-01 00:00:00+05:30,24.9,25.1,24.55,24.95,214554855,24.36666666666667,24.325000000000003,24.40833333333334,0.003419972640218975,22.158042468821165,1,26.31,30.90312529768251,21.716874702317487
2024-03-02 00:00:00+05:30,25.05,25.35,24.85,25.25,39643813,24.86666666666667,24.825000000000003,24.90833333333334,0.0033512064343164485,22.158042468821165,1,26.346,30.890968206732694,21.801031793267306
2024-03-04 00:00:00+05:30,25.35,25.7,24.6,24.8,183649074,25.150000000000002,25.1,25.200000000000003,0.0039761431411531375,22.158042468821165,1,26.382,30.862703516213827,21.901296483786176
2024-03-05 00:00:00+05:30,24.8,25.0,24.4,24.5,173143571,25.03333333333333,25.15,24.916666666666664,0.009320905459387522,22.158042468821165,1,26.398000000000003,30.84875094789755,21.947249052102457
2024-03-06 00:00:00+05:30,24.5,24.5,23.5,23.6,310625402,24.633333333333336,24.7,24.566666666666674,0.005412719891745294,22.158042468821165,1,26.386000000000003,30.86515349147704,21.906846508522964
2024-03-07 00:00:00+05:30,23.7,24.2,23.65,23.85,172310156,23.866666666666664,24.0,23.733333333333327,0.011173184357542158,22.158042468821165,1,26.392,30.857125306216044,21.926874693783954
2024-03-11 00:00:00+05:30,24.0,24.3,23.55,23.65,176614273,23.899999999999995,23.924999999999997,23.874999999999993,0.0020920502092052,22.158042468821165,1,26.426000000000002,30.793069497982703,22.0589305020173
2024-03-12 00:00:00+05:30,23.75,23.85,22.7,22.85,219277943,23.833333333333332,23.925,23.741666666666664,0.0076923076923078515,22.158042468821165,1,26.323999999999998,30.896449671697987,21.75155032830201
2024-03-13 00:00:00+05:30,22.9,23.1,20.75,20.95,604559562,23.133333333333336,23.275,22.991666666666674,0.012247838616714307,31.185928208808036,-1,25.97,30.775580089875895,21.164419910124103
2024-03-14 00:00:00+05:30,20.95,23.75,20.55,23.45,619816481,21.599999999999998,21.925,21.274999999999995,0.030092592592592858,31.185928208808036,-1,25.708000000000002,30.316312489427347,21.099687510572657
2024-03-15 00:00:00+05:30,23.65,24.4,22.75,23.8,535542732,22.583333333333332,22.15,23.016666666666666,0.03837638376383766,31.185928208808036,-1,25.404,29.437055417448732,21.370944582551267
2024-03-18 00:00:00+05:30,23.9,24.1,23.25,23.45,258256717,23.650000000000002,23.575,23.725000000000005,0.006342494714587978,31.185928208808036,-1,25.21,29.132244255552287,21.287755744447715
2024-03-19 00:00:00+05:30,23.4,23.7,22.85,22.95,215509042,23.599999999999998,23.675,23.524999999999995,0.006355932203390072,31.185928208808036,-1,25.014,28.878248439245752,21.149751560754247
2024-03-20 00:00:00+05:30,23.25,23.6,22.8,23.05,194241830,23.166666666666668,23.275,23.058333333333337,0.009352517985611285,31.185928208808036,-1,24.788,28.417245651676616,21.158754348323384
2024-03-21 00:00:00+05:30,23.35,23.65,23.1,23.4,176412547,23.150000000000002,23.200000000000003,23.1,0.004319654427645849,31.185928208808036,-1,24.564,27.79516325805645,21.33283674194355
2024-03-22 00:00:00+05:30,23.4,24.2,23.2,23.9,261281861,23.383333333333336,23.375,23.391666666666673,0.0007127583749111685,31.185928208808036,-1,24.384,27.217191839642048,21.550808160357953
2024-03-26 00:00:00+05:30,23.9,24.15,23.45,23.55,214847555,23.766666666666666,23.7,23.833333333333332,0.0056100981767180725,31.185928208808036,-1,24.241999999999997,26.864469065635383,21.61953093436461
2024-03-27 00:00:00+05:30,23.55,23.75,23.0,23.15,181249947,23.716666666666665,23.799999999999997,23.633333333333333,0.00702740688685865,31.185928208808036,-1,24.104,26.574290671199396,21.633709328800602
2024-03-28 00:00:00+05:30,23.2,23.6,23.1,23.2,189198317,23.3,23.375,23.225,0.006437768240343286,31.185928208808036,-1,24.01,26.431404551126253,21.58859544887375
2024-04-01 00:00:00+05:30,23.3,24.7,23.3,24.45,245113554,23.3,23.35,23.25,0.0042918454935622925,31.185928208808036,-1,23.902,25.968393960554256,21.835606039445747
2024-04-02 00:00:00+05:30,24.55,24.85,24.25,24.6,191975650,24.150000000000002,24.0,24.300000000000004,0.012422360248447381,31.185928208808036,-1,23.838,25.70525038498194,21.97074961501806
2024-04-03 00:00:00+05:30,24.6,25.5,24.4,25.4,336349095,24.566666666666666,24.55,24.583333333333332,0.0013568521031206828,31.185928208808036,-1,23.844,25.730227982035892,21.95777201796411
2024-04-04 00:00:00+05:30,25.65,25.75,24.7,24.9,266816425,25.099999999999998,24.95,25.249999999999996,0.011952191235059648,31.185928208808036,-1,23.836,25.702444748771097,21.9695552512289
2024-04-05 00:00:00+05:30,24.95,25.35,24.75,25.2,211846572,25.116666666666664,25.225,25.008333333333326,0.00862641008626446,31.185928208808036,-1,23.892000000000003,25.83327380866665,21.950726191333356
2024-04-08 00:00:00+05:30,25.3,25.35,24.65,24.75,116892324,25.099999999999998,25.05,25.149999999999995,0.003984063745019694,31.185928208808036,-1,23.904,25.862554569118537,21.945445430881463
2024-04-09 00:00:00+05:30,24.8,25.2,24.5,24.55,154932842,24.916666666666668,25.0,24.833333333333336,0.006688963210702246,31.185928208808036,-1,23.888,25.818446580513207,21.957553419486796
2024-04-10 00:00:00+05:30,24.6,24.8,24.3,24.45,112618177,24.75,24.85,24.65,0.008080808080808195,31.185928208808036,-1,23.856000000000005,25.720472043291394,21.991527956708616
2024-04-12 00:00:00+05:30,24.45,25.15,24.2,24.25,171088857,24.516666666666666,24.55,24.48333333333333,0.0027192386131884424,31.185928208808036,-1,23.834,25.666096067408915,22.001903932591084
2024-04-15 00:00:00+05:30,24.25,24.35,23.65,23.95,214148928,24.53333333333333,24.674999999999997,24.391666666666666,0.011548913043478184,31.185928208808036,-1,23.811999999999998,25.62468419759627,21.999315802403725
2024-04-16 00:00:00+05:30,23.85,24.2,23.75,23.95,104659200,23.983333333333334,24.0,23.96666666666667,0.0013898540653230621,31.185928208808036,-1,23.826,25.63732437741428,22.01467562258572
2024-04-18 00:00:00+05:30,24.1,24.45,23.8,23.9,198730218,23.96666666666667,23.975,23.958333333333336,0.0006954102920722831,31.185928208808036,-1,23.828000000000003,25.639536364585386,22.01646363541462
2024-04-19 00:00:00+05:30,23.65,24.1,23.25,23.95,227501864,24.05,24.125,23.975,0.0062370062370061775,30.95374967977526,-1,23.84,25.650635247700432,22.029364752299568
2024-04-22 00:00:00+05:30,24.05,25.35,24.0,25.2,325840643,23.766666666666666,23.675,23.85833333333333,0.007713884992987238,30.95374967977526,-1,23.934,25.773069329909845,22.094930670090157
2024-04-23 00:00:00+05:30,25.5,26.5,25.4,25.65,335943541,24.849999999999998,24.675,25.024999999999995,0.014084507042253294,30.95374967977526,-1,24.122,25.634370325090625,22.609629674909375
2024-04-24 00:00:00+05:30,25.9,25.95,25.4,25.45,173176081,25.849999999999998,25.95,25.749999999999996,0.007736943907156783,30.95374967977526,-1,24.201999999999998,25.774127221383363,22.629872778616633
2024-04-25 00:00:00+05:30,25.45,26.3,25.25,25.95,222135067,25.599999999999998,25.674999999999997,25.525,0.005859374999999945,30.95374967977526,-1,24.288,25.992413095530083,22.583586904469918
2024-04-26 00:00:00+05:30,26.05,26.45,25.95,26.15,253826137,25.833333333333332,25.775,25.891666666666666,0.004516129032258083,30.95374967977526,-1,24.396,26.21279277855628,22.57920722144372
2024-04-29 00:00:00+05:30,27.5,28.55,26.9,27.1,572841223,26.183333333333334,26.2,26.166666666666668,0.0012730744748567068,30.95374967977526,-1,24.561999999999998,26.568445613569917,22.555554386430078
2024-04-30 00:00:00+05:30,27.25,27.4,26.05,26.15,269821799,27.51666666666667,27.725,27.308333333333337,0.015142337976983559,30.95374967977526,-1,24.686,26.686503936565423,22.685496063434577
2024-05-02 00:00:00+05:30,26.0,26.0,25.3,25.45,211043504,26.53333333333333,26.725,26.34166666666666,0.014447236180904774,30.95374967977526,-1,24.767999999999997,26.718359966830125,22.81764003316987
2024-05-03 00:00:00+05:30,24.85,25.85,24.25,24.95,960652538,25.583333333333332,25.65,25.516666666666666,0.005211726384364803,30.95374967977526,-1,24.81,26.72874959288948,22.89125040711052
2024-05-06 00:00:00+05:30,25.2,25.25,23.9,24.1,223165701,25.016666666666666,25.05,24.98333333333333,0.0026648900732846098,30.95374967977526,-1,24.832000000000004,26.704512750347384,22.959487249652625
2024-05-07 00:00:00+05:30,24.1,24.3,22.65,22.85,445812059,24.416666666666668,24.575,24.258333333333336,0.012969283276450356,30.95374967977526,-1,24.82,26.738749592889473,22.901250407110528
2024-05-08 00:00:00+05:30,23.0,23.3,22.75,22.95,261166782,23.26666666666667,23.475,23.058333333333337,0.017908309455587287,30.779506389198318,-1,24.81,26.764686675713918,22.85531332428608
2024-05-09 00:00:00+05:30,23.05,23.15,22.5,22.6,236185664,23.0,23.025,22.975,0.0021739130434781373,30.451326133630385,-1,24.736,26.871325736325414,22.600674263674588
2024-05-10 00:00:00+05:30,22.65,22.75,22.05,22.5,246251692,22.75,22.825,22.675,0.006593406593406531,29.91727308828517,-1,24.651999999999997,26.960329265987372,22.343670734012623
2024-05-13 00:00:00+05:30,22.5,22.55,21.85,22.25,260499591,22.433333333333334,22.4,22.46666666666667,0.0029717682020803855,29.612582164753768,-1,24.526,26.995513312418872,22.056486687581128
2024-05-14 00:00:00+05:30,22.3,23.2,22.25,22.55,181551079,22.21666666666667,22.200000000000003,22.233333333333334,0.001500375093773358,29.612582164753768,-1,24.432,27.01376373826386,21.850236261736136
2024-05-15 00:00:00+05:30,22.7,22.75,22.45,22.6,150206482,22.666666666666668,22.725,22.608333333333334,0.0051470588235294325,29.612582164753768,-1,24.327999999999996,26.985981188837563,21.67001881116243
2024-05-16 00:00:00+05:30,22.8,23.15,22.6,22.65,151589896,22.600000000000005,22.6,22.60000000000001,3.143994406018142e-16,29.612582164753768,-1,24.243999999999996,26.975054009025545,21.512945990974448
2024-05-17 00:00:00+05:30,22.65,23.15,22.55,23.0,156930508,22.8,22.875,22.725,0.00657894736842099,29.612582164753768,-1,24.182,26.952542185243644,21.411457814756353
2024-05-18 00:00:00+05:30,23.05,23.45,23.0,23.35,51473329,22.900000000000002,22.85,22.950000000000003,0.004366812227074297,29.612582164753768,-1,24.137999999999998,26.92500986726181,21.350990132738186
2024-05-21 00:00:00+05:30,23.35,23.5,23.0,23.25,146784894,23.26666666666667,23.225,23.308333333333337,0.0035816618911175798,29.612582164753768,-1,24.098,26.90605697951711,21.289943020482887
2024-05-22 00:00:00+05:30,23.35,23.4,22.75,22.95,155124095,23.25,23.25,23.25,0.0,29.612582164753768,-1,24.058000000000003,26.901614601210028,21.21438539878998
2024-05-23 00:00:00+05:30,23.05,23.2,22.95,23.1,104049758,23.03333333333333,23.075,22.991666666666664,0.003617945007235993,29.441474564036422,-1,24.024,26.892186883767323,21.15581311623268
2024-05-24 00:00:00+05:30,23.1,23.4,22.95,23.0,139574706,23.083333333333332,23.075,23.091666666666665,0.0007220216606497785,29.412815581474966,-1,23.988000000000003,26.883966850676124,21.092033149323882
2024-05-27 00:00:00+05:30,23.1,23.45,22.8,23.05,168551218,23.116666666666664,23.174999999999997,23.05833333333333,0.005046863734679185,29.295302958215967,-1,23.951999999999998,26.871243737719585,21.03275626228041
2024-05-28 00:00:00+05:30,23.0,23.1,22.65,22.8,152952386,23.099999999999998,23.125,23.074999999999996,0.0021645021645023492,28.92449083988733,-1,23.855999999999998,26.762588378187594,20.949411621812402
2024-05-29 00:00:00+05:30,22.7,22.85,22.5,22.75,75915670,22.849999999999998,22.875,22.824999999999996,0.0021881838074400118,28.58051120629184,-1,23.74,26.58168963826372,20.898310361736275
2024-05-30 00:00:00+05:30,22.75,22.85,22.5,22.55,102080974,22.7,22.675,22.724999999999998,0.0022026431718060423,28.442290758040166,-1,23.624000000000002,26.41328234501558,20.834717654984424
2024-05-31 00:00:00+05:30,22.7,23.4,22.4,23.0,353965112,22.633333333333336,22.675,22.591666666666672,0.0036818851251838843,28.442290758040166,-1,23.506000000000004,26.13678999546065,20.87521000453936
2024-06-03 00:00:00+05:30,24.4,24.65,23.4,23.55,258942118,22.933333333333334,22.9,22.96666666666667,0.002906976744186191,28.442290758040166,-1,23.401999999999997,25.801913331813466,21.00208666818653
2024-06-04 00:00:00+05:30,23.5,23.5,21.0,21.85,360722855,23.866666666666664,24.025,23.70833333333333,0.013268156424581146,28.442290758040166,-1,23.192000000000004,25.136362106248836,21.247637893751172
2024-06-05 00:00:00+05:30,22.3,22.9,21.6,22.65,214221272,22.116666666666664,22.25,21.983333333333327,0.012057272042200732,28.442290758040166,-1,23.052,24.584704798784372,21.519295201215627
2024-06-06 00:00:00+05:30,22.85,23.3,22.8,22.9,172088732,22.383333333333336,22.25,22.516666666666673,0.011913626209977936,28.442290758040166,-1,22.95,24.129491415914853,21.770508584085146
2024-06-07 00:00:00+05:30,22.9,23.35,22.65,23.15,151028965,23.0,23.05,22.95,0.004347826086956583,28.442290758040166,-1,22.878,23.736407828608847,22.019592171391153
2024-06-10 00:00:00+05:30,23.4,24.5,23.21,23.87,283340418,23.05,23.0,23.1,0.004338394793926309,28.442290758040166,-1,22.8688,23.678151740726474,22.059448259273527
2024-06-11 00:00:00+05:30,23.99,24.12,23.55,23.62,164913524,23.86,23.855,23.865,0.00041911148365456877,28.442290758040166,-1,22.8996,23.76069660330123,22.03850339669877
2024-06-12 00:00:00+05:30,23.75,24.38,23.72,24.12,187828351,23.763333333333335,23.835,23.69166666666667,0.006031701500911665,28.442290758040166,-1,22.946399999999997,23.931600568522384,21.96119943147761
2024-06-13 00:00:00+05:30,24.35,24.5,23.71,23.8,130415960,24.073333333333334,24.049999999999997,24.09666666666667,0.0019385211852675419,28.442290758040166,-1,22.9944,24.023373546898437,21.96542645310156
2024-06-14 00:00:00+05:30,23.98,23.98,23.72,23.81,85042765,24.003333333333334,24.105,23.901666666666667,0.008471045688098868,28.442290758040166,-1,23.046799999999998,24.102795757669817,21.990804242330178
2024-06-18 00:00:00+05:30,23.89,24.11,23.73,23.8,93571771,23.83666666666667,23.85,23.823333333333338,0.0011187246538944368,28.442290758040166,-1,23.108800000000002,24.152322036286993,22.06527796371301
2024-06-19 00:00:00+05:30,23.85,24.14,23.5,23.81,152776153,23.88,23.92,23.839999999999996,0.0033500837520940288,28.442290758040166,-1,23.159200000000002,24.211571341407804,22.1068286585922
2024-06-20 00:00:00+05:30,23.85,24.65,23.78,23.96,169935306,23.816666666666666,23.82,23.813333333333333,0.000279916025192486,28.442290758040166,-1,23.2136,24.28515035356084,22.14204964643916
2024-06-21 00:00:00+05:30,24.09,24.14,23.75,23.84,115877428,24.13,24.215,24.044999999999998,0.007045171985080883,28.442290758040166,-1,23.261200000000002,24.33409992087626,22.188300079123746
2024-06-24 00:00:00+05:30,23.89,24.1,23.65,23.96,111001042,23.91,23.945,23.875,0.0029276453366792257,28.442290758040166,-1,23.2996,24.400704609115873,22.19849539088413
2024-06-25 00:00:00+05:30,24.1,24.45,23.95,24.02,133033834,23.903333333333336,23.875,23.931666666666672,0.0023706596011716066,28.442290758040166,-1,23.3264,24.463144544836776,22.189655455163223
2024-06-26 00:00:00+05:30,24.03,24.23,23.71,23.79,128300377,24.14,24.2,24.080000000000002,0.004971002485501137,28.442290758040166,-1,23.348000000000003,24.498554648948122,22.197445351051883
2024-06-27 00:00:00+05:30,23.87,23.93,23.32,23.51,103940384,23.909999999999997,23.97,23.849999999999994,0.005018820577164558,28.442290758040166,-1,23.3704,24.51084875387546,22.22995124612454
2024-06-28 00:00:00+05:30,23.6,24.07,23.55,23.69,127903732,23.58666666666667,23.625,23.54833333333334,0.0032504239683434515,28.442290758040166,-1,23.393999999999995,24.535507774925794,22.252492225074196
2024-07-01 00:00:00+05:30,23.78,24.13,23.61,24.06,132489757,23.77,23.810000000000002,23.729999999999997,0.003365586874211418,28.442290758040166,-1,23.4364,24.594838673480808,22.27796132651919
2024-07-02 00:00:00+05:30,24.06,24.48,23.8,23.85,147188768,23.933333333333334,23.869999999999997,23.99666666666667,0.005292479108635331,28.442290758040166,-1,23.468400000000003,24.626573458604508,22.310226541395497
2024-07-03 00:00:00+05:30,24.0,24.3,23.86,23.93,97595777,24.043333333333333,24.14,23.946666666666665,0.008041037016498064,28.442290758040166,-1,23.5136,24.651933940553405,22.375266059446595
2024-07-04 00:00:00+05:30,23.99,24.4,23.81,23.95,149388062,24.03,24.08,23.980000000000004,0.0041614648356219025,28.442290758040166,-1,23.561600000000002,24.667839467843997,22.455360532156007
2024-07-05 00:00:00+05:30,23.98,27.04,23.87,26.64,985310768,24.05333333333333,24.104999999999997,24.001666666666665,0.004296008869179534,28.442290758040166,-1,23.7252,25.29657514305639,22.15382485694361
2024-07-08 00:00:00+05:30,26.95,27.44,25.57,25.68,648338958,25.849999999999998,25.455,26.244999999999997,0.030560928433268828,28.442290758040166,-1,23.832399999999996,25.55010339704365,22.114696602956343
2024-07-09 00:00:00+05:30,26.08,26.44,25.71,25.8,314153625,26.23,26.505000000000003,25.955,0.02096835684330935,28.442290758040166,-1,23.922400000000003,25.799838936481066,22.04496106351894
2024-07-10 00:00:00+05:30,25.9,26.0,24.6,24.96,239758474,25.983333333333334,26.075000000000003,25.891666666666666,0.007055805003207329,28.442290758040166,-1,24.046799999999998,25.763762154566876,22.32983784543312
2024-07-11 00:00:00+05:30,26.1,27.09,25.7,25.83,726569550,25.186666666666667,25.3,25.073333333333334,0.008999470619375326,28.442290758040166,-1,24.174,25.928947292716995,22.419052707283004
2024-07-12 00:00:00+05:30,25.89,26.24,25.56,25.6,224871313,26.206666666666667,26.395,26.018333333333334,0.014372933095904292,28.442290758040166,-1,24.282000000000004,26.042354509811744,22.521645490188263
2024-07-15 00:00:00+05:30,25.65,26.8,25.1,26.38,394428177,25.8,25.9,25.700000000000003,0.007751937984495958,28.442290758040166,-1,24.411199999999997,26.29037701141066,22.532022988589336
2024-07-16 00:00:00+05:30,26.37,26.85,26.12,26.19,164346164,26.093333333333334,25.950000000000003,26.236666666666665,0.010986203372508753,28.442290758040166,-1,24.504,26.493033936415905,22.514966063584097
2024-07-18 00:00:00+05:30,26.0,26.3,25.67,25.75,187983764,26.386666666666667,26.485,26.288333333333334,0.00745325922182916,28.442290758040166,-1,24.5892,26.60180762202025,22.576592377979754
2024-07-19 00:00:00+05:30,25.74,25.78,24.62,24.77,166847717,25.906666666666666,25.985,25.828333333333333,0.006047349459598545,28.442290758040166,-1,24.615200000000005,26.619667969365928,22.610732030634082
2024-07-22 00:00:00+05:30,25.9,26.19,25.22,25.67,332587313,25.05666666666667,25.200000000000003,24.913333333333334,0.011440734335506271,28.442290758040166,-1,24.69,26.706730026605896,22.673269973394106
2024-07-23 00:00:00+05:30,25.67,25.7,24.25,24.96,183384210,25.69333333333333,25.705,25.681666666666665,0.0009081473793461376,28.442290758040166,-1,24.736000000000004,26.7225789690354,22.74942103096461
2024-07-24 00:00:00+05:30,24.95,25.18,24.74,24.9,134634530,24.97,24.975,24.964999999999996,0.00040048057669223535,28.442290758040166,-1,24.78,26.730097433518047,22.829902566481955
2024-07-25 00:00:00+05:30,24.59,24.78,24.42,24.62,106791946,24.939999999999998,24.96,24.919999999999995,0.0016038492381718627,28.442290758040166,-1,24.812400000000004,26.723481620500188,22.90131837949982
2024-07-26 00:00:00+05:30,24.67,25.11,24.65,24.97,120894253,24.60666666666667,24.6,24.613333333333337,0.0005418585749120327,28.442290758040166,-1,24.8528,26.73254057790258,22.973059422097418
2024-07-29 00:00:00+05:30,25.25,25.68,24.8,24.95,183181556,24.909999999999997,24.88,24.939999999999994,0.0024086712163787706,28.442290758040166,-1,24.897199999999998,26.731028956095265,23.06337104390473
2024-07-30 00:00:00+05:30,24.94,26.07,24.88,25.71,275043147,25.143333333333334,25.240000000000002,25.046666666666667,0.007689248309691176,28.442290758040166,-1,24.967200000000002,26.786127332306968,23.148272667693035
2024-07-31 00:00:00+05:30,25.91,27.2,25.91,26.51,653115416,25.55333333333333,25.475,25.63166666666666,0.0061309679102527735,28.442290758040166,-1,25.066800000000004,26.93925908906261,23.1943409109374
2024-08-01 00:00:00+05:30,26.65,26.94,26.21,26.28,252509224,26.540000000000003,26.555,26.525000000000006,0.0011303692539560673,28.442290758040166,-1,25.1664,27.021415946080513,23.311384053919486
2024-08-02 00:00:00+05:30,25.7,26.02,25.35,25.45,210174985,26.47666666666667,26.575000000000003,26.378333333333337,0.007427923958202143,28.442290758040166,-1,25.244,26.97341608649071,23.514583913509288
2024-08-05 00:00:00+05:30,24.5,24.75,23.43,23.54,379085398,25.60666666666667,25.685000000000002,25.528333333333336,0.0061181983858370065,28.442290758040166,-1,25.238000000000003,26.989835608786642,23.486164391213364
2024-08-06 00:00:00+05:30,24.01,24.25,23.16,23.25,183499934,23.906666666666666,24.09,23.723333333333333,0.015337423312883456,28.442290758040166,-1,25.2056,27.069746603733975,23.341453396266026
2024-08-07 00:00:00+05:30,23.89,24.15,23.39,24.05,154799051,23.55333333333333,23.705,23.401666666666664,0.012878573450325555,28.442290758040166,-1,25.213599999999996,27.055997394758492,23.3712026052415
2024-08-08 00:00:00+05:30,24.07,24.34,23.88,23.92,127582225,23.863333333333333,23.77,23.956666666666667,0.007822321553289597,28.442290758040166,-1,25.2132,27.056715945201695,23.369684054798306
2024-08-09 00:00:00+05:30,24.19,24.33,23.84,23.94,103930859,24.046666666666667,24.11,23.983333333333334,0.005267535347934509,28.442290758040166,-1,25.212799999999998,27.057416122723883,23.368183877276113
2024-08-12 00:00:00+05:30,23.89,24.62,23.54,24.42,208297302,24.036666666666665,24.085,23.98833333333333,0.0040216336153101285,28.442290758040166,-1,25.124000000000002,26.897620027010596,23.35037997298941
2024-08-13 00:00:00+05:30,25.0,25.1,24.01,24.11,175904099,24.19333333333333,24.08,24.306666666666665,0.009368972168641496,28.442290758040166,-1,25.061200000000003,26.862588975266913,23.259811024733093
2024-08-14 00:00:00+05:30,24.33,24.34,23.82,23.99,105214714,24.406666666666666,24.555,24.258333333333333,0.012155148866429944,28.442290758040166,-1,24.988799999999998,26.810968554281764,23.16663144571823
2024-08-16 00:00:00+05:30,24.27,24.42,23.99,24.27,97158685,24.049999999999997,24.08,24.019999999999996,0.0024948024948025895,28.442290758040166,-1,24.961200000000005,26.805050926787025,23.117349073212985
2024-08-19 00:00:00+05:30,24.29,24.94,24.25,24.45,131102426,24.226666666666663,24.205,24.248333333333328,0.0017886626307098013,28.442290758040166,-1,24.906,26.724966739721605,23.087033260278393
2024-08-20 00:00:00+05:30,24.5,24.64,24.35,24.51,87912368,24.546666666666667,24.595,24.498333333333335,0.003938077131993374,28.442290758040166,-1,24.862399999999997,26.66491628569994,23.059883714300053
2024-08-21 00:00:00+05:30,24.45,24.77,24.35,24.45,83226963,24.5,24.495,24.505,0.00040816326530604126,28.442290758040166,-1,24.7852,26.483416664684945,23.086983335315054
2024-08-22 00:00:00+05:30,24.48,24.67,24.46,24.58,85421132,24.523333333333337,24.560000000000002,24.48666666666667,0.002990349327171289,28.442290758040166,-1,24.720800000000004,26.320279115279032,23.121320884720976
2024-08-23 00:00:00+05:30,24.63,24.85,24.36,24.39,111141944,24.570000000000004,24.565,24.575000000000006,0.00040700040700061515,28.442290758040166,-1,24.666400000000003,26.213825009560686,23.11897499043932
2024-08-26 00:00:00+05:30,24.5,24.53,24.0,24.08,84344508,24.53333333333333,24.605,24.461666666666662,0.005842391304348016,28.442290758040166,-1,24.6388,26.202378664542955,23.075221335457044
2024-08-27 00:00:00+05:30,24.18,24.21,24.0,24.02,65729887,24.203333333333333,24.265,24.141666666666666,0.0050957168434100615,28.442290758040166,-1,24.572799999999997,26.095455785203615,23.05014421479638
2024-08-28 00:00:00+05:30,24.0,24.18,23.92,23.96,82734530,24.076666666666668,24.105,24.048333333333336,0.0023535926900179233,28.442290758040166,-1,24.532799999999998,26.065176141883615,23.00042385811638
2024-08-29 00:00:00+05:30,23.96,24.02,23.68,23.73,77720713,24.02,24.05,23.99,0.0024979184013323177,28.442290758040166,-1,24.486,26.04194344377108,22.930056556228923
2024-08-30 00:00:00+05:30,23.8,24.02,23.55,23.61,111353758,23.810000000000002,23.85,23.770000000000003,0.0033599328013439013,28.442290758040166,-1,24.4456,26.037560602594887,22.85363939740511
2024-09-02 00:00:00+05:30,23.61,24.02,23.36,23.87,142483327,23.72666666666667,23.785,23.66833333333334,0.004917111548187413,28.442290758040166,-1,24.401600000000002,25.99395855265526,22.809241447344743
2024-09-03 00:00:00+05:30,23.96,24.0,23.64,23.71,72982107,23.75,23.689999999999998,23.810000000000002,0.00505263157894756,28.442290758040166,-1,24.351999999999997,25.950178963762955,22.75382103623704
2024-09-04 00:00:00+05:30,23.49,23.67,23.39,23.49,75735143,23.78333333333333,23.82,23.746666666666663,0.003083391730904178,28.442290758040166,-1,24.263199999999998,25.795014296908928,22.731385703091068
2024-09-05 00:00:00+05:30,23.6,23.62,23.34,23.39,56027204,23.516666666666666,23.53,23.50333333333333,0.001133947554925762,28.337543476391406,-1,24.1384,25.402699711387623,22.87410028861238
2024-09-06 00:00:00+05:30,23.39,23.54,23.1,23.14,80711374,23.45,23.48,23.419999999999998,0.002558635394456387,28.10644173733575,-1,24.012800000000002,24.993110481538906,23.032489518461098
2024-09-09 00:00:00+05:30,23.05,23.11,22.51,22.89,121098030,23.26,23.32,23.200000000000003,0.005159071367153802,27.581384067842322,-1,23.9104,24.799381079784727,23.02141892021527
2024-09-10 00:00:00+05:30,22.97,23.11,22.95,22.98,73569153,22.83666666666667,22.810000000000002,22.863333333333337,0.0023354254853306623,27.581384067842322,-1,23.888,24.8392265766973,22.936773423302704
2024-09-11 00:00:00+05:30,22.98,24.41,22.87,23.82,240019208,23.013333333333335,23.03,22.99666666666667,0.0014484356894553057,27.581384067842322,-1,23.9108,24.826422979296183,22.995177020703814
2024-09-12 00:00:00+05:30,23.99,24.02,23.38,23.43,95619836,23.7,23.64,23.759999999999998,0.005063291139240399,27.581384067842322,-1,23.886000000000003,24.81862639905552,22.953373600944484
2024-09-13 00:00:00+05:30,23.39,23.86,23.24,23.3,105873786,23.61,23.7,23.52,0.007623888182973305,27.581384067842322,-1,23.8612,24.821455299498684,22.900944700501316
2024-09-16 00:00:00+05:30,23.31,23.97,23.24,23.5,124089733,23.466666666666665,23.549999999999997,23.383333333333333,0.007102272727272626,27.581384067842322,-1,23.843600000000002,24.81351348078854,22.873686519211464
2024-09-17 00:00:00+05:30,23.68,23.84,23.35,23.4,92847582,23.569999999999997,23.604999999999997,23.534999999999997,0.0029698769622401484,27.581384067842322,-1,23.802799999999998,24.757996650023127,22.84760334997687
2024-09-18 00:00:00+05:30,23.49,23.71,23.21,23.32,84442237,23.53,23.595,23.465000000000003,0.005524861878452845,27.581384067842322,-1,23.7712,24.73587727257123,22.80652272742877
2024-09-19 00:00:00+05:30,23.4,23.45,22.8,22.95,89812762,23.413333333333338,23.46,23.366666666666674,0.003986332574031603,27.581384067842322,-1,23.7296,24.741489005877394,22.71771099412261
2024-09-20 00:00:00+05:30,23.05,23.19,22.91,23.0,78880719,23.066666666666666,23.125,23.008333333333333,0.005057803468208113,27.581384067842322,-1,23.678799999999995,24.704491103703067,22.653108896296924
2024-09-23 00:00:00+05:30,23.19,23.19,22.9,22.93,75716167,23.03333333333333,23.05,23.016666666666662,0.0014471780028945823,27.572692035541724,-1,23.618000000000002,24.633779503738747,22.602220496261257
2024-09-24 00:00:00+05:30,22.99,23.03,22.9,22.95,49409683,23.00666666666667,23.045,22.96833333333334,0.003332367429730261,27.347984354120054,-1,23.5556,24.535560489109553,22.575639510890444
2024-09-25 00:00:00+05:30,22.94,22.99,22.7,22.79,56797147,22.959999999999997,22.965,22.954999999999995,0.000435540069686634,27.133864979955252,-1,23.4892,24.442340829162177,22.536059170837824
2024-09-26 00:00:00+05:30,22.84,22.93,22.65,22.74,57810804,22.826666666666664,22.845,22.80833333333333,0.0016063084112150489,26.98571038075704,-1,23.415599999999998,24.302303197364306,22.52889680263569
2024-09-27 00:00:00+05:30,22.75,23.14,22.68,22.74,64565679,22.77333333333333,22.79,22.75666666666666,0.0014637002341922666,26.98571038075704,-1,23.3496,24.18022347680294,22.518976523197058
2024-09-30 00:00:00+05:30,22.73,22.74,22.45,22.48,68993440,22.853333333333335,22.91,22.79666666666667,0.004959159859976505,26.66661468690569,-1,23.2856,24.12773215127812,22.443467848721877
2024-10-01 00:00:00+05:30,22.48,22.58,22.36,22.42,61376374,22.55666666666667,22.595,22.518333333333338,0.003398847347421053,26.440350099429462,-1,23.221600000000002,24.073885022874645,22.36931497712536
2024-10-03 00:00:00+05:30,22.04,22.3,21.78,21.86,97597534,22.453333333333333,22.47,22.436666666666667,0.0014845605700711745,26.030736095452284,-1,23.137600000000003,24.09025993944145,22.184940060558556
2024-10-04 00:00:00+05:30,21.97,22.27,21.52,21.95,119371624,21.98,22.04,21.92,0.005459508644221903,25.93610665163419,-1,23.066399999999998,24.09440591448527,22.038394085514724
2024-10-07 00:00:00+05:30,22.21,22.26,20.77,21.26,183639701,21.91333333333333,21.895,21.93166666666666,0.0016732582902340316,25.811662385568827,-1,22.972399999999997,24.195619097388878,21.749180902611116
2024-10-08 00:00:00+05:30,21.26,21.62,21.1,21.54,92773547,21.430000000000003,21.515,21.345000000000006,0.0079328044797011,25.630395890146072,-1,22.8792,24.167956548079207,21.590443451920795
2024-10-09 00:00:00+05:30,21.64,21.94,21.5,21.55,63955298,21.419999999999998,21.36,21.479999999999997,0.005602240896358425,25.630395890146072,-1,22.792799999999996,24.13566285234836,21.44993714765163
2024-10-10 00:00:00+05:30,21.63,21.75,21.35,21.42,54770158,21.66333333333333,21.72,21.606666666666662,0.005231574088321442,25.630395890146072,-1,22.71,24.124077791430633,21.29592220856937
2024-10-11 00:00:00+05:30,21.39,21.48,21.22,21.4,51740061,21.50666666666667,21.55,21.463333333333342,0.004029758214506768,25.422034098264277,-1,22.630399999999998,24.10514179442283,21.155658205577165
2024-10-14 00:00:00+05:30,21.4,21.49,21.0,21.05,56645624,21.366666666666664,21.35,21.383333333333326,0.0015600624024956788,25.291352734333703,-1,22.546799999999998,24.129513821326398,20.964086178673597
2024-10-15 00:00:00+05:30,21.18,21.3,21.01,21.2,43357325,21.179999999999996,21.244999999999997,21.114999999999995,0.006137865911237138,25.120698624960358,-1,22.479200000000002,24.139946049285605,20.8184539507144
2024-10-16 00:00:00+05:30,21.22,21.35,21.1,21.15,43705501,21.17,21.155,21.185000000000002,0.0014170996693434641,25.102070679961944,-1,22.406,24.132035920894424,20.679964079105574
2024-10-17 00:00:00+05:30,21.15,21.23,20.86,20.9,49372131,21.2,21.225,21.174999999999997,0.002358490566037937,24.870587852763467,-1,22.2892,24.011876243586723,20.56652375641328
2024-10-18 00:00:00+05:30,20.87,21.15,20.57,21.09,57339193,20.996666666666666,21.045,20.94833333333333,0.0046039053818068484,24.694964338652923,-1,22.1956,23.914446869333688,20.47675313066631
2024-10-21 00:00:00+05:30,21.1,21.52,20.84,21.02,66917611,20.936666666666667,20.86,21.013333333333335,0.007323674574112529,24.694964338652923,-1,22.104400000000002,23.821123204310577,20.387676795689426
2024-10-22 00:00:00+05:30,21.0,21.04,20.0,20.04,87606605,21.126666666666665,21.18,21.07333333333333,0.005048911328494911,24.528287134502534,-1,21.965999999999998,23.76621332075357,20.165786679246423
2024-10-23 00:00:00+05:30,20.0,20.26,19.3,20.02,90720281,20.36,20.52,20.2,0.015717092337917498,23.896755649122436,-1,21.8308,23.686747585525744,19.974852414474256
2024-10-24 00:00:00+05:30,20.03,20.33,19.9,20.02,52181658,19.86,19.78,19.939999999999998,0.008056394763343232,23.896755649122436,-1,21.698799999999995,23.58152415404356,19.81607584595643
2024-10-25 00:00:00+05:30,20.04,20.12,19.22,19.38,97874666,20.083333333333332,20.115,20.051666666666666,0.0031535269709543194,23.831586006231237,-1,21.556000000000004,23.5741417195577,19.537858280442308
2024-10-28 00:00:00+05:30,20.35,21.29,20.25,20.54,228826923,19.573333333333334,19.67,19.476666666666667,0.009877384196185378,23.831586006231237,-1,21.457600000000003,23.4237396085272,19.491460391472806
2024-10-29 00:00:00+05:30,20.64,20.85,20.23,20.73,84798060,20.69333333333333,20.77,20.616666666666664,0.007409793814433119,23.831586006231237,-1,21.369600000000002,23.259721519960987,19.479478480039017
2024-10-30 00:00:00+05:30,20.1,21.16,20.1,20.72,94044203,20.603333333333335,20.54,20.66666666666667,0.006147872512538695,23.831586006231237,-1,21.2804,23.07166306281902,19.48913693718098
2024-10-31 00:00:00+05:30,20.69,20.85,20.31,20.4,60815651,20.66,20.630000000000003,20.689999999999998,0.00290416263310722,23.831586006231237,-1,21.1848,22.896950647641717,19.47264935235828
2024-11-01 00:00:00+05:30,20.57,20.75,20.57,20.71,17418327,20.52,20.58,20.46,0.005847953216374145,23.831586006231237,-1,21.1036,22.70177776239694,19.50542223760306
2024-11-04 00:00:00+05:30,20.7,20.74,20.29,20.33,68193071,20.676666666666666,20.66,20.69333333333333,0.0016121231662098068,23.831586006231237,-1,21.007199999999997,22.485139322238993,19.529260677761002
2024-11-05 00:00:00+05:30,20.28,20.68,20.23,20.62,56247026,20.453333333333333,20.515,20.391666666666666,0.0060299869621904265,23.831586006231237,-1,20.932799999999997,22.288930023345983,19.57666997665401
2024-11-06 00:00:00+05:30,20.67,20.92,20.61,20.84,55366273,20.51,20.455,20.565000000000005,0.005363237445149026,23.831586006231237,-1,20.869600000000002,22.082286010565184,19.65691398943482
2024-11-07 00:00:00+05:30,20.92,21.14,20.72,20.78,62138851,20.790000000000003,20.765,20.815000000000005,0.00240500240500261,23.831586006231237,-1,20.8264,21.969852736330004,19.682947263669995
2024-11-08 00:00:00+05:30,20.78,20.78,20.07,20.16,50979382,20.88,20.93,20.83,0.004789272030651409,23.831586006231237,-1,20.7548,21.82999107149413,19.679608928505868
2024-11-11 00:00:00+05:30,20.16,20.33,19.85,19.89,81817209,20.33666666666667,20.425,20.24833333333334,0.008687100475331697,23.831586006231237,-1,20.7,21.805824579316624,19.594175420683374
2024-11-12 00:00:00+05:30,19.95,20.14,19.65,19.75,44546382,20.023333333333333,20.09,19.956666666666667,0.006658897952388856,23.831586006231237,-1,20.628400000000003,21.739186100120506,19.5176138998795
2024-11-13 00:00:00+05:30,19.63,19.73,19.02,19.07,80085697,19.846666666666668,19.895,19.798333333333336,0.004870675176351898,23.633883675331617,-1,20.5292,21.7321818952175,19.326218104782498
2024-11-14 00:00:00+05:30,19.2,19.63,19.2,19.31,67917020,19.273333333333333,19.375,19.171666666666667,0.010549982704946375,23.633883675331617,-1,20.4448,21.681545665131374,19.208054334868628
2024-11-18 00:00:00+05:30,19.29,19.5,19.15,19.28,61476591,19.38,19.415,19.345,0.003611971104231181,23.498515195185618,-1,20.36,21.613743195483583,19.106256804516416
2024-11-19 00:00:00+05:30,19.33,19.82,19.28,19.56,57492511,19.31,19.325,19.294999999999998,0.0015535991714138342,23.498515195185618,-1,20.3004,21.558925867919086,19.041874132080913
2024-11-21 00:00:00+05:30,19.49,19.49,19.04,19.13,57253095,19.55333333333333,19.55,19.55666666666666,0.0003409478349809378,23.402063603883068,-1,20.2176,21.50062492579904,18.93457507420096
2024-11-22 00:00:00+05:30,19.12,19.34,19.12,19.21,47148202,19.22,19.265,19.174999999999997,0.004682622268470521,23.263181059727746,-1,20.139999999999997,21.422734579023174,18.85726542097682
2024-11-25 00:00:00+05:30,19.51,19.72,19.06,19.18,119882710,19.223333333333333,19.23,19.216666666666665,0.0006936015259234654,23.263181059727746,-1,20.071199999999997,21.367932138963898,18.774467861036097
2024-11-26 00:00:00+05:30,19.2,20.63,19.2,20.14,184040834,19.32,19.39,19.25,0.0072463768115942325,23.263181059727746,-1,20.0332,21.26219269331512,18.80420730668488
2024-11-27 00:00:00+05:30,20.14,20.35,19.84,20.26,82352775,19.99,19.915,20.064999999999998,0.007503751875937898,23.263181059727746,-1,20.0028,21.168627019854153,18.83697298014585
2024-11-28 00:00:00+05:30,20.1,20.65,20.06,20.36,101691031,20.150000000000002,20.095,20.205000000000005,0.005459057071960621,23.263181059727746,-1,20.0156,21.189776545593542,18.841423454406456
2024-11-29 00:00:00+05:30,20.35,20.52,19.91,19.96,123352713,20.356666666666666,20.354999999999997,20.358333333333334,0.00016374652038664191,23.263181059727746,-1,20.013199999999998,21.187576021648088,18.838823978351908
2024-12-02 00:00:00+05:30,19.96,20.19,19.9,20.09,68351418,20.13,20.215,20.044999999999998,0.00844510680576263,23.263181059727746,-1,20.016,21.190761252434715,18.84123874756528
2024-12-03 00:00:00+05:30,20.15,21.1,20.12,20.84,150187297,20.060000000000002,20.045,20.075000000000003,0.001495513459621193,23.263181059727746,-1,20.0744,21.261976759717825,18.886823240282176
2024-12-04 00:00:00+05:30,20.99,21.39,20.81,21.23,135391370,20.686666666666667,20.61,20.763333333333335,0.007412181759587624,23.263181059727746,-1,20.101999999999997,21.361472905711683,18.84252709428831
2024-12-05 00:00:00+05:30,21.39,21.39,21.05,21.17,83133989,21.143333333333334,21.1,21.186666666666667,0.004099006779126565,23.263181059727746,-1,20.119600000000002,21.42513872413721,18.814061275862795
2024-12-06 00:00:00+05:30,21.19,21.58,21.09,21.49,127231060,21.203333333333333,21.22,21.186666666666667,0.0015720798616568829,23.263181059727746,-1,20.1504,21.54447293934778,18.75632706065222
2024-12-09 00:00:00+05:30,21.49,22.02,21.46,21.84,113868644,21.386666666666667,21.335,21.438333333333333,0.004831670822942568,23.263181059727746,-1,20.208,21.749739277641215,18.666260722358782
2024-12-10 00:00:00+05:30,21.84,21.87,21.36,21.6,91877760,21.773333333333337,21.740000000000002,21.806666666666672,0.0030618493570117866,23.263181059727746,-1,20.2436,21.868898791060154,18.618301208939847
2024-12-11 00:00:00+05:30,21.5,21.73,21.45,21.58,65929641,21.610000000000003,21.615000000000002,21.605000000000004,0.0004627487274409074,23.263181059727746,-1,20.293599999999998,22.00127566013617,18.585924339863826
2024-12-12 00:00:00+05:30,21.5,21.59,21.12,21.2,179952016,21.586666666666662,21.59,21.583333333333325,0.00030883261272428113,23.263181059727746,-1,20.316799999999997,22.057031892657257,18.576568107342737
2024-12-13 00:00:00+05:30,21.15,21.2,20.7,21.09,97287009,21.30333333333333,21.355,21.25166666666666,0.004850571115631615,23.263181059727746,-1,20.326800000000002,22.081753857006348,18.571846142993657
2024-12-16 00:00:00+05:30,21.15,21.58,21.12,21.25,71194846,20.996666666666666,20.95,21.043333333333333,0.004445150023813322,23.263181059727746,-1,20.3456,22.129403397300674,18.561796602699328
2024-12-17 00:00:00+05:30,21.2,21.44,20.9,20.96,148915011,21.316666666666666,21.35,21.28333333333333,0.0031274433150900696,23.263181059727746,-1,20.3776,22.175583581744107,18.579616418255895
2024-12-18 00:00:00+05:30,20.96,21.06,20.58,20.62,86755291,21.1,21.17,21.03,0.00663507109004742,23.263181059727746,-1,20.406799999999997,22.195848641099875,18.61775135890012
2024-12-19 00:00:00+05:30,20.3,20.44,20.17,20.36,51324521,20.753333333333334,20.82,20.686666666666667,0.006424670735624776,23.263181059727746,-1,20.4312,22.20027948951461,18.66212051048539
2024-12-20 00:00:00+05:30,20.37,20.5,19.75,19.83,76096639,20.323333333333334,20.305,20.34166666666667,0.001804165983270568,23.263181059727746,-1,20.461599999999997,22.16081092281718,18.762389077182814
2024-12-23 00:00:00+05:30,19.9,20.08,19.77,19.91,52729673,20.026666666666667,20.125,19.928333333333335,0.009820239680426036,23.263181059727746,-1,20.485599999999998,22.135298930175193,18.835901069824803
2024-12-24 00:00:00+05:30,19.91,19.99,19.75,19.8,44708100,19.919999999999998,19.924999999999997,19.915,0.0005020080321284143,23.263181059727746,-1,20.5064,22.107158620223906,18.905641379776092
2024-12-26 00:00:00+05:30,19.92,19.94,19.71,19.8,55846692,19.846666666666664,19.869999999999997,19.82333333333333,0.0023513604299630598,23.263181059727746,-1,20.516,22.096693518750907,18.93530648124909
2024-12-27 00:00:00+05:30,19.82,20.12,19.78,19.82,43277533,19.816666666666666,19.825000000000003,19.80833333333333,0.0008410428931878634,23.263181059727746,-1,20.5436,22.04882163159486,19.038378368405144
2024-12-30 00:00:00+05:30,19.83,20.19,19.41,19.54,83650841,19.90666666666667,19.950000000000003,19.863333333333337,0.004353650368385766,23.263181059727746,-1,20.556800000000003,22.02021758914572,19.093382410854286
2024-12-31 00:00:00+05:30,19.5,19.7,19.35,19.59,60378102,19.713333333333335,19.8,19.62666666666667,0.008792695299289752,23.211884077444775,-1,20.5732,21.982730077799346,19.163669922200654
2025-01-01 00:00:00+05:30,19.6,19.7,19.52,19.63,51991164,19.546666666666667,19.525,19.568333333333335,0.0022169167803548716,23.199808714346982,-1,20.552799999999998,22.001048818477358,19.104551181522638
2025-01-02 00:00:00+05:30,19.6,19.7,19.32,19.59,66997388,19.616666666666664,19.61,19.623333333333328,0.000679694137637807,23.062616365773103,-1,20.526,22.019034493982343,19.032965506017657
2025-01-03 00:00:00+05:30,19.62,20.19,19.6,19.96,99584232,19.536666666666665,19.509999999999998,19.563333333333333,0.002729909571745499,23.062616365773103,-1,20.51,22.018302357029633,19.00169764297037
2025-01-06 00:00:00+05:30,19.98,20.03,18.84,18.9,121876031,19.916666666666668,19.895000000000003,19.938333333333333,0.0021757322175730265,23.062616365773103,-1,20.4676,22.09059752317162,18.84460247682838
2025-01-07 00:00:00+05:30,19.01,19.11,18.8,19.02,67368307,19.256666666666668,19.435000000000002,19.078333333333333,0.018521724078241427,22.659628392988633,-1,20.4248,22.139229304527102,18.7103706954729
2025-01-08 00:00:00+05:30,19.02,19.08,18.66,18.77,87612688,18.976666666666663,18.955,18.998333333333328,0.0022835060600735705,22.544043257269085,-1,20.342,22.164745182471048,18.51925481752895
2025-01-09 00:00:00+05:30,18.74,18.84,18.45,18.49,71629389,18.836666666666662,18.869999999999997,18.803333333333327,0.0035391966023714384,22.281281526978322,-1,20.2324,22.15515036346937,18.309649636530626
2025-01-10 00:00:00+05:30,18.48,18.5,17.92,17.96,100828645,18.593333333333334,18.645,18.541666666666668,0.005557547508067321,21.86323026589919,-1,20.104,22.181637119475344,18.026362880524655
2025-01-13 00:00:00+05:30,17.93,17.93,17.06,17.12,119009652,18.12666666666667,18.21,18.043333333333337,0.009194556822361031,21.25410105526322,-1,19.9292,22.233907669146372,17.62449233085363
2025-01-14 00:00:00+05:30,17.19,18.13,17.18,18.02,95583809,17.37,17.494999999999997,17.245000000000005,0.014392630972941444,21.25410105526322,-1,19.776400000000002,22.060542762662255,17.49225723733775
2025-01-15 00:00:00+05:30,18.09,18.22,17.86,17.97,91857646,17.776666666666667,17.655,17.898333333333333,0.013688355522220079,21.25410105526322,-1,19.6312,21.894601475704782,17.367798524295218
2025-01-16 00:00:00+05:30,18.24,18.56,18.19,18.29,83579795,18.016666666666666,18.04,17.993333333333332,0.0025901942645698535,21.25410105526322,-1,19.4996,21.675346161716202,17.3238538382838
2025-01-17 00:00:00+05:30,18.28,18.37,17.96,18.26,61440794,18.346666666666668,18.375,18.318333333333335,0.0030886627906975763,21.25410105526322,-1,19.381999999999998,21.494295433935076,17.26970456606492
2025-01-20 00:00:00+05:30,18.29,19.13,18.26,18.93,108954125,18.19666666666667,18.165,18.22833333333334,0.003480490932405551,21.25410105526322,-1,19.2956,21.295064568384024,17.296135431615976
2025-01-21 00:00:00+05:30,19.08,19.08,18.45,18.5,88040986,18.773333333333333,18.695,18.851666666666667,0.008345170454545435,21.25410105526322,-1,19.1856,21.040212239855894,17.330987760144108
2025-01-22 00:00:00+05:30,18.69,18.69,17.98,18.35,93719498,18.676666666666666,18.765,18.58833333333333,0.00945921827592376,21.25410105526322,-1,19.081200000000003,20.81438961461909,17.348010385380917
2025-01-23 00:00:00+05:30,18.26,18.62,18.04,18.47,83253385,18.34,18.335,18.345,0.0005452562704470016,21.25410105526322,-1,18.9952,20.6246992605778,17.365700739422202
2025-01-24 00:00:00+05:30,18.45,18.63,18.15,18.24,60357643,18.376666666666665,18.33,18.423333333333332,0.005078904407763489,21.25410105526322,-1,18.9104,20.46594728639914,17.35485271360086
2025-01-27 00:00:00+05:30,18.63,18.99,18.36,18.49,234052234,18.34,18.39,18.29,0.005452562704471179,21.25410105526322,-1,18.8568,20.37377298599013,17.33982701400987
2025-01-28 00:00:00+05:30,18.6,18.72,18.15,18.37,117219065,18.61333333333333,18.674999999999997,18.551666666666662,0.006626074498567418,21.25410105526322,-1,18.7952,20.260282878278193,17.33011712172181
2025-01-29 00:00:00+05:30,18.4,18.92,18.27,18.81,98741576,18.41333333333333,18.435,18.391666666666662,0.002353367125271718,21.25410105526322,-1,18.7556,20.162259361829996,17.348940638170006
2025-01-30 00:00:00+05:30,18.79,19.21,18.71,18.95,103327002,18.666666666666668,18.595,18.738333333333337,0.007678571428571677,21.25410105526322,-1,18.721600000000002,20.06532235235707,17.377877647642933
2025-01-31 00:00:00+05:30,18.9,19.3,18.74,19.23,86433511,18.956666666666667,18.96,18.953333333333333,0.0003516792685071765,21.25410105526322,-1,18.698,19.983177030694236,17.412822969305765
2025-02-01 00:00:00+05:30,19.25,19.38,18.75,19.03,68141359,19.09,19.02,19.16,0.007333682556312235,21.25410105526322,-1,18.677599999999998,19.924282381452503,17.430917618547493
2025-02-03 00:00:00+05:30,18.93,18.95,18.66,18.79,60072694,19.05333333333333,19.064999999999998,19.041666666666664,0.00122463261021694,21.25410105526322,-1,18.645599999999998,19.836795433261955,17.45440456673804
2025-02-04 00:00:00+05:30,18.98,19.29,18.91,19.12,57242107,18.8,18.805,18.795,0.0005319148936169155,21.25410105526322,-1,18.6252,19.764605037826396,17.485794962173603
2025-02-05 00:00:00+05:30,19.07,19.5,19.07,19.42,80955575,19.10666666666667,19.1,19.113333333333337,0.0006978367062108557,21.25410105526322,-1,18.618399999999998,19.736522426313048,17.500277573686947
2025-02-06 00:00:00+05:30,19.53,19.56,19.23,19.28,52266742,19.330000000000002,19.285,19.375000000000004,0.0046559751681326126,21.25410105526322,-1,18.5912,19.605739422705806,17.576660577294195
2025-02-07 00:00:00+05:30,19.31,19.43,19.05,19.12,60573527,19.356666666666666,19.395,19.31833333333333,0.003960737041501705,21.25410105526322,-1,18.6,19.628816796239356,17.571183203760647
2025-02-10 00:00:00+05:30,19.09,19.19,18.54,18.59,70508773,19.200000000000003,19.240000000000002,19.160000000000004,0.004166666666666577,21.25410105526322,-1,18.5828,19.59723217625637,17.56836782374363
2025-02-11 00:00:00+05:30,18.59,18.69,18.01,18.11,55528034,18.773333333333337,18.865000000000002,18.681666666666672,0.009765624999999821,21.25410105526322,-1,18.5564,19.58423469498956,17.52856530501044
2025-02-12 00:00:00+05:30,18.11,18.27,17.56,18.13,83805966,18.27,18.35,18.189999999999998,0.008757525998905513,21.25410105526322,-1,18.542,19.58315320689335,17.500846793106653
2025-02-13 00:00:00+05:30,18.09,18.41,18.05,18.17,51300876,17.986666666666665,17.915,18.05833333333333,0.00796886582653804,21.25410105526322,-1,18.5504,19.575906392093337,17.524893607906662
2025-02-14 00:00:00+05:30,18.17,18.29,17.59,17.76,66961081,18.21,18.23,18.19,0.002196595277320107,21.25410105526322,-1,18.576,19.482439187273062,17.66956081272694
2025-02-17 00:00:00+05:30,17.75,17.82,17.33,17.66,92372362,17.88,17.939999999999998,17.82,0.006711409395973012,21.25410105526322,-1,18.561600000000002,19.513224800130953,17.60997519986905
2025-02-18 00:00:00+05:30,17.66,17.72,17.23,17.46,77197334,17.603333333333335,17.575,17.63166666666667,0.003219087294073393,21.25410105526322,-1,18.5412,19.562028212886137,17.520371787113863
2025-02-19 00:00:00+05:30,17.4,18.06,17.31,18.0,63365019,17.470000000000002,17.475,17.465000000000003,0.0005724098454492277,21.25410105526322,-1,18.529600000000002,19.568021571532647,17.491178428467357
2025-02-20 00:00:00+05:30,17.98,18.25,17.82,18.21,47340797,17.79,17.685,17.895,0.011804384485666152,21.25410105526322,-1,18.5276,19.56828100790988,17.486918992090118
2025-02-21 00:00:00+05:30,18.18,18.42,17.87,17.93,56345958,18.093333333333334,18.035,18.151666666666667,0.006448047162859274,21.25410105526322,-1,18.4876,19.540144041940476,17.435055958059525
2025-02-24 00:00:00+05:30,17.84,17.92,17.63,17.86,53216360,18.073333333333334,18.145000000000003,18.001666666666665,0.007930652895610733,21.25410105526322,-1,18.462,19.542844114673542,17.381155885326457
2025-02-25 00:00:00+05:30,17.8,18.1,17.75,17.79,49082878,17.80333333333333,17.775,17.831666666666663,0.0031829245459650745,21.25410105526322,-1,18.4396,19.551563740516958,17.32763625948304
2025-02-27 00:00:00+05:30,17.79,17.93,17.21,17.36,63136819,17.88,17.925,17.834999999999997,0.005033557046980057,21.25410105526322,-1,18.3952,19.58470234981884,17.205697650181158
2025-02-28 00:00:00+05:30,17.23,17.26,16.66,16.75,133381737,17.5,17.57,17.43,0.008000000000000033,20.801561757301787,-1,18.3356,19.688346302979475,16.982853697020523
2025-03-03 00:00:00+05:30,16.75,16.99,16.13,16.31,106603357,16.89,16.96,16.82,0.00828892835997635,20.488699287009716,-1,18.2484,19.814344366899665,16.682455633100336
2025-03-04 00:00:00+05:30,16.24,16.78,16.16,16.34,143365309,16.476666666666663,16.56,16.393333333333327,0.010115314586283923,20.41515131552933,-1,18.1672,19.901028319132237,16.433371680867765
2025-03-05 00:00:00+05:30,16.39,16.98,16.38,16.92,88590804,16.426666666666666,16.47,16.383333333333333,0.005275974025973986,20.41515131552933,-1,18.0916,19.87094531786976,16.312254682130238
2025-03-06 00:00:00+05:30,17.19,17.25,16.93,16.98,72203818,16.76,16.68,16.840000000000003,0.00954653937947516,20.41515131552933,-1,18.0128,19.80752578413115,16.218074215868846
2025-03-07 00:00:00+05:30,16.96,17.07,16.84,16.88,61451832,17.05333333333333,17.09,17.016666666666662,0.004300234558248888,20.41515131552933,-1,17.918799999999997,19.694739818863614,16.14286018113638
2025-03-10 00:00:00+05:30,16.88,17.02,16.48,16.52,68621458,16.929999999999996,16.955,16.904999999999994,0.002953337271116614,20.41515131552933,-1,17.8184,19.615381291005978,16.021418708994023
2025-03-11 00:00:00+05:30,16.39,16.54,16.11,16.37,85457453,16.673333333333332,16.75,16.596666666666664,0.009196321471411596,20.100624220535337,-1,17.7216,19.559065036463462,15.884134963536537
2025-03-12 00:00:00+05:30,16.4,16.5,16.02,16.15,79312744,16.34,16.325,16.355,0.0018359853121175727,20.01899925171392,-1,17.6028,19.447286009766913,15.758313990233084
2025-03-13 00:00:00+05:30,16.2,16.37,16.16,16.19,62477298,16.223333333333333,16.259999999999998,16.186666666666667,0.004520238339839568,19.935239281645366,-1,17.4736,19.241752753646047,15.705447246353957
2025-03-17 00:00:00+05:30,16.3,16.38,16.09,16.11,71736032,16.24,16.265,16.214999999999996,0.0030788177339904107,19.83962971037955,-1,17.3468,19.031277082131517,15.662322917868487
2025-03-18 00:00:00+05:30,16.18,16.5,16.16,16.44,82382844,16.19333333333333,16.235,16.151666666666664,0.005146150679292036,19.83962971037955,-1,17.2396,18.795229570375444,15.683970429624557
2025-03-19 00:00:00+05:30,16.52,17.1,16.52,17.03,99766469,16.366666666666664,16.33,16.40333333333333,0.004480651731160729,19.83962971037955,-1,17.1772,18.63310681028237,15.721293189717628
2025-03-20 00:00:00+05:30,17.26,17.32,16.91,16.94,80780475,16.883333333333336,16.810000000000002,16.95666666666667,0.008687068114511446,19.83962971037955,-1,17.130399999999998,18.537768949574584,15.723031050425414
2025-03-21 00:00:00+05:30,16.97,17.22,16.9,17.17,101017458,17.05666666666667,17.115000000000002,16.998333333333335,0.006839945280437783,19.83962971037955,-1,17.092,18.439281707820133,15.744718292179865
2025-03-24 00:00:00+05:30,17.36,17.53,17.24,17.43,82460279,17.096666666666668,17.06,17.133333333333336,0.0042893351530515315,19.83962971037955,-1,17.0624,18.34458912810349,15.78021087189651
2025-03-25 00:00:00+05:30,17.46,17.53,17.0,17.03,101820390,17.4,17.384999999999998,17.415,0.0017241379310345482,19.83962971037955,-1,17.0332,18.283361205695826,15.783038794304177
2025-03-26 00:00:00+05:30,17.03,17.18,16.92,16.96,98505856,17.186666666666667,17.265,17.108333333333334,0.00911559348332038,19.83962971037955,-1,17.0052,18.229031622498326,15.781368377501673
2025-03-27 00:00:00+05:30,16.93,17.5,16.78,17.26,214871192,17.02,17.05,16.99,0.003525264394829746,19.83962971037955,-1,16.9972,18.211613702255907,15.782786297744092
2025-03-28 00:00:00+05:30,17.26,17.5,16.83,16.88,98061236,17.180000000000003,17.14,17.220000000000006,0.004656577415599847,19.83962971037955,-1,16.9524,18.096110173176307,15.808689826823695
2025-04-01 00:00:00+05:30,16.74,17.43,16.63,17.33,90534491,17.069999999999997,17.165,16.974999999999994,0.011130638547159044,19.83962971037955,-1,16.9172,17.95299951739081,15.881400482609191
2025-04-02 00:00:00+05:30,17.2,17.45,17.01,17.4,67818784,17.13,17.03,17.229999999999997,0.011675423234091988,19.83962971037955,-1,16.896,17.86772835722082,15.924271642779182
2025-04-03 00:00:00+05:30,17.11,18.04,17.11,17.95,94350870,17.286666666666665,17.23,17.34333333333333,0.0065561126108752265,19.83962971037955,-1,16.8996,17.886141109243333,15.913058890756666
2025-04-04 00:00:00+05:30,17.94,17.96,17.11,17.19,111241105,17.7,17.575,17.825,0.014124293785310734,19.83962971037955,-1,16.8756,17.801668334534288,15.949531665465711
2025-04-07 00:00:00+05:30,16.21,16.93,16.16,16.85,122495456,17.42,17.535,17.305000000000003,0.013203214695751829,19.83962971037955,-1,16.855200000000004,17.75990980995408,15.950490190045926
2025-04-08 00:00:00+05:30,17.05,17.35,16.9,17.17,81632731,16.64666666666667,16.545,16.748333333333335,0.012214657589106916,19.83962971037955,-1,16.872,17.783842091717155,15.960157908282845
2025-04-09 00:00:00+05:30,17.14,17.3,16.9,17.16,69547580,17.14,17.125,17.155,0.0017502917152859472,19.83962971037955,-1,16.906000000000002,17.79457638964079,16.017423610359216
2025-04-11 00:00:00+05:30,17.5,17.5,17.11,17.15,52543433,17.12,17.1,17.14,0.002336448598130791,19.83962971037955,-1,16.938399999999998,17.80074433970833,16.076055660291665
2025-04-15 00:00:00+05:30,17.49,17.59,17.31,17.52,61294441,17.253333333333334,17.305,17.201666666666668,0.005989180834621236,19.83962971037955,-1,16.9624,17.854252543993095,16.070547456006903
2025-04-16 00:00:00+05:30,17.6,18.05,17.55,17.87,85730443,17.473333333333333,17.45,17.496666666666666,0.002670736360167886,19.83962971037955,-1,16.998,17.958249967574538,16.037750032425464
2025-04-17 00:00:00+05:30,17.84,18.15,17.72,18.09,99208246,17.823333333333334,17.8,17.846666666666668,0.0026182906302599693,19.83962971037955,-1,17.046400000000002,18.095817057335555,15.996982942664449
2025-04-21 00:00:00+05:30,19.14,19.35,18.78,18.82,212102753,17.986666666666665,17.935,18.03833333333333,0.0057449962935506894,19.83962971037955,-1,17.1384,18.373871472850205,15.902928527149797
2025-04-22 00:00:00+05:30,18.94,18.99,18.64,18.69,76060910,18.983333333333334,19.065,18.901666666666667,0.008604038630377559,19.83962971037955,-1,17.2312,18.566365248284455,15.896034751715545
2025-04-23 00:00:00+05:30,18.81,18.82,18.16,18.42,89519210,18.77333333333333,18.814999999999998,18.731666666666662,0.004438920454545582,19.83962971037955,-1,17.322,18.659448316843058,15.984551683156939
2025-04-24 00:00:00+05:30,18.4,18.66,18.33,18.43,65182036,18.46666666666667,18.490000000000002,18.443333333333335,0.002527075812274378,19.83962971037955,-1,17.4116,18.733739841403388,16.089460158596612
2025-04-25 00:00:00+05:30,18.45,18.54,17.62,17.77,109327218,18.473333333333333,18.494999999999997,18.451666666666668,0.0023457235654996095,19.83962971037955,-1,17.477999999999998,18.69451304975576,16.261486950244237
2025-04-28 00:00:00+05:30,17.78,18.16,17.71,18.09,73449583,17.976666666666663,18.08,17.873333333333328,0.011496384201743218,19.83962971037955,-1,17.544,18.70590188924278,16.38209811075722
2025-04-29 00:00:00+05:30,18.25,18.39,17.93,17.99,59829539,17.986666666666668,17.935000000000002,18.038333333333334,0.005744996293550689,19.83962971037955,-1,17.5824,18.737247591773855,16.427552408226145
2025-04-30 00:00:00+05:30,17.98,18.03,17.64,17.72,54958582,18.103333333333335,18.16,18.04666666666667,0.006260357208616998,19.83962971037955,-1,17.6136,18.739113287449698,16.488086712550306
2025-05-02 00:00:00+05:30,17.72,17.99,17.63,17.7,55835375,17.796666666666667,17.835,17.758333333333333,0.004307922831991084,19.83962971037955,-1,17.6348,18.745966882257466,16.52363311774253
2025-05-05 00:00:00+05:30,17.7,17.84,17.51,17.73,49326496,17.77333333333333,17.81,17.73666666666666,0.004126031507877216,19.83962971037955,-1,17.6468,18.75533734272949,16.538262657270508
2025-05-06 00:00:00+05:30,19.24,19.44,17.88,17.93,480714088,17.69333333333333,17.675,17.711666666666662,0.0020723436322529244,19.83962971037955,-1,17.6828,18.767065945340764,16.598534054659236
2025-05-07 00:00:00+05:30,17.87,18.38,17.73,18.27,140782313,18.416666666666668,18.66,18.173333333333336,0.026425339366515723,19.83962971037955,-1,17.7352,18.801139885840477,16.66926011415952
2025-05-08 00:00:00+05:30,18.35,18.81,18.15,18.23,157515725,18.126666666666665,18.055,18.19833333333333,0.007907318867230465,19.83962971037955,-1,17.774,18.838541215841616,16.709458784158386
2025-05-09 00:00:00+05:30,17.8,20.37,17.77,20.02,728005767,18.396666666666665,18.479999999999997,18.313333333333333,0.009059612248595632,14.385467738528476,1,17.8996,19.222245591315122,16.576954408684877
2025-05-12 00:00:00+05:30,21.7,21.7,20.3,20.41,527532441,19.386666666666667,19.07,19.703333333333333,0.03266850068775788,16.032449028987337,1,18.0228,19.649177766764264,16.396422233235736
2025-05-13 00:00:00+05:30,20.5,21.39,20.26,20.87,285354139,20.80333333333333,21.0,20.606666666666662,0.0189072264060249,16.032449028987337,1,18.1616,20.111735831224298,16.211464168775702
2025-05-14 00:00:00+05:30,21.29,21.29,20.69,20.96,201882995,20.840000000000003,20.825000000000003,20.855000000000004,0.0014395393474088834,16.032449028987337,1,18.282,20.51602059082379,16.04797940917621
2025-05-15 00:00:00+05:30,21.1,21.7,20.96,21.51,264756782,20.98,20.990000000000002,20.97,0.0009532888465206448,16.27495458411014,1,18.4548,20.97428642390158,15.935313576098416
2025-05-16 00:00:00+05:30,21.5,21.95,21.25,21.55,193427371,21.39,21.33,21.450000000000003,0.005610098176718305,16.551156400745736,1,18.6428,21.349683196634846,15.935916803365158
2025-05-19 00:00:00+05:30,21.56,21.68,21.15,21.2,146527941,21.583333333333332,21.6,21.566666666666663,0.001544401544401786,16.551156400745736,1,18.804000000000002,21.618692878490265,15.989307121509741
2025-05-20 00:00:00+05:30,21.24,21.4,20.78,20.82,116009986,21.343333333333334,21.415,21.27166666666667,0.006715602061533541,16.551156400745736,1,18.9504,21.7884640162307,16.112335983769295
2025-05-21 00:00:00+05:30,20.83,21.1,20.63,20.98,103111472,21.0,21.09,20.91,0.008571428571428558,16.551156400745736,1,19.1036,21.949857219617243,16.257342780382757
2025-05-22 00:00:00+05:30,20.99,21.24,20.78,20.97,84194525,20.903333333333336,20.865000000000002,20.94166666666667,0.003667676606601881,16.551156400745736,1,19.2416,22.101863931916604,16.381336068083392
2025-05-23 00:00:00+05:30,20.98,21.23,20.87,21.15,84046831,20.996666666666666,21.009999999999998,20.983333333333334,0.0012700428639465184,16.551156400745736,1,19.372799999999998,22.27003465398003,16.475565346019966
2025-05-26 00:00:00+05:30,21.21,21.22,20.95,20.99,59611150,21.083333333333332,21.05,21.116666666666664,0.0031620553359682,16.551156400745736,1,19.488799999999998,22.40347086310317,16.574129136896826
2025-05-27 00:00:00+05:30,20.99,21.2,20.87,21.13,79024752,21.05333333333333,21.085,21.02166666666666,0.0030082330588983384,16.551156400745736,1,19.5812,22.551141790712812,16.611258209287186
2025-05-28 00:00:00+05:30,21.13,21.43,21.07,21.11,76178634,21.066666666666666,21.035,21.098333333333333,0.0030063291139240146,16.795358050804108,1,19.678,22.682987853589808,16.673012146410194
2025-05-29 00:00:00+05:30,21.21,21.36,21.09,21.31,76589813,21.203333333333333,21.25,21.156666666666666,0.00440182361263954,16.872943728771943,1,19.793599999999998,22.8184034911746,16.768796508825396
2025-05-30 00:00:00+05:30,21.34,21.65,21.02,21.48,156224502,21.253333333333334,21.225,21.281666666666666,0.002666248431618485,16.980625979621067,1,19.915599999999998,22.95655816482599,16.874641835174007
2025-06-02 00:00:00+05:30,21.4,23.39,21.35,23.28,556213846,21.383333333333336,21.335,21.431666666666672,0.0045206547155107295,17.618600940436224,1,20.136,23.31839155356808,16.953608446431918
2025-06-03 00:00:00+05:30,22.93,22.93,20.71,20.86,1425654994,22.673333333333336,22.37,22.97666666666667,0.026756836224639917,17.618600940436224,1,20.246799999999997,23.327806173350073,17.16579382664992
2025-06-04 00:00:00+05:30,21.1,21.36,20.74,21.14,246958946,21.5,21.82,21.18,0.029767441860465142,17.618600940436224,1,20.372799999999998,23.329460386351645,17.41613961364835
2025-06-05 00:00:00+05:30,21.29,21.29,20.89,20.93,117110247,21.08,21.049999999999997,21.11,0.0028462998102467872,17.618600940436224,1,20.501199999999997,23.257936157164995,17.744463842835
2025-06-06 00:00:00+05:30,20.95,21.08,20.78,20.85,112153888,21.036666666666665,21.09,20.98333333333333,0.0050705118047854126,17.618600940436224,1,20.6272,23.13719614346728,18.11720385653272
2025-06-09 00:00:00+05:30,20.97,21.12,20.95,21.02,79444934,20.903333333333332,20.93,20.876666666666665,0.002551427204592628,17.618600940436224,1,20.7588,22.97521382422606,18.54238617577394
2025-06-10 00:00:00+05:30,21.09,21.09,20.81,20.83,83741142,21.03,21.035,21.025000000000002,0.0004755111745125064,17.618600940436224,1,20.8748,22.766661474902477,18.982938525097524
2025-06-11 00:00:00+05:30,20.85,21.08,20.68,20.71,87551682,20.91,20.95,20.87,0.003825920612147216,17.618600940436224,1,20.972399999999997,22.540770160459576,19.404029839540417
2025-06-12 00:00:00+05:30,20.71,20.76,20.36,20.42,75498210,20.823333333333334,20.88,20.76666666666667,0.005442612453977736,17.618600940436224,1,21.06,22.18897829926879,19.931021700731208
2025-06-13 00:00:00+05:30,20.0,20.29,19.92,20.16,86716463,20.513333333333335,20.560000000000002,20.46666666666667,0.004549886252843697,17.618600940436224,1,21.0656,22.17510915283284,19.95609084716716
2025-06-16 00:00:00+05:30,20.2,20.42,19.87,20.24,127118891,20.123333333333335,20.105,20.14166666666667,0.0018220970680802805,17.618600940436224,1,21.0588,22.186237022728925,19.93136297727108
2025-06-17 00:00:00+05:30,20.24,20.34,19.81,19.94,106940351,20.176666666666666,20.145000000000003,20.20833333333333,0.00313893936890759,17.618600940436224,1,21.0216,22.2299665669903,19.8132334330097
2025-06-18 00:00:00+05:30,19.94,20.13,19.74,19.89,70942059,20.03,20.075,19.985000000000003,0.004493260109835063,17.618600940436224,1,20.9788,22.266083278932808,19.69151672106719
2025-06-19 00:00:00+05:30,19.89,19.95,19.32,19.41,121108336,19.919999999999998,19.935,19.904999999999998,0.0015060240963855993,17.618600940436224,1,20.8948,22.301038898701123,19.488561101298878
2025-06-20 00:00:00+05:30,19.41,19.82,19.4,19.73,137535775,19.56,19.634999999999998,19.485,0.007668711656441646,17.618600940436224,1,20.822,22.27275980100783,19.37124019899217
2025-06-23 00:00:00+05:30,19.72,19.96,19.62,19.88,84683129,19.650000000000002,19.61,19.690000000000005,0.0040712468193386964,17.618600940436224,1,20.7692,22.256704433680913,19.28169556631909
2025-06-24 00:00:00+05:30,20.06,20.17,19.94,19.97,111385760,19.819999999999997,19.79,19.849999999999994,0.0030272452068615123,17.618600940436224,1,20.7352,22.255011777892392,19.215388222107606
2025-06-25 00:00:00+05:30,19.97,20.28,19.97,20.23,102424811,20.026666666666667,20.055,19.998333333333335,0.0028295605858853962,17.618600940436224,1,20.7052,22.23408058402888,19.176319415971122
2025-06-26 00:00:00+05:30,20.26,20.31,20.02,20.08,89018955,20.16,20.125,20.195,0.0034722222222222363,17.618600940436224,1,20.6696,22.213532433826217,19.12566756617378
2025-06-27 00:00:00+05:30,20.1,20.49,20.1,20.18,105112009,20.136666666666667,20.165,20.108333333333334,0.0028141036252275218,17.618600940436224,1,20.6308,22.173243982846905,19.088356017153096
2025-06-30 00:00:00+05:30,20.22,20.6,20.21,20.34,96513607,20.256666666666668,20.295,20.218333333333334,0.003784762218199835,17.618600940436224,1,20.6048,22.144058211029154,19.065541788970847
2025-07-01 00:00:00+05:30,20.4,20.48,20.15,20.43,79199190,20.383333333333336,20.405,20.36166666666667,0.002125919869173971,17.618600940436224,1,20.576800000000002,22.102229460912802,19.051370539087202
2025-07-02 00:00:00+05:30,20.5,20.5,20.18,20.28,57391538,20.35333333333333,20.314999999999998,20.391666666666666,0.0037667867671143792,17.618600940436224,1,20.5436,22.057248625084693,19.02995137491531
2025-07-03 00:00:00+05:30,20.3,20.33,20.12,20.15,55964363,20.32,20.34,20.3,0.001968503937007832,17.618600940436224,1,20.497200000000003,21.98492599635177,19.009474003648236
2025-07-04 00:00:00+05:30,20.15,20.2,19.98,20.05,59748051,20.2,20.225,20.174999999999997,0.0024752475247526865,17.618600940436224,1,20.44,21.881421520659718,18.998578479340285
2025-07-07 00:00:00+05:30,20.05,20.19,19.98,20.0,49824401,20.076666666666668,20.09,20.063333333333336,0.001328241739996533,17.618600940436224,1,20.3088,21.174434010550186,19.443165989449817
2025-07-08 00:00:00+05:30,20.03,20.09,19.9,20.0,39857418,20.05666666666667,20.085,20.028333333333336,0.0028253282366626988,17.618600940436224,1,20.2744,21.117747235853216,19.431052764146784
2025-07-09 00:00:00+05:30,20.01,20.11,19.86,19.91,44640150,19.996666666666666,19.994999999999997,19.998333333333335,0.00016669444907504953,17.618600940436224,1,20.2252,21.00167655484332,19.44872344515668
2025-07-10 00:00:00+05:30,19.95,19.99,19.76,19.81,43768292,19.959999999999997,19.985,19.934999999999995,0.0025050100200402943,17.618600940436224,1,20.1804,20.91727947469137,19.443520525308628
2025-07-11 00:00:00+05:30,19.81,19.95,19.61,19.66,43213838,19.853333333333335,19.875,19.83166666666667,0.002182672934855412,17.618600940436224,1,20.1328,20.843799746991174,19.421800253008826
2025-07-14 00:00:00+05:30,19.66,20.06,19.55,19.99,81039620,19.74,19.78,19.699999999999996,0.004052684903749007,17.618600940436224,1,20.0916,20.70483222373061,19.47836777626939
2025-07-15 00:00:00+05:30,20.09,20.65,19.98,20.46,155046810,19.866666666666664,19.805,19.928333333333327,0.006208053691274887,17.618600940436224,1,20.076800000000002,20.63326656702952,19.520333432970485
2025-07-16 00:00:00+05:30,20.53,20.56,20.16,20.24,80436508,20.363333333333333,20.314999999999998,20.41166666666667,0.004747094450810499,17.618600940436224,1,20.058,20.556349275329712,19.559650724670288
2025-07-17 00:00:00+05:30,20.26,20.33,20.12,20.14,49121789,20.319999999999997,20.36,20.279999999999994,0.003937007874016014,17.618600940436224,1,20.046799999999998,20.52425056311797,19.569349436882025
2025-07-18 00:00:00+05:30,20.2,20.25,20.05,20.17,55784919,20.19666666666667,20.225,20.168333333333337,0.0028057435220332494,17.618600940436224,1,20.0472,20.52504583311113,19.56935416688887
2025-07-21 00:00:00+05:30,20.48,20.48,20.1,20.16,126790484,20.156666666666666,20.15,20.163333333333334,0.0006614850339012114,17.618600940436224,1,20.044,20.517691883212787,19.570308116787213
2025-07-22 00:00:00+05:30,20.24,20.28,19.95,19.99,56424796,20.246666666666666,20.29,20.203333333333333,0.004280540006585414,17.618600940436224,1,20.046,20.51833886164667,19.57366113835333
2025-07-23 00:00:00+05:30,20.0,20.05,19.81,19.9,48443347,20.073333333333334,20.115000000000002,20.031666666666666,0.004151444702756677,17.618600940436224,1,20.046400000000002,20.51822640899135,19.574573591008654
2025-07-24 00:00:00+05:30,19.99,20.08,19.43,20.01,94999548,19.919999999999998,19.93,19.909999999999997,0.0010040160642571852,17.618600940436224,1,20.0704,20.465023060934897,19.675776939065102
2025-07-25 00:00:00+05:30,19.95,19.99,19.58,19.6,76975220,19.84,19.755,19.925,0.00856854838709686,17.618600940436224,1,20.0652,20.48051173860323,19.64988826139677
2025-07-28 00:00:00+05:30,19.64,19.81,19.28,19.33,61286631,19.723333333333333,19.784999999999997,19.66166666666667,0.006253168835558277,17.618600940436224,1,20.0432,20.544740666568202,19.541659333431795
2025-07-29 00:00:00+05:30,19.34,19.54,19.31,19.4,56102137,19.473333333333333,19.545,19.401666666666664,0.007360492981855767,17.618600940436224,1,20.0204,20.58146983542311,19.459330164576887
2025-07-30 00:00:00+05:30,19.44,19.49,19.18,19.22,53521061,19.416666666666664,19.424999999999997,19.40833333333333,0.0008583690987123976,17.618600940436224,1,19.98,20.615408530177074,19.344591469822927
2025-07-31 00:00:00+05:30,19.1,19.12,18.84,18.92,93683521,19.296666666666667,19.335,19.258333333333333,0.003973052340646122,17.618600940436224,1,19.9336,20.69077115649097,19.176428843509026
2025-08-01 00:00:00+05:30,18.92,18.99,18.55,18.6,58206240,18.96,18.98,18.94,0.0021097046413501657,17.618600940436224,1,19.8704,20.782636460695354,18.958163539304646
2025-08-04 00:00:00+05:30,18.61,19.07,18.33,18.89,73368669,18.713333333333335,18.77,18.65666666666667,0.006056287851798881,17.618600940436224,1,19.8124,20.78050379620271,18.844296203797292
2025-08-05 00:00:00+05:30,18.8,18.99,18.76,18.86,39066603,18.763333333333332,18.7,18.826666666666664,0.006750755018653322,17.618600940436224,1,19.7496,20.752371838566585,18.746828161433417
2025-08-06 00:00:00+05:30,18.86,18.91,18.67,18.73,41705259,18.87,18.875,18.865000000000002,0.0005299417064121892,17.618600940436224,1,19.6876,20.741875561806456,18.633324438193544
2025-08-07 00:00:00+05:30,18.63,18.83,18.4,18.77,56249685,18.77,18.79,18.75,0.002131060202450674,17.618600940436224,1,19.6324,20.72776156597829,18.53703843402171
2025-08-08 00:00:00+05:30,18.8,18.85,18.5,18.54,35941372,18.666666666666668,18.615,18.718333333333337,0.005535714285714579,17.618600940436224,1,19.572,20.733144263312067,18.41085573668793
2025-08-11 00:00:00+05:30,18.54,18.81,18.45,18.77,37440382,18.63,18.675,18.584999999999997,0.004830917874396319,17.618600940436224,1,19.5228,20.711150386133067,18.334449613866934
2025-08-12 00:00:00+05:30,18.82,18.88,18.69,18.72,31306357,18.676666666666666,18.63,18.723333333333333,0.004997322862752117,17.618600940436224,1,19.4716,20.683364729732094,18.259835270267903
2025-08-13 00:00:00+05:30,18.77,18.87,18.65,18.83,37754923,18.763333333333332,18.785,18.741666666666664,0.0023094688221710724,17.618600940436224,1,19.4284,20.65151968352356,18.20528031647644
2025-08-14 00:00:00+05:30,18.83,18.88,18.72,18.78,31042904,18.78333333333333,18.759999999999998,18.806666666666665,0.0024844720496894515,17.618600940436224,1,19.3872,20.62542479389764,18.14897520610236
2025-08-18 00:00:00+05:30,18.91,19.18,18.88,19.09,48199185,18.793333333333333,18.799999999999997,18.78666666666667,0.0007094714437741209,17.618600940436224,1,19.3644,20.60268371556073,18.12611628443927
2025-08-19 00:00:00+05:30,19.12,19.39,19.03,19.35,46074068,19.05,19.03,19.07,0.0020997375328083543,17.618600940436224,1,19.3388,20.550467545254445,18.127132454745553
2025-08-20 00:00:00+05:30,19.34,19.43,19.32,19.36,40828150,19.256666666666668,19.21,19.303333333333335,0.0048468063008482104,17.618600940436224,1,19.2948,20.416999554545896,18.1726004454541
2025-08-21 00:00:00+05:30,19.38,19.7,19.33,19.43,49389309,19.37,19.375,19.365000000000002,0.0005162622612286014,17.618600940436224,1,19.2624,20.31838909095836,18.20641090904164
2025-08-22 00:00:00+05:30,19.43,19.46,19.25,19.28,38048028,19.486666666666668,19.515,19.458333333333336,0.0029079712624015494,17.618600940436224,1,19.227999999999998,20.221579387982217,18.23442061201778
2025-08-25 00:00:00+05:30,20.2,20.2,19.5,19.55,254721161,19.330000000000002,19.355,19.305000000000003,0.00258665287118454,17.618600940436224,1,19.2032,20.130211887854284,18.276188112145714
2025-08-26 00:00:00+05:30,19.49,19.5,18.9,18.95,148661489,19.75,19.85,19.65,0.010126582278481157,17.618600940436224,1,19.154799999999998,19.9996454534548,18.309954546545196
2025-08-28 00:00:00+05:30,19.0,19.03,18.65,18.68,68889791,19.116666666666664,19.2,19.033333333333328,0.008718395815170258,17.618600940436224,1,19.1024,19.894385454552882,18.310414545447117
2025-08-29 00:00:00+05:30,18.88,19.55,18.71,19.1,191492999,18.786666666666665,18.84,18.73333333333333,0.005677785663591331,17.618600940436224,1,19.0704,19.792452186634314,18.348347813365685
2025-09-01 00:00:00+05:30,19.2,19.64,19.07,19.55,78438721,19.12,19.130000000000003,19.11,0.0010460251046026739,17.618600940436224,1,19.052,19.69663322922684,18.40736677077316
2025-09-02 00:00:00+05:30,19.55,19.8,19.37,19.55,71824126,19.42,19.355,19.485000000000003,0.006694129763130924,17.618600940436224,1,19.05,19.68809717145857,18.411902828541432
2025-09-03 00:00:00+05:30,19.74,20.38,19.7,20.35,220584457,19.573333333333334,19.585,19.561666666666667,0.0011920980926430566,17.618600940436224,1,19.090799999999998,19.902197214823513,18.279402785176483
2025-09-04 00:00:00+05:30,20.49,20.54,20.25,20.29,99808514,20.143333333333334,20.04,20.24666666666667,0.010259804732748828,17.618600940436224,1,19.1264,20.058114634543912,18.19468536545609
2025-09-05 00:00:00+05:30,20.31,20.61,20.03,20.44,91388363,20.36,20.395,20.325,0.003438113948919464,17.618600940436224,1,19.1752,20.23974301943285,18.11065698056715
2025-09-08 00:00:00+05:30,20.51,20.53,20.14,20.18,50735550,20.36,20.32,20.4,0.003929273084479288,17.618600940436224,1,19.2256,20.354409355127395,18.096790644872605
2025-09-09 00:00:00+05:30,20.21,20.48,20.2,20.34,58152362,20.283333333333335,20.335,20.23166666666667,0.005094494658997455,17.618600940436224,1,19.2952,20.47457095106799,18.115829048932014
2025-09-10 00:00:00+05:30,20.46,20.93,20.42,20.77,131894977,20.34,20.34,20.34,0.0,17.618600940436224,1,19.3704,20.67041206156823,18.07038793843177
2025-09-11 00:00:00+05:30,20.88,21.14,20.75,20.98,113340991,20.706666666666667,20.675,20.738333333333333,0.0030585962652929445,17.847719637292325,1,19.4552,20.881424330259,18.028975669741
2025-09-12 00:00:00+05:30,21.05,21.08,20.75,20.86,70693606,20.956666666666667,20.945,20.968333333333334,0.0011134086209638983,17.849210851800635,1,19.540399999999998,21.035955869976974,18.044844130023023
2025-09-15 00:00:00+05:30,20.87,21.28,20.87,21.01,74452689,20.896666666666665,20.915,20.87833333333333,0.0017546658159197088,18.01424241772861,1,19.63,21.19689757170736,18.063102428292638
2025-09-16 00:00:00+05:30,21.01,21.09,20.84,21.01,58912746,21.053333333333338,21.075000000000003,21.031666666666673,0.002058264724508998,18.01424241772861,1,19.7288,21.31962690454438,18.13797309545562
2025-09-17 00:00:00+05:30,21.04,21.24,20.87,21.15,77272829,20.98,20.965,20.995,0.0014299332697807977,18.063405812178686,1,19.824,21.458184812137873,18.18981518786213
2025-09-18 00:00:00+05:30,21.3,21.31,20.94,21.07,78623637,21.086666666666666,21.055,21.118333333333332,0.0030034777110337927,18.14946957969154,1,19.918000000000003,21.55769753315114,18.278302466848867
2025-09-19 00:00:00+05:30,21.07,21.39,21.0,21.17,116051178,21.106666666666666,21.125,21.08833333333333,0.0017372078332281514,18.22929079650388,1,20.011599999999998,21.65931531528409,18.363884684715906
2025-09-22 00:00:00+05:30,21.24,21.63,21.18,21.21,111736439,21.186666666666667,21.195,21.178333333333335,0.000786658275645015,18.429119164643726,1,20.108800000000002,21.74105801888721,18.476541981112796
2025-09-23 00:00:00+05:30,21.2,21.45,21.1,21.38,82429015,21.340000000000003,21.405,21.275000000000006,0.006091846298031651,18.429119164643726,1,20.2004,21.850607065862167,18.55019293413783
2025-09-24 00:00:00+05:30,21.34,21.55,21.15,21.19,76509671,21.31,21.275,21.345,0.0032848427968090233,18.429119164643726,1,20.274,21.93004830854094,18.617951691459062
2025-09-25 00:00:00+05:30,21.19,21.57,21.16,21.35,117158717,21.296666666666667,21.35,21.243333333333332,0.0050086085459384476,18.429119164643726,1,20.3536,22.01755076856894,18.689649231431062
2025-09-26 00:00:00+05:30,21.35,21.4,20.9,20.97,85479445,21.360000000000003,21.365000000000002,21.355000000000004,0.00046816479400739745,18.429119164643726,1,20.4152,22.05161676849788,18.778783231502118
2025-09-29 00:00:00+05:30,21.02,21.34,21.01,21.04,69388119,21.09,21.15,21.03,0.005689900426742411,18.429119164643726,1,20.485599999999998,22.07125650763995,18.899943492360045
2025-09-30 00:00:00+05:30,21.07,21.47,21.07,21.25,92547790,21.13,21.175,21.084999999999997,0.0042593469001421394,18.429119164643726,1,20.553600000000003,22.118606121464328,18.988593878535678
2025-10-01 00:00:00+05:30,21.28,21.82,21.16,21.76,157063539,21.263333333333332,21.27,21.256666666666664,0.0006270575325287075,18.468520060511715,1,20.666,22.15600939601756,19.17599060398244
2025-10-03 00:00:00+05:30,21.76,21.97,21.68,21.85,108054972,21.580000000000002,21.490000000000002,21.67,0.008341056533827605,18.843179258091244,1,20.792800000000003,22.115313001909772,19.470286998090234
2025-10-06 00:00:00+05:30,21.9,22.19,21.78,21.93,103492711,21.833333333333332,21.825,21.841666666666665,0.0007633587786259108,19.007652087767596,1,20.906,22.108583884899588,19.70341611510041
2025-10-07 00:00:00+05:30,21.95,22.36,21.94,22.22,120108122,21.96666666666667,21.985,21.948333333333338,0.0016691957511378636,19.17134600425689,1,21.0128,22.188657406414567,19.83694259358543
2025-10-08 00:00:00+05:30,22.25,22.29,21.9,22.04,96892054,22.173333333333332,22.15,22.196666666666665,0.002104630186410111,19.17134600425689,1,21.1124,22.193795838821206,20.031004161178796
2025-10-09 00:00:00+05:30,22.05,22.47,22.01,22.42,113280531,22.076666666666664,22.095,22.05833333333333,0.0016608787558509217,19.261240477523152,1,21.1952,22.345227756282288,20.045172243717712
2025-10-10 00:00:00+05:30,22.45,24.3,22.42,24.0,551294320,22.3,22.240000000000002,22.36,0.005381165919282396,19.973990858422226,1,21.343600000000002,22.88050473361865,19.806695266381354
2025-10-13 00:00:00+05:30,24.2,24.29,23.82,24.03,251979906,23.573333333333334,23.36,23.78666666666667,0.018099547511312333,20.672831224085336,1,21.4872,23.304789788764,19.669610211236
2025-10-14 00:00:00+05:30,24.08,24.14,23.23,23.32,154381162,24.046666666666667,24.055,24.038333333333334,0.0006930967563071411,20.672831224085336,1,21.612799999999996,23.484855725724778,19.740744274275215
2025-10-15 00:00:00+05:30,23.35,23.47,23.21,23.32,91990161,23.563333333333333,23.685000000000002,23.441666666666663,0.010326778893761752,20.672831224085336,1,21.732,23.64377404528326,19.82022595471674
2025-10-16 00:00:00+05:30,23.47,23.47,23.08,23.12,80935243,23.333333333333332,23.34,23.326666666666664,0.0005714285714286608,20.672831224085336,1,21.826,23.770148142559755,19.881851857440246
2025-10-17 00:00:00+05:30,23.13,23.24,22.05,22.25,199136558,23.223333333333333,23.275,23.171666666666667,0.004449547868522968,20.672831224085336,1,21.8768,23.796080865381214,19.957519134618785
2025-10-20 00:00:00+05:30,22.5,22.96,22.14,22.64,174176913,22.513333333333332,22.645,22.381666666666664,0.011696772283091595,20.672831224085336,1,21.948,23.843029287430234,20.052970712569767
2025-10-21 00:00:00+05:30,22.79,22.9,22.68,22.75,25743458,22.580000000000002,22.55,22.610000000000003,0.0026572187776794627,20.672831224085336,1,22.017599999999998,23.897466208063275,20.13773379193672
2025-10-23 00:00:00+05:30,22.78,23.2,22.65,22.72,130607745,22.776666666666667,22.79,22.763333333333335,0.0011707888189666498,20.672831224085336,1,22.086,23.938479419647646,20.23352058035235
2025-10-24 00:00:00+05:30,22.75,22.88,22.47,22.67,90033037,22.856666666666666,22.924999999999997,22.788333333333334,0.005979291235233914,20.672831224085336,1,22.1468,23.971981371869102,20.321618628130896
2025-10-27 00:00:00+05:30,22.72,22.94,22.66,22.77,81275519,22.673333333333332,22.674999999999997,22.671666666666667,0.0001470155836517334,20.672831224085336,1,22.2148,24.000692449230318,20.428907550769683
2025-10-28 00:00:00+05:30,22.75,22.96,22.54,22.73,90650700,22.790000000000003,22.8,22.780000000000005,0.0008775778850371224,20.672831224085336,1,22.277199999999997,24.021232293341424,20.53316770665857
2025-10-29 00:00:00+05:30,22.76,22.94,22.66,22.69,56148847,22.743333333333336,22.75,22.73666666666667,0.0005862523816500796,20.672831224085336,1,22.336400000000005,24.031294734258637,20.641505265741372
2025-10-30 00:00:00+05:30,22.75,22.75,22.2,22.23,80860184,22.763333333333335,22.8,22.72666666666667,0.0032215551325229424,20.672831224085336,1,22.370400000000004,24.020704020542155,20.720095979457852
2025-10-31 00:00:00+05:30,22.27,23.22,22.27,22.74,210892173,22.393333333333334,22.475,22.311666666666667,0.007293837451622536,20.672831224085336,1,22.4324,24.0157663379703,20.8490336620297
2025-11-03 00:00:00+05:30,22.75,23.15,22.53,22.97,107152375,22.74333333333333,22.744999999999997,22.74166666666666,0.00014656309541275428,20.672831224085336,1,22.4972,24.029858031074564,20.964541968925435
2025-11-04 00:00:00+05:30,22.97,23.47,22.8,23.02,139505986,22.883333333333336,22.84,22.926666666666673,0.0037873270211219124,20.672831224085336,1,22.579199999999997,23.990830773331755,21.16756922666824
2025-11-06 00:00:00+05:30,23.02,23.1,22.61,22.63,78361962,23.096666666666664,23.134999999999998,23.05833333333333,0.003319382306249156,20.672831224085336,1,22.642799999999998,23.906869871572415,21.37873012842758
2025-11-07 00:00:00+05:30,22.5,22.94,22.3,22.85,84025519,22.78,22.855,22.705000000000002,0.006584723441615389,20.672831224085336,1,22.706799999999998,23.837275581433314,21.57632441856668
2025-11-10 00:00:00+05:30,22.9,23.05,22.7,22.74,48716934,22.69666666666667,22.62,22.773333333333337,0.006755764429431751,20.672831224085336,1,22.746,23.808344576969695,21.683655423030302
2025-11-11 00:00:00+05:30,22.74,22.75,22.39,22.63,53666213,22.83,22.875,22.784999999999997,0.003942181340341805,20.672831224085336,1,22.777199999999997,23.776391993671318,21.778008006328676
2025-11-12 00:00:00+05:30,22.71,22.9,22.67,22.75,62838364,22.59,22.57,22.61,0.0017706949977865935,20.672831224085336,1,22.81,23.747741968889528,21.87225803111047
2025-11-13 00:00:00+05:30,22.75,22.84,22.45,22.48,59377342,22.77333333333333,22.785,22.76166666666666,0.0010245901639347427,20.672831224085336,1,22.8204,23.737272597592924,21.903527402407075
2025-11-14 00:00:00+05:30,22.48,22.6,22.36,22.5,50842831,22.59,22.645,22.535,0.0048694112439132105,20.672831224085336,1,22.838800000000003,23.70959402858355,21.968005971416456
2025-11-17 00:00:00+05:30,22.58,23.33,22.58,23.16,156830924,22.486666666666668,22.48,22.493333333333336,0.0005929439667952305,20.672831224085336,1,22.868399999999998,23.730503103008395,22.0062968969916
2025-11-18 00:00:00+05:30,23.19,23.25,22.95,22.99,74216797,23.02333333333333,22.955,23.09166666666666,0.005936006949471399,20.672831224085336,1,22.827999999999996,23.558873450206516,22.097126549793476
2025-11-19 00:00:00+05:30,22.99,23.06,22.76,22.93,60590652,23.063333333333333,23.1,23.026666666666664,0.0031796502384739567,20.672831224085336,1,22.784000000000002,23.32891100210664,22.239088997893365
2025-11-20 00:00:00+05:30,23.02,23.05,22.58,22.63,64244668,22.916666666666668,22.91,22.923333333333336,0.0005818181818182728,20.672831224085336,1,22.756400000000003,23.258105252331397,22.25469474766861
2025-11-21 00:00:00+05:30,22.63,22.66,22.32,22.43,67259036,22.75333333333333,22.814999999999998,22.691666666666663,0.005420451215939124,20.672831224085336,1,22.7208,23.18216909326154,22.259430906738462
2025-11-24 00:00:00+05:30,22.43,22.48,22.16,22.2,139013154,22.47,22.490000000000002,22.449999999999996,0.0017801513128618716,20.672831224085336,1,22.684,23.158704118601307,22.209295881398695
2025-11-25 00:00:00+05:30,22.38,22.82,22.3,22.7,111959200,22.28,22.32,22.240000000000002,0.003590664272890408,20.672831224085336,1,22.701999999999998,23.142399818593294,22.261600181406703
2025-11-26 00:00:00+05:30,22.75,23.0,22.61,22.93,72030859,22.60666666666667,22.560000000000002,22.653333333333336,0.004128575641403732,20.672831224085336,1,22.7136,23.162059764323384,22.265140235676615
2025-11-27 00:00:00+05:30,22.93,23.19,22.64,22.84,65580085,22.846666666666664,22.805,22.88833333333333,0.0036475051065069423,20.672831224085336,1,22.717200000000002,23.168208470227537,22.266191529772467
2025-11-28 00:00:00+05:30,22.84,23.05,22.73,22.93,72031509,22.89,22.915,22.865000000000002,0.002184359982524996,20.672831224085336,1,22.7256,23.184261705636043,22.266938294363957
2025-12-01 00:00:00+05:30,22.94,23.1,22.38,22.45,79108039,22.903333333333336,22.89,22.91666666666667,0.001164313782564583,20.672831224085336,1,22.716800000000003,23.187670513216727,22.24592948678328
2025-12-02 00:00:00+05:30,22.59,22.93,22.42,22.71,140633299,22.643333333333334,22.740000000000002,22.546666666666667,0.008538201089356769,20.672831224085336,1,22.7144,23.18477278855923,22.244027211440773
2025-12-03 00:00:00+05:30,22.85,22.87,22.32,22.4,102870973,22.686666666666667,22.675,22.698333333333334,0.0010285042609462281,20.672831224085336,1,22.7012,23.18733808760167,22.21506191239833
2025-12-04 00:00:00+05:30,22.49,22.97,22.33,22.76,135564479,22.53,22.595,22.465000000000003,0.005770084332001573,20.672831224085336,1,22.703999999999997,23.190653881333542,22.217346118666452
2025-12-05 00:00:00+05:30,22.79,22.79,22.47,22.6,81360183,22.686666666666667,22.65,22.723333333333336,0.0032324419629740386,20.672831224085336,1,22.718799999999998,23.16795280274866,22.269647197251338
2025-12-08 00:00:00+05:30,22.63,22.69,21.8,21.9,92735902,22.62,22.63,22.610000000000003,0.0008841732979662255,20.672831224085336,1,22.685199999999995,23.23694254885502,22.13345745114497
2025-12-09 00:00:00+05:30,21.79,22.18,21.58,22.02,75695676,22.13,22.245,22.014999999999997,0.010393131495707366,20.672831224085336,1,22.6472,23.244246598028255,22.05015340197175
2025-12-10 00:00:00+05:30,22.03,22.19,21.67,21.72,59340201,21.926666666666666,21.88,21.973333333333333,0.004256612952265143,20.672831224085336,1,22.5952,23.2741431789312,21.916256821068796
2025-12-11 00:00:00+05:30,21.78,22.0,21.6,21.94,49809860,21.86,21.93,21.79,0.00640439158279966,20.672831224085336,1,22.567600000000002,23.293140460772012,21.842059539227993
2025-12-12 00:00:00+05:30,21.94,22.09,21.84,21.92,65886403,21.846666666666668,21.8,21.893333333333334,0.004272200183094311,20.672831224085336,1,22.5304,23.28882953543314,21.77197046456686
2025-12-15 00:00:00+05:30,21.87,21.95,21.7,21.76,42862660,21.95,21.965,21.935,0.0013667425968109858,20.672831224085336,1,22.4912,23.301756747067966,21.680643252932033
2025-12-16 00:00:00+05:30,21.7,21.8,21.33,21.5,58377894,21.80333333333333,21.825,21.781666666666663,0.0019874636905673395,20.672831224085336,1,22.445999999999998,23.342071425845887,21.54992857415411
2025-12-17 00:00:00+05:30,21.51,21.68,21.46,21.56,52042505,21.543333333333333,21.564999999999998,21.52166666666667,0.002011449791118495,20.672831224085336,1,22.398400000000002,23.34955390984718,21.447246090152824
2025-12-18 00:00:00+05:30,21.56,21.59,21.3,21.44,37324141,21.566666666666666,21.57,21.563333333333333,0.0003091190108192137,20.672831224085336,1,22.3568,23.37840219274317,21.33519780725683
2025-12-19 00:00:00+05:30,21.45,21.76,21.45,21.7,86903781,21.44333333333333,21.445,21.441666666666663,0.00015544846883277198,20.672831224085336,1,22.3248,23.376140021219452,21.273459978780547
2025-12-22 00:00:00+05:30,21.78,21.86,21.7,21.78,40151576,21.636666666666667,21.605,21.668333333333333,0.0029271298721306074,20.672831224085336,1,22.2696,23.284000000107365,21.255199999892636
2025-12-23 00:00:00+05:30,21.78,21.87,21.65,21.74,41573838,21.78,21.78,21.78,0.0,20.672831224085336,1,22.2196,23.20997738272737,21.22922261727263
2025-12-24 00:00:00+05:30,21.73,21.95,21.66,21.69,45436981,21.75333333333333,21.759999999999998,21.746666666666663,0.0006129328838493144,20.672831224085336,1,22.17,23.1370243017722,21.202975698227803
2025-12-26 00:00:00+05:30,21.67,21.73,21.47,21.52,37356486,21.766666666666666,21.805,21.72833333333333,0.0035222052067381926,20.672831224085336,1,22.1256,23.105903300115884,21.145296699884113
2025-12-29 00:00:00+05:30,21.52,21.59,21.31,21.36,50264490,21.573333333333334,21.6,21.546666666666667,0.0024721878862794143,20.672831224085336,1,22.082800000000002,23.09898140123611,21.066618598763895
2025-12-30 00:00:00+05:30,21.4,21.48,21.15,21.37,267083134,21.419999999999998,21.45,21.389999999999997,0.002801120448179378,20.672831224085336,1,22.0496,23.101888629710615,20.99731137028939
2025-12-31 00:00:00+05:30,21.4,21.78,21.39,21.6,64801196,21.333333333333332,21.314999999999998,21.351666666666667,0.0017187500000001021,20.672831224085336,1,22.005600000000005,23.037213571168163,20.973986428831846
2026-01-01 00:00:00+05:30,21.66,21.7,21.44,21.49,32482816,21.590000000000003,21.585,21.595000000000006,0.00046317739694326607,20.672831224085336,1,21.947999999999997,22.92614518360948,20.969854816390512
2026-01-02 00:00:00+05:30,21.5,22.34,21.48,22.29,114890325,21.543333333333333,21.57,21.516666666666666,0.0024756305121461193,20.672831224085336,1,21.926,22.84591303948714,21.006086960512857
2026-01-05 00:00:00+05:30,22.35,22.91,22.18,22.83,153037809,22.036666666666665,21.91,22.16333333333333,0.011495991529269263,20.672831224085336,1,21.921999999999997,22.82513232708085,21.018867672919143
2026-01-06 00:00:00+05:30,22.8,23.2,22.67,22.81,121289455,22.64,22.545,22.735,0.008392226148409794,20.672831224085336,1,21.9364,22.883173552766685,20.989626447233313
2026-01-07 00:00:00+05:30,22.89,23.57,22.72,23.5,188593277,22.893333333333334,22.935000000000002,22.851666666666667,0.0036400698893419786,20.672831224085336,1,21.968000000000004,23.057866046915123,20.878133953084884
2026-01-08 00:00:00+05:30,23.49,23.5,22.62,22.72,137071427,23.263333333333332,23.145,23.381666666666664,0.010173377274681098,20.672831224085336,1,21.980800000000002,23.097837797130595,20.86376220286941
2026-01-09 00:00:00+05:30,22.62,23.23,22.55,22.84,109751170,22.94666666666667,23.060000000000002,22.833333333333336,0.009877977919814056,20.672831224085336,1,21.983999999999995,23.110367613267687,20.857632386732302
2026-01-12 00:00:00+05:30,22.8,23.04,22.46,22.96,113760125,22.873333333333335,22.89,22.85666666666667,0.0014573010784027151,20.672831224085336,1,21.9984,23.1644076158492,20.8323923841508
2026-01-13 00:00:00+05:30,23.06,23.12,22.6,22.79,65671077,22.820000000000004,22.75,22.890000000000008,0.006134969325153709,20.672831224085336,1,22.033999999999995,23.239494089665417,20.828505910334574
2026-01-14 00:00:00+05:30,22.8,23.06,22.67,22.95,69741380,22.836666666666662,22.86,22.813333333333325,0.0020434972996646026,20.672831224085336,1,22.071199999999997,23.32893536175866,20.813464638241335
2026-01-16 00:00:00+05:30,23.0,23.67,23.0,23.46,171164616,22.893333333333334,22.865000000000002,22.921666666666667,0.0024752475247523963,20.672831224085336,1,22.140800000000002,23.501457723388977,20.780142276611027
2026-01-19 00:00:00+05:30,23.99,23.99,22.66,22.76,195595177,23.376666666666665,23.335,23.41833333333333,0.003564808213317921,20.672831224085336,1,22.1736,23.552722967765384,20.794477032234617
2026-01-20 00:00:00+05:30,22.65,22.69,21.61,21.7,165413896,23.136666666666667,23.325,22.948333333333334,0.016280074917158844,20.672831224085336,1,22.1648,23.55306072487052,20.77653927512948
2026-01-21 00:00:00+05:30,21.68,22.02,21.51,21.66,133777591,22.0,22.15,21.85,0.013636363636363507,20.672831224085336,1,22.160800000000005,23.55426956917546,20.76733043082455
2026-01-22 00:00:00+05:30,21.89,22.05,21.55,21.63,93938702,21.73,21.765,21.695,0.0032213529682466767,20.672831224085336,1,22.166000000000004,23.550508577155817,20.78149142284419
2026-01-23 00:00:00+05:30,21.73,21.76,20.8,20.92,120490912,21.743333333333336,21.8,21.68666666666667,0.005212325617047204,20.672831224085336,1,22.1404,23.590878321181695,20.689921678818305
2026-01-27 00:00:00+05:30,21.0,21.18,20.68,21.02,111906765,21.16,21.28,21.04,0.01134215500945189,20.672831224085336,1,22.1236,23.61528232550302,20.63191767449698
2026-01-28 00:00:00+05:30,21.2,21.55,21.18,21.48,87803981,20.959999999999997,20.93,20.989999999999995,0.002862595419847098,20.672831224085336,1,22.1148,23.618918293292822,20.610681706707176
2026-01-29 00:00:00+05:30,21.48,21.55,21.02,21.31,262833336,21.403333333333336,21.365000000000002,21.44166666666667,0.0035819965737424694,20.672831224085336,1,22.096,23.62787989092427,20.56412010907573
2026-01-30 00:00:00+05:30,21.15,21.48,21.02,21.41,81922208,21.293333333333333,21.285,21.301666666666666,0.0007827175954915022,20.672831224085336,1,22.082800000000002,23.632308515697215,20.53329148430279
2026-02-01 00:00:00+05:30,21.45,21.56,20.9,21.14,57297614,21.30333333333333,21.25,21.356666666666662,0.005007041151619248,20.672831224085336,1,22.0608,23.647171154622466,20.474428845377535
2026-02-02 00:00:00+05:30,21.18,21.35,20.81,21.19,76912343,21.2,21.229999999999997,21.17,0.002830188679245055,20.672831224085336,1,22.0476,23.657074746685463,20.438125253314535
2026-02-03 00:00:00+05:30,21.99,21.99,21.25,21.31,92631268,21.116666666666664,21.08,21.15333333333333,0.0034727703235989233,20.672831224085336,1,22.0456,23.658607923172806,20.432592076827195
2026-02-04 00:00:00+05:30,21.31,21.63,21.26,21.55,101189935,21.516666666666666,21.619999999999997,21.413333333333334,0.009604957397366233,20.672831224085336,1,22.052799999999998,23.655253319200977,20.45034668079902
2026-02-05 00:00:00+05:30,21.59,21.65,21.2,21.38,79887065,21.48,21.445,21.515,0.0032588454376164004,20.672831224085336,1,22.044,23.658672722324326,20.429327277675675
2026-02-06 00:00:00+05:30,21.36,21.43,21.07,21.29,63575388,21.409999999999997,21.424999999999997,21.394999999999996,0.001401214385801081,20.672831224085336,1,22.036000000000005,23.663503609894086,20.408496390105924
2026-02-09 00:00:00+05:30,21.39,21.64,21.3,21.56,66727230,21.263333333333332,21.25,21.276666666666664,0.001254115065057081,20.672831224085336,1,22.0068,23.641207244299387,20.37239275570061
2026-02-10 00:00:00+05:30,21.6,21.6,21.34,21.4,54079341,21.5,21.47,21.53,0.0027906976744187105,20.672831224085336,1,21.9496,23.564743139235166,20.334456860764835
2026-02-11 00:00:00+05:30,21.49,21.49,21.22,21.32,51470737,21.44666666666667,21.47,21.42333333333334,0.0021759403170652663,20.672831224085336,1,21.89,23.48356706800139,20.296432931998613
2026-02-12 00:00:00+05:30,21.3,21.32,21.0,21.1,80095498,21.343333333333334,21.354999999999997,21.33166666666667,0.0010932375449004992,20.672831224085336,1,21.794,23.273091613193287,20.314908386806714
2026-02-13 00:00:00+05:30,21.03,21.07,20.71,20.86,59208817,21.14,21.16,21.12,0.0018921475875117856,20.672831224085336,1,21.719599999999996,23.191996468421074,20.24720353157892
2026-02-16 00:00:00+05:30,20.76,20.99,20.7,20.96,46684058,20.88,20.89,20.869999999999997,0.000957854406130418,20.672831224085336,1,21.6444,23.071565918952313,20.21723408104769
2026-02-17 00:00:00+05:30,20.88,21.17,20.88,21.08,52974883,20.883333333333333,20.845,20.921666666666667,0.003671189146049545,20.672831224085336,1,21.569200000000002,22.906443971838776,20.23195602816123
2026-02-18 00:00:00+05:30,21.09,21.26,21.08,21.24,39086908,21.043333333333333,21.025,21.061666666666667,0.0017424362426739512,20.672831224085336,1,21.5072,22.75288400496244,20.261515995037563
2026-02-19 00:00:00+05:30,21.24,21.33,20.83,20.96,40678406,21.19333333333333,21.17,21.21666666666666,0.002201950298835786,20.672831224085336,1,21.427599999999998,22.541702760170445,20.31349723982955
2026-02-20 00:00:00+05:30,20.96,21.12,20.84,21.04,45942123,21.04,21.08,21.0,0.003802281368821212,20.672831224085336,1,21.3308,22.083712637840268,20.577887362159732
2026-02-23 00:00:00+05:30,21.06,21.14,20.75,20.89,51401565,21.0,20.98,21.02,0.0019047619047618642,20.672831224085336,1,21.256,21.754766478644797,20.757233521355204
2026-02-24 00:00:00+05:30,20.89,21.01,20.61,20.82,81564930,20.926666666666666,20.945,20.90833333333333,0.0017521503663588173,20.672831224085336,1,21.2208,21.713431140123927,20.728168859876074
2026-02-25 00:00:00+05:30,20.8,20.94,20.57,20.72,66907423,20.813333333333336,20.810000000000002,20.81666666666667,0.0003203074951954376,20.672831224085336,1,21.183200000000003,21.67948121082696,20.686918789173045
2026-02-26 00:00:00+05:30,20.75,21.24,20.75,21.04,214470676,20.743333333333336,20.755000000000003,20.73166666666667,0.0011248593925759325,20.672831224085336,1,21.1596,21.62371998472369,20.695480015276313
2026-02-27 00:00:00+05:30,21.01,21.01,20.65,20.72,98977180,21.009999999999998,20.994999999999997,21.025,0.0014278914802475554,20.672831224085336,1,21.1516,21.638309112530195,20.664890887469802
2026-03-02 00:00:00+05:30,19.93,20.52,19.91,20.18,141054900,20.793333333333333,20.83,20.756666666666668,0.003526771401089961,23.532850040441367,-1,21.118000000000002,21.734960290634653,20.50103970936535
2026-03-04 00:00:00+05:30,19.87,20.23,19.84,20.01,108973379,20.203333333333333,20.215,20.191666666666666,0.0011549249298795626,23.329336038823712,-1,21.0592,21.79558946232283,20.32281053767717
2026-03-05 00:00:00+05:30,20.04,20.27,19.91,20.23,70853056,20.026666666666667,20.035,20.018333333333334,0.000832223701730978,23.329336038823712,-1,21.016,21.81271324842768,20.219286751572316
2026-03-06 00:00:00+05:30,20.2,20.5,20.07,20.12,61593487,20.136666666666667,20.09,20.183333333333334,0.004634994206257261,23.329336038823712,-1,20.9644,21.81746187361779,20.11133812638221
2026-03-09 00:00:00+05:30,19.89,19.89,19.3,19.65,106887032,20.23,20.285,20.175,0.005437469105289147,22.947698969644733,-1,20.9048,21.897269566395067,19.912330433604936
2026-03-10 00:00:00+05:30,19.86,20.04,19.73,19.91,78217318,19.613333333333333,19.595,19.631666666666668,0.0018694765465670723,22.947698969644733,-1,20.853599999999997,21.91182311457485,19.795376885425142
2026-03-11 00:00:00+05:30,19.91,20.04,19.48,19.53,69922613,19.89333333333333,19.884999999999998,19.901666666666664,0.000837801608579041,22.947698969644733,-1,20.7824,21.94280379188481,19.62199620811519
2026-03-12 00:00:00+05:30,19.45,19.52,19.02,19.31,87147333,19.683333333333334,19.759999999999998,19.60666666666667,0.007790008467400282,22.630220195607606,-1,20.692800000000002,21.944608547750345,19.44099145224966
2026-03-13 00:00:00+05:30,19.22,19.25,18.75,18.8,94002650,19.28333333333333,19.27,19.296666666666663,0.0013828867761450508,22.3826113877833,-1,20.5896,22.01160399444623,19.167596005553772
2026-03-16 00:00:00+05:30,18.61,18.84,18.19,18.54,125321996,18.933333333333334,19.0,18.866666666666667,0.007042253521126736,21.94430693227197,-1,20.4796,22.081893156766654,18.87730684323335
2026-03-17 00:00:00+05:30,18.55,18.73,18.45,18.64,88004499,18.523333333333333,18.515,18.531666666666666,0.0008997660608241346,21.94430693227197,-1,20.3628,22.056161343665753,18.669438656334247
2026-03-18 00:00:00+05:30,18.73,18.97,18.66,18.94,65772319,18.606666666666666,18.59,18.62333333333333,0.001791472590469264,21.94430693227197,-1,20.264400000000002,21.99081668209667,18.537983317903333
2026-03-19 00:00:00+05:30,18.56,18.74,18.28,18.39,73345327,18.856666666666666,18.814999999999998,18.898333333333333,0.004419303517765726,21.88978873803057,-1,20.147199999999998,21.96638240982643,18.328017590173566
2026-03-20 00:00:00+05:30,18.53,18.99,18.51,18.58,102980717,18.47,18.509999999999998,18.43,0.004331348132106026,21.88978873803057,-1,20.046400000000002,21.921635494603844,18.17116450539616
2026-03-23 00:00:00+05:30,18.49,18.49,17.56,17.65,135553006,18.69333333333333,18.75,18.636666666666663,0.006062767475035851,21.586693300968975,-1,19.918,21.982821541979444,17.853178458020555
2026-03-24 00:00:00+05:30,18.14,18.18,17.86,18.07,96268443,17.9,18.025,17.775,0.013966480446927375,21.586693300968975,-1,19.8024,21.943130940642146,17.661669059357852
2026-03-25 00:00:00+05:30,18.22,18.58,18.2,18.47,89076218,18.036666666666665,18.02,18.05333333333333,0.0018480872297171377,21.586693300968975,-1,19.698,21.83388763754623,17.56211236245377
2026-03-27 00:00:00+05:30,18.47,18.47,17.96,18.12,234486177,18.416666666666668,18.39,18.443333333333335,0.0028959276018100215,21.586693300968975,-1,19.5732,21.69868513055798,17.44771486944202
2026-03-30 00:00:00+05:30,17.95,17.96,17.2,17.25,174192183,18.183333333333334,18.215,18.151666666666667,0.003483043079743313,21.26269925535304,-1,19.4248,21.657610748859693,17.19198925114031
2026-04-01 00:00:00+05:30,17.66,18.1,17.63,17.91,98191539,17.47,17.58,17.36,0.012593016599885454,21.26269925535304,-1,19.2996,21.50696570604502,17.092234293954984
2026-04-02 00:00:00+05:30,17.7,17.94,17.3,17.87,98125615,17.88,17.865000000000002,17.894999999999996,0.0016778523489929548,21.26269925535304,-1,19.1788,21.355125858005614,17.002474141994384
2026-04-06 00:00:00+05:30,17.93,18.19,17.68,18.15,111004079,17.703333333333333,17.62,17.786666666666665,0.00941442289587635,21.26269925535304,-1,19.072,21.176555059917437,16.96744494008256
2026-04-07 00:00:00+05:30,18.12,18.22,17.92,18.13,59342949,18.006666666666668,17.935000000000002,18.078333333333333,0.00796001480932974,21.26269925535304,-1,18.968400000000003,20.99167797403726,16.945122025962746
2026-04-08 00:00:00+05:30,18.88,19.1,18.68,19.04,117741157,18.09,18.07,18.11,0.002211166390270821,21.26269925535304,-1,18.8884,20.72748394594278,17.049316054057222
2026-04-09 00:00:00+05:30,19.0,19.2,18.84,18.93,82910223,18.94,18.89,18.990000000000002,0.005279831045406622,21.26269925535304,-1,18.8168,20.497644740071078,17.135955259928924
2026-04-10 00:00:00+05:30,19.0,19.2,19.0,19.08,82318770,18.99,19.02,18.959999999999997,0.0031595576619274503,21.26269925535304,-1,18.7728,20.363789830333527,17.181810169666473
2026-04-13 00:00:00+05:30,18.7,18.98,18.45,18.88,69070156,19.093333333333334,19.1,19.086666666666666,0.0006983240223464779,21.26269925535304,-1,18.7276,20.23756985407815,17.21763014592185
2026-04-15 00:00:00+05:30,19.2,19.43,19.15,19.36,67248757,18.77,18.715,18.825,0.005860415556739448,21.26269925535304,-1,18.6928,20.099214106948896,17.2863858930511
2026-04-16 00:00:00+05:30,19.54,20.12,19.37,19.95,161480178,19.313333333333333,19.29,19.336666666666666,0.0024162927166033925,21.26269925535304,-1,18.686,20.06614492000836,17.30585507999164
2026-04-17 00:00:00+05:30,20.07,20.44,19.82,20.19,130228329,19.813333333333333,19.745,19.881666666666664,0.006897711978465503,21.26269925535304,-1,18.7076,20.162305798512136,17.252894201487862
2026-04-20 00:00:00+05:30,20.64,20.71,19.79,19.84,379799755,20.150000000000002,20.130000000000003,20.17,0.001985111662530975,21.26269925535304,-1,18.7048,20.1504790239278,17.259120976072197
2026-04-21 00:00:00+05:30,19.98,19.98,19.72,19.77,96821013,20.113333333333333,20.25,19.976666666666667,0.013589658601259534,21.26269925535304,-1,18.7144,20.184845701216073,17.24395429878393
2026-04-22 00:00:00+05:30,19.77,20.12,19.67,19.99,100201392,19.823333333333334,19.85,19.796666666666667,0.0026904321506642623,21.26269925535304,-1,18.741600000000002,20.278752484376476,17.204447515623528
2026-04-23 00:00:00+05:30,19.94,20.09,19.86,20.03,86860205,19.926666666666666,19.895000000000003,19.95833333333333,0.0031783205085308868,21.26269925535304,-1,18.7908,20.408886969301918,17.172713030698084
2026-04-24 00:00:00+05:30,20.03,20.15,19.77,19.84,67059790,19.993333333333336,19.975,20.01166666666667,0.0018339446482161807,21.26269925535304,-1,18.8428,20.508169820857983,17.177430179142018
2026-04-27 00:00:00+05:30,19.85,20.11,19.85,19.94,55466486,19.92,19.96,19.880000000000003,0.004016064257028026,21.26269925535304,-1,18.8948,20.611970882651008,17.177629117348992
2026-04-28 00:00:00+05:30,19.9,20.04,19.88,19.97,70300767,19.96666666666667,19.98,19.953333333333337,0.0013355592654422568,21.26269925535304,-1,18.936,20.704199083877253,17.167800916122747
2026-04-29 00:00:00+05:30,20.04,20.55,19.98,20.27,127592848,19.963333333333335,19.96,19.96666666666667,0.00033394556687265194,21.26269925535304,-1,19.011200000000002,20.839023361330142,17.183376638669863
2026-04-30 00:00:00+05:30,20.25,20.25,19.86,19.93,68337795,20.266666666666666,20.265,20.26833333333333,0.00016447368421037675,21.26269925535304,-1,19.0652,20.918466262635807,17.211933737364195
2026-05-04 00:00:00+05:30,19.99,20.25,19.87,19.96,64921421,20.013333333333332,20.055,19.971666666666664,0.004163890739507114,21.26269925535304,-1,19.1576,20.948718354610854,17.366481645389143
2026-05-05 00:00:00+05:30,19.98,20.94,19.76,20.48,162940686,20.026666666666667,20.060000000000002,19.993333333333332,0.0033288948069242668,21.26269925535304,-1,19.254,21.059954595282978,17.448045404717025
2026-05-06 00:00:00+05:30,20.89,22.2,20.81,22.13,388730945,20.393333333333334,20.35,20.436666666666667,0.004249754821837169,17.49746891743824,1,19.4004,21.49821204120469,17.30258795879531
2026-05-07 00:00:00+05:30,22.04,22.69,22.01,22.51,232834764,21.713333333333335,21.505,21.92166666666667,0.019189438133251677,18.312370160740713,1,19.576,21.9344537307785,17.2175462692215
2026-05-08 00:00:00+05:30,22.47,23.05,22.04,22.94,202807789,22.403333333333336,22.35,22.45666666666667,0.004761196250558062,18.386075354311085,1,19.8036,22.313598438290857,17.293601561709142
2026-05-11 00:00:00+05:30,22.61,23.18,22.47,22.7,191211937,22.676666666666666,22.545,22.80833333333333,0.011612523886520431,18.63363234013864,1,19.9952,22.62613060345995,17.364269396540053
2026-05-12 00:00:00+05:30,22.67,22.93,21.98,22.06,161320225,22.78333333333333,22.825,22.741666666666664,0.0036576444769569443,18.63363234013864,1,20.1628,22.76451955449118,17.56108044550882
2026-05-13 00:00:00+05:30,22.05,22.55,21.92,22.11,112430701,22.323333333333334,22.455,22.19166666666667,0.01179632671345356,18.63363234013864,1,20.321199999999997,22.895499563030967,17.746900436969028
2026-05-14 00:00:00+05:30,22.31,22.45,21.88,22.19,96816399,22.19333333333333,22.235,22.151666666666664,0.003754881345749581,18.63363234013864,1,20.483599999999996,22.99598774081969,17.9712122591803
2026-05-15 00:00:00+05:30,22.28,22.44,21.98,22.07,107821837,22.173333333333332,22.165,22.181666666666665,0.0007516536380035653,18.63363234013864,1,20.6048,23.119270886731606,18.090329113268396
2026-05-18 00:00:00+05:30,21.95,21.95,21.32,21.81,98238752,22.163333333333338,22.21,22.116666666666674,0.0042111595728677965,18.63363234013864,1,20.72,23.180302420480167,18.25969757951983
2026-05-19 00:00:00+05:30,21.84,22.13,21.72,21.97,68781455,21.69333333333333,21.634999999999998,21.751666666666665,0.005377996312231122,18.63363234013864,1,20.8356,23.24792223391079,18.42327776608921
2026-05-20 00:00:00+05:30,21.8,22.05,21.6,22.0,62736095,21.939999999999998,21.924999999999997,21.955,0.0013673655423883837,18.63363234013864,1,20.9604,23.27600604598884,18.64479395401116
2026-05-21 00:00:00+05:30,22.17,22.34,20.93,21.57,130253122,21.883333333333336,21.825000000000003,21.94166666666667,0.005331302361005352,18.63363234013864,1,21.0488,23.28048685980356,18.81711314019644
2026-05-22 00:00:00+05:30,21.6,21.97,21.42,21.87,87040517,21.613333333333333,21.634999999999998,21.59166666666667,0.002004935225169469,18.63363234013864,1,21.1256,23.332759840206347,18.91844015979365
2026-05-25 00:00:00+05:30,22.14,22.4,22.01,22.29,69502731,21.753333333333334,21.695,21.811666666666667,0.005363162733680683,18.63363234013864,1,21.209600000000002,23.427754043392735,18.99144595660727
2026-05-26 00:00:00+05:30,22.35,22.9,22.2,22.83,122217274,22.23333333333333,22.205,22.261666666666663,0.0025487256371813285,18.63363234013864,1,21.3292,23.56145747623774,19.09694252376226
2026-05-27 00:00:00+05:30,22.82,22.97,22.72,22.76,83642012,22.64333333333333,22.549999999999997,22.736666666666665,0.00824378036213753,18.63363234013864,1,21.448800000000002,23.654322668262342,19.243277331737662
2026-05-29 00:00:00+05:30,22.8,23.55,22.8,23.15,313761828,22.816666666666666,22.845,22.788333333333334,0.002483564645726729,18.849337534763556,1,21.5752,23.793978907466617,19.35642109253338
2026-06-01 00:00:00+05:30,23.28,23.77,22.92,23.01,141975429,23.166666666666668,23.175,23.158333333333335,0.0007194244604316137,18.95436403337301,1,21.6944,23.888370501218855,19.50042949878115
2026-06-02 00:00:00+05:30,22.92,23.02,22.47,22.83,165063885,23.233333333333334,23.345,23.12166666666667,0.009612625538019906,18.95436403337301,1,21.814,23.91457515938332,19.713424840616682
2026-06-03 00:00:00+05:30,22.81,23.03,22.2,22.93,111470651,22.77333333333333,22.744999999999997,22.801666666666662,0.002488290398126385,18.95436403337301,1,21.933600000000002,23.93174217717809,19.935457822821913
2026-06-04 00:00:00+05:30,22.7,23.02,22.67,22.77,77191326,22.72,22.615000000000002,22.824999999999996,0.009242957746478599,18.95436403337301,1,22.0456,23.899625501501465,20.191574498498536
2026-06-05 00:00:00+05:30,22.82,23.4,22.72,23.3,148106091,22.819999999999997,22.845,22.794999999999995,0.002191060473269249,18.95436403337301,1,22.166800000000002,23.934842714477654,20.39875728552235
2026-06-08 00:00:00+05:30,22.94,23.55,22.92,23.0,117743530,23.14,23.06,23.220000000000002,0.006914433880726175,18.95436403337301,1,22.2896,23.831095170351578,20.748104829648423
2026-06-09 00:00:00+05:30,23.06,23.53,23.06,23.37,100528684,23.156666666666666,23.235,23.078333333333333,0.006765510292212449,18.955319191428902,1,22.426,23.698880198689942,21.153119801310055
2026-06-10 00:00:00+05:30,23.4,23.52,22.52,22.6,97611104,23.320000000000004,23.295,23.345000000000006,0.0021440823327617607,18.955319191428902,1,22.5108,23.505987138289463,21.515612861710537
2026-06-11 00:00:00+05:30,22.5,22.77,22.18,22.22,93036362,22.88,23.02,22.74,0.012237762237762288,18.955319191428902,1,22.514400000000002,23.504690139412062,21.52410986058794
2026-06-12 00:00:00+05:30,22.85,23.05,22.43,23.02,87273100,22.39,22.475,22.305,0.007592675301473948,18.955319191428902,1,22.5348,23.544704866914067,21.524895133085934
2026-06-15 00:00:00+05:30,23.3,24.0,23.25,23.78,161580507,22.833333333333332,22.740000000000002,22.926666666666662,0.008175182481751548,19.041628633742118,1,22.5684,23.680697514254458,21.456102485745543
2026-06-16 00:00:00+05:30,23.76,24.49,23.45,23.89,219386959,23.676666666666666,23.625,23.72833333333333,0.004364353090243491,19.278763488392432,1,22.616,23.84271594112759,21.38928405887241
2026-06-17 00:00:00+05:30,23.9,25.46,23.9,25.11,394351584,23.94333333333333,23.97,23.916666666666664,0.0022274815536684352,19.736812948856734,1,22.738000000000003,24.284298806898686,21.19170119310132
2026-06-18 00:00:00+05:30,25.24,25.78,25.1,25.48,232600629,24.823333333333334,24.68,24.96666666666667,0.011548274472942212,20.504140430902467,1,22.872799999999998,24.73243024287518,21.013169757124817
2026-06-19 00:00:00+05:30,25.43,25.6,25.25,25.41,132491220,25.453333333333333,25.44,25.466666666666665,0.001047668936615914,20.58857481366637,1,23.001600000000003,25.086606896922824,20.916593103077183
2026-06-22 00:00:00+05:30,25.5,25.56,24.93,24.96,142168889,25.42,25.425,25.415000000000003,0.0003933910306844221,20.58857481366637,1,23.117199999999997,25.300910750125915,20.93348924987408
2026-06-23 00:00:00+05:30,24.96,25.05,24.5,24.55,89225251,25.149999999999995,25.244999999999997,25.054999999999993,0.007554671968191049,20.58857481366637,1,23.226799999999997,25.412116233458043,21.04148376654195
2026-06-24 00:00:00+05:30,24.55,25.07,24.55,24.94,117169271,24.7,24.775,24.625,0.006072874493927068,20.58857481366637,1,23.3456,25.567318830143684,21.12388116985632
2026-06-25 00:00:00+05:30,25.06,25.15,24.77,24.87,86623878,24.853333333333335,24.810000000000002,24.89666666666667,0.003487124463519286,20.58857481366637,1,23.4604,25.688722992794084,21.232077007205916
2026-06-29 00:00:00+05:30,24.87,25.38,24.82,25.09,183936840,24.930000000000003,24.96,24.900000000000006,0.0024067388688325374,20.58857481366637,1,23.6012,25.7781800734537,21.424219926546296
2026-06-30 00:00:00+05:30,25.25,25.34,24.1,24.18,160293573,25.096666666666668,25.1,25.093333333333334,0.00026563952716168314,20.58857481366637,1,23.6936,25.76221406748922,21.62498593251078
2026-07-01 00:00:00+05:30,24.25,24.65,24.07,24.58,93513120,24.540000000000003,24.72,24.360000000000007,0.014669926650366434,20.58857481366637,1,23.7852,25.799176127021894,21.771223872978105
2026-07-02 00:00:00+05:30,24.6,24.66,24.15,24.25,57142326,24.433333333333334,24.36,24.506666666666668,0.006002728512960503,20.58857481366637,1,23.842,25.824870646364502,21.859129353635495
2026-07-03 00:00:00+05:30,24.38,24.61,24.15,24.39,86012503,24.353333333333335,24.405,24.30166666666667,0.004243087872981045,20.58857481366637,1,23.9072,25.850265783810176,21.964134216189823
2026-07-06 00:00:00+05:30,24.64,24.79,24.19,24.26,73317092,24.383333333333336,24.38,24.386666666666674,0.00027341079972692333,20.58857481366637,1,23.9516,25.87404577562379,22.029154224376207
2026-07-07 00:00:00+05:30,24.26,24.3,23.86,24.01,61965545,24.413333333333338,24.490000000000002,24.336666666666673,0.00628072091753122,20.58857481366637,1,23.9916,25.87523631314903,22.107963686850965
2026-07-08 00:00:00+05:30,23.88,24.05,23.32,23.42,83807507,24.05666666666667,24.08,24.03333333333334,0.001939864209505047,20.58857481366637,1,24.0152,25.854287773928593,22.176112226071407
2026-07-09 00:00:00+05:30,23.42,23.8,23.42,23.64,52193951,23.596666666666668,23.685000000000002,23.508333333333333,0.007486933182653034,20.58857481366637,1,24.0436,25.83611671127875,22.251083288721254
2026-07-10 00:00:00+05:30,23.9,24.03,23.8,23.94,44492915,23.62,23.61,23.630000000000003,0.0008467400508045354,20.58857481366637,1,24.0904,25.806949842041725,22.373850157958273
2026-07-13 00:00:00+05:30,23.8,23.93,23.6,23.78,51935772,23.923333333333332,23.915,23.931666666666665,0.0006966699177929102,20.58857481366637,1,24.1096,25.800909362657652,22.41829063734235
2026-07-14 00:00:00+05:30,23.75,23.85,23.5,23.61,61791520,23.77,23.765,23.775,0.00042069835927631514,20.58857481366637,1,24.134,25.777498707092093,22.490501292907908
2026-07-15 00:00:00+05:30,23.69,23.82,23.52,23.6,44964825,23.653333333333336,23.675,23.63166666666667,0.00183201803833129,20.58857481366637,1,24.143199999999997,25.771998035427767,22.514401964572226
2026-07-16 00:00:00+05:30,23.8,23.87,23.58,23.75,53414170,23.646666666666665,23.67,23.623333333333328,0.0019734987313225526,20.58857481366637,1,24.1892,25.701886828201154,22.676513171798845
2026-07-17 00:00:00+05:30,23.75,23.75,23.21,23.61,75453831,23.733333333333334,23.725,23.741666666666667,0.000702247191011196,20.58857481366637,1,24.2448,25.552122393372482,22.93747760662752
2026-07-20 00:00:00+05:30,23.65,23.65,22.71,22.93,133383727,23.52333333333333,23.48,23.56666666666666,0.0036842851069856415,20.58857481366637,1,24.241200000000003,25.562415440499077,22.91998455950093
2026-07-21 00:00:00+05:30,22.95,23.31,22.95,23.14,76817417,23.096666666666664,23.18,23.01333333333333,0.007216048491846071,20.58857481366637,1,24.2156,25.595084889447218,22.83611511055278
2026-07-22 00:00:00+05:30,23.16,23.75,23.0,23.24,167363949,23.133333333333336,23.13,23.136666666666674,0.000288184438040698,20.58857481366637,1,24.1896,25.61634432194884,22.762855678051157
2026-07-23 00:00:00+05:30,23.2,23.2,22.83,22.93,58895018,23.33,23.375,23.284999999999997,0.003857693956279615,20.58857481366637,1,24.1024,25.559622344123724,22.645177655876275
2026-07-24 00:00:00+05:30,22.82,23.02,22.64,22.95,53804519,22.986666666666668,23.015,22.958333333333336,0.0024651972157771836,20.58857481366637,1,24.001199999999997,25.41235918315888,22.590040816841114
2026-07-27 00:00:00+05:30,23.05,23.18,22.9,22.94,47752439,22.87,22.83,22.910000000000004,0.0034980323567995364,20.58857481366637,1,23.902399999999997,25.24960190031555,22.555198099684443
2026-07-28 00:00:00+05:30,22.94,22.98,22.76,22.81,71668089,23.006666666666664,23.04,22.97333333333333,0.00289771080846146,20.58857481366637,1,23.8164,25.157049156272443,22.47575084372756
2026-07-29 00:00:00+05:30,22.87,23.0,22.75,22.84,45390757,22.849999999999998,22.87,22.829999999999995,0.0017505470459521337,20.58857481366637,1,23.748,25.10632838452789,22.38967161547211
2026-07-30 00:00:00+05:30,22.84,22.88,22.46,22.54,56345653,22.863333333333333,22.875,22.851666666666667,0.0010205569324974527,20.58857481366637,1,23.652,24.998972902553852,22.30502709744615
2026-07-31 00:00:00+05:30,22.54,22.85,22.48,22.77,37775562,22.626666666666665,22.67,22.58333333333333,0.003830288744844127,20.58857481366637,1,23.568,24.861528507693016,22.274471492306986
2026-08-03 00:00:00+05:30,22.8,23.0,22.75,23.0,35072952,22.7,22.665,22.735,0.003083700440528647,20.58857481366637,1,23.4844,24.63602605051062,22.332773949489383
2026-08-04 00:00:00+05:30,23.0,23.01,22.78,23.0,41667544,22.916666666666668,22.875,22.958333333333336,0.0036363636363637396,20.58857481366637,1,23.437199999999997,24.567446274143283,22.30695372585671
2026-08-05 00:00:00+05:30,23.0,23.15,22.82,22.97,69932112,22.930000000000003,22.895000000000003,22.965000000000003,0.0030527692978630735,20.58857481366637,1,23.3728,24.415312657100582,22.33028734289942
2026-08-06 00:00:00+05:30,22.97,23.06,22.68,22.68,37986003,22.98,22.985,22.975,0.0004351610095734556,20.58857481366637,1,23.31,24.322292447968987,22.29770755203101
2026-08-07 00:00:00+05:30,22.68,22.8,22.63,22.69,25521116,22.80666666666666,22.869999999999997,22.743333333333325,0.005553931598947922,20.58857481366637,1,23.242000000000004,24.180679924263426,22.303320075736583
2026-08-10 00:00:00+05:30,22.69,22.75,22.53,22.75,37889332,22.706666666666667,22.715,22.698333333333334,0.0007339988256018372,20.58857481366637,1,23.181600000000003,24.041510321030813,22.321689678969193
2026-08-11 00:00:00+05:30,22.75,22.79,22.58,22.75,31365174,22.676666666666666,22.64,22.71333333333333,0.00323386741143601,20.58857481366637,1,23.131200000000003,23.93698548027091,22.325414519729097
2026-08-12 00:00:00+05:30,22.75,22.98,22.62,22.98,68269921,22.706666666666667,22.685,22.728333333333335,0.0019083969465650272,20.58857481366637,1,23.1136,23.91257694598496,22.314623054015044
2026-08-13 00:00:00+05:30,22.97,23.04,22.81,22.98,37644646,22.86,22.8,22.919999999999998,0.005249343832020885,20.58857481366637,1,23.0872,23.85797664742486,22.31642335257514
2026-08-14 00:00:00+05:30,22.98,23.0,22.67,22.67,38939042,22.94333333333333,22.924999999999997,22.961666666666666,0.0015981403457795518,20.58857481366637,1,23.036400000000004,23.740147227501193,22.332652772498815
2026-08-17 00:00:00+05:30,22.67,23.02,22.45,22.92,58204418,22.78,22.835,22.725,0.004828797190517973,20.58857481366637,1,23.002,23.637786127731392,22.366213872268606
2026-08-18 00:00:00+05:30,22.9,22.97,22.45,22.46,49817232,22.796666666666667,22.735,22.858333333333334,0.005410147682409775,20.58857481366637,1,22.956,23.57536741940126,22.33663258059874
2026-08-19 00:00:00+05:30,22.5,22.77,22.42,22.74,49505267,22.626666666666665,22.71,22.54333333333333,0.007365939893930675,20.58857481366637,1,22.9216,23.48727637410082,22.355923625899184
2026-08-20 00:00:00+05:30,22.8,22.96,22.73,22.74,34376881,22.64333333333333,22.595,22.691666666666663,0.004269100544678228,20.58857481366637,1,22.881200000000003,23.33829762657001,22.424102373429996
2026-08-21 00:00:00+05:30,22.74,22.87,22.63,22.8,33859169,22.81,22.845,22.775,0.003068829460762836,20.58857481366637,1,22.8488,23.196377675082857,22.501222324917144
2026-08-24 00:00:00+05:30,22.8,22.86,22.51,22.6,41025996,22.766666666666666,22.75,22.78333333333333,0.0014641288433381305,20.58857481366637,1,22.8356,23.194713575649867,22.47648642435013
2026-08-25 00:00:00+05:30,22.6,22.67,22.42,22.5,64264051,22.656666666666666,22.685000000000002,22.62833333333333,0.0025011034279831677,20.58857481366637,1,22.81,23.16991110043466,22.450088899565337
2026-08-26 00:00:00+05:30,22.6,22.8,22.34,22.38,53612306,22.53,22.545,22.515,0.0013315579227696909,20.58857481366637,1,22.7756,23.128874058226987,22.422325941773014
2026-08-27 00:00:00+05:30,22.4,22.55,22.25,22.26,40844488,22.506666666666664,22.57,22.443333333333328,0.005627962085308306,20.58857481366637,1,22.748800000000003,23.14961197613872,22.347988023861287
2026-08-28 00:00:00+05:30,22.31,22.36,22.01,22.1,63531708,22.353333333333335,22.4,22.306666666666672,0.0041753653444673395,20.58857481366637,1,22.7148,23.180525069344885,22.249074930655116
2026-08-31 00:00:00+05:30,22.07,22.83,21.98,22.83,102020136,22.156666666666666,22.185000000000002,22.12833333333333,0.0025575447570334877,20.58857481366637,1,22.7104,23.169563761871846,22.251236238128154
2026-09-01 00:00:00+05:30,22.51,22.52,21.94,22.1,63872649,22.546666666666667,22.405,22.688333333333333,0.012566528681253611,20.58857481366637,1,22.682,23.19739499436487,22.166605005635127
2026-09-02 00:00:00+05:30,22.0,22.15,21.82,22.15,44781892,22.186666666666667,22.23,22.143333333333334,0.00390624999999997,20.58857481366637,1,22.654399999999995,23.20564818386678,22.10315181613321
2026-09-03 00:00:00+05:30,22.15,22.54,22.11,22.54,57376675,22.040000000000003,21.985,22.095000000000006,0.004990925589836956,20.58857481366637,1,22.6544,23.205648183866785,22.103151816133213
2026-09-04 00:00:00+05:30,22.47,22.62,22.44,22.5,31739702,22.396666666666665,22.325,22.46833333333333,0.006399761869325683,20.58857481366637,1,22.643600000000003,23.1959442406837,22.091255759316304
2026-09-07 00:00:00+05:30,22.44,22.59,22.28,22.42,33364009,22.52,22.53,22.509999999999998,0.0008880994671404585,20.58857481366637,1,22.6204,23.159480105565493,22.081319894434507
2026-09-08 00:00:00+05:30,22.44,22.57,22.38,22.52,38612501,22.430000000000003,22.435000000000002,22.425000000000004,0.0004458314757020958,20.58857481366637,1,22.6012,23.11858790111148,22.08381209888852
2026-09-09 00:00:00+05:30,22.45,22.58,22.37,22.42,38540281,22.49,22.475,22.504999999999995,0.0013339261894172536,20.58857481366637,1,22.5792,23.07844486999527,22.07995513000473
2026-09-10 00:00:00+05:30,22.4,22.48,22.24,22.3,47990386,22.456666666666667,22.475,22.438333333333333,0.001632774231854038,20.58857481366637,1,22.564,23.073085454728993,22.054914545271007
2026-09-11 00:00:00+05:30,22.23,23.95,22.07,23.48,234792571,22.34,22.36,22.32,0.0017905102954341606,20.58857481366637,1,22.5956,23.217598842616734,21.973601157383268
2026-09-15 00:00:00+05:30,23.68,23.9,22.99,23.07,95413759,23.166666666666668,23.009999999999998,23.323333333333338,0.013525179856115382,20.58857481366637,1,22.608399999999996,23.25525528537419,21.961544714625802
2026-09-16 00:00:00+05:30,23.58,24.1,23.26,23.4,205410106,23.320000000000004,23.445,23.195000000000007,0.010720411663807584,20.58857481366637,1,22.6344,23.350479995682377,21.91832000431762
2026-09-17 00:00:00+05:30,23.32,23.38,22.91,23.13,69914036,23.586666666666662,23.68,23.493333333333325,0.007914075749011075,20.58857481366637,1,22.6404,23.370342025243417,21.910457974756582
2026-09-18 00:00:00+05:30,23.2,23.38,22.72,22.72,73563796,23.14,23.145,23.135,0.00043215211754529,20.58857481366637,1,22.63,23.34759598676169,21.91240401323831
2026-09-21 00:00:00+05:30,22.95,23.28,22.93,23.17,52755958,22.939999999999998,23.049999999999997,22.83,0.009590235396686962,20.58857481366637,1,22.65,23.398160410751892,21.901839589248105
2026-09-22 00:00:00+05:30,23.17,23.29,23.04,23.2,36775729,23.126666666666665,23.105,23.14833333333333,0.0018737388296337324,20.58857481366637,1,22.661199999999997,23.4331962695612,21.889203730438794
2026-09-23 00:00:00+05:30,23.2,23.38,23.17,23.24,46135166,23.176666666666666,23.165,23.188333333333333,0.0010067596720839966,20.58857481366637,1,22.6924,23.491905447271215,21.892894552728784
2026-09-24 00:00:00+05:30,23.08,23.08,22.38,22.44,102237435,23.263333333333332,23.275,23.251666666666665,0.0010030090270812479,20.58857481366637,1,22.6804,23.485672227396655,21.875127772603342
2026-09-25 00:00:00+05:30,22.48,22.58,22.35,22.5,30426808,22.63333333333333,22.729999999999997,22.53666666666666,0.00854197349042718,20.58857481366637,1,22.6708,23.4787192040151,21.8628807959849
2026-09-28 00:00:00+05:30,22.38,22.38,21.11,21.18,122415681,22.47666666666667,22.465,22.48833333333334,0.0010381135992884709,20.58857481366637,1,22.605999999999998,23.60041641188012,21.611583588119878
2026-09-29 00:00:00+05:30,21.18,21.33,20.71,20.71,137347987,21.55666666666666,21.744999999999997,21.368333333333325,0.017473326117210718,20.58857481366637,1,22.5304,23.771837618334764,21.288962381665236
2026-09-30 00:00:00+05:30,20.98,21.4,20.85,20.95,94081938,20.916666666666668,21.02,20.813333333333336,0.009880478087649247,20.58857481366637,1,22.468400000000003,23.85594090397971,21.080859096020294
2026-10-01 00:00:00+05:30,20.95,21.17,20.51,20.75,80611659,21.066666666666666,21.125,21.008333333333333,0.005537974683544326,20.58857481366637,1,22.403200000000002,23.945756008777952,20.86064399122205
2026-10-05 00:00:00+05:30,21.05,21.23,20.91,21.06,61113748,20.810000000000002,20.840000000000003,20.78,0.002883229216722838,20.58857481366637,1,22.3552,23.984817083924032,20.725582916075968
